f_1,f_2,f_3,f_4,f_5,f_6,f_7,f_1_min,f_2_min,f_3_min,f_4_min,f_5_min,f_6_min,f_7_min
0.2784638515047431,0.1128795576907198,0.1170581275607931,0.12578544775003575,0.6118806086340245,1.8043218114374218,0.8487915153284415,0.2784638515047431,0.1128795576907198,0.1170581275607931,0.12578544775003575,0.6118806086340245,1.8043218114374218,0.8487915153284415
0.1744710759463805,0.08678386257503644,0.09696199204409311,0.2573056363587324,0.6649639184274616,1.498503711670235,0.3066734184557082,0.1744710759463805,0.08678386257503644,0.09696199204409311,0.2573056363587324,0.6649639184274616,1.498503711670235,0.3066734184557082
0.2807066084841762,0.10610466935694939,0.11332628582609115,0.12113790663626114,0.5904907496081151,1.8065701174207789,1.000591584686398,0.2807066084841762,0.10610466935694939,0.11332628582609115,0.12113790663626114,0.5904907496081151,1.8065701174207789,1.000591584686398
0.15062324762254178,0.3293170909873636,0.1505425241784645,0.41033932245182925,0.24952908388298356,1.4917361024681177,1.1778015291496564,0.15062324762254178,0.3293170909873636,0.1505425241784645,0.41033932245182925,0.24952908388298356,1.4917361024681177,1.1778015291496564
0.10677738087338999,0.2763518748322105,0.11448979104943771,0.12330149446963201,0.6235166677604401,1.817215388405379,0.854550519355829,0.10677738087338999,0.2763518748322105,0.11448979104943771,0.12330149446963201,0.6235166677604401,1.817215388405379,0.854550519355829
0.056714057653570606,0.10034543087352628,0.05645792342209563,0.25965337674632794,0.5919312257395493,1.3467560504025355,0.8548101584587731,0.056714057653570606,0.10034543087352628,0.05645792342209563,0.25965337674632794,0.5919312257395493,1.3467560504025355,0.8548101584587731
0.25520504597892457,0.11191438130661743,0.11858360331864112,0.13795827854357595,0.5785594076374722,1.5699831799792443,0.9525862323307384,0.25520504597892457,0.11191438130661743,0.11858360331864112,0.13795827854357595,0.5785594076374722,1.5699831799792443,0.9525862323307384
0.1875746042585609,0.09797709323732008,0.10058848294138867,0.25419881720066845,0.6503276008906075,1.3855152334236474,0.8420933807318989,0.1875746042585609,0.09797709323732008,0.10058848294138867,0.25419881720066845,0.6503276008906075,1.3855152334236474,0.8420933807318989
0.11364089759944242,0.3157633266516799,0.12085608715688065,0.1283696873194646,0.5723215846415846,1.9053018505187085,1.0330951724514068,0.11364089759944242,0.3157633266516799,0.12085608715688065,0.1283696873194646,0.5723215846415846,1.9053018505187085,1.0330951724514068
0.15002559900224174,0.08022164148536795,0.07932581395871507,0.21528375840450514,0.607520890026576,1.4400863310496292,0.8471958330559899,0.15002559900224174,0.08022164148536795,0.07932581395871507,0.21528375840450514,0.607520890026576,1.4400863310496292,0.8471958330559899
0.05853003032080335,0.11898591253709007,0.06498852791103923,0.2985750624530076,0.6803403986903506,1.5471769759932457,0.09022250044564688,0.05853003032080335,0.11898591253709007,0.06498852791103923,0.2985750624530076,0.6803403986903506,1.5471769759932457,0.09022250044564688
0.12548676176740295,0.3159279334129277,0.1351487518733944,0.351799372503265,0.4603323537141671,1.7244187322774551,0.9337861420584787,0.12548676176740295,0.3159279334129277,0.1351487518733944,0.351799372503265,0.4603323537141671,1.7244187322774551,0.9337861420584787
0.10401560144516668,0.1825758623931408,0.10013714113120321,0.2310105648191877,0.6853887291628628,1.594243985812294,0.008107710337364033,0.10401560144516668,0.1825758623931408,0.10013714113120321,0.2310105648191877,0.6853887291628628,1.594243985812294,0.008107710337364033
0.1503525619957344,0.3741407946345857,0.1421115667401644,0.15732650970148426,0.4593372156496399,1.8367462902125447,1.2596087171417973,0.1503525619957344,0.3741407946345857,0.1421115667401644,0.15732650970148426,0.4593372156496399,1.8367462902125447,1.2596087171417973
0.08010460777441,0.17651504112926672,0.08677880718427596,0.20349506708983522,0.62511422634632,1.5432468313947005,0.7892319176593339,0.08010460777441,0.17651504112926672,0.08677880718427596,0.20349506708983522,0.62511422634632,1.5432468313947005,0.7892319176593339
0.09983993449743077,0.19452097183173475,0.10581605913249519,0.22421200219800133,0.6834858798037018,1.5695380579729123,0.003930647103739038,0.09983993449743077,0.19452097183173475,0.10581605913249519,0.22421200219800133,0.6834858798037018,1.5695380579729123,0.003930647103739038
0.23283834186434096,0.09723477294299622,0.10532641529593882,0.11397479461116979,0.7106577535927185,1.833366749419367,0.027462809354787822,0.23283834186434096,0.09723477294299622,0.10532641529593882,0.11397479461116979,0.7106577535927185,1.833366749419367,0.027462809354787822
0.42514339451237004,0.1932422486565676,0.1924297143674982,0.2238468647079565,0.24066684144287126,1.4578857649555985,1.2447251341184704,0.42514339451237004,0.1932422486565676,0.1924297143674982,0.2238468647079565,0.24066684144287126,1.4578857649555985,1.2447251341184704
0.15282265131293352,0.38570303592683286,0.1393619092246086,0.18827450140994992,0.46605282762111805,1.9820674011738475,1.225080895969547,0.15282265131293352,0.38570303592683286,0.1393619092246086,0.18827450140994992,0.46605282762111805,1.9820674011738475,1.225080895969547
0.051229115166194966,0.10277896106015823,0.050995662624456276,0.2831060710462053,0.6978677257968301,1.7182211087063022,0.0023327000417307916,0.051229115166194966,0.10277896106015823,0.050995662624456276,0.2831060710462053,0.6978677257968301,1.7182211087063022,0.0023327000417307916
0.2263979218951565,0.6617534731626709,0.24001108907346594,0.25285783091443176,0.27595988240592795,2.2329565782100245,0.09446667525388108,0.2263979218951565,0.6617534731626709,0.24001108907346594,0.25285783091443176,0.27595988240592795,2.2329565782100245,0.09446667525388108
0.0969660937865991,0.17787385207283302,0.09069023594016984,0.22016789374890802,0.6953633047946532,1.7033812345032513,0.008567598937681296,0.0969660937865991,0.17787385207283302,0.09069023594016984,0.22016789374890802,0.6953633047946532,1.7033812345032513,0.008567598937681296
0.0917800255725363,0.18705229658942402,0.09882924715141114,0.2532685170714783,0.6786382752896838,1.6033136169016893,0.004000249796693604,0.0917800255725363,0.18705229658942402,0.09882924715141114,0.2532685170714783,0.6786382752896838,1.6033136169016893,0.004000249796693604
0.05852045746236459,0.10306313895635472,0.05869931887071603,0.2663570263509946,0.6004455850531232,1.3528454572068997,0.7986077298727591,0.05852045746236459,0.10306313895635472,0.05869931887071603,0.2663570263509946,0.6004455850531232,1.3528454572068997,0.7986077298727591
0.07949871954193538,0.12902809363926493,0.1014716823201253,0.29601695720942267,0.5643140179768787,1.070657194934491,0.6612998292519436,0.07949871954193538,0.12902809363926493,0.1014716823201253,0.29601695720942267,0.5643140179768787,1.070657194934491,0.6612998292519436
0.1549708045114436,0.3889799811680591,0.14248940613323968,0.15879942349003612,0.459782558383525,1.929241935885269,1.2596027090773794,0.1549708045114436,0.3889799811680591,0.14248940613323968,0.15879942349003612,0.459782558383525,1.929241935885269,1.2596027090773794
0.09699403114659517,0.18303929882471348,0.10184995512033426,0.24426622586661773,0.6798650780791838,1.5440341826267794,0.0006199433033354329,0.09699403114659517,0.18303929882471348,0.10184995512033426,0.24426622586661773,0.6798650780791838,1.5440341826267794,0.0006199433033354329
0.04388906977820307,0.09957234811174448,0.04800419312212051,0.2358790216876868,0.5995387064473725,1.4869079931116025,0.9701116297448141,0.04388906977820307,0.09957234811174448,0.04800419312212051,0.2358790216876868,0.5995387064473725,1.4869079931116025,0.9701116297448141
0.12834589999890597,0.33612804862793516,0.1364268829157536,0.14741093076641318,0.5890377155869639,1.8786386600381686,0.819962737852218,0.12834589999890597,0.33612804862793516,0.1364268829157536,0.14741093076641318,0.5890377155869639,1.8786386600381686,0.819962737852218
0.15196942387833118,0.08297787836390709,0.0829307352282615,0.21928247491307834,0.6036780335282564,1.3999120940331224,0.8271908278497061,0.15196942387833118,0.08297787836390709,0.0829307352282615,0.21928247491307834,0.6036780335282564,1.3999120940331224,0.8271908278497061
0.16785464709803222,0.07953081892172852,0.08804092525172831,0.24543395826852438,0.6756741725248501,1.577750533291745,0.3199109189777709,0.16785464709803222,0.07953081892172852,0.08804092525172831,0.24543395826852438,0.6756741725248501,1.577750533291745,0.3199109189777709
0.05862124387320329,0.10771467970939254,0.05628374926922245,0.28759973852583853,0.6921731925223092,1.6589639566230012,0.00035090156898236836,0.05862124387320329,0.10771467970939254,0.05628374926922245,0.28759973852583853,0.6921731925223092,1.6589639566230012,0.00035090156898236836
0.033993250600104045,0.08444435334974529,0.036592422354962,0.24412371414927592,0.6542861564115806,1.7083448646668586,0.899226843380478,0.033993250600104045,0.08444435334974529,0.036592422354962,0.24412371414927592,0.6542861564115806,1.7083448646668586,0.899226843380478
0.23443329490404358,0.1009624183359346,0.11007300762019435,0.11971291988590092,0.7027598259298267,1.7732904511695742,0.00699726197210635,0.23443329490404358,0.1009624183359346,0.11007300762019435,0.11971291988590092,0.7027598259298267,1.7732904511695742,0.00699726197210635
0.16988125252877098,0.08244899865497382,0.09168091817413508,0.24941595369317227,0.6716883760914906,1.5381040800641421,0.31327661375147414,0.16988125252877098,0.08244899865497382,0.09168091817413508,0.24941595369317227,0.6716883760914906,1.5381040800641421,0.31327661375147414
0.20234553791296475,0.0941018970412982,0.09933294605886474,0.12966630171333526,0.6212813949442313,1.507571628368752,0.8842024947286461,0.20234553791296475,0.0941018970412982,0.09933294605886474,0.12966630171333526,0.6212813949442313,1.507571628368752,0.8842024947286461
0.08963901449231083,0.05939376176629073,0.049038736353327596,0.25849463940443096,0.6233979574268989,1.5021309383521821,0.803134072005624,0.08963901449231083,0.05939376176629073,0.049038736353327596,0.25849463940443096,0.6233979574268989,1.5021309383521821,0.803134072005624
0.04173290042077936,0.0899399630236742,0.04270869010852601,0.24690751676400896,0.6249192413115136,1.5796481196593073,0.8783772474147836,0.04173290042077936,0.0899399630236742,0.04270869010852601,0.24690751676400896,0.6249192413115136,1.5796481196593073,0.8783772474147836
0.30610967604338224,0.1422528831304807,0.13340454927485232,0.1434177141296398,0.5685990797572162,1.7447427005588991,0.9144810416805199,0.30610967604338224,0.1422528831304807,0.13340454927485232,0.1434177141296398,0.5685990797572162,1.7447427005588991,0.9144810416805199
0.040609086600950105,0.09179737051776207,0.04437830524032249,0.24922238854854034,0.6183790583005094,1.5342846320077512,0.8798761896305514,0.040609086600950105,0.09179737051776207,0.04437830524032249,0.24922238854854034,0.6183790583005094,1.5342846320077512,0.8798761896305514
0.2730605248701542,0.1110918368719321,0.11997847907653564,0.34926118703313647,0.47075535325812445,1.6222594502554821,1.0276668760568268,0.2730605248701542,0.1110918368719321,0.11997847907653564,0.34926118703313647,0.47075535325812445,1.6222594502554821,1.0276668760568268
0.2192665142085424,0.0938725781185797,0.10221507832836517,0.11109534300131145,0.6173096401820553,1.5854568443789947,0.8918409067116359,0.2192665142085424,0.0938725781185797,0.10221507832836517,0.11109534300131145,0.6173096401820553,1.5854568443789947,0.8918409067116359
0.32098712703408167,0.19949261779772834,0.2112409932024052,0.27281467984321817,0.28915794315979865,1.0527047262725397,0.9663576131103742,0.32098712703408167,0.19949261779772834,0.2112409932024052,0.27281467984321817,0.28915794315979865,1.0527047262725397,0.9663576131103742
0.16667994180956536,0.09366828699865135,0.08834773583291715,0.2264547244066012,0.5955966872226051,1.4624882229877192,0.8634750246250417,0.16667994180956536,0.09366828699865135,0.08834773583291715,0.2264547244066012,0.5955966872226051,1.4624882229877192,0.8634750246250417
0.046394199191011856,0.09208017966537518,0.04251267817600053,0.2696460956594433,0.7077723089438993,1.8568159033994265,0.0007345479931844933,0.046394199191011856,0.09208017966537518,0.04251267817600053,0.2696460956594433,0.7077723089438993,1.8568159033994265,0.0007345479931844933
0.09979514241472338,0.04261816048230008,0.046366507689452184,0.2763222823062668,0.7035721441003807,1.7892275741654018,0.0024142138807432176,0.09979514241472338,0.04261816048230008,0.046366507689452184,0.2763222823062668,0.7035721441003807,1.7892275741654018,0.0024142138807432176
0.12483548821782266,0.29270147876341773,0.13383990816841776,0.14966647211458464,0.6682360589818566,1.8183895945532302,0.00047112497620673325,0.12483548821782266,0.29270147876341773,0.13383990816841776,0.14966647211458464,0.6682360589818566,1.8183895945532302,0.00047112497620673325
0.20275198832811636,0.09107014255641396,0.09983925281363067,0.24040382842765604,0.7592727554197202,1.509165989855298,0.6999220620422899,0.20275198832811636,0.09107014255641396,0.09983925281363067,0.24040382842765604,0.7592727554197202,1.509165989855298,0.6999220620422899
5.463167883802139e-18,8.984506344994469e-18,6.3739559362638114e-18,2.0284769253252266e-17,3.9133909477871966e-17,7.546341821975035e-17,1.4413053936320743,5.463167883802139e-18,8.984506344994469e-18,6.3739559362638114e-18,2.0284769253252266e-17,3.9133909477871966e-17,7.546341821975035e-17,1.4413053936320743
0.09155753506856797,0.17883217295338052,0.09493728554523809,0.23650862634510061,0.687440930180433,1.610532262428615,0.00033952411166377746,0.09155753506856797,0.17883217295338052,0.09493728554523809,0.23650862634510061,0.687440930180433,1.610532262428615,0.00033952411166377746
0.04972485502137684,0.0934795408854944,0.049110272992963555,0.251857623907099,0.5991952656758701,1.4175931895000196,0.9120222498689023,0.04972485502137684,0.0934795408854944,0.049110272992963555,0.251857623907099,0.5991952656758701,1.4175931895000196,0.9120222498689023
0.37358070285643463,0.14405708774889625,0.1543997739926795,0.16952503761334448,0.47100710155791875,1.690129970699743,1.1236765931341075,0.37358070285643463,0.14405708774889625,0.1543997739926795,0.16952503761334448,0.47100710155791875,1.690129970699743,1.1236765931341075
0.20211179074438126,0.09457459309751302,0.10161868011362392,0.2419634392477831,0.7537733754707587,1.4876751300084272,0.6914822960732975,0.20211179074438126,0.09457459309751302,0.10161868011362392,0.2419634392477831,0.7537733754707587,1.4876751300084272,0.6914822960732975
0.30060767330916627,0.10797569124843867,0.11475354771067034,0.3039870322870778,0.45891332223589315,1.8002744725296966,1.236187881716509,0.30060767330916627,0.10797569124843867,0.11475354771067034,0.3039870322870778,0.45891332223589315,1.8002744725296966,1.236187881716509
0.28121152706179303,0.118882943629381,0.12913218995338777,0.3638753414881958,0.5012162229716627,1.6573129670504352,0.7847157685379548,0.28121152706179303,0.118882943629381,0.12913218995338777,0.3638753414881958,0.5012162229716627,1.6573129670504352,0.7847157685379548
0.17597869286646634,0.08044831550588322,0.09177655780123703,0.19565444817525182,0.6345338434516274,1.493579486411541,0.7984656439514365,0.17597869286646634,0.08044831550588322,0.09177655780123703,0.19565444817525182,0.6345338434516274,1.493579486411541,0.7984656439514365
0.3362777775642762,0.1318176776952751,0.12998687682708054,0.1413928924596218,0.6098696930978882,2.0217493672649196,0.7601797421635388,0.3362777775642762,0.1318176776952751,0.12998687682708054,0.1413928924596218,0.6098696930978882,2.0217493672649196,0.7601797421635388
0.3135493701328847,0.11366778795288207,0.12581620665047621,0.3799087951939938,0.4488698421112758,1.8935384552291121,1.0537469403984001,0.3135493701328847,0.11366778795288207,0.12581620665047621,0.3799087951939938,0.4488698421112758,1.8935384552291121,1.0537469403984001
0.29728278002401937,0.11454626681950782,0.12277911915402336,0.29994121288144,0.4575660188175257,1.673632107921996,1.1590817336467159,0.29728278002401937,0.11454626681950782,0.12277911915402336,0.29994121288144,0.4575660188175257,1.673632107921996,1.1590817336467159
0.22618784349920937,0.09415387567466742,0.10203585915266525,0.12711775209399143,0.7069801953637254,1.8381040020009125,0.0024704347030657706,0.22618784349920937,0.09415387567466742,0.10203585915266525,0.12711775209399143,0.7069801953637254,1.8381040020009125,0.0024704347030657706
0.09089971513892599,0.17563259013206284,0.0953645963786308,0.19835404932060177,0.6084088411298125,1.4028094273984146,0.7949497686047368,0.09089971513892599,0.17563259013206284,0.0953645963786308,0.19835404932060177,0.6084088411298125,1.4028094273984146,0.7949497686047368
0.1781482189403778,0.10572426966870463,0.12164358456122813,0.4087570682647673,0.28490694256059845,0.942080353081603,0.9974561470523441,0.1781482189403778,0.10572426966870463,0.12164358456122813,0.4087570682647673,0.28490694256059845,0.942080353081603,0.9974561470523441
0.11071953286281726,0.2803833526330782,0.11905229545043569,0.12798646094157837,0.6073059314435724,1.772471441071109,0.8539281196550519,0.11071953286281726,0.2803833526330782,0.11905229545043569,0.12798646094157837,0.6073059314435724,1.772471441071109,0.8539281196550519
0.31282452925942145,0.12595673223347273,0.13588418929318563,0.36249774856612477,0.4758364621118895,1.7349381442033838,0.8425556566043786,0.31282452925942145,0.12595673223347273,0.13588418929318563,0.36249774856612477,0.4758364621118895,1.7349381442033838,0.8425556566043786
0.2106689325612577,0.09392858239673701,0.1028778775207223,0.12071692759319672,0.6278430372711038,1.5221634945854463,0.8469288273180541,0.2106689325612577,0.09392858239673701,0.1028778775207223,0.12071692759319672,0.6278430372711038,1.5221634945854463,0.8469288273180541
0.03847975393506741,0.09042782512443212,0.042049263256900574,0.25123634346851514,0.6413740774241891,1.599264732797022,0.8766171471642757,0.03847975393506741,0.09042782512443212,0.042049263256900574,0.25123634346851514,0.6413740774241891,1.599264732797022,0.8766171471642757
0.14881129934718784,0.429002693817643,0.15701680120469239,0.16969189987106942,0.4725994308543063,2.00889651741544,1.030025517137226,0.14881129934718784,0.429002693817643,0.15701680120469239,0.16969189987106942,0.4725994308543063,2.00889651741544,1.030025517137226
0.12423830018303939,0.3352706583537605,0.13249393560362938,0.14129815802273177,0.5846012620966273,1.920998519729415,0.8371391263944876,0.12423830018303939,0.3352706583537605,0.13249393560362938,0.14129815802273177,0.5846012620966273,1.920998519729415,0.8371391263944876
0.27087216830356947,0.12042462044218823,0.11510784266022525,0.12346557292352221,0.586274024277367,1.745919880160774,0.9945828152865337,0.27087216830356947,0.12042462044218823,0.11510784266022525,0.12346557292352221,0.586274024277367,1.745919880160774,0.9945828152865337
0.12187970226803381,0.06333752750284129,0.06174829288940667,0.3343880889824304,0.5696738090886447,1.5088081402544131,0.85322836768869,0.12187970226803381,0.06333752750284129,0.06174829288940667,0.3343880889824304,0.5696738090886447,1.5088081402544131,0.85322836768869
0.13428659078368996,0.3129977275706262,0.1257026085099825,0.3341192009063442,0.4459064161442554,1.799865210309468,1.119244901874489,0.13428659078368996,0.3129977275706262,0.1257026085099825,0.3341192009063442,0.4459064161442554,1.799865210309468,1.119244901874489
0.15945664875390306,0.3415502775229999,0.14631380841312422,0.16337967075135282,0.6302275055365744,1.9737624399843725,0.12804765160666676,0.15945664875390306,0.3415502775229999,0.14631380841312422,0.16337967075135282,0.6302275055365744,1.9737624399843725,0.12804765160666676
0.14758322564743934,0.2784875035031246,0.12485455285746697,0.35308130804558224,0.5058371901719021,1.7663542657713431,0.8489518785317811,0.14758322564743934,0.2784875035031246,0.12485455285746697,0.35308130804558224,0.5058371901719021,1.7663542657713431,0.8489518785317811
0.12321330507330637,0.260198646400267,0.131673555606485,0.329256756108051,0.48055942871938045,1.4527193175584676,0.9031071106022434,0.12321330507330637,0.260198646400267,0.131673555606485,0.329256756108051,0.48055942871938045,1.4527193175584676,0.9031071106022434
0.16033151934696593,0.43779264881175917,0.17070009731131597,0.18178886403929218,0.4551675836410138,1.9062487901761538,0.9439312969874557,0.16033151934696593,0.43779264881175917,0.17070009731131597,0.18178886403929218,0.4551675836410138,1.9062487901761538,0.9439312969874557
0.039926820816436115,0.09228727111736235,0.04312566128895111,0.25417788959239734,0.6144212097631344,1.5730565154782925,0.9154957097969546,0.039926820816436115,0.09228727111736235,0.04312566128895111,0.25417788959239734,0.6144212097631344,1.5730565154782925,0.9154957097969546
0.22889971479332266,0.09533727118733887,0.10327086474231055,0.1116188581175668,0.6090017519075805,1.6241005524619863,0.9400537771600361,0.22889971479332266,0.09533727118733887,0.10327086474231055,0.1116188581175668,0.6090017519075805,1.6241005524619863,0.9400537771600361
0.31199178624741514,0.12418016881650537,0.13314678297530208,0.3312830486842147,0.5096633535277146,1.7634281662691969,0.8482708793095892,0.31199178624741514,0.12418016881650537,0.13314678297530208,0.3312830486842147,0.5096633535277146,1.7634281662691969,0.8482708793095892
0.031953729731064286,0.08131708070859843,0.03457763519816562,0.2391216856724956,0.6534206680709707,1.737869879559121,0.9418209025508183,0.031953729731064286,0.08131708070859843,0.03457763519816562,0.2391216856724956,0.6534206680709707,1.737869879559121,0.9418209025508183
0.273278107665468,0.11451054357074487,0.11546315380349573,0.284302168571697,0.6338641773601766,1.9605744453334353,0.20406633754164588,0.273278107665468,0.11451054357074487,0.11546315380349573,0.284302168571697,0.6338641773601766,1.9605744453334353,0.20406633754164588
0.13474771593501733,0.3603120416217241,0.13617135382152468,0.19786588398363245,0.48412949961566004,1.8748934070548167,1.1747379044721205,0.13474771593501733,0.3603120416217241,0.13617135382152468,0.19786588398363245,0.48412949961566004,1.8748934070548167,1.1747379044721205
0.09700227921773236,0.03947717305952306,0.04246280966001845,0.2763871673470323,0.6630544535940397,1.7744448166366598,0.6927244884659268,0.09700227921773236,0.03947717305952306,0.04246280966001845,0.2763871673470323,0.6630544535940397,1.7744448166366598,0.6927244884659268
0.11898105610531594,0.25967194260910303,0.11013932016420966,0.11858421576373314,0.5980217375526914,1.765264669495804,0.9869404551906062,0.11898105610531594,0.25967194260910303,0.11013932016420966,0.11858421576373314,0.5980217375526914,1.765264669495804,0.9869404551906062
0.18070272302516102,0.07791430418580735,0.08491349315423422,0.21520546294934217,0.7043299791315428,1.7697912531402848,0.04162968958328054,0.18070272302516102,0.07791430418580735,0.08491349315423422,0.21520546294934217,0.7043299791315428,1.7697912531402848,0.04162968958328054
0.3416209008130296,0.1471366686928508,0.1572322408129981,0.17783697942621224,0.41759542439437214,1.440367880891852,1.1956409083881876,0.3416209008130296,0.1471366686928508,0.1572322408129981,0.17783697942621224,0.41759542439437214,1.440367880891852,1.1956409083881876
0.3429375126005296,0.15046665416722227,0.1689903027093704,0.17849119433765173,0.6176185368962159,1.7435620935579261,0.2518602762155829,0.3429375126005296,0.15046665416722227,0.1689903027093704,0.17849119433765173,0.6176185368962159,1.7435620935579261,0.2518602762155829
0.15452916354046078,0.38922179827464254,0.14188279370541992,0.15698261911691158,0.4590293328907231,1.938464112548258,1.264789345410789,0.15452916354046078,0.38922179827464254,0.14188279370541992,0.15698261911691158,0.4590293328907231,1.938464112548258,1.264789345410789
0.039328675807791785,0.09586187249104541,0.0418878516398521,0.2701754631557051,0.6145636923792582,1.6847922095994443,0.9440637571653177,0.039328675807791785,0.09586187249104541,0.0418878516398521,0.2701754631557051,0.6145636923792582,1.6847922095994443,0.9440637571653177
0.2088647754202698,0.09017280779483275,0.09503743019051558,0.10596176258061643,0.6427444472284634,1.6616969370306918,0.8347749776082928,0.2088647754202698,0.09017280779483275,0.09503743019051558,0.10596176258061643,0.6427444472284634,1.6616969370306918,0.8347749776082928
0.4333624014069151,0.14830444030663983,0.16699682204223446,0.21842782068683445,0.4574770754564031,2.0708655429501595,0.9855209943711882,0.4333624014069151,0.14830444030663983,0.16699682204223446,0.21842782068683445,0.4574770754564031,2.0708655429501595,0.9855209943711882
0.1659445354026515,0.40402222679945343,0.14393920409475275,0.15076935131615618,0.5177522084292782,2.152526787297113,1.0052243761686528,0.1659445354026515,0.40402222679945343,0.14393920409475275,0.15076935131615618,0.5177522084292782,2.152526787297113,1.0052243761686528
0.22315069783888583,0.09687039629432356,0.11097009315952447,0.11584287752353788,0.7070729422970847,1.838304827563862,0.2691084114555904,0.22315069783888583,0.09687039629432356,0.11097009315952447,0.11584287752353788,0.7070729422970847,1.838304827563862,0.2691084114555904
0.09442903440750619,0.24695382220375653,0.10140043282594828,0.7214172308256288,0.3069499787853383,1.979363844116755,0.10868107541127066,0.09442903440750619,0.24695382220375653,0.10140043282594828,0.7214172308256288,0.3069499787853383,1.979363844116755,0.10868107541127066
0.5711277655994017,0.2627627272349779,0.21120968928192418,0.30550832262889377,0.26177051535880974,2.2969918697002183,0.007068623800302232,0.5711277655994017,0.2627627272349779,0.21120968928192418,0.30550832262889377,0.26177051535880974,2.2969918697002183,0.007068623800302232
0.08819150879378435,0.14412216919512275,0.11159861026041155,0.33274365153867,0.6400656964590945,1.2251908928938557,0.038449880900972185,0.08819150879378435,0.14412216919512275,0.11159861026041155,0.33274365153867,0.6400656964590945,1.2251908928938557,0.038449880900972185
0.1617822053144212,0.40020992987657916,0.15705642456657107,0.1667352768012918,0.4671078099830725,1.8107713485671348,1.1628327369017062,0.1617822053144212,0.40020992987657916,0.15705642456657107,0.1667352768012918,0.4671078099830725,1.8107713485671348,1.1628327369017062
0.10519138220519525,0.04991613794243467,0.05217774816607855,0.28475383263949067,0.696386424252405,1.7011255021255904,0.002313121348260048,0.10519138220519525,0.04991613794243467,0.05217774816607855,0.28475383263949067,0.696386424252405,1.7011255021255904,0.002313121348260048
0.09753720597694172,0.204876744206714,0.10521116185859197,0.1367948962331548,0.6148325541740796,1.4442028956920963,0.8529011701213254,0.09753720597694172,0.204876744206714,0.10521116185859197,0.1367948962331548,0.6148325541740796,1.4442028956920963,0.8529011701213254
0.10955101088763454,0.05142381837474172,0.0569276426224983,0.2713202885941287,0.6145425529257063,1.4587572983487425,0.7781062174362859,0.10955101088763454,0.05142381837474172,0.0569276426224983,0.2713202885941287,0.6145425529257063,1.4587572983487425,0.7781062174362859
0.14565745092777133,0.31873234189585,0.13491826379676286,0.37585075102897536,0.5556942146342672,1.9940162353324022,0.0,0.14565745092777133,0.31873234189585,0.13491826379676286,0.37585075102897536,0.5556942146342672,1.9940162353324022,0.0
0.0915394614535056,0.049287581570504245,0.05552180308752178,0.25513843980249384,0.6166603494021653,1.4883215776444851,0.8426122441611872,0.0915394614535056,0.049287581570504245,0.05552180308752178,0.25513843980249384,0.6166603494021653,1.4883215776444851,0.8426122441611872
0.36281049530102494,0.1404960072468464,0.15066246886608467,0.17026645065522883,0.40645974770067334,1.5584724061200228,1.3122079632117587,0.36281049530102494,0.1404960072468464,0.15066246886608467,0.17026645065522883,0.40645974770067334,1.5584724061200228,1.3122079632117587
0.05244753000741379,0.11350369348086616,0.05291792894272879,0.31730438701637886,0.5962610529264106,1.6272782644545905,0.851850692525189,0.05244753000741379,0.11350369348086616,0.05291792894272879,0.31730438701637886,0.5962610529264106,1.6272782644545905,0.851850692525189
0.135935639592982,0.31224030669074493,0.12783504593966316,0.15455313778305352,0.5667405207767777,1.8427185573715168,0.9598401070768882,0.135935639592982,0.31224030669074493,0.12783504593966316,0.15455313778305352,0.5667405207767777,1.8427185573715168,0.9598401070768882
0.05398652897533406,0.11024135307112079,0.06011963674331834,0.25902557508617613,0.5980573547786431,1.349095514331174,0.8432491503378119,0.05398652897533406,0.11024135307112079,0.06011963674331834,0.25902557508617613,0.5980573547786431,1.349095514331174,0.8432491503378119
0.13764633678846522,0.3090540445158045,0.13351984435924313,0.15484470676144696,0.6560389612083638,1.9401298024411244,0.12249737896413235,0.13764633678846522,0.3090540445158045,0.13351984435924313,0.15484470676144696,0.6560389612083638,1.9401298024411244,0.12249737896413235
0.2820136916543505,0.11988709834164676,0.13030903722266285,0.3558899391407447,0.48677521830562986,1.6202804449176713,0.8476381223754657,0.2820136916543505,0.11988709834164676,0.13030903722266285,0.3558899391407447,0.48677521830562986,1.6202804449176713,0.8476381223754657
0.2706226095884549,0.13430619440559585,0.1303146804171234,0.14237769932379551,0.49755225950742665,1.4216284945642519,1.1500329268038256,0.2706226095884549,0.13430619440559585,0.1303146804171234,0.14237769932379551,0.49755225950742665,1.4216284945642519,1.1500329268038256
0.2079557243076226,0.09262076872968264,0.09808053090667612,0.11967835224866998,0.6388857188276759,1.6085061506804739,0.8100222075688503,0.2079557243076226,0.09262076872968264,0.09808053090667612,0.11967835224866998,0.6388857188276759,1.6085061506804739,0.8100222075688503
0.16667114780851905,0.0861123841628938,0.08431315799626155,0.20649074473796508,0.6488805771733155,1.5762734630018482,0.6865635656169128,0.16667114780851905,0.0861123841628938,0.08431315799626155,0.20649074473796508,0.6488805771733155,1.5762734630018482,0.6865635656169128
0.23641450307920495,0.6527207863445847,0.252270289118908,0.2706823548798652,0.30049209491514645,2.094499516098859,0.11019373114560346,0.23641450307920495,0.6527207863445847,0.252270289118908,0.2706823548798652,0.30049209491514645,2.094499516098859,0.11019373114560346
0.14769448734221513,0.4309808573706538,0.15562886048512137,0.16805688803619617,0.4726534039059433,2.034433761698708,1.0417765848429819,0.14769448734221513,0.4309808573706538,0.15562886048512137,0.16805688803619617,0.4726534039059433,2.034433761698708,1.0417765848429819
0.07963548038380672,0.038436797188274,0.03609172950353027,0.22945122512673344,0.6089598905680881,1.594483001004757,1.0645046986145792,0.07963548038380672,0.038436797188274,0.03609172950353027,0.22945122512673344,0.6089598905680881,1.594483001004757,1.0645046986145792
0.04317269424137853,0.09707851132017344,0.04734892631304341,0.25564066371288685,0.6030076283280451,1.4654135731344573,0.9660533617686298,0.04317269424137853,0.09707851132017344,0.04734892631304341,0.25564066371288685,0.6030076283280451,1.4654135731344573,0.9660533617686298
0.3502419589754677,0.12862999242376585,0.13704049845339666,0.36993211112499214,0.5507938407622675,2.0824149422213907,0.21139219681383983,0.3502419589754677,0.12862999242376585,0.13704049845339666,0.36993211112499214,0.5507938407622675,2.0824149422213907,0.21139219681383983
0.09366087243831189,0.2089796325348692,0.10352626192168404,0.12370833939111167,0.6182286637510575,1.5646372623822222,0.8798306887661657,0.09366087243831189,0.2089796325348692,0.10352626192168404,0.12370833939111167,0.6182286637510575,1.5646372623822222,0.8798306887661657
0.2863550664725785,0.1170920578623223,0.1263272654505661,0.3679220849673305,0.4978665456813834,1.7106345051733998,0.8288571453105619,0.2863550664725785,0.1170920578623223,0.1263272654505661,0.3679220849673305,0.4978665456813834,1.7106345051733998,0.8288571453105619
0.15624649565584792,0.3262363767481064,0.15286214122462563,0.32294998978531764,0.44495691814144805,1.5999976803480807,0.9206813384457636,0.15624649565584792,0.3262363767481064,0.15286214122462563,0.32294998978531764,0.44495691814144805,1.5999976803480807,0.9206813384457636
0.11550607151294302,0.24812798953800705,0.11470856561695149,0.12437569498892691,0.6599807306808759,1.7207819689943316,0.6450843458579026,0.11550607151294302,0.24812798953800705,0.11470856561695149,0.12437569498892691,0.6599807306808759,1.7207819689943316,0.6450843458579026
0.510266317527031,0.25594036130000264,0.24537991327602993,0.3125439015652909,0.31622535796189055,1.7797561253882768,0.0031072830276235677,0.510266317527031,0.25594036130000264,0.24537991327602993,0.3125439015652909,0.31622535796189055,1.7797561253882768,0.0031072830276235677
0.19293070332340495,0.07507263162845401,0.08004806043391935,0.09338812400942459,0.6228561668439234,1.7053394332989413,1.0859700123896738,0.19293070332340495,0.07507263162845401,0.08004806043391935,0.09338812400942459,0.6228561668439234,1.7053394332989413,1.0859700123896738
0.2086607339991301,0.0937875200106043,0.1028351852174852,0.1162872141320126,0.5998636531634131,1.4695108591035257,0.9280421831284361,0.2086607339991301,0.0937875200106043,0.1028351852174852,0.1162872141320126,0.5998636531634131,1.4695108591035257,0.9280421831284361
0.08975222672116484,0.16435173019018204,0.09974028512157501,0.1951860058744577,0.5250635447318434,1.124828432947408,0.9760749381543146,0.08975222672116484,0.16435173019018204,0.09974028512157501,0.1951860058744577,0.5250635447318434,1.124828432947408,0.9760749381543146
0.13504412099942362,0.273412221441356,0.13000063825098332,0.36362986477273496,0.5009679039372219,1.6436418787062819,0.7791803235191924,0.13504412099942362,0.273412221441356,0.13000063825098332,0.36362986477273496,0.5009679039372219,1.6436418787062819,0.7791803235191924
1.1808879334329628e-17,5.371780625119348e-18,5.064139262093752e-18,1.296726984882953e-17,4.459380587378012e-17,1.1986871437406135e-16,2.11167518879499,1.1808879334329628e-17,5.371780625119348e-18,5.064139262093752e-18,1.296726984882953e-17,4.459380587378012e-17,1.1986871437406135e-16,2.11167518879499
0.07798336151468772,0.17753146966007682,0.06968036702350665,0.09383270056184552,0.6300932288975977,1.8513778664426497,1.1507229584625618,0.07798336151468772,0.17753146966007682,0.06968036702350665,0.09383270056184552,0.6300932288975977,1.8513778664426497,1.1507229584625618
0.23102093030961832,0.10165595081580023,0.11128933897203085,0.12137941522368575,0.6028896828839748,1.5289808765919384,0.8931269187185082,0.23102093030961832,0.10165595081580023,0.11128933897203085,0.12137941522368575,0.6028896828839748,1.5289808765919384,0.8931269187185082
0.14279219892291034,0.38922486174896753,0.13926966508650046,0.18805751206458665,0.4656991595680838,1.9836497133466018,1.2258653902912222,0.14279219892291034,0.38922486174896753,0.13926966508650046,0.18805751206458665,0.4656991595680838,1.9836497133466018,1.2258653902912222
0.027098916325091052,0.06837888101033635,0.02900827815711222,0.20793905442821492,0.5890846188283262,1.682074116792489,1.259090714201307,0.027098916325091052,0.06837888101033635,0.02900827815711222,0.20793905442821492,0.5890846188283262,1.682074116792489,1.259090714201307
0.09852532383154995,0.22929828753750162,0.10395210097879556,0.11235696290988963,0.6129219494148634,1.634406982564812,0.9184010141716364,0.09852532383154995,0.22929828753750162,0.10395210097879556,0.11235696290988963,0.6129219494148634,1.634406982564812,0.9184010141716364
0.1667921593092296,0.45525083665491767,0.1725739572329642,0.19947493259097276,0.5324301080883058,2.155648997373808,0.2163052650711966,0.1667921593092296,0.45525083665491767,0.1725739572329642,0.19947493259097276,0.5324301080883058,2.155648997373808,0.2163052650711966
0.112146435646304,0.23543863776792942,0.1005605727721151,0.11695046514772575,0.6121340793909701,1.7700968864940372,0.9775840358351177,0.112146435646304,0.23543863776792942,0.1005605727721151,0.11695046514772575,0.6121340793909701,1.7700968864940372,0.9775840358351177
0.08433099955060933,0.17091040094560783,0.08502865260054937,0.2085679655500914,0.6161980914538608,1.5314377000090884,0.8317735864129641,0.08433099955060933,0.17091040094560783,0.08502865260054937,0.2085679655500914,0.6161980914538608,1.5314377000090884,0.8317735864129641
0.2345681533648115,0.11005215073565632,0.11258479306951426,0.12375775038385521,0.6992959202761115,1.723394005635627,0.34729738208714117,0.2345681533648115,0.11005215073565632,0.11258479306951426,0.12375775038385521,0.6992959202761115,1.723394005635627,0.34729738208714117
0.09750228442136337,0.05243247235562005,0.05208051482514622,0.2599580714897286,0.6120352254946057,1.4398690078197571,0.8206080980226981,0.09750228442136337,0.05243247235562005,0.05208051482514622,0.2599580714897286,0.6120352254946057,1.4398690078197571,0.8206080980226981
0.16700613779774193,0.3945536490532053,0.1673955314588128,0.1846445848525617,0.5129377671817015,1.8621754389946426,0.8551284282870328,0.16700613779774193,0.3945536490532053,0.1673955314588128,0.1846445848525617,0.5129377671817015,1.8621754389946426,0.8551284282870328
0.10371345487329069,0.21148038800779478,0.10616080380392669,0.12788125322322208,0.6230945581235128,1.522758569858565,0.809794213109659,0.10371345487329069,0.21148038800779478,0.10616080380392669,0.12788125322322208,0.6230945581235128,1.522758569858565,0.809794213109659
0.44845994659689997,0.17169709678478476,0.19395794758627308,0.2500703849568082,0.4985721978118742,2.0010300701945845,0.29555171484698306,0.44845994659689997,0.17169709678478476,0.19395794758627308,0.2500703849568082,0.4985721978118742,2.0010300701945845,0.29555171484698306
0.09406507171343825,0.22815013076836033,0.09540942816460579,0.3248350505180134,0.6269884525440735,1.9514847259414734,0.4003094900569099,0.09406507171343825,0.22815013076836033,0.09540942816460579,0.3248350505180134,0.6269884525440735,1.9514847259414734,0.4003094900569099
0.05803996786796423,0.09481883453896191,0.05351463224389991,0.2568225807612092,0.5948350640789927,1.3607700847914705,0.8970168169666363,0.05803996786796423,0.09481883453896191,0.05351463224389991,0.2568225807612092,0.5948350640789927,1.3607700847914705,0.8970168169666363
0.09559541256741848,0.049642849637916264,0.053355328735707794,0.2596117364581791,0.6221828178567372,1.5022494855153827,0.8047476006683699,0.09559541256741848,0.049642849637916264,0.053355328735707794,0.2596117364581791,0.6221828178567372,1.5022494855153827,0.8047476006683699
0.044440390396100475,0.09202415451137383,0.044601234263316476,0.2546630268993285,0.6206677984164275,1.5578325694192228,0.871800948020092,0.044440390396100475,0.09202415451137383,0.044601234263316476,0.2546630268993285,0.6206677984164275,1.5578325694192228,0.871800948020092
0.057542495866579106,0.13346972180001013,0.05907537620698159,0.3739115816931994,0.5696539295789377,1.8037181628628303,0.880731113824413,0.057542495866579106,0.13346972180001013,0.05907537620698159,0.3739115816931994,0.5696539295789377,1.8037181628628303,0.880731113824413
0.20174279297538486,0.09039550274700897,0.10286949624279124,0.241504265776567,0.5647164099331686,1.4673579686926184,0.9414534455172651,0.20174279297538486,0.09039550274700897,0.10286949624279124,0.241504265776567,0.5647164099331686,1.4673579686926184,0.9414534455172651
4.905476849937386e-18,8.604159394035954e-18,5.6255316603808815e-18,2.005468146046253e-17,4.000915598767064e-17,8.08444920533936e-17,1.520516141574974,4.905476849937386e-18,8.604159394035954e-18,5.6255316603808815e-18,2.005468146046253e-17,4.000915598767064e-17,8.08444920533936e-17,1.520516141574974
0.07533947472566878,0.12157282137138462,0.08012254279250666,0.2891183730061265,0.5936252309045416,1.1513831754943096,0.7611277370165068,0.07533947472566878,0.12157282137138462,0.08012254279250666,0.2891183730061265,0.5936252309045416,1.1513831754943096,0.7611277370165068
0.09169414031321524,0.18864049077220432,0.10195285711676362,0.24966234588462677,0.6901558407446152,1.555717404236575,0.0,0.09169414031321524,0.18864049077220432,0.10195285711676362,0.24966234588462677,0.6901558407446152,1.555717404236575,0.0
0.1200452192253442,0.22607647435883974,0.11035691572916038,0.12011863615901026,0.7010081084386304,1.7727030439804523,0.008861732875100723,0.1200452192253442,0.22607647435883974,0.11035691572916038,0.12011863615901026,0.7010081084386304,1.7727030439804523,0.008861732875100723
0.04639741346252717,0.0953406270633273,0.04230677400858807,0.28615814744913665,0.6085198496480198,1.7081275609725333,0.9476839611988565,0.04639741346252717,0.0953406270633273,0.04230677400858807,0.28615814744913665,0.6085198496480198,1.7081275609725333,0.9476839611988565
0.13680077492299214,0.32899536062694124,0.1359018572241059,0.3499927929763411,0.47497794349749295,1.8386436692670334,0.8787276577410891,0.13680077492299214,0.32899536062694124,0.1359018572241059,0.3499927929763411,0.47497794349749295,1.8386436692670334,0.8787276577410891
0.1313707620281166,0.2818883533068001,0.13001592378175414,0.36368578264616236,0.49976249135805295,1.6837969429993374,0.7772238020540805,0.1313707620281166,0.2818883533068001,0.13001592378175414,0.36368578264616236,0.49976249135805295,1.6837969429993374,0.7772238020540805
0.13926657098041145,0.29949960598548664,0.12998347570929647,0.38612278720728826,0.4362841092455838,1.7296972111917694,0.9696644753199708,0.13926657098041145,0.29949960598548664,0.12998347570929647,0.38612278720728826,0.4362841092455838,1.7296972111917694,0.9696644753199708
0.4545765952127017,0.17152598973824537,0.177673100887483,0.19730869439634394,0.5322857268254377,2.097391390144763,0.17291382007182277,0.4545765952127017,0.17152598973824537,0.177673100887483,0.19730869439634394,0.5322857268254377,2.097391390144763,0.17291382007182277
0.14752599856628829,0.3519692410442595,0.14817568399726805,0.37792740980900397,0.5363783690274492,1.969490310602573,0.14323776870206587,0.14752599856628829,0.3519692410442595,0.14817568399726805,0.37792740980900397,0.5363783690274492,1.969490310602573,0.14323776870206587
0.17721265049954252,0.10234196467185101,0.09387110225679322,0.24814195112040943,0.6839730998531134,1.6611163141861707,0.004111245942921161,0.17721265049954252,0.10234196467185101,0.09387110225679322,0.24814195112040943,0.6839730998531134,1.6611163141861707,0.004111245942921161
0.5871994431255939,0.2205501380948263,0.2345984071817381,0.26089547411529884,0.26880556488422025,2.0489306132007883,0.16937674970544334,0.5871994431255939,0.2205501380948263,0.2345984071817381,0.26089547411529884,0.26880556488422025,2.0489306132007883,0.16937674970544334
0.2876695636396072,0.5451835780090426,0.22976357973594203,0.25639527205646895,0.28986156290599374,2.0478429286432784,0.26542107304879453,0.2876695636396072,0.5451835780090426,0.22976357973594203,0.25639527205646895,0.28986156290599374,2.0478429286432784,0.26542107304879453
0.16770636321624954,0.4676868454880347,0.17885820823954976,0.3779938340846049,0.2552972296510994,1.946752269236016,0.964791996625014,0.16770636321624954,0.4676868454880347,0.17885820823954976,0.3779938340846049,0.2552972296510994,1.946752269236016,0.964791996625014
0.10313879046958821,0.21881149749982148,0.1093630193126574,0.11384718363969594,0.7087048165987837,1.8597175111915576,0.27181083418340624,0.10313879046958821,0.21881149749982148,0.1093630193126574,0.11384718363969594,0.7087048165987837,1.8597175111915576,0.27181083418340624
0.1523514659420941,0.40632761699453546,0.16298820471397796,0.1738067072132258,0.5114358869324581,1.8763719614399368,0.8752878380165965,0.1523514659420941,0.40632761699453546,0.16298820471397796,0.1738067072132258,0.5114358869324581,1.8763719614399368,0.8752878380165965
0.10161875425456893,0.2021059256114233,0.09923462586562364,0.5560466805377933,0.300900389369339,1.5513905780365085,0.8715970521971613,0.10161875425456893,0.2021059256114233,0.09923462586562364,0.5560466805377933,0.300900389369339,1.5513905780365085,0.8715970521971613
0.2118462265066874,0.08966121841479478,0.09737935828472674,0.1105638889065249,0.6454509493509458,1.6556691069310632,0.7846448202059004,0.2118462265066874,0.08966121841479478,0.09737935828472674,0.1105638889065249,0.6454509493509458,1.6556691069310632,0.7846448202059004
0.21031350176907326,0.09619415332756977,0.10003716507549032,0.11079714682065264,0.6349083477574683,1.5758537574625278,0.8627274906539655,0.21031350176907326,0.09619415332756977,0.10003716507549032,0.11079714682065264,0.6349083477574683,1.5758537574625278,0.8627274906539655
0.04531477095974779,0.09618297853019378,0.050223803803874666,0.2559540796827997,0.5965615417448474,1.435970389013742,0.9103729289818202,0.04531477095974779,0.09618297853019378,0.050223803803874666,0.2559540796827997,0.5965615417448474,1.435970389013742,0.9103729289818202
0.1926001061189217,0.10026394651379592,0.10469827939111559,0.2240659227349767,0.683754973505055,1.576508265298049,0.06315839332495995,0.1926001061189217,0.10026394651379592,0.10469827939111559,0.2240659227349767,0.683754973505055,1.576508265298049,0.06315839332495995
0.16316264158138288,0.08071053151546045,0.07455507913065611,0.17879808448343837,0.6490404849814483,1.7071926559384338,0.8220331585220593,0.16316264158138288,0.08071053151546045,0.07455507913065611,0.17879808448343837,0.6490404849814483,1.7071926559384338,0.8220331585220593
0.08919017464035145,0.16420009332530652,0.09896719523193519,0.19439760546203458,0.5259096779486035,1.1316221449580919,0.9807539794676612,0.08919017464035145,0.16420009332530652,0.09896719523193519,0.19439760546203458,0.5259096779486035,1.1316221449580919,0.9807539794676612
0.20021449152145962,0.07974999190925625,0.08586752614108062,0.10310073193199255,0.6175497749395568,1.6557495697969127,1.051529231340158,0.20021449152145962,0.07974999190925625,0.08586752614108062,0.10310073193199255,0.6175497749395568,1.6557495697969127,1.051529231340158
0.3378416720896311,0.12205312140121134,0.12980800082829289,0.3817385725313876,0.5482815619020883,2.1265716641009917,0.1335174058451911,0.3378416720896311,0.12205312140121134,0.12980800082829289,0.3817385725313876,0.5482815619020883,2.1265716641009917,0.1335174058451911
0.04928886893399102,0.09967639263256309,0.04538343814059344,0.29443428659588555,0.6179820647387738,1.6713747102587226,0.9141685467531281,0.04928886893399102,0.09967639263256309,0.04538343814059344,0.29443428659588555,0.6179820647387738,1.6713747102587226,0.9141685467531281
0.12044260464715861,0.24196819233591316,0.12361578439208178,0.16379231172470318,0.5295033797499256,1.3763451665736426,1.0334511145109646,0.12044260464715861,0.24196819233591316,0.12361578439208178,0.16379231172470318,0.5295033797499256,1.3763451665736426,1.0334511145109646
0.3311746787948327,0.1388551922735329,0.13985072737708093,0.3598196033858448,0.5560156953506968,1.960986234536423,0.2003500415402174,0.3311746787948327,0.1388551922735329,0.13985072737708093,0.3598196033858448,0.5560156953506968,1.960986234536423,0.2003500415402174
0.3489598314449399,0.14700842489262736,0.15751049513181162,0.17095157889924775,0.6207484776506226,1.8346805638092514,0.14549648023004277,0.3489598314449399,0.14700842489262736,0.15751049513181162,0.17095157889924775,0.6207484776506226,1.8346805638092514,0.14549648023004277
0.2809530390250394,0.12178623409559622,0.13077320300633818,0.3557586286123633,0.4866647557776119,1.6123597845203137,0.8441001578225349,0.2809530390250394,0.12178623409559622,0.13077320300633818,0.3557586286123633,0.4866647557776119,1.6123597845203137,0.8441001578225349
0.1647668517621856,0.08269564706331697,0.08804112732502996,0.18760667257442137,0.6289554552883789,1.5710079135816404,0.8345097465610299,0.1647668517621856,0.08269564706331697,0.08804112732502996,0.18760667257442137,0.6289554552883789,1.5710079135816404,0.8345097465610299
0.08913288780040093,0.19991708398780703,0.08893981262483759,0.09591969104501219,0.6280954093745245,1.6696382887169012,0.948844376002764,0.08913288780040093,0.19991708398780703,0.08893981262483759,0.09591969104501219,0.6280954093745245,1.6696382887169012,0.948844376002764
0.09586266146943256,0.04877667250843434,0.04522176990608228,0.2731948541162709,0.7049727641813578,1.818888310554465,0.02332141040210439,0.09586266146943256,0.04877667250843434,0.04522176990608228,0.2731948541162709,0.7049727641813578,1.818888310554465,0.02332141040210439
0.05329852474852599,0.10772178865668885,0.05947263169831586,0.26285583942304275,0.5963961986541843,1.3344412914697161,0.8357631031737386,0.05329852474852599,0.10772178865668885,0.05947263169831586,0.26285583942304275,0.5963961986541843,1.3344412914697161,0.8357631031737386
0.09432183449307002,0.19780436689086522,0.08507741899853546,0.23988391955247268,0.6141253482616954,1.80352533671478,0.8712709275527097,0.09432183449307002,0.19780436689086522,0.08507741899853546,0.23988391955247268,0.6141253482616954,1.80352533671478,0.8712709275527097
0.09997501679807558,0.04460256133804865,0.048886025365018994,0.26873490013523843,0.6201612536736785,1.5386184870925566,0.8151065637194826,0.09997501679807558,0.04460256133804865,0.048886025365018994,0.26873490013523843,0.6201612536736785,1.5386184870925566,0.8151065637194826
0.14904062209869995,0.3010966069558788,0.1374024475661317,0.3619120906806636,0.4743267440257385,1.7080728683457316,0.8310676164947888,0.14904062209869995,0.3010966069558788,0.1374024475661317,0.3619120906806636,0.4743267440257385,1.7080728683457316,0.8310676164947888
0.05688404977728354,0.1394701440247405,0.06137592145766525,0.1934872015875927,0.5899139931923372,1.5794141896670923,1.1116992154997178,0.05688404977728354,0.1394701440247405,0.06137592145766525,0.1934872015875927,0.5899139931923372,1.5794141896670923,1.1116992154997178
0.12065692634361433,0.23949458421053774,0.11178612529320169,0.13056631493548812,0.6079635475117323,1.629940326794319,0.9099196080247793,0.12065692634361433,0.23949458421053774,0.11178612529320169,0.13056631493548812,0.6079635475117323,1.629940326794319,0.9099196080247793
0.09829218685755477,0.1984489339470808,0.0959830469782932,0.1330535967730443,0.6358992365179432,1.5990068173937884,0.8067260236020224,0.09829218685755477,0.1984489339470808,0.0959830469782932,0.1330535967730443,0.6358992365179432,1.5990068173937884,0.8067260236020224
0.049049967022352994,0.11119238848399932,0.053119486194979235,0.25506233081373764,0.6284934474681925,1.5552935797220797,0.8600114382062145,0.049049967022352994,0.11119238848399932,0.053119486194979235,0.25506233081373764,0.6284934474681925,1.5552935797220797,0.8600114382062145
0.13137438025996706,0.3220321352589228,0.1297901850022599,0.1362917859886297,0.5738084107211688,1.9451722580164053,0.9747597917855667,0.13137438025996706,0.3220321352589228,0.1297901850022599,0.1362917859886297,0.5738084107211688,1.9451722580164053,0.9747597917855667
0.1482601400684531,0.43558026633890484,0.14184738630283106,0.16203408441156594,0.4963565182206247,2.3057585852383315,1.0428707151768781,0.1482601400684531,0.43558026633890484,0.14184738630283106,0.16203408441156594,0.4963565182206247,2.3057585852383315,1.0428707151768781
0.1694691219960169,0.3970027866593708,0.1841374369445676,0.23447252789583195,0.23466888952801182,1.3474996416277123,1.2850128160321506,0.1694691219960169,0.3970027866593708,0.1841374369445676,0.23447252789583195,0.23466888952801182,1.3474996416277123,1.2850128160321506
0.09893572219501058,0.0530001523746458,0.0525429394859702,0.25801491132743476,0.6127555288057552,1.447385067191619,0.8241622960056242,0.09893572219501058,0.0530001523746458,0.0525429394859702,0.25801491132743476,0.6127555288057552,1.447385067191619,0.8241622960056242
0.11870092361437035,0.22438030675743426,0.1219632340094981,0.30678989185134037,0.5491402139825339,1.4174212437409293,0.7686013342748235,0.11870092361437035,0.22438030675743426,0.1219632340094981,0.30678989185134037,0.5491402139825339,1.4174212437409293,0.7686013342748235
0.14058675405701238,0.3108518213714133,0.12942427992114283,0.13917696725217601,0.5582954003349007,1.7979969411566339,1.002718728438153,0.14058675405701238,0.3108518213714133,0.12942427992114283,0.13917696725217601,0.5582954003349007,1.7979969411566339,1.002718728438153
0.04573632422925209,0.10492312661177218,0.05193896473960255,0.2883673104837808,0.6879852634647856,1.7264171799179784,0.3132709580054805,0.04573632422925209,0.10492312661177218,0.05193896473960255,0.2883673104837808,0.6879852634647856,1.7264171799179784,0.3132709580054805
0.14302578834683818,0.4222151301902292,0.15174162073634254,0.159518088027774,0.5148886618446513,2.0844714279746426,0.961739759898318,0.14302578834683818,0.4222151301902292,0.15174162073634254,0.159518088027774,0.5148886618446513,2.0844714279746426,0.961739759898318
0.3087766191843613,0.11868403013095707,0.1270363754447573,0.32272154751617343,0.4859374220227453,1.7777782910114135,0.9826719992194071,0.3087766191843613,0.11868403013095707,0.1270363754447573,0.32272154751617343,0.4859374220227453,1.7777782910114135,0.9826719992194071
0.061011247099957845,0.11668928739091601,0.057641581793335984,0.3285100887201871,0.49887350788863505,1.3731779358108067,1.1674437398070718,0.061011247099957845,0.11668928739091601,0.057641581793335984,0.3285100887201871,0.49887350788863505,1.3731779358108067,1.1674437398070718
0.05543266519383737,0.10791853728961355,0.05221568420922616,0.3072888444955637,0.6258827119579468,1.650588143304959,0.7176325834899222,0.05543266519383737,0.10791853728961355,0.05221568420922616,0.3072888444955637,0.6258827119579468,1.650588143304959,0.7176325834899222
0.19509835382970742,0.45498583298576467,0.18870626663572582,0.21082542687175393,0.5147196407226148,2.0156861869721645,0.0,0.19509835382970742,0.45498583298576467,0.18870626663572582,0.21082542687175393,0.5147196407226148,2.0156861869721645,0.0
0.20601460045451958,0.10319487231558336,0.09948258763444236,0.10826045771330922,0.6316670977592677,1.5807427828316492,0.8642213357662463,0.20601460045451958,0.10319487231558336,0.09948258763444236,0.10826045771330922,0.6316670977592677,1.5807427828316492,0.8642213357662463
0.2851025119765363,0.11597075003586972,0.12524453390745938,0.3635500055150522,0.49068486643503206,1.6912294842868785,0.8890487882242788,0.2851025119765363,0.11597075003586972,0.12524453390745938,0.3635500055150522,0.49068486643503206,1.6912294842868785,0.8890487882242788
0.2207744241351175,0.13069195184489418,0.1502640730765702,0.5072003142589376,0.3537648600214596,1.171629664988375,0.5951325033523684,0.2207744241351175,0.13069195184489418,0.1502640730765702,0.5072003142589376,0.3537648600214596,1.171629664988375,0.5951325033523684
0.189682840122689,0.08744505398588089,0.09636154990386503,0.2533701439900889,0.680062943415246,1.6509070646855895,0.026319761569318884,0.189682840122689,0.08744505398588089,0.09636154990386503,0.2533701439900889,0.680062943415246,1.6509070646855895,0.026319761569318884
0.2384508128321369,0.10422035796680244,0.11256089940877267,0.12263909937021335,0.6984911718379799,1.7657141647368877,0.0137906555663471,0.2384508128321369,0.10422035796680244,0.11256089940877267,0.12263909937021335,0.6984911718379799,1.7657141647368877,0.0137906555663471
0.143057651794749,0.3658950414836941,0.14586180917643013,0.20922939163604845,0.4778916867848467,1.7807525415158991,1.1236679467557555,0.143057651794749,0.3658950414836941,0.14586180917643013,0.20922939163604845,0.4778916867848467,1.7807525415158991,1.1236679467557555
0.20614971743985094,0.09069758620904413,0.09439639123589859,0.10235395295159307,0.6309925532777254,1.6315992725593254,0.8870637287007463,0.20614971743985094,0.09069758620904413,0.09439639123589859,0.10235395295159307,0.6309925532777254,1.6315992725593254,0.8870637287007463
0.09045069010019723,0.18172353771475852,0.09809420210224257,0.20510784884479252,0.6084031746735745,1.409197139787021,0.774059440380734,0.09045069010019723,0.18172353771475852,0.09809420210224257,0.20510784884479252,0.6084031746735745,1.409197139787021,0.774059440380734
0.15327780684793135,0.05711646206368603,0.07290178734841539,0.1745564346869469,0.6373033166904324,1.8435769238770394,1.014515224232348,0.15327780684793135,0.05711646206368603,0.07290178734841539,0.1745564346869469,0.6373033166904324,1.8435769238770394,1.014515224232348
0.09151416727086227,0.20208147023003714,0.10068844675172504,0.25345417185947294,0.5625365147933853,1.464470979583488,0.9092395393354049,0.09151416727086227,0.20208147023003714,0.10068844675172504,0.25345417185947294,0.5625365147933853,1.464470979583488,0.9092395393354049
0.1593746426590802,0.4398299306312527,0.16946924319492473,0.18025378094388744,0.4550397349435818,1.927412347517356,0.9532234812821281,0.1593746426590802,0.4398299306312527,0.16946924319492473,0.18025378094388744,0.4550397349435818,1.927412347517356,0.9532234812821281
0.10546273056836722,0.1781997791413241,0.09562217726227686,0.13842404737855024,0.5782716054737139,1.3799693966200286,0.9956088698274993,0.10546273056836722,0.1781997791413241,0.09562217726227686,0.13842404737855024,0.5782716054737139,1.3799693966200286,0.9956088698274993
0.2782883104270984,0.1178745258914241,0.12666562946124452,0.13731605341240447,0.5627899779366469,1.5880025440168166,0.9761271357265944,0.2782883104270984,0.1178745258914241,0.12666562946124452,0.13731605341240447,0.5627899779366469,1.5880025440168166,0.9761271357265944
0.271439595757377,0.12146054834752192,0.12261675713222324,0.29833642835152024,0.6287389748151447,1.8602971597986524,0.011395799285875204,0.271439595757377,0.12146054834752192,0.12261675713222324,0.29833642835152024,0.6287389748151447,1.8602971597986524,0.011395799285875204
0.2560822558021928,0.11624206574039067,0.1276620168555556,0.16623359242062807,0.5960331894427267,1.5229115914423061,0.7744258351500969,0.2560822558021928,0.11624206574039067,0.1276620168555556,0.16623359242062807,0.5960331894427267,1.5229115914423061,0.7744258351500969
5.699414633271222e-18,1.1552092058411872e-17,6.355321276689824e-18,1.5358736639649627e-17,4.187350768503519e-17,9.388552430433918e-17,1.7136207959214558,5.699414633271222e-18,1.1552092058411872e-17,6.355321276689824e-18,1.5358736639649627e-17,4.187350768503519e-17,9.388552430433918e-17,1.7136207959214558
0.12259551685426354,0.06075066276530118,0.06762113901033956,0.30552738231794446,0.6403762321921105,1.4573052551118404,0.5266292534996151,0.12259551685426354,0.06075066276530118,0.06762113901033956,0.30552738231794446,0.6403762321921105,1.4573052551118404,0.5266292534996151
0.20839077991877622,0.08971769963095258,0.0936603430671028,0.10680383907574119,0.6487667010299105,1.7006742650662159,0.8020401901940734,0.20839077991877622,0.08971769963095258,0.0936603430671028,0.10680383907574119,0.6487667010299105,1.7006742650662159,0.8020401901940734
0.4554931545270299,0.1787165301692031,0.18784630491191312,0.20247379976667743,0.5237979136955491,2.0054996429301712,0.04816615623148096,0.4554931545270299,0.1787165301692031,0.18784630491191312,0.20247379976667743,0.5237979136955491,2.0054996429301712,0.04816615623148096
0.4953102062149231,0.21873528986993937,0.20966600808425007,0.23066192384364137,0.24260995244949826,1.7260682832382561,1.0497049071324231,0.4953102062149231,0.21873528986993937,0.20966600808425007,0.23066192384364137,0.24260995244949826,1.7260682832382561,1.0497049071324231
0.14777965834626575,0.3020436154283937,0.15465522541589788,0.16619250003422756,0.6519138136710002,1.6951420378325692,0.0,0.14777965834626575,0.3020436154283937,0.15465522541589788,0.16619250003422756,0.6519138136710002,1.6951420378325692,0.0
0.3498148849537904,0.14189056353288204,0.15135730581012216,0.2129166310957219,0.4130698659556676,1.5400127470920832,1.2203489040295177,0.3498148849537904,0.14189056353288204,0.15135730581012216,0.2129166310957219,0.4130698659556676,1.5400127470920832,1.2203489040295177
0.10674402493283697,0.22028392703018873,0.106585580731715,0.13855384126599218,0.7024954162738779,1.8522574449482998,0.11960387453381051,0.10674402493283697,0.22028392703018873,0.106585580731715,0.13855384126599218,0.7024954162738779,1.8522574449482998,0.11960387453381051
0.09020873674644533,0.21130749114656194,0.09562934072676911,0.23029318289453168,0.558326767203119,1.569220509219122,1.0377767058090295,0.09020873674644533,0.21130749114656194,0.09562934072676911,0.23029318289453168,0.558326767203119,1.569220509219122,1.0377767058090295
0.17186368788033743,0.41340379059565197,0.15849035730937008,0.16783620558760107,0.5113095054521237,2.0059250901800265,0.8982404422500336,0.17186368788033743,0.41340379059565197,0.15849035730937008,0.16783620558760107,0.5113095054521237,2.0059250901800265,0.8982404422500336
0.05084889195165923,0.09667212421940141,0.050457145274437246,0.2570122995953912,0.6144710615741387,1.466026811175341,0.8311095789354063,0.05084889195165923,0.09667212421940141,0.050457145274437246,0.2570122995953912,0.6144710615741387,1.466026811175341,0.8311095789354063
0.10069208046736884,0.1893849593367699,0.10766536820966821,0.2619700548181524,0.6690824558943466,1.509767911555196,0.0038081098317295004,0.10069208046736884,0.1893849593367699,0.10766536820966821,0.2619700548181524,0.6690824558943466,1.509767911555196,0.0038081098317295004
0.4925211107049597,0.23281945892136016,0.23875129217642613,0.26277484673990015,0.28973966551532887,1.5920014519854806,0.7601998884921176,0.4925211107049597,0.23281945892136016,0.23875129217642613,0.26277484673990015,0.28973966551532887,1.5920014519854806,0.7601998884921176
0.10290135591362667,0.050599682871387594,0.055304912921915556,0.2639629415022522,0.6074815206945708,1.38254154576934,0.8295452933365475,0.10290135591362667,0.050599682871387594,0.055304912921915556,0.2639629415022522,0.6074815206945708,1.38254154576934,0.8295452933365475
0.09877932704074313,0.22016789916711485,0.10831246373885632,0.2881762144427073,0.535129084229796,1.4763191351367932,0.9215691439661068,0.09877932704074313,0.22016789916711485,0.10831246373885632,0.2881762144427073,0.535129084229796,1.4763191351367932,0.9215691439661068
0.1560871508146119,0.4210483843382237,0.1653319082475287,0.17617050585745786,0.5759366088014813,2.0903257693402737,0.002215155698472915,0.1560871508146119,0.4210483843382237,0.1653319082475287,0.17617050585745786,0.5759366088014813,2.0903257693402737,0.002215155698472915
0.318232543765095,0.11842552324970432,0.1263597884762067,0.3307701270410793,0.5039500280959949,1.8861980292088716,0.898785031940893,0.318232543765095,0.11842552324970432,0.1263597884762067,0.3307701270410793,0.5039500280959949,1.8861980292088716,0.898785031940893
0.1809541794591249,0.37796162869694266,0.17471008709671995,0.2356788243181278,0.4841600664737669,1.7335511343467012,0.8180805357188097,0.1809541794591249,0.37796162869694266,0.17471008709671995,0.2356788243181278,0.4841600664737669,1.7335511343467012,0.8180805357188097
0.05751143699512884,0.12235200717592726,0.0599127301051871,0.32606632643554495,0.8100956391164387,1.6665619564366587,0.005425388418712741,0.05751143699512884,0.12235200717592726,0.0599127301051871,0.32606632643554495,0.8100956391164387,1.6665619564366587,0.005425388418712741
0.1571751916851825,0.3570591843524419,0.15204743382979127,0.17041221768925424,0.6191000100717975,1.969739678422455,0.13306966275715967,0.1571751916851825,0.3570591843524419,0.15204743382979127,0.17041221768925424,0.6191000100717975,1.969739678422455,0.13306966275715967
0.23761935925585978,0.09323295042318297,0.10051761741954188,0.11564387259179633,0.6286769197852514,1.7712432368320643,0.8895199911789909,0.23761935925585978,0.09323295042318297,0.10051761741954188,0.11564387259179633,0.6286769197852514,1.7712432368320643,0.8895199911789909
0.09330117116876682,0.17266527386261418,0.09344653533853112,0.21343738506764823,0.61695114953071,1.4487489092188717,0.7519798349962368,0.09330117116876682,0.17266527386261418,0.09344653533853112,0.21343738506764823,0.61695114953071,1.4487489092188717,0.7519798349962368
0.3985890609718098,0.15603443347116408,0.1683930222705228,0.18686985227534966,0.4665796635067126,1.7403504293305825,0.9682903997386008,0.3985890609718098,0.15603443347116408,0.1683930222705228,0.18686985227534966,0.4665796635067126,1.7403504293305825,0.9682903997386008
0.1279989725727056,0.2918001850008325,0.12054791685379775,0.3134488506029731,0.4176385691301364,1.6483942201225503,1.269449115352861,0.1279989725727056,0.2918001850008325,0.12054791685379775,0.3134488506029731,0.4176385691301364,1.6483942201225503,1.269449115352861
0.11808020720952864,0.31886503389483856,0.12604935033869313,0.3479579243078086,0.4548384924900796,1.8296738705119404,1.0473759525427666,0.11808020720952864,0.31886503389483856,0.12604935033869313,0.3479579243078086,0.4548384924900796,1.8296738705119404,1.0473759525427666
0.21945302021105156,0.09836266879275833,0.10323690994472054,0.11243883685884767,0.6635358965777481,1.6820990915239031,0.633052151134331,0.21945302021105156,0.09836266879275833,0.10323690994472054,0.11243883685884767,0.6635358965777481,1.6820990915239031,0.633052151134331
0.13544698994788046,0.35245495151546025,0.14416768766300458,0.15430941651126445,0.6347321741071791,2.0127206514442153,0.0021425057526020023,0.13544698994788046,0.35245495151546025,0.14416768766300458,0.15430941651126445,0.6347321741071791,2.0127206514442153,0.0021425057526020023
0.49686718761716697,0.20437016949623793,0.20664306386232,0.2213989378682005,0.23721061462430876,1.7177376796490866,1.0899823937054864,0.49686718761716697,0.20437016949623793,0.20664306386232,0.2213989378682005,0.23721061462430876,1.7177376796490866,1.0899823937054864
0.08453937457955521,0.17813176184896615,0.087201193025325,0.21120127028659358,0.6823086164347333,1.6870456289811,0.40103261506589855,0.08453937457955521,0.17813176184896615,0.087201193025325,0.21120127028659358,0.6823086164347333,1.6870456289811,0.40103261506589855
0.11191464703726677,0.05137999611538722,0.056563755599339065,0.255317606093041,0.6296069997491273,1.5038496054355086,0.7671246417846234,0.11191464703726677,0.05137999611538722,0.056563755599339065,0.255317606093041,0.6296069997491273,1.5038496054355086,0.7671246417846234
8.950976541546564e-18,5.240615055364613e-18,6.072914771657042e-18,2.0527698946708413e-17,4.062927800213985e-17,7.763463587595444e-17,1.4827943049666763,8.950976541546564e-18,5.240615055364613e-18,6.072914771657042e-18,2.0527698946708413e-17,4.062927800213985e-17,7.763463587595444e-17,1.4827943049666763
0.1513722718383867,0.4336062673274866,0.14576929498008076,0.1592974529809013,0.4960386783251565,2.237638181298237,1.0146893895404347,0.1513722718383867,0.4336062673274866,0.14576929498008076,0.1592974529809013,0.4960386783251565,2.237638181298237,1.0146893895404347
0.046023223670456526,0.08863052660852057,0.04361548457478931,0.24952689870420164,0.6222166452364478,1.5535824863804104,0.8736354120677783,0.046023223670456526,0.08863052660852057,0.04361548457478931,0.24952689870420164,0.6222166452364478,1.5535824863804104,0.8736354120677783
0.061687123517005324,0.11156010045669083,0.05979275635752952,0.29271965209518175,0.6878150795583382,1.6213253433403108,0.0006482460835668475,0.061687123517005324,0.11156010045669083,0.05979275635752952,0.29271965209518175,0.6878150795583382,1.6213253433403108,0.0006482460835668475
0.05484647700144287,0.13753285176058497,0.060016726753789024,0.18923465920575722,0.6187631367333845,1.6776794611825552,1.0280137725907617,0.05484647700144287,0.13753285176058497,0.060016726753789024,0.18923465920575722,0.6187631367333845,1.6776794611825552,1.0280137725907617
0.16384786423015732,0.079814181877226,0.08582613419496862,0.21824534069855567,0.6309565792002081,1.4804094568675772,0.7133890034264978,0.16384786423015732,0.079814181877226,0.08582613419496862,0.21824534069855567,0.6309565792002081,1.4804094568675772,0.7133890034264978
0.18491839138585212,0.07638560054752663,0.08264689424538993,0.1885247954160333,0.6140543990893296,1.6376519203308904,0.9372672809045678,0.18491839138585212,0.07638560054752663,0.08264689424538993,0.1885247954160333,0.6140543990893296,1.6376519203308904,0.9372672809045678
0.11259048393245576,0.22815526528153712,0.11221360028774835,0.6304892482907073,0.3258493678648726,1.726056781061412,0.12188500150769577,0.11259048393245576,0.22815526528153712,0.11221360028774835,0.6304892482907073,0.3258493678648726,1.726056781061412,0.12188500150769577
0.17004534363563698,0.09149122627507482,0.09941648821605963,0.2009465187362801,0.6157891501091077,1.433264577925114,0.7732527930847796,0.17004534363563698,0.09149122627507482,0.09941648821605963,0.2009465187362801,0.6157891501091077,1.433264577925114,0.7732527930847796
0.4283854752845391,0.15693890333457544,0.15515845799923184,0.16376833150900436,0.46284229136204746,2.0217738959225033,1.0894179113501492,0.4283854752845391,0.15693890333457544,0.15515845799923184,0.16376833150900436,0.46284229136204746,2.0217738959225033,1.0894179113501492
0.2984879598599737,0.139415053103271,0.13604514512059757,0.32444312529377584,0.4796521289917157,1.6488398963207267,0.9230462903234136,0.2984879598599737,0.139415053103271,0.13604514512059757,0.32444312529377584,0.4796521289917157,1.6488398963207267,0.9230462903234136
0.08144248097849914,0.19344060491282491,0.07898362828722537,0.0893314485121553,0.6399532395763373,1.8155245096034474,0.9996301173266786,0.08144248097849914,0.19344060491282491,0.07898362828722537,0.0893314485121553,0.6399532395763373,1.8155245096034474,0.9996301173266786
0.1098063312555155,0.2688946196088099,0.11847698851930011,0.31610331341067616,0.6078410060985653,1.8074479539472408,0.5495120213420349,0.1098063312555155,0.2688946196088099,0.11847698851930011,0.31610331341067616,0.6078410060985653,1.8074479539472408,0.5495120213420349
0.33785909926436275,0.14841176559115662,0.15918929143626803,0.18037837649016436,0.4173359705100707,1.4099374300336935,1.174014947892656,0.33785909926436275,0.14841176559115662,0.15918929143626803,0.18037837649016436,0.4173359705100707,1.4099374300336935,1.174014947892656
0.0748471027627118,0.029626001265613048,0.029710549904721287,0.2316513696401542,0.6696227807065037,1.9313724497395584,0.8359593526541437,0.0748471027627118,0.029626001265613048,0.029710549904721287,0.2316513696401542,0.6696227807065037,1.9313724497395584,0.8359593526541437
0.13128982379501905,0.2853017527620345,0.12617206995119312,0.31265803207120096,0.417753436512479,1.5479758187379347,1.2016550346945,0.13128982379501905,0.2853017527620345,0.12617206995119312,0.31265803207120096,0.417753436512479,1.5479758187379347,1.2016550346945
0.23984951051418665,0.10382938759477806,0.10812979809878913,0.12482086872368871,0.7368702102681189,1.8366931549372916,0.0,0.23984951051418665,0.10382938759477806,0.10812979809878913,0.12482086872368871,0.7368702102681189,1.8366931549372916,0.0
0.1392472681353968,0.32620470423971776,0.13547657388489467,0.2091939591638757,0.6334523691238994,2.0113374202919476,0.11638481236290373,0.1392472681353968,0.32620470423971776,0.13547657388489467,0.2091939591638757,0.6334523691238994,2.0113374202919476,0.11638481236290373
0.04519976091711407,0.10995222661235374,0.049000092188273905,0.2961022323845278,0.7579767348409545,1.8367916682421064,0.04971608100783784,0.04519976091711407,0.10995222661235374,0.049000092188273905,0.2961022323845278,0.7579767348409545,1.8367916682421064,0.04971608100783784
0.21175528688845038,0.11817562402526925,0.10488367534336954,0.14927505361603055,0.7016284625066445,1.7606220608533698,0.132403792443164,0.21175528688845038,0.11817562402526925,0.10488367534336954,0.14927505361603055,0.7016284625066445,1.7606220608533698,0.132403792443164
8.232072272380016e-18,1.4938955967819082e-17,9.232306346792073e-18,1.8976839048381533e-17,3.739086144791336e-17,8.669439073362174e-17,1.6043137612165097,8.232072272380016e-18,1.4938955967819082e-17,9.232306346792073e-18,1.8976839048381533e-17,3.739086144791336e-17,8.669439073362174e-17,1.6043137612165097
0.20426270980055122,0.09206281633022204,0.09440376255089047,0.11845244812595412,0.6418602265809182,1.6465363427367832,0.8263385635858794,0.20426270980055122,0.09206281633022204,0.09440376255089047,0.11845244812595412,0.6418602265809182,1.6465363427367832,0.8263385635858794
0.21543320978405453,0.09379287004431756,0.1023994346935172,0.11592747809902958,0.6461409688660275,1.618687452460028,0.7360408555481673,0.21543320978405453,0.09379287004431756,0.1023994346935172,0.11592747809902958,0.6461409688660275,1.618687452460028,0.7360408555481673
0.11944789015445866,0.3172208632390274,0.12425794128072701,0.14180591300896006,0.5615576324617895,1.8643491543944832,1.0344334124785308,0.11944789015445866,0.3172208632390274,0.12425794128072701,0.14180591300896006,0.5615576324617895,1.8643491543944832,1.0344334124785308
0.1457285001871048,0.3150013989492468,0.13965242562800623,0.1556986055855717,0.47160597694012446,1.548851984701362,1.2029297311496963,0.1457285001871048,0.3150013989492468,0.13965242562800623,0.1556986055855717,0.47160597694012446,1.548851984701362,1.2029297311496963
0.24325379402335653,0.11050518739864601,0.1217215991632222,0.13337305867552252,0.6103711634676414,1.5191362555674712,0.7799927068242791,0.24325379402335653,0.11050518739864601,0.1217215991632222,0.13337305867552252,0.6103711634676414,1.5191362555674712,0.7799927068242791
0.17792804237031815,0.46639615911979787,0.17627769414332026,0.20044277479731884,0.5183605606581303,2.1696048479578343,0.23963133857677235,0.17792804237031815,0.46639615911979787,0.17627769414332026,0.20044277479731884,0.5183605606581303,2.1696048479578343,0.23963133857677235
0.1594721242992749,0.38843829000090946,0.15189830092478934,0.16838633303544007,0.4289843241223505,1.7749514537738755,1.2503937282995503,0.1594721242992749,0.38843829000090946,0.15189830092478934,0.16838633303544007,0.4289843241223505,1.7749514537738755,1.2503937282995503
0.135617833288609,0.35244053479739396,0.14437561637743562,0.15455786828054277,0.6347593104797968,2.0098992064327867,0.0021399323600840062,0.135617833288609,0.35244053479739396,0.14437561637743562,0.15455786828054277,0.6347593104797968,2.0098992064327867,0.0021399323600840062
0.07215640487294506,0.14396863854004388,0.07543862985294042,0.3699104293004029,0.6402572051617582,1.6235726215074886,0.0006489610988130963,0.07215640487294506,0.14396863854004388,0.07543862985294042,0.3699104293004029,0.6402572051617582,1.6235726215074886,0.0006489610988130963
0.04420422860492781,0.09128976576882092,0.04447746113506471,0.2517651612284535,0.6230604484919143,1.5495946278126602,0.8681337007181851,0.04420422860492781,0.09128976576882092,0.04447746113506471,0.2517651612284535,0.6230604484919143,1.5495946278126602,0.8681337007181851
0.160246330244376,0.07921373001129976,0.08264837514937327,0.19350337190183725,0.6093517166367894,1.4752243925326547,0.8860642800094594,0.160246330244376,0.07921373001129976,0.08264837514937327,0.19350337190183725,0.6093517166367894,1.4752243925326547,0.8860642800094594
0.1912171793696775,0.08602345983193632,0.09419112352239438,0.21394309677073114,0.6991516129087634,1.6951543747388558,0.023303259011746014,0.1912171793696775,0.08602345983193632,0.09419112352239438,0.21394309677073114,0.6991516129087634,1.6951543747388558,0.023303259011746014
0.08358326874586366,0.24187237440104542,0.0884243182859406,0.1293988499936929,0.5504346840436533,1.8148640269865968,1.3758565807177172,0.08358326874586366,0.24187237440104542,0.0884243182859406,0.1293988499936929,0.5504346840436533,1.8148640269865968,1.3758565807177172
0.17883241437407904,0.3074617760986763,0.14520172043560647,0.35761447928723605,0.5105948204755194,1.7923530225441429,0.5980403321981014,0.17883241437407904,0.3074617760986763,0.14520172043560647,0.35761447928723605,0.5105948204755194,1.7923530225441429,0.5980403321981014
0.09635532109106795,0.04611022399669698,0.049142053983735265,0.25866983068379046,0.6332773023657551,1.5459696166950574,0.7721976814247841,0.09635532109106795,0.04611022399669698,0.049142053983735265,0.25866983068379046,0.6332773023657551,1.5459696166950574,0.7721976814247841
0.37670322686226126,0.14803585780022105,0.1593218381947003,0.17498502823678808,0.45385975944754225,1.655671360959882,1.1102312878628495,0.37670322686226126,0.14803585780022105,0.1593218381947003,0.17498502823678808,0.45385975944754225,1.655671360959882,1.1102312878628495
0.06664698938820639,0.17193644475528672,0.061952744118622276,0.0844362784241722,0.6313061101859542,1.9833710832403895,1.2257100867203463,0.06664698938820639,0.17193644475528672,0.061952744118622276,0.0844362784241722,0.6313061101859542,1.9833710832403895,1.2257100867203463
0.1156999673317209,0.25915755278016095,0.11037483124999013,0.2766188117377572,0.5983204948248378,1.8651199282724382,0.7105878974846144,0.1156999673317209,0.25915755278016095,0.11037483124999013,0.2766188117377572,0.5983204948248378,1.8651199282724382,0.7105878974846144
0.41945799287819724,0.21311674750234028,0.2390464852358721,0.2681310726318988,0.3101576136823279,1.3124294252034963,0.788877013847183,0.41945799287819724,0.21311674750234028,0.2390464852358721,0.2681310726318988,0.3101576136823279,1.3124294252034963,0.788877013847183
0.19565052261435695,0.09284192062496939,0.10266143406395199,0.22247219426223047,0.6901357342330485,1.6021024992085717,0.02223155078880922,0.19565052261435695,0.09284192062496939,0.10266143406395199,0.22247219426223047,0.6901357342330485,1.6021024992085717,0.02223155078880922
0.24961998361264232,0.5599377767098046,0.22881201629863127,0.2553324040188558,0.31284425489430445,2.0601811082254367,0.0,0.24961998361264232,0.5599377767098046,0.22881201629863127,0.2553324040188558,0.31284425489430445,2.0601811082254367,0.0
0.10236649166501502,0.04840244223845368,0.05354046977854237,0.2640940563381933,0.6181669482100368,1.4454701098166072,0.7778596943484833,0.10236649166501502,0.04840244223845368,0.05354046977854237,0.2640940563381933,0.6181669482100368,1.4454701098166072,0.7778596943484833
0.05538579053792443,0.10617892902567982,0.06058409819260179,0.26530979711893027,0.5877623620196379,1.2884860209781703,0.8476002039843779,0.05538579053792443,0.10617892902567982,0.06058409819260179,0.26530979711893027,0.5877623620196379,1.2884860209781703,0.8476002039843779
0.5110224885475221,0.21613754385767248,0.2094905615529905,0.23305240674745806,0.24044546243355996,1.804767987591263,1.0085532724571131,0.5110224885475221,0.21613754385767248,0.2094905615529905,0.23305240674745806,0.24044546243355996,1.804767987591263,1.0085532724571131
0.08276047104223101,0.03189807409889173,0.03419152748533314,0.23080125413243535,0.645068977049134,1.7938305221044422,0.9282649947868883,0.08276047104223101,0.03189807409889173,0.03419152748533314,0.23080125413243535,0.645068977049134,1.7938305221044422,0.9282649947868883
0.35086580426973896,0.20490062083876348,0.14134098189445876,0.19027533341840833,0.46071878993142046,1.892014215508818,1.2238866083314774,0.35086580426973896,0.20490062083876348,0.14134098189445876,0.19027533341840833,0.46071878993142046,1.892014215508818,1.2238866083314774
0.10613337267559071,0.19472845956909154,0.1182220336451177,0.25863638287464497,0.662425655411795,1.4150060743494532,0.0323061427944821,0.10613337267559071,0.19472845956909154,0.1182220336451177,0.25863638287464497,0.662425655411795,1.4150060743494532,0.0323061427944821
0.046563978332746364,0.10372516013156435,0.050360120668774794,0.26266491264797376,0.6227325739755444,1.5509685719788975,0.8190651096237183,0.046563978332746364,0.10372516013156435,0.050360120668774794,0.26266491264797376,0.6227325739755444,1.5509685719788975,0.8190651096237183
0.27791830036949594,0.12997849643891016,0.126112931383573,0.32954766049882017,0.45317368384538914,1.5822780281816906,1.067436155731221,0.27791830036949594,0.12997849643891016,0.126112931383573,0.32954766049882017,0.45317368384538914,1.5822780281816906,1.067436155731221
0.04601203100289069,0.10619757946827427,0.04310271616933099,0.31088107292833417,0.5975266077984472,1.8322979806303985,1.0143046736412722,0.04601203100289069,0.10619757946827427,0.04310271616933099,0.31088107292833417,0.5975266077984472,1.8322979806303985,1.0143046736412722
0.3090500370716856,0.12000444755051688,0.12589693155439236,0.3227026698738608,0.4861915437411764,1.7986864449996662,0.992809687497692,0.3090500370716856,0.12000444755051688,0.12589693155439236,0.3227026698738608,0.4861915437411764,1.7986864449996662,0.992809687497692
0.182268163072815,0.43030842253055496,0.18086451347499946,0.237822300789003,0.5337738895881993,1.9667909858227153,0.2509089129280157,0.182268163072815,0.43030842253055496,0.18086451347499946,0.237822300789003,0.5337738895881993,1.9667909858227153,0.2509089129280157
0.10876054406493876,0.23060348742738987,0.110146583692859,0.6360847700420325,0.32116089251632346,1.7773315960721956,0.031173172074420333,0.10876054406493876,0.23060348742738987,0.110146583692859,0.6360847700420325,0.32116089251632346,1.7773315960721956,0.031173172074420333
0.056031122996632474,0.11055782770853496,0.052494688358658,0.31800663726806244,0.606231606625534,1.6521968483988918,0.8045244238447451,0.056031122996632474,0.11055782770853496,0.052494688358658,0.31800663726806244,0.606231606625534,1.6521968483988918,0.8045244238447451
0.14759414974034435,0.2972976517797292,0.13630013569628083,0.3658058783927167,0.4743053878749224,1.70081154386183,0.8280181839654595,0.14759414974034435,0.2972976517797292,0.13630013569628083,0.3658058783927167,0.4743053878749224,1.70081154386183,0.8280181839654595
0.09301263783618062,0.04875083156467276,0.04669006329419662,0.25071333410580865,0.6208680508887533,1.5252487533808368,0.8613617473658272,0.09301263783618062,0.04875083156467276,0.04669006329419662,0.25071333410580865,0.6208680508887533,1.5252487533808368,0.8613617473658272
0.32762614243926447,0.13103325021690906,0.13680764021842337,0.1517345662098611,0.5919836632659432,1.8324072980764232,0.7966289164830263,0.32762614243926447,0.13103325021690906,0.13680764021842337,0.1517345662098611,0.5919836632659432,1.8324072980764232,0.7966289164830263
0.22377219818660837,0.0876095558136307,0.09410830548385501,0.11070023899222088,0.6076637829108644,1.6883512362285376,1.0634944187379929,0.22377219818660837,0.0876095558136307,0.09410830548385501,0.11070023899222088,0.6076637829108644,1.6883512362285376,1.0634944187379929
0.12101890096723869,0.05709568954777606,0.05296411439327193,0.34236816024544736,0.6734295626153237,1.9364206399282942,0.03826121096809591,0.12101890096723869,0.05709568954777606,0.05296411439327193,0.34236816024544736,0.6734295626153237,1.9364206399282942,0.03826121096809591
0.12616000922882578,0.29613977739572644,0.1327964985081866,0.31822188667849577,0.5019293358681577,1.6704543332195638,0.8762988455132531,0.12616000922882578,0.29613977739572644,0.1327964985081866,0.31822188667849577,0.5019293358681577,1.6704543332195638,0.8762988455132531
0.09804616859504771,0.18364149505472846,0.10324588581125159,0.24574825613908968,0.6783557493494495,1.5299218262835315,0.0006153179441308429,0.09804616859504771,0.18364149505472846,0.10324588581125159,0.24574825613908968,0.6783557493494495,1.5299218262835315,0.0006153179441308429
0.16708510989799044,0.40222223649511823,0.16914488579650258,0.17106576845309374,0.4793165673991266,2.0344994278201303,1.0699658617207306,0.16708510989799044,0.40222223649511823,0.16914488579650258,0.17106576845309374,0.4793165673991266,2.0344994278201303,1.0699658617207306
0.2327855881389171,0.11323165381137965,0.11756117440303417,0.1355822754816824,0.6935751156518196,1.671540342519455,0.14172019159543747,0.2327855881389171,0.11323165381137965,0.11756117440303417,0.1355822754816824,0.6935751156518196,1.671540342519455,0.14172019159543747
0.22588529038376312,0.10234530284042466,0.10602292980745422,0.11704732202832219,0.6444174978059052,1.63543376562263,0.7907975079288022,0.22588529038376312,0.10234530284042466,0.10602292980745422,0.11704732202832219,0.6444174978059052,1.63543376562263,0.7907975079288022
0.21282997899269177,0.09022084280368665,0.09809370600800399,0.11077461721882391,0.6474616686897884,1.6589305811579225,0.7685081245249443,0.21282997899269177,0.09022084280368665,0.09809370600800399,0.11077461721882391,0.6474616686897884,1.6589305811579225,0.7685081245249443
0.1614524121973288,0.06693957572822644,0.07738409875876837,0.17421801223791486,0.6399508480635635,1.723458231587491,0.905182469477013,0.1614524121973288,0.06693957572822644,0.07738409875876837,0.17421801223791486,0.6399508480635635,1.723458231587491,0.905182469477013
0.18871000213480726,0.08365951137179817,0.0977407598952996,0.21296158286563915,0.6198137998138107,1.556556699634785,0.8052563490378398,0.18871000213480726,0.08365951137179817,0.0977407598952996,0.21296158286563915,0.6198137998138107,1.556556699634785,0.8052563490378398
0.11394229230070882,0.2311475584719111,0.11730259218797592,0.625085564804577,0.3326946941283459,1.6814958675700906,0.029746756852642883,0.11394229230070882,0.2311475584719111,0.11730259218797592,0.625085564804577,0.3326946941283459,1.6814958675700906,0.029746756852642883
0.1451156549520796,0.34487259412175564,0.1446169858572972,0.36308501479659516,0.5546201543482236,1.9828731887747935,0.049893079050622124,0.1451156549520796,0.34487259412175564,0.1446169858572972,0.36308501479659516,0.5546201543482236,1.9828731887747935,0.049893079050622124
0.19693301779363534,0.3491557651789275,0.16946559627901295,0.4204300562073764,0.25828402570438247,1.5565147704148004,1.0007966967782986,0.19693301779363534,0.3491557651789275,0.16946559627901295,0.4204300562073764,0.25828402570438247,1.5565147704148004,1.0007966967782986
0.13916744979457216,0.34565410675102887,0.1400644171904806,0.18488169616485114,0.628232259109516,2.031876382453649,0.25798078162381594,0.13916744979457216,0.34565410675102887,0.1400644171904806,0.18488169616485114,0.628232259109516,2.031876382453649,0.25798078162381594
0.1783548996028319,0.07084091254946197,0.07583942952358903,0.523817061048575,0.522575594655602,1.9465880838906795,0.031172502276806624,0.1783548996028319,0.07084091254946197,0.07583942952358903,0.523817061048575,0.522575594655602,1.9465880838906795,0.031172502276806624
0.38887928688059864,0.1704744278077365,0.18664039333759003,0.4351836457744765,0.2980017414826433,1.5874435114814291,0.7750000049172604,0.38887928688059864,0.1704744278077365,0.18664039333759003,0.4351836457744765,0.2980017414826433,1.5874435114814291,0.7750000049172604
0.33223984095786274,0.13481763531566432,0.13581406364373041,0.3552572511213243,0.5168364680536923,1.9389282946969375,0.636558509817514,0.33223984095786274,0.13481763531566432,0.13581406364373041,0.3552572511213243,0.5168364680536923,1.9389282946969375,0.636558509817514
0.09953952008057006,0.21892570157582494,0.09892779290732448,0.11207173835231478,0.6406193535823964,1.6786322378237886,0.862170496176089,0.09953952008057006,0.21892570157582494,0.09892779290732448,0.11207173835231478,0.6406193535823964,1.6786322378237886,0.862170496176089
0.04459767217955643,0.09675987794675185,0.049079102665100204,0.25558393544432756,0.61272260575416,1.468906842480111,0.8482558101768128,0.04459767217955643,0.09675987794675185,0.049079102665100204,0.25558393544432756,0.61272260575416,1.468906842480111,0.8482558101768128
0.394657377860851,0.13992402979721244,0.1485013708980892,0.17339152757420742,0.4616393513480464,1.8720208976896169,1.1698578575379692,0.394657377860851,0.13992402979721244,0.1485013708980892,0.17339152757420742,0.4616393513480464,1.8720208976896169,1.1698578575379692
0.3695370882396412,0.17499547387481731,0.1715398318793232,0.18856192100564045,0.4793322597802851,1.6192683028183499,0.9088506982023827,0.3695370882396412,0.17499547387481731,0.1715398318793232,0.18856192100564045,0.4793322597802851,1.6192683028183499,0.9088506982023827
0.0514248690465553,0.10000966902471115,0.04757867235055667,0.2816151179108951,0.7027683251182708,1.8076141025452552,0.0,0.0514248690465553,0.10000966902471115,0.04757867235055667,0.2816151179108951,0.7027683251182708,1.8076141025452552,0.0
0.15423658663579065,0.4013560317266077,0.16470874906412114,0.17566682759118404,0.5098875486972385,1.8377221903147811,0.8737450566581878,0.15423658663579065,0.4013560317266077,0.16470874906412114,0.17566682759118404,0.5098875486972385,1.8377221903147811,0.8737450566581878
0.4671186416868827,0.17364396658882694,0.1852667648375775,0.19764090509319807,0.2116725182641586,1.61061674138524,1.3817350541365543,0.4671186416868827,0.17364396658882694,0.1852667648375775,0.19764090509319807,0.2116725182641586,1.61061674138524,1.3817350541365543
0.08192212311588987,0.17775426645703207,0.07144070779210995,0.09590619807709792,0.6284791751504838,1.8216326250469808,1.1342860423028718,0.08192212311588987,0.17775426645703207,0.07144070779210995,0.09590619807709792,0.6284791751504838,1.8216326250469808,1.1342860423028718
0.09503178679143598,0.2077914467311226,0.10457781512044892,0.2575923182037221,0.5586296330549366,1.4489640239112598,0.900850099507969,0.09503178679143598,0.2077914467311226,0.10457781512044892,0.2575923182037221,0.5586296330549366,1.4489640239112598,0.900850099507969
0.17528703948588661,0.4670529640996135,0.17331405937160566,0.1970444309998845,0.5246003859355498,2.2058702792272578,0.24327926249257023,0.17528703948588661,0.4670529640996135,0.17331405937160566,0.1970444309998845,0.5246003859355498,2.2058702792272578,0.24327926249257023
0.09612488984172872,0.18937779107538258,0.10005394331712865,0.22504546650255028,0.6905788080603354,1.6073564194775052,0.13525490179075117,0.09612488984172872,0.18937779107538258,0.10005394331712865,0.22504546650255028,0.6905788080603354,1.6073564194775052,0.13525490179075117
0.10851739496667114,0.050533094133634514,0.05974273736541411,0.2926834725810922,0.7036043005272359,1.656641082656776,0.11228722167554872,0.10851739496667114,0.050533094133634514,0.05974273736541411,0.2926834725810922,0.7036043005272359,1.656641082656776,0.11228722167554872
0.050643658039714295,0.09638715470582779,0.04938204513142873,0.2559396312322854,0.6195459483536164,1.4954922376889028,0.8386987300482197,0.050643658039714295,0.09638715470582779,0.04938204513142873,0.2559396312322854,0.6195459483536164,1.4954922376889028,0.8386987300482197
0.14754135495964157,0.30345546102355564,0.13570869586925735,0.36260833931207553,0.4747079732071971,1.7380413374746602,0.8437424019167669,0.14754135495964157,0.30345546102355564,0.13570869586925735,0.36260833931207553,0.4747079732071971,1.7380413374746602,0.8437424019167669
0.04849441752275406,0.10266001360841172,0.05323189828550213,0.26661713234497975,0.6024432436449423,1.4319166729598756,0.8458784595566591,0.04849441752275406,0.10266001360841172,0.05323189828550213,0.26661713234497975,0.6024432436449423,1.4319166729598756,0.8458784595566591
0.13699432877815296,0.34872255964190363,0.13708118243447756,0.3668725219288365,0.5484162952045856,2.0996753399824817,0.15142058047544132,0.13699432877815296,0.34872255964190363,0.13708118243447756,0.3668725219288365,0.5484162952045856,2.0996753399824817,0.15142058047544132
2.8630688777353063e-17,9.971003755136936e-18,1.0229476369285888e-17,1.1645851691028696e-17,3.279372979582418e-17,1.404738616858088e-16,2.420537594271373,2.8630688777353063e-17,9.971003755136936e-18,1.0229476369285888e-17,1.1645851691028696e-17,3.279372979582418e-17,1.404738616858088e-16,2.420537594271373
0.10646543756072009,0.19629310269838518,0.10153153517277058,0.11151342592428375,0.5548495253261888,1.3552204230770826,1.0823088192797692,0.10646543756072009,0.19629310269838518,0.10153153517277058,0.11151342592428375,0.5548495253261888,1.3552204230770826,1.0823088192797692
0.1339010321809782,0.2787100527961528,0.13241624670064042,0.36377755119105815,0.4990062124285057,1.6416359436330477,0.7605508147208623,0.1339010321809782,0.2787100527961528,0.13241624670064042,0.36377755119105815,0.4990062124285057,1.6416359436330477,0.7605508147208623
0.1341635525338047,0.3448945331977161,0.14416820009357073,0.15921842618149673,0.6367261528166448,1.9716299671170265,0.07795209946458258,0.1341635525338047,0.3448945331977161,0.14416820009357073,0.15921842618149673,0.6367261528166448,1.9716299671170265,0.07795209946458258
0.09128170589436559,0.16401371952226348,0.08484249294400073,0.2121300894245743,0.6377590864043355,1.5528663178904125,0.7202032637818936,0.09128170589436559,0.16401371952226348,0.08484249294400073,0.2121300894245743,0.6377590864043355,1.5528663178904125,0.7202032637818936
0.2659532334153708,0.123598067004076,0.13202740118743125,0.1610495877655799,0.5814048195737436,1.5043550280081883,0.846705426905375,0.2659532334153708,0.123598067004076,0.13202740118743125,0.1610495877655799,0.5814048195737436,1.5043550280081883,0.846705426905375
0.06551195832644101,0.11394990696688052,0.06712453479079408,0.2848322987639152,0.628592531302464,1.2966195920363186,0.7686836834889891,0.06551195832644101,0.11394990696688052,0.06712453479079408,0.2848322987639152,0.628592531302464,1.2966195920363186,0.7686836834889891
0.09462328772704164,0.04346272914818294,0.051342752140190434,0.2576064987546943,0.6265823346242022,1.491934771068856,0.8615948454829669,0.09462328772704164,0.04346272914818294,0.051342752140190434,0.2576064987546943,0.6265823346242022,1.491934771068856,0.8615948454829669
0.17329893676398014,0.4073971136834061,0.16793194636436834,0.17961151422792415,0.47325174332538306,1.8241055484938609,0.9408652521988495,0.17329893676398014,0.4073971136834061,0.16793194636436834,0.17961151422792415,0.47325174332538306,1.8241055484938609,0.9408652521988495
0.11924456964209719,0.25184487555960405,0.12850352004079643,0.3176821095495767,0.6198920361780649,1.6550243806757658,0.0367022909251298,0.11924456964209719,0.25184487555960405,0.12850352004079643,0.3176821095495767,0.6198920361780649,1.6550243806757658,0.0367022909251298
0.10145477081649389,0.05447862279036503,0.04597263540749758,0.3105908958771843,0.5890226573695415,1.6943556872389234,0.9725952246553843,0.10145477081649389,0.05447862279036503,0.04597263540749758,0.3105908958771843,0.5890226573695415,1.6943556872389234,0.9725952246553843
0.15634369422080496,0.41275294843782034,0.15393377624265495,0.16226778944319037,0.5132123418094879,2.02701373889839,0.9531145562782035,0.15634369422080496,0.41275294843782034,0.15393377624265495,0.16226778944319037,0.5132123418094879,2.02701373889839,0.9531145562782035
0.5062426268111476,0.1951169002656159,0.20938789840207817,0.23028943803927465,0.2410746477692117,1.7320734493715324,1.052901153317133,0.5062426268111476,0.1951169002656159,0.20938789840207817,0.23028943803927465,0.2410746477692117,1.7320734493715324,1.052901153317133
0.16905506614622776,0.07288832063696817,0.07777782635441136,0.20387767226659012,0.6757631389146252,1.705951748059771,0.6418904255965651,0.16905506614622776,0.07288832063696817,0.07777782635441136,0.20387767226659012,0.6757631389146252,1.705951748059771,0.6418904255965651
0.1459021711503369,0.30819885770976174,0.1442238052897499,0.1571831480990395,0.57445212846799,1.6572813996084659,0.785525203781192,0.1459021711503369,0.30819885770976174,0.1442238052897499,0.1571831480990395,0.57445212846799,1.6572813996084659,0.785525203781192
6.8796208845266475e-18,1.3535152537338606e-17,6.797961904314407e-18,9.338404043868044e-18,4.26094708872786e-17,1.0426809991800078e-16,1.8657217888837583,6.8796208845266475e-18,1.3535152537338606e-17,6.797961904314407e-18,9.338404043868044e-18,4.26094708872786e-17,1.0426809991800078e-16,1.8657217888837583
0.25050326097158965,0.5015896036687326,0.2574082329154647,0.2829191842383417,0.3452636800991432,1.660316257667379,0.000658278935395739,0.25050326097158965,0.5015896036687326,0.2574082329154647,0.2829191842383417,0.3452636800991432,1.660316257667379,0.000658278935395739
0.20589471367961928,0.08411055567824272,0.09090440327306742,0.10411969690018794,0.6130300208434232,1.6126154468667366,1.027768370347389,0.20589471367961928,0.08411055567824272,0.09090440327306742,0.10411969690018794,0.6130300208434232,1.6126154468667366,1.027768370347389
0.04586113454581924,0.10456666744877673,0.05016365869941476,0.2723437098375059,0.651585674625612,1.6018262179454263,0.730001599859596,0.04586113454581924,0.10456666744877673,0.05016365869941476,0.2723437098375059,0.651585674625612,1.6018262179454263,0.730001599859596
0.08628338549412097,0.03864351178766916,0.03952483705484843,0.24303795127847194,0.6264452759232026,1.6287114565948544,0.9127588271811333,0.08628338549412097,0.03864351178766916,0.03952483705484843,0.24303795127847194,0.6264452759232026,1.6287114565948544,0.9127588271811333
0.1716251720683427,0.0901523737568202,0.09448017004606392,0.2053134439401749,0.6120331317627687,1.3989655973716124,0.7669753867587583,0.1716251720683427,0.0901523737568202,0.09448017004606392,0.2053134439401749,0.6120331317627687,1.3989655973716124,0.7669753867587583
0.08453614871316849,0.03853810916645744,0.03865724911213834,0.2426776046859907,0.5874902702319016,1.55202242679808,1.081381375368375,0.08453614871316849,0.03853810916645744,0.03865724911213834,0.2426776046859907,0.5874902702319016,1.55202242679808,1.081381375368375
0.06791822098072064,0.13964427067130525,0.06505921113495958,0.3828601482943642,0.4274105855593827,1.422960940813543,1.2394883165502262,0.06791822098072064,0.13964427067130525,0.06505921113495958,0.3828601482943642,0.4274105855593827,1.422960940813543,1.2394883165502262
0.11448757682580492,0.0540713686456373,0.059800655269482195,0.2965135090500177,0.685793823887465,1.6096829423776828,0.0074649436811482905,0.11448757682580492,0.0540713686456373,0.059800655269482195,0.2965135090500177,0.685793823887465,1.6096829423776828,0.0074649436811482905
0.2206501803530891,0.10862198894122142,0.1036308051396321,0.11206393998076265,0.6427856256700978,1.662543931008057,0.8012657836101869,0.2206501803530891,0.10862198894122142,0.1036308051396321,0.11206393998076265,0.6427856256700978,1.662543931008057,0.8012657836101869
0.35535350359881385,0.14989688451253644,0.16243910582463647,0.20372596449352356,0.5073369237451452,1.636494349368138,0.858896859765925,0.35535350359881385,0.14989688451253644,0.16243910582463647,0.20372596449352356,0.5073369237451452,1.636494349368138,0.858896859765925
0.1053776390414672,0.21913706253844792,0.1052261108103804,0.11546291145309122,0.6202483986110812,1.5818527329821426,0.8548851388445851,0.1053776390414672,0.21913706253844792,0.1052261108103804,0.11546291145309122,0.6202483986110812,1.5818527329821426,0.8548851388445851
0.1904234356141822,0.07209243560020781,0.07370036675051297,0.07837287408286754,0.6364004158337634,1.8702105461910472,1.0776365560893748,0.1904234356141822,0.07209243560020781,0.07370036675051297,0.07837287408286754,0.6364004158337634,1.8702105461910472,1.0776365560893748
0.14270633199119867,0.2253298102619712,0.14928713297143434,0.5086294284110403,0.3402451337966877,1.2219914130831113,0.6388262344869796,0.14270633199119867,0.2253298102619712,0.14928713297143434,0.5086294284110403,0.3402451337966877,1.2219914130831113,0.6388262344869796
0.16951518630588047,0.3898957693754316,0.16132974133154734,0.22680091107156092,0.45715245368337704,1.9121158271867942,1.053914102156238,0.16951518630588047,0.3898957693754316,0.16132974133154734,0.22680091107156092,0.45715245368337704,1.9121158271867942,1.053914102156238
0.24430917895922816,0.10642120094028376,0.11133088210164785,0.1206371410007919,0.698124518861842,1.8315388110360047,0.003136833467420203,0.24430917895922816,0.10642120094028376,0.11133088210164785,0.1206371410007919,0.698124518861842,1.8315388110360047,0.003136833467420203
0.3602624444991413,0.15612241747866748,0.1494939046510199,0.38768344687960105,0.5150558088093392,2.018150493142291,0.012232781176023543,0.3602624444991413,0.15612241747866748,0.1494939046510199,0.38768344687960105,0.5150558088093392,2.018150493142291,0.012232781176023543
0.3255851757401745,0.13520245116700425,0.13521557807459048,0.14257336914660332,0.5681171009866779,1.8892384662866282,0.9443283714546473,0.3255851757401745,0.13520245116700425,0.13521557807459048,0.14257336914660332,0.5681171009866779,1.8892384662866282,0.9443283714546473
0.2340264208082244,0.5661871236740299,0.2205863974438506,0.3130629099714939,0.27589868209274493,2.1379692994053046,0.006639285088869491,0.2340264208082244,0.5661871236740299,0.2205863974438506,0.3130629099714939,0.27589868209274493,2.1379692994053046,0.006639285088869491
0.35940742924683433,0.15194343531502127,0.14196451735514123,0.22219603712668512,0.4543271684429436,1.7984321265222676,1.1850651901985025,0.35940742924683433,0.15194343531502127,0.14196451735514123,0.22219603712668512,0.4543271684429436,1.7984321265222676,1.1850651901985025
0.1928539947179059,0.08781023215585491,0.09648605186874017,0.21520114595420342,0.6963366284574042,1.6655124866755584,0.13989895463920074,0.1928539947179059,0.08781023215585491,0.09648605186874017,0.21520114595420342,0.6963366284574042,1.6655124866755584,0.13989895463920074
0.35330556576903627,0.18380986601505359,0.19606006545061141,0.4392492700964032,0.3072974582005733,1.4121416662068336,0.6865003621061523,0.35330556576903627,0.18380986601505359,0.19606006545061141,0.4392492700964032,0.3072974582005733,1.4121416662068336,0.6865003621061523
0.23143915514515062,0.12757133748912136,0.13857176732071078,0.1582549642403006,0.6429798895885135,1.2894796120900558,0.6746308149970245,0.23143915514515062,0.12757133748912136,0.13857176732071078,0.1582549642403006,0.6429798895885135,1.2894796120900558,0.6746308149970245
0.17084603310707444,0.4441941328625969,0.178097792502353,0.2127464482144048,0.5321097263468777,2.0448728421393754,0.206435576041308,0.17084603310707444,0.4441941328625969,0.178097792502353,0.2127464482144048,0.5321097263468777,2.0448728421393754,0.206435576041308
0.08593496978561507,0.20831331515481288,0.0951976543404216,0.10393122809118202,0.644292920207785,1.6827491929233622,0.8438577912160354,0.08593496978561507,0.20831331515481288,0.0951976543404216,0.10393122809118202,0.644292920207785,1.6827491929233622,0.8438577912160354
0.04992860995830416,0.09333231699264324,0.04813215964066443,0.25574117893199144,0.6167329924496531,1.4891351260770396,0.8429979463787024,0.04992860995830416,0.09333231699264324,0.04813215964066443,0.25574117893199144,0.6167329924496531,1.4891351260770396,0.8429979463787024
0.11198744915870122,0.28252989896198033,0.12051723902905802,0.15258106043417616,0.5806451065968536,1.7120230789823896,0.9659594017406293,0.11198744915870122,0.28252989896198033,0.12051723902905802,0.15258106043417616,0.5806451065968536,1.7120230789823896,0.9659594017406293
0.04747657679960424,0.10454264476226517,0.0459315908523494,0.30997222970851984,0.5927340154498607,1.7027108536698443,0.9585430084361453,0.04747657679960424,0.10454264476226517,0.0459315908523494,0.30997222970851984,0.5927340154498607,1.7027108536698443,0.9585430084361453
0.10692148915638995,0.2713572003358129,0.11493465434673093,0.15153881157155538,0.6075165252873374,1.7764692761993282,0.8557304269819007,0.10692148915638995,0.2713572003358129,0.11493465434673093,0.15153881157155538,0.6075165252873374,1.7764692761993282,0.8557304269819007
0.362248499857447,0.13208258611425727,0.13893203164220605,0.15184379294519865,0.6338952490112144,2.1394170838385644,0.0,0.362248499857447,0.13208258611425727,0.13893203164220605,0.15184379294519865,0.6338952490112144,2.1394170838385644,0.0
0.08691648822646995,0.03461297001227696,0.03695145134017096,0.23336337758175232,0.6400623096077119,1.7226821112531592,0.9588551593666733,0.08691648822646995,0.03461297001227696,0.03695145134017096,0.23336337758175232,0.6400623096077119,1.7226821112531592,0.9588551593666733
0.3010903194992154,0.13073620429595198,0.1312197675170782,0.1480592482427747,0.5365178676586172,1.6474293857232543,1.066034031664167,0.3010903194992154,0.13073620429595198,0.1312197675170782,0.1480592482427747,0.5365178676586172,1.6474293857232543,1.066034031664167
0.16755973225117998,0.4313533821046291,0.16713486737244182,0.22216048424259147,0.5459001023159364,2.1181201873675115,0.26764743221209203,0.16755973225117998,0.4313533821046291,0.16713486737244182,0.22216048424259147,0.5459001023159364,2.1181201873675115,0.26764743221209203
0.08629230448162042,0.19494897321663265,0.08549990507903421,0.09197973925783541,0.6179037877016159,1.650370260155998,1.041780917212601,0.08629230448162042,0.19494897321663265,0.08549990507903421,0.09197973925783541,0.6179037877016159,1.650370260155998,1.041780917212601
0.1161913381938998,0.2634870978071699,0.1187267293180424,0.12841848665657166,0.4906420985532443,1.4427923193171306,1.2641042046543074,0.1161913381938998,0.2634870978071699,0.1187267293180424,0.12841848665657166,0.4906420985532443,1.4427923193171306,1.2641042046543074
0.0812624443826668,0.03148133703759992,0.039997054688318184,0.23900302192147596,0.6330851478802955,1.7699402277247496,0.9787781590517655,0.0812624443826668,0.03148133703759992,0.039997054688318184,0.23900302192147596,0.6330851478802955,1.7699402277247496,0.9787781590517655
0.22481124451513643,0.10204827123785108,0.10879078458727634,0.1188844926627631,0.6690767091195953,1.6320881043993112,0.6184719581646612,0.22481124451513643,0.10204827123785108,0.10879078458727634,0.1188844926627631,0.6690767091195953,1.6320881043993112,0.6184719581646612
1.194655525232687e-17,5.647345358672595e-18,5.41203537553044e-18,1.3334432289186557e-17,4.411915211319413e-17,1.1392146555897776e-16,2.020479244906442,1.194655525232687e-17,5.647345358672595e-18,5.41203537553044e-18,1.3334432289186557e-17,4.411915211319413e-17,1.1392146555897776e-16,2.020479244906442
0.44013792417099035,0.18702804574304463,0.18914007359157037,0.20339326556440035,0.2320718442971791,1.5113574755908032,1.305736280800128,0.44013792417099035,0.18702804574304463,0.18914007359157037,0.20339326556440035,0.2320718442971791,1.5113574755908032,1.305736280800128
0.40144912506823593,0.1790449561240933,0.1725568829820914,0.45219064620126537,0.28445590506938284,1.7788772913344923,0.8726195860669917,0.40144912506823593,0.1790449561240933,0.1725568829820914,0.45219064620126537,0.28445590506938284,1.7788772913344923,0.8726195860669917
0.09100373641962238,0.16536552003501678,0.10185813866124754,0.23131289595112015,0.5913438670957009,1.4115417437445825,0.8360799994707265,0.09100373641962238,0.16536552003501678,0.10185813866124754,0.23131289595112015,0.5913438670957009,1.4115417437445825,0.8360799994707265
0.10957102667154558,0.201488370903867,0.09811218749592032,0.5838984509949344,0.28121180920556604,1.625443001003985,0.8121520916466427,0.10957102667154558,0.201488370903867,0.09811218749592032,0.5838984509949344,0.28121180920556604,1.625443001003985,0.8121520916466427
0.05523636561645307,0.11151522751862218,0.06164832807142083,0.26059006713277855,0.5961470232146251,1.332722748119858,0.8352772247107894,0.05523636561645307,0.11151522751862218,0.06164832807142083,0.26059006713277855,0.5961470232146251,1.332722748119858,0.8352772247107894
0.10090409232430513,0.19520047615422956,0.10194411658024152,0.2394198718388311,0.7336752288604531,1.424851121799588,0.7647785087419446,0.10090409232430513,0.19520047615422956,0.10194411658024152,0.2394198718388311,0.7336752288604531,1.424851121799588,0.7647785087419446
0.06603444015678608,0.1595163188855228,0.06774868754119637,0.46562462893192585,0.4611145324285702,1.7325208127174405,0.9724349113197055,0.06603444015678608,0.1595163188855228,0.06774868754119637,0.46562462893192585,0.4611145324285702,1.7325208127174405,0.9724349113197055
0.09108850250851369,0.17150321179741768,0.07776296962971474,0.19351071317648144,0.7116175913011207,1.9142339846501415,0.0,0.09108850250851369,0.17150321179741768,0.07776296962971474,0.19351071317648144,0.7116175913011207,1.9142339846501415,0.0
0.24435010355980083,0.11173373958926427,0.10917178200447858,0.27130893375137,0.5581243388900119,1.6848959340466807,0.9129049594514491,0.24435010355980083,0.11173373958926427,0.10917178200447858,0.27130893375137,0.5581243388900119,1.6848959340466807,0.9129049594514491
0.059508156474594454,0.14026354224969528,0.05777368351606126,0.4020728774635755,0.6328554241122961,2.025356122345245,0.14228524341052873,0.059508156474594454,0.14026354224969528,0.05777368351606126,0.4020728774635755,0.6328554241122961,2.025356122345245,0.14228524341052873
0.15824647384252502,0.36770494646514096,0.15323023261559343,0.17126975773572167,0.4168191376883323,1.6248438578000304,1.2605700998340785,0.15824647384252502,0.36770494646514096,0.15323023261559343,0.17126975773572167,0.4168191376883323,1.6248438578000304,1.2605700998340785
0.35294782227427973,0.14376557669269072,0.15526407291289646,0.3694407029642824,0.5247968917805801,1.871288825261926,0.19951411460876686,0.35294782227427973,0.14376557669269072,0.15526407291289646,0.3694407029642824,0.5247968917805801,1.871288825261926,0.19951411460876686
0.11434219655065256,0.2239362435704919,0.11569748542593719,0.2605778590009336,0.6595733074644331,1.6544486503719646,0.0006645303891251651,0.11434219655065256,0.2239362435704919,0.11569748542593719,0.2605778590009336,0.6595733074644331,1.6544486503719646,0.0006645303891251651
0.4482578018973117,0.17779403733002502,0.18721885781512174,0.210691038612513,0.5210416915478914,1.9724542712795539,0.21577454819858102,0.4482578018973117,0.17779403733002502,0.18721885781512174,0.210691038612513,0.5210416915478914,1.9724542712795539,0.21577454819858102
0.13983413711080148,0.2736140034399872,0.13399853225167607,0.3535462319960355,0.4904192943000074,1.5750831300668937,0.8306439178213215,0.13983413711080148,0.2736140034399872,0.13399853225167607,0.3535462319960355,0.4904192943000074,1.5750831300668937,0.8306439178213215
0.05542357604387431,0.10474146933222883,0.057610367901183415,0.2702974306097713,0.6052984436562129,1.3898673412964289,0.7926527656587562,0.05542357604387431,0.10474146933222883,0.057610367901183415,0.2702974306097713,0.6052984436562129,1.3898673412964289,0.7926527656587562
0.234763197922932,0.10096105981646296,0.10999468273114384,0.121378141595513,0.7008706449760979,1.7725306719200706,0.11967841361825098,0.234763197922932,0.10096105981646296,0.10999468273114384,0.121378141595513,0.7008706449760979,1.7725306719200706,0.11967841361825098
0.21857243386294387,0.08135039970296287,0.08643225955654281,0.6711406365808943,0.2774137045014158,2.068552699230443,0.17080795600359075,0.21857243386294387,0.08135039970296287,0.08643225955654281,0.6711406365808943,0.2774137045014158,2.068552699230443,0.17080795600359075
0.26292284063459986,0.11879847009644269,0.12994321093866332,0.2964190105444391,0.42051856615353117,1.3313469263571192,1.1456568464801888,0.26292284063459986,0.11879847009644269,0.12994321093866332,0.2964190105444391,0.42051856615353117,1.3313469263571192,1.1456568464801888
0.39345882892075523,0.14912919035530803,0.15417813989765733,0.1703070428994813,0.5388119566310234,1.9433314109138342,0.838918584318489,0.39345882892075523,0.14912919035530803,0.15417813989765733,0.1703070428994813,0.5388119566310234,1.9433314109138342,0.838918584318489
0.09311036685364776,0.04260357376555702,0.04434049953730523,0.2576811464266111,0.6484665577375566,1.6306985952034192,0.7316479865229312,0.09311036685364776,0.04260357376555702,0.04434049953730523,0.2576811464266111,0.6484665577375566,1.6306985952034192,0.7316479865229312
0.06177720304201261,0.10844579790151582,0.06323787650981383,0.2801734712959846,0.6333759992738854,1.3071329754952064,0.8471340942196802,0.06177720304201261,0.10844579790151582,0.06323787650981383,0.2801734712959846,0.6333759992738854,1.3071329754952064,0.8471340942196802
0.20578252070390365,0.0935209098992256,0.09353958705306495,0.10113723532828679,0.6402684171763533,1.6332811857136815,0.9305679620768875,0.20578252070390365,0.0935209098992256,0.09353958705306495,0.10113723532828679,0.6402684171763533,1.6332811857136815,0.9305679620768875
0.040224970401017725,0.0920508366801937,0.043285510134876734,0.2395612568510862,0.5787070159119286,1.4746780810973912,1.071581273626037,0.040224970401017725,0.0920508366801937,0.043285510134876734,0.2395612568510862,0.5787070159119286,1.4746780810973912,1.071581273626037
0.3969637337250029,0.16594676325728588,0.18188445254804103,0.18790475729231906,0.46235299703092436,1.7072941781008697,0.9341986363686312,0.3969637337250029,0.16594676325728588,0.18188445254804103,0.18790475729231906,0.46235299703092436,1.7072941781008697,0.9341986363686312
0.09035898733019154,0.20963450159866828,0.0958740146010764,0.23351839716144582,0.5572211180810376,1.5544776371215603,1.0294059556632056,0.09035898733019154,0.20963450159866828,0.0958740146010764,0.23351839716144582,0.5572211180810376,1.5544776371215603,1.0294059556632056
0.10382380494116514,0.28771757064760317,0.1098768647077415,0.13190770982064856,0.6839307434463687,2.140202566011462,0.1341544881904075,0.10382380494116514,0.28771757064760317,0.1098768647077415,0.13190770982064856,0.6839307434463687,2.140202566011462,0.1341544881904075
0.380274511812847,0.17931744312160489,0.1782043542930651,0.4365509704321435,0.2685864076648075,1.6146975524984042,0.8714759356283648,0.380274511812847,0.17931744312160489,0.1782043542930651,0.4365509704321435,0.2685864076648075,1.6146975524984042,0.8714759356283648
0.3111050298036489,0.12472248393635922,0.13437481552928796,0.3314385964089242,0.502719064328904,1.7449594907584927,0.8397906601845524,0.3111050298036489,0.12472248393635922,0.13437481552928796,0.3314385964089242,0.502719064328904,1.7449594907584927,0.8397906601845524
0.0960974164399821,0.04604006322634623,0.04878441365954587,0.25615875598943066,0.6153071456668259,1.4777714707728715,0.8418706223276265,0.0960974164399821,0.04604006322634623,0.04878441365954587,0.25615875598943066,0.6153071456668259,1.4777714707728715,0.8418706223276265
0.11749368218025315,0.2206350977450198,0.12105446510194293,0.3023208943778101,0.5528549888063116,1.4053386554807399,0.7639660173985504,0.11749368218025315,0.2206350977450198,0.12105446510194293,0.3023208943778101,0.5528549888063116,1.4053386554807399,0.7639660173985504
0.17469240871531816,0.08125398750006414,0.08288655503466613,0.20728516867882513,0.6491647356727908,1.6231477246955648,0.7728094070498648,0.17469240871531816,0.08125398750006414,0.08288655503466613,0.20728516867882513,0.6491647356727908,1.6231477246955648,0.7728094070498648
0.14105183952747213,0.4043013010640492,0.15008345661094322,0.15829999969478398,0.4973286062246431,1.9565223026365557,1.080839361406007,0.14105183952747213,0.4043013010640492,0.15008345661094322,0.15829999969478398,0.4973286062246431,1.9565223026365557,1.080839361406007
0.1496935365732443,0.3502305808411701,0.14900307483199438,0.37774061645894175,0.5363133150475597,1.9540442928144077,0.1422562755995674,0.1496935365732443,0.3502305808411701,0.14900307483199438,0.37774061645894175,0.5363133150475597,1.9540442928144077,0.1422562755995674
0.08535717837772262,0.1715552814055238,0.08831717151882926,0.2171526226980458,0.633560012303009,1.521556546878361,0.7080346310267357,0.08535717837772262,0.1715552814055238,0.08831717151882926,0.2171526226980458,0.633560012303009,1.521556546878361,0.7080346310267357
0.09896409717130933,0.18949585051838636,0.11168488238716803,0.23453630858312846,0.6441889910796974,1.2946327063676353,0.6773116209428375,0.09896409717130933,0.18949585051838636,0.11168488238716803,0.23453630858312846,0.6441889910796974,1.2946327063676353,0.6773116209428375
0.16673624698640144,0.40833876573241146,0.17088018065289046,0.17272764998853948,0.47311421104253903,2.0406709349954895,1.072887428928904,0.16673624698640144,0.40833876573241146,0.17088018065289046,0.17272764998853948,0.47311421104253903,2.0406709349954895,1.072887428928904
0.21541760840893084,0.3939818452792084,0.19906661386271968,0.23124291923498863,0.2528873504596454,1.3507516500471912,1.1658577296959705,0.21541760840893084,0.3939818452792084,0.19906661386271968,0.23124291923498863,0.2528873504596454,1.3507516500471912,1.1658577296959705
0.1431932717115033,0.3980809493499612,0.1580739452144343,0.2108191083152869,0.4683745709209756,1.9459046036422882,1.0705156555040458,0.1431932717115033,0.3980809493499612,0.1580739452144343,0.2108191083152869,0.4683745709209756,1.9459046036422882,1.0705156555040458
0.4601251920787292,0.18254034220007853,0.19580469900394332,0.21155339619087005,0.24115339494161567,1.5681509569297303,1.2298312466123902,0.4601251920787292,0.18254034220007853,0.19580469900394332,0.21155339619087005,0.24115339494161567,1.5681509569297303,1.2298312466123902
4.817121510806687e-18,8.254118898759944e-18,5.3180584586412604e-18,1.9655747375727528e-17,4.0425339960136004e-17,8.264619603499859e-17,1.5467819445255553,4.817121510806687e-18,8.254118898759944e-18,5.3180584586412604e-18,1.9655747375727528e-17,4.0425339960136004e-17,8.264619603499859e-17,1.5467819445255553
