f_1,f_2,f_3,f_4,f_5,f_6,f_7,f_1_min,f_2_min,f_3_min,f_4_min,f_5_min,f_6_min,f_7_min
2.4843534459190384e-17,1.1968221083366776e-17,0.4503513651467861,0.060324929407641135,0.7899790129198561,0.3938423154476277,0.12063386938959586,2.4843534459190384e-17,1.1968221083366776e-17,0.4503513651467861,0.060324929407641135,0.7899790129198561,0.3938423154476277,0.12063386938959586
0.04777151631858706,0.04817240415597978,0.42340432885415985,0.01618012627537108,0.8110595525099155,0.3983051779062067,0.01643296018938557,0.04777151631858706,0.04817240415597978,0.42340432885415985,0.01618012627537108,0.8110595525099155,0.3983051779062067,0.01643296018938557
0.01660960370549429,0.016772773247868265,0.3939751203773771,0.016019152506635156,0.8060942743500842,0.4345301382195639,0.07547883944506702,0.01660960370549429,0.016772773247868265,0.3939751203773771,0.016019152506635156,0.8060942743500842,0.4345301382195639,0.07547883944506702
3.789000243167476e-18,0.06187906988048351,0.40000079608263983,0.12383808854757561,0.8089061123906451,0.4034111266309283,0.062050056617689274,3.789000243167476e-18,0.06187906988048351,0.40000079608263983,0.12383808854757561,0.8089061123906451,0.4034111266309283,0.062050056617689274
0.05780670878324203,4.352741071647501e-22,0.3737639987880727,2.549694654883188e-39,0.815097937030728,0.43524139336034895,0.05671154993117078,0.05780670878324203,4.352741071647501e-22,0.3737639987880727,2.549694654883188e-39,0.815097937030728,0.43524139336034895,0.05671154993117078
7.187873554536248e-18,0.11738688345963465,0.4972179313474769,5.6682187706662486e-70,0.7693842117716513,0.38353690699666065,4.643834038292587e-252,7.187873554536248e-18,0.11738688345963465,0.4972179313474769,5.6682187706662486e-70,0.7693842117716513,0.38353690699666065,4.643834038292587e-252
0.0617249702543267,0.00004556814416426921,0.39964536437784576,0.06199637198063936,0.8097359651194656,0.4032250606138261,0.12355964288224566,0.0617249702543267,0.00004556814416426921,0.39964536437784576,0.06199637198063936,0.8097359651194656,0.4032250606138261,0.12355964288224566
3.755383057754278e-18,0.06133005957911982,0.3964446993733367,6.714352198693778e-9,0.8029588345116383,0.40058355047472194,0.18410734361433842,3.755383057754278e-18,0.06133005957911982,0.3964446993733367,6.714352198693778e-9,0.8029588345116383,0.40058355047472194,0.18410734361433842
0.07710587928494693,0.0167537408560125,0.4055738549096819,0.016151983585354558,0.8088126889148509,0.4114718624751433,0.07757773107705941,0.07710587928494693,0.0167537408560125,0.4055738549096819,0.016151983585354558,0.8088126889148509,0.4114718624751433,0.07757773107705941
0.06158537300308843,0.1839377632661951,0.39643714844813227,7.287973321985656e-19,0.8033248013072911,0.3999664373303376,8.072435437087648e-281,0.06158537300308843,0.1839377632661951,0.39643714844813227,7.287973321985656e-19,0.8033248013072911,0.3999664373303376,8.072435437087648e-281
0.016280679729479386,0.016286010720228398,0.4148284415451534,0.016169814287618666,0.7929333321566997,0.4458557355133332,0.016505917491309283,0.016280679729479386,0.016286010720228398,0.4148284415451534,0.016169814287618666,0.7929333321566997,0.4458557355133332,0.016505917491309283
0.04639562069671952,0.017069695577386457,0.39848975230517164,0.04627458303711801,0.8201130187572827,0.40240991299860535,0.04671885533122475,0.04639562069671952,0.017069695577386457,0.39848975230517164,0.04627458303711801,0.8201130187572827,0.40240991299860535,0.04671885533122475
0.047237681440480656,0.04773986282550026,0.40799936675238957,0.0773787076090342,0.8086486766690517,0.41109785976715457,0.017140409935046806,0.047237681440480656,0.04773986282550026,0.40799936675238957,0.0773787076090342,0.8086486766690517,0.41109785976715457,0.017140409935046806
1.4704353765719498e-33,2.4014032088202478e-17,0.39217890586774873,3.5328475084487434e-31,0.7940711642193261,0.39610163925914127,0.24252924847242338,1.4704353765719498e-33,2.4014032088202478e-17,0.39217890586774873,3.5328475084487434e-31,0.7940711642193261,0.39610163925914127,0.24252924847242338
2.4248184678127775e-17,1.3507454646206222e-18,0.3966168400917564,0.06134384581669265,0.8031698646350788,0.40024284578437985,0.18368244094625524,2.4248184678127775e-17,1.3507454646206222e-18,0.3966168400917564,0.06134384581669265,0.8031698646350788,0.40024284578437985,0.18368244094625524
0.016646134108334897,0.04522448361717137,0.44750917757643405,0.016758706951837496,0.8013281225607862,0.3936047079912891,0.016486606418592478,0.016646134108334897,0.04522448361717137,0.44750917757643405,0.016758706951837496,0.8013281225607862,0.3936047079912891,0.016486606418592478
0.0162395596282444,0.1059676010198874,0.4319721589385642,0.016866201299918927,0.7979501673877741,0.4063690571123731,0.017037824066183066,0.0162395596282444,0.1059676010198874,0.4319721589385642,0.016866201299918927,0.7979501673877741,0.4063690571123731,0.017037824066183066
0.07673106475777518,0.01677347618652077,0.4332857459848832,0.04631638450384132,0.7990414708469025,0.40681095329931855,0.019644122639312193,0.07673106475777518,0.01677347618652077,0.4332857459848832,0.04631638450384132,0.7990414708469025,0.40681095329931855,0.019644122639312193
0.05699859418886513,0.11594706256464636,0.3745529934244221,0.0006095713629415537,0.8337704205581854,0.38479249333712745,2.552341286530798e-109,0.05699859418886513,0.11594706256464636,0.3745529934244221,0.0006095713629415537,0.8337704205581854,0.38479249333712745,2.552341286530798e-109
0.05769490835531771,4.44444169669181e-6,0.48799154106416254,1.6421074246124963e-6,0.7551110027685609,0.43416530225027067,3.776864314027304e-96,0.05769490835531771,4.44444169669181e-6,0.48799154106416254,1.6421074246124963e-6,0.7551110027685609,0.43416530225027067,3.776864314027304e-96
0.016600353365581272,0.01631349069173681,0.41034233568370954,0.016148721989528783,0.81266184270494,0.41345036734824064,0.016673848675548792,0.016600353365581272,0.01631349069173681,0.41034233568370954,0.016148721989528783,0.81266184270494,0.41345036734824064,0.016673848675548792
7.215271314327747e-18,0.11783432283253098,0.43998383377742767,4.374631332699343e-49,0.7719195734731955,0.44366851526512957,1.0311688972395736e-178,7.215271314327747e-18,0.11783432283253098,0.43998383377742767,4.374631332699343e-49,0.7719195734731955,0.44366851526512957,1.0311688972395736e-178
3.6936291312620295e-18,0.06032154142457528,0.45029563649812715,0.12061986061911169,0.7900502127645068,0.39378209618840293,2.1857140492282723e-168,3.6936291312620295e-18,0.06032154142457528,0.45029563649812715,0.12061986061911169,0.7900502127645068,0.39378209618840293,2.1857140492282723e-168
2.2065174475860042e-17,2.0978261623960566e-17,0.4972210392441044,6.108976348921178e-16,0.7694098802448442,0.383566259952947,0.11739354015070422,2.2065174475860042e-17,2.0978261623960566e-17,0.4972210392441044,6.108976348921178e-16,0.7694098802448442,0.383566259952947,0.11739354015070422
1.8684178345950796e-17,1.9600420175312847e-17,0.44223445985596527,0.11824277847388087,0.7759269554669503,0.44624936614821775,2.277439557411596e-184,1.8684178345950796e-17,1.9600420175312847e-17,0.44223445985596527,0.11824277847388087,0.7759269554669503,0.44624936614821775,2.277439557411596e-184
2.3821797470097316e-17,7.444394506458374e-19,0.3892293948583251,0.06067400282837321,0.7906483183478946,0.45321481988021983,0.12084784862500816,2.3821797470097316e-17,7.444394506458374e-19,0.3892293948583251,0.06067400282837321,0.7906483183478946,0.45321481988021983,0.12084784862500816
2.1986254674012873e-17,1.94687447412402e-39,0.3590627875616147,8.74945966063246e-12,0.7273805191066289,0.5848503304077977,4.752473879240244e-188,2.1986254674012873e-17,1.94687447412402e-39,0.3590627875616147,8.74945966063246e-12,0.7273805191066289,0.5848503304077977,4.752473879240244e-188
0.016534165922155192,0.01598482634269106,0.42319145141059805,0.04587028888848014,0.7811430433582445,0.45598878836742035,0.016606286651305598,0.016534165922155192,0.01598482634269106,0.42319145141059805,0.04587028888848014,0.7811430433582445,0.45598878836742035,0.016606286651305598
3.6085698184730695e-18,0.05893241742820047,0.3810273171030186,3.764827221448486e-13,0.771900534191011,0.5022009942351268,0.05896390385386921,3.6085698184730695e-18,0.05893241742820047,0.3810273171030186,3.764827221448486e-13,0.771900534191011,0.5022009942351268,0.05896390385386921
2.0326141972654684e-33,3.3195108968245434e-17,0.5421172699158183,0.0573207712047869,0.7504734138236581,0.3740784424318389,5.400209536435185e-281,2.0326141972654684e-33,3.3195108968245434e-17,0.5421172699158183,0.0573207712047869,0.7504734138236581,0.3740784424318389,5.400209536435185e-281
0.04682200416111322,0.01677557209675233,0.40263285878744415,0.016855299391295125,0.7990789094495371,0.43696859668003246,0.07620605971514972,0.04682200416111322,0.01677557209675233,0.40263285878744415,0.016855299391295125,0.7990789094495371,0.43696859668003246,0.07620605971514972
1.9326914257823432e-17,1.8038364214326535e-17,0.4317481189780208,0.057034064907501535,0.8152078020509391,0.3775862425196936,0.057595544954737184,1.9326914257823432e-17,1.8038364214326535e-17,0.4317481189780208,0.057034064907501535,0.8152078020509391,0.3775862425196936,0.057595544954737184
0.016892242241832476,0.07669221005201954,0.4339457211001344,0.016414070561690357,0.7990205467008045,0.4065987423106545,0.04691357526728545,0.016892242241832476,0.07669221005201954,0.4339457211001344,0.016414070561690357,0.7990205467008045,0.4065987423106545,0.04691357526728545
0.05727127834578308,5.357721603817692e-7,0.5420804252225894,0.0,0.75015077515797,0.3743931272403412,8.134601529942351e-158,0.05727127834578308,5.357721603817692e-7,0.5420804252225894,0.0,0.75015077515797,0.3743931272403412,8.134601529942351e-158
0.17539459831801876,2.742112504027056e-7,0.37826875170852975,9.03731665098213e-48,0.8245884968758153,0.38240245676375667,4.7031782116431677e-175,0.17539459831801876,2.742112504027056e-7,0.37826875170852975,9.03731665098213e-48,0.8245884968758153,0.38240245676375667,4.7031782116431677e-175
0.015538372227714184,0.015485131289509823,0.3957240595270098,0.09853456818719993,0.8174302799438449,0.4059753665597583,0.01616679531968693,0.015538372227714184,0.015485131289509823,0.3957240595270098,0.09853456818719993,0.8174302799438449,0.4059753665597583,0.01616679531968693
7.190706653083967e-18,0.11743315147012866,0.37963899880087365,2.5739314545015287e-8,0.769093453890488,0.5008515624207138,1.0097954222319903e-92,7.190706653083967e-18,0.11743315147012866,0.37963899880087365,2.5739314545015287e-8,0.769093453890488,0.5008515624207138,1.0097954222319903e-92
0.016851231794755044,0.016632631913761856,0.39799758376500605,0.07582527052290859,0.7892550787792316,0.4610383310700843,0.01671431349151405,0.016851231794755044,0.016632631913761856,0.39799758376500605,0.07582527052290859,0.7892550787792316,0.4610383310700843,0.01671431349151405
3.597868809474198e-18,0.058757656688919205,0.3809032008274032,0.11780138023594189,0.830434707148193,0.3847473835637473,1.0967032917655451e-101,3.597868809474198e-18,0.058757656688919205,0.3809032008274032,0.11780138023594189,0.830434707148193,0.3847473835637473,1.0967032917655451e-101
0.05862669399216316,0.05912788993816294,0.3829889784803543,0.05960708464769729,0.833321489566853,0.3860091502180609,7.655577401248353e-234,0.05862669399216316,0.05912788993816294,0.3829889784803543,0.05960708464769729,0.833321489566853,0.3860091502180609,7.655577401248353e-234
0.11223338160942312,2.130400045254457e-6,0.3636245652074799,5.83443261373753e-19,0.8489406944272135,0.36680173496102575,5.604191406262901e-37,0.11223338160942312,2.130400045254457e-6,0.3636245652074799,5.83443261373753e-19,0.8489406944272135,0.36680173496102575,5.604191406262901e-37
0.04672135506870415,0.016477678046697898,0.42834536266753953,0.04626594727920744,0.7908916889909262,0.43216335342516493,0.017038753139862695,0.04672135506870415,0.016477678046697898,0.42834536266753953,0.04626594727920744,0.7908916889909262,0.43216335342516493,0.017038753139862695
1.0772131553682344e-17,0.17592225874729467,0.37907545515483176,3.3169242379239575e-7,0.8265434000383444,0.3831970377088764,2.9221522819457182e-244,1.0772131553682344e-17,0.17592225874729467,0.37907545515483176,3.3169242379239575e-7,0.8265434000383444,0.3831970377088764,2.9221522819457182e-244
7.227861813682453e-18,0.11803994129106893,0.3811489799750564,0.058537243751289686,0.8307738689125722,0.384160714041454,2.4171012284033976e-168,7.227861813682453e-18,0.11803994129106893,0.3811489799750564,0.058537243751289686,0.8307738689125722,0.384160714041454,2.4171012284033976e-168
3.44884092488331e-18,0.05632384663536502,0.364313353060986,0.05635703879532983,0.8518129124125916,0.3685619231521713,1.9237871822885343e-121,3.44884092488331e-18,0.05632384663536502,0.364313353060986,0.05635703879532983,0.8518129124125916,0.3685619231521713,1.9237871822885343e-121
0.014424753215597459,0.014162887342130016,0.38057862173232576,0.016635266870833307,0.839030864266422,0.38568816989111726,0.044998986354574395,0.014424753215597459,0.014162887342130016,0.38057862173232576,0.016635266870833307,0.839030864266422,0.38568816989111726,0.044998986354574395
0.04729897421924276,0.04659508137885196,0.4326712284817455,0.04661346879946093,0.8003050459302334,0.4070163007084161,0.01675402271711927,0.04729897421924276,0.04659508137885196,0.4326712284817455,0.04661346879946093,0.8003050459302334,0.4070163007084161,0.01675402271711927
7.52827407422687e-18,0.12294604582265431,0.3979967714941966,0.12324807598396029,0.8061539450197631,0.40187939120570687,0.0,7.52827407422687e-18,0.12294604582265431,0.3979967714941966,0.12324807598396029,0.8061539450197631,0.40187939120570687,0.0
1.4850068143495313e-17,0.24252001726268355,0.3921127981902127,0.0,0.7942096521936752,0.39598050461398704,0.0,1.4850068143495313e-17,0.24252001726268355,0.3921127981902127,0.0,0.7942096521936752,0.39598050461398704,0.0
0.019250378617334488,0.01949207126614043,0.4198742504806878,0.018131517300679252,0.7712502771040204,0.4770705501317342,0.016268313398675783,0.019250378617334488,0.01949207126614043,0.4198742504806878,0.018131517300679252,0.7712502771040204,0.4770705501317342,0.016268313398675783
0.12295244722730474,0.0,0.39801749390431446,0.12325449311434851,0.8061667744621474,0.40180244943116816,0.0,0.12295244722730474,0.0,0.39801749390431446,0.12325449311434851,0.8061667744621474,0.40180244943116816,0.0
0.016445593180966746,0.07530820172310278,0.3973991053952464,0.01694751579410675,0.7894119232019607,0.4609816898338846,0.016036658994276094,0.016445593180966746,0.07530820172310278,0.3973991053952464,0.01694751579410675,0.7894119232019607,0.4609816898338846,0.016036658994276094
1.12730709057573e-17,0.1841032192074654,0.3973502863741783,0.057967949726550304,0.8029470588869669,0.4003302508307563,3.6488197814671914e-225,1.12730709057573e-17,0.1841032192074654,0.3973502863741783,0.057967949726550304,0.8029470588869669,0.4003302508307563,3.6488197814671914e-225
0.04670122910748604,0.07671707166059236,0.43231556411262784,0.017515926736842827,0.7995661216586807,0.4070079970194969,0.017535809061422214,0.04670122910748604,0.07671707166059236,0.43231556411262784,0.017515926736842827,0.7995661216586807,0.4070079970194969,0.017535809061422214
0.06026062702164155,0.12078222753480097,0.4508306628403503,2.016278760596404e-24,0.79086545239864,0.39443245734649784,2.962569378908018e-129,0.06026062702164155,0.12078222753480097,0.4508306628403503,2.016278760596404e-24,0.79086545239864,0.39443245734649784,2.962569378908018e-129
0.046338915199191096,0.01689282493062021,0.3985597870723491,0.04632072999097602,0.7900015745166318,0.46118960817878196,0.01690856953966882,0.046338915199191096,0.01689282493062021,0.3985597870723491,0.04632072999097602,0.7900015745166318,0.46118960817878196,0.01690856953966882
0.04633588361715853,0.04662160224038211,0.39866981637173066,0.01664694818443698,0.8203622905565583,0.40245800910230817,0.04595755355951297,0.04633588361715853,0.04662160224038211,0.39866981637173066,0.01664694818443698,0.8203622905565583,0.40245800910230817,0.04595755355951297
0.04678986311981319,0.07761106085462398,0.3971312748056302,0.01676955122435812,0.8158187811558906,0.41007234077525434,0.01662931959916002,0.04678986311981319,0.07761106085462398,0.3971312748056302,0.01676955122435812,0.8158187811558906,0.41007234077525434,0.01662931959916002
3.632097271460792e-18,0.05931664989431401,0.44135943475816225,1.3778862237893436e-20,0.7744907549610985,0.44541931227990633,0.05926151215438852,3.632097271460792e-18,0.05931664989431401,0.44135943475816225,1.3778862237893436e-20,0.7744907549610985,0.44541931227990633,0.05926151215438852
0.07430333579394557,0.016571498780667465,0.38937607675941066,0.016736724043731298,0.8299483816210005,0.3917903916337167,0.015243822517882803,0.07430333579394557,0.016571498780667465,0.38937607675941066,0.016736724043731298,0.8299483816210005,0.3917903916337167,0.015243822517882803
7.344242455226039e-18,0.11994058140419567,0.4499845396837603,0.00015980440394367272,0.7903155673946619,0.3939551661920272,0.0600497034545479,7.344242455226039e-18,0.11994058140419567,0.4499845396837603,0.00015980440394367272,0.7903155673946619,0.3939551661920272,0.0600497034545479
0.12503245955863385,5.444637651584806e-25,0.4001654815585135,0.06155153119472873,0.809665048065761,0.40491323997410816,0.06027477795982321,0.12503245955863385,5.444637651584806e-25,0.4001654815585135,0.06155153119472873,0.809665048065761,0.40491323997410816,0.06027477795982321
5.906337513248238e-18,2.4065196044042498e-17,0.4046782528156601,5.491113743979201e-132,0.8183591056047433,0.4081443606343416,6.191643179760273e-105,5.906337513248238e-18,2.4065196044042498e-17,0.4046782528156601,5.491113743979201e-132,0.8183591056047433,0.4081443606343416,6.191643179760273e-105
0.1210207770315498,4.546454495236679e-21,0.45162885521975293,0.060453882084716526,0.790802429697623,0.3937061389598639,8.6734978053603e-30,0.1210207770315498,4.546454495236679e-21,0.45162885521975293,0.060453882084716526,0.790802429697623,0.3937061389598639,8.6734978053603e-30
0.12074680571305955,0.00008400361440229598,0.3903529569541561,4.622048968192161e-20,0.7906317908924455,0.45426945494315063,0.05739002898073534,0.12074680571305955,0.00008400361440229598,0.3903529569541561,4.622048968192161e-20,0.7906317908924455,0.45426945494315063,0.05739002898073534
0.07607296674758592,0.016855764390923993,0.3982368998682038,0.01684338883158248,0.819321871252601,0.4021641362510742,0.04640563476276881,0.07607296674758592,0.016855764390923993,0.3982368998682038,0.01684338883158248,0.819321871252601,0.4021641362510742,0.04640563476276881
0.11740489084420827,4.022860038949307e-7,0.4972942055834518,3.906001567597235e-67,0.7693951836259468,0.3835834481557106,5.3393478491776716e-101,0.11740489084420827,4.022860038949307e-7,0.4972942055834518,3.906001567597235e-67,0.7693951836259468,0.3835834481557106,5.3393478491776716e-101
0.11759998955387402,9.007375943826486e-23,0.3810880917016794,4.895654246744833e-40,0.8305934495633891,0.3847706367559367,0.05874941464253227,0.11759998955387402,9.007375943826486e-23,0.3810880917016794,4.895654246744833e-40,0.8305934495633891,0.3847706367559367,0.05874941464253227
0.05642587895514787,1.7235969480006214e-11,0.4778013868209232,3.137845366144285e-8,0.7955347474291391,0.36845895704151554,3.182564301095562e-23,0.05642587895514787,1.7235969480006214e-11,0.4778013868209232,3.137845366144285e-8,0.7955347474291391,0.36845895704151554,3.182564301095562e-23
0.016407887938242837,0.016115819466170033,0.39405571043962434,0.07528706102174043,0.8104301491071997,0.42679950192380817,0.017180703111028157,0.016407887938242837,0.016115819466170033,0.39405571043962434,0.07528706102174043,0.8104301491071997,0.42679950192380817,0.017180703111028157
0.0588284654164616,0.059138912829444924,0.38263668736473316,5.594728189333602e-46,0.8332297338666517,0.38616591054566923,0.05928880170235425,0.0588284654164616,0.059138912829444924,0.38263668736473316,5.594728189333602e-46,0.8332297338666517,0.38616591054566923,0.05928880170235425
0.01475400974075149,0.0962739786941196,0.3924565435646622,0.015323327969785831,0.8192748169475966,0.4062060818914954,0.01743069968978971,0.01475400974075149,0.0962739786941196,0.3924565435646622,0.015323327969785831,0.8192748169475966,0.4062060818914954,0.01743069968978971
0.04518607050687464,0.016435641611484277,0.4142953255664207,0.015756746378220648,0.822372997141879,0.3897773058886265,0.0163899207412253,0.04518607050687464,0.016435641611484277,0.4142953255664207,0.015756746378220648,0.822372997141879,0.3897773058886265,0.0163899207412253
0.01620643385752571,0.044513378656658636,0.38241096410652814,0.016625254528764934,0.8393208746334894,0.3835470921556744,0.016685704889562954,0.01620643385752571,0.044513378656658636,0.38241096410652814,0.016625254528764934,0.8393208746334894,0.3835470921556744,0.016685704889562954
0.17951864593666061,4.3348455758289946e-20,0.38711481688126687,6.0364596766667945e-9,0.7841333633075476,0.4507440383897267,2.80506856872785e-17,0.17951864593666061,4.3348455758289946e-20,0.38711481688126687,6.0364596766667945e-9,0.7841333633075476,0.4507440383897267,2.80506856872785e-17
0.059108536032842836,7.016984423396439e-16,0.44157878025729413,0.05917815444425467,0.7746457280150041,0.44515760179330627,1.4654185858229173e-106,0.059108536032842836,7.016984423396439e-16,0.44157878025729413,0.05917815444425467,0.7746457280150041,0.44515760179330627,1.4654185858229173e-106
1.100024360614074e-17,0.1796476112753414,0.4470658898452242,5.221276304255602e-33,0.7844872180371057,0.3912976711014109,1.263511250775621e-38,1.100024360614074e-17,0.1796476112753414,0.4470658898452242,5.221276304255602e-33,0.7844872180371057,0.3912976711014109,1.263511250775621e-38
2.3700434845668732e-17,9.842079416024192e-21,0.3870575076132961,0.1798894448739696,0.7842831627613686,0.4510650459099027,4.0814268184123166e-154,2.3700434845668732e-17,9.842079416024192e-21,0.3870575076132961,0.1798894448739696,0.7842831627613686,0.4510650459099027,4.0814268184123166e-154
3.752539368170826e-18,0.061283618603886286,0.39649387497128635,0.18398978553087184,0.8033388447196894,0.4004318986692137,3.0486838088064123e-148,3.752539368170826e-18,0.061283618603886286,0.39649387497128635,0.18398978553087184,0.8033388447196894,0.4004318986692137,3.0486838088064123e-148
0.17962801296566785,6.488881549996381e-16,0.44701711805420813,1.7933436718318152e-20,0.7842299936691681,0.3910885321974151,9.213162240900682e-107,0.17962801296566785,6.488881549996381e-16,0.44701711805420813,1.7933436718318152e-20,0.7842299936691681,0.3910885321974151,9.213162240900682e-107
1.0992477251500042e-17,0.17952077707880235,0.38711941248578274,1.2809362294232934e-16,0.7841487682204894,0.4507062440759575,0.0,1.0992477251500042e-17,0.17952077707880235,0.38711941248578274,1.2809362294232934e-16,0.7841487682204894,0.4507062440759575,0.0
2.3365165270137895e-17,4.761586141788919e-19,0.3816613345180529,0.1173361676889808,0.8315728047028789,0.3856914313180638,0.05861755951178486,2.3365165270137895e-17,4.761586141788919e-19,0.3816613345180529,0.1173361676889808,0.8315728047028789,0.3856914313180638,0.05861755951178486
0.01609052669784039,0.016118057097153363,0.39072482365464034,0.016082196133449786,0.8270040120087958,0.40166377787113916,0.07343756488997608,0.01609052669784039,0.016118057097153363,0.39072482365464034,0.016082196133449786,0.8270040120087958,0.40166377787113916,0.07343756488997608
6.853014008319495e-18,2.4949768521889106e-17,0.4225516070177039,8.098110881183224e-11,0.7978449751973621,0.4264797072877421,0.05659525565826503,6.853014008319495e-18,2.4949768521889106e-17,0.4225516070177039,8.098110881183224e-11,0.7978449751973621,0.4264797072877421,0.05659525565826503
3.455180457706828e-18,0.05642737906329334,0.4778845608263155,1.0133638011453105e-7,0.7956716175896472,0.36852234966736114,4.5931443103115394e-156,3.455180457706828e-18,0.05642737906329334,0.4778845608263155,1.0133638011453105e-7,0.7956716175896472,0.36852234966736114,4.5931443103115394e-156
0.05388453580818499,3.9690867127408005e-17,0.3484532040265197,2.47999798388518e-12,0.8672742663206947,0.351693811902326,2.254158868839231e-131,0.05388453580818499,3.9690867127408005e-17,0.3484532040265197,2.47999798388518e-12,0.8672742663206947,0.351693811902326,2.254158868839231e-131
6.890104576038887e-18,0.11252394699983777,0.3639238421821321,9.721595254593923e-83,0.8496202386387274,0.36708878214988166,1.0591950701965066e-96,6.890104576038887e-18,0.11252394699983777,0.3639238421821321,9.721595254593923e-83,0.8496202386387274,0.36708878214988166,1.0591950701965066e-96
3.724081947817284e-18,0.060818873660718094,0.4502141337365705,1.690656374965835e-30,0.7900810580319609,0.39383557565185173,0.12072908811028907,3.724081947817284e-18,0.060818873660718094,0.4502141337365705,1.690656374965835e-30,0.7900810580319609,0.39383557565185173,0.12072908811028907
0.1231588720742753,0.062477664840991216,0.39959243340336886,0.06860884029481916,0.811547863303,0.4033440596670125,8.818546219648443e-106,0.1231588720742753,0.062477664840991216,0.39959243340336886,0.06860884029481916,0.811547863303,0.4033440596670125,8.818546219648443e-106
0.016807277274825082,0.07801468241953534,0.41014522047736646,0.04716869131559711,0.8141076307534857,0.40043496116823496,0.01705050511792929,0.016807277274825082,0.07801468241953534,0.41014522047736646,0.04716869131559711,0.8141076307534857,0.40043496116823496,0.01705050511792929
0.060251620370692295,3.249684622599473e-16,0.3898531694421844,4.184799647286532e-18,0.7897932960074965,0.45404362124864045,0.12068124138228283,0.060251620370692295,3.249684622599473e-16,0.3898531694421844,4.184799647286532e-18,0.7897932960074965,0.45404362124864045,0.12068124138228283
0.04643658983490939,0.04661808077663282,0.39847053302061214,0.016455447679344648,0.7899039479457077,0.46112583697775816,0.01667685698320845,0.04643658983490939,0.04661808077663282,0.39847053302061214,0.016455447679344648,0.7899039479457077,0.46112583697775816,0.01667685698320845
0.016716385513067405,0.04664527949166968,0.43336978644244184,0.07631403681862496,0.7990366932218239,0.4069940612741294,0.01670926169646646,0.016716385513067405,0.04664527949166968,0.43336978644244184,0.07631403681862496,0.7990366932218239,0.4069940612741294,0.01670926169646646
0.1379208549962417,0.018701324866194365,0.4075898576497511,0.016761174169173953,0.805434185045546,0.4098305327276974,0.016464024843718995,0.1379208549962417,0.018701324866194365,0.4075898576497511,0.016761174169173953,0.805434185045546,0.4098305327276974,0.016464024843718995
0.016498166929937084,0.07657987861433178,0.40260205161762697,0.04630119028005637,0.7991350039321184,0.4368409604232427,0.017049511860224777,0.016498166929937084,0.07657987861433178,0.40260205161762697,0.04630119028005637,0.7991350039321184,0.4368409604232427,0.017049511860224777
0.07749234940444255,0.07768695400426197,0.40752267275190596,0.017041177456160916,0.8075374070217728,0.41163119544748233,0.016635462895814,0.07749234940444255,0.07768695400426197,0.40752267275190596,0.017041177456160916,0.8075374070217728,0.41163119544748233,0.016635462895814
0.11516561854844336,4.071421698291794e-14,0.3725216481149223,4.598022360942921e-12,0.812303067667378,0.43384685565964004,3.5151300441029124e-212,0.11516561854844336,4.071421698291794e-14,0.3725216481149223,4.598022360942921e-12,0.812303067667378,0.43384685565964004,3.5151300441029124e-212
0.046047884975075615,0.046063707728388005,0.45731359959666285,0.01716215346572999,0.7901896093813984,0.4023385953960768,0.016908753730895273,0.046047884975075615,0.046063707728388005,0.45731359959666285,0.01716215346572999,0.7901896093813984,0.4023385953960768,0.016908753730895273
0.04637148268020995,0.016832868923357502,0.3984633529086257,0.016929341648745558,0.8192923184188255,0.40235164587676886,0.07598008170726521,0.04637148268020995,0.016832868923357502,0.3984633529086257,0.016929341648745558,0.8192923184188255,0.40235164587676886,0.07598008170726521
1.8058209210276284e-17,1.819509304289082e-17,0.4186535842271191,1.9599598195106026e-46,0.7344146264582723,0.5343667727115631,4.213808302381448e-35,1.8058209210276284e-17,1.819509304289082e-17,0.4186535842271191,1.9599598195106026e-46,0.7344146264582723,0.5343667727115631,4.213808302381448e-35
0.018306766959239603,0.07693140499118264,0.40757020543235606,0.04753449116785388,0.8092265886811288,0.41237534253551633,0.0474457373174109,0.018306766959239603,0.07693140499118264,0.40757020543235606,0.04753449116785388,0.8092265886811288,0.41237534253551633,0.0474457373174109
3.38419943384669e-18,0.05526817097309855,0.3574707337729717,1.7166259762388213e-7,0.8342101667701165,0.41636970890301594,3.7539721849626093e-190,3.38419943384669e-18,0.05526817097309855,0.3574707337729717,1.7166259762388213e-7,0.8342101667701165,0.41636970890301594,3.7539721849626093e-190
3.546088098631931e-18,0.057912013506275534,0.43168515702366134,0.05774797870665316,0.8151475237517523,0.3775720547118459,5.4182483133683186e-204,3.546088098631931e-18,0.057912013506275534,0.43168515702366134,0.05774797870665316,0.8151475237517523,0.3775720547118459,5.4182483133683186e-204
2.301151373602382e-17,8.274888304591499e-18,0.39936593860044056,0.18460065410400867,0.8081479033000278,0.40288515915836604,0.06165777194223119,2.301151373602382e-17,8.274888304591499e-18,0.39936593860044056,0.18460065410400867,0.8081479033000278,0.40288515915836604,0.06165777194223119
0.1174234522114984,1.4298647774149862e-17,0.3796076429461648,4.5883253176127675e-92,0.7689173203214092,0.5011641014699281,1.0743305935284527e-110,0.1174234522114984,1.4298647774149862e-17,0.3796076429461648,4.5883253176127675e-92,0.7689173203214092,0.5011641014699281,1.0743305935284527e-110
0.06193895920490211,0.1241381685086302,0.3991416277477614,1.0303398240130427e-10,0.8092697824677604,0.40351557742524735,0.06125902447068914,0.06193895920490211,0.1241381685086302,0.3991416277477614,1.0303398240130427e-10,0.8092697824677604,0.40351557742524735,0.06125902447068914
3.6010665412240145e-18,0.05880987961151276,0.4518430943727179,0.06048152163473655,0.7930468255838545,0.395310592226137,0.0605359129685413,3.6010665412240145e-18,0.05880987961151276,0.4518430943727179,0.06048152163473655,0.7930468255838545,0.395310592226137,0.0605359129685413
0.058818840624018064,1.910106123147686e-20,0.3809378848579391,0.11781470988794411,0.8305286738371629,0.3846952109604464,5.966409583349702e-90,0.058818840624018064,1.910106123147686e-20,0.3809378848579391,0.11781470988794411,0.8305286738371629,0.3846952109604464,5.966409583349702e-90
0.016709788808339263,0.04711564235500498,0.4033445253870033,0.04684259967234563,0.7996654766028036,0.4375726365343062,0.04686078961951826,0.016709788808339263,0.04711564235500498,0.4033445253870033,0.04684259967234563,0.7996654766028036,0.4375726365343062,0.04686078961951826
0.017215339188827377,0.04739975581563058,0.4076973733959771,0.10767018210733752,0.8079118958855609,0.4109230552464668,0.01638419656603124,0.017215339188827377,0.04739975581563058,0.4076973733959771,0.10767018210733752,0.8079118958855609,0.4109230552464668,0.01638419656603124
2.3250631905247974e-17,6.402259488546963e-23,0.3797116347590851,0.11706800368249375,0.7693379565954293,0.5011810074999058,1.291001274550634e-62,2.3250631905247974e-17,6.402259488546963e-23,0.3797116347590851,0.11706800368249375,0.7693379565954293,0.5011810074999058,1.291001274550634e-62
3.619343039826821e-18,0.05910835748473354,0.4415774463880294,0.0591779756858432,0.7746433880562626,0.44515625711355916,3.5330824449621913e-118,3.619343039826821e-18,0.05910835748473354,0.4415774463880294,0.0591779756858432,0.7746433880562626,0.44515625711355916,3.5330824449621913e-118
0.016853033786064568,0.04628429838204073,0.39843932033699614,0.07578856460897317,0.8193195066890047,0.4021168375045416,0.016817897872208987,0.016853033786064568,0.04628429838204073,0.39843932033699614,0.07578856460897317,0.8193195066890047,0.4021168375045416,0.016817897872208987
0.01980560754419871,0.047052674205307364,0.41368313967466624,0.01707729218337929,0.8216161465711335,0.38851701928093424,0.016609540356247243,0.01980560754419871,0.047052674205307364,0.41368313967466624,0.01707729218337929,0.8216161465711335,0.38851701928093424,0.016609540356247243
0.016701931532938256,0.01722142340970865,0.4021745309500058,0.10612668875211485,0.798136969124634,0.4356408859605904,0.0171697351131568,0.016701931532938256,0.01722142340970865,0.4021745309500058,0.10612668875211485,0.798136969124634,0.4356408859605904,0.0171697351131568
0.01662029873028516,0.046509429461741573,0.3985622384114853,0.046187542680907794,0.820092103817229,0.40241252580428655,0.04672203050725123,0.01662029873028516,0.046509429461741573,0.3985622384114853,0.046187542680907794,0.820092103817229,0.40241252580428655,0.04672203050725123
0.12058021055903102,0.06035921815609791,0.4507020697403932,2.4025088244107453e-22,0.7908847209576074,0.39419025674721814,1.7988957269127996e-57,0.12058021055903102,0.06035921815609791,0.4507020697403932,2.4025088244107453e-22,0.7908847209576074,0.39419025674721814,1.7988957269127996e-57
0.04550811767189465,0.015507331726299155,0.42281491159786827,0.01672687134290714,0.7803040562068368,0.45787553614710746,0.01618171769672108,0.04550811767189465,0.015507331726299155,0.42281491159786827,0.01672687134290714,0.7803040562068368,0.45787553614710746,0.01618171769672108
0.01709929172155638,0.04758118012362907,0.4080170519008883,0.07762998714629608,0.8084277901436645,0.4115285950975287,0.047201437151027675,0.01709929172155638,0.04758118012362907,0.4080170519008883,0.07762998714629608,0.8084277901436645,0.4115285950975287,0.047201437151027675
0.01717114755391577,0.016564634613463112,0.4294002765391527,0.01671033669197874,0.7890378230140934,0.4339326992798502,0.0760370208271751,0.01717114755391577,0.016564634613463112,0.4294002765391527,0.01671033669197874,0.7890378230140934,0.4339326992798502,0.0760370208271751
3.534561761989569e-18,0.05772377414370362,0.430511564502265,2.9477583354778323e-22,0.7547461621534598,0.49165843435660617,2.3743062558857412e-304,3.534561761989569e-18,0.05772377414370362,0.430511564502265,2.9477583354778323e-22,0.7547461621534598,0.49165843435660617,2.3743062558857412e-304
0.04534811381852948,0.04545435387028401,0.3901086581238631,0.01643874674771046,0.8297594117380404,0.39370494923316196,0.016318624875947513,0.04534811381852948,0.04545435387028401,0.3901086581238631,0.01643874674771046,0.8297594117380404,0.39370494923316196,0.016318624875947513
0.017213092048633024,0.047568932045031494,0.4071701305065345,0.017416300001207558,0.8072639142185165,0.4103338981467771,0.10690178188399699,0.017213092048633024,0.047568932045031494,0.4071701305065345,0.017416300001207558,0.8072639142185165,0.4103338981467771,0.10690178188399699
0.016513973503678527,0.0448387159747367,0.40388507237500443,0.015143582683476667,0.7987965687562116,0.45043013387152736,0.01654830551417665,0.016513973503678527,0.0448387159747367,0.40388507237500443,0.015143582683476667,0.7987965687562116,0.45043013387152736,0.01654830551417665
1.545076864084333e-17,1.6026174668514426e-17,0.3635542695619217,9.478606900493604e-10,0.848861060636315,0.36718306906039566,0.11239091955050934,1.545076864084333e-17,1.6026174668514426e-17,0.3635542695619217,9.478606900493604e-10,0.848861060636315,0.36718306906039566,0.11239091955050934
0.1178822224799539,3.138523354629505e-7,0.4400207554327255,3.0710103145023456e-65,0.7718518815415499,0.44370219873355154,4.798471624309806e-43,0.1178822224799539,3.138523354629505e-7,0.4400207554327255,3.0710103145023456e-65,0.7718518815415499,0.44370219873355154,4.798471624309806e-43
3.7539620154449515e-18,0.061306852197035196,0.391321478304409,0.06020553924431584,0.7938681133483306,0.4551443447907514,0.06083180588141132,3.7539620154449515e-18,0.061306852197035196,0.391321478304409,0.06020553924431584,0.7938681133483306,0.4551443447907514,0.06083180588141132
3.459893315672052e-18,0.05650434587476102,0.3651597604622228,8.099253183871178e-88,0.7962099784919726,0.4824174301267511,3.7858471161825246e-111,3.459893315672052e-18,0.05650434587476102,0.3651597604622228,8.099253183871178e-88,0.7962099784919726,0.4824174301267511,3.7858471161825246e-111
0.007686041153011911,0.006981179706659418,0.3993173274886161,0.04674058463906751,0.7920873595652766,0.46508159335088645,0.04449951876369633,0.007686041153011911,0.006981179706659418,0.3993173274886161,0.04674058463906751,0.7920873595652766,0.46508159335088645,0.04449951876369633
2.4617401409149852e-17,5.697800694828567e-18,0.4126608456693557,8.755308940829444e-45,0.8344988247368622,0.3611818298719323,0.05512564899102909,2.4617401409149852e-17,5.697800694828567e-18,0.4126608456693557,8.755308940829444e-45,0.8344988247368622,0.3611818298719323,0.05512564899102909
0.06006733941846681,0.06268928575308272,0.4003348269824499,5.984791703143894e-54,0.8131673834351706,0.3958094597681555,0.12142621150923609,0.06006733941846681,0.06268928575308272,0.4003348269824499,5.984791703143894e-54,0.8131673834351706,0.3958094597681555,0.12142621150923609
0.01682013208635087,0.016987168178981608,0.4329615540413053,0.04638342433251029,0.7993042654241056,0.4066613267906838,0.07609651865641068,0.01682013208635087,0.016987168178981608,0.4329615540413053,0.04638342433251029,0.7993042654241056,0.4066613267906838,0.07609651865641068
0.01765704950145471,0.04965997690824752,0.43178977735257934,0.04705279351767926,0.8006037567953878,0.4086790927900202,0.04663801873340155,0.01765704950145471,0.04965997690824752,0.43178977735257934,0.04705279351767926,0.8006037567953878,0.4086790927900202,0.04663801873340155
0.06447303091032963,0.013134381087924262,0.40508432577653825,0.04673601127536626,0.8019437239156938,0.43880036277667034,2.945144192545425e-42,0.06447303091032963,0.013134381087924262,0.40508432577653825,0.04673601127536626,0.8019437239156938,0.43880036277667034,2.945144192545425e-42
0.060875267992098366,0.06167332838186712,0.4018494274441599,0.06166236756526312,0.8124511066090909,0.40511662411994,0.06096105612302006,0.060875267992098366,0.06167332838186712,0.4018494274441599,0.06166236756526312,0.8124511066090909,0.40511662411994,0.06096105612302006
0.10758045856206658,0.017399473488114145,0.40648552303819496,0.017698706170925185,0.8072285328227956,0.4114902281156217,0.047302761437254634,0.10758045856206658,0.017399473488114145,0.40648552303819496,0.017698706170925185,0.8072285328227956,0.4114902281156217,0.047302761437254634
0.016898046954641536,0.016857571018635484,0.4313349816837559,0.10670727139782357,0.7981543795528225,0.40599392918091876,0.01637258220860621,0.016898046954641536,0.016857571018635484,0.4313349816837559,0.10670727139782357,0.7981543795528225,0.40599392918091876,0.01637258220860621
0.016397547917121242,0.01674959510547838,0.3975362570496385,0.016893990482506,0.8181608845029065,0.40178922545426415,0.10497050116394997,0.016397547917121242,0.01674959510547838,0.3975362570496385,0.016893990482506,0.8181608845029065,0.40178922545426415,0.10497050116394997
6.122762837925198e-17,7.912442186943308e-19,1.0000065460544627,1.0414794576383756e-38,0.0,3.2353776333448166e-82,2.868547451628087e-22,6.122762837925198e-17,7.912442186943308e-19,1.0000065460544627,1.0414794576383756e-38,0.0,3.2353776333448166e-82,2.868547451628087e-22
0.016091359398753655,0.07821481706617592,0.40779505779207365,0.016125706191529195,0.8075932063295956,0.4113042682067371,0.07755280631706116,0.016091359398753655,0.07821481706617592,0.40779505779207365,0.016125706191529195,0.8075932063295956,0.4113042682067371,0.07755280631706116
0.04523507752543023,0.016233440271511062,0.418468759903126,0.016493594236448497,0.8017956215489437,0.4234231467136661,0.0166402759881049,0.04523507752543023,0.016233440271511062,0.418468759903126,0.016493594236448497,0.8017956215489437,0.4234231467136661,0.0166402759881049
0.059874111578474026,0.12075408438228301,0.38989212968672754,1.7749501683207928e-8,0.7898096691873748,0.454129352368716,3.5014803391494613e-141,0.059874111578474026,0.12075408438228301,0.38989212968672754,1.7749501683207928e-8,0.7898096691873748,0.454129352368716,3.5014803391494613e-141
0.016352108068447353,0.07431826287949914,0.38952558946808585,0.016117662430256977,0.8294769767306887,0.39305423599760375,0.016660256790226365,0.016352108068447353,0.07431826287949914,0.38952558946808585,0.016117662430256977,0.8294769767306887,0.39305423599760375,0.016660256790226365
0.1839611538670768,0.06132729622297965,0.3966196425818912,3.85255950528658e-86,0.8032163014420938,0.4000096393457215,0.0,0.1839611538670768,0.06132729622297965,0.3966196425818912,3.85255950528658e-86,0.8032163014420938,0.4000096393457215,0.0
0.016012923657041295,0.045917039079681546,0.42351169364646407,0.045927364229673986,0.8113075693509069,0.3981949051244776,0.016483291146891458,0.016012923657041295,0.045917039079681546,0.42351169364646407,0.045927364229673986,0.8113075693509069,0.3981949051244776,0.016483291146891458
2.4343161162011674e-18,2.4052731061402335e-17,0.39481755438975835,1.4393282190180832e-68,0.8513717422281643,0.34550263745501636,1.5683923647352216e-37,2.4343161162011674e-18,2.4052731061402335e-17,0.39481755438975835,1.4393282190180832e-68,0.8513717422281643,0.34550263745501636,1.5683923647352216e-37
8.213060541185125e-19,2.3990485923340275e-17,0.39202389437909785,0.24285123059393085,0.7943241645326345,0.39603934532371016,3.039943573816546e-28,8.213060541185125e-19,2.3990485923340275e-17,0.39202389437909785,0.24285123059393085,0.7943241645326345,0.39603934532371016,3.039943573816546e-28
0.01688294066821159,0.016808212666012776,0.4212236738143924,0.01666180686377157,0.810647156133172,0.3993529286376539,0.07285803241970423,0.01688294066821159,0.016808212666012776,0.4212236738143924,0.01666180686377157,0.810647156133172,0.3993529286376539,0.07285803241970423
2.552978940537175e-17,4.458993291536454e-19,5.5655022303867e-17,1.0000068043043504,0.0,6.128657010055429e-81,6.966969101582774e-22,2.552978940537175e-17,4.458993291536454e-19,5.5655022303867e-17,1.0000068043043504,0.0,6.128657010055429e-81,6.966969101582774e-22
3.608043361640869e-18,0.05892381973566467,0.4991717705938762,7.730178774105386e-18,0.7719641319660738,0.38480459402713746,0.058627993650759685,3.608043361640869e-18,0.05892381973566467,0.4991717705938762,7.730178774105386e-18,0.7719641319660738,0.38480459402713746,0.058627993650759685
0.016769045108204046,0.016873996837590877,0.42057293364511683,0.04567748590326525,0.8129456472292422,0.39753999975183774,0.04589566979553845,0.016769045108204046,0.016873996837590877,0.42057293364511683,0.04567748590326525,0.8129456472292422,0.39753999975183774,0.04589566979553845
1.9293113749216576e-17,1.9417207019022545e-17,0.4470263749670981,2.627293825306837e-8,0.7843563686436454,0.39104030107646465,0.1792958123707575,1.9293113749216576e-17,1.9417207019022545e-17,0.4470263749670981,2.627293825306837e-8,0.7843563686436454,0.39104030107646465,0.1792958123707575
0.05637546874025958,1.564502038599315e-8,0.36465809782242875,7.540598272212567e-23,0.8515877980051796,0.36835971912335214,0.056240079176546436,0.05637546874025958,1.564502038599315e-8,0.36465809782242875,7.540598272212567e-23,0.8515877980051796,0.36835971912335214,0.056240079176546436
0.05450912833621646,0.054912097330957164,0.40268303964567914,0.12680646709605228,0.8143411755953698,0.40536283392058375,1.8407832909500302e-6,0.05450912833621646,0.054912097330957164,0.40268303964567914,0.12680646709605228,0.8143411755953698,0.40536283392058375,1.8407832909500302e-6
0.036700164203900196,0.037967725808304785,0.4597939406958308,0.01811682619984501,0.7785282053846276,0.4234384220689182,0.016652350369993307,0.036700164203900196,0.037967725808304785,0.4597939406958308,0.01811682619984501,0.7785282053846276,0.4234384220689182,0.016652350369993307
0.015450475071266442,0.014937140590523298,0.3983574634557193,0.04317757646430068,0.7942897612347402,0.4559895359117949,0.016606313875519186,0.015450475071266442,0.014937140590523298,0.3983574634557193,0.04317757646430068,0.7942897612347402,0.4559895359117949,0.016606313875519186
0.05911450803715005,3.137433785900764e-6,0.38232402194533366,0.059039080710978825,0.8333997232380248,0.3858948746052503,0.058973393161600225,0.05911450803715005,3.137433785900764e-6,0.38232402194533366,0.059039080710978825,0.8333997232380248,0.3858948746052503,0.058973393161600225
0.01598542053010913,0.04586896730104311,0.39270542637993183,0.01592638722745113,0.7805545640440636,0.48464333872700477,0.01631164278779751,0.01598542053010913,0.04586896730104311,0.39270542637993183,0.01592638722745113,0.7805545640440636,0.48464333872700477,0.01631164278779751
0.046347098294692315,0.016915577218480304,0.403242922051732,0.07656995812654875,0.7993021284590754,0.4366704317766578,0.016832022041064414,0.046347098294692315,0.016915577218480304,0.403242922051732,0.07656995812654875,0.7993021284590754,0.4366704317766578,0.016832022041064414
3.506966202894779e-18,0.05727310446304135,0.5420977096466484,2.763644823025987e-22,0.7501746939779509,0.37440506489622194,7.061388393833476e-170,3.506966202894779e-18,0.05727310446304135,0.5420977096466484,2.763644823025987e-22,0.7501746939779509,0.37440506489622194,7.061388393833476e-170
0.016396909734520154,0.01604097423779508,0.45210842420864167,0.04621772852019705,0.7810962592814039,0.42750105207999844,0.016788490654426773,0.016396909734520154,0.01604097423779508,0.45210842420864167,0.04621772852019705,0.7810962592814039,0.42750105207999844,0.016788490654426773
1.6019803690840782e-33,2.616232484663234e-17,0.4272631891064031,1.2604941476646358e-7,0.8142639562674822,0.3763816083027769,0.11494407093016973,1.6019803690840782e-33,2.616232484663234e-17,0.4272631891064031,1.2604941476646358e-7,0.8142639562674822,0.3763816083027769,0.11494407093016973
0.1073302072871132,0.016717627702777963,0.4069872571350818,0.04823038897807236,0.8091128158277512,0.40705357807895454,0.01711594163922447,0.1073302072871132,0.016717627702777963,0.4069872571350818,0.04823038897807236,0.8091128158277512,0.40705357807895454,0.01711594163922447
0.04535983828311249,0.016524175543352473,0.38970763805652137,0.01668425568029692,0.8011904733331696,0.45118740992758855,0.016642808524825133,0.04535983828311249,0.016524175543352473,0.38970763805652137,0.01668425568029692,0.8011904733331696,0.45118740992758855,0.016642808524825133
0.015899535019131838,0.015946667826173756,0.38185721801327327,0.01380625141685587,0.8363748302135298,0.4157381692157924,0.015941146114135586,0.015899535019131838,0.015946667826173756,0.38185721801327327,0.01380625141685587,0.8363748302135298,0.4157381692157924,0.015941146114135586
3.618713564631592e-18,0.05909807737465336,0.49905910673860937,0.05906438534429771,0.7720182061603029,0.3850179226704061,2.8957677884291783e-212,3.618713564631592e-18,0.05909807737465336,0.49905910673860937,0.05906438534429771,0.7720182061603029,0.3850179226704061,2.8957677884291783e-212
0.05896291141006604,1.4864621619856153e-17,0.3812160522556774,7.1020767913702514e-40,0.8306848124072177,0.384448463658206,0.11777073572852952,0.05896291141006604,1.4864621619856153e-17,0.3812160522556774,7.1020767913702514e-40,0.8306848124072177,0.384448463658206,0.11777073572852952
0.01684624440755615,0.016540714093871447,0.4813823995705705,0.0173632073298224,0.7796194466071548,0.3974249317774759,0.04616273489196483,0.01684624440755615,0.016540714093871447,0.4813823995705705,0.0173632073298224,0.7796194466071548,0.3974249317774759,0.04616273489196483
0.01612616890211472,0.01602832932206813,0.40484172226516824,0.01600017934419059,0.8317794206222068,0.3811715133447896,0.01641501075581858,0.01612616890211472,0.01602832932206813,0.40484172226516824,0.01600017934419059,0.8317794206222068,0.3811715133447896,0.01641501075581858
5.088413986233637e-19,2.693330858155888e-17,0.43993280105022786,1.1021613920433764e-8,0.7718679843244425,0.44368344497856665,0.11796806680537457,5.088413986233637e-19,2.693330858155888e-17,0.43993280105022786,1.1021613920433764e-8,0.7718679843244425,0.44368344497856665,0.11796806680537457
0.07752236946513498,0.017323026718065564,0.407839087700145,0.04710739649573271,0.8089991804932252,0.41080524815503744,0.0476635242098744,0.07752236946513498,0.017323026718065564,0.407839087700145,0.04710739649573271,0.8089991804932252,0.41080524815503744,0.0476635242098744
0.057275961031178955,6.508021874784661e-26,0.37023532708292023,1.7483754318179372e-90,0.7498740988262266,0.5455635360363388,1.3536365485270041e-133,0.057275961031178955,6.508021874784661e-26,0.37023532708292023,1.7483754318179372e-90,0.7498740988262266,0.5455635360363388,1.3536365485270041e-133
1.6033147459082684e-17,1.6218148589814908e-17,0.37244183948613424,2.320616837326118e-12,0.8123013695618093,0.43396532002497984,0.11517768301896651,1.6033147459082684e-17,1.6218148589814908e-17,0.37244183948613424,2.320616837326118e-12,0.8123013695618093,0.43396532002497984,0.11517768301896651
2.1876461256328116e-17,2.801374426801845e-27,0.3572697249779995,7.145071881900121e-63,0.8344206879370385,0.4160925832505845,0.055240017811539366,2.1876461256328116e-17,2.801374426801845e-27,0.3572697249779995,7.145071881900121e-63,0.8344206879370385,0.4160925832505845,0.055240017811539366
0.06052178848896267,0.06043457727159588,0.3914791064638016,0.06030384571756064,0.7928317203842915,0.4561206231969602,3.1525494764119607e-40,0.06052178848896267,0.06043457727159588,0.3914791064638016,0.06030384571756064,0.7928317203842915,0.4561206231969602,3.1525494764119607e-40
0.055288776408896116,2.3004384605383118e-7,0.3573453624240819,1.1998490783864532e-78,0.8343162843070584,0.41623626382143863,0.0,0.055288776408896116,2.3004384605383118e-7,0.3573453624240819,1.1998490783864532e-78,0.8343162843070584,0.41623626382143863,0.0
7.051718954018946e-18,0.11516331008954789,0.37251418103470174,1.0005818496771078e-9,0.812281915343614,0.43383604539576454,0.0,7.051718954018946e-18,0.11516331008954789,0.37251418103470174,1.0005818496771078e-9,0.812281915343614,0.43383604539576454,0.0
1.9507430183810998e-33,3.1858051149756537e-17,0.5202814586530149,3.2581350793327154e-22,0.7748860179593235,0.35922650407012535,2.441122646134886e-19,1.9507430183810998e-33,3.1858051149756537e-17,0.5202814586530149,3.2581350793327154e-22,0.7748860179593235,0.35922650407012535,2.441122646134886e-19
0.016599272657462322,0.016352154547776204,0.5035883914349792,0.018353567757953597,0.7708580390587109,0.3901027042159952,0.016330284683463713,0.016599272657462322,0.016352154547776204,0.5035883914349792,0.018353567757953597,0.7708580390587109,0.3901027042159952,0.016330284683463713
1.8263582359914463e-18,6.05353878920221e-17,1.4245983204853613e-23,9.031531710962105e-18,4.977868677146712e-191,1.0000050514675995,4.228030663966693e-206,1.8263582359914463e-18,6.05353878920221e-17,1.4245983204853613e-23,9.031531710962105e-18,4.977868677146712e-191,1.0000050514675995,4.228030663966693e-206
0.12084747508699059,1.4098092103320017e-22,0.39034044386954836,0.060261654352585084,0.7904470712248307,0.4547395159864868,0.0,0.12084747508699059,1.4098092103320017e-22,0.39034044386954836,0.060261654352585084,0.7904470712248307,0.4547395159864868,0.0
0.060835803536292275,1.0192490868672708e-15,0.45033945781456014,1.6911269953562508e-30,0.7903009893329024,0.39394520588488874,0.12076269492207077,0.060835803536292275,1.0192490868672708e-15,0.45033945781456014,1.6911269953562508e-30,0.7903009893329024,0.39394520588488874,0.12076269492207077
0.016320108348190237,0.04537486921131001,0.3896623276275989,0.04531190268450021,0.8301814046263698,0.39368578499526846,0.016409304528627097,0.016320108348190237,0.04537486921131001,0.3896623276275989,0.04531190268450021,0.8301814046263698,0.39368578499526846,0.016409304528627097
0.061298630102682494,1.5498526179902978e-17,0.39625061106624526,2.2745863641477395e-106,0.8033225311408159,0.4004370125532963,0.18365297738438502,0.061298630102682494,1.5498526179902978e-17,0.39625061106624526,2.2745863641477395e-106,0.8033225311408159,0.4004370125532963,0.18365297738438502
0.01663958240948942,0.10754087938142644,0.4073484274722467,0.04688251895164763,0.8074705048620141,0.412094278415436,0.015802402285702347,0.01663958240948942,0.10754087938142644,0.4073484274722467,0.04688251895164763,0.8074705048620141,0.412094278415436,0.015802402285702347
0.01684057030614469,0.01745469940809658,0.4321639018834156,0.016987937677056964,0.7977343612892966,0.40617329186520484,0.10639828387088836,0.01684057030614469,0.01745469940809658,0.4321639018834156,0.016987937677056964,0.7977343612892966,0.40617329186520484,0.10639828387088836
2.363738030756546e-18,2.328043091562436e-18,6.10774512712843e-17,2.822964137035909e-18,1.0000042361060426,6.290121696195971e-73,4.770605162255788e-23,2.363738030756546e-18,2.328043091562436e-18,6.10774512712843e-17,2.822964137035909e-18,1.0000042361060426,6.290121696195971e-73,4.770605162255788e-23
0.07567226156080568,0.04652383384619651,0.39826988752387243,0.016839618295773805,0.8192485043573134,0.40231032123618227,0.016639082358882076,0.07567226156080568,0.04652383384619651,0.39826988752387243,0.016839618295773805,0.8192485043573134,0.40231032123618227,0.016639082358882076
0.046998995853785516,0.07705320965879542,0.4030375705362564,0.0171323399390674,0.7990816506831473,0.43675519572439075,0.017056205827293152,0.046998995853785516,0.07705320965879542,0.4030375705362564,0.0171323399390674,0.7990816506831473,0.43675519572439075,0.017056205827293152
3.54135978539803e-18,0.05783479429111583,0.3740561198505763,0.05855009334296289,0.8152649825747553,0.4349392873658661,0.0,3.54135978539803e-18,0.05783479429111583,0.3740561198505763,0.05855009334296289,0.8152649825747553,0.4349392873658661,0.0
0.01692459102659126,0.07670015054564928,0.4330005361460241,0.046829577244565775,0.798859423918548,0.40718841204015555,0.017412911824084432,0.01692459102659126,0.07670015054564928,0.4330005361460241,0.046829577244565775,0.798859423918548,0.40718841204015555,0.017412911824084432
0.018274803245074175,0.05077382458975047,0.46476562631279444,0.017686510403952155,0.7884351042615989,0.4036308983858623,0.006183662498814512,0.018274803245074175,0.05077382458975047,0.46476562631279444,0.017686510403952155,0.7884351042615989,0.4036308983858623,0.006183662498814512
0.05783862071125066,0.05783310642617832,0.3735737675712714,9.56196655770479e-7,0.8151288672329882,0.43561132679938885,5.041067461834775e-17,0.05783862071125066,0.05783310642617832,0.3735737675712714,9.56196655770479e-7,0.8151288672329882,0.43561132679938885,5.041067461834775e-17
2.280688494570643e-17,6.939112023678723e-22,0.3724646971215174,0.11518212245836736,0.812383832801673,0.433900208689766,4.615220882041709e-168,2.280688494570643e-17,6.939112023678723e-22,0.3724646971215174,0.11518212245836736,0.812383832801673,0.433900208689766,4.615220882041709e-168
0.016770562450190287,0.045747138012109605,0.45816118132499256,0.04614073940831135,0.7899370484436098,0.40209337072241225,0.016651880609379107,0.016770562450190287,0.045747138012109605,0.45816118132499256,0.04614073940831135,0.7899370484436098,0.40209337072241225,0.016651880609379107
0.061273859384945874,2.578106614806186e-18,0.3964307345983363,0.18396048574994014,0.8032109155952747,0.40037001175556564,0.0,0.061273859384945874,2.578106614806186e-18,0.3964307345983363,0.18396048574994014,0.8032109155952747,0.40037001175556564,0.0
0.016745441855397388,0.07516714635753445,0.45740251346576566,0.016286237237088264,0.7894510065060089,0.40205156066540454,0.015883555480150826,0.016745441855397388,0.07516714635753445,0.45740251346576566,0.016286237237088264,0.7894510065060089,0.40205156066540454,0.015883555480150826
0.057876234305931896,7.348589054826539e-9,0.431667648750787,6.112972870583357e-7,0.8151660840606534,0.3775830194924821,0.057945419306512036,0.057876234305931896,7.348589054826539e-9,0.431667648750787,6.112972870583357e-7,0.8151660840606534,0.3775830194924821,0.057945419306512036
0.04737571148707764,0.04617652706180474,0.4031077596638813,0.0465204576119186,0.7999990212197802,0.43686395443026943,0.016686546504667985,0.04737571148707764,0.04617652706180474,0.4031077596638813,0.0465204576119186,0.7999990212197802,0.43686395443026943,0.016686546504667985
0.04685398366764423,0.0167558039495517,0.43325452301850126,0.01699420028022526,0.7991353040308703,0.4063056565836811,0.07705343326914177,0.04685398366764423,0.0167558039495517,0.43325452301850126,0.01699420028022526,0.7991353040308703,0.4063056565836811,0.07705343326914177
0.047615161710226866,0.07746098070779876,0.4079369326953713,0.01731304918616927,0.8083827217033259,0.4121175910822144,0.047454266306929754,0.047615161710226866,0.07746098070779876,0.4079369326953713,0.01731304918616927,0.8083827217033259,0.4121175910822144,0.047454266306929754
0.015826779564058896,0.0453787915508469,0.4184673876927322,0.01648847508007435,0.8018486529168347,0.42344474395574133,0.016653269204284962,0.015826779564058896,0.0453787915508469,0.4184673876927322,0.01648847508007435,0.8018486529168347,0.42344474395574133,0.016653269204284962
3.5302877276496876e-18,0.05765397386589524,0.48799853779212693,1.617960443905141e-6,0.7551142972338836,0.43416719646519714,0.0,3.5302877276496876e-18,0.05765397386589524,0.48799853779212693,1.617960443905141e-6,0.7551142972338836,0.43416719646519714,0.0
0.044690315087868256,0.044606668112211235,0.4031703307089768,0.054953820953941974,0.8213884799840845,0.3971383889904785,2.792737970564438e-158,0.044690315087868256,0.044606668112211235,0.4031703307089768,0.054953820953941974,0.8213884799840845,0.3971383889904785,2.792737970564438e-158
6.396997484917942e-18,2.8586927194604455e-17,0.47840608441988525,2.3871536992342107e-49,0.7960545703020402,0.367125850794075,0.06009172756538064,6.396997484917942e-18,2.8586927194604455e-17,0.47840608441988525,2.3871536992342107e-49,0.7960545703020402,0.367125850794075,0.06009172756538064
0.016567949163937546,0.01667868477707048,0.38614821529896054,0.015514109795377894,0.821169813781899,0.4172559382021489,0.04725559852170408,0.016567949163937546,0.01667868477707048,0.38614821529896054,0.015514109795377894,0.821169813781899,0.4172559382021489,0.04725559852170408
0.12307106407011639,4.688511640851589e-24,0.3981343679133593,3.0815165639819907e-7,0.8061301026642239,0.4020371364752897,0.12261225117647036,0.12307106407011639,4.688511640851589e-24,0.3981343679133593,3.0815165639819907e-7,0.8061301026642239,0.4020371364752897,0.12261225117647036
0.016059526291190913,0.016064581557118533,0.4052019672046412,0.13703604886144938,0.8058113113827516,0.4088695878063082,0.017019397791884862,0.016059526291190913,0.016064581557118533,0.4052019672046412,0.13703604886144938,0.8058113113827516,0.4088695878063082,0.017019397791884862
1.0901778492738793e-17,1.8404056677313818e-17,0.3493351261322565,1.6902212887032726e-39,0.81579414149862,0.46098901903553036,2.7616076619087755e-134,1.0901778492738793e-17,1.8404056677313818e-17,0.3493351261322565,1.6902212887032726e-39,0.81579414149862,0.46098901903553036,2.7616076619087755e-134
0.04397375066715025,0.015935579110282736,0.38092791150428007,0.01619089745751452,0.8392989960366372,0.384605714435986,0.016019914259411874,0.04397375066715025,0.015935579110282736,0.38092791150428007,0.01619089745751452,0.8392989960366372,0.384605714435986,0.016019914259411874
0.11802793462891185,0.0590595904242013,0.3806938336813129,3.446335100702173e-13,0.831132261355993,0.3847678143880615,2.2623396578433665e-257,0.11802793462891185,0.0590595904242013,0.3806938336813129,3.446335100702173e-13,0.831132261355993,0.3847678143880615,2.2623396578433665e-257
0.10532153277254656,0.017047378272761076,0.3980252548937795,0.017027562013059806,0.8179279920351421,0.4014719679831038,0.016242811103210363,0.10532153277254656,0.017047378272761076,0.3980252548937795,0.017027562013059806,0.8179279920351421,0.4014719679831038,0.016242811103210363
0.060383817807410346,0.06060599524916334,0.45161488506470276,0.060726454324033376,0.7933907338732296,0.3947227766756208,8.786625384348255e-150,0.060383817807410346,0.06060599524916334,0.45161488506470276,0.060726454324033376,0.7933907338732296,0.3947227766756208,8.786625384348255e-150
3.7845399052973784e-18,0.06180622703513082,0.39986411462487537,0.061668453416778006,0.80935791337406,0.4032520298925307,0.1241436284351453,3.7845399052973784e-18,0.06180622703513082,0.39986411462487537,0.061668453416778006,0.80935791337406,0.4032520298925307,0.1241436284351453
2.7207661025409228e-17,9.259262226107947e-25,0.4443348244465633,0.05880944729398994,0.7793760985222551,0.448853987960709,0.05939237598194631,2.7207661025409228e-17,9.259262226107947e-25,0.4443348244465633,0.05880944729398994,0.7793760985222551,0.448853987960709,0.05939237598194631
0.12127336050844335,0.06785657812940127,0.4003641074586158,6.126708443798747e-35,0.8105596525243226,0.40435444455231445,0.062011950683998014,0.12127336050844335,0.06785657812940127,0.4003641074586158,6.126708443798747e-35,0.8105596525243226,0.40435444455231445,0.062011950683998014
0.045815106072166684,0.016650239188853194,0.3943091901961805,0.016536395820228256,0.8108753627404769,0.42798606214787843,0.0451753733829238,0.045815106072166684,0.016650239188853194,0.3943091901961805,0.016536395820228256,0.8108753627404769,0.42798606214787843,0.0451753733829238
1.1271666508727738e-17,0.1840802836634287,0.39674744020662445,3.1076711591777697e-7,0.8027499424997009,0.40081325600354223,0.0613084141588103,1.1271666508727738e-17,0.1840802836634287,0.39674744020662445,3.1076711591777697e-7,0.8027499424997009,0.40081325600354223,0.0613084141588103
0.11795948810772666,0.00006375879984491385,0.3811259766465772,0.05883967396638798,0.8309595166229795,0.3849425629757955,7.825203166674754e-193,0.11795948810772666,0.00006375879984491385,0.3811259766465772,0.05883967396638798,0.8309595166229795,0.3849425629757955,7.825203166674754e-193
0.05891334278290275,0.05934403406940702,0.44143642887315454,5.790194038548746e-32,0.7745561185408936,0.4453169251974894,5.898781828223506e-9,0.05891334278290275,0.05934403406940702,0.44143642887315454,5.790194038548746e-32,0.7745561185408936,0.4453169251974894,5.898781828223506e-9
0.016931172484886504,0.04656760239959002,0.42786394771524855,0.046248591245683326,0.7907781200382491,0.4324572474521185,0.01671523857878724,0.016931172484886504,0.04656760239959002,0.42786394771524855,0.046248591245683326,0.7907781200382491,0.4324572474521185,0.01671523857878724
0.01662772674417871,0.016630880307983143,0.3901292928408504,0.014552872121431444,0.767855578674065,0.5075283727928195,0.016495234812413353,0.01662772674417871,0.016630880307983143,0.3901292928408504,0.014552872121431444,0.767855578674065,0.5075283727928195,0.016495234812413353
0.04629690642868627,0.01686554092558554,0.3977584298479357,0.01702781145363873,0.7900799873193325,0.46141613613625837,0.04600760278890703,0.04629690642868627,0.01686554092558554,0.3977584298479357,0.01702781145363873,0.7900799873193325,0.46141613613625837,0.04600760278890703
0.016927228481587547,0.07489157182744706,0.39398133183707457,0.016907434909602757,0.8100533398850396,0.42707572669810395,0.016568565304685253,0.016927228481587547,0.07489157182744706,0.39398133183707457,0.016907434909602757,0.8100533398850396,0.42707572669810395,0.016568565304685253
0.04612016941944397,0.016724447517365827,0.398470749988531,0.07578987242958782,0.8192050117750601,0.4024548339951284,0.016590017644091192,0.04612016941944397,0.016724447517365827,0.398470749988531,0.07578987242958782,0.8192050117750601,0.4024548339951284,0.016590017644091192
0.016425765789666768,0.01632136601212942,0.39391725841807,0.01666379040222237,0.7802782635917468,0.4848472488866844,0.046370142899565314,0.016425765789666768,0.01632136601212942,0.39391725841807,0.01666379040222237,0.7802782635917468,0.4848472488866844,0.046370142899565314
0.01694743717852852,0.01637377507821419,0.3931807417354865,0.04543827366487184,0.7798085620012436,0.4844741301431101,0.016295371091024243,0.01694743717852852,0.01637377507821419,0.3931807417354865,0.04543827366487184,0.7798085620012436,0.4844741301431101,0.016295371091024243
0.017096603982621777,0.046186487144590775,0.39845744790318943,0.01699978362646512,0.7897579665532821,0.46138377741577147,0.04601408841866989,0.017096603982621777,0.046186487144590775,0.39845744790318943,0.01699978362646512,0.7897579665532821,0.46138377741577147,0.04601408841866989
7.39258756034345e-18,0.12073011688742351,0.3898355116124787,0.05987133001815071,0.7896216406284792,0.4548312193375446,0.0,7.39258756034345e-18,0.12073011688742351,0.3898355116124787,0.05987133001815071,0.7896216406284792,0.4548312193375446,0.0
2.7365742967685704e-17,3.716085292215506e-19,0.4469577019001684,0.17954969883767433,0.7850456739139603,0.3904103121654069,3.5070538076703305e-22,2.7365742967685704e-17,3.716085292215506e-19,0.4469577019001684,0.17954969883767433,0.7850456739139603,0.3904103121654069,3.5070538076703305e-22
0.01712948834768341,0.10778646660417006,0.407239974434216,0.0173193695553219,0.8084282712586129,0.4114386133004724,0.047362105698388786,0.01712948834768341,0.10778646660417006,0.407239974434216,0.0173193695553219,0.8084282712586129,0.4114386133004724,0.047362105698388786
0.01653127529749715,0.045929456679923784,0.3942715994183378,0.045816869426359166,0.8107916817725268,0.4273237131414263,0.01668115666897677,0.01653127529749715,0.045929456679923784,0.3942715994183378,0.045816869426359166,0.8107916817725268,0.4273237131414263,0.01668115666897677
0.013618633170660697,0.016861053499318265,0.4271925635574757,0.04870996219640995,0.7912439157690312,0.43211248224032145,0.04504262121701715,0.013618633170660697,0.016861053499318265,0.4271925635574757,0.04870996219640995,0.7912439157690312,0.43211248224032145,0.04504262121701715
0.07623634873522267,0.04643611444984066,0.4332492161726926,0.016529045355979172,0.7987192193586972,0.4075996594975032,0.016567231495597187,0.07623634873522267,0.04643611444984066,0.4332492161726926,0.016529045355979172,0.7987192193586972,0.4075996594975032,0.016567231495597187
0.05755346995522317,1.6120135073867097e-6,0.3738869935213058,0.05773099820905785,0.8150811522667726,0.43518038208715243,6.715130762081343e-46,0.05755346995522317,1.6120135073867097e-6,0.3738869935213058,0.05773099820905785,0.8150811522667726,0.43518038208715243,6.715130762081343e-46
0.046869335798181526,0.04701276678090194,0.4333310382379647,0.016350416311840355,0.8001488011750724,0.4072138586319731,0.04748572322538493,0.046869335798181526,0.04701276678090194,0.4333310382379647,0.016350416311840355,0.8001488011750724,0.4072138586319731,0.04748572322538493
0.05890926790638198,0.05892377281447897,0.3808608742889886,6.442606920314636e-62,0.7716069145802772,0.5027359739589365,3.810713110120698e-226,0.05890926790638198,0.05892377281447897,0.3808608742889886,6.442606920314636e-62,0.7716069145802772,0.5027359739589365,3.810713110120698e-226
0.017010239418591356,0.017039716041753736,0.43316917800256527,0.07683327789672377,0.7995286127686244,0.40682135032547057,0.046895265259265816,0.017010239418591356,0.017039716041753736,0.43316917800256527,0.07683327789672377,0.7995286127686244,0.40682135032547057,0.046895265259265816
6.123284125416171e-17,1.0000081867979307,3.1789971953828033e-224,0.0,0.0,0.0,0.0,6.123284125416171e-17,1.0000081867979307,3.1789971953828033e-224,0.0,0.0,0.0,0.0
0.04644174072488748,0.016594379471573953,0.45763116329402875,0.017274564539846302,0.7897677565625836,0.40320226324037006,0.045898193185559544,0.04644174072488748,0.016594379471573953,0.45763116329402875,0.017274564539846302,0.7897677565625836,0.40320226324037006,0.045898193185559544
0.07686782648051252,0.04657478649683666,0.4027952259632606,0.01740070097522684,0.7993523919911393,0.43647564348638224,0.01606120684067485,0.07686782648051252,0.04657478649683666,0.4027952259632606,0.01740070097522684,0.7993523919911393,0.43647564348638224,0.01606120684067485
0.046991265513939826,0.01697140900620663,0.404599749321424,0.048271358262073426,0.7998623407683576,0.4367631832785674,0.045869709271807814,0.046991265513939826,0.01697140900620663,0.404599749321424,0.048271358262073426,0.7998623407683576,0.4367631832785674,0.045869709271807814
0.016513608525083462,0.04836329464509324,0.4322734815763736,0.015753989383370418,0.7972337056667704,0.4290776626171007,0.048966910472883665,0.016513608525083462,0.04836329464509324,0.4322734815763736,0.015753989383370418,0.7972337056667704,0.4290776626171007,0.048966910472883665
0.06185899324163045,1.9211901318941362e-20,0.4006306421496497,0.12390658073947888,0.8088102382025507,0.40296759583347674,0.06205024371564235,0.06185899324163045,1.9211901318941362e-20,0.4006306421496497,0.12390658073947888,0.8088102382025507,0.40296759583347674,0.06205024371564235
4.071249996733184e-19,3.3192322212742e-17,0.542112533439515,1.4132893315193055e-8,0.7503800802940614,0.3740059976547985,0.057199687243295466,4.071249996733184e-19,3.3192322212742e-17,0.542112533439515,1.4132893315193055e-8,0.7503800802940614,0.3740059976547985,0.057199687243295466
0.016787058680909513,0.01695197150672624,0.3981843023988393,0.046055996266121474,0.8194440726136074,0.40237074711072274,0.07547873474796511,0.016787058680909513,0.01695197150672624,0.3981843023988393,0.046055996266121474,0.8194440726136074,0.40237074711072274,0.07547873474796511
0.04810463838010806,0.10920868172585,0.4075702546884098,0.016614412384287795,0.8084204788543852,0.41178884905340746,0.01764724258078606,0.04810463838010806,0.10920868172585,0.4075702546884098,0.016614412384287795,0.8084204788543852,0.41178884905340746,0.01764724258078606
0.060399796859000196,0.060634523878160006,0.4517552566091661,2.6061075610395043e-12,0.7930264629043315,0.39507536569515267,0.06058616006233163,0.060399796859000196,0.060634523878160006,0.4517552566091661,2.6061075610395043e-12,0.7930264629043315,0.39507536569515267,0.06058616006233163
1.8685582406481784e-33,3.0515871873411035e-17,0.498362007636118,0.11793870602456875,0.7713619022659651,0.38479364272445,5.52024415674226e-160,1.8685582406481784e-33,3.0515871873411035e-17,0.498362007636118,0.11793870602456875,0.7713619022659651,0.38479364272445,5.52024415674226e-160
0.11542287764473622,9.51451329329811e-21,0.430728990126086,1.1144089856356455e-50,0.8135348747143439,0.3769950230888739,4.1174911931745217e-41,0.11542287764473622,9.51451329329811e-21,0.430728990126086,1.1144089856356455e-50,0.8135348747143439,0.3769950230888739,4.1174911931745217e-41
3.4661580058499758e-18,0.056606656029530314,0.4226132495311575,2.421892949687734e-95,0.7980279786033038,0.42636866661790257,2.305566841269888e-188,3.4661580058499758e-18,0.056606656029530314,0.4226132495311575,2.421892949687734e-95,0.7980279786033038,0.42636866661790257,2.305566841269888e-188
0.04635264307511204,0.01674181584103328,0.4577151533492389,0.0460001068784639,0.790468587882927,0.40234704452414255,0.016683925828061368,0.04635264307511204,0.01674181584103328,0.4577151533492389,0.0460001068784639,0.790468587882927,0.40234704452414255,0.016683925828061368
2.0941472509367955e-17,1.9896252317406017e-33,0.34200019995884895,1.0126662054258468e-19,0.851437484964676,0.39829496172121664,2.8932782136115716e-48,2.0941472509367955e-17,1.9896252317406017e-33,0.34200019995884895,1.0126662054258468e-19,0.851437484964676,0.39829496172121664,2.8932782136115716e-48
0.06052817554445911,6.743958677938667e-16,0.38981294254614957,0.12072669227946173,0.7898299162731341,0.45426632056336713,1.8037981487062086e-102,0.06052817554445911,6.743958677938667e-16,0.38981294254614957,0.12072669227946173,0.7898299162731341,0.45426632056336713,1.8037981487062086e-102
0.016387884818916693,0.04652867356536503,0.39822674856169893,0.016919431504959236,0.8193228989329051,0.4023262708452365,0.07594647786098062,0.016387884818916693,0.04652867356536503,0.39822674856169893,0.016919431504959236,0.8193228989329051,0.4023262708452365,0.07594647786098062
0.07529861876305281,0.016649649020775207,0.45707110352558467,0.01681224595254957,0.7893774239289625,0.40210835857558935,0.01692515986184838,0.07529861876305281,0.016649649020775207,0.45707110352558467,0.01681224595254957,0.7893774239289625,0.40210835857558935,0.01692515986184838
3.506778792114895e-18,0.0572700438127377,0.3701970778197813,1.304769484357412e-43,0.749796628823693,0.5455071734968338,8.34296391367482e-168,3.506778792114895e-18,0.0572700438127377,0.3701970778197813,1.304769484357412e-43,0.749796628823693,0.5455071734968338,8.34296391367482e-168
7.299949107528662e-18,2.1108849362941944e-17,0.3647657451473872,0.056401887646017425,0.7952612532235576,0.4813422805988519,1.726569431588604e-54,7.299949107528662e-18,2.1108849362941944e-17,0.3647657451473872,0.056401887646017425,0.7952612532235576,0.4813422805988519,1.726569431588604e-54
3.6283499948071394e-18,0.059255452222360575,0.3823268937463104,0.05895417640314472,0.8335754987048496,0.38563074722352386,0.05897629535223442,3.6283499948071394e-18,0.059255452222360575,0.3823268937463104,0.05895417640314472,0.8335754987048496,0.38563074722352386,0.05897629535223442
3.695685748985116e-18,0.06035512854086904,0.38989388630665006,0.12074305797212903,0.7899369855005364,0.4539994574093697,0.0,3.695685748985116e-18,0.06035512854086904,0.38989388630665006,0.12074305797212903,0.7899369855005364,0.4539994574093697,0.0
0.016596409256685082,0.07489673962714392,0.4233265382085087,0.016679901221855677,0.8107463901795221,0.3974837358208581,0.016826782195094973,0.016596409256685082,0.07489673962714392,0.4233265382085087,0.016679901221855677,0.8107463901795221,0.3974837358208581,0.016826782195094973
0.07682276921466841,0.017180652378601894,0.4332737562112955,0.01644787471428169,0.7994613195654079,0.40728938649069196,0.046924918846764446,0.07682276921466841,0.017180652378601894,0.4332737562112955,0.01644787471428169,0.7994613195654079,0.40728938649069196,0.046924918846764446
0.04765950706631322,0.04741651150083403,0.4080849962349885,0.04747156222467613,0.8090980024511715,0.4124001136030459,0.046641354254210135,0.04765950706631322,0.04741651150083403,0.4080849962349885,0.04747156222467613,0.8090980024511715,0.4124001136030459,0.046641354254210135
7.05919559576452e-18,0.11528541291545295,0.4302160065197997,2.314068042851493e-18,0.8125094901106693,0.37631932375672206,0.0,7.05919559576452e-18,0.11528541291545295,0.4302160065197997,2.314068042851493e-18,0.8125094901106693,0.37631932375672206,0.0
3.611947897843075e-18,0.05898758565094611,0.3811997541687263,0.058786234680578746,0.7721000253551782,0.5024846207669061,7.445002299756493e-72,3.611947897843075e-18,0.05898758565094611,0.3811997541687263,0.058786234680578746,0.7721000253551782,0.5024846207669061,7.445002299756493e-72
0.01665767673588079,0.016545840900480217,0.45216194514126695,0.016735410302719064,0.7812441621411863,0.42731320668252676,0.045338132604161786,0.01665767673588079,0.016545840900480217,0.45216194514126695,0.016735410302719064,0.7812441621411863,0.42731320668252676,0.045338132604161786
0.056397072022808636,5.764628386897658e-6,0.3647822556446031,6.179037698775192e-7,0.7952476008569787,0.48105097097770905,3.0245411266715565e-45,0.056397072022808636,5.764628386897658e-6,0.3647822556446031,6.179037698775192e-7,0.7952476008569787,0.48105097097770905,3.0245411266715565e-45
0.02370175715285468,0.006030732470469771,0.44211396888766785,0.017233206221766228,0.7784468952037948,0.44608035850768996,0.016513523067767714,0.02370175715285468,0.006030732470469771,0.44211396888766785,0.017233206221766228,0.7784468952037948,0.44608035850768996,0.016513523067767714
1.3061341832890283e-33,2.133078997468347e-17,0.34835823666929594,0.05387653773431861,0.8672613928980955,0.3518481777732567,1.3789978039113154e-301,1.3061341832890283e-33,2.133078997468347e-17,0.34835823666929594,0.05387653773431861,0.8672613928980955,0.3518481777732567,1.3789978039113154e-301
0.0465765318716935,0.07636059473811686,0.3964848541294288,0.04331925529718315,0.8190874970400084,0.40249729253426403,0.014069842108987323,0.0465765318716935,0.07636059473811686,0.3964848541294288,0.04331925529718315,0.8190874970400084,0.40249729253426403,0.014069842108987323
0.046532291202404576,0.04714744766450224,0.4273928816134163,0.017956677012934914,0.7936480820649838,0.42760379784361285,0.016646925557021124,0.046532291202404576,0.04714744766450224,0.4273928816134163,0.017956677012934914,0.7936480820649838,0.42760379784361285,0.016646925557021124
0.05922552631857879,1.2784114165105017e-16,0.4989962585107164,0.05852335541405896,0.7719847819330745,0.38493527607221256,3.28636475720308e-94,0.05922552631857879,1.2784114165105017e-16,0.4989962585107164,0.05852335541405896,0.7719847819330745,0.38493527607221256,3.28636475720308e-94
2.5774070651137878e-17,5.482791938997402e-18,0.4303409321273322,0.11511870159787178,0.8125464004979103,0.3765909061934284,2.852640314985693e-40,2.5774070651137878e-17,5.482791938997402e-18,0.4303409321273322,0.11511870159787178,0.8125464004979103,0.3765909061934284,2.852640314985693e-40
0.058972003470281954,0.058979123849067505,0.4990907748032027,2.100276293466385e-92,0.7720860805419876,0.3847481621449202,7.564782588487215e-44,0.058972003470281954,0.058979123849067505,0.4990907748032027,2.100276293466385e-92,0.7720860805419876,0.3847481621449202,7.564782588487215e-44
0.016458331863325987,0.016273311922883244,0.4147458006927071,0.017650563664076982,0.8226544165532974,0.3857161674265387,0.04465803841601896,0.016458331863325987,0.016273311922883244,0.4147458006927071,0.017650563664076982,0.8226544165532974,0.3857161674265387,0.04465803841601896
0.04518069991437841,0.016354497350646507,0.38966639188750657,0.01620837143234172,0.8302174053324443,0.39332207703555044,0.04529490010524885,0.04518069991437841,0.016354497350646507,0.38966639188750657,0.01620837143234172,0.8302174053324443,0.39332207703555044,0.04529490010524885
0.01630985592821621,0.01618013927457276,0.38927026291177974,0.044536919611478924,0.8297615289139818,0.39436400189258125,0.04510561728375318,0.01630985592821621,0.01618013927457276,0.38927026291177974,0.044536919611478924,0.8297615289139818,0.39436400189258125,0.04510561728375318
0.05763685741852433,8.10482128229371e-18,0.43028578613029816,2.9461613468082764e-22,0.7548317930124764,0.4917349409495532,1.1260893439384062e-300,0.05763685741852433,8.10482128229371e-18,0.43028578613029816,2.9461613468082764e-22,0.7548317930124764,0.4917349409495532,1.1260893439384062e-300
1.4490740217091511e-33,2.3665174689029568e-17,0.38648163218172266,0.11933629298753881,0.7890100923732613,0.4592239577144809,0.058283841671408286,1.4490740217091511e-33,2.3665174689029568e-17,0.38648163218172266,0.11933629298753881,0.7890100923732613,0.4592239577144809,0.058283841671408286
0.01610084322293623,0.015791800821399356,0.4429247930672316,0.01590341866757232,0.7932122647842944,0.4180512763528229,0.016304246250514527,0.01610084322293623,0.015791800821399356,0.4429247930672316,0.01590341866757232,0.7932122647842944,0.4180512763528229,0.016304246250514527
0.0165606829353911,0.01662623864732455,0.38935136979123,0.07347850853797475,0.8294792237370949,0.3930335322703152,0.016650919699185876,0.0165606829353911,0.01662623864732455,0.38935136979123,0.07347850853797475,0.8294792237370949,0.3930335322703152,0.016650919699185876
0.05770144612560234,2.817091290240588e-6,0.43172809206999757,0.05774991566348172,0.815174865064778,0.3775847190645389,5.418430049828929e-204,0.05770144612560234,2.817091290240588e-6,0.43172809206999757,0.05774991566348172,0.815174865064778,0.3775847190645389,5.418430049828929e-204
7.394942931820312e-18,0.12076858302277783,0.45068771028357996,0.06081439391936927,0.7900204783981414,0.3931251413873207,2.7537649681020093e-30,7.394942931820312e-18,0.12076858302277783,0.45068771028357996,0.06081439391936927,0.7900204783981414,0.3931251413873207,2.7537649681020093e-30
0.016894949109027675,0.0468744991732167,0.4031926420373264,0.01663548229102208,0.7988052726305815,0.43716073406864586,0.0767140622124429,0.016894949109027675,0.0468744991732167,0.4031926420373264,0.01663548229102208,0.7988052726305815,0.43716073406864586,0.0767140622124429
0.019467244485117007,0.01373250377550094,0.3969756290461417,0.07515917555334574,0.8225715382800631,0.3979559493906113,0.04476880420807148,0.019467244485117007,0.01373250377550094,0.3969756290461417,0.07515917555334574,0.8225715382800631,0.3979559493906113,0.04476880420807148
0.06066457821783284,0.060533504314171684,0.3916477595380619,5.5727199048082065e-49,0.7927795656882184,0.45617609118269936,0.06015637648106435,0.06066457821783284,0.060533504314171684,0.3916477595380619,5.5727199048082065e-49,0.7927795656882184,0.45617609118269936,0.06015637648106435
0.0726696915388629,0.02578735497856858,0.392180257317403,0.01651327773595903,0.8107308334755358,0.42732192757869825,0.01780297767068544,0.0726696915388629,0.02578735497856858,0.392180257317403,0.01651327773595903,0.8107308334755358,0.42732192757869825,0.01780297767068544
0.047133487784273696,0.01533253483503969,0.48010677595058265,0.018841924754609808,0.777955750199329,0.4019734192499743,0.017255565050329384,0.047133487784273696,0.01533253483503969,0.48010677595058265,0.018841924754609808,0.777955750199329,0.4019734192499743,0.017255565050329384
0.07769090618704268,0.0473793560611169,0.40800465239974354,0.047334969116061595,0.8086637373072995,0.4120372109294682,0.01702205301574105,0.07769090618704268,0.0473793560611169,0.40800465239974354,0.047334969116061595,0.8086637373072995,0.4120372109294682,0.01702205301574105
2.990612745627118e-17,9.279430729211085e-24,0.488404125615556,0.05777053180047351,0.7555195257319908,0.4344072110627787,8.638318951581184e-23,2.990612745627118e-17,9.279430729211085e-24,0.488404125615556,0.05777053180047351,0.7555195257319908,0.4344072110627787,8.638318951581184e-23
3.545446054580242e-18,0.057901528131192107,0.43187400305733425,4.680235809057231e-10,0.815578089518829,0.3777104569203969,0.05760778772420787,3.545446054580242e-18,0.057901528131192107,0.43187400305733425,4.680235809057231e-10,0.815578089518829,0.3777104569203969,0.05760778772420787
0.18401753158189804,3.1621539307389707e-25,0.39661219091637206,1.951700643296119e-7,0.8027960305002209,0.400771364010233,0.06130564561695881,0.18401753158189804,3.1621539307389707e-25,0.39661219091637206,1.951700643296119e-7,0.8027960305002209,0.400771364010233,0.06130564561695881
0.01774823579974336,0.04684818906156559,0.4046452153825231,0.07697070519725324,0.8032732294490501,0.4274205815914015,0.01579283579707572,0.01774823579974336,0.04684818906156559,0.4046452153825231,0.07697070519725324,0.8032732294490501,0.4274205815914015,0.01579283579707572
0.015880956775498042,0.015994415464945566,0.4028109999481587,0.10740932322625514,0.8095405561202668,0.4114454168508917,0.04624104190072499,0.015880956775498042,0.015994415464945566,0.4028109999481587,0.10740932322625514,0.8095405561202668,0.4114454168508917,0.04624104190072499
1.5482693226901016e-33,2.5285156892061724e-17,0.41293794928735755,0.055334846413992514,0.8350634753502802,0.3598115542989896,5.829189720060652e-44,1.5482693226901016e-33,2.5285156892061724e-17,0.41293794928735755,0.055334846413992514,0.8350634753502802,0.3598115542989896,5.829189720060652e-44
1.130246472973262e-19,2.313388580454079e-17,0.3778095352855431,3.765502510380758e-8,0.8250240827483218,0.3820334559886596,0.17513847565028212,1.130246472973262e-19,2.313388580454079e-17,0.3778095352855431,3.765502510380758e-8,0.8250240827483218,0.3820334559886596,0.17513847565028212
1.9908594983233182e-33,3.251320298570057e-17,0.5309809000985022,2.839983389599732e-59,0.7346583502112985,0.4224404333211437,0.0,1.9908594983233182e-33,3.251320298570057e-17,0.5309809000985022,2.839983389599732e-59,0.7346583502112985,0.4224404333211437,0.0
7.38904285941435e-18,0.12067222752811486,0.3901117645335815,6.916196527128333e-13,0.7900913697964723,0.45396523405648304,0.060291479594254085,7.38904285941435e-18,0.12067222752811486,0.3901117645335815,6.916196527128333e-13,0.7900913697964723,0.45396523405648304,0.060291479594254085
0.04730406217014804,0.017398913207067192,0.4074830229217277,0.10761356243733382,0.8070992163598814,0.4104392070614742,0.016588657937798124,0.04730406217014804,0.017398913207067192,0.4074830229217277,0.10761356243733382,0.8070992163598814,0.4104392070614742,0.016588657937798124
8.22315236094883e-18,2.389573709340469e-17,0.41270773359663543,5.396140803407282e-12,0.7793500993434702,0.47151820310241177,3.8702238172858e-116,8.22315236094883e-18,2.389573709340469e-17,0.41270773359663543,5.396140803407282e-12,0.7793500993434702,0.47151820310241177,3.8702238172858e-116
2.6350517747264924e-17,5.278109729023644e-41,0.43033661241120597,0.057615351267137974,0.7548837896166217,0.4916270477599243,1.2966752140035267e-27,2.6350517747264924e-17,5.278109729023644e-41,0.43033661241120597,0.057615351267137974,0.7548837896166217,0.4916270477599243,1.2966752140035267e-27
2.17483953692452e-17,4.0902334051103026e-32,0.35517825032306916,4.737190574563368e-78,0.7745302197429309,0.5234772274037585,0.0,2.17483953692452e-17,4.0902334051103026e-32,0.35517825032306916,4.737190574563368e-78,0.7745302197429309,0.5234772274037585,0.0
0.01557632035085665,0.016261781800507448,0.47079217111605826,0.015293684961998576,0.7920308594782244,0.3880980052280303,0.01661151099035445,0.01557632035085665,0.016261781800507448,0.47079217111605826,0.015293684961998576,0.7920308594782244,0.3880980052280303,0.01661151099035445
0.04743269547660238,0.01738004810696515,0.4078096381634724,0.047634523983996806,0.8085369858175044,0.4114662246157738,0.07757543980302946,0.04743269547660238,0.01738004810696515,0.4078096381634724,0.047634523983996806,0.8085369858175044,0.4114662246157738,0.07757543980302946
0.015185503256967192,0.13787482972482545,0.40798050783390116,0.01774010988371834,0.8045009850524911,0.41043139061146555,0.016194095225601227,0.015185503256967192,0.13787482972482545,0.40798050783390116,0.01774010988371834,0.8045009850524911,0.41043139061146555,0.016194095225601227
0.016635891597430442,0.016342037355137548,0.42199023193013846,0.07477261306418023,0.8110675571503742,0.3972120605762434,0.016251884064077623,0.016635891597430442,0.016342037355137548,0.42199023193013846,0.07477261306418023,0.8110675571503742,0.3972120605762434,0.016251884064077623
2.8280565415939544e-17,0.0,0.46185668285140785,2.698883656709514e-29,0.8236756458194902,0.35654626981378906,0.0,2.8280565415939544e-17,0.0,0.46185668285140785,2.698883656709514e-29,0.8236756458194902,0.35654626981378906,0.0
0.016998434305254606,0.07598705257785872,0.3981848900390599,0.016050344797780544,0.8194481905204625,0.4021517527831656,0.046062328180631884,0.016998434305254606,0.07598705257785872,0.3981848900390599,0.016050344797780544,0.8194481905204625,0.4021517527831656,0.046062328180631884
0.015314360549768561,0.014784925402648459,0.3832865381587354,0.015149676245429733,0.8406885485261685,0.38157221855216,0.01660962382515495,0.015314360549768561,0.014784925402648459,0.3832865381587354,0.015149676245429733,0.8406885485261685,0.38157221855216,0.01660962382515495
0.10862535769745846,0.04713851316247405,0.40735277451105756,0.01689334338131653,0.806469058973173,0.41136139359107904,0.016955403870445373,0.10862535769745846,0.04713851316247405,0.40735277451105756,0.01689334338131653,0.806469058973173,0.41136139359107904,0.016955403870445373
0.017198910959723545,0.047435931478180676,0.4075635995389522,0.047529874706567464,0.8086615436475646,0.4115288665933531,0.07756753240232266,0.017198910959723545,0.047435931478180676,0.4075635995389522,0.047529874706567464,0.8086615436475646,0.4115288665933531,0.07756753240232266
1.3461221665481296e-33,2.1983843300539427e-17,0.3590234068442498,0.0555138739201554,0.8382438458562832,0.41835456596795484,2.7118529562046467e-159,1.3461221665481296e-33,2.1983843300539427e-17,0.3590234068442498,0.0555138739201554,0.8382438458562832,0.41835456596795484,2.7118529562046467e-159
0.01667078350739564,0.07583412372063814,0.42802514745470144,0.016896370089563004,0.790041860193569,0.43164333123770776,0.016795238071235268,0.01667078350739564,0.07583412372063814,0.42802514745470144,0.016896370089563004,0.790041860193569,0.43164333123770776,0.016795238071235268
0.07623765434166024,0.016506211737823306,0.42854067185997946,0.016729311445844337,0.7901228998799128,0.4313513919103561,0.01667275649760899,0.07623765434166024,0.016506211737823306,0.42854067185997946,0.016729311445844337,0.7901228998799128,0.4313513919103561,0.01667275649760899
0.01680023520619352,0.04683513918186581,0.43323049907982936,0.016980785196335824,0.7990901030521652,0.4064242211142688,0.0770535329727347,0.01680023520619352,0.04683513918186581,0.43323049907982936,0.016980785196335824,0.7990901030521652,0.4064242211142688,0.0770535329727347
3.3834273597003936e-18,0.05525556204541697,0.4126656034184138,2.7037543352774045e-22,0.8346668232914914,0.3609855693176949,3.9566909189735903e-97,3.3834273597003936e-18,0.05525556204541697,0.4126656034184138,2.7037543352774045e-22,0.8346668232914914,0.3609855693176949,3.9566909189735903e-97
0.04527099992703379,0.016324319708846888,0.38605952161467694,0.01611613310777593,0.8209221523953738,0.41791687640639424,0.01615789714380154,0.04527099992703379,0.016324319708846888,0.38605952161467694,0.01611613310777593,0.8209221523953738,0.41791687640639424,0.01615789714380154
1.820302633512865e-17,1.838271178082709e-17,0.42249464160570194,0.05666150337160778,0.7978528295129586,0.4263567470016405,1.7575630581560276e-6,1.820302633512865e-17,1.838271178082709e-17,0.42249464160570194,0.05666150337160778,0.7978528295129586,0.4263567470016405,1.7575630581560276e-6
0.07797247767138936,0.013983739701789092,0.4045020191257594,0.01712333367456811,0.7984134806849406,0.436182985665435,0.0471460081240146,0.07797247767138936,0.013983739701789092,0.4045020191257594,0.01712333367456811,0.7984134806849406,0.436182985665435,0.0471460081240146
2.3702627577473074e-17,1.6458567857839953e-40,0.3870932842673621,7.247106708459796e-12,0.7841445530896243,0.4507171023503281,0.17938943138441144,2.3702627577473074e-17,1.6458567857839953e-40,0.3870932842673621,7.247106708459796e-12,0.7841445530896243,0.4507171023503281,0.17938943138441144
0.016070090026967822,0.01574559100861932,0.45804143377258494,0.04107108026108006,0.7906775274651723,0.40150110326879346,0.045940091909297355,0.016070090026967822,0.01574559100861932,0.45804143377258494,0.04107108026108006,0.7906775274651723,0.40150110326879346,0.045940091909297355
2.2329245918731767e-17,5.415222582253131e-31,0.3646642596751693,2.2371433547728763e-23,0.7953298724550087,0.4812409124662613,0.05446027985309438,2.2329245918731767e-17,5.415222582253131e-31,0.3646642596751693,2.2371433547728763e-23,0.7953298724550087,0.4812409124662613,0.05446027985309438
0.05642610150698626,0.05641492112680099,0.36472060884487134,2.05166992707964e-23,0.8514965373075706,0.36827584957356213,2.1144367344133835e-39,0.05642610150698626,0.05641492112680099,0.36472060884487134,2.05166992707964e-23,0.8514965373075706,0.36827584957356213,2.1144367344133835e-39
0.04710824189520391,0.01722395321609848,0.4066688903918528,0.016879607419550566,0.807572702996067,0.4112136707838143,0.10845196540528235,0.04710824189520391,0.01722395321609848,0.4066688903918528,0.016879607419550566,0.807572702996067,0.4112136707838143,0.10845196540528235
0.06160473308892209,0.12362667897217486,0.3996671476078774,0.061598059503038,0.8092655306706821,0.4035402087260371,7.802413103265249e-111,0.06160473308892209,0.12362667897217486,0.3996671476078774,0.061598059503038,0.8092655306706821,0.4035402087260371,7.802413103265249e-111
0.017369740147834326,0.017354487529838675,0.44211254313400367,0.018202270843094562,0.8165695686362775,0.3835401323923932,0.01669528600656466,0.017369740147834326,0.017354487529838675,0.44211254313400367,0.018202270843094562,0.8165695686362775,0.3835401323923932,0.01669528600656466
0.01654406504518615,0.01665492185530028,0.3849275070171329,0.04501035273578805,0.8213998788200585,0.4179243004294384,0.016944357491048615,0.01654406504518615,0.01665492185530028,0.3849275070171329,0.04501035273578805,0.8213998788200585,0.4179243004294384,0.016944357491048615
0.0589456959431469,8.834354678915948e-25,0.38111316929008215,6.244726206452149e-88,0.7720744570203758,0.5023141489927131,0.05897718946326369,0.0589456959431469,8.834354678915948e-25,0.38111316929008215,6.244726206452149e-88,0.7720744570203758,0.5023141489927131,0.05897718946326369
0.045979465930561715,0.04532900667022206,0.40765162581329567,0.017229444954935662,0.8087671409487067,0.41164818270445225,0.0780035409618359,0.045979465930561715,0.04532900667022206,0.40765162581329567,0.017229444954935662,0.8087671409487067,0.41164818270445225,0.0780035409618359
0.016965326378854565,0.016293917711025736,0.4064977365669148,0.01712594925239469,0.8053197049923022,0.4091785899286715,0.13794937248163844,0.016965326378854565,0.016293917711025736,0.4064977365669148,0.01712594925239469,0.8053197049923022,0.4091785899286715,0.13794937248163844
8.368534973983907e-19,2.4360424673988625e-17,0.3980706055617124,0.12296056760988006,0.8062448598306586,0.40195735789534104,0.12267997762762972,8.368534973983907e-19,2.4360424673988625e-17,0.3980706055617124,0.12296056760988006,0.8062448598306586,0.40195735789534104,0.12267997762762972
0.016721928883307518,0.01691375048373622,0.3952448190516004,0.04609078775201361,0.8105041232344627,0.42778170786544756,0.044769334651482036,0.016721928883307518,0.01691375048373622,0.3952448190516004,0.04609078775201361,0.8105041232344627,0.42778170786544756,0.044769334651482036
0.020873955709082494,0.04209858555952045,0.40637754166819434,0.051740264177321374,0.7899689108690351,0.4541570946377922,0.0068146138989549085,0.020873955709082494,0.04209858555952045,0.40637754166819434,0.051740264177321374,0.7899689108690351,0.4541570946377922,0.0068146138989549085
3.546896867771512e-18,0.057925221708675506,0.3740489196446485,2.0550246656727487e-39,0.8154403670265518,0.43437423888621124,0.05671243278426652,3.546896867771512e-18,0.057925221708675506,0.3740489196446485,2.0550246656727487e-39,0.8154403670265518,0.43437423888621124,0.05671243278426652
0.046913236443106784,0.017060803272188826,0.4327140257025033,0.0772320126111497,0.7991980805809791,0.4070097981466773,0.016798441023588385,0.046913236443106784,0.017060803272188826,0.4327140257025033,0.0772320126111497,0.7991980805809791,0.4070097981466773,0.016798441023588385
0.017404748539392067,0.04594255796609368,0.42299049499798014,0.016070749881503667,0.7808142931249112,0.4567499266001603,0.016141843911148285,0.017404748539392067,0.04594255796609368,0.42299049499798014,0.016070749881503667,0.7808142931249112,0.4567499266001603,0.016141843911148285
0.016243288119630758,0.01636795813684676,0.4073925430366565,0.046605628378459184,0.8068397539746495,0.41102458288872257,0.10753149098944823,0.016243288119630758,0.01636795813684676,0.4073925430366565,0.046605628378459184,0.8068397539746495,0.41102458288872257,0.10753149098944823
0.07985145837341309,0.01769297854624078,0.4222966005168435,0.01674079404448077,0.8110188585680863,0.3974525410857769,0.016960372617256286,0.07985145837341309,0.01769297854624078,0.4222966005168435,0.01674079404448077,0.8110188585680863,0.3974525410857769,0.016960372617256286
2.3254471100722656e-17,1.1819022658249782e-20,0.3797743826286312,2.6781340120692577e-40,0.7692288234843561,0.5009442744287861,0.11791050658628159,2.3254471100722656e-17,1.1819022658249782e-20,0.3797743826286312,2.6781340120692577e-40,0.7692288234843561,0.5009442744287861,0.11791050658628159
0.01792104959206026,0.017232791666854173,0.41368433708642616,0.04774847182154805,0.8197608614936369,0.3929581246204412,6.360281108767063e-8,0.01792104959206026,0.017232791666854173,0.41368433708642616,0.04774847182154805,0.8197608614936369,0.3929581246204412,6.360281108767063e-8
7.564729737585742e-18,0.12354141198674756,0.39708727633722596,0.061040074930692446,0.810408169315706,0.40408461113194977,0.06034645268527639,7.564729737585742e-18,0.12354141198674756,0.39708727633722596,0.061040074930692446,0.810408169315706,0.40408461113194977,0.06034645268527639
0.05650118036553534,1.1056219234058664e-26,0.42246856082277184,5.759427038362835e-47,0.7979481220164988,0.4266703174222883,2.673960325125074e-150,0.05650118036553534,1.1056219234058664e-26,0.42246856082277184,5.759427038362835e-47,0.7979481220164988,0.4266703174222883,2.673960325125074e-150
2.288301282700355e-17,2.1360794911013888e-36,0.37370795960003483,0.05771915831998867,0.8155493988537009,0.4352496208952624,0.05771664657353237,2.288301282700355e-17,2.1360794911013888e-36,0.37370795960003483,0.05771915831998867,0.8155493988537009,0.4352496208952624,0.05771664657353237
0.04501796858746213,0.01604297877803336,0.425341526377356,0.016051185630069707,0.8085216204828073,0.4010525699237705,0.04636853980861069,0.04501796858746213,0.01604297877803336,0.425341526377356,0.016051185630069707,0.8085216204828073,0.4010525699237705,0.04636853980861069
2.2265418477730382e-17,4.817529695709688e-40,0.3636218784588738,0.1124721542452772,0.8488678024563266,0.3671845440859565,5.478728578391785e-215,2.2265418477730382e-17,4.817529695709688e-40,0.3636218784588738,0.1124721542452772,0.8488678024563266,0.3671845440859565,5.478728578391785e-215
0.016033618538168714,0.01606309507502187,0.38936886302962215,0.016084223475598434,0.8014518747609015,0.4511857020052071,0.04569003119251044,0.016033618538168714,0.01606309507502187,0.38936886302962215,0.016084223475598434,0.8014518747609015,0.4511857020052071,0.04569003119251044
0.056447319438644776,1.0017917627412783e-22,0.3647874998698406,0.05643016339714475,0.8517409067911947,0.3685970865629248,1.6224596679923167e-84,0.056447319438644776,1.0017917627412783e-22,0.3647874998698406,0.05643016339714475,0.8517409067911947,0.3685970865629248,1.6224596679923167e-84
3.150151462505542e-18,2.3151774996768e-17,0.38158112509017145,0.057884791493402754,0.831948248456603,0.38543286442358793,0.11778320894901637,3.150151462505542e-18,2.3151774996768e-17,0.38158112509017145,0.057884791493402754,0.831948248456603,0.38543286442358793,0.11778320894901637
0.18372913198184648,4.33643130240579e-15,0.3965428932885578,0.06151834069798281,0.8033733817236782,0.4003982669297083,0.0,0.18372913198184648,4.33643130240579e-15,0.3965428932885578,0.06151834069798281,0.8033733817236782,0.4003982669297083,0.0
0.01700218391010691,0.0772727753551896,0.4050111265230916,0.01675841791732175,0.7995810752074864,0.4360918330054277,0.0475337401142447,0.01700218391010691,0.0772727753551896,0.4050111265230916,0.01675841791732175,0.7995810752074864,0.4360918330054277,0.0475337401142447
3.6869462500911875e-18,0.060212401692605305,0.38990389358457067,2.850622454733036e-18,0.7899573309754107,0.45416755659503294,0.12070612838202747,3.6869462500911875e-18,0.060212401692605305,0.38990389358457067,2.850622454733036e-18,0.7899573309754107,0.45416755659503294,0.12070612838202747
0.01791247285899517,0.018144201362733845,0.4077663993219779,0.07742853183620749,0.8076306567507607,0.4110505219990276,0.07740125536103518,0.01791247285899517,0.018144201362733845,0.4077663993219779,0.07742853183620749,0.8076306567507607,0.4110505219990276,0.07740125536103518
0.016412742363425336,0.045433035332851195,0.3897057634565809,0.016661411046025868,0.8300831941615353,0.39321039244712935,0.04574428991559911,0.016412742363425336,0.045433035332851195,0.3897057634565809,0.016661411046025868,0.8300831941615353,0.39321039244712935,0.04574428991559911
0.016729866355483278,0.045893617479752194,0.4235752270466584,0.017091141557950475,0.8113046795229363,0.398387876915291,0.04593381490415581,0.016729866355483278,0.045893617479752194,0.4235752270466584,0.017091141557950475,0.8113046795229363,0.398387876915291,0.04593381490415581
2.7592177558112472e-17,4.406573835092474e-19,0.45067191756033737,0.12154974406955098,0.7908815585961844,0.39432426953921673,0.05936303668579144,2.7592177558112472e-17,4.406573835092474e-19,0.45067191756033737,0.12154974406955098,0.7908815585961844,0.39432426953921673,0.05936303668579144
0.07724831050585876,0.0476002069320195,0.40783712794179905,0.016861093511067248,0.8083892582334304,0.4118199489036379,0.04762960252376123,0.07724831050585876,0.0476002069320195,0.40783712794179905,0.016861093511067248,0.8083892582334304,0.4118199489036379,0.04762960252376123
0.0001200302772519789,0.0001225346392173799,0.3646307683868955,0.05631958987020159,0.8514709268345235,0.368567718650277,0.05629896553759894,0.0001200302772519789,0.0001225346392173799,0.3646307683868955,0.05631958987020159,0.8514709268345235,0.368567718650277,0.05629896553759894
0.016440749748073073,0.016647166901416186,0.3847077722425174,0.016608296962444553,0.7914669704312003,0.47387720584151544,0.0162683617877746,0.016440749748073073,0.016647166901416186,0.3847077722425174,0.016608296962444553,0.7914669704312003,0.47387720584151544,0.0162683617877746
0.018105043042938335,0.07734140735953476,0.4077547226428121,0.07725405714159363,0.8081278508246739,0.41142054271650286,0.016479779120380973,0.018105043042938335,0.07734140735953476,0.4077547226428121,0.07725405714159363,0.8081278508246739,0.41142054271650286,0.016479779120380973
0.07549924903111785,0.01691682872493768,0.39785059575494136,0.04676216749357601,0.8196504302817006,0.40206350190098294,0.01661435908247117,0.07549924903111785,0.01691682872493768,0.39785059575494136,0.04676216749357601,0.8196504302817006,0.40206350190098294,0.01661435908247117
0.01656916594528451,0.016447263351878804,0.40031940924837844,0.01643313490154491,0.7894347548299275,0.46052314506394476,0.07562926506719676,0.01656916594528451,0.016447263351878804,0.40031940924837844,0.01643313490154491,0.7894347548299275,0.46052314506394476,0.07562926506719676
0.01641694820602844,0.015082387553022875,0.38101166924830665,0.04492325982744227,0.8397143642770715,0.3841566636033369,0.015840888564599986,0.01641694820602844,0.015082387553022875,0.38101166924830665,0.04492325982744227,0.8397143642770715,0.3841566636033369,0.015840888564599986
0.04769078828405622,0.01681989103966544,0.40809409923058065,0.07764464629641202,0.8084563395240403,0.41155647632529263,0.047204635067370965,0.04769078828405622,0.01681989103966544,0.40809409923058065,0.07764464629641202,0.8084563395240403,0.41155647632529263,0.047204635067370965
2.316843991036814e-17,7.205125395370902e-31,0.3783693376163464,0.17545718845361025,0.8247483840443756,0.3820220085330611,3.4280065357947855e-42,2.316843991036814e-17,7.205125395370902e-31,0.3783693376163464,0.17545718845361025,0.8247483840443756,0.3820220085330611,3.4280065357947855e-42
0.015880143488320165,0.01662930931167618,0.48048468107779063,0.04318083127076169,0.7804170237946093,0.3977540935329187,0.01667731940677872,0.015880143488320165,0.01662930931167618,0.48048468107779063,0.04318083127076169,0.7804170237946093,0.3977540935329187,0.01667731940677872
0.07546049791046554,0.016820307065397187,0.39832884010451913,0.0163283442218049,0.7890003293443039,0.46082370269645045,0.01654302629284149,0.07546049791046554,0.016820307065397187,0.39832884010451913,0.0163283442218049,0.7890003293443039,0.46082370269645045,0.01654302629284149
0.016974923339049663,0.01683929217853018,0.4025901189652769,0.016702923240370187,0.7985285053870348,0.4338907774668016,0.10711119214664702,0.016974923339049663,0.01683929217853018,0.4025901189652769,0.016702923240370187,0.7985285053870348,0.4338907774668016,0.10711119214664702
0.045295129944214314,0.016464635877200415,0.4475463021792304,0.016760097225758445,0.8011659194520635,0.39387453706575726,0.016486492781601185,0.045295129944214314,0.016464635877200415,0.4475463021792304,0.016760097225758445,0.8011659194520635,0.39387453706575726,0.016486492781601185
0.045972852430844285,0.016890442776894436,0.42356182035549816,0.04608435574318279,0.8114388615283451,0.39708752399576175,0.01671994624620225,0.045972852430844285,0.016890442776894436,0.42356182035549816,0.04608435574318279,0.8114388615283451,0.39708752399576175,0.01671994624620225
0.0567031909244716,0.05809302847187875,0.43202559002419716,1.244179223000753e-17,0.8157299157838055,0.3765182404764718,0.0,0.0567031909244716,0.05809302847187875,0.43202559002419716,1.244179223000753e-17,0.8157299157838055,0.3765182404764718,0.0
3.609691058683987e-18,0.05895072867045738,0.38129775381104436,2.992269174355112e-40,0.8312526835034769,0.3846823979875251,0.11784103355573898,3.609691058683987e-18,0.05895072867045738,0.38129775381104436,2.992269174355112e-40,0.8312526835034769,0.3846823979875251,0.11784103355573898
3.4516211386984645e-18,0.05636925097263338,0.36461787892284825,5.703892434925984e-23,0.8514938746168427,0.3684518144351363,0.05636121775057493,3.4516211386984645e-18,0.05636925097263338,0.36461787892284825,5.703892434925984e-23,0.8514938746168427,0.3684518144351363,0.05636121775057493
1.6561995904542328e-17,1.5450589366379965e-17,0.3699018215219164,1.4825909801763115e-35,0.7497190181283956,0.5458134921209105,0.05724173534609089,1.6561995904542328e-17,1.5450589366379965e-17,0.3699018215219164,1.4825909801763115e-35,0.7497190181283956,0.5458134921209105,0.05724173534609089
0.06045986428699597,3.290752653144598e-26,0.4513282059568146,0.12089645309323607,0.7917569845058289,0.3947525717686213,2.7007036288483583e-19,0.06045986428699597,3.290752653144598e-26,0.4513282059568146,0.12089645309323607,0.7917569845058289,0.3947525717686213,2.7007036288483583e-19
0.04574186293783703,0.01653093527372203,0.3941478026773845,0.04580020217311383,0.8108384948563007,0.42731314502221246,0.016639915808656567,0.04574186293783703,0.01653093527372203,0.3941478026773845,0.04580020217311383,0.8108384948563007,0.42731314502221246,0.016639915808656567
7.216120457050428e-18,0.11784819038558009,0.38064143456052324,3.6621266707860286e-44,0.8306331881338648,0.38480936949481226,0.05823753851121131,7.216120457050428e-18,0.11784819038558009,0.38064143456052324,3.6621266707860286e-44,0.8306331881338648,0.38480936949481226,0.05823753851121131
0.016295839388884733,0.016612769443693155,0.41969676052550736,0.01651359118257288,0.801800151391855,0.42231207847496743,0.044951585244976264,0.016295839388884733,0.016612769443693155,0.41969676052550736,0.01651359118257288,0.801800151391855,0.42231207847496743,0.044951585244976264
1.3879033704675633e-33,2.266618214221236e-17,0.37016684578759257,0.057240648442911594,0.7499091360712373,0.54535174729963,2.6405759784716402e-295,1.3879033704675633e-33,2.266618214221236e-17,0.37016684578759257,0.057240648442911594,0.7499091360712373,0.54535174729963,2.6405759784716402e-295
0.01596314486323382,0.045709079936347624,0.3944656077607474,0.015792025781271143,0.8103684552452197,0.428063429802533,0.045236633025031135,0.01596314486323382,0.045709079936347624,0.3944656077607474,0.015792025781271143,0.8103684552452197,0.428063429802533,0.045236633025031135
0.0604417209215,5.579280909678621e-20,0.45175613913798485,0.06041117661380613,0.7931516414418862,0.39528813878999797,0.06016353946155821,0.0604417209215,5.579280909678621e-20,0.45175613913798485,0.06041117661380613,0.7931516414418862,0.39528813878999797,0.06016353946155821
0.01665219891300803,0.01685880394650754,0.4574057426772237,0.01687267737714544,0.7891386228167611,0.40190130654368916,0.07557851936492405,0.01665219891300803,0.01685880394650754,0.4574057426772237,0.01687267737714544,0.7891386228167611,0.40190130654368916,0.07557851936492405
0.1063836636900729,0.016889928190845505,0.4318836914850972,0.016697269767894398,0.7981433895356639,0.40558565760597537,0.01717569661540386,0.1063836636900729,0.016889928190845505,0.4318836914850972,0.016697269767894398,0.7981433895356639,0.40558565760597537,0.01717569661540386
0.016420770652642223,0.017082385772426226,0.41642294932627416,0.04841104131863836,0.8051779963772604,0.4191381431431309,0.01690567504099647,0.016420770652642223,0.017082385772426226,0.41642294932627416,0.04841104131863836,0.8051779963772604,0.4191381431431309,0.01690567504099647
0.04530650305843556,0.04500598041591494,0.3944158077452634,0.016594660933005007,0.8108276348269537,0.4271824962936937,0.016643583645310097,0.04530650305843556,0.04500598041591494,0.3944158077452634,0.016594660933005007,0.8108276348269537,0.4271824962936937,0.016643583645310097
0.04638192999881745,0.04679941793960226,0.4055057187880179,0.016528278591247034,0.7973157380627649,0.4395778593049224,0.046071041674629984,0.04638192999881745,0.04679941793960226,0.4055057187880179,0.016528278591247034,0.7973157380627649,0.4395778593049224,0.046071041674629984
0.07744776703677111,0.017496800120621714,0.40758658312909724,0.07722911544028457,0.8077970588013302,0.4112521567374953,0.01685679148582232,0.07744776703677111,0.017496800120621714,0.40758658312909724,0.07722911544028457,0.8077970588013302,0.4112521567374953,0.01685679148582232
2.4928822473210604e-34,4.0711856660331815e-18,1.3203054603523593e-17,1.3836354071437694e-18,2.3654872208780085e-17,5.4753658669167195e-17,1.0001235202536771,2.4928822473210604e-34,4.0711856660331815e-18,1.3203054603523593e-17,1.3836354071437694e-18,2.3654872208780085e-17,5.4753658669167195e-17,1.0001235202536771
0.12040326577890252,5.2946264155590246e-8,0.4500300569800692,1.2644477281562547e-65,0.7901138724620638,0.3939210463944601,0.06047004527545537,0.12040326577890252,5.2946264155590246e-8,0.4500300569800692,1.2644477281562547e-65,0.7901138724620638,0.3939210463944601,0.06047004527545537
0.05903002302443357,1.3286686171221433e-26,0.4414403027477082,3.5015740006700676e-16,0.7745437348487727,0.44530542038279314,0.059262683112779976,0.05903002302443357,1.3286686171221433e-26,0.4414403027477082,3.5015740006700676e-16,0.7745437348487727,0.44530542038279314,0.059262683112779976
0.015792004825565396,0.1066983622706209,0.40305162424440927,0.017135771950272095,0.7983263840812169,0.4361000306388133,0.017543260043089905,0.015792004825565396,0.1066983622706209,0.40305162424440927,0.017135771950272095,0.7983263840812169,0.4361000306388133,0.017543260043089905
2.989004664449785e-17,2.223933748911598e-39,0.4881415060294685,3.2027807459489503e-47,0.7551408373669384,0.4341504376290354,0.057816418991696275,2.989004664449785e-17,2.223933748911598e-39,0.4881415060294685,3.2027807459489503e-47,0.7551408373669384,0.4341504376290354,0.057816418991696275
7.536637404310659e-18,0.12308262936804244,0.3981717816028351,2.7323310990401567e-8,0.8062058567404469,0.4018702127650277,0.12262879297422388,7.536637404310659e-18,0.12308262936804244,0.3981717816028351,2.7323310990401567e-8,0.8062058567404469,0.4018702127650277,0.12262879297422388
2.314754722680906e-17,3.749050122321081e-18,0.38295426759285545,0.057986972318831785,0.7708073670541759,0.5027252920077049,0.05817768571265958,2.314754722680906e-17,3.749050122321081e-18,0.38295426759285545,0.057986972318831785,0.7708073670541759,0.5027252920077049,0.05817768571265958
0.12060160763514782,0.05983346269946488,0.3896646814367608,8.794808797446261e-8,0.7896888709144878,0.45438887024646696,3.480926720792754e-213,0.12060160763514782,0.05983346269946488,0.3896646814367608,8.794808797446261e-8,0.7896888709144878,0.45438887024646696,3.480926720792754e-213
0.1233042647845276,0.12331004775761334,0.3987365889395403,1.0883119261154668e-65,0.8078247014673501,0.4027115204177512,2.112656866421505e-8,0.1233042647845276,0.12331004775761334,0.3987365889395403,1.0883119261154668e-65,0.8078247014673501,0.4027115204177512,2.112656866421505e-8
0.04980912184620698,0.017879719383930463,0.4526223192296245,0.01531258941160316,0.781541038723901,0.42827174868409035,0.01713239375714702,0.04980912184620698,0.017879719383930463,0.4526223192296245,0.01531258941160316,0.781541038723901,0.42827174868409035,0.01713239375714702
1.8297850074647462e-17,2.278085933750327e-17,0.4771905614417693,0.056437513371607594,0.7959350480922345,0.36845808592895574,0.0,1.8297850074647462e-17,2.278085933750327e-17,0.4771905614417693,0.056437513371607594,0.7959350480922345,0.36845808592895574,0.0
0.10671165681461003,0.01652548891695139,0.4027942976958361,0.016527747414048954,0.7978148709120977,0.43626988802978856,0.016678353164976775,0.10671165681461003,0.01652548891695139,0.4027942976958361,0.016527747414048954,0.7978148709120977,0.43626988802978856,0.016678353164976775
0.016382393806557306,0.016423885679397465,0.4476439527475232,0.01592021770031743,0.8014748258383206,0.39312638921441767,0.04545233481382101,0.016382393806557306,0.016423885679397465,0.4476439527475232,0.01592021770031743,0.8014748258383206,0.39312638921441767,0.04545233481382101
0.05875209350410214,1.8852286981184826e-6,0.3810241461697389,0.05875430697887215,0.7716806860416273,0.5025843890004386,3.7527948733636904e-184,0.05875209350410214,1.8852286981184826e-6,0.3810241461697389,0.05875430697887215,0.7716806860416273,0.5025843890004386,3.7527948733636904e-184
0.059106461096267396,1.9696508363846515e-15,0.5007190126390241,1.251690260792318e-17,0.7743569262559092,0.3860186320399605,0.05881020001265891,0.059106461096267396,1.9696508363846515e-15,0.5007190126390241,1.251690260792318e-17,0.7743569262559092,0.3860186320399605,0.05881020001265891
1.9782326267980714e-17,2.141709127747239e-17,0.47614238248214197,3.571993657008384e-58,0.7368970340793226,0.4798967416230107,2.565336173077939e-17,1.9782326267980714e-17,2.141709127747239e-17,0.47614238248214197,3.571993657008384e-58,0.7368970340793226,0.4798967416230107,2.565336173077939e-17
0.06074360649654881,6.399570603899604e-7,0.39190355898835677,0.06034333736590663,0.7925951873979331,0.455566679824648,0.06146877036348372,0.06074360649654881,6.399570603899604e-7,0.39190355898835677,0.06034333736590663,0.7925951873979331,0.455566679824648,0.06146877036348372
0.04555957081982904,0.016677171912258624,0.38934496528389223,0.044982661851084446,0.8301371882470283,0.3935235044080512,0.016227790365946505,0.04555957081982904,0.016677171912258624,0.38934496528389223,0.044982661851084446,0.8301371882470283,0.3935235044080512,0.016227790365946505
0.015735379267205342,0.01573090816607743,0.38152031803647424,0.01634572860166538,0.8119070159364143,0.44138919249406144,0.016608929757640414,0.015735379267205342,0.01573090816607743,0.38152031803647424,0.01634572860166538,0.8119070159364143,0.44138919249406144,0.016608929757640414
2.8774283057507966e-17,1.0352159381167787e-17,0.4994066743798254,0.05855534588175897,0.7724537567668112,0.385463335300562,0.05740547574590054,2.8774283057507966e-17,1.0352159381167787e-17,0.4994066743798254,0.05855534588175897,0.7724537567668112,0.385463335300562,0.05740547574590054
0.016512059558881464,0.01656952987941801,0.4233116714932709,0.01667852171727563,0.7815704584975939,0.4570080408915758,0.046008222112551914,0.016512059558881464,0.01656952987941801,0.4233116714932709,0.01667852171727563,0.7815704584975939,0.4570080408915758,0.046008222112551914
1.1139091452432294e-17,2.6410314808989142e-17,0.46810701917816755,1.452865039977973e-33,0.779583839124815,0.41638482760799533,1.3766037192653913e-137,1.1139091452432294e-17,2.6410314808989142e-17,0.46810701917816755,1.452865039977973e-33,0.779583839124815,0.41638482760799533,1.3766037192653913e-137
3.2978600235181702e-18,0.05385814139740975,0.34820306223303554,2.3713161742618795e-9,0.8673262523207308,0.3517280550538229,0.0,3.2978600235181702e-18,0.05385814139740975,0.34820306223303554,2.3713161742618795e-9,0.8673262523207308,0.3517280550538229,0.0
0.0158963831103969,0.016020538345760497,0.4462803555586625,0.04465015326098603,0.8025011370483695,0.3938114109437931,0.01668386653665802,0.0158963831103969,0.016020538345760497,0.4462803555586625,0.04465015326098603,0.8025011370483695,0.3938114109437931,0.01668386653665802
0.016584262453331083,0.046362095642528495,0.4573538213985312,0.017484991798544448,0.7901507252076916,0.402515868761775,0.046382788221686344,0.016584262453331083,0.046362095642528495,0.4573538213985312,0.017484991798544448,0.7901507252076916,0.402515868761775,0.046382788221686344
0.016789595942586617,0.01670142965123524,0.4279600330581132,0.07593549961212417,0.7912036743821714,0.4331619611940439,0.01639196935144174,0.016789595942586617,0.01670142965123524,0.4279600330581132,0.07593549961212417,0.7912036743821714,0.4331619611940439,0.01639196935144174
0.2219297732126994,2.501507312599694e-22,0.4009399312933682,1.8993613960295918e-96,0.7957594744081867,0.39679322116533294,8.650475066246197e-27,0.2219297732126994,2.501507312599694e-22,0.4009399312933682,1.8993613960295918e-96,0.7957594744081867,0.39679322116533294,8.650475066246197e-27
1.000012182612419,0.0,0.0,0.0,0.0,0.0,0.0,1.000012182612419,0.0,0.0,0.0,0.0,0.0,0.0
3.561988093512302e-17,4.229716315017072e-26,0.5817168012838145,7.859899529121835e-9,0.7280088613934722,0.36306039731773393,2.0925254666788128e-100,3.561988093512302e-17,4.229716315017072e-26,0.5817168012838145,7.859899529121835e-9,0.7280088613934722,0.36306039731773393,2.0925254666788128e-100
1.9460974893541948e-17,1.776950783026596e-17,0.4303784964791152,3.641221078500571e-8,0.7550759903227064,0.49138496959362327,0.05759945928430902,1.9460974893541948e-17,1.776950783026596e-17,0.4303784964791152,3.641221078500571e-8,0.7550759903227064,0.49138496959362327,0.05759945928430902
3.1955002524793555e-18,2.0146008505781414e-17,0.33312240921225,8.513672322047477e-20,0.8808090819485357,0.3365261860438322,5.953924571365395e-75,3.1955002524793555e-18,2.0146008505781414e-17,0.33312240921225,8.513672322047477e-20,0.8808090819485357,0.3365261860438322,5.953924571365395e-75
0.049070289587111765,0.01882988682582895,0.4321924603273504,0.04711103216854018,0.8030007665073335,0.4129361495257972,0.04695948050736044,0.049070289587111765,0.01882988682582895,0.4321924603273504,0.04711103216854018,0.8030007665073335,0.4129361495257972,0.04695948050736044
0.017563141253876313,0.01650257243499166,0.4022629351681153,0.07728031611938434,0.7989468240012242,0.4377107822791358,0.04733552757647909,0.017563141253876313,0.01650257243499166,0.4022629351681153,0.07728031611938434,0.7989468240012242,0.4377107822791358,0.04733552757647909
4.4974451319985815e-18,2.0814883300053863e-17,0.3477773290175432,4.913236830744511e-19,0.8679033893869734,0.35081298224880925,0.05292492727632341,4.4974451319985815e-18,2.0814883300053863e-17,0.3477773290175432,4.913236830744511e-19,0.8679033893869734,0.35081298224880925,0.05292492727632341
0.016778836562161673,0.01680645258557741,0.45666081262480435,0.0769616613696933,0.7894901301793074,0.40217248452331195,0.01628348914947607,0.016778836562161673,0.01680645258557741,0.45666081262480435,0.0769616613696933,0.7894901301793074,0.40217248452331195,0.01628348914947607
0.04761405867769479,0.01720186264229539,0.42819554318512293,0.0157689921599933,0.7906131916876334,0.4323960981725843,0.046492963600370925,0.04761405867769479,0.01720186264229539,0.42819554318512293,0.0157689921599933,0.7906131916876334,0.4323960981725843,0.046492963600370925
0.04571250659206947,0.016387854351598546,0.3928941657161271,0.016589677448248536,0.7800046102398183,0.4848501932626628,0.0161492345359085,0.04571250659206947,0.016387854351598546,0.3928941657161271,0.016589677448248536,0.7800046102398183,0.4848501932626628,0.0161492345359085
0.017121320230054766,0.017174667761405287,0.4021196330390847,0.04639681741453766,0.7995805908603846,0.43676061733078075,0.07577372426555176,0.017121320230054766,0.017174667761405287,0.4021196330390847,0.04639681741453766,0.7995805908603846,0.43676061733078075,0.07577372426555176
0.0161713741463823,0.04442009588555121,0.3856138865187822,0.016402037730664027,0.8215627247963471,0.41824046959552097,0.01616453948398706,0.0161713741463823,0.04442009588555121,0.3856138865187822,0.016402037730664027,0.8215627247963471,0.41824046959552097,0.01616453948398706
0.016388743522975213,0.017074750495032348,0.47453511817261534,0.016126857947392423,0.7704993753278726,0.4245292788108578,0.016155577627478056,0.016388743522975213,0.017074750495032348,0.47453511817261534,0.016126857947392423,0.7704993753278726,0.4245292788108578,0.016155577627478056
2.5950004523268304e-18,0.042379573508599715,0.34301745447986065,0.053445707780010454,0.7636217482217823,0.5464248123571336,0.0053341537067297,2.5950004523268304e-18,0.042379573508599715,0.34301745447986065,0.053445707780010454,0.7636217482217823,0.5464248123571336,0.0053341537067297
