f_1,f_2,f_3,f_4,f_5,f_6,f_7,f_1_min,f_2_min,f_3_min,f_4_min,f_5_min,f_6_min,f_7_min
0.00006894837570204931,0.7245744679123993,0.00006515565360049906,0.12398389295148332,0.06424211729535446,0.677966522027713,0.0,0.00006894837570204931,0.7245744679123993,0.00006515565360049906,0.12398389295148332,0.06424211729535446,0.677966522027713,0.0
4.928293252255225e-17,0.8048513670531772,0.0,0.0,0.0,0.5946410670147032,0.0,4.928293252255225e-17,0.8048513670531772,0.0,0.0,0.0,0.5946410670147032,0.0
4.204027668580774e-17,0.6865698210304853,0.24259287411733688,0.0,0.0000607257807397368,0.6869258890220225,0.00021940438077229103,4.204027668580774e-17,0.6865698210304853,0.24259287411733688,0.0,0.0000607257807397368,0.6869258890220225,0.00021940438077229103
0.04734403420724102,0.7030585149972165,0.01753676280618892,0.07744507920698102,0.01689084819917368,0.7038752437681371,0.04804277888143223,0.04734403420724102,0.7030585149972165,0.01753676280618892,0.07744507920698102,0.01689084819917368,0.7038752437681371,0.04804277888143223
0.059945289198369084,0.73078331780457,0.0,0.0,0.0,0.6716206309476335,0.1190736218392746,0.059945289198369084,0.73078331780457,0.0,0.0,0.0,0.6716206309476335,0.1190736218392746
0.0001806648146141299,0.6984007693849819,0.06205092087509066,0.0,0.059275852500509985,0.6999601251956329,0.12315386777573814,0.0001806648146141299,0.6984007693849819,0.06205092087509066,0.0,0.059275852500509985,0.6999601251956329,0.12315386777573814
0.01584347440939317,0.7064533614007308,0.01593982604955069,0.016356613954408444,0.01661361264578782,0.7078876032337832,0.016546515639705058,0.01584347440939317,0.7064533614007308,0.01593982604955069,0.016356613954408444,0.01661361264578782,0.7078876032337832,0.016546515639705058
0.07777814841060837,0.7033313233634776,0.046087810059449445,0.016932925258844985,0.046893070840836916,0.703524406309631,0.013287802058415574,0.07777814841060837,0.7033313233634776,0.046087810059449445,0.016932925258844985,0.046893070840836916,0.703524406309631,0.013287802058415574
4.1076508952268485e-17,0.670830299493169,0.0,0.0,0.05713668624202172,0.7300893363552382,0.1176723286407926,4.1076508952268485e-17,0.670830299493169,0.0,0.0,0.05713668624202172,0.7300893363552382,0.1176723286407926
0.017047780998171374,0.7027611325138171,0.016508090497674165,0.04645991403241702,0.01686892032821234,0.701470119291176,0.1077515051808233,0.017047780998171374,0.7027611325138171,0.016508090497674165,0.04645991403241702,0.01686892032821234,0.701470119291176,0.1077515051808233
0.01819080059215036,0.7473250773906529,0.04858028192760565,0.017306578925473274,0.016681571275732332,0.6625480167846889,0.013938708061634601,0.01819080059215036,0.7473250773906529,0.04858028192760565,0.017306578925473274,0.016681571275732332,0.6625480167846889,0.013938708061634601
0.016352900068597014,0.6621237110710918,0.016053145395050282,0.04430416705693458,0.014888415934854017,0.7485448445543511,0.015567012187168477,0.016352900068597014,0.6621237110710918,0.016053145395050282,0.04430416705693458,0.014888415934854017,0.7485448445543511,0.015567012187168477
0.015597233344473499,0.7049788344617782,0.016625106999345204,0.01695221684966277,0.04579928788844757,0.7061610550252538,0.04629436641540753,0.015597233344473499,0.7049788344617782,0.016625106999345204,0.01695221684966277,0.04579928788844757,0.7061610550252538,0.04629436641540753
4.154554111148975e-17,0.6784901759497575,0.05506668128642445,0.0,3.395988232902199e-6,0.7326353773125562,4.083854328317129e-9,4.154554111148975e-17,0.6784901759497575,0.05506668128642445,0.0,3.395988232902199e-6,0.7326353773125562,4.083854328317129e-9
0.015482015439903251,0.6965329107980898,0.13851334422679298,0.01502413892674254,0.01681762689557237,0.7039760091460102,0.016126888727614738,0.015482015439903251,0.6965329107980898,0.13851334422679298,0.01502413892674254,0.01681762689557237,0.7039760091460102,0.016126888727614738
0.07920547237522603,0.7075915115769733,0.017227822501589773,0.04796169290518105,0.017241045866929684,0.7018397433028816,0.01749805285743883,0.07920547237522603,0.7075915115769733,0.017227822501589773,0.04796169290518105,0.017241045866929684,0.7018397433028816,0.01749805285743883
0.0009024066964819121,0.6878941898717331,0.0,2.397357051474154e-6,0.0,0.6856074581888919,0.24222008314077864,0.0009024066964819121,0.6878941898717331,0.0,2.397357051474154e-6,0.0,0.6856074581888919,0.24222008314077864
1.855352925696845e-11,0.6704927945451622,0.0578224737452603,0.11864659776860569,0.0009819213274456478,0.7320224509978592,0.0,1.855352925696845e-11,0.6704927945451622,0.0578224737452603,0.11864659776860569,0.0009819213274456478,0.7320224509978592,0.0
0.06059956473541921,0.7021427939545082,0.06065607374433194,0.06344174961035967,0.0,0.7036497124985582,0.06164097409800315,0.06059956473541921,0.7021427939545082,0.06065607374433194,0.06344174961035967,0.0,0.7036497124985582,0.06164097409800315
0.0452890566669688,0.67825214985905,0.016063588455279217,0.017174826385258114,0.016156118789365993,0.7314827105151698,0.048045886444199555,0.0452890566669688,0.67825214985905,0.016063588455279217,0.017174826385258114,0.016156118789365993,0.7314827105151698,0.048045886444199555
0.016785695937509868,0.7021800059537057,0.07739157013205038,0.07703487515799179,0.01806907253812246,0.703411705849355,0.01585755651516614,0.016785695937509868,0.7021800059537057,0.07739157013205038,0.07703487515799179,0.01806907253812246,0.703411705849355,0.01585755651516614
0.014688813875991236,0.6901421010444798,0.01636959940031137,0.014895615941255168,0.011646771235414792,0.7162374061584093,0.10330570514097615,0.014688813875991236,0.6901421010444798,0.01636959940031137,0.014895615941255168,0.011646771235414792,0.7162374061584093,0.10330570514097615
0.0003016635955264995,0.6959386873888079,0.000025465044833014875,0.060116074249175235,0.1227551174731977,0.7037427979901375,0.05750724895968178,0.0003016635955264995,0.6959386873888079,0.000025465044833014875,0.060116074249175235,0.1227551174731977,0.7037427979901375,0.05750724895968178
0.10672537085118193,0.7011140311461556,0.04824512640361025,0.01599030103948962,0.017257504819294656,0.7034166806345635,0.01850214286080375,0.10672537085118193,0.7011140311461556,0.04824512640361025,0.01599030103948962,0.017257504819294656,0.7034166806345635,0.01850214286080375
4.2786945528340796e-17,0.6987638486154658,0.06252876914929656,0.0,0.18499988329668754,0.6962901284800731,0.0002084864897236671,4.2786945528340796e-17,0.6987638486154658,0.06252876914929656,0.0,0.18499988329668754,0.6962901284800731,0.0002084864897236671
0.018060424483793996,0.7028804096740022,0.0763791117660602,0.04814473569331475,0.018062189779514636,0.7037897429671012,0.047392994737516625,0.018060424483793996,0.7028804096740022,0.0763791117660602,0.04814473569331475,0.018062189779514636,0.7037897429671012,0.047392994737516625
0.062243515233020366,0.7020421286659773,0.060659773694189546,0.00023198083855962025,0.06093754712367798,0.7033714716784306,0.0616211785444412,0.062243515233020366,0.7020421286659773,0.060659773694189546,0.00023198083855962025,0.06093754712367798,0.7033714716784306,0.0616211785444412
0.01770386487626954,0.7209518963354538,0.07639047768272567,0.01678411847819565,0.01654978822543215,0.6881186333977557,0.015503628274011248,0.01770386487626954,0.7209518963354538,0.07639047768272567,0.01678411847819565,0.01654978822543215,0.6881186333977557,0.015503628274011248
0.01734196213090816,0.7062141838426844,0.07482890207276365,0.016441134386200117,0.014660143508731757,0.7058015122611733,0.015529158916210296,0.01734196213090816,0.7062141838426844,0.07482890207276365,0.016441134386200117,0.014660143508731757,0.7058015122611733,0.015529158916210296
5.0749721960741914e-8,0.6917348545434537,0.18503521484913282,0.06063234389394183,0.0,0.6957812951740537,0.0,5.0749721960741914e-8,0.6917348545434537,0.18503521484913282,0.06063234389394183,0.0,0.6957812951740537,0.0
0.11355900361381038,0.7570456232020294,0.0,2.30102718979268e-6,0.0,0.6435738860409917,0.0,0.11355900361381038,0.7570456232020294,0.0,2.30102718979268e-6,0.0,0.6435738860409917,0.0
0.04721372990328898,0.7192119600498093,0.017335877668341524,0.017169584429435638,0.0765382598624213,0.6896228218807378,0.017906905976554133,0.04721372990328898,0.7192119600498093,0.017335877668341524,0.017169584429435638,0.0765382598624213,0.6896228218807378,0.017906905976554133
2.103849351676765e-7,0.6863566465677245,0.00023526696182415318,0.0,0.23994196416619612,0.6873297250380891,4.41661216063793e-9,2.103849351676765e-7,0.6863566465677245,0.00023526696182415318,0.0,0.23994196416619612,0.6873297250380891,4.41661216063793e-9
3.749481544283939e-33,6.123368055008961e-17,1.1415480640301944e-19,0.0,1.1650531696862492e-19,1.000025441332652,0.0,3.749481544283939e-33,6.123368055008961e-17,1.1415480640301944e-19,0.0,1.1650531696862492e-19,1.000025441332652,0.0
6.330040654638499e-10,0.7029792515065485,0.0,0.0,0.0,0.7026455570667988,0.11331862666036147,6.330040654638499e-10,0.7029792515065485,0.0,0.0,0.0,0.7026455570667988,0.11331862666036147
4.265147139798843e-17,0.6965513881665154,0.12244687855561229,0.0,0.0,0.6965285291410858,0.1218657207974787,4.265147139798843e-17,0.6965513881665154,0.12244687855561229,0.0,0.0,0.6965285291410858,0.1218657207974787
0.047972863380434896,0.7042470437823052,0.01711002362219786,0.045461683983701505,0.04667563674900022,0.7043260605490272,0.046176812302410664,0.047972863380434896,0.7042470437823052,0.01711002362219786,0.045461683983701505,0.04667563674900022,0.7043260605490272,0.046176812302410664
0.06192239731713689,0.6998649096033387,0.061834938251918464,0.0,0.11979866597176934,0.7004714643354064,0.0001511035700420171,0.06192239731713689,0.6998649096033387,0.061834938251918464,0.0,0.11979866597176934,0.7004714643354064,0.0001511035700420171
0.12281897454982484,0.6951083283635049,0.0,0.12314386832698504,0.00030725533921937447,0.702022390768968,0.0,0.12281897454982484,0.6951083283635049,0.0,0.12314386832698504,0.00030725533921937447,0.702022390768968,0.0
0.05716735100027524,0.7052146433871183,0.0,0.05747349851364969,0.0,0.7049935223493603,2.4782135351138243e-8,0.05716735100027524,0.7052146433871183,0.0,0.05747349851364969,0.0,0.7049935223493603,2.4782135351138243e-8
4.317010064227899e-17,0.7050212464905913,0.0,0.05728596263297043,0.0,0.7046862789609144,0.05715390626797992,4.317010064227899e-17,0.7050212464905913,0.0,0.05728596263297043,0.0,0.7046862789609144,0.05715390626797992
1.0588669548176268e-18,4.336260211037311e-17,4.520593642769541e-19,2.7750363255428382e-18,0.0,4.3129389226726786e-17,1.0000115222726362,1.0588669548176268e-18,4.336260211037311e-17,4.520593642769541e-19,2.7750363255428382e-18,0.0,4.3129389226726786e-17,1.0000115222726362
0.04775037001240592,0.7038954919133479,0.04725979967167343,0.04765343248063375,0.01796578685925867,0.7039730023193739,0.04781202587342518,0.04775037001240592,0.7038954919133479,0.04725979967167343,0.04765343248063375,0.01796578685925867,0.7039730023193739,0.04781202587342518
4.2673907219856786e-17,0.6969177929435332,0.0,0.12251597777079538,0.12267720611529787,0.6974693846633606,0.000015282668406284274,4.2673907219856786e-17,0.6969177929435332,0.0,0.12251597777079538,0.12267720611529787,0.6974693846633606,0.000015282668406284274
0.17668145075975092,0.6662372122781484,0.0,0.0,3.1538910207097945e-7,0.725074304095642,0.0,0.17668145075975092,0.6662372122781484,0.0,0.0,3.1538910207097945e-7,0.725074304095642,0.0
0.0167702358708672,0.6756281177811029,0.04649692122436843,0.04489396295197857,0.01623280850020566,0.7348857147074679,0.016309008362357377,0.0167702358708672,0.6756281177811029,0.04649692122436843,0.04489396295197857,0.01623280850020566,0.7348857147074679,0.016309008362357377
0.05792776489374501,0.7355410615101857,0.05994188454156194,0.0,0.05916039101058012,0.6714999034142747,8.12321069169157e-9,0.05792776489374501,0.7355410615101857,0.05994188454156194,0.0,0.05916039101058012,0.6714999034142747,8.12321069169157e-9
0.059314441490065435,0.6983166097063203,0.12298137762943616,0.0606568713047397,7.852657042197454e-7,0.7012351689556112,0.0,0.059314441490065435,0.6983166097063203,0.12298137762943616,0.0606568713047397,7.852657042197454e-7,0.7012351689556112,0.0
0.07475352281227045,0.688873141838898,0.016021929357597144,0.017069367377080594,0.015714913756539006,0.7196130355235919,0.046673303884785945,0.07475352281227045,0.688873141838898,0.016021929357597144,0.017069367377080594,0.015714913756539006,0.7196130355235919,0.046673303884785945
0.015766926908780506,0.7113318244431841,0.10722218849724907,0.018762103795550922,0.015673075790317993,0.6940659733071387,0.017434063027718272,0.015766926908780506,0.7113318244431841,0.10722218849724907,0.018762103795550922,0.015673075790317993,0.6940659733071387,0.017434063027718272
0.04491567718724806,0.6751638440344955,0.04602447955916536,0.015683562567136395,0.017174720573151413,0.7346006178635385,0.0158410264168008,0.04491567718724806,0.6751638440344955,0.04602447955916536,0.015683562567136395,0.017174720573151413,0.7346006178635385,0.0158410264168008
3.947139749021972e-17,0.6446168400178932,0.0,0.0,6.445796969164607e-9,0.7582612909874745,0.1137342873859099,3.947139749021972e-17,0.6446168400178932,0.0,0.0,6.445796969164607e-9,0.7582612909874745,0.1137342873859099
0.017597040476254894,0.6995121716775509,0.10953800883831116,0.01617773533560391,0.05178683781174254,0.7044039796841847,0.017780176870133016,0.017597040476254894,0.6995121716775509,0.10953800883831116,0.01617773533560391,0.05178683781174254,0.7044039796841847,0.017780176870133016
0.01748983890177143,0.701505658584584,0.04543656904447425,0.10678208215512026,0.017105054859192333,0.7046678240266786,0.015042655184015407,0.01748983890177143,0.701505658584584,0.04543656904447425,0.10678208215512026,0.017105054859192333,0.7046678240266786,0.015042655184015407
0.016062374228469015,0.7063686891153427,0.04548713409909643,0.04592041309993943,0.01709157925318379,0.7048140974774192,0.016337634000811816,0.016062374228469015,0.7063686891153427,0.04548713409909643,0.04592041309993943,0.01709157925318379,0.7048140974774192,0.016337634000811816
0.01624718680703418,0.7059063322602053,0.016251797321409765,0.016442563899584924,0.07272566544188376,0.704442348033929,0.016918017767994075,0.01624718680703418,0.7059063322602053,0.016251797321409765,0.016442563899584924,0.07272566544188376,0.704442348033929,0.016918017767994075
0.07784387733853187,0.7023822439447693,0.0168078799399052,0.017067265311439237,0.07679540726690452,0.7030632090573494,0.016976680512821262,0.07784387733853187,0.7023822439447693,0.0168078799399052,0.017067265311439237,0.07679540726690452,0.7030632090573494,0.016976680512821262
0.053334758485535386,0.7834381632443738,0.0,0.0,0.0,0.6193165871188293,1.8002029344407738e-7,0.053334758485535386,0.7834381632443738,0.0,0.0,0.0,0.6193165871188293,1.8002029344407738e-7
0.05926812997535201,0.6710810002605467,0.00018656069271328685,0.059182306453177146,0.06042879727431666,0.7351096396142591,1.0291715172168915e-9,0.05926812997535201,0.6710810002605467,0.00018656069271328685,0.059182306453177146,0.06042879727431666,0.7351096396142591,1.0291715172168915e-9
0.00011063301246000164,0.7006526316370005,0.0,0.061887527584967,0.06299845212827897,0.6974718081224718,0.12315385161768834,0.00011063301246000164,0.7006526316370005,0.0,0.061887527584967,0.06299845212827897,0.6974718081224718,0.12315385161768834
0.1190557167462303,0.6711724852341253,0.059381599487596394,0.00014342824800608306,0.0,0.7307068625060255,0.0,0.1190557167462303,0.6711724852341253,0.059381599487596394,0.00014342824800608306,0.0,0.7307068625060255,0.0
0.046295970728460194,0.7343398027294928,0.01681729881760219,0.045339421005657216,0.016476654291425315,0.6762866480628047,0.01682546878895623,0.046295970728460194,0.7343398027294928,0.01681729881760219,0.045339421005657216,0.016476654291425315,0.6762866480628047,0.01682546878895623
7.101078939511141e-8,0.7601288752240215,1.5064889505102226e-10,9.018061714660736e-6,0.05974754961613852,0.6464565265651026,0.05701862703772201,7.101078939511141e-8,0.7601288752240215,1.5064889505102226e-10,9.018061714660736e-6,0.05974754961613852,0.6464565265651026,0.05701862703772201
0.24124276420191168,0.6842722254121114,0.0,0.0,0.0,0.688806559696466,0.0,0.24124276420191168,0.6842722254121114,0.0,0.0,0.0,0.688806559696466,0.0
0.060187907019743865,0.6699020050869336,0.0,0.0,0.0,0.7308609229144085,0.11743630714010564,0.060187907019743865,0.6699020050869336,0.0,0.0,0.0,0.7308609229144085,0.11743630714010564
4.17419785567433e-17,0.6816982428861234,0.0,0.2364115871633933,0.0,0.6928304169343362,0.000020715747680019396,4.17419785567433e-17,0.6816982428861234,0.0,0.2364115871633933,0.0,0.6928304169343362,0.000020715747680019396
0.01597259908158833,0.6783403547941319,0.01603442435333814,0.015715837269892778,0.016245750650482657,0.7342173920389354,0.016061232411902628,0.01597259908158833,0.6783403547941319,0.01603442435333814,0.015715837269892778,0.016245750650482657,0.7342173920389354,0.016061232411902628
0.015781971081649256,0.6752147267026136,0.017190721841145017,0.016248480942419662,0.07302635360633024,0.7334273542484451,0.016735385974476366,0.015781971081649256,0.6752147267026136,0.017190721841145017,0.016248480942419662,0.07302635360633024,0.7334273542484451,0.016735385974476366
4.2761671873998274e-17,0.6983510985170681,0.05668091379131986,0.12224014942400564,0.06189579906196204,0.700642443277751,0.000015945647715026603,4.2761671873998274e-17,0.6983510985170681,0.05668091379131986,0.12224014942400564,0.06189579906196204,0.700642443277751,0.000015945647715026603
3.79424797373548e-17,0.6196477182445067,0.0,0.0,0.0,0.784410858496089,0.05085406118290372,3.79424797373548e-17,0.6196477182445067,0.0,0.0,0.0,0.784410858496089,0.05085406118290372
4.6378510116291266e-17,0.7574185495537455,0.0,0.0,0.0,0.6445647838502608,0.11322940171359198,4.6378510116291266e-17,0.7574185495537455,0.0,0.0,0.0,0.6445647838502608,0.11322940171359198
0.01704872211359791,0.6911139421002632,0.06992133076169676,0.01677677354705193,0.04684339941794981,0.7198777593321701,0.016817282376451654,0.01704872211359791,0.6911139421002632,0.06992133076169676,0.01677677354705193,0.04684339941794981,0.7198777593321701,0.016817282376451654
0.12504123650986423,0.6989926031558744,0.06227836646621989,0.059716310100288814,0.0,0.6991725526336605,0.0,0.12504123650986423,0.6989926031558744,0.06227836646621989,0.059716310100288814,0.0,0.6991725526336605,0.0
0.058458309768443184,0.6955716033570394,0.00019871837287784876,0.12270751847579038,0.058291438519180484,0.7039599741932858,0.0,0.058458309768443184,0.6955716033570394,0.00019871837287784876,0.12270751847579038,0.058291438519180484,0.7039599741932858,0.0
0.016237565810649456,0.7337813474623399,0.017304341573101064,0.017651704137759454,0.04773902479462708,0.676207921640272,0.04632498007647204,0.016237565810649456,0.7337813474623399,0.017304341573101064,0.017651704137759454,0.04773902479462708,0.676207921640272,0.04632498007647204
0.05547344838995487,0.6742649682800262,0.00019061402789360952,0.0001451577608083698,0.050147873498469483,0.7326571419839264,0.05666160768297985,0.05547344838995487,0.6742649682800262,0.00019061402789360952,0.0001451577608083698,0.050147873498469483,0.7326571419839264,0.05666160768297985
0.12034753499414198,0.6815404623112251,0.0,0.01590788027239257,0.016257794885997382,0.7186690623506373,0.07058542566594425,0.12034753499414198,0.6815404623112251,0.0,0.01590788027239257,0.016257794885997382,0.7186690623506373,0.07058542566594425
0.00030572459707068115,0.6988858452717385,0.06262954710810222,0.06275796981470355,0.0,0.7003669919945953,0.12400998044869907,0.00030572459707068115,0.6988858452717385,0.06262954710810222,0.06275796981470355,0.0,0.7003669919945953,0.12400998044869907
0.07739976581642599,0.7039663083804621,0.048047935791055166,0.016785617965937336,0.016675066209627845,0.703046064662426,0.04769053183318611,0.07739976581642599,0.7039663083804621,0.048047935791055166,0.016785617965937336,0.016675066209627845,0.703046064662426,0.04769053183318611
0.18366743944756758,0.6963878204876731,0.001623342187057101,0.06154910986974565,0.0,0.6913418744611884,0.0,0.18366743944756758,0.6963878204876731,0.001623342187057101,0.06154910986974565,0.0,0.6913418744611884,0.0
0.05915094444764401,0.6720454911023915,0.05845171003883507,0.05873485052679023,0.0,0.733663481853244,0.0,0.05915094444764401,0.6720454911023915,0.05845171003883507,0.05873485052679023,0.0,0.733663481853244,0.0
4.1069181414106926e-17,0.6707106317135828,0.11785847913917252,0.0,0.0,0.7303470566523196,0.05911915566679381,4.1069181414106926e-17,0.6707106317135828,0.11785847913917252,0.0,0.0,0.7303470566523196,0.05911915566679381
4.256885577548815e-17,0.69520217266115,0.18480070437972468,4.777536297837417e-7,0.00008025479791840639,0.6935408690692663,0.05951016927486349,4.256885577548815e-17,0.69520217266115,0.18480070437972468,4.777536297837417e-7,0.00008025479791840639,0.6935408690692663,0.05951016927486349
0.014722026043911755,0.7012084434033473,0.01709908333712044,0.10802117094024141,0.04748362559841318,0.7028284349261198,0.01700952608740967,0.014722026043911755,0.7012084434033473,0.01709908333712044,0.10802117094024141,0.04748362559841318,0.7028284349261198,0.01700952608740967
0.11822643654200347,0.6704847520746168,0.0,0.0,0.05930581030471482,0.7303318224152447,0.0,0.11822643654200347,0.6704847520746168,0.0,0.0,0.05930581030471482,0.7303318224152447,0.0
0.01629292603841675,0.70021162197611,0.07539564645584321,0.01693061068575844,0.075906668784175,0.7079829119020867,0.01596607406471621,0.01629292603841675,0.70021162197611,0.07539564645584321,0.01693061068575844,0.075906668784175,0.7079829119020867,0.01596607406471621
4.243774983515327e-17,0.6930610501689154,7.950876915691393e-6,0.00012920332164741133,0.1831060206688695,0.6950789470631072,0.06019923961478869,4.243774983515327e-17,0.6930610501689154,7.950876915691393e-6,0.00012920332164741133,0.1831060206688695,0.6950789470631072,0.06019923961478869
0.056070182924187736,0.7593571829837166,0.0,0.0,0.0,0.6459850791098048,0.05739513163931863,0.056070182924187736,0.7593571829837166,0.0,0.0,0.0,0.6459850791098048,0.05739513163931863
0.046305960482987726,0.7356152630816603,0.01827650615295202,0.017079078271034748,0.04736345194394573,0.6750471945492799,0.016563951541994814,0.046305960482987726,0.7356152630816603,0.01827650615295202,0.017079078271034748,0.04736345194394573,0.6750471945492799,0.016563951541994814
0.11381543035285349,0.7030168809296181,3.146423398437785e-7,0.0,1.4877172027515109e-9,0.7022542370826175,2.2555312744719576e-8,0.11381543035285349,0.7030168809296181,3.146423398437785e-7,0.0,1.4877172027515109e-9,0.7022542370826175,2.2555312744719576e-8
0.046885651155195836,0.689780462325384,0.016923740131565734,0.04706280218367596,0.016837123150749256,0.7197266258536928,0.047472168385148894,0.046885651155195836,0.689780462325384,0.016923740131565734,0.04706280218367596,0.016837123150749256,0.7197266258536928,0.047472168385148894
0.12363015643057527,0.6984035580728696,0.061213444032772825,0.0,0.05931507783394511,0.6998799205592848,0.0,0.12363015643057527,0.6984035580728696,0.061213444032772825,0.0,0.05931507783394511,0.6998799205592848,0.0
0.04799580295321872,0.7042623716065118,0.04740987715694577,0.0465396152329746,0.04711034391026282,0.7038162884288904,0.016786175655016514,0.04799580295321872,0.7042623716065118,0.04740987715694577,0.0465396152329746,0.04711034391026282,0.7038162884288904,0.016786175655016514
0.00024714878449132085,0.7599290997341126,0.05300962875081217,0.0004031289027664166,0.0,0.645429017024603,0.06049357366414418,0.00024714878449132085,0.7599290997341126,0.05300962875081217,0.0004031289027664166,0.0,0.645429017024603,0.06049357366414418
0.01687330989019263,0.7047499865385844,0.017419466041584813,0.016947906368885338,0.016244956494153952,0.7048164955579757,0.07507597529156317,0.01687330989019263,0.7047499865385844,0.017419466041584813,0.016947906368885338,0.016244956494153952,0.7048164955579757,0.07507597529156317
0.017153842500379327,0.7037527275349054,0.045295913937930025,0.04618643744903439,0.07725711670462183,0.7044898608118014,0.01602058809308565,0.017153842500379327,0.7037527275349054,0.045295913937930025,0.04618643744903439,0.07725711670462183,0.7044898608118014,0.01602058809308565
4.154447958150494e-17,0.678472839849495,0.00019115772959917918,0.00003509598127303184,0.0,0.7327367469520585,0.05555382590280978,4.154447958150494e-17,0.678472839849495,0.00019115772959917918,0.00003509598127303184,0.0,0.7327367469520585,0.05555382590280978
0.0167993213403335,0.7199229932907009,0.04727149690322617,0.04780347707315571,0.04679849325829527,0.6895214614663997,0.01828656818063146,0.0167993213403335,0.7199229932907009,0.04727149690322617,0.04780347707315571,0.04679849325829527,0.6895214614663997,0.01828656818063146
0.07643244293360181,0.6896170940332021,0.045759442840304816,0.0172382058073534,0.017222897649940675,0.7190368781457136,0.015871658858600625,0.07643244293360181,0.6896170940332021,0.045759442840304816,0.0172382058073534,0.017222897649940675,0.7190368781457136,0.015871658858600625
0.04716123585885104,0.719843208251559,0.017076305527447537,0.04591201878417383,0.017552212542672894,0.6897033127714671,0.0468376569851347,0.04716123585885104,0.719843208251559,0.017076305527447537,0.04591201878417383,0.017552212542672894,0.6897033127714671,0.0468376569851347
0.01474304790250598,0.6630209019743444,0.043097930435833716,0.015330594083228781,0.016105987218111285,0.7473859877309309,0.016040522996784233,0.01474304790250598,0.6630209019743444,0.043097930435833716,0.015330594083228781,0.016105987218111285,0.7473859877309309,0.016040522996784233
0.015829906571150163,0.7170500721734736,0.08439172537646973,0.04682807064788061,0.01730693583636057,0.6903013158753523,0.01875199121744524,0.015829906571150163,0.7170500721734736,0.08439172537646973,0.04682807064788061,0.01730693583636057,0.6903013158753523,0.01875199121744524
0.01601237250334415,0.6885261426062959,0.07615459778337146,0.04765642858190753,0.015722028750959717,0.7195364202205814,0.01629090197131606,0.01601237250334415,0.6885261426062959,0.07615459778337146,0.04765642858190753,0.015722028750959717,0.7195364202205814,0.01629090197131606
0.04804329309747182,0.703628885902567,0.07750041471010687,0.016746648077981898,0.000016374198087743544,0.7030595676218143,0.04682981602225515,0.04804329309747182,0.703628885902567,0.07750041471010687,0.016746648077981898,0.000016374198087743544,0.7030595676218143,0.04682981602225515
1.4935209326271169e-18,6.121507064854296e-17,1.8222957426801724e-19,1.0000199003550123,0.0,0.0,0.0,1.4935209326271169e-18,6.121507064854296e-17,1.8222957426801724e-19,1.0000199003550123,0.0,0.0,0.0
4.4881623317573155e-17,0.7329725329592416,0.05853111419296576,0.05999868040800972,6.214884187388556e-8,0.6734381014709284,0.06066057386375048,4.4881623317573155e-17,0.7329725329592416,0.05853111419296576,0.05999868040800972,6.214884187388556e-8,0.6734381014709284,0.06066057386375048
0.00007310371602776611,0.7989613850132867,0.05594174479866793,9.757892943360363e-8,0.0,0.6317552072164064,0.0,0.00007310371602776611,0.7989613850132867,0.05594174479866793,9.757892943360363e-8,0.0,0.6317552072164064,0.0
3.746427712103152e-33,6.118380768580069e-17,4.502205910360477e-19,2.414779831166376e-18,1.0000123654360882,0.0,0.0,3.746427712103152e-33,6.118380768580069e-17,4.502205910360477e-19,2.414779831166376e-18,1.0000123654360882,0.0,0.0
0.044720525592877106,0.6932702401157272,0.015550054211838749,0.016611310799184174,0.016010575021673638,0.7202270212231593,0.016325488111630152,0.044720525592877106,0.6932702401157272,0.015550054211838749,0.016611310799184174,0.016010575021673638,0.7202270212231593,0.016325488111630152
4.316554033824054e-17,0.7049467710738161,0.057213914869550624,0.0,0.0,0.7049259983783166,0.057109254712081406,4.316554033824054e-17,0.7049467710738161,0.057213914869550624,0.0,0.0,0.7049259983783166,0.057109254712081406
0.00034842122685310885,0.730124352242155,0.06054064139656222,0.11936045662589251,0.0,0.671765139796653,0.0,0.00034842122685310885,0.730124352242155,0.06054064139656222,0.11936045662589251,0.0,0.671765139796653,0.0
0.01767421422564065,0.7050883187368333,0.07770636442854013,0.017453637725607665,0.04572091177565915,0.7038707989977019,0.04751144449916791,0.01767421422564065,0.7050883187368333,0.07770636442854013,0.017453637725607665,0.04572091177565915,0.7038707989977019,0.04751144449916791
4.802193370376115e-17,0.7842576935194031,4.85932583480729e-6,8.884089335710257e-6,0.054774512502073054,0.619774921134101,0.0003429981531262228,4.802193370376115e-17,0.7842576935194031,4.85932583480729e-6,8.884089335710257e-6,0.054774512502073054,0.619774921134101,0.0003429981531262228
0.01711727463179049,0.7356856686919875,0.017442357866954507,0.07512963222626352,0.016729165976501724,0.6771197664515061,0.016441291988617098,0.01711727463179049,0.7356856686919875,0.017442357866954507,0.07512963222626352,0.016729165976501724,0.6771197664515061,0.016441291988617098
0.01705821464672428,0.7021953964986671,0.016183857828226723,0.10788585430809586,0.016885356117721313,0.7022555331638143,0.04762218858224809,0.01705821464672428,0.7021953964986671,0.016183857828226723,0.10788585430809586,0.016885356117721313,0.7022555331638143,0.04762218858224809
0.048529002100616385,0.7036521652172288,0.0453225458745452,0.07727899815743176,0.01731604750033414,0.7032341404729195,0.01668296437980044,0.048529002100616385,0.7036521652172288,0.0453225458745452,0.07727899815743176,0.01731604750033414,0.7032341404729195,0.01668296437980044
0.017209091266078228,0.7026723162770532,0.016847247306864262,0.016323769166339146,0.07736287398761371,0.7026256837961563,0.07796430019193358,0.017209091266078228,0.7026723162770532,0.016847247306864262,0.016323769166339146,0.07736287398761371,0.7026256837961563,0.07796430019193358
0.04618276189159313,0.7041545924492244,0.046571395424184286,0.016419952747794068,0.019016883148729662,0.7037963772416177,0.07699473692435868,0.04618276189159313,0.7041545924492244,0.046571395424184286,0.016419952747794068,0.019016883148729662,0.7037963772416177,0.07699473692435868
4.276845022204943e-17,0.6984617973415109,0.12356320076879121,0.060389583599836386,0.06405011927794801,0.6998986670515961,0.0,4.276845022204943e-17,0.6984617973415109,0.12356320076879121,0.060389583599836386,0.06405011927794801,0.6998986670515961,0.0
0.018008437894976477,0.6938643361922998,0.016362273220294637,0.015249117736893808,0.016004781947384274,0.7194977496971923,0.045055102400732,0.018008437894976477,0.6938643361922998,0.016362273220294637,0.015249117736893808,0.016004781947384274,0.7194977496971923,0.045055102400732
0.017553865879845424,0.7002871880208545,0.05415564260590756,0.017281947415657566,0.04527115811184573,0.7098440138490958,0.04745795369111622,0.017553865879845424,0.7002871880208545,0.05415564260590756,0.017281947415657566,0.04527115811184573,0.7098440138490958,0.04745795369111622
4.495562802779447e-17,0.7341811215951297,0.0002517901501653965,0.06474885173394118,0.06529212573750563,0.6709656340550698,0.05943919440819181,4.495562802779447e-17,0.7341811215951297,0.0002517901501653965,0.06474885173394118,0.06529212573750563,0.6709656340550698,0.05943919440819181
3.994054782900873e-17,0.6522786464932891,0.0,1.919485907765622e-6,0.0,0.7581095242099416,2.5621465856566575e-7,3.994054782900873e-17,0.6522786464932891,0.0,1.919485907765622e-6,0.0,0.7581095242099416,2.5621465856566575e-7
0.01735061854026244,0.6898799383012039,0.017193928311957436,0.045420164781075335,0.04592514304969138,0.7194180978366297,0.04635893056708843,0.01735061854026244,0.6898799383012039,0.017193928311957436,0.045420164781075335,0.04592514304969138,0.7194180978366297,0.04635893056708843
0.014663696810698328,0.6626576501680128,0.016061021982082847,0.015941015373719485,0.04559849948992021,0.7470611514213518,0.015557597775318477,0.014663696810698328,0.6626576501680128,0.016061021982082847,0.015941015373719485,0.04559849948992021,0.7470611514213518,0.015557597775318477
0.048366777703717355,0.7198481166181898,0.046089037186590694,0.017556229020492295,0.04674385881093797,0.689377585400983,0.01674193540937302,0.048366777703717355,0.7198481166181898,0.046089037186590694,0.017556229020492295,0.04674385881093797,0.689377585400983,0.01674193540937302
0.04716492520157751,0.7016004268435501,0.01658397266483185,0.10775308089762729,0.016390650752358894,0.7049795148304785,0.015957026067989648,0.04716492520157751,0.7016004268435501,0.01658397266483185,0.10775308089762729,0.016390650752358894,0.7049795148304785,0.015957026067989648
0.01707984078580952,0.7039610114791482,0.047572108002915926,0.017822659687185303,0.07726008492535856,0.7051590087609987,0.04814577436896803,0.01707984078580952,0.7039610114791482,0.047572108002915926,0.017822659687185303,0.07726008492535856,0.7051590087609987,0.04814577436896803
0.061854848624794505,0.7004431351516243,0.00001648246987408878,0.06277107166558046,0.12199866950623273,0.6989477268182138,3.1010495238744775e-6,0.061854848624794505,0.7004431351516243,0.00001648246987408878,0.06277107166558046,0.12199866950623273,0.6989477268182138,3.1010495238744775e-6
0.046928783463136205,0.6898207163738203,0.04661320369640874,0.017528435775576317,0.04682761169660059,0.7191719654794694,0.016524634467728637,0.046928783463136205,0.6898207163738203,0.04661320369640874,0.017528435775576317,0.04682761169660059,0.7191719654794694,0.016524634467728637
0.00013613531634624237,0.7609480293591017,0.00002040654771230831,0.06008179956548535,0.000139589126958578,0.6469359106693731,0.06065978128337002,0.00013613531634624237,0.7609480293591017,0.00002040654771230831,0.06008179956548535,0.000139589126958578,0.6469359106693731,0.06065978128337002
0.05893900082836284,0.6735633449277693,0.00011462190008364457,0.05866832209072102,0.0,0.7342414324721886,0.058952920403576185,0.05893900082836284,0.6735633449277693,0.00011462190008364457,0.05866832209072102,0.0,0.7342414324721886,0.058952920403576185
0.07615999232277013,0.7038325046524149,0.016650348329470804,0.045982740775907714,0.04808533264164767,0.7029941879461343,0.01745503932789724,0.07615999232277013,0.7038325046524149,0.016650348329470804,0.045982740775907714,0.04808533264164767,0.7029941879461343,0.01745503932789724
0.01768834633077672,0.6779445031020996,0.016697554507137235,0.01658140756179946,0.01643610809239914,0.7310046872746904,0.07682364735512906,0.01768834633077672,0.6779445031020996,0.016697554507137235,0.01658140756179946,0.01643610809239914,0.7310046872746904,0.07682364735512906
0.11869358773160973,0.7307878815060304,3.939425632083117e-8,0.05916229577282356,0.0,0.6699954700897187,0.00020618226311730606,0.11869358773160973,0.7307878815060304,3.939425632083117e-8,0.05916229577282356,0.0,0.6699954700897187,0.00020618226311730606
0.11465020460269648,0.7026307443568373,0.06263874538453904,0.0,0.0,0.7019774884706171,0.05763081338712232,0.11465020460269648,0.7026307443568373,0.06263874538453904,0.0,0.0,0.7019774884706171,0.05763081338712232
0.06251220172914713,0.7024512170457531,0.06203509779608908,0.059104377148928654,0.061941215054963854,0.7016541064215412,0.0,0.06251220172914713,0.7024512170457531,0.06203509779608908,0.059104377148928654,0.061941215054963854,0.7016541064215412,0.0
0.07718623047766207,0.703472692166178,0.04685359272565687,0.04748423831287523,0.015519826403480833,0.7040556346929231,0.017456432577869163,0.07718623047766207,0.703472692166178,0.04685359272565687,0.04748423831287523,0.015519826403480833,0.7040556346929231,0.017456432577869163
0.07527617844615592,0.7041104479271163,0.016178719783822206,0.015979915432112572,0.016834839209065644,0.7054758270942625,0.016850686334775582,0.07527617844615592,0.7041104479271163,0.016178719783822206,0.015979915432112572,0.016834839209065644,0.7054758270942625,0.016850686334775582
3.961909356443041e-17,0.6470288999573554,0.001114874673136845,0.058279620762367555,0.0,0.7641809090366141,0.05629321914448378,3.961909356443041e-17,0.6470288999573554,0.001114874673136845,0.058279620762367555,0.0,0.7641809090366141,0.05629321914448378
4.4724608579404686e-17,0.7304082876882331,0.00021255770814773687,0.1178997340083275,0.0001834868250218296,0.6713047976953943,0.05897310762598094,4.4724608579404686e-17,0.7304082876882331,0.00021255770814773687,0.1178997340083275,0.0001834868250218296,0.6713047976953943,0.05897310762598094
4.1137176976806405e-17,0.6718210835229833,0.04850805208464366,0.0,0.10958914634656543,0.7311184163207209,0.00045018889937369305,4.1137176976806405e-17,0.6718210835229833,0.04850805208464366,0.0,0.10958914634656543,0.7311184163207209,0.00045018889937369305
0.016985877691893966,0.6902870397068771,0.016314125062543643,0.04517566035968039,0.0753056023871611,0.7206840531789084,0.015870058023214798,0.016985877691893966,0.6902870397068771,0.016314125062543643,0.04517566035968039,0.0753056023871611,0.7206840531789084,0.015870058023214798
0.018009047200074672,0.7444862243586476,0.017622446040234985,0.01732897014567352,0.01717221622711605,0.6665835625526738,0.045046497673695556,0.018009047200074672,0.7444862243586476,0.017622446040234985,0.01732897014567352,0.01717221622711605,0.6665835625526738,0.045046497673695556
0.016986190857717267,0.7055942406661643,0.04550852094032746,0.017885727829873,0.045404459054197245,0.7056376172055785,0.01648553863109472,0.016986190857717267,0.7055942406661643,0.04550852094032746,0.017885727829873,0.045404459054197245,0.7056376172055785,0.01648553863109472
0.016435526481860533,0.7343575946023405,0.01658258184135676,0.04752462244004236,0.0450871010068148,0.6754953671911168,0.016326140157256114,0.016435526481860533,0.7343575946023405,0.01658258184135676,0.04752462244004236,0.0450871010068148,0.6754953671911168,0.016326140157256114
0.07600639563834942,0.7201992366963713,0.04675073875972971,0.016792191787860847,0.017092582180353477,0.6911770006918083,0.015927541813184447,0.07600639563834942,0.7201992366963713,0.04675073875972971,0.016792191787860847,0.017092582180353477,0.6911770006918083,0.015927541813184447
7.1953836106275305e-6,0.7004090211996876,0.017429827148125732,0.01701914703622941,0.13827637620404873,0.7002918673457359,0.017490150880659378,7.1953836106275305e-6,0.7004090211996876,0.017429827148125732,0.01701914703622941,0.13827637620404873,0.7002918673457359,0.017490150880659378
0.016575471897778332,0.7041107411303348,0.04824644934893436,0.07737535358702435,0.016866623446760515,0.7034411993526793,0.04664634439606743,0.016575471897778332,0.7041107411303348,0.04824644934893436,0.07737535358702435,0.016866623446760515,0.7034411993526793,0.04664634439606743
4.2660694551583695e-17,0.6967020136954709,0.12191954605403024,0.12109903626323448,0.0,0.6969071141602587,0.0,4.2660694551583695e-17,0.6967020136954709,0.12191954605403024,0.12109903626323448,0.0,0.6969071141602587,0.0
4.807301663375065e-17,0.7850919410759241,0.0,0.055477494879069514,0.0,0.6205540534669551,0.0,4.807301663375065e-17,0.7850919410759241,0.0,0.055477494879069514,0.0,0.6205540534669551,0.0
0.04436464199403656,0.6763244416561381,0.015434850622093065,0.04404971325045971,0.015488425603181883,0.7342307645629448,0.01655609692462515,0.04436464199403656,0.6763244416561381,0.015434850622093065,0.04404971325045971,0.015488425603181883,0.7342307645629448,0.01655609692462515
0.04886103545315425,0.7190684429392351,0.049164115068264784,0.018821958501626393,0.018485477453361314,0.6966178329685835,0.015924846417429358,0.04886103545315425,0.7190684429392351,0.049164115068264784,0.018821958501626393,0.018485477453361314,0.6966178329685835,0.015924846417429358
2.786157659630676e-8,0.6199642244637444,0.0,0.0,0.05411838529525753,0.7836060448648867,0.0,2.786157659630676e-8,0.6199642244637444,0.0,0.0,0.05411838529525753,0.7836060448648867,0.0
6.186177858342318e-10,0.6779619438940359,0.0,0.0,0.05476504638587486,0.7334138986223528,9.195304112280772e-7,6.186177858342318e-10,0.6779619438940359,0.0,0.0,0.05476504638587486,0.7334138986223528,9.195304112280772e-7
3.819952110927138e-17,0.62384552241295,0.0,0.056574977264225425,0.00023723894953226442,0.788546299392197,2.4559684142358384e-6,3.819952110927138e-17,0.62384552241295,0.0,0.056574977264225425,0.00023723894953226442,0.788546299392197,2.4559684142358384e-6
0.12239892063815236,0.6976311855283379,0.0006677972570623031,0.0,0.0,0.6957193185096031,0.12373880508431236,0.12239892063815236,0.6976311855283379,0.0006677972570623031,0.0,0.0,0.6957193185096031,0.12373880508431236
4.829233193390489e-8,0.6457381862787219,0.05623944818387947,0.0,0.05698371364970467,0.7600088261036662,0.0,4.829233193390489e-8,0.6457381862787219,0.05623944818387947,0.0,0.05698371364970467,0.7600088261036662,0.0
4.2817638515118094e-17,0.6992651031289904,0.06121812924690272,0.12272954153327813,0.0,0.699030692328899,0.0613256621226005,4.2817638515118094e-17,0.6992651031289904,0.06121812924690272,0.12272954153327813,0.0,0.699030692328899,0.0613256621226005
0.017702483950744356,0.7194091152351514,0.017002391182172453,0.04640268377695309,0.07711783974141052,0.6913132364782104,0.017742197237191427,0.017702483950744356,0.7194091152351514,0.017002391182172453,0.04640268377695309,0.07711783974141052,0.6913132364782104,0.017742197237191427
0.015329161286325898,0.6915818363382904,0.10360455902485907,0.017353338082863563,0.015253922083524553,0.7235286368019281,0.017548903029338585,0.015329161286325898,0.6915818363382904,0.10360455902485907,0.017353338082863563,0.015253922083524553,0.7235286368019281,0.017548903029338585
0.016040192410617323,0.7211655726282908,0.04474048263565297,0.017136716032964936,0.01697061842989016,0.6929255149023053,0.015945422037604236,0.016040192410617323,0.7211655726282908,0.04474048263565297,0.017136716032964936,0.01697061842989016,0.6929255149023053,0.015945422037604236
0.016859595095466227,0.7041771587139481,0.017405307325686233,0.01693413094139635,0.04623147564974303,0.7055699903944295,0.07515623640928737,0.016859595095466227,0.7041771587139481,0.017405307325686233,0.01693413094139635,0.04623147564974303,0.7055699903944295,0.07515623640928737
0.05791468326028531,0.7060327419174489,0.0,1.0143185903179232e-7,0.056846216965506534,0.7045302446941674,0.0001211601632441173,0.05791468326028531,0.7060327419174489,0.0,1.0143185903179232e-7,0.056846216965506534,0.7045302446941674,0.0001211601632441173
4.301771593106614e-17,0.7025326152980068,0.11352776998572568,0.0,0.0,0.7026265184425182,0.0,4.301771593106614e-17,0.7025326152980068,0.11352776998572568,0.0,0.0,0.7026265184425182,0.0
4.2833418204166e-17,0.6995228050077507,0.0,0.1223069631645459,0.05892700798532634,0.6990180657579907,0.06132455439896292,4.2833418204166e-17,0.6995228050077507,0.0,0.1223069631645459,0.05892700798532634,0.6990180657579907,0.06132455439896292
0.01708817797484734,0.7310993893879641,0.01861352506716707,0.01759329888063444,0.07907043555098887,0.6768684935648034,0.016709252968963945,0.01708817797484734,0.7310993893879641,0.01861352506716707,0.01759329888063444,0.07907043555098887,0.6768684935648034,0.016709252968963945
0.04741771148945607,0.7031269150989153,0.07766870614933474,0.01851744052297553,0.04590240353198526,0.7038226662672223,0.017118723016733412,0.04741771148945607,0.7031269150989153,0.07766870614933474,0.01851744052297553,0.04590240353198526,0.7038226662672223,0.017118723016733412
0.01605028978940299,0.7050662995765049,0.01707388026080356,0.045752245707848624,0.016379259777564912,0.7058325862260042,0.04601124484669986,0.01605028978940299,0.7050662995765049,0.01707388026080356,0.045752245707848624,0.016379259777564912,0.7058325862260042,0.04601124484669986
0.019081651446892448,0.7343600762737824,0.04955125515039701,0.017263570820667914,0.016986858024785417,0.6750412201783449,0.04429653519005856,0.019081651446892448,0.7343600762737824,0.04955125515039701,0.017263570820667914,0.016986858024785417,0.6750412201783449,0.04429653519005856
0.06318273062017946,0.7569395681587955,0.00046536941741786203,0.0647787554635388,0.0,0.6500688854805919,0.0,0.06318273062017946,0.7569395681587955,0.00046536941741786203,0.0647787554635388,0.0,0.6500688854805919,0.0
0.016837811110332408,0.6760213790719123,0.016284654826527113,0.044924493287500596,0.04373078219678048,0.7339784977193932,0.01655040858450882,0.016837811110332408,0.6760213790719123,0.016284654826527113,0.044924493287500596,0.04373078219678048,0.7339784977193932,0.01655040858450882
0.07842991634630284,0.7032589241432127,0.07651113419908198,0.016544267545414576,0.015521462373992188,0.7021392874297582,0.017548338495289785,0.07842991634630284,0.7032589241432127,0.07651113419908198,0.016544267545414576,0.015521462373992188,0.7021392874297582,0.017548338495289785
0.05921958634262053,0.7005424214045457,0.12348631073540306,3.920764419834785e-6,0.06212137716092195,0.7019239653979558,0.0,0.05921958634262053,0.7005424214045457,0.12348631073540306,3.920764419834785e-6,0.06212137716092195,0.7019239653979558,0.0
0.017069226666488368,0.7165696529634212,0.014367608091891332,0.10637333898388239,0.016638087602017983,0.6887761042204648,0.015456864878418781,0.017069226666488368,0.7165696529634212,0.014367608091891332,0.10637333898388239,0.016638087602017983,0.6887761042204648,0.015456864878418781
0.04473600001371153,0.6626235078479236,0.016547802447812624,0.016887017108713105,0.01584736854074283,0.7480524317256392,0.016049120882673976,0.04473600001371153,0.6626235078479236,0.016547802447812624,0.016887017108713105,0.01584736854074283,0.7480524317256392,0.016049120882673976
0.01591045071898899,0.7190458684485802,0.0173547058620336,0.01700873750542998,0.016990749990544306,0.6865002692856309,0.10612866271961825,0.01591045071898899,0.7190458684485802,0.0173547058620336,0.01700873750542998,0.016990749990544306,0.6865002692856309,0.10612866271961825
0.05617601133224603,0.761963884951373,0.0,0.00041056569491204446,0.05679731641992592,0.6482529234180118,0.0005288227421856699,0.05617601133224603,0.761963884951373,0.0,0.00041056569491204446,0.05679731641992592,0.6482529234180118,0.0005288227421856699
0.05701975559221636,0.6473156055642765,5.985006053081885e-6,0.000021617965615303594,0.0,0.7609861967834277,0.057376568954941455,0.05701975559221636,0.6473156055642765,5.985006053081885e-6,0.000021617965615303594,0.0,0.7609861967834277,0.057376568954941455
0.01672126391988923,0.6893011102538302,0.01619191014095217,0.045570064767651214,0.016545828978086742,0.7189143889666357,0.07597238416753178,0.01672126391988923,0.6893011102538302,0.01619191014095217,0.045570064767651214,0.016545828978086742,0.7189143889666357,0.07597238416753178
0.015841482454225647,0.7206789006094603,0.045835694183785275,0.0007527664544723576,0.01729447735810283,0.68779108041869,0.07724636414010909,0.015841482454225647,0.7206789006094603,0.045835694183785275,0.0007527664544723576,0.01729447735810283,0.68779108041869,0.07724636414010909
0.015158629935769278,0.6373681437305361,0.043725295309172296,0.014500570757998635,0.01686875351180063,0.7687492827089097,0.01834863363789759,0.015158629935769278,0.6373681437305361,0.043725295309172296,0.014500570757998635,0.01686875351180063,0.7687492827089097,0.01834863363789759
0.00006057419216815162,0.6981488184364762,0.0,3.434480765840571e-6,0.11329591768083626,0.6967729495129136,0.12125795213548532,0.00006057419216815162,0.6981488184364762,0.0,3.434480765840571e-6,0.11329591768083626,0.6967729495129136,0.12125795213548532
0.000040823638970467796,0.671084101868872,0.11745296528020127,0.0,0.05957286858587576,0.7303693150425851,0.0,0.000040823638970467796,0.671084101868872,0.11745296528020127,0.0,0.05957286858587576,0.7303693150425851,0.0
0.0007795184378222795,0.7289807414120832,0.12412449127495824,0.0,0.0,0.6712719093056105,0.058178600930260504,0.0007795184378222795,0.7289807414120832,0.12412449127495824,0.0,0.0,0.6712719093056105,0.058178600930260504
0.00017429138244143467,0.6737628234598698,0.05956354771601006,0.000024866070273524923,0.05586862895625003,0.7330997404096329,0.058945765726606064,0.00017429138244143467,0.6737628234598698,0.05956354771601006,0.000024866070273524923,0.05586862895625003,0.7330997404096329,0.058945765726606064
0.04554074772853803,0.7068890214880127,0.016182297320842264,0.016432816753385062,0.04341563688975678,0.7055845117146984,0.016226628323849905,0.04554074772853803,0.7068890214880127,0.016182297320842264,0.016432816753385062,0.04341563688975678,0.7055845117146984,0.016226628323849905
0.018410803328515597,0.7085423907998298,0.04853960079565753,0.016657801769400703,0.017171178694749538,0.7023861004998267,0.04430262538456275,0.018410803328515597,0.7085423907998298,0.04853960079565753,0.016657801769400703,0.017171178694749538,0.7023861004998267,0.04430262538456275
0.04814830625295889,0.6894898244943598,0.07662917889633006,0.01772807342599322,0.0166299174366532,0.7187795287795254,0.016683632055618007,0.04814830625295889,0.6894898244943598,0.07662917889633006,0.01772807342599322,0.0166299174366532,0.7187795287795254,0.016683632055618007
1.0000659575979327,0.0,0.0,0.0,0.0,0.0,0.0,1.0000659575979327,0.0,0.0,0.0,0.0,0.0,0.0
0.04467909317113953,0.7478183349238923,0.015299192983554798,0.01515119967995828,0.016650549165419033,0.6624565904207721,0.013128673886960143,0.04467909317113953,0.7478183349238923,0.015299192983554798,0.01515119967995828,0.016650549165419033,0.6624565904207721,0.013128673886960143
0.016702228956056293,0.7339276693054437,0.017225833386885908,0.046182007672533526,0.01633325534760932,0.6758302899843013,0.04625679344063073,0.016702228956056293,0.7339276693054437,0.017225833386885908,0.046182007672533526,0.01633325534760932,0.6758302899843013,0.04625679344063073
2.827635292275392e-8,0.6702896518763695,0.0,0.00003306080126598541,0.11913194138763504,0.7303747431293006,0.058866074666030825,2.827635292275392e-8,0.6702896518763695,0.0,0.00003306080126598541,0.11913194138763504,0.7303747431293006,0.058866074666030825
0.046778293888412044,0.7204113419026755,0.016296948171231132,0.07311659369848393,0.016168480990203588,0.6877193977384733,0.015959284987748498,0.046778293888412044,0.7204113419026755,0.016296948171231132,0.07311659369848393,0.016168480990203588,0.6877193977384733,0.015959284987748498
0.136287577395443,0.6946220459367958,0.01697158941203536,0.016627688618668562,0.015397946531728544,0.7067147439676367,0.014157702092115029,0.136287577395443,0.6946220459367958,0.01697158941203536,0.016627688618668562,0.015397946531728544,0.7067147439676367,0.014157702092115029
0.01699888748242914,0.7008063868808707,0.01600978383525767,0.017707053636461086,0.10778682895313746,0.7032024023150644,0.048321686508493125,0.01699888748242914,0.7008063868808707,0.01600978383525767,0.017707053636461086,0.10778682895313746,0.7032024023150644,0.048321686508493125
0.04553849443417923,0.7076928759969553,0.04514642705578185,0.01641459549408779,0.0172055279855984,0.7040173975706951,0.04739955730947553,0.04553849443417923,0.7076928759969553,0.04514642705578185,0.01641459549408779,0.0172055279855984,0.7040173975706951,0.04739955730947553
4.3226985391178555e-17,0.7059502449404166,4.481821721743285e-6,0.05734216276523813,0.05721594421691458,0.7060696746340753,6.8843678888244e-6,4.3226985391178555e-17,0.7059502449404166,4.481821721743285e-6,0.05734216276523813,0.05721594421691458,0.7060696746340753,6.8843678888244e-6
4.470652137387776e-17,0.7301129012055424,0.00008001429554487304,0.05913762197327846,1.936167356432466e-9,0.6724219940393387,0.1176770006595879,4.470652137387776e-17,0.7301129012055424,0.00008001429554487304,0.05913762197327846,1.936167356432466e-9,0.6724219940393387,0.1176770006595879
4.1121627935086655e-17,0.6715671484009452,0.05990589192048925,2.3864128639238456e-6,0.00009550224102339759,0.7306079537297883,0.11795303506617685,4.1121627935086655e-17,0.6715671484009452,0.05990589192048925,2.3864128639238456e-6,0.00009550224102339759,0.7306079537297883,0.11795303506617685
0.015584598063247756,0.7350955762098332,0.04692888934450244,0.016326751665724244,0.047699203348742274,0.6749356558658636,0.01685488375867161,0.015584598063247756,0.7350955762098332,0.04692888934450244,0.016326751665724244,0.047699203348742274,0.6749356558658636,0.01685488375867161
0.016452629992809432,0.68968921460927,0.04483274340627768,0.04584119254747162,0.04631026294185828,0.7195435624386619,0.01605633700590965,0.016452629992809432,0.68968921460927,0.04483274340627768,0.04584119254747162,0.04631026294185828,0.7195435624386619,0.01605633700590965
0.01622205904658146,0.7036432821108759,0.017995728268377496,0.07739922462660874,0.0476670981949997,0.7041429270425619,0.0476477923585367,0.01622205904658146,0.7036432821108759,0.017995728268377496,0.07739922462660874,0.0476670981949997,0.7041429270425619,0.0476477923585367
0.046321003651386444,0.6897805952425747,0.04699251093356222,0.016931271327908032,0.01678774172260664,0.7194554790359969,0.04628356837450323,0.046321003651386444,0.6897805952425747,0.04699251093356222,0.016931271327908032,0.01678774172260664,0.7194554790359969,0.04628356837450323
6.903474793667204e-6,0.699235341991827,0.12242860162939859,0.06188830088119221,0.00006742830238474365,0.6998949390098239,0.060720740577905864,6.903474793667204e-6,0.699235341991827,0.12242860162939859,0.06188830088119221,0.00006742830238474365,0.6998949390098239,0.060720740577905864
0.11928068304696691,0.7317926650272547,1.8887474395167825e-6,0.0,0.0,0.6691098988631657,0.058269960786192905,0.11928068304696691,0.7317926650272547,1.8887474395167825e-6,0.0,0.0,0.6691098988631657,0.058269960786192905
4.330479394551832e-17,0.7072209550650653,0.0,0.0,0.0,0.7074367180945619,2.868303982721528e-10,4.330479394551832e-17,0.7072209550650653,0.0,0.0,0.0,0.7074367180945619,2.868303982721528e-10
0.01810601104937329,0.6978958794325152,0.01710742868192223,0.1400821325542261,0.016904384708061715,0.7050576125464032,0.015896319919120834,0.01810601104937329,0.6978958794325152,0.01710742868192223,0.1400821325542261,0.016904384708061715,0.7050576125464032,0.015896319919120834
0.015579906319965113,0.7037181510681202,0.017535883767861683,0.016195147983886188,0.04657552237470541,0.7013626409565584,0.1073240585352337,0.015579906319965113,0.7037181510681202,0.017535883767861683,0.016195147983886188,0.04657552237470541,0.7013626409565584,0.1073240585352337
8.755323321125756e-12,0.6427315251200493,0.0,0.11338599638537968,0.0,0.757846075967972,0.0,8.755323321125756e-12,0.6427315251200493,0.0,0.11338599638537968,0.0,0.757846075967972,0.0
0.055888573424854676,0.6680825169760073,0.0005312763840594482,0.1141199631388495,0.00004145548535470306,0.7336179421399615,0.0,0.055888573424854676,0.6680825169760073,0.0005312763840594482,0.1141199631388495,0.00004145548535470306,0.7336179421399615,0.0
4.084042185512433e-17,0.6669747046015067,0.17632580973397127,0.0,8.883695213059886e-9,0.7255617965147971,2.731941936837083e-13,4.084042185512433e-17,0.6669747046015067,0.17632580973397127,0.0,8.883695213059886e-9,0.7255617965147971,2.731941936837083e-13
4.1217821802752105e-17,0.6731381134780994,0.0,0.059178354483983675,0.05862945264535016,0.732964219761736,0.06027853134313658,4.1217821802752105e-17,0.6731381134780994,0.0,0.059178354483983675,0.05862945264535016,0.732964219761736,0.06027853134313658
0.058091753857597704,0.7335360750986767,0.0,3.9973676151816005e-6,0.05912322300739314,0.6737037384739621,0.05790618644410747,0.058091753857597704,0.7335360750986767,0.0,3.9973676151816005e-6,0.05912322300739314,0.6737037384739621,0.05790618644410747
0.12335420942615138,0.7010203267137435,0.0003653628970639655,0.061719675442309344,0.0,0.6977777611534121,0.06076182476758497,0.12335420942615138,0.7010203267137435,0.0003653628970639655,0.061719675442309344,0.0,0.6977777611534121,0.06076182476758497
0.01673066773166899,0.6896883861512317,0.01653719996095656,0.07558370748207313,0.01665008661920114,0.7188675444826708,0.044586602062153806,0.01673066773166899,0.6896883861512317,0.01653719996095656,0.07558370748207313,0.01665008661920114,0.7188675444826708,0.044586602062153806
0.016704634236409957,0.7023722961819145,0.04713429085843355,0.01627410215875504,0.01672778843750368,0.7019645927763741,0.10596798239528621,0.016704634236409957,0.7023722961819145,0.04713429085843355,0.01627410215875504,0.01672778843750368,0.7019645927763741,0.10596798239528621
0.01480544443870539,0.6780476120203691,0.014979386708667832,0.04634568969882743,0.017227819307165083,0.7342307780213374,0.04777038914435547,0.01480544443870539,0.6780476120203691,0.014979386708667832,0.04634568969882743,0.017227819307165083,0.7342307780213374,0.04777038914435547
0.06000182743532198,0.6959656913525262,0.12234497557819439,0.0003547861224423668,0.0,0.7025892879958906,0.06183992413740481,0.06000182743532198,0.6959656913525262,0.12234497557819439,0.0003547861224423668,0.0,0.7025892879958906,0.06183992413740481
0.00007150337907162127,0.7359841720779949,0.05979027179946401,0.05514088569068261,0.05989684149428256,0.6713781242247354,0.0,0.00007150337907162127,0.7359841720779949,0.05979027179946401,0.05514088569068261,0.05989684149428256,0.6713781242247354,0.0
0.04701109181615294,0.7030074381887694,0.04792361843215774,0.017841104715225205,0.07710824687674492,0.7036819268288295,0.01584100673756788,0.04701109181615294,0.7030074381887694,0.04792361843215774,0.017841104715225205,0.07710824687674492,0.7036819268288295,0.01584100673756788
0.046010298591072446,0.6878737910916775,0.017146736691880902,0.016576393868695624,0.07583397498462911,0.7199644703532203,0.015875654283803855,0.046010298591072446,0.6878737910916775,0.017146736691880902,0.016576393868695624,0.07583397498462911,0.7199644703532203,0.015875654283803855
0.045485571836198786,0.7029279490025471,0.01585973780382482,0.07134102815509415,0.015768837005816518,0.7058989655538463,0.015811899645451252,0.045485571836198786,0.7029279490025471,0.01585973780382482,0.07134102815509415,0.015768837005816518,0.7058989655538463,0.015811899645451252
0.0610904548242285,0.6934415044879577,6.351659254755082e-6,0.0,0.0,0.6939734667574198,0.18428951391866355,0.0610904548242285,0.6934415044879577,6.351659254755082e-6,0.0,0.0,0.6939734667574198,0.18428951391866355
0.04685581129212418,0.7006975661327804,0.10496552376086922,0.013849488365493257,0.016405027795668107,0.7039394305175577,0.014708102086756433,0.04685581129212418,0.7006975661327804,0.10496552376086922,0.013849488365493257,0.016405027795668107,0.7039394305175577,0.014708102086756433
0.01727641450720866,0.7045590486067209,0.01690365033385438,0.04597167605927674,0.07662487244955317,0.7028094611835576,0.04784798472970179,0.01727641450720866,0.7045590486067209,0.01690365033385438,0.04597167605927674,0.07662487244955317,0.7028094611835576,0.04784798472970179
0.016343021988372723,0.7344702315141574,0.01625150249368799,0.016803430770310684,0.016138019258847468,0.6782310922908726,0.015116563866998398,0.016343021988372723,0.7344702315141574,0.01625150249368799,0.016803430770310684,0.016138019258847468,0.6782310922908726,0.015116563866998398
0.04701387388125196,0.7033597011740899,0.017273717942072258,0.04688108660937303,0.07638001177338244,0.7036461475604264,0.01794264216102578,0.04701387388125196,0.7033597011740899,0.017273717942072258,0.04688108660937303,0.07638001177338244,0.7036461475604264,0.01794264216102578
0.017565488741366403,0.733522580226196,0.01813064674819338,0.017646721189970002,0.01665920052109173,0.6753453450080513,0.07510585239563458,0.017565488741366403,0.733522580226196,0.01813064674819338,0.017646721189970002,0.01665920052109173,0.6753453450080513,0.07510585239563458
0.05470232384257784,0.6782501728845619,0.0,0.00003497945196579874,3.243138810586798e-6,0.7328980492703874,0.0,0.05470232384257784,0.6782501728845619,0.0,0.00003497945196579874,3.243138810586798e-6,0.7328980492703874,0.0
0.017323488902746504,0.7038715129760582,0.04548516661779701,0.01638222696597857,0.04584595318709136,0.7033940982138058,0.07662066538547611,0.017323488902746504,0.7038715129760582,0.04548516661779701,0.01638222696597857,0.04584595318709136,0.7033940982138058,0.07662066538547611
0.015620238083339451,0.6922503357214397,0.01577047494055651,0.0450131261836251,0.015488381386180281,0.7203019456542911,0.01601902752051898,0.015620238083339451,0.6922503357214397,0.01577047494055651,0.0450131261836251,0.015488381386180281,0.7203019456542911,0.01601902752051898
4.637023585033248e-17,0.7572834205359006,0.1139003896303618,0.0,9.224082758938286e-6,0.6437078182456916,0.0,4.637023585033248e-17,0.7572834205359006,0.1139003896303618,0.0,9.224082758938286e-6,0.6437078182456916,0.0
0.07968237441206594,0.7024689248746359,0.01720010084620295,0.01704475604006837,0.01636807169581553,0.7025749959716149,0.07806158905254051,0.07968237441206594,0.7024689248746359,0.01720010084620295,0.01704475604006837,0.01636807169581553,0.7025749959716149,0.07806158905254051
0.05524770539899722,0.6199081448357403,0.0,9.878654826483209e-9,0.0,0.7838379254486196,2.5404869765310006e-7,0.05524770539899722,0.6199081448357403,0.0,9.878654826483209e-9,0.0,0.7838379254486196,2.5404869765310006e-7
0.04737952796631026,0.7183853672450484,0.01704895997815398,0.04788936199675825,0.04667350700538632,0.6909369820455914,0.016510307319564554,0.04737952796631026,0.7183853672450484,0.01704895997815398,0.04788936199675825,0.04667350700538632,0.6909369820455914,0.016510307319564554
0.10550860494570781,0.7159840488743378,0.017429027577635516,0.016777111562600415,0.015430180587560557,0.6895224956108538,0.014731497376091043,0.10550860494570781,0.7159840488743378,0.017429027577635516,0.016777111562600415,0.015430180587560557,0.6895224956108538,0.014731497376091043
0.12202870571848397,0.6956325854007337,0.11963975426448449,0.0,0.0,0.6984918443852891,0.0,0.12202870571848397,0.6956325854007337,0.11963975426448449,0.0,0.0,0.6984918443852891,0.0
0.016665369598331193,0.6924867847554027,0.04339019312759418,0.016654252722081778,0.016522180600910253,0.72009812115497,0.016488268139102,0.016665369598331193,0.6924867847554027,0.04339019312759418,0.016654252722081778,0.016522180600910253,0.72009812115497,0.016488268139102
0.047904407866147296,0.7028432571886846,0.017075821569572183,0.015041230565489571,0.07937423529490364,0.7040450036171249,0.04545316219520708,0.047904407866147296,0.7028432571886846,0.017075821569572183,0.015041230565489571,0.07937423529490364,0.7040450036171249,0.04545316219520708
4.076347596686617e-17,0.6657180828831185,0.0,5.94812091204558e-9,0.1771732383753816,0.7250045187905096,9.12204076229116e-6,4.076347596686617e-17,0.6657180828831185,0.0,5.94812091204558e-9,0.1771732383753816,0.7250045187905096,9.12204076229116e-6
6.123421003769016e-17,1.0000305407293566,0.0,0.0,0.0,0.0,0.0,6.123421003769016e-17,1.0000305407293566,0.0,0.0,0.0,0.0,0.0
0.07644460767352221,0.6897566887849308,0.016505752690632217,0.0167604755235782,0.0467978927642919,0.7191784243505716,0.01680094500012795,0.07644460767352221,0.6897566887849308,0.016505752690632217,0.0167604755235782,0.0467978927642919,0.7191784243505716,0.01680094500012795
0.05936014036212602,0.6714516247305263,0.0,0.0,0.11864914711878029,0.7296906336590677,0.0,0.05936014036212602,0.6714516247305263,0.0,0.0,0.11864914711878029,0.7296906336590677,0.0
0.016495233435942884,0.7209450061948176,0.018007403395213267,0.0156771833407337,0.0156802026765994,0.6918254918655868,0.04533721762603942,0.016495233435942884,0.7209450061948176,0.018007403395213267,0.0156771833407337,0.0156802026765994,0.6918254918655868,0.04533721762603942
0.016445894164541185,0.6894068507495106,0.04503140994387841,0.07639920987601474,0.015678630255409182,0.7187083187042896,0.01605827446476098,0.016445894164541185,0.6894068507495106,0.04503140994387841,0.07639920987601474,0.015678630255409182,0.7187083187042896,0.01605827446476098
0.016470481727143993,0.7212748270046129,0.04651251066799765,0.044868929098051326,0.016868325008280036,0.6908760971855464,0.04634919596340588,0.016470481727143993,0.7212748270046129,0.04651251066799765,0.044868929098051326,0.016868325008280036,0.6908760971855464,0.04634919596340588
0.12416535469378455,0.6953334577228663,0.0,0.0001099303323750426,0.12094517285820718,0.6984633202719495,0.0,0.12416535469378455,0.6953334577228663,0.0,0.0001099303323750426,0.12094517285820718,0.6984633202719495,0.0
0.016430248195104125,0.6886861068484317,0.044931197385158377,0.01619072141740273,0.07802226237752671,0.7194959225052099,0.016245390666902067,0.016430248195104125,0.6886861068484317,0.044931197385158377,0.01619072141740273,0.07802226237752671,0.7194959225052099,0.016245390666902067
0.00008563317449797499,0.7361357864749384,0.05980517015695874,0.0,0.05802577977107993,0.6698969504895541,0.05836091678441321,0.00008563317449797499,0.7361357864749384,0.05980517015695874,0.0,0.05802577977107993,0.6698969504895541,0.05836091678441321
0.059436722553328714,0.7321352750850532,0.05856914633553547,0.0,0.0,0.6734243368652596,0.06063708823823675,0.059436722553328714,0.7321352750850532,0.05856914633553547,0.0,0.0,0.6734243368652596,0.06063708823823675
0.00022411180519351617,0.6948190440380142,0.12033604193386017,3.6996191029955205e-6,0.1224998411044824,0.6987347646535047,0.0,0.00022411180519351617,0.6948190440380142,0.12033604193386017,3.6996191029955205e-6,0.1224998411044824,0.6987347646535047,0.0
0.01594070936079144,0.7224887854682013,0.01631445645834504,0.04653814699620705,0.016021225688567356,0.6893319829942799,0.01632369011467725,0.01594070936079144,0.7224887854682013,0.01631445645834504,0.04653814699620705,0.016021225688567356,0.6893319829942799,0.01632369011467725
0.06158094923838578,0.6988290920360605,0.06056928727919719,0.12354610589749408,0.0,0.700573813049469,0.0,0.06158094923838578,0.6988290920360605,0.06056928727919719,0.12354610589749408,0.0,0.700573813049469,0.0
0.07772580709082379,0.7037568137629047,0.016879804734628988,0.048060594244662136,0.018087211395561253,0.7047636181922468,0.047464098926164704,0.07772580709082379,0.7037568137629047,0.016879804734628988,0.048060594244662136,0.018087211395561253,0.7047636181922468,0.047464098926164704
0.015852512542031794,0.6954507392961018,0.015205474645269137,0.015932211753422718,0.04242004165867557,0.7228630567668323,0.016389550385206557,0.015852512542031794,0.6954507392961018,0.015205474645269137,0.015932211753422718,0.04242004165867557,0.7228630567668323,0.016389550385206557
0.0016478265568121311,0.6736595942118568,0.05432679929613301,0.059538061954263616,0.05555111816929076,0.733807960666977,0.00005457662684980058,0.0016478265568121311,0.6736595942118568,0.05432679929613301,0.059538061954263616,0.05555111816929076,0.733807960666977,0.00005457662684980058
0.06227230637719832,0.7023186816170495,6.046873705198274e-8,0.05766246049875891,0.06234268558187955,0.7022191397826996,0.06209979452726867,0.06227230637719832,0.7023186816170495,6.046873705198274e-8,0.05766246049875891,0.06234268558187955,0.7022191397826996,0.06209979452726867
0.01640050046995564,0.676050618472873,0.045752211615245925,0.01505079013723877,0.016187527175426562,0.7335979428481653,0.04759992516956156,0.01640050046995564,0.676050618472873,0.045752211615245925,0.01505079013723877,0.016187527175426562,0.7335979428481653,0.04759992516956156
0.016021873357727423,0.7005666483398193,0.10726968231381734,0.01853051676028356,0.0331707596478866,0.7042021860629765,0.042617328615683334,0.016021873357727423,0.7005666483398193,0.10726968231381734,0.01853051676028356,0.0331707596478866,0.7042021860629765,0.042617328615683334
4.6459171437792223e-17,0.7587358489017226,0.05633232068825927,0.0,0.05595315147880719,0.6468906496984678,3.093037501752722e-10,4.6459171437792223e-17,0.7587358489017226,0.05633232068825927,0.0,0.05595315147880719,0.6468906496984678,3.093037501752722e-10
0.061947515831702174,0.6990571359839206,0.0,0.0,0.05789923313698733,0.6999522153629109,0.12317439782716769,0.061947515831702174,0.6990571359839206,0.0,0.0,0.05789923313698733,0.6999522153629109,0.12317439782716769
0.054946075274431475,0.7330830926788222,0.0,0.0,0.0,0.6780203159699353,0.0,0.054946075274431475,0.7330830926788222,0.0,0.0,0.0,0.6780203159699353,0.0
0.04874210716874027,0.7196207670466773,0.014178953288610466,0.015610598191849746,0.047007593128479276,0.6898168662396676,0.046170714858142135,0.04874210716874027,0.7196207670466773,0.014178953288610466,0.015610598191849746,0.047007593128479276,0.6898168662396676,0.046170714858142135
4.488032773533689e-17,0.7329513744956395,0.0594867857611941,0.0,7.566637273557318e-8,0.6779963839150313,2.1617640218388513e-7,4.488032773533689e-17,0.7329513744956395,0.0594867857611941,0.0,7.566637273557318e-8,0.6779963839150313,2.1617640218388513e-7
0.046895214342170095,0.699390908784315,0.017140902378906087,0.01633338252295077,0.1068897727232077,0.7049320262009042,0.017128225380987745,0.046895214342170095,0.699390908784315,0.017140902378906087,0.01633338252295077,0.1068897727232077,0.7049320262009042,0.017128225380987745
0.015991122101241966,0.7039957753893092,0.04560949757304344,0.0769082305111041,0.05030550267322185,0.703508492843218,0.017942146787454108,0.015991122101241966,0.7039957753893092,0.04560949757304344,0.0769082305111041,0.05030550267322185,0.703508492843218,0.017942146787454108
0.05944774086703663,0.7326810164270505,0.0,0.0597078590962645,0.0,0.67311362980153,0.05868873658871637,0.05944774086703663,0.7326810164270505,0.0,0.0597078590962645,0.0,0.67311362980153,0.05868873658871637
4.8092183438020183e-17,0.7854049587440858,0.0,4.924695693264504e-9,0.0,0.6200460400675992,0.058043060888178344,4.8092183438020183e-17,0.7854049587440858,0.0,4.924695693264504e-9,0.0,0.6200460400675992,0.058043060888178344
0.017800644255442023,0.7040915305678023,0.04717963362806533,0.04757259872397677,0.049687334441649765,0.7042836004025832,0.04785989052020173,0.017800644255442023,0.7040915305678023,0.04717963362806533,0.04757259872397677,0.049687334441649765,0.7042836004025832,0.04785989052020173
2.7277332325432216e-8,0.646607910936766,0.05916785776688149,0.0,0.0,0.7592218718933155,0.05717503502401555,2.7277332325432216e-8,0.646607910936766,0.05916785776688149,0.0,0.0,0.7592218718933155,0.05717503502401555
0.016997047940683564,0.7240219542272829,0.017108506226776725,0.015385563305993676,0.04718875924466084,0.6906613709653342,0.017042400726821904,0.016997047940683564,0.7240219542272829,0.017108506226776725,0.015385563305993676,0.04718875924466084,0.6906613709653342,0.017042400726821904
0.0010048954481709082,0.7351157522966015,0.000020595281077199075,0.0,2.793773139846526e-6,0.6761656805673641,0.05577791093228111,0.0010048954481709082,0.7351157522966015,0.000020595281077199075,0.0,2.793773139846526e-6,0.6761656805673641,0.05577791093228111
0.10718221193149052,0.7028735700047735,0.01590517198149637,0.04646893792147871,0.015996840957556258,0.7013879193452364,0.015825544012121846,0.10718221193149052,0.7028735700047735,0.01590517198149637,0.04646893792147871,0.015996840957556258,0.7013879193452364,0.015825544012121846
0.01708107530112384,0.7028014529898291,0.04768835723306963,0.016826404081592368,0.10782506248290445,0.7026363427014216,0.017960202928811883,0.01708107530112384,0.7028014529898291,0.04768835723306963,0.016826404081592368,0.10782506248290445,0.7026363427014216,0.017960202928811883
0.045665642646981794,0.706257597272746,0.015796139165345485,0.04513556327647827,0.016262754239215756,0.7051676481434228,0.016189859624493094,0.045665642646981794,0.706257597272746,0.015796139165345485,0.04513556327647827,0.016262754239215756,0.7051676481434228,0.016189859624493094
0.11134511172765638,0.6438084035769848,0.0,0.0,0.0,0.7572818029249428,0.0001659711764413865,0.11134511172765638,0.6438084035769848,0.0,0.0,0.0,0.7572818029249428,0.0001659711764413865
0.01634323145250163,0.6729459853746025,0.04574194830602889,0.016747820552704695,0.04629967105629157,0.7369937847279597,0.01538413355459173,0.01634323145250163,0.6729459853746025,0.04574194830602889,0.016747820552704695,0.04629967105629157,0.7369937847279597,0.01538413355459173
0.016640318520070904,0.7039170675062618,0.04750205306398198,0.04802542406010104,0.01627945880597915,0.7031876720956887,0.07547768017949757,0.016640318520070904,0.7039170675062618,0.04750205306398198,0.04802542406010104,0.01627945880597915,0.7031876720956887,0.07547768017949757
0.04717090953466749,0.6895872171050509,0.01664614000760845,0.046612764117017924,0.04682739641212987,0.720036510569561,0.016516923889084247,0.04717090953466749,0.6895872171050509,0.01664614000760845,0.046612764117017924,0.04682739641212987,0.720036510569561,0.016516923889084247
4.47359356320159e-17,0.730593272495593,0.0,0.0,0.11721237595171148,0.6709552278594317,0.05896245195246961,4.47359356320159e-17,0.730593272495593,0.0,0.0,0.11721237595171148,0.6709552278594317,0.05896245195246961
4.941540451013508e-18,6.103591625330523e-17,1.0000536655884824,0.0,0.0,0.0,0.0,4.941540451013508e-18,6.103591625330523e-17,1.0000536655884824,0.0,0.0,0.0,0.0
4.440928332726761e-17,0.7252586355214757,0.17669498133093975,0.0,0.0,0.6660529322670075,4.0053588585979235e-7,4.440928332726761e-17,0.7252586355214757,0.17669498133093975,0.0,0.0,0.6660529322670075,4.0053588585979235e-7
0.046741826117022586,0.7192596669297004,0.045346457363233936,0.04695964664939838,0.016088345548984057,0.6902706040715746,0.01634406942509422,0.046741826117022586,0.7192596669297004,0.045346457363233936,0.04695964664939838,0.016088345548984057,0.6902706040715746,0.01634406942509422
4.471620695578059e-17,0.7302710787618726,0.11790486259337382,0.0,0.059963688258254856,0.6710695400328979,0.0,4.471620695578059e-17,0.7302710787618726,0.11790486259337382,0.0,0.059963688258254856,0.6710695400328979,0.0
0.06150395775499075,0.6953967020896747,0.1805988189170291,0.0,0.0,0.6933610905697521,0.0,0.06150395775499075,0.6953967020896747,0.1805988189170291,0.0,0.0,0.6933610905697521,0.0
8.153190232063274e-6,0.7001830213811676,0.05993504947294013,0.0625240978446742,0.12394700431879488,0.6990558228186773,0.00018750741751537598,8.153190232063274e-6,0.7001830213811676,0.05993504947294013,0.0625240978446742,0.12394700431879488,0.6990558228186773,0.00018750741751537598
0.0605036810908529,0.7001695882499739,0.0,0.0,0.12227393722487738,0.6997505209585404,0.0605186497583027,0.0605036810908529,0.7001695882499739,0.0,0.0,0.12227393722487738,0.6997505209585404,0.0605186497583027
0.11889750970671006,0.7310273334663598,0.0,0.0,0.053644929326589604,0.6699506578263399,0.00015209411963182853,0.11889750970671006,0.7310273334663598,0.0,0.0,0.053644929326589604,0.6699506578263399,0.00015209411963182853
0.016555202526846575,0.7375153645432393,0.0182921247445174,0.01717670140624574,0.04577463764283933,0.6733872469469528,0.015237407165359998,0.016555202526846575,0.7375153645432393,0.0182921247445174,0.01717670140624574,0.04577463764283933,0.6733872469469528,0.015237407165359998
4.1090033597296274e-17,0.6710511737082848,0.00037480672003461916,0.05988542679649875,0.0,0.7305747339134012,0.11777991857880935,4.1090033597296274e-17,0.6710511737082848,0.00037480672003461916,0.05988542679649875,0.0,0.7305747339134012,0.11777991857880935
3.644762633370081e-17,0.5952349095114946,0.0,1.0568370843473064e-6,0.0,0.804038429432493,0.0,3.644762633370081e-17,0.5952349095114946,0.0,1.0568370843473064e-6,0.0,0.804038429432493,0.0
0.014915213728023445,0.6615095219687859,0.015669281409813923,0.0,0.015310619988279546,0.7483031216979206,0.04547596594496509,0.014915213728023445,0.6615095219687859,0.015669281409813923,0.0,0.015310619988279546,0.7483031216979206,0.04547596594496509
0.00007517072961454861,0.7572290952462738,0.0,0.05725296804345906,0.05911948087745783,0.6483533827545901,0.000737023314200171,0.00007517072961454861,0.7572290952462738,0.0,0.05725296804345906,0.05911948087745783,0.6483533827545901,0.000737023314200171
4.6417146043533636e-17,0.7580495221291733,0.0,0.0,0.0,0.6524886067263828,0.0,4.6417146043533636e-17,0.7580495221291733,0.0,0.0,0.0,0.6524886067263828,0.0
0.07537308805578638,0.6762860731843492,0.0160803858800368,0.01619208407423068,0.01616662480219795,0.7322210770397486,0.016059063152120478,0.07537308805578638,0.6762860731843492,0.0160803858800368,0.01619208407423068,0.01616662480219795,0.7322210770397486,0.016059063152120478
4.144571425297491e-17,0.676859879629474,0.0,0.05486908484785826,2.6769750035538307e-8,0.7343927301768147,0.0018362185795267002,4.144571425297491e-17,0.676859879629474,0.0,0.05486908484785826,2.6769750035538307e-8,0.7343927301768147,0.0018362185795267002
0.0173468227961598,0.7029366169518827,0.07696451345994522,0.04767751803229719,0.04671412661351534,0.7043269382002292,0.017433176836575616,0.0173468227961598,0.7029366169518827,0.07696451345994522,0.04767751803229719,0.04671412661351534,0.7043269382002292,0.017433176836575616
0.017305484003354608,0.7037134418661285,0.01716595332310881,0.07678128407125039,0.07682427844356775,0.7046168792985692,0.017302235767225303,0.017305484003354608,0.7037134418661285,0.01716595332310881,0.07678128407125039,0.07682427844356775,0.7046168792985692,0.017302235767225303
0.0608921165902897,0.729599617269251,0.0,2.917482143612291e-14,0.1175866840199286,0.6711153050640971,0.0,0.0608921165902897,0.729599617269251,0.0,2.917482143612291e-14,0.1175866840199286,0.6711153050640971,0.0
0.015554404095204886,0.7029090276861313,0.016576297492382683,0.04881967725308777,0.04778504392804732,0.7034796776254698,0.07730012460464322,0.015554404095204886,0.7029090276861313,0.016576297492382683,0.04881967725308777,0.04778504392804732,0.7034796776254698,0.07730012460464322
1.3426133952778975e-7,0.7300591973033247,0.11793919587103581,0.059234736265046314,0.0,0.6709701716618715,0.0,1.3426133952778975e-7,0.7300591973033247,0.11793919587103581,0.059234736265046314,0.0,0.6709701716618715,0.0
4.285404201729609e-17,0.6998596174363537,0.12207047024852896,0.0,0.062244139173093835,0.7026604138040613,0.06174474319353349,4.285404201729609e-17,0.6998596174363537,0.12207047024852896,0.0,0.062244139173093835,0.7026604138040613,0.06174474319353349
4.3022676186816906e-17,0.7026136224219256,0.0,0.0,0.11411543156406771,0.702533970093082,0.0,4.3022676186816906e-17,0.7026136224219256,0.0,0.0,0.11411543156406771,0.702533970093082,0.0
0.01717631759084724,0.688612014442847,0.016939625214413286,0.016943222086976094,0.10752342353156297,0.7175145573778632,0.01597780425775635,0.01717631759084724,0.688612014442847,0.016939625214413286,0.016943222086976094,0.10752342353156297,0.7175145573778632,0.01597780425775635
0.04746570401786122,0.7043681058678841,0.015696342029124948,0.04806861256386138,0.017233350387756304,0.702420111822593,0.07670103717831313,0.04746570401786122,0.7043681058678841,0.015696342029124948,0.04806861256386138,0.017233350387756304,0.702420111822593,0.07670103717831313
0.06004019694151328,0.7001847797854419,0.06160706938511347,0.00002012428814073882,0.00007993458364768559,0.6990716817822731,0.12157191182497894,0.06004019694151328,0.7001847797854419,0.06160706938511347,0.00002012428814073882,0.00007993458364768559,0.6990716817822731,0.12157191182497894
0.05760802490012559,0.7059008828927538,0.05756996021803236,0.0,0.0,0.7041100629117868,0.0,0.05760802490012559,0.7059008828927538,0.05756996021803236,0.0,0.0,0.7041100629117868,0.0
0.01803159459317053,0.7194623730051573,0.016608712292229405,0.047564535733325676,0.04593347305389141,0.6901939472227931,0.04657022845232557,0.01803159459317053,0.7194623730051573,0.016608712292229405,0.047564535733325676,0.04593347305389141,0.6901939472227931,0.04657022845232557
0.045979726743681816,0.7057286220518724,0.017080960766585357,0.01635463589862744,0.017005453531347154,0.7052517430092234,0.04512950503646617,0.045979726743681816,0.7057286220518724,0.017080960766585357,0.01635463589862744,0.017005453531347154,0.7052517430092234,0.04512950503646617
4.2476308119312523e-17,0.6936907547365686,0.0,0.18409723239943718,0.05930367665248175,0.6941018043208987,0.0,4.2476308119312523e-17,0.6936907547365686,0.0,0.18409723239943718,0.05930367665248175,0.6941018043208987,0.0
4.2637666583871064e-17,0.6963259384429382,0.18518416172275579,2.1271219199920305e-6,0.05849805319449502,0.6961196371139305,0.0,4.2637666583871064e-17,0.6963259384429382,0.18518416172275579,2.1271219199920305e-6,0.05849805319449502,0.6961196371139305,0.0
1.456982006242098e-9,0.7009526615933718,0.0,0.061698981493849774,0.18035371218978752,0.697426447664679,3.3979236752335397e-9,1.456982006242098e-9,0.7009526615933718,0.0,0.061698981493849774,0.18035371218978752,0.697426447664679,3.3979236752335397e-9
0.04772690604332749,0.702156982036034,0.07812487318055933,0.04755907967416734,0.017060530123902826,0.7044876827699854,0.017130227400644616,0.04772690604332749,0.702156982036034,0.07812487318055933,0.04755907967416734,0.017060530123902826,0.7044876827699854,0.017130227400644616
4.085219228542788e-17,0.6671669303160841,0.0,0.1764348174676788,0.0,0.7242438972585807,0.0,4.085219228542788e-17,0.6671669303160841,0.0,0.1764348174676788,0.0,0.7242438972585807,0.0
0.056977911911078136,0.6464791975257076,0.0,0.053192680272154624,0.0,0.759483208303816,0.0,0.056977911911078136,0.6464791975257076,0.0,0.053192680272154624,0.0,0.759483208303816,0.0
4.1064145890947865e-17,0.6706283953796037,0.0,0.11844679587370713,0.059614648624104975,0.7300608689299325,0.0,4.1064145890947865e-17,0.6706283953796037,0.0,0.11844679587370713,0.059614648624104975,0.7300608689299325,0.0
0.07804991044982529,0.7010146543790449,0.016776092785486408,0.017847014511902647,0.04750690242447522,0.7057594025012957,0.047077883872945536,0.07804991044982529,0.7010146543790449,0.016776092785486408,0.017847014511902647,0.04750690242447522,0.7057594025012957,0.047077883872945536
6.0218719932630745e-9,0.7049134042437891,0.05760123460745588,0.056998221962738856,0.0,0.7051978584673619,2.806039126740128e-7,6.0218719932630745e-9,0.7049134042437891,0.05760123460745588,0.056998221962738856,0.0,0.7051978584673619,2.806039126740128e-7
0.0455153227570345,0.6760857743332214,0.017181143800225018,0.015328710596685459,0.04422117959078352,0.7348148152783837,0.014798328211445002,0.0455153227570345,0.6760857743332214,0.017181143800225018,0.015328710596685459,0.04422117959078352,0.7348148152783837,0.014798328211445002
0.01671141261882464,0.7192849195067367,0.017882879400101487,0.07812623920384013,0.04682374750220761,0.6901675425999099,0.01830370268239596,0.01671141261882464,0.7192849195067367,0.017882879400101487,0.07812623920384013,0.04682374750220761,0.6901675425999099,0.01830370268239596
0.016791013253752134,0.6881835862449338,0.017209415728703357,0.10474840498687808,0.016745042700378066,0.7179487596517211,0.014474704250433278,0.016791013253752134,0.6881835862449338,0.017209415728703357,0.10474840498687808,0.016745042700378066,0.7179487596517211,0.014474704250433278
2.9449698404144422e-8,0.643441564883306,0.0,0.0,0.11403175301285778,0.7574322616705812,0.0,2.9449698404144422e-8,0.643441564883306,0.0,0.0,0.11403175301285778,0.7574322616705812,0.0
0.017262796727284743,0.7188866520716919,0.016862220656221914,0.017287371305878166,0.04601849301750066,0.6891318373527814,0.07534810868427973,0.017262796727284743,0.7188866520716919,0.016862220656221914,0.017287371305878166,0.04601849301750066,0.6891318373527814,0.07534810868427973
0.06097558033897288,0.7012214492894151,0.0008156106373587817,0.12013433014681128,2.780460415042254e-6,0.6995149592072494,0.06233516529760628,0.06097558033897288,0.7012214492894151,0.0008156106373587817,0.12013433014681128,2.780460415042254e-6,0.6995149592072494,0.06233516529760628
0.047885446110564396,0.7189050644904528,0.016674219989619696,0.017081922759566267,0.016607334300567565,0.689160247717315,0.07622873307314094,0.047885446110564396,0.7189050644904528,0.016674219989619696,0.017081922759566267,0.016607334300567565,0.689160247717315,0.07622873307314094
0.016400616895615405,0.6750240476345918,0.07466409281855346,0.014754806994447723,0.016208023263549507,0.7336458247402524,0.016286959821919626,0.016400616895615405,0.6750240476345918,0.07466409281855346,0.014754806994447723,0.016208023263549507,0.7336458247402524,0.016286959821919626
0.05950405438252925,0.7301624070595799,0.11837522125305967,0.0,0.0,0.670820996829062,0.0,0.05950405438252925,0.7301624070595799,0.11837522125305967,0.0,0.0,0.670820996829062,0.0
0.0485922368610026,0.7336489196428844,0.01725255226615996,0.01759602170553026,0.016329177354225264,0.6757371894670842,0.046769578717354134,0.0485922368610026,0.7336489196428844,0.01725255226615996,0.01759602170553026,0.016329177354225264,0.6757371894670842,0.046769578717354134
3.182068693457648e-8,0.6944840123186892,0.000012454163485807558,0.061274234671263604,0.0,0.6936122165225121,0.18412284476357196,3.182068693457648e-8,0.6944840123186892,0.000012454163485807558,0.061274234671263604,0.0,0.6936122165225121,0.18412284476357196
0.015221889925006789,0.6763057479572459,0.015949687754451797,0.016269219902201325,0.045269765213443613,0.7336271122987975,0.046314600033760055,0.015221889925006789,0.6763057479572459,0.015949687754451797,0.016269219902201325,0.045269765213443613,0.7336271122987975,0.046314600033760055
0.0169519245763916,0.7188050298307029,0.015064411897033158,0.017236637745064575,0.07747026930958359,0.6897260681439187,0.04464409240002633,0.0169519245763916,0.7188050298307029,0.015064411897033158,0.017236637745064575,0.07747026930958359,0.6897260681439187,0.04464409240002633
0.11829722434052442,0.6693166418642432,0.0004716689505996124,0.0584884717981444,0.0,0.7320539265080707,0.0,0.11829722434052442,0.6693166418642432,0.0004716689505996124,0.0584884717981444,0.0,0.7320539265080707,0.0
0.10858385925801875,0.7037683442341695,0.016962393212306446,0.016514966368294838,0.04755775002558366,0.7026140037301256,0.016651317623535333,0.10858385925801875,0.7037683442341695,0.016962393212306446,0.016514966368294838,0.04755775002558366,0.7026140037301256,0.016651317623535333
0.01601635021114992,0.6879464232524964,0.017144963722526944,0.07576949934487513,0.045971552736926324,0.720145106326851,0.015114735733465593,0.01601635021114992,0.6879464232524964,0.017144963722526944,0.07576949934487513,0.045971552736926324,0.720145106326851,0.015114735733465593
0.016680839653531305,0.6891449312636034,0.04718504925373655,0.047241116389031654,0.016535622821584117,0.7199146764680296,0.04693371498350641,0.016680839653531305,0.6891449312636034,0.04718504925373655,0.047241116389031654,0.016535622821584117,0.7199146764680296,0.04693371498350641
0.18813742704443218,0.6929072068141947,0.06122478674198488,0.0,0.0,0.6939517632057578,2.6848282875873126e-8,0.18813742704443218,0.6929072068141947,0.06122478674198488,0.0,0.0,0.6939517632057578,2.6848282875873126e-8
0.05706844584766964,0.7051535624513998,0.0,0.0,2.8694156453555076e-8,0.7047588289309312,0.057182366217190556,0.05706844584766964,0.7051535624513998,0.0,0.0,2.8694156453555076e-8,0.7047588289309312,0.057182366217190556
4.3188750109017214e-17,0.7053258153957027,0.05732071550572182,0.0,0.057278819447095,0.7047018953133104,0.0,4.3188750109017214e-17,0.7053258153957027,0.05732071550572182,0.0,0.057278819447095,0.7047018953133104,0.0
4.493834409724447e-17,0.7338988535883537,0.05958504129820898,0.0,0.12096482256294035,0.6760641205523024,9.200086900993437e-9,4.493834409724447e-17,0.7338988535883537,0.05958504129820898,0.0,0.12096482256294035,0.6760641205523024,9.200086900993437e-9
4.2541744166384683e-17,0.694759406483631,0.06196710733648445,0.0,0.0,0.693834867022706,0.18098939592891208,4.2541744166384683e-17,0.694759406483631,0.06196710733648445,0.0,0.0,0.693834867022706,0.18098939592891208
4.2861964374258815e-17,0.6999889993441535,0.061534749078415316,0.0,0.12225821270330628,0.699660532507928,0.06054857864922305,4.2861964374258815e-17,0.6999889993441535,0.061534749078415316,0.0,0.12225821270330628,0.699660532507928,0.06054857864922305
0.04875570330108471,0.7042591720626121,0.016721212250697896,0.01672936901836756,0.04638267802370906,0.7039541040765651,0.07852789292524019,0.04875570330108471,0.7042591720626121,0.016721212250697896,0.01672936901836756,0.04638267802370906,0.7039541040765651,0.07852789292524019
4.119710296861759e-17,0.6727997492387294,0.05983840274434351,0.05938208580915405,0.0,0.7327347286101301,0.06025965813049935,4.119710296861759e-17,0.6727997492387294,0.05983840274434351,0.05938208580915405,0.0,0.7327347286101301,0.06025965813049935
0.07585705877789822,0.7190489673488089,0.016936308838076276,0.017080597464991853,0.04711401923471204,0.6895674655827078,0.017014636468083707,0.07585705877789822,0.7190489673488089,0.016936308838076276,0.017080597464991853,0.04711401923471204,0.6895674655827078,0.017014636468083707
0.01602156025819928,0.719756402856126,0.04632458543404375,0.01783752023165767,0.0764704006624666,0.6879706932206067,0.01746239893235815,0.01602156025819928,0.719756402856126,0.04632458543404375,0.01783752023165767,0.0764704006624666,0.6879706932206067,0.01746239893235815
3.946726823291297e-17,0.6445494041284657,0.05513809555232099,0.056672317492348495,0.0,0.7614974019629527,0.0,3.946726823291297e-17,0.6445494041284657,0.05513809555232099,0.056672317492348495,0.0,0.7614974019629527,0.0
0.17716571267949646,0.7273523605907788,8.507236445890058e-8,4.147688204968418e-6,7.601679169967362e-6,0.6691831653351448,0.0,0.17716571267949646,0.7273523605907788,8.507236445890058e-8,4.147688204968418e-6,7.601679169967362e-6,0.6691831653351448,0.0
0.12295533385005572,0.6984494005595072,0.0,0.06112264458597551,0.06176129774737511,0.7000282360953335,0.0,0.12295533385005572,0.6984494005595072,0.0,0.06112264458597551,0.06176129774737511,0.7000282360953335,0.0
0.07722463318262798,0.6880772525674177,0.017522589334104634,0.04664179397855048,0.0167665747514347,0.7199557091211571,0.016402936738920192,0.07722463318262798,0.6880772525674177,0.017522589334104634,0.04664179397855048,0.0167665747514347,0.7199557091211571,0.016402936738920192
4.114532768090679e-17,0.6719541946225437,0.0,0.11859553338512926,7.378020643108094e-6,0.7298858295155909,0.06065288733610181,4.114532768090679e-17,0.6719541946225437,0.0,0.11859553338512926,7.378020643108094e-6,0.7298858295155909,0.06065288733610181
0.05853200760565665,0.7335256802765641,0.00001012926859931221,0.059428454074179966,0.05978706437190525,0.6725015390460743,4.4035346289756975e-7,0.05853200760565665,0.7335256802765641,0.00001012926859931221,0.059428454074179966,0.05978706437190525,0.6725015390460743,4.4035346289756975e-7
0.1242792356951242,0.6968871413953024,0.0,0.0,0.0623997811815164,0.7025271648289002,0.05944463588268694,0.1242792356951242,0.6968871413953024,0.0,0.0,0.0623997811815164,0.7025271648289002,0.05944463588268694
0.07748304746850666,0.7358285037134427,0.014643050860500094,0.016196405024488353,0.016978779921741127,0.6725543362327256,0.016818414160469884,0.07748304746850666,0.7358285037134427,0.014643050860500094,0.016196405024488353,0.016978779921741127,0.6725543362327256,0.016818414160469884
4.4884929683806364e-17,0.7330265300175856,0.0,0.058733415548923425,2.8878633302801373e-8,0.6778439560647289,0.00002728963207091044,4.4884929683806364e-17,0.7330265300175856,0.0,0.058733415548923425,2.8878633302801373e-8,0.6778439560647289,0.00002728963207091044
4.3204089590163015e-17,0.7055763281338486,3.384936697060459e-6,0.0,0.056990959794378765,0.7044294633027648,0.0578635330574633,4.3204089590163015e-17,0.7055763281338486,3.384936697060459e-6,0.0,0.056990959794378765,0.7044294633027648,0.0578635330574633
0.016911075744810742,0.7170729347242911,0.014051807479713938,0.017233522763936148,0.10805918602542211,0.6898662350678619,0.016655901040532346,0.016911075744810742,0.7170729347242911,0.014051807479713938,0.017233522763936148,0.10805918602542211,0.6898662350678619,0.016655901040532346
0.016829212622780042,0.7029081695614908,0.017373941431581087,0.07695589656682945,0.016616676461740008,0.7023196901219196,0.07801340800448926,0.016829212622780042,0.7029081695614908,0.017373941431581087,0.07695589656682945,0.016616676461740008,0.7023196901219196,0.07801340800448926
4.118938985698402e-17,0.6726737845664836,0.0,0.05933037466703912,0.11839874963133543,0.7295507905876937,2.5067471649151764e-8,4.118938985698402e-17,0.6726737845664836,0.0,0.05933037466703912,0.11839874963133543,0.7295507905876937,2.5067471649151764e-8
0.019005070696722585,0.7453438030990583,0.01806961309425408,0.04781843354330683,0.01812681662114252,0.664469787855779,0.014231412071897109,0.019005070696722585,0.7453438030990583,0.01806961309425408,0.04781843354330683,0.01812681662114252,0.664469787855779,0.014231412071897109
0.0009140048514175421,0.7507353990487269,0.015001765298496486,0.0,0.01668219944716875,0.6637158244271385,0.01340974481952398,0.0009140048514175421,0.7507353990487269,0.015001765298496486,0.0,0.01668219944716875,0.6637158244271385,0.01340974481952398
0.01803555667194385,0.7195907971300551,0.04580345227378637,0.01647225269650045,0.04591953765123208,0.6902036734078978,0.04657088471809567,0.01803555667194385,0.7195907971300551,0.04580345227378637,0.01647225269650045,0.04591953765123208,0.6902036734078978,0.04657088471809567
0.07657615555088829,0.7194244982595988,0.014751427845895192,0.01740787940890678,0.016750004344895687,0.6892759748065276,0.046646049975187856,0.07657615555088829,0.7194244982595988,0.014751427845895192,0.01740787940890678,0.016750004344895687,0.6892759748065276,0.046646049975187856
0.04815560306432362,0.7039166944173916,0.047596476303380354,0.017328143134453796,0.04759244281004854,0.7046496673811521,0.04633462307873857,0.04815560306432362,0.7039166944173916,0.047596476303380354,0.017328143134453796,0.04759244281004854,0.7046496673811521,0.04633462307873857
4.276785733096976e-17,0.6984521146953783,0.0,0.1239485651356561,0.00014001330971863453,0.6953002616941005,0.12292953343718513,4.276785733096976e-17,0.6984521146953783,0.0,0.1239485651356561,0.00014001330971863453,0.6953002616941005,0.12292953343718513
0.10860107469134102,0.7239933924545089,0.04971948138034984,0.0,3.1506698698448723e-7,0.699308087176064,0.0,0.10860107469134102,0.7239933924545089,0.04971948138034984,0.0,3.1506698698448723e-7,0.699308087176064,0.0
0.015382467812103472,0.7003257917850623,0.015851835287833058,0.04807446181928318,0.10789376268935873,0.7037321061760132,0.014325703196412527,0.015382467812103472,0.7003257917850623,0.015851835287833058,0.04807446181928318,0.10789376268935873,0.7037321061760132,0.014325703196412527
0.04691518035539952,0.6902148951394059,0.01630882685911782,0.015169860457428417,0.016451566507604733,0.71720390238225,0.0828901600421507,0.04691518035539952,0.6902148951394059,0.01630882685911782,0.015169860457428417,0.016451566507604733,0.71720390238225,0.0828901600421507
4.446765161414122e-17,0.7262118619850447,0.000019209615107049756,0.17591768621119033,0.0,0.6674139750551311,0.0,4.446765161414122e-17,0.7262118619850447,0.000019209615107049756,0.17591768621119033,0.0,0.6674139750551311,0.0
0.057599852713842895,0.7296781874370426,0.0,0.11924934286749644,7.520699170840245e-8,0.671139787384708,0.0,0.057599852713842895,0.7296781874370426,0.0,0.11924934286749644,7.520699170840245e-8,0.671139787384708,0.0
4.253906674993344e-17,0.6947156809547176,0.06204911008723733,0.18303004717194804,0.0,0.6933667812819989,0.0,4.253906674993344e-17,0.6947156809547176,0.06204911008723733,0.18303004717194804,0.0,0.6933667812819989,0.0
4.079151072849841e-17,0.6661759252855443,0.0,0.0,0.0,0.7247395606160929,0.17674486264842837,4.079151072849841e-17,0.6661759252855443,0.0,0.0,0.0,0.7247395606160929,0.17674486264842837
0.0005724761332147313,0.7012101531394663,0.00005305887508782501,0.16688045482893324,0.016599497592179657,0.6890658103108247,0.07743339243292495,0.0005724761332147313,0.7012101531394663,0.00005305887508782501,0.16688045482893324,0.016599497592179657,0.6890658103108247,0.07743339243292495
0.017200686035457647,0.7063613122195099,0.016946941283015014,0.045615441700345614,0.04570699486627329,0.7048431018811527,0.01623158236953495,0.017200686035457647,0.7063613122195099,0.016946941283015014,0.045615441700345614,0.04570699486627329,0.7048431018811527,0.01623158236953495
0.10758320249690598,0.7033360200576657,0.017069625245963706,0.017288016994342806,0.01675920960134278,0.7009883078918319,0.04535756066157246,0.10758320249690598,0.7033360200576657,0.017069625245963706,0.017288016994342806,0.01675920960134278,0.7009883078918319,0.04535756066157246
4.1188199003752254e-17,0.6726543364573211,0.11851323896760403,0.0591769636138742,3.4594845227870546e-6,0.7300287816682942,0.0,4.1188199003752254e-17,0.6726543364573211,0.11851323896760403,0.0591769636138742,3.4594845227870546e-6,0.7300287816682942,0.0
0.18364531269254616,0.6940361089412302,0.00005627130649065305,2.383924711447009e-6,0.0606228967243298,0.6937060950800533,0.0,0.18364531269254616,0.6940361089412302,0.00005627130649065305,2.383924711447009e-6,0.0606228967243298,0.6937060950800533,0.0
4.472566880265807e-17,0.730425602447952,0.0,0.05798202126656805,0.11919668171971934,0.6709577711697559,0.0,4.472566880265807e-17,0.730425602447952,0.0,0.05798202126656805,0.11919668171971934,0.6709577711697559,0.0
0.059257847509324314,0.6712943724569936,0.118030452454233,0.0,0.0,0.7295232685268597,1.7664160528687917e-6,0.059257847509324314,0.6712943724569936,0.118030452454233,0.0,0.0,0.7295232685268597,1.7664160528687917e-6
0.06126959664898238,0.698148703544691,0.0005432277128354929,0.06133412322665959,0.0,0.7004672588798705,0.12370861791201498,0.06126959664898238,0.698148703544691,0.0005432277128354929,0.06133412322665959,0.0,0.7004672588798705,0.12370861791201498
0.056753922738890544,0.6454974236169692,0.0,9.054897267989031e-7,0.05696657088044433,0.7599982950904033,0.00004452456236727987,0.056753922738890544,0.6454974236169692,0.0,9.054897267989031e-7,0.05696657088044433,0.7599982950904033,0.00004452456236727987
5.604915085558774e-7,0.7611052590763385,0.0,0.1145346602889174,0.0,0.6465601034031105,0.000010585597322640204,5.604915085558774e-7,0.7611052590763385,0.0,0.1145346602889174,0.0,0.6465601034031105,0.000010585597322640204
0.017409081472484954,0.7030024510152484,0.07826604505075198,0.017294624215668825,0.017226770504842386,0.7025925464482242,0.07770641586514188,0.017409081472484954,0.7030024510152484,0.07826604505075198,0.017294624215668825,0.017226770504842386,0.7025925464482242,0.07770641586514188
4.310535305354987e-17,0.7039638381215139,0.0,0.11382876024836638,0.0,0.7016033562400297,0.000033932315532632,4.310535305354987e-17,0.7039638381215139,0.0,0.11382876024836638,0.0,0.7016033562400297,0.000033932315532632
0.05203358786304914,0.6927096498986196,0.0003693753102370204,0.18228220483047117,0.0,0.6962782384578051,0.0,0.05203358786304914,0.6927096498986196,0.0003693753102370204,0.18228220483047117,0.0,0.6962782384578051,0.0
4.329498418492405e-17,0.7070607495168028,0.06120117459167976,0.04761896682683959,0.05198952012834368,0.6998210944665834,0.05977371935640663,4.329498418492405e-17,0.7070607495168028,0.06120117459167976,0.04761896682683959,0.05198952012834368,0.6998210944665834,0.05977371935640663
0.18305635455428387,0.6940442918998472,0.000055995052994372374,0.0,0.0,0.6937523616587922,0.061215544373251975,0.18305635455428387,0.6940442918998472,0.000055995052994372374,0.0,0.0,0.6937523616587922,0.061215544373251975
0.016381825404822446,0.7347960168628735,0.045373714577381694,0.04631144184086189,0.018419647529896235,0.6761847879120328,0.01608884612956899,0.016381825404822446,0.7347960168628735,0.045373714577381694,0.04631144184086189,0.018419647529896235,0.6761847879120328,0.01608884612956899
0.05442407413069012,0.6748001747503687,0.04211581658521958,0.00003486880290717369,0.07204757025838053,0.7346894279180768,0.0,0.05442407413069012,0.6748001747503687,0.04211581658521958,0.00003486880290717369,0.07204757025838053,0.7346894279180768,0.0
0.017441556775423157,0.7190284037867143,0.016890213579869737,0.047535350682774,0.01725939576388046,0.6890253056524348,0.07614561127084142,0.017441556775423157,0.7190284037867143,0.016890213579869737,0.047535350682774,0.01725939576388046,0.6890253056524348,0.07614561127084142
4.440062307871405e-17,0.7251172029294894,1.5102471052009652e-6,0.00007946231541283088,2.8065996680212055e-11,0.6665902122706773,0.17598659522461965,4.440062307871405e-17,0.7251172029294894,1.5102471052009652e-6,0.00007946231541283088,2.8065996680212055e-11,0.6665902122706773,0.17598659522461965
3.5566089260688756e-6,0.7357259377184476,0.0020828788789469333,1.0825842395553414e-15,0.05418633282636798,0.6775748894716674,0.0,3.5566089260688756e-6,0.7357259377184476,0.0020828788789469333,1.0825842395553414e-15,0.05418633282636798,0.6775748894716674,0.0
0.016819537486070235,0.6883644231734156,0.017553466951340326,0.01724647005384545,0.0771674971712091,0.7192845099861161,0.04549393407605973,0.016819537486070235,0.6883644231734156,0.017553466951340326,0.01724647005384545,0.0771674971712091,0.7192845099861161,0.04549393407605973
0.048643184155545416,0.7040645177904425,0.01709376445411383,0.07718841631038476,0.04982318408176558,0.7029204674974516,0.01668963774735748,0.048643184155545416,0.7040645177904425,0.01709376445411383,0.07718841631038476,0.04982318408176558,0.7029204674974516,0.01668963774735748
4.4421658505657175e-17,0.7254607375217943,0.00005625817385523875,0.0,0.17525247644344288,0.6663999931120509,3.6623077622817636e-7,4.4421658505657175e-17,0.7254607375217943,0.00005625817385523875,0.0,0.17525247644344288,0.6663999931120509,3.6623077622817636e-7
0.015939898148738474,0.7160916553404653,0.07839955990882519,0.01822102147671754,0.04634878865601551,0.6920454345989684,0.01584430930571451,0.015939898148738474,0.7160916553404653,0.07839955990882519,0.01822102147671754,0.04634878865601551,0.6920454345989684,0.01584430930571451
5.784030097000604e-9,0.6455076777368267,0.0,0.0,0.05630610797352109,0.7599662038745145,0.0572305500430286,5.784030097000604e-9,0.6455076777368267,0.0,0.0,0.05630610797352109,0.7599662038745145,0.0572305500430286
0.04481015526756617,0.720558831322895,0.016278531484416558,0.016661938639115338,0.016331980244913516,0.693133857430486,0.016407398693816445,0.04481015526756617,0.720558831322895,0.016278531484416558,0.016661938639115338,0.016331980244913516,0.693133857430486,0.016407398693816445
3.805737845371436e-17,0.6215241566827495,0.05507716132038783,2.6004187939860415e-7,0.00031246711626512413,0.7823242240446949,0.0,3.805737845371436e-17,0.6215241566827495,0.05507716132038783,2.6004187939860415e-7,0.00031246711626512413,0.7823242240446949,0.0
4.632050770455938e-17,0.7564712982846895,0.0,9.474755162332594e-6,0.11340313299883663,0.6444845977338032,0.0,4.632050770455938e-17,0.7564712982846895,0.0,9.474755162332594e-6,0.11340313299883663,0.6444845977338032,0.0
0.07869923143427301,0.702924930071231,0.017477901316093156,0.07653718215320457,0.01671387182795119,0.7064277450410786,0.01661576896877949,0.07869923143427301,0.702924930071231,0.017477901316093156,0.07653718215320457,0.01671387182795119,0.7064277450410786,0.01661576896877949
0.016900917326368704,0.7214704406988413,0.07656916675891119,0.016756236492155952,0.016915446093803146,0.6910633140601573,0.047100142164020885,0.016900917326368704,0.7214704406988413,0.07656916675891119,0.016756236492155952,0.016915446093803146,0.6910633140601573,0.047100142164020885
3.1827600957701055e-8,0.6946349103345206,8.68077568418161e-6,0.0,0.059906458203083386,0.6938484330937097,0.18355383715923385,3.1827600957701055e-8,0.6946349103345206,8.68077568418161e-6,0.0,0.059906458203083386,0.6938484330937097,0.18355383715923385
0.06140531545947893,0.696079879015055,0.0001528340632399255,3.3053565023484957e-6,0.1833378870746644,0.692463982311054,0.00040983386139747295,0.06140531545947893,0.696079879015055,0.0001528340632399255,3.3053565023484957e-6,0.1833378870746644,0.692463982311054,0.00040983386139747295
0.015735205618971886,0.7100667444400467,0.10707253570065978,0.04802566483654992,0.015907706584755595,0.6941534101649569,0.017436259331454193,0.015735205618971886,0.7100667444400467,0.10707253570065978,0.04802566483654992,0.015907706584755595,0.6941534101649569,0.017436259331454193
0.017711444594537565,0.7013714063176463,0.017364211249304613,0.017625478995652685,0.01676344841077369,0.7000889956754534,0.13640693059077955,0.017711444594537565,0.7013714063176463,0.017364211249304613,0.017625478995652685,0.01676344841077369,0.7000889956754534,0.13640693059077955
0.05705133364953116,0.7595095971977094,0.05808984912826338,2.247527352538078e-6,0.0,0.6463486308324641,0.0,0.05705133364953116,0.7595095971977094,0.05808984912826338,2.247527352538078e-6,0.0,0.6463486308324641,0.0
4.329862282411467e-17,0.7071201730043447,0.015126896059772655,0.07710007353438175,0.018085691182001512,0.7040586537552427,0.016167393219071572,4.329862282411467e-17,0.7071201730043447,0.015126896059772655,0.07710007353438175,0.018085691182001512,0.7040586537552427,0.016167393219071572
0.04330151002039264,0.7199040691856955,0.07631557513931972,0.01678476293077486,0.01722630851472639,0.6881599732378377,0.01550455967956028,0.04330151002039264,0.7199040691856955,0.07631557513931972,0.01678476293077486,0.01722630851472639,0.6881599732378377,0.01550455967956028
0.05810173880363571,0.7316466702524791,0.05650566597442668,0.05961533501041205,0.0,0.6744377004780363,0.00021787023479006272,0.05810173880363571,0.7316466702524791,0.05650566597442668,0.05961533501041205,0.0,0.6744377004780363,0.00021787023479006272
0.014911699004577197,0.6764974336533096,0.014945208134172255,0.07298655763504666,0.015188501509924512,0.7343402341195291,0.01637534525382129,0.014911699004577197,0.6764974336533096,0.014945208134172255,0.07298655763504666,0.015188501509924512,0.7343402341195291,0.01637534525382129
0.04576486664218474,0.7337594259529092,0.047524228265091256,0.01713024333715249,0.01692964937321573,0.6760983422803646,0.01677875216150038,0.04576486664218474,0.7337594259529092,0.047524228265091256,0.01713024333715249,0.01692964937321573,0.6760983422803646,0.01677875216150038
0.015287159249953245,0.6897318739851611,0.07657799565683637,0.01588327703035325,0.016509426636376865,0.7191512716936038,0.04695945262287306,0.015287159249953245,0.6897318739851611,0.07657799565683637,0.01588327703035325,0.016509426636376865,0.7191512716936038,0.04695945262287306
4.4729100814854775e-17,0.7304816514605994,0.0,0.0,0.05909420416987261,0.6710817951805236,0.11862439821420019,4.4729100814854775e-17,0.7304816514605994,0.0,0.0,0.05909420416987261,0.6710817951805236,0.11862439821420019
0.10686939501571326,0.6857058080915354,0.017276730094137122,0.017034975912742917,0.01523280853750103,0.7197113574904171,0.0167043023347102,0.10686939501571326,0.6857058080915354,0.017276730094137122,0.017034975912742917,0.01523280853750103,0.7197113574904171,0.0167043023347102
0.059705957459270854,0.6718397624215413,0.05992493847784344,0.0,0.0,0.7351252345014583,0.05866961164769703,0.059705957459270854,0.6718397624215413,0.05992493847784344,0.0,0.0,0.7351252345014583,0.05866961164769703
0.04667821620906685,0.6898147000722182,0.017233391038125316,0.017581523975211618,0.04703150936775183,0.7195214485816199,0.046657493044883036,0.04667821620906685,0.6898147000722182,0.017233391038125316,0.017581523975211618,0.04703150936775183,0.7195214485816199,0.046657493044883036
1.2917388172057523e-9,0.7601637970700007,0.05644791892139571,0.05623295026007642,0.0,0.6453993926974219,0.0,1.2917388172057523e-9,0.7601637970700007,0.05644791892139571,0.05623295026007642,0.0,0.6453993926974219,0.0
3.941780931132778e-17,0.643741678641907,0.11260904914203183,0.0,0.0,0.7575299271146,0.0,3.941780931132778e-17,0.643741678641907,0.11260904914203183,0.0,0.0,0.7575299271146,0.0
0.01580928641444964,0.7173835836613008,0.04609953432867987,0.07838475828602136,0.023384039421826625,0.6905070638466286,0.01639260539537566,0.01580928641444964,0.7173835836613008,0.04609953432867987,0.07838475828602136,0.023384039421826625,0.6905070638466286,0.01639260539537566
0.04719656048366585,0.7029774836315849,0.016979816047487804,0.017643433894110633,0.01689577254199504,0.7011425914874386,0.10729248947946857,0.04719656048366585,0.7029774836315849,0.016979816047487804,0.017643433894110633,0.01689577254199504,0.7011425914874386,0.10729248947946857
3.955557856204725e-17,0.6459916212509171,0.000010444383727422513,0.05604462048709302,0.05520166334696846,0.7599710942643515,0.00002106340662315504,3.955557856204725e-17,0.6459916212509171,0.000010444383727422513,0.05604462048709302,0.05520166334696846,0.7599710942643515,0.00002106340662315504
3.9875187823798617e-8,0.7324299552369935,0.05877445144325321,0.00003733696244960173,0.0,0.67285710115321,0.11858681374605,3.9875187823798617e-8,0.7324299552369935,0.05877445144325321,0.00003733696244960173,0.0,0.67285710115321,0.11858681374605
0.04617697962472424,0.6906572141303347,0.046024753502918396,0.04588927257701143,0.01636127052922863,0.7195651096120395,0.016554938204837055,0.04617697962472424,0.6906572141303347,0.046024753502918396,0.04588927257701143,0.01636127052922863,0.7195651096120395,0.016554938204837055
0.12291069792327179,0.6956274475063116,0.0,0.12211211502443722,0.0003074023573836174,0.7023583004504977,0.0,0.12291069792327179,0.6956274475063116,0.0,0.12211211502443722,0.0003074023573836174,0.7023583004504977,0.0
0.01768572524258578,0.718728060110775,0.016979098430965144,0.046358744012214015,0.07704481509154949,0.6906586161308641,0.04631920886562114,0.01768572524258578,0.718728060110775,0.016979098430965144,0.046358744012214015,0.07704481509154949,0.6906586161308641,0.04631920886562114
0.017290875861160005,0.7041338051621511,0.07460846972218008,0.06411503905989221,0.014199512896659808,0.7064009481254612,0.01252845611434833,0.017290875861160005,0.7041338051621511,0.07460846972218008,0.06411503905989221,0.014199512896659808,0.7064009481254612,0.01252845611434833
