f_1,f_2,f_3,f_4,f_5,f_6,f_7,f_1_min,f_2_min,f_3_min,f_4_min,f_5_min,f_6_min,f_7_min
0.034917790674009686,0.043205904747517114,0.03834485735982756,0.046627165834163126,0.0008882390854815098,0.022561889628282216,13.767774112514212,0.034917790674009686,0.043205904747517114,0.03834485735982756,0.046627165834163126,0.0008882390854815098,0.022561889628282216,13.767774112514212
0.007835983731640099,0.08533101780440766,0.094836084596885,0.0955016493689202,0.009499508476063404,0.024767703431944496,13.654953562545213,0.007835983731640099,0.08533101780440766,0.094836084596885,0.0955016493689202,0.009499508476063404,0.024767703431944496,13.654953562545213
0.08541569879857583,0.027648628223582265,0.0005468957423215431,0.10241543548691928,0.02999084846728836,0.02283895543682339,13.674801731709099,0.08541569879857583,0.027648628223582265,0.0005468957423215431,0.10241543548691928,0.02999084846728836,0.02283895543682339,13.674801731709099
0.09987712055703787,0.09639821916677993,0.013038331521371758,0.10108278097690893,0.09298644687398364,0.023562070669693853,13.429952873031276,0.09987712055703787,0.09639821916677993,0.013038331521371758,0.10108278097690893,0.09298644687398364,0.023562070669693853,13.429952873031276
0.03495550637895721,0.026765864565265772,0.009162443560777197,0.001657438155468479,0.03680868347669254,0.023386379557576102,13.872012524098004,0.03495550637895721,0.026765864565265772,0.009162443560777197,0.001657438155468479,0.03680868347669254,0.023386379557576102,13.872012524098004
0.10051242062259252,0.09455789233573025,0.03261114770193574,0.033145851366780485,0.10177207623139614,0.024334252702522575,13.383648486758785,0.10051242062259252,0.09455789233573025,0.03261114770193574,0.033145851366780485,0.10177207623139614,0.024334252702522575,13.383648486758785
0.0,0.026681292321258248,0.1048182588218323,0.09986711456762645,0.09152285282045866,0.02121294447012409,13.945345495018884,0.0,0.026681292321258248,0.1048182588218323,0.09986711456762645,0.09152285282045866,0.02121294447012409,13.945345495018884
0.022127812942324757,0.0015533532096701635,0.0058982472159077245,0.09593953772329873,0.09802446758481537,0.022656710977997374,13.852244708990046,0.022127812942324757,0.0015533532096701635,0.0058982472159077245,0.09593953772329873,0.09802446758481537,0.022656710977997374,13.852244708990046
0.0015333154944495164,0.015230354446805844,0.1098234748175573,0.0,0.09333745809322364,0.0229270217054027,13.790963767988629,0.0015333154944495164,0.015230354446805844,0.1098234748175573,0.0,0.09333745809322364,0.0229270217054027,13.790963767988629
0.03621252192967231,0.02475749079208467,0.09375027077075598,0.04470972149415475,0.08182592074087758,0.023924852483928314,13.736616463315682,0.03621252192967231,0.02475749079208467,0.09375027077075598,0.04470972149415475,0.08182592074087758,0.023924852483928314,13.736616463315682
0.03188479688365678,0.004525151254445331,0.05403357733182086,0.04967970092710311,0.037951103446622336,0.021276570514981323,13.863497216755148,0.03188479688365678,0.004525151254445331,0.05403357733182086,0.04967970092710311,0.037951103446622336,0.021276570514981323,13.863497216755148
0.03706895335258999,0.0019639868558047786,0.10229021756167676,0.09450935758743778,0.009482095447789773,0.02030285395872239,13.743196328833275,0.03706895335258999,0.0019639868558047786,0.10229021756167676,0.09450935758743778,0.009482095447789773,0.02030285395872239,13.743196328833275
0.0005960269189620639,0.09443110308819147,0.02793395497897322,0.09550161127237283,0.009953916385607331,0.024680358189536275,13.664747140789338,0.0005960269189620639,0.09443110308819147,0.02793395497897322,0.09550161127237283,0.009953916385607331,0.024680358189536275,13.664747140789338
0.10114250363908667,0.023014511807349848,0.1057598484667747,0.040769338028594664,0.004905555315576765,0.021157823085657862,13.615614665245964,0.10114250363908667,0.023014511807349848,0.1057598484667747,0.040769338028594664,0.004905555315576765,0.021157823085657862,13.615614665245964
0.00004087668113749565,0.028276352881174943,0.05448504899016436,0.03818864138166697,0.03609764622218214,0.024351322704319445,13.78463099236663,0.00004087668113749565,0.028276352881174943,0.05448504899016436,0.03818864138166697,0.03609764622218214,0.024351322704319445,13.78463099236663
0.09900956152145503,0.020896482709393528,0.107407896808438,0.10777859033968307,0.10003640597850252,0.020762965053677855,13.550101885887146,0.09900956152145503,0.020896482709393528,0.107407896808438,0.10777859033968307,0.10003640597850252,0.020762965053677855,13.550101885887146
0.09922797259363318,0.0096773177179817,0.0,0.0015609419777189715,0.09876840626853656,0.02335966811655263,13.652346726713171,0.09922797259363318,0.0096773177179817,0.0,0.0015609419777189715,0.09876840626853656,0.02335966811655263,13.652346726713171
0.010382005259802912,0.087566702342934,0.10387644717141392,0.10060572897734485,0.022359397227214278,0.02121903136417662,13.58316948322737,0.010382005259802912,0.087566702342934,0.10387644717141392,0.10060572897734485,0.022359397227214278,0.02121903136417662,13.58316948322737
0.04828429448952595,0.041025474542891974,0.02960191499158663,0.0445075636997576,0.03817769918251012,0.02275590267852451,13.74250213812995,0.04828429448952595,0.041025474542891974,0.02960191499158663,0.0445075636997576,0.03817769918251012,0.02275590267852451,13.74250213812995
0.00018237038782935886,0.02491008459410901,0.0005090990318837932,0.04443357634378693,0.039669713678774324,0.021379548303589853,13.959734614469689,0.00018237038782935886,0.02491008459410901,0.0005090990318837932,0.04443357634378693,0.039669713678774324,0.021379548303589853,13.959734614469689
0.02194950561283328,0.08595765376233902,0.0028361448810083484,0.09696195123055522,0.09203805365905826,0.024722073468727575,13.6108178505899,0.02194950561283328,0.08595765376233902,0.0028361448810083484,0.09696195123055522,0.09203805365905826,0.024722073468727575,13.6108178505899
0.006566744215094476,0.0,1.73072173370592e-6,0.03149783442608044,0.0,0.021763767511563607,13.994301591739266,0.006566744215094476,0.0,1.73072173370592e-6,0.03149783442608044,0.0,0.021763767511563607,13.994301591739266
0.03253046446976636,0.09159645952487419,0.10292597705140445,0.0,0.0929512500579803,0.023411643758817782,13.503489268250659,0.03253046446976636,0.09159645952487419,0.10292597705140445,0.0,0.0929512500579803,0.023411643758817782,13.503489268250659
0.00824920343927682,0.019289042839419603,0.0006196097382316981,0.04076933802859468,0.09267076342013367,0.021191086239421106,13.825061515429297,0.00824920343927682,0.019289042839419603,0.0006196097382316981,0.04076933802859468,0.09267076342013367,0.021191086239421106,13.825061515429297
0.04652712478716106,0.004525151254445331,0.054033577331820855,0.04967970092710311,0.037691205888664245,0.021378222994830554,13.80960647741802,0.04652712478716106,0.004525151254445331,0.054033577331820855,0.04967970092710311,0.037691205888664245,0.021378222994830554,13.80960647741802
0.1002032880579865,0.02869885548695051,0.005319928895238595,0.10727705720310397,0.09834950227722258,0.021070131843353872,13.562272451082881,0.1002032880579865,0.02869885548695051,0.005319928895238595,0.10727705720310397,0.09834950227722258,0.021070131843353872,13.562272451082881
0.03423894230649066,0.08811282712852361,0.0,0.0006029192689507232,0.09254861108113124,0.023389516810763955,13.647665307759551,0.03423894230649066,0.08811282712852361,0.0,0.0006029192689507232,0.09254861108113124,0.023389516810763955,13.647665307759551
0.09853807562967191,0.0005016153569133638,0.10811420140911135,0.10725798718764595,0.0010713845641664443,0.021203057333432977,13.40515059979464,0.09853807562967191,0.0005016153569133638,0.10811420140911135,0.10725798718764595,0.0010713845641664443,0.021203057333432977,13.40515059979464
0.04581940858431077,0.003512539144910995,0.0007458293902086743,0.04352610722736697,0.025183877338736643,0.01881840726516114,13.832801563080809,0.04581940858431077,0.003512539144910995,0.0007458293902086743,0.04352610722736697,0.025183877338736643,0.01881840726516114,13.832801563080809
0.00043822059681518366,0.028242397117524128,0.0,0.0,0.0,0.02346503367805346,13.965068547510546,0.00043822059681518366,0.028242397117524128,0.0,0.0,0.0,0.02346503367805346,13.965068547510546
0.10182787079894956,0.019901288009892902,0.09823948138600824,0.007861990439825717,0.005178757322181343,0.024168903174726503,13.926586160165721,0.10182787079894956,0.019901288009892902,0.09823948138600824,0.007861990439825717,0.005178757322181343,0.024168903174726503,13.926586160165721
0.00016864221916196992,0.027285531210794474,0.01662502874466408,0.03946416664680369,0.0008521103629176175,0.02007423279633357,13.87120860195038,0.00016864221916196992,0.027285531210794474,0.01662502874466408,0.03946416664680369,0.0008521103629176175,0.02007423279633357,13.87120860195038
0.0,0.03154170547072825,0.0952952766687528,0.09486627184093455,0.08519273315410326,0.024699540555877763,13.753634776651657,0.0,0.03154170547072825,0.0952952766687528,0.09486627184093455,0.08519273315410326,0.024699540555877763,13.753634776651657
0.008671674885881497,0.09507564072136637,0.0,0.031837277824495,0.09063236258276328,0.023760359365188718,13.88984796754909,0.008671674885881497,0.09507564072136637,0.0,0.031837277824495,0.09063236258276328,0.023760359365188718,13.88984796754909
0.0,0.0,0.0,0.0,0.0,0.0,14.001707770473537,0.0,0.0,0.0,0.0,0.0,0.0,14.001707770473537
0.03333579911601922,0.09075890203446482,0.09935690209731982,0.00851122546300263,0.0961579007971107,0.021265369627725884,13.490236571005743,0.03333579911601922,0.09075890203446482,0.09935690209731982,0.00851122546300263,0.0961579007971107,0.021265369627725884,13.490236571005743
0.008312992196121385,0.0015533532096701566,0.10097390664611261,0.09593953772329873,0.09802291363893142,0.022656710977997374,13.613726997480724,0.008312992196121385,0.0015533532096701566,0.10097390664611261,0.09593953772329873,0.09802291363893142,0.022656710977997374,13.613726997480724
0.04688287146362152,0.023014511807349848,0.0006196097382316981,0.04076933802859467,0.0,0.021157823085657862,13.925713339968901,0.04688287146362152,0.023014511807349848,0.0006196097382316981,0.04076933802859467,0.0,0.021157823085657862,13.925713339968901
0.10049305792998237,0.091996605331129,0.10015859792519696,0.04839767177793125,0.0,0.023431346272697565,13.609789612749926,0.10049305792998237,0.091996605331129,0.10015859792519696,0.04839767177793125,0.0,0.023431346272697565,13.609789612749926
0.10046810429427172,0.091996605331129,0.04271438859644732,0.02795657985791569,0.0,0.02120321271286548,13.624550359153618,0.10046810429427172,0.091996605331129,0.04271438859644732,0.02795657985791569,0.0,0.02120321271286548,13.624550359153618
0.09789716512693915,0.10211010495301989,0.006822789222927256,0.008752394828928395,0.011474039414167518,0.01997959065044829,13.591345467669381,0.09789716512693915,0.10211010495301989,0.006822789222927256,0.008752394828928395,0.011474039414167518,0.01997959065044829,13.591345467669381
0.09900956152145501,0.0944122705130314,0.10785887707043651,4.303152096971075e-6,0.10003640597850252,0.023667667441647534,13.47096419852769,0.09900956152145501,0.0944122705130314,0.10785887707043651,4.303152096971075e-6,0.10003640597850252,0.023667667441647534,13.47096419852769
0.09810845913294441,0.1021098993574748,0.10753684117653761,0.8643181738588144,0.10195852943032954,0.0007231246614241987,11.562896795522585,0.09810845913294441,0.1021098993574748,0.10753684117653761,0.8643181738588144,0.10195852943032954,0.0007231246614241987,11.562896795522585
0.0,0.02821167405793889,0.0433839607921999,0.027252003151894542,0.04028665039097642,0.024351322704319445,13.861880309090935,0.0,0.02821167405793889,0.0433839607921999,0.027252003151894542,0.04028665039097642,0.024351322704319445,13.861880309090935
0.09801399011919257,0.08140215672716268,0.0007702424306931452,0.034875115501305815,0.0,0.029122760223669976,13.68306176647815,0.09801399011919257,0.08140215672716268,0.0007702424306931452,0.034875115501305815,0.0,0.029122760223669976,13.68306176647815
0.10704980721805743,0.025272621962234523,0.1076242971126315,0.09424065869635051,0.10020955494603212,0.014188338507213471,13.220154077549788,0.10704980721805743,0.025272621962234523,0.1076242971126315,0.09424065869635051,0.10020955494603212,0.014188338507213471,13.220154077549788
0.04365828031087688,0.0005175555971351949,0.05419903903939432,0.039097501455009925,0.04661166403847919,0.02004648246978477,13.803533418009183,0.04365828031087688,0.0005175555971351949,0.05419903903939432,0.039097501455009925,0.04661166403847919,0.02004648246978477,13.803533418009183
0.0015916803005285585,0.09133485457291113,0.0008662696770402739,0.013485868226082045,0.019716186986446838,0.021123687757071217,13.779708707462508,0.0015916803005285585,0.09133485457291113,0.0008662696770402739,0.013485868226082045,0.019716186986446838,0.021123687757071217,13.779708707462508
0.04581940858431077,0.003512539144910995,0.0007458293902086743,0.043526107227366974,0.025183877338736643,0.02444394176470298,13.824593630853762,0.04581940858431077,0.003512539144910995,0.0007458293902086743,0.043526107227366974,0.025183877338736643,0.02444394176470298,13.824593630853762
0.0029510118560539395,0.028211674057938896,0.025579867331447972,0.0021021781323589447,0.040286650390976425,0.02265599394611638,13.922396349180522,0.0029510118560539395,0.028211674057938896,0.025579867331447972,0.0021021781323589447,0.040286650390976425,0.02265599394611638,13.922396349180522
0.032780207045787664,0.054000847257992535,0.05535164605773067,0.021808411151385904,0.0460400307508382,0.020094254865104164,13.801460877974073,0.032780207045787664,0.054000847257992535,0.05535164605773067,0.021808411151385904,0.0460400307508382,0.020094254865104164,13.801460877974073
0.1020137238238394,0.8628105018208434,0.10368664122417764,0.10946000534982678,0.09874664170287256,0.0,11.55381204519636,0.1020137238238394,0.8628105018208434,0.10368664122417764,0.10946000534982678,0.09874664170287256,0.0,11.55381204519636
0.036379818344717624,0.015691237872761377,0.085965182279284,0.09789759655346808,0.00352564297682377,0.02336435198983143,13.661249556377486,0.036379818344717624,0.015691237872761377,0.085965182279284,0.09789759655346808,0.00352564297682377,0.02336435198983143,13.661249556377486
0.00018523222620200896,0.02491008459410901,0.029387983384021266,0.04606930656889324,0.037810334140228614,0.021446139846299096,13.934756261601356,0.00018523222620200896,0.02491008459410901,0.029387983384021266,0.04606930656889324,0.037810334140228614,0.021446139846299096,13.934756261601356
0.09774238699038941,0.030407185910145317,0.11392224538097787,0.0007608523128289496,0.00034002369063160925,0.021606419711371568,13.57047542613353,0.09774238699038941,0.030407185910145317,0.11392224538097787,0.0007608523128289496,0.00034002369063160925,0.021606419711371568,13.57047542613353
0.09702545449603364,0.019357575255064582,0.004892260567055426,0.10020271443072816,0.09189119876975098,0.024101457133090136,13.717414017876944,0.09702545449603364,0.019357575255064582,0.004892260567055426,0.10020271443072816,0.09189119876975098,0.024101457133090136,13.717414017876944
0.06938603550853933,0.0017913839414906013,0.029589930130267054,0.04472473471871975,0.07739187953681029,0.023670747651400936,13.66188404953195,0.06938603550853933,0.0017913839414906013,0.029589930130267054,0.04472473471871975,0.07739187953681029,0.023670747651400936,13.66188404953195
0.09162253377954538,0.09232498773486275,0.09671126893916815,0.005106411194481769,0.0,0.02232007060521075,13.571197479593438,0.09162253377954538,0.09232498773486275,0.09671126893916815,0.005106411194481769,0.0,0.02232007060521075,13.571197479593438
0.8603019222421389,0.12486414520874278,0.10397617067020848,0.1135359909885277,0.11530473165691317,0.001298657656347707,11.445606057107726,0.8603019222421389,0.12486414520874278,0.10397617067020848,0.1135359909885277,0.11530473165691317,0.001298657656347707,11.445606057107726
0.11086635584399476,0.10197790681836905,0.8615978957482069,0.10947093285760583,0.11530473165691316,0.0012775012375432597,11.494140025467948,0.11086635584399476,0.10197790681836905,0.8615978957482069,0.10947093285760583,0.11530473165691316,0.0012775012375432597,11.494140025467948
0.033501849373836816,0.09219060971408605,0.10293880722849899,0.00003600458816416436,0.002236048309798039,0.021206521226903814,13.712309839872788,0.033501849373836816,0.09219060971408605,0.10293880722849899,0.00003600458816416436,0.002236048309798039,0.021206521226903814,13.712309839872788
0.04816530391580853,0.028810273521234664,0.02693207641155193,0.014933409719363477,0.038735114116306,0.022761734769526892,13.817020204683924,0.04816530391580853,0.028810273521234664,0.02693207641155193,0.014933409719363477,0.038735114116306,0.022761734769526892,13.817020204683924
0.03333579911601922,0.0018726689955915823,0.09867019974931177,0.0,0.0961579007971107,0.021265369627725884,13.895478569906665,0.03333579911601922,0.0018726689955915823,0.09867019974931177,0.0,0.0961579007971107,0.021265369627725884,13.895478569906665
0.10014991987169103,0.0016122623556570279,0.004262610313161122,0.10162065521055187,0.09872672233519766,0.03213020828813093,13.540730770858081,0.10014991987169103,0.0016122623556570279,0.004262610313161122,0.10162065521055187,0.09872672233519766,0.03213020828813093,13.540730770858081
0.09179145501079997,0.09509597958310145,0.09550421316685614,0.1107707587343654,0.09468666124986817,0.02436844385087855,13.246164024856936,0.09179145501079997,0.09509597958310145,0.09550421316685614,0.1107707587343654,0.09468666124986817,0.02436844385087855,13.246164024856936
0.000250960787919266,0.02668325983120614,0.015752025209630628,0.09144786135803445,0.0008521103629176158,0.020066785902169596,13.9279748036389,0.000250960787919266,0.02668325983120614,0.015752025209630628,0.09144786135803445,0.0008521103629176158,0.020066785902169596,13.9279748036389
0.11093943418934937,0.10318819462214271,0.10732552802756226,0.09504578491903162,0.8553147928367155,0.0031652421779159307,11.545180716336466,0.11093943418934937,0.10318819462214271,0.10732552802756226,0.09504578491903162,0.8553147928367155,0.0031652421779159307,11.545180716336466
0.037027478360914336,0.08595765376233902,0.09829913609923416,0.09701866187760766,0.09203805365905826,0.024722073468727575,13.484421426749329,0.037027478360914336,0.08595765376233902,0.09829913609923416,0.09701866187760766,0.09203805365905826,0.024722073468727575,13.484421426749329
0.0002187571922134396,0.0018705446977031331,0.004258119845543484,0.01204846384931197,0.04073948795148344,0.023860866334254438,13.955345295792071,0.0002187571922134396,0.0018705446977031331,0.004258119845543484,0.01204846384931197,0.04073948795148344,0.023860866334254438,13.955345295792071
0.0,0.027972272380872784,0.04338396079219991,0.027252003151894577,0.0057371094435724225,0.024351322704319445,13.927206267465484,0.0,0.027972272380872784,0.04338396079219991,0.027252003151894577,0.0057371094435724225,0.024351322704319445,13.927206267465484
0.0001330298864802154,0.04106967828061385,0.029376487287020955,0.04429747453199846,0.03782189015530163,0.02147054215464242,13.847949296114507,0.0001330298864802154,0.04106967828061385,0.029376487287020955,0.04429747453199846,0.03782189015530163,0.02147054215464242,13.847949296114507
0.04365828031087689,0.04355101870259896,0.05419903903939431,0.039097501455009925,0.0458528060836045,0.02004648246978477,13.673634653963436,0.04365828031087689,0.04355101870259896,0.05419903903939431,0.039097501455009925,0.0458528060836045,0.02004648246978477,13.673634653963436
0.0957757455592333,0.00026886088093288317,0.10865205266863232,0.11270360088280201,0.09785272084756791,0.032125910283025916,13.23248393073952,0.0957757455592333,0.00026886088093288317,0.10865205266863232,0.11270360088280201,0.09785272084756791,0.032125910283025916,13.23248393073952
0.1017349969019676,0.09332908746054641,0.06936090363960389,0.10946000534982675,0.002074874823399353,0.0235344378091541,13.396727719616857,0.1017349969019676,0.09332908746054641,0.06936090363960389,0.10946000534982675,0.002074874823399353,0.0235344378091541,13.396727719616857
0.0005986551663799342,0.04150464040373453,0.027933954978973233,0.04568260668553284,0.038067305870541024,0.024686470855467418,13.841572428168888,0.0005986551663799342,0.04150464040373453,0.027933954978973233,0.04568260668553284,0.038067305870541024,0.024686470855467418,13.841572428168888
0.0,0.0,0.09835287612245211,0.0,0.002112934356826704,0.023405712421810436,13.902550566841592,0.0,0.0,0.09835287612245211,0.0,0.002112934356826704,0.023405712421810436,13.902550566841592
0.09900956152145501,0.020896482709393528,0.10684631208002923,0.007986017038793931,0.10003640597850252,0.02077228642729912,13.842523604282096,0.09900956152145501,0.020896482709393528,0.10684631208002923,0.007986017038793931,0.10003640597850252,0.02077228642729912,13.842523604282096
0.09270876317874044,0.0015533532096701635,0.005898247215907704,0.09580210656176838,0.09802446758481537,0.022656710977997374,13.67962115881454,0.09270876317874044,0.0015533532096701635,0.005898247215907704,0.09580210656176838,0.09802446758481537,0.022656710977997374,13.67962115881454
0.10018889621351557,0.09083466801701,0.09364656980658743,0.005608823938169388,0.09569065838549565,0.023472161623100833,13.507680428537878,0.10018889621351557,0.09083466801701,0.09364656980658743,0.005608823938169388,0.09569065838549565,0.023472161623100833,13.507680428537878
0.018811990206181343,0.08095324338143367,0.1020320994259474,0.0021581846847767427,0.0,0.021472296884937445,13.738775497164736,0.018811990206181343,0.08095324338143367,0.1020320994259474,0.0021581846847767427,0.0,0.021472296884937445,13.738775497164736
0.00015945227159723172,0.09166944850049732,0.09767649332764076,0.09344896322588614,0.0016135898860463321,0.021475492359975788,13.498241236768951,0.00015945227159723172,0.09166944850049732,0.09767649332764076,0.09344896322588614,0.0016135898860463321,0.021475492359975788,13.498241236768951
0.00043822059681518366,0.0,0.0,0.0,0.0,0.02347667003456963,13.975630349099463,0.00043822059681518366,0.0,0.0,0.0,0.0,0.02347667003456963,13.975630349099463
0.10004248274935199,0.10079695622102403,0.036554027125688726,0.009911771187640292,0.09649595660337221,0.020860144776185766,13.763445148726193,0.10004248274935199,0.10079695622102403,0.036554027125688726,0.009911771187640292,0.09649595660337221,0.020860144776185766,13.763445148726193
0.0987934759216506,0.09219060971408605,0.10916259047566634,0.0039644318660556,0.002236048309798039,0.021222925577531932,13.570767934090767,0.0987934759216506,0.09219060971408605,0.10916259047566634,0.0039644318660556,0.002236048309798039,0.021222925577531932,13.570767934090767
0.04376569379261724,0.0770638965285386,0.0,0.0006029192689507162,0.09325410042198623,0.023389516810763955,13.90835089338413,0.04376569379261724,0.0770638965285386,0.0,0.0006029192689507162,0.09325410042198623,0.023389516810763955,13.90835089338413
0.06102506178960261,0.0445018584110853,0.03919226418588466,0.025580959988487233,0.037232499383381655,0.020270489150924068,13.811872360946435,0.06102506178960261,0.0445018584110853,0.03919226418588466,0.025580959988487233,0.037232499383381655,0.020270489150924068,13.811872360946435
0.09766920092763168,0.028376146117308106,0.010097637004153726,0.005848758516544818,0.02090005451239984,0.019520747950745237,13.853412440103007,0.09766920092763168,0.028376146117308106,0.010097637004153726,0.005848758516544818,0.02090005451239984,0.019520747950745237,13.853412440103007
0.09830004097873735,0.0012540279873338514,0.10100379199747217,0.10016957750293115,0.0016154267355440385,0.022424713532123285,13.633094591230565,0.09830004097873735,0.0012540279873338514,0.10100379199747217,0.10016957750293115,0.0016154267355440385,0.022424713532123285,13.633094591230565
0.03609192767646745,0.0003959256172027751,0.0,0.0,0.00013320168861623988,0.02347667003456963,13.928975400430579,0.03609192767646745,0.0003959256172027751,0.0,0.0,0.00013320168861623988,0.02347667003456963,13.928975400430579
0.10141889103159149,0.0871432369488215,0.05581979733776683,0.09102501462777748,0.02975409360119141,0.02964411217961668,13.362665745185684,0.10141889103159149,0.0871432369488215,0.05581979733776683,0.09102501462777748,0.02975409360119141,0.02964411217961668,13.362665745185684
0.10183462999963747,0.0005016153569133638,0.10811420140911135,0.10593620445292388,0.09785272084756792,0.022391682473668243,13.500756106597912,0.10183462999963747,0.0005016153569133638,0.10811420140911135,0.10593620445292388,0.09785272084756792,0.022391682473668243,13.500756106597912
0.035325124557874704,0.09732345766525954,0.10220800186241362,0.10416960143546822,0.09193483717741105,0.024348584652274803,13.263752250781321,0.035325124557874704,0.09732345766525954,0.10220800186241362,0.10416960143546822,0.09193483717741105,0.024348584652274803,13.263752250781321
0.03584769952598928,0.09040094377337773,0.0030036307296549825,0.006358051990965521,0.8100603284006217,0.02307169400728973,12.199607544014071,0.03584769952598928,0.09040094377337773,0.0030036307296549825,0.006358051990965521,0.8100603284006217,0.02307169400728973,12.199607544014071
0.09748536750472739,0.02805857340586023,0.11384072321111655,0.0015544759851945922,0.024823052292033618,0.024329792581585286,13.527547319584405,0.09748536750472739,0.02805857340586023,0.11384072321111655,0.0015544759851945922,0.024823052292033618,0.024329792581585286,13.527547319584405
0.15641513221072603,0.08781152364512465,0.9838831595080144,0.003201459787156677,0.07383544493077374,0.022756866653708605,12.4578225041971,0.15641513221072603,0.08781152364512465,0.9838831595080144,0.003201459787156677,0.07383544493077374,0.022756866653708605,12.4578225041971
0.023279760703862007,0.02443297657945299,0.0038394442662589567,0.10125246687645065,0.10441197090100497,0.023714614329133035,13.55959921233627,0.023279760703862007,0.02443297657945299,0.0038394442662589567,0.10125246687645065,0.10441197090100497,0.023714614329133035,13.55959921233627
0.04306137975972191,0.0916495628211824,0.052489051305419365,0.09659164945911947,0.010851124147465266,0.022463948953051295,13.545100829146431,0.04306137975972191,0.0916495628211824,0.052489051305419365,0.09659164945911947,0.010851124147465266,0.022463948953051295,13.545100829146431
0.1002032880579865,0.028698855486950503,0.005278108728820022,0.10727705720310397,0.09775190254945945,0.021201949918001048,13.39759338804073,0.1002032880579865,0.028698855486950503,0.005278108728820022,0.10727705720310397,0.09775190254945945,0.021201949918001048,13.39759338804073
0.10001441145681099,0.024894519914806994,0.1022030221947855,0.026794955783475446,0.015545696393421363,0.024374699286485106,13.656921821897496,0.10001441145681099,0.024894519914806994,0.1022030221947855,0.026794955783475446,0.015545696393421363,0.024374699286485106,13.656921821897496
0.07702674240188338,0.04414421137201488,0.1058060202085998,0.09514460964770753,0.033229168190066195,0.02356535723221446,13.434077067458787,0.07702674240188338,0.04414421137201488,0.1058060202085998,0.09514460964770753,0.033229168190066195,0.02356535723221446,13.434077067458787
0.15641513221072603,0.03846948952227669,0.10568605761512517,0.0983448729705084,0.0017859117272950378,0.02275858839437583,13.756806150860484,0.15641513221072603,0.03846948952227669,0.10568605761512517,0.0983448729705084,0.0017859117272950378,0.02275858839437583,13.756806150860484
0.048430635368259985,0.09975046475097052,0.036554027125688726,0.009911771187640292,0.09687654094959142,0.020860144776185766,13.877255924763999,0.048430635368259985,0.09975046475097052,0.036554027125688726,0.009911771187640292,0.09687654094959142,0.020860144776185766,13.877255924763999
0.00016240575677604722,0.008679438271372027,0.024812091600066692,0.0394157449377461,0.0010021769998202479,0.023426054641366406,13.946511782785626,0.00016240575677604722,0.008679438271372027,0.024812091600066692,0.0394157449377461,0.0010021769998202479,0.023426054641366406,13.946511782785626
0.0194189191753544,0.08627700904368403,0.1049889924067765,0.0021581846847767427,0.1146357578564339,0.021472296884937445,13.505843904775757,0.0194189191753544,0.08627700904368403,0.1049889924067765,0.0021581846847767427,0.1146357578564339,0.021472296884937445,13.505843904775757
0.09579961185315528,0.09318158490441183,0.10357094314318709,0.09092252454324634,0.09514606077228657,0.024184582977885102,13.182929089504468,0.09579961185315528,0.09318158490441183,0.10357094314318709,0.09092252454324634,0.09514606077228657,0.024184582977885102,13.182929089504468
0.03638040536407934,0.09396539068732822,0.10496625826348482,0.10380166351432815,0.09648887812921415,0.026604691461811714,13.35683073255631,0.03638040536407934,0.09396539068732822,0.10496625826348482,0.10380166351432815,0.09648887812921415,0.026604691461811714,13.35683073255631
0.10184850984132704,0.0005016153569133985,0.10811420140911135,0.1059362044529239,0.09785272084756791,0.032139882303793124,13.27491988332222,0.10184850984132704,0.0005016153569133985,0.10811420140911135,0.1059362044529239,0.09785272084756791,0.032139882303793124,13.27491988332222
0.06355854206722147,0.10622597557700449,0.11907022181300793,0.0027467821102978383,0.11376630148601777,0.024971397703468106,13.38208298411573,0.06355854206722147,0.10622597557700449,0.11907022181300793,0.0027467821102978383,0.11376630148601777,0.024971397703468106,13.38208298411573
0.1031354958565701,0.09386146251983721,0.10972048085883374,0.025630379597427665,0.10473966845525845,0.028424414194199082,13.244221934427369,0.1031354958565701,0.09386146251983721,0.10972048085883374,0.025630379597427665,0.10473966845525845,0.028424414194199082,13.244221934427369
0.0,0.028211674057938896,0.04462659800741975,0.027252003151894542,0.04028665039097641,0.024381350811174048,13.85945916767032,0.0,0.028211674057938896,0.04462659800741975,0.027252003151894542,0.04028665039097641,0.024381350811174048,13.85945916767032
0.10031498257299111,0.10233095119578908,0.04445957483552671,0.09535649161529298,0.07993540805657334,0.028709001852441726,13.349970459413393,0.10031498257299111,0.10233095119578908,0.04445957483552671,0.09535649161529298,0.07993540805657334,0.028709001852441726,13.349970459413393
0.10184850984132704,0.0,0.11248302044765388,0.10593801979282617,0.09619016990987474,0.032139882303793124,13.220293934776267,0.10184850984132704,0.0,0.11248302044765388,0.10593801979282617,0.09619016990987474,0.032139882303793124,13.220293934776267
0.000042403430801685876,0.09160023888713223,0.09936233870353195,0.1013004181345333,0.09895086999479835,0.024289575792788273,13.292533154920525,0.000042403430801685876,0.09160023888713223,0.09936233870353195,0.1013004181345333,0.09895086999479835,0.024289575792788273,13.292533154920525
0.09911359462225743,0.01835847142792818,0.10971938614702469,0.0915303710299288,0.0922946981550431,0.027254506896584648,13.275541072124744,0.09911359462225743,0.01835847142792818,0.10971938614702469,0.0915303710299288,0.0922946981550431,0.027254506896584648,13.275541072124744
0.0,0.07663109383030488,0.104782375926907,0.09986711456762647,0.09626581906490803,0.021212944470124093,13.789399502399059,0.0,0.07663109383030488,0.104782375926907,0.09986711456762647,0.09626581906490803,0.021212944470124093,13.789399502399059
0.024843669629191434,0.002302739760995376,0.11005223718144336,0.00012171333594047928,0.09562933395409576,0.02338373392865197,13.72096615460238,0.024843669629191434,0.002302739760995376,0.11005223718144336,0.00012171333594047928,0.09562933395409576,0.02338373392865197,13.72096615460238
0.0986627891983616,0.0,0.11118586058041346,0.8709979035688662,0.0017156901449111132,0.02270062467761026,12.093507027138513,0.0986627891983616,0.0,0.11118586058041346,0.8709979035688662,0.0017156901449111132,0.02270062467761026,12.093507027138513
0.09747173840216625,0.02824621452683848,0.08983301408779132,0.09984138149438063,0.027450766804045457,0.024214223668561134,13.397410056990905,0.09747173840216625,0.02824621452683848,0.08983301408779132,0.09984138149438063,0.027450766804045457,0.024214223668561134,13.397410056990905
0.0,0.02821167405793889,0.057374642299723826,0.038188641381666964,0.0415509305736535,0.024351322704319445,13.76756760807626,0.0,0.02821167405793889,0.057374642299723826,0.038188641381666964,0.0415509305736535,0.024351322704319445,13.76756760807626
0.00023740402197719663,0.0416067646946632,0.027933954978973226,0.04568260668553284,0.03806730587054102,0.024684400324225662,13.844206073671682,0.00023740402197719663,0.0416067646946632,0.027933954978973226,0.04568260668553284,0.03806730587054102,0.024684400324225662,13.844206073671682
0.10070126433576117,0.10046564766904084,0.010841804337501607,0.11710463942155519,0.09705988075463903,0.020862015270108766,13.49884845087345,0.10070126433576117,0.10046564766904084,0.010841804337501607,0.11710463942155519,0.09705988075463903,0.020862015270108766,13.49884845087345
0.010382005259802915,0.03048765563205339,0.10387644717141392,0.10060572897734485,0.0899792641059293,0.021149949584478144,13.54337434900682,0.010382005259802915,0.03048765563205339,0.10387644717141392,0.10060572897734485,0.0899792641059293,0.021149949584478144,13.54337434900682
0.0002187571922134396,0.0018705446977031331,0.004258119845543473,0.014201650317611537,0.040949630116160714,0.023860866334254438,13.95070744697794,0.0002187571922134396,0.0018705446977031331,0.004258119845543473,0.014201650317611537,0.040949630116160714,0.023860866334254438,13.95070744697794
0.09927204990336656,0.09449457470565362,0.02675167282483827,0.09363986376481567,0.0048363707780341506,0.024470621540470666,13.617957497061072,0.09927204990336656,0.09449457470565362,0.02675167282483827,0.09363986376481567,0.0048363707780341506,0.024470621540470666,13.617957497061072
0.10329831665055139,0.10347105667645609,0.10368180902412519,0.11783891003596572,0.09066229661616154,0.024357096562839436,13.067713845631113,0.10329831665055139,0.10347105667645609,0.10368180902412519,0.11783891003596572,0.09066229661616154,0.024357096562839436,13.067713845631113
0.033449649154543896,0.0945469801599557,0.09474297458491628,0.053669405091419944,0.09763599019671063,0.024269251553907523,13.350454340467698,0.033449649154543896,0.0945469801599557,0.09474297458491628,0.053669405091419944,0.09763599019671063,0.024269251553907523,13.350454340467698
0.09632841065435596,0.09073867618473055,0.1125757243721069,0.005916175539813696,0.09615790079711072,0.02855230484554451,13.262487429612946,0.09632841065435596,0.09073867618473055,0.1125757243721069,0.005916175539813696,0.09615790079711072,0.02855230484554451,13.262487429612946
0.10167678317915,0.04235625970046285,0.10811420140911135,0.044025381894377935,0.115691501428788,0.032139882303793124,13.434308674140322,0.10167678317915,0.04235625970046285,0.10811420140911135,0.044025381894377935,0.115691501428788,0.032139882303793124,13.434308674140322
0.035843247672512846,0.04091681573953601,0.1058088938156287,0.10552552975529153,0.09572422658922834,0.024910264780865027,13.510205749075212,0.035843247672512846,0.04091681573953601,0.1058088938156287,0.10552552975529153,0.09572422658922834,0.024910264780865027,13.510205749075212
0.1012526504634905,0.092175911015981,0.04228557654430506,0.09681648867586717,0.09913278304226773,0.02585872623306683,13.334421371285398,0.1012526504634905,0.092175911015981,0.04228557654430506,0.09681648867586717,0.09913278304226773,0.02585872623306683,13.334421371285398
0.09079138964187493,0.09437965235443871,0.0970159547631105,0.0936253299708179,0.0025770804079033195,0.023479959544317374,13.364416695566694,0.09079138964187493,0.09437965235443871,0.0970159547631105,0.0936253299708179,0.0025770804079033195,0.023479959544317374,13.364416695566694
0.10191009071166876,0.09074842258959279,0.09930543257878832,0.054184221749006986,0.009381679606811258,0.02865221950493524,13.689380054143186,0.10191009071166876,0.09074842258959279,0.09930543257878832,0.054184221749006986,0.009381679606811258,0.02865221950493524,13.689380054143186
0.10437493107940471,0.04393475196737506,0.10315671061646128,0.09437099057999916,0.09890291866383741,0.02324908826464673,13.2119040120682,0.10437493107940471,0.04393475196737506,0.10315671061646128,0.09437099057999916,0.09890291866383741,0.02324908826464673,13.2119040120682
0.10232220239455683,0.8586914080531131,0.09788028776852725,0.10946000534982675,0.002074874823399353,0.022536260406757318,11.72658175135589,0.10232220239455683,0.8586914080531131,0.09788028776852725,0.10946000534982675,0.002074874823399353,0.022536260406757318,11.72658175135589
0.10029160256340422,0.043159473816380425,0.11387663358051706,0.10999376898663416,0.004382494118392026,0.026838388790198058,13.381582468453288,0.10029160256340422,0.043159473816380425,0.11387663358051706,0.10999376898663416,0.004382494118392026,0.026838388790198058,13.381582468453288
0.0001330298864802154,0.04106967828061384,0.029387983384021266,0.04450005261149595,0.03781033414022863,0.02147054215464242,13.84847850399987,0.0001330298864802154,0.04106967828061384,0.029387983384021266,0.04450005261149595,0.03781033414022863,0.02147054215464242,13.84847850399987
0.09990052099311199,0.01689323796209523,0.10091713388678653,0.09576949653110853,0.10289344873031073,0.022145854860387705,13.610357097870915,0.09990052099311199,0.01689323796209523,0.10091713388678653,0.09576949653110853,0.10289344873031073,0.022145854860387705,13.610357097870915
0.049638288347131895,0.09943628859805201,0.09984698528365524,0.020092454295708058,0.022534721669929654,0.020685126244417942,13.83246628712671,0.049638288347131895,0.09943628859805201,0.09984698528365524,0.020092454295708058,0.022534721669929654,0.020685126244417942,13.83246628712671
0.03275748000038697,0.10024101302244309,0.031393681659565346,0.022762477482101723,0.0006676060045508658,0.02430584592163571,13.747278741178716,0.03275748000038697,0.10024101302244309,0.031393681659565346,0.022762477482101723,0.0006676060045508658,0.02430584592163571,13.747278741178716
0.0010861839440235652,0.045298318769879685,0.1524439788386906,0.03422993480036442,0.004642951467608196,0.023479943994055702,13.691473211886237,0.0010861839440235652,0.045298318769879685,0.1524439788386906,0.03422993480036442,0.004642951467608196,0.023479943994055702,13.691473211886237
0.10029717104617761,0.09943628859805204,0.09984698528365524,0.10015835240126766,0.10366490638262521,0.021196274154595927,13.389839987995385,0.10029717104617761,0.09943628859805204,0.09984698528365524,0.10015835240126766,0.10366490638262521,0.021196274154595927,13.389839987995385
0.10065361737821668,0.0041117395257447495,0.0397035657662289,0.1156176646081083,0.09668743837638083,0.024379919152271695,13.359084360354652,0.10065361737821668,0.0041117395257447495,0.0397035657662289,0.1156176646081083,0.09668743837638083,0.024379919152271695,13.359084360354652
0.10014067352208716,0.09943802036225316,0.10855723754642654,0.09491882230590742,0.2580859641963826,0.0008436864757299621,13.212723744695031,0.10014067352208716,0.09943802036225316,0.10855723754642654,0.09491882230590742,0.2580859641963826,0.0008436864757299621,13.212723744695031
0.008909292874264615,0.052956982885006554,0.03595198034494315,0.10685176281365967,0.006645492739667575,0.009389208529236966,13.828533663386066,0.008909292874264615,0.052956982885006554,0.03595198034494315,0.10685176281365967,0.006645492739667575,0.009389208529236966,13.828533663386066
0.0,0.10093495900510713,0.11720131724529462,0.011765612309525055,0.10479736553612826,0.024162189591289275,13.488581153300803,0.0,0.10093495900510713,0.11720131724529462,0.011765612309525055,0.10479736553612826,0.024162189591289275,13.488581153300803
0.09787774596427931,0.019357575255064582,0.005073178339363771,0.1003105474438138,0.09193731951480967,0.024101457133090136,13.650657681405344,0.09787774596427931,0.019357575255064582,0.005073178339363771,0.1003105474438138,0.09193731951480967,0.024101457133090136,13.650657681405344
0.036091927676467454,0.0,0.0,0.0,0.0,0.02347667003456963,13.927807303443714,0.036091927676467454,0.0,0.0,0.0,0.0,0.02347667003456963,13.927807303443714
0.09723834333782162,0.028058573405860227,0.0363748700351699,0.0015544759851945922,0.037115070824602886,0.05373863907337782,13.62884340072666,0.09723834333782162,0.028058573405860227,0.0363748700351699,0.0015544759851945922,0.037115070824602886,0.05373863907337782,13.62884340072666
0.0000837119255636962,0.027847057830032024,0.09890062708076562,0.027114474643194754,0.09982166353277006,0.02430388165881962,13.722181563124174,0.0000837119255636962,0.027847057830032024,0.09890062708076562,0.027114474643194754,0.09982166353277006,0.02430388165881962,13.722181563124174
0.03383311785350347,0.04672607370917145,0.10380331547413943,0.011765612309525055,0.09336650666471089,0.024151914931141178,13.635487408000113,0.03383311785350347,0.04672607370917145,0.10380331547413943,0.011765612309525055,0.09336650666471089,0.024151914931141178,13.635487408000113
0.036379818344717624,0.015628689572614915,0.08543254950803726,0.0978975965534681,0.00352564297682377,0.026755791071135668,13.7558057019952,0.036379818344717624,0.015628689572614915,0.08543254950803726,0.0978975965534681,0.00352564297682377,0.026755791071135668,13.7558057019952
0.03629220588415295,0.038957004211051055,0.030758836566095658,0.022762477482101716,0.000669278039950455,0.02430584592163571,13.890458911786812,0.03629220588415295,0.038957004211051055,0.030758836566095658,0.022762477482101716,0.000669278039950455,0.02430584592163571,13.890458911786812
0.01536954515006985,0.10216992331366144,0.11069031508266325,0.09618489923707257,0.10545357427486668,0.028304174387734898,13.307546409957583,0.01536954515006985,0.10216992331366144,0.11069031508266325,0.09618489923707257,0.10545357427486668,0.028304174387734898,13.307546409957583
0.8907524171633878,0.10126247135527625,0.11227303165313933,0.00007175401917529356,0.007186431943876567,0.024454490757919115,11.967917009684339,0.8907524171633878,0.10126247135527625,0.11227303165313933,0.00007175401917529356,0.007186431943876567,0.024454490757919115,11.967917009684339
0.09801399011919257,0.08115669159226223,0.0,0.04357523622347978,0.0,0.029122760223669972,13.893022058882535,0.09801399011919257,0.08115669159226223,0.0,0.04357523622347978,0.0,0.029122760223669972,13.893022058882535
0.10042590744490676,0.09897861788998402,0.015090003013919544,0.09977606243593776,0.09638278010499064,0.02120928237817951,13.386949393262936,0.10042590744490676,0.09897861788998402,0.015090003013919544,0.09977606243593776,0.09638278010499064,0.02120928237817951,13.386949393262936
0.00325833257662117,0.027657689889562347,0.003312350023050692,0.10245636279735369,0.09812899535700467,0.024706280174622657,13.620034690544369,0.00325833257662117,0.027657689889562347,0.003312350023050692,0.10245636279735369,0.09812899535700467,0.024706280174622657,13.620034690544369
0.03591074171974106,0.08836680519103873,0.036810753799853546,0.09429294227507609,0.09815240092669882,0.023043484297040295,13.61721412479895,0.03591074171974106,0.08836680519103873,0.036810753799853546,0.09429294227507609,0.09815240092669882,0.023043484297040295,13.61721412479895
0.092439461264004,0.04489977232073589,0.1048849507101848,0.10778529886167781,0.03800564872211343,0.023441447911499366,13.343472123119653,0.092439461264004,0.04489977232073589,0.1048849507101848,0.10778529886167781,0.03800564872211343,0.023441447911499366,13.343472123119653
0.10052779100731044,0.09386146251983724,0.10972048085883371,0.11317231415822712,0.09723224600945193,0.028424414194199082,13.035016168045056,0.10052779100731044,0.09386146251983724,0.10972048085883371,0.11317231415822712,0.09723224600945193,0.028424414194199082,13.035016168045056
0.10257902205120617,0.024757490792084665,0.09375027077075598,0.028071234012016943,0.09562319187530399,0.015000802098426184,13.726608045337446,0.10257902205120617,0.024757490792084665,0.09375027077075598,0.028071234012016943,0.09562319187530399,0.015000802098426184,13.726608045337446
0.09168604952438211,0.09437965235443871,0.10370786238420321,0.0936253299708179,0.006611101896314073,0.023434558470192622,13.334252530174195,0.09168604952438211,0.09437965235443871,0.10370786238420321,0.0936253299708179,0.006611101896314073,0.023434558470192622,13.334252530174195
0.09859446934693351,0.0950211520313371,0.10257748160718727,0.11042413765455983,0.09568353056932871,0.02378077202988741,13.2249914777241,0.09859446934693351,0.0950211520313371,0.10257748160718727,0.11042413765455983,0.09568353056932871,0.02378077202988741,13.2249914777241
0.10270572334325612,0.04529726991194753,0.10527330192801883,0.1053757463584785,0.09569065838549565,0.02347216162310084,13.263505447018805,0.10270572334325612,0.04529726991194753,0.10527330192801883,0.1053757463584785,0.09569065838549565,0.02347216162310084,13.263505447018805
0.11061378473219227,0.10072837998648645,0.10094341080423866,0.11123628072465486,0.018956385230218194,0.022576910245846987,13.220653991672659,0.11061378473219227,0.10072837998648645,0.10094341080423866,0.11123628072465486,0.018956385230218194,0.022576910245846987,13.220653991672659
0.10154914395833561,0.07036229339450861,0.006135958056992609,0.09662253576017556,0.012204000415273399,0.026955791365038555,13.796077607887884,0.10154914395833561,0.07036229339450861,0.006135958056992609,0.09662253576017556,0.012204000415273399,0.026955791365038555,13.796077607887884
0.010223921824919213,0.09070270984599985,0.1125757243721069,0.006518327703711101,0.003013520529612179,0.02855230484554451,13.630614332651563,0.010223921824919213,0.09070270984599985,0.1125757243721069,0.006518327703711101,0.003013520529612179,0.02855230484554451,13.630614332651563
0.03333579911601922,0.09075890203446482,0.09848024930001709,0.10110228152839922,0.0,0.024018078170089913,13.64805745544921,0.03333579911601922,0.09075890203446482,0.09848024930001709,0.10110228152839922,0.0,0.024018078170089913,13.64805745544921
0.005525629957406408,0.08827100106157784,0.10498899240677648,0.09376040408955474,0.0017483090748854763,0.02439141527463797,13.498656362643931,0.005525629957406408,0.08827100106157784,0.10498899240677648,0.09376040408955474,0.0017483090748854763,0.02439141527463797,13.498656362643931
0.10856910253313001,0.10432312386629561,0.11976349339011785,0.05162394906220216,0.10026641273268264,0.02452990822632197,13.130199138628353,0.10856910253313001,0.10432312386629561,0.11976349339011785,0.05162394906220216,0.10026641273268264,0.02452990822632197,13.130199138628353
0.048463080388503735,0.038782453372966263,0.03870952612133249,0.11553635207939938,0.09977286531296788,0.027691200049505173,13.413586790284317,0.048463080388503735,0.038782453372966263,0.03870952612133249,0.11553635207939938,0.09977286531296788,0.027691200049505173,13.413586790284317
0.09112601172035589,0.0015478817304657535,0.025657410956525267,0.09382971673908998,0.09918440986989138,0.022705561467339094,13.693153951847927,0.09112601172035589,0.0015478817304657535,0.025657410956525267,0.09382971673908998,0.09918440986989138,0.022705561467339094,13.693153951847927
0.07301731059669628,0.10193413838505753,0.023227678605003035,0.10329089095694227,0.0987302596144955,0.02122213914046937,13.366865916252602,0.07301731059669628,0.10193413838505753,0.023227678605003035,0.10329089095694227,0.0987302596144955,0.02122213914046937,13.366865916252602
0.09833422606044528,0.09134749236172796,0.09921861979692306,0.10032068381200504,0.03877343858589585,0.02141012588971103,13.312987142758674,0.09833422606044528,0.09134749236172796,0.09921861979692306,0.10032068381200504,0.03877343858589585,0.02141012588971103,13.312987142758674
0.050718383910013924,0.08987970747203446,0.013218840443477204,0.054984624256882164,0.0006722497274793294,0.02441229685020126,13.909924965913524,0.050718383910013924,0.08987970747203446,0.013218840443477204,0.054984624256882164,0.0006722497274793294,0.02441229685020126,13.909924965913524
0.09695180503660276,0.09966010717717977,0.10138402954469178,0.09473617239594251,0.024091126665658665,0.02248123582608417,13.467254007618868,0.09695180503660276,0.09966010717717977,0.10138402954469178,0.09473617239594251,0.024091126665658665,0.02248123582608417,13.467254007618868
0.09505239684976158,0.02461933462061094,0.10374479394843773,0.10669982291719524,0.09994302788111632,0.022910408217570184,13.305595375057754,0.09505239684976158,0.02461933462061094,0.10374479394843773,0.10669982291719524,0.09994302788111632,0.022910408217570184,13.305595375057754
0.0,0.004085119371912388,0.10358558051538289,0.029473514326622388,0.0967018179032498,0.02435133488610813,13.805088323583588,0.0,0.004085119371912388,0.10358558051538289,0.029473514326622388,0.0967018179032498,0.02435133488610813,13.805088323583588
0.050552562750475434,0.000732342163962979,0.10247717154809592,0.0009560757480174265,0.09185946391713878,0.0589365896639519,13.81380897135343,0.050552562750475434,0.000732342163962979,0.10247717154809592,0.0009560757480174265,0.09185946391713878,0.0589365896639519,13.81380897135343
0.10708674891407403,0.10198372272656368,0.10584127929380897,0.04570264496542041,0.10254326030194658,0.024527934819941588,13.164255673566274,0.10708674891407403,0.10198372272656368,0.10584127929380897,0.04570264496542041,0.10254326030194658,0.024527934819941588,13.164255673566274
0.09505239684976158,0.024619334620610944,0.10374479394843775,0.0008937229900540244,0.10212785502554776,0.022910408217570184,13.52557610705996,0.09505239684976158,0.024619334620610944,0.10374479394843775,0.0008937229900540244,0.10212785502554776,0.022910408217570184,13.52557610705996
0.0501259265261795,0.003242642695264919,0.03595198034494315,0.01924824904934329,0.022429836253848798,0.024242168232020703,13.91904782283378,0.0501259265261795,0.003242642695264919,0.03595198034494315,0.01924824904934329,0.022429836253848798,0.024242168232020703,13.91904782283378
0.056641668944628645,0.09238633517617761,0.004262610313161124,0.10173671644149979,0.09873127215833237,0.02356045098344277,13.365390117340521,0.056641668944628645,0.09238633517617761,0.004262610313161124,0.10173671644149979,0.09873127215833237,0.02356045098344277,13.365390117340521
0.10097399329784834,0.04354298662820064,0.1135974749451991,0.045696108814416075,0.09640876291544023,0.021505588658947854,13.33910067801815,0.10097399329784834,0.04354298662820064,0.1135974749451991,0.045696108814416075,0.09640876291544023,0.021505588658947854,13.33910067801815
0.07702674240188337,0.04414421137201488,0.1058060202085998,0.095228629753681,0.03303056794654564,0.023565357232214465,13.386602765265181,0.07702674240188337,0.04414421137201488,0.1058060202085998,0.095228629753681,0.03303056794654564,0.023565357232214465,13.386602765265181
0.006486010850891292,0.09159291902338029,0.10854246850234396,0.10016957750293115,0.10940590047180518,0.026793822769323048,13.437540154229156,0.006486010850891292,0.09159291902338029,0.10854246850234396,0.10016957750293115,0.10940590047180518,0.026793822769323048,13.437540154229156
0.03629220588415295,0.038957004211051055,0.03197507582760007,0.02231767080412768,0.000669278039950455,0.02430584592163571,13.818757264988882,0.03629220588415295,0.038957004211051055,0.03197507582760007,0.02231767080412768,0.000669278039950455,0.02430584592163571,13.818757264988882
0.08541569879857583,0.027648628223582265,0.0005468957423215431,0.09480347748381847,0.029731882662320602,0.022859005290407037,13.823624538992902,0.08541569879857583,0.027648628223582265,0.0005468957423215431,0.09480347748381847,0.029731882662320602,0.022859005290407037,13.823624538992902
0.10121308301263274,0.026775516390053385,0.10250660897377202,0.11339615343338047,0.005722729916703445,0.0235344282022501,13.374472142074135,0.10121308301263274,0.026775516390053385,0.10250660897377202,0.11339615343338047,0.005722729916703445,0.0235344282022501,13.374472142074135
0.0,0.024419609037590495,0.1175888117707618,0.11126330328285375,0.10020955494603212,0.024394215735957618,13.413790678636522,0.0,0.024419609037590495,0.1175888117707618,0.11126330328285375,0.10020955494603212,0.024394215735957618,13.413790678636522
0.032876117662042195,0.09160023888713223,0.09936233870353195,0.09344896322588613,0.0016135898860463321,0.024289575792788273,13.442406517201887,0.032876117662042195,0.09160023888713223,0.09936233870353195,0.09344896322588613,0.0016135898860463321,0.024289575792788273,13.442406517201887
0.00004240343080168241,0.10249840352136688,0.054331729650288346,0.11459184242030696,0.09895086999479835,0.024231690766315553,13.335193259144535,0.00004240343080168241,0.10249840352136688,0.054331729650288346,0.11459184242030696,0.09895086999479835,0.024231690766315553,13.335193259144535
0.8566959134826108,0.1168629424683899,0.10389256676194138,0.11361608732638565,0.1091538508116263,0.02860339184077905,11.490701760912698,0.8566959134826108,0.1168629424683899,0.10389256676194138,0.11361608732638565,0.1091538508116263,0.02860339184077905,11.490701760912698
0.10184850984132704,0.0005016153569133708,0.10811420140911135,0.1059362044529239,0.09785272084756791,0.032139882303793124,13.327994414645145,0.10184850984132704,0.0005016153569133708,0.10811420140911135,0.1059362044529239,0.09785272084756791,0.032139882303793124,13.327994414645145
0.10708674891407402,0.10198372272656368,0.10737503397726031,0.04570264496542041,0.021540837595856642,0.019527103378861394,13.322703591818364,0.10708674891407402,0.10198372272656368,0.10737503397726031,0.04570264496542041,0.021540837595856642,0.019527103378861394,13.322703591818364
0.09859446934693351,0.0950211520313371,0.10257748160718727,0.11042413765455983,0.09352001641929766,0.02378077202988741,13.228390568359144,0.09859446934693351,0.0950211520313371,0.10257748160718727,0.11042413765455983,0.09352001641929766,0.02378077202988741,13.228390568359144
0.03393406006764493,0.07331053618076114,0.09626402793926486,0.07915037011830073,0.0,0.021272045175284502,13.529069407605421,0.03393406006764493,0.07331053618076114,0.09626402793926486,0.07915037011830073,0.0,0.021272045175284502,13.529069407605421
0.005525629957406408,0.08613149360662031,0.10498899240677649,0.09376040408955474,0.0017483090748854782,0.027569853829303485,13.699055203039995,0.005525629957406408,0.08613149360662031,0.10498899240677649,0.09376040408955474,0.0017483090748854782,0.027569853829303485,13.699055203039995
0.0983128718535908,0.09318158490441183,0.11136018174532467,0.09092252454324634,0.09514606077228657,0.024184570796096417,13.15590916511779,0.0983128718535908,0.09318158490441183,0.11136018174532467,0.09092252454324634,0.09514606077228657,0.024184570796096417,13.15590916511779
0.10764250788942531,0.043812873734094204,0.10537164466134141,0.0988063726422082,0.10320873653785123,0.021218861394782185,13.31396142720916,0.10764250788942531,0.043812873734094204,0.10537164466134141,0.0988063726422082,0.10320873653785123,0.021218861394782185,13.31396142720916
0.10114045618416145,0.04634514513451655,0.03803158400822106,0.06310352553164683,0.09288344396784588,0.023391095917955268,13.566579448742385,0.10114045618416145,0.04634514513451655,0.03803158400822106,0.06310352553164683,0.09288344396784588,0.023391095917955268,13.566579448742385
0.04032790647014367,0.8797271855008901,0.11614468617402958,0.09476318378849508,0.0992253420710709,0.024517645865851596,12.041756218504341,0.04032790647014367,0.8797271855008901,0.11614468617402958,0.09476318378849508,0.0992253420710709,0.024517645865851596,12.041756218504341
0.10704980721805743,0.024436505572939096,0.1076242971126315,0.0972403068711386,0.10020955494603212,0.014125801305733352,13.212922254161658,0.10704980721805743,0.024436505572939096,0.1076242971126315,0.0972403068711386,0.10020955494603212,0.014125801305733352,13.212922254161658
0.038507344099187005,0.023988071686090087,0.10066862134191591,0.020892276361519066,0.1379723841830468,0.02427456437656804,13.449813903109241,0.038507344099187005,0.023988071686090087,0.10066862134191591,0.020892276361519066,0.1379723841830468,0.02427456437656804,13.449813903109241
0.09730473178193434,0.03922820974760283,0.0836290081231933,0.10842145250600399,0.09979198765418623,0.027707757521635505,13.34706618149734,0.09730473178193434,0.03922820974760283,0.0836290081231933,0.10842145250600399,0.09979198765418623,0.027707757521635505,13.34706618149734
0.09748536750472739,0.02821167405793889,0.11387663358051706,0.026844052243910142,0.026847291938730367,0.024351322704319448,13.495698202803641,0.09748536750472739,0.02821167405793889,0.11387663358051706,0.026844052243910142,0.026847291938730367,0.024351322704319448,13.495698202803641
0.06938603550853933,0.09425216926908928,0.029589930130267048,0.04472473471871975,0.09442569810443496,0.023629999854055356,13.445418572000245,0.06938603550853933,0.09425216926908928,0.029589930130267048,0.04472473471871975,0.09442569810443496,0.023629999854055356,13.445418572000245
0.10798072122795763,0.03896958778266122,0.050730237092138586,0.09750652103670641,0.04423338296481932,0.008371526946523287,13.476411378528107,0.10798072122795763,0.03896958778266122,0.050730237092138586,0.09750652103670641,0.04423338296481932,0.008371526946523287,13.476411378528107
0.1004955996018135,0.025609380904245638,0.09698337574678928,0.10125246687645065,0.02219536404341039,0.023430578911701742,13.525396121542771,0.1004955996018135,0.025609380904245638,0.09698337574678928,0.10125246687645065,0.02219536404341039,0.023430578911701742,13.525396121542771
0.10290300135802616,0.07944804467423736,0.10506791210877053,0.10443642257203439,0.09569065838549566,0.023472161623100833,13.18970332233028,0.10290300135802616,0.07944804467423736,0.10506791210877053,0.10443642257203439,0.09569065838549566,0.023472161623100833,13.18970332233028
0.10292458168869925,0.0385816222127079,0.10352821369972748,0.09425098190973769,0.0013207057803040004,0.022509969351144885,13.384866126766822,0.10292458168869925,0.0385816222127079,0.10352821369972748,0.09425098190973769,0.0013207057803040004,0.022509969351144885,13.384866126766822
0.0348346132687612,0.09077606892918368,0.09929367922525523,0.008511225463002633,0.0961579007971107,0.02755526318880269,13.476825905018147,0.0348346132687612,0.09077606892918368,0.09929367922525523,0.008511225463002633,0.0961579007971107,0.02755526318880269,13.476825905018147
0.018115383855557513,0.02884350106917148,0.02859904906108656,0.09856359137134507,0.09822961710088617,0.020334484517344584,13.626903472269914,0.018115383855557513,0.02884350106917148,0.02859904906108656,0.09856359137134507,0.09822961710088617,0.020334484517344584,13.626903472269914
0.010382005259802915,0.030487655632053398,0.12708240243980834,0.0024154813697737643,0.0899792641059293,0.02120592902841847,13.747232611006039,0.010382005259802915,0.030487655632053398,0.12708240243980834,0.0024154813697737643,0.0899792641059293,0.02120592902841847,13.747232611006039
0.11059280047218498,0.10197790681836905,0.018574930075296568,0.10655067418354269,0.10333114885948808,0.021217581751423492,13.248426993290435,0.11059280047218498,0.10197790681836905,0.018574930075296568,0.10655067418354269,0.10333114885948808,0.021217581751423492,13.248426993290435
0.09766920092763168,0.028376146117308113,0.008563882320702383,0.005848758516544816,0.10190247721848977,0.02452157939182543,13.693796432148751,0.09766920092763168,0.028376146117308113,0.008563882320702383,0.005848758516544816,0.10190247721848977,0.02452157939182543,13.693796432148751
0.006566744215094483,0.0,0.0,0.03149783442608044,0.0,0.021777472434613903,13.993846544921078,0.006566744215094483,0.0,0.0,0.03149783442608044,0.0,0.021777472434613903,13.993846544921078
0.09632841065435596,0.09970115682560754,0.1125757243721069,0.10573355373394619,0.09615790079711072,0.02855230484554451,13.095980161433168,0.09632841065435596,0.09970115682560754,0.1125757243721069,0.10573355373394619,0.09615790079711072,0.02855230484554451,13.095980161433168
0.004164107282445824,0.09285615774692313,0.10757889988441506,0.07869570825614332,0.0922946981550431,0.022304577208780575,13.380338954943706,0.004164107282445824,0.09285615774692313,0.10757889988441506,0.07869570825614332,0.0922946981550431,0.022304577208780575,13.380338954943706
0.09169599071431239,0.09892061273275907,0.11149584819899007,0.09977606243593776,0.10247553213926133,0.0200153212215428,13.201647928047686,0.09169599071431239,0.09892061273275907,0.11149584819899007,0.09977606243593776,0.10247553213926133,0.0200153212215428,13.201647928047686
0.009573133938081319,0.02471267506556621,0.009204204104067443,0.02787600819462521,0.04027231210376534,0.02380443621012697,13.859271165257992,0.009573133938081319,0.02471267506556621,0.009204204104067443,0.02787600819462521,0.04027231210376534,0.02380443621012697,13.859271165257992
0.10292458168869925,0.08792365633555588,0.9817253155926168,0.0,0.0733702389837827,0.02250824761047766,12.373889601919254,0.10292458168869925,0.08792365633555588,0.9817253155926168,0.0,0.0733702389837827,0.02250824761047766,12.373889601919254
0.09695180503660276,0.09966010717717977,0.10361130018562631,0.09473617239594251,0.0239681326577163,0.022552616318183803,13.397344319790966,0.09695180503660276,0.09966010717717977,0.10361130018562631,0.09473617239594251,0.0239681326577163,0.022552616318183803,13.397344319790966
0.03278020704578766,0.10001559101077823,0.10433875347530691,0.0218084111513859,0.0006655626104443077,0.028568646865892475,13.644262761263862,0.03278020704578766,0.10001559101077823,0.10433875347530691,0.0218084111513859,0.0006655626104443077,0.028568646865892475,13.644262761263862
0.10140039232831474,0.0878621698085261,0.10506791210877053,0.1042735843058737,0.09569065838549566,0.02347216162310084,13.206785568703145,0.10140039232831474,0.0878621698085261,0.10506791210877053,0.1042735843058737,0.09569065838549566,0.02347216162310084,13.206785568703145
0.09824703019520484,0.04421158688473796,0.10201585688290843,0.09431115300781102,0.05116094507533024,0.019618502792024584,13.56540546601185,0.09824703019520484,0.04421158688473796,0.10201585688290843,0.09431115300781102,0.05116094507533024,0.019618502792024584,13.56540546601185
0.03333579911601922,0.09075890203446482,0.09935072146263722,0.10110228152839922,0.0325723423805288,0.024018078170089913,13.612743902940876,0.03333579911601922,0.09075890203446482,0.09935072146263722,0.10110228152839922,0.0325723423805288,0.024018078170089913,13.612743902940876
0.03423894230649066,0.10354114558112713,0.10498620126574501,0.10962907839633639,0.002125266708721936,0.026849556424397326,13.441739463916766,0.03423894230649066,0.10354114558112713,0.10498620126574501,0.10962907839633639,0.002125266708721936,0.026849556424397326,13.441739463916766
0.04358185760302899,0.03896958778266123,0.10260820969945589,0.09750652103670641,0.044938872305674296,0.008371526946523287,13.753315793183576,0.04358185760302899,0.03896958778266123,0.10260820969945589,0.09750652103670641,0.044938872305674296,0.008371526946523287,13.753315793183576
0.10023882977626156,0.09943628859805204,0.09984698528365524,0.1001563170628509,0.10366490638262522,0.021216897113023242,13.34988106399443,0.10023882977626156,0.09943628859805204,0.09984698528365524,0.1001563170628509,0.10366490638262522,0.021216897113023242,13.34988106399443
0.0009553172937839735,0.09648159834542402,0.11167980997233021,0.10123675130903202,0.09705609773357574,0.005379010428742191,13.467272064594667,0.0009553172937839735,0.09648159834542402,0.11167980997233021,0.10123675130903202,0.09705609773357574,0.005379010428742191,13.467272064594667
0.03433663761116977,0.08810995437215045,0.1050244177582171,0.10833474500640253,0.09275884991825312,0.023386379557576102,13.236383519009388,0.03433663761116977,0.08810995437215045,0.1050244177582171,0.10833474500640253,0.09275884991825312,0.023386379557576102,13.236383519009388
0.099736526348463,0.0916495628211824,0.10352821369972748,0.09725063008452578,0.010851124147465266,0.022448061538003727,13.419051569179185,0.099736526348463,0.0916495628211824,0.10352821369972748,0.09725063008452578,0.010851124147465266,0.022448061538003727,13.419051569179185
0.0,0.10197306229525571,0.05390464541855973,0.011765612309525053,0.11606705356226565,0.02416218959128927,13.550859910403126,0.0,0.10197306229525571,0.05390464541855973,0.011765612309525053,0.11606705356226565,0.02416218959128927,13.550859910403126
0.0029711394763810156,0.0927151595418674,0.10518864915413435,0.8846564227340563,0.9170191287583196,0.02349354560734502,10.495042398915722,0.0029711394763810156,0.0927151595418674,0.10518864915413435,0.8846564227340563,0.9170191287583196,0.02349354560734502,10.495042398915722
0.06102506178960261,0.04586410182655433,0.03919226418588466,0.025580959988487237,0.037232499383381655,0.020270489150924068,13.787924246654477,0.06102506178960261,0.04586410182655433,0.03919226418588466,0.025580959988487237,0.037232499383381655,0.020270489150924068,13.787924246654477
0.07226294034003754,0.09425216926908928,0.0,0.10259763353695278,0.09405290961823368,0.02374777476760608,13.350582311539101,0.07226294034003754,0.09425216926908928,0.0,0.10259763353695278,0.09405290961823368,0.02374777476760608,13.350582311539101
0.10141889103159148,0.0008338143829065003,0.05581979733776683,0.07038110636058204,0.02975409360119142,0.0292009885468241,13.555259072822441,0.10141889103159148,0.0008338143829065003,0.05581979733776683,0.07038110636058204,0.02975409360119142,0.0292009885468241,13.555259072822441
0.013929922188696525,0.04355101870259896,0.0557981963498164,0.03794502948736837,0.0840046367704557,0.027761843137757175,13.66924171325064,0.013929922188696525,0.04355101870259896,0.0557981963498164,0.03794502948736837,0.0840046367704557,0.027761843137757175,13.66924171325064
0.09053140439633514,0.017544511541579794,0.10470102912000141,0.09987365284330586,4.538315958035888e-7,0.022509136450245312,13.84801702154657,0.09053140439633514,0.017544511541579794,0.10470102912000141,0.09987365284330586,4.538315958035888e-7,0.022509136450245312,13.84801702154657
0.0944233616118824,0.10014840318884186,0.026884954326953814,0.12085221795226743,0.04070083064552274,0.027442337087051134,13.346767867192865,0.0944233616118824,0.10014840318884186,0.026884954326953814,0.12085221795226743,0.04070083064552274,0.027442337087051134,13.346767867192865
0.09846906877784148,0.09155942060200636,0.10605751026813506,0.09601463470038754,0.09766911170375683,0.027487453635176663,13.13135846518562,0.09846906877784148,0.09155942060200636,0.10605751026813506,0.09601463470038754,0.09766911170375683,0.027487453635176663,13.13135846518562
0.0009408246646898238,0.004085119371912395,0.11137481911752045,0.029473514326622388,0.0967018179032498,0.024351322704319445,13.782856353181115,0.0009408246646898238,0.004085119371912395,0.11137481911752045,0.029473514326622388,0.0967018179032498,0.024351322704319445,13.782856353181115
0.03488855966198309,0.003666013774094798,0.02139909343347482,0.04967970092710312,0.03664895859194672,0.020962802006937543,13.811382715024482,0.03488855966198309,0.003666013774094798,0.02139909343347482,0.04967970092710312,0.03664895859194672,0.020962802006937543,13.811382715024482
0.03449769438182973,0.031139244224238555,0.0,0.09396920947993462,0.03762355574798734,0.022327435079034588,13.703577863407933,0.03449769438182973,0.031139244224238555,0.0,0.09396920947993462,0.03762355574798734,0.022327435079034588,13.703577863407933
0.0072587424468045884,0.043551018702598976,0.0541990390393943,0.09569531006611204,0.09017603447262765,0.020071086598021395,13.574691532063385,0.0072587424468045884,0.043551018702598976,0.0541990390393943,0.09569531006611204,0.09017603447262765,0.020071086598021395,13.574691532063385
0.10022351082061616,0.028698855486950503,0.005278108728820022,0.1059552744683819,0.09775190254945945,0.022390575058236318,13.457384741095478,0.10022351082061616,0.028698855486950503,0.005278108728820022,0.1059552744683819,0.09775190254945945,0.022390575058236318,13.457384741095478
0.030956724166481816,0.025631027539415818,0.10389991666857347,0.11153551283937697,0.011339339270160394,0.028266920085779412,13.55849414601046,0.030956724166481816,0.025631027539415818,0.10389991666857347,0.11153551283937697,0.011339339270160394,0.028266920085779412,13.55849414601046
0.10831483829604588,0.0017796593473252686,0.024254393901596782,0.901371690611938,0.015776808484357502,0.011761222706461794,12.33955981599822,0.10831483829604588,0.0017796593473252686,0.024254393901596782,0.901371690611938,0.015776808484357502,0.011761222706461794,12.33955981599822
0.09806479794091405,0.08070106267058069,0.10950377239899814,0.10874045131050046,0.012325667555400086,0.0234785789908014,13.258109932885347,0.09806479794091405,0.08070106267058069,0.10950377239899814,0.10874045131050046,0.012325667555400086,0.0234785789908014,13.258109932885347
0.05028397452678331,0.09074842258959279,0.09930543257878832,0.054984624256882164,0.00952300485006359,0.019910409362464757,13.661871863762018,0.05028397452678331,0.09074842258959279,0.09930543257878832,0.054984624256882164,0.00952300485006359,0.019910409362464757,13.661871863762018
0.03306243808018804,0.046946922723933825,0.10377687090701901,0.0,0.09303530961659717,0.023404531030105175,13.606851780508464,0.03306243808018804,0.046946922723933825,0.10377687090701901,0.0,0.09303530961659717,0.023404531030105175,13.606851780508464
0.00018523222620200983,0.02491008459410901,0.029387983384021266,0.04443357634378693,0.03781033414022862,0.021446139846299096,13.930088457524127,0.00018523222620200983,0.02491008459410901,0.029387983384021266,0.04443357634378693,0.03781033414022862,0.021446139846299096,13.930088457524127
0.004454712748601113,0.10350230472626312,0.10993680982835963,0.11172276716515751,0.0,0.026901641071631364,13.624384015202994,0.004454712748601113,0.10350230472626312,0.10993680982835963,0.11172276716515751,0.0,0.026901641071631364,13.624384015202994
0.08957665959158648,0.10167211281230443,0.04196247862178065,0.009298392370775016,0.10527777686249615,0.08903157786574906,13.255971716124092,0.08957665959158648,0.10167211281230443,0.04196247862178065,0.009298392370775016,0.10527777686249615,0.08903157786574906,13.255971716124092
0.10190797341158343,0.0005016153569133569,0.10828995647782368,0.10593620445292387,0.09444932000144232,0.022391682473668247,13.425775440558532,0.10190797341158343,0.0005016153569133569,0.10828995647782368,0.10593620445292387,0.09444932000144232,0.022391682473668247,13.425775440558532
0.03730150224144614,0.0018954248374000466,0.10148262440764207,0.09429294227507612,0.09801720385789602,0.02476814782049898,13.558975640055598,0.03730150224144614,0.0018954248374000466,0.10148262440764207,0.09429294227507612,0.09801720385789602,0.02476814782049898,13.558975640055598
0.04738827278337292,0.028810273521234636,0.02693207641155193,0.01518452285499046,0.03922981828124786,0.023994470976686617,13.813015654804804,0.04738827278337292,0.028810273521234636,0.02693207641155193,0.01518452285499046,0.03922981828124786,0.023994470976686617,13.813015654804804
0.09179145501079997,0.09509597958310145,0.8686393882847365,0.11054809388542072,0.028665942936553182,0.024368443850878555,11.77265722744636,0.09179145501079997,0.09509597958310145,0.8686393882847365,0.11054809388542072,0.028665942936553182,0.024368443850878555,11.77265722744636
0.10065361737821668,0.10042000353744851,0.02972850492140884,0.11757276112791762,0.09668743837638083,0.023813866818500257,13.21190198279415,0.10065361737821668,0.10042000353744851,0.02972850492140884,0.11757276112791762,0.09668743837638083,0.023813866818500257,13.21190198279415
0.03253046446976636,0.09159645952487419,0.10292597705140444,0.0,0.09941964358090734,0.024326899318812815,13.57099886285281,0.03253046446976636,0.09159645952487419,0.10292597705140444,0.0,0.09941964358090734,0.024326899318812815,13.57099886285281
0.10051242062259252,0.09455789233573025,0.03261114770193574,0.1643397817873343,0.10177207623139614,0.024444823833293668,13.117701466073719,0.10051242062259252,0.09455789233573025,0.03261114770193574,0.1643397817873343,0.10177207623139614,0.024444823833293668,13.117701466073719
0.10186113093352603,0.0004888424281004611,0.10865205266863232,0.09129007641410568,0.09785272084756791,0.03212591028302591,13.360598501599828,0.10186113093352603,0.0004888424281004611,0.10865205266863232,0.09129007641410568,0.09785272084756791,0.03212591028302591,13.360598501599828
0.008030910344421882,0.04303240691373934,0.11437073274005478,0.027860489531874172,0.04136695211932958,0.02380443621012697,13.656490987117753,0.008030910344421882,0.04303240691373934,0.11437073274005478,0.027860489531874172,0.04136695211932958,0.02380443621012697,13.656490987117753
0.09855829839230157,0.0005016153569133656,0.10811420140911135,0.10593620445292388,0.0010713845641664513,0.022391682473668247,13.406334534796617,0.09855829839230157,0.0005016153569133656,0.10811420140911135,0.10593620445292388,0.0010713845641664513,0.022391682473668247,13.406334534796617
0.09900956152145501,0.01749463901783098,0.10785887707043651,4.303152096971075e-6,0.10003265226624011,0.023657576310769646,13.612761085619882,0.09900956152145501,0.01749463901783098,0.10785887707043651,4.303152096971075e-6,0.10003265226624011,0.023657576310769646,13.612761085619882
0.04061976133189689,0.02884350106917148,0.02845219589386347,0.09426157661071166,0.09822961710088617,0.0202908798390717,13.552777078611959,0.04061976133189689,0.02884350106917148,0.02845219589386347,0.09426157661071166,0.09822961710088617,0.0202908798390717,13.552777078611959
0.07184924124721297,0.09414263555347178,0.0,0.10259763353695278,0.09404896741901328,0.023752350006742577,13.440696870130543,0.07184924124721297,0.09414263555347178,0.0,0.10259763353695278,0.09404896741901328,0.023752350006742577,13.440696870130543
0.10042535809252366,0.10197306229525571,0.012523896230274814,0.09978706638820409,0.11302332588425788,0.021163837029142603,13.392929405190944,0.10042535809252366,0.10197306229525571,0.012523896230274814,0.09978706638820409,0.11302332588425788,0.021163837029142603,13.392929405190944
0.10164937940188612,0.08828115563956479,0.10372534032059014,0.09744679243590167,0.09065928942687912,0.024364800188066076,13.119833566677928,0.10164937940188612,0.08828115563956479,0.10372534032059014,0.09744679243590167,0.09065928942687912,0.024364800188066076,13.119833566677928
0.10141889103159149,0.0871432369488215,0.055397744094512466,0.07896133130314174,0.02975409360119141,0.029644112179616676,13.391487560157975,0.10141889103159149,0.0871432369488215,0.055397744094512466,0.07896133130314174,0.02975409360119141,0.029644112179616676,13.391487560157975
0.09625180446513662,0.09260731817228096,0.10709749443658692,0.09500809592280315,0.097680022554406,0.024302140657288713,13.102803887890985,0.09625180446513662,0.09260731817228096,0.10709749443658692,0.09500809592280315,0.097680022554406,0.024302140657288713,13.102803887890985
0.11061378473219227,0.10072837998648645,0.0982719788241974,0.11195249972888484,0.015570410394608034,0.022581484481778196,13.452393746533874,0.11061378473219227,0.10072837998648645,0.0982719788241974,0.11195249972888484,0.015570410394608034,0.022581484481778196,13.452393746533874
0.09846906877784148,0.09155942060200636,0.11084737525031879,0.10433547596200307,0.10385709540289234,0.02747920997520068,13.109116640671356,0.09846906877784148,0.09155942060200636,0.11084737525031879,0.10433547596200307,0.10385709540289234,0.02747920997520068,13.109116640671356
0.10138916119557725,0.01835847142792818,0.10971938614702469,0.0915303710299288,0.0,0.02725450689658465,13.412317435500684,0.10138916119557725,0.01835847142792818,0.10971938614702469,0.0915303710299288,0.0,0.02725450689658465,13.412317435500684
0.023027235188620813,0.09221133671080484,0.005100205903368064,0.09449137991881909,0.005279816279470113,0.027795914513944125,13.734603808280081,0.023027235188620813,0.09221133671080484,0.005100205903368064,0.09449137991881909,0.005279816279470113,0.027795914513944125,13.734603808280081
0.8648075858769169,0.10157150030975785,0.10811420140911135,0.11040609848575775,0.001197354136269823,0.02444611529550732,11.707851105724881,0.8648075858769169,0.10157150030975785,0.10811420140911135,0.11040609848575775,0.001197354136269823,0.02444611529550732,11.707851105724881
0.09833422606044528,0.10224565699596261,0.05418801074367945,0.11714842917730432,0.03877343858589585,0.02135224086323831,13.34716612067129,0.09833422606044528,0.10224565699596261,0.05418801074367945,0.11714842917730432,0.03877343858589585,0.02135224086323831,13.34716612067129
0.10080871910204163,0.1012580045566294,0.10678667871056702,0.09546424483784699,0.09638616585741148,0.025882893381980618,13.078654337997293,0.10080871910204163,0.1012580045566294,0.10678667871056702,0.09546424483784699,0.09638616585741148,0.025882893381980618,13.078654337997293
0.09747173840216625,0.028246214526838488,0.08983301408779132,0.1014023496622593,0.026880202314979503,0.024266454950385173,13.391203767740176,0.09747173840216625,0.028246214526838488,0.08983301408779132,0.1014023496622593,0.026880202314979503,0.024266454950385173,13.391203767740176
0.11066148698675472,0.10014189789580552,0.09721269117362756,0.007311411633041491,0.10150132988698041,0.021154631099150983,13.463345817848722,0.11066148698675472,0.10014189789580552,0.09721269117362756,0.007311411633041491,0.10150132988698041,0.021154631099150983,13.463345817848722
0.09789002940308833,0.10211010495301989,0.006822789222927256,0.008752394828928398,0.09275227259699681,0.01997959065044829,13.492808729448019,0.09789002940308833,0.10211010495301989,0.006822789222927256,0.008752394828928398,0.09275227259699681,0.01997959065044829,13.492808729448019
0.044023309063670885,0.0005175555971351914,0.054199039039394326,0.04201776012907305,0.04661166403847919,0.020032244837010566,13.73186097056021,0.044023309063670885,0.0005175555971351914,0.054199039039394326,0.04201776012907305,0.04661166403847919,0.020032244837010566,13.73186097056021
0.1002032880579865,0.053309544332484034,0.005278108728820022,0.10727705720310396,0.09775190254945945,0.02093492287908448,13.386380253672506,0.1002032880579865,0.053309544332484034,0.005278108728820022,0.10727705720310396,0.09775190254945945,0.02093492287908448,13.386380253672506
0.0962936286995777,0.09073867618473055,0.11257572437210689,0.10799821563005142,0.0961579007971107,0.02855230484554451,13.060347196975485,0.0962936286995777,0.09073867618473055,0.11257572437210689,0.10799821563005142,0.0961579007971107,0.02855230484554451,13.060347196975485
0.0275303321834987,0.02256237267257681,0.02899087732306934,0.014630993499290854,0.041190042170601196,0.023826105528904004,13.946376776338075,0.0275303321834987,0.02256237267257681,0.02899087732306934,0.014630993499290854,0.041190042170601196,0.023826105528904004,13.946376776338075
0.008671674885881497,0.09507564072136637,0.0,0.031837277824495,0.09063236258276328,0.023813809542802978,13.786014518817492,0.008671674885881497,0.09507564072136637,0.0,0.031837277824495,0.09063236258276328,0.023813809542802978,13.786014518817492
0.07363199840563982,0.044899772320735894,0.10596583574027615,0.10778529886167781,0.03800564872211342,0.024789161084914333,13.437186090634212,0.07363199840563982,0.044899772320735894,0.10596583574027615,0.10778529886167781,0.03800564872211342,0.024789161084914333,13.437186090634212
0.1098148453636778,0.10318819462214271,0.10732552802756226,0.00019291241782268265,0.8712888235257614,0.0031652421779159307,11.721672529209465,0.1098148453636778,0.10318819462214271,0.10732552802756226,0.00019291241782268265,0.8712888235257614,0.0031652421779159307,11.721672529209465
0.12665501938526297,0.003627919023135282,0.11767976147216988,0.018316479838126593,0.12212158024825281,0.02425104625808247,13.394108938502903,0.12665501938526297,0.003627919023135282,0.11767976147216988,0.018316479838126593,0.12212158024825281,0.02425104625808247,13.394108938502903
0.08728782024507674,0.027258925898616317,0.0005468957423215431,0.101855934756576,0.029990848467288368,0.022835322744622678,13.630235097263512,0.08728782024507674,0.027258925898616317,0.0005468957423215431,0.101855934756576,0.029990848467288368,0.022835322744622678,13.630235097263512
0.021768912333753523,0.0861314936066203,0.1049889924067765,0.004419075984786178,0.1146357578564339,0.021479700296944928,13.597839054234568,0.021768912333753523,0.0861314936066203,0.1049889924067765,0.004419075984786178,0.1146357578564339,0.021479700296944928,13.597839054234568
0.098969267977798,0.03943409731083344,0.10750360857414398,0.10777859033968307,0.09887349948333225,0.027707757521635505,13.22826853832566,0.098969267977798,0.03943409731083344,0.10750360857414398,0.10777859033968307,0.09887349948333225,0.027707757521635505,13.22826853832566
0.0477086577193089,0.10086233521137783,0.027933954978973226,0.045682606685532846,0.038067305870541024,0.024684987760525957,13.649677473333261,0.0477086577193089,0.10086233521137783,0.027933954978973226,0.045682606685532846,0.038067305870541024,0.024684987760525957,13.649677473333261
0.10114045618416145,0.04634514513451655,0.0034928833042479727,0.06250349881773805,0.09288344396784587,0.022662822054287813,13.795174097018325,0.10114045618416145,0.04634514513451655,0.0034928833042479727,0.06250349881773805,0.09288344396784587,0.022662822054287813,13.795174097018325
0.10856910253313001,0.100029220325483,0.11976349339011785,0.1204348619424878,0.10026641273268264,0.02452990822632197,12.995025033472379,0.10856910253313001,0.100029220325483,0.11976349339011785,0.1204348619424878,0.10026641273268264,0.02452990822632197,12.995025033472379
0.10042535809252366,0.0,0.004278030539788725,0.009617925616035305,0.1118334042186235,0.021163837029142603,13.761221647482913,0.10042535809252366,0.0,0.004278030539788725,0.009617925616035305,0.1118334042186235,0.021163837029142603,13.761221647482913
0.09766230577934709,0.8847003207606319,0.009940201963532676,0.09488853324353397,0.10018974919275728,0.019537617160093904,12.247252383398935,0.09766230577934709,0.8847003207606319,0.009940201963532676,0.09488853324353397,0.10018974919275728,0.019537617160093904,12.247252383398935
0.1020350425079039,0.10102979957132247,0.005397710105373675,0.09467528984451747,0.0977948786416126,0.023443729194044208,13.266522790616056,0.1020350425079039,0.10102979957132247,0.005397710105373675,0.09467528984451747,0.0977948786416126,0.023443729194044208,13.266522790616056
0.0340061179146127,0.09160023888713224,0.09936233870353195,0.1013004181345333,0.09895086999479835,0.024289575792788273,13.248605913637698,0.0340061179146127,0.09160023888713224,0.09936233870353195,0.1013004181345333,0.09895086999479835,0.024289575792788273,13.248605913637698
0.10049303028177659,0.0928561577469231,0.10817161408262642,0.0323854856947209,0.0,0.027259058538571683,13.483481460178464,0.10049303028177659,0.0928561577469231,0.10817161408262642,0.0323854856947209,0.0,0.027259058538571683,13.483481460178464
0.002002219749667151,0.0927151595418674,0.10650824058976693,0.8846564227340563,0.005717839715978168,0.02349354560734502,12.302948933155587,0.002002219749667151,0.0927151595418674,0.10650824058976693,0.8846564227340563,0.005717839715978168,0.02349354560734502,12.302948933155587
0.036456665453537145,0.03770135559219372,0.03078291808312058,0.02276247748210172,0.0037317882499326134,0.02430501684464714,13.887194791452137,0.036456665453537145,0.03770135559219372,0.03078291808312058,0.02276247748210172,0.0037317882499326134,0.02430501684464714,13.887194791452137
0.10042633508756564,0.10197306229525571,0.10966725469963186,0.09984882404857585,0.10479352218285497,0.02117838447293153,13.160734376878205,0.10042633508756564,0.10197306229525571,0.10966725469963186,0.09984882404857585,0.10479352218285497,0.02117838447293153,13.160734376878205
0.09622991276473986,0.11288032452669128,0.11426828372253928,0.0025900622291303993,0.0954259275301551,0.02430464939719945,13.248711397847657,0.09622991276473986,0.11288032452669128,0.11426828372253928,0.0025900622291303993,0.0954259275301551,0.02430464939719945,13.248711397847657
0.10053666927434728,0.025609380904245638,0.11324311614557579,0.10125246687645065,0.02219536404341039,0.017179099876419517,13.527788365575713,0.10053666927434728,0.025609380904245638,0.11324311614557579,0.10125246687645065,0.02219536404341039,0.017179099876419517,13.527788365575713
0.07700770068910051,0.04414421137201488,0.1058060202085998,0.09624653681765896,0.0332291681900662,0.02356355067977938,13.430896503772733,0.07700770068910051,0.04414421137201488,0.1058060202085998,0.09624653681765896,0.0332291681900662,0.02356355067977938,13.430896503772733
0.0986627891983616,0.0,0.11118586058041346,0.11661893503192172,0.0024608899079796853,0.02270062467761026,13.61592520515679,0.0986627891983616,0.0,0.11118586058041346,0.11661893503192172,0.0024608899079796853,0.02270062467761026,13.61592520515679
0.04144673243789579,0.04355125197490303,0.11399732068412984,0.1007791457919554,0.09822961710088617,0.023983127172455078,13.323734620721096,0.04144673243789579,0.04355125197490303,0.11399732068412984,0.1007791457919554,0.09822961710088617,0.023983127172455078,13.323734620721096
0.03455974140277309,0.09650026088777033,0.028674815881946328,0.09550161127237283,0.009953916385607331,0.0001285314128094267,13.75531051794546,0.03455974140277309,0.09650026088777033,0.028674815881946328,0.09550161127237283,0.009953916385607331,0.0001285314128094267,13.75531051794546
0.09157020561166634,0.08851060730786503,0.10757400001517446,0.062051096617354216,0.09288874399552438,0.023351267952738782,13.538486896193367,0.09157020561166634,0.08851060730786503,0.10757400001517446,0.062051096617354216,0.09288874399552438,0.023351267952738782,13.538486896193367
0.1004955996018135,0.025609380904245638,0.0038394442662589567,0.10125246687645065,0.02219536404341038,0.023428801355408577,13.563967106595658,0.1004955996018135,0.025609380904245638,0.0038394442662589567,0.10125246687645065,0.02219536404341038,0.023428801355408577,13.563967106595658
0.03290189761664697,0.024840874980743922,0.03107382875991245,0.04606930656889325,0.037810334140228614,0.024260223279111582,13.880119447714886,0.03290189761664697,0.024840874980743922,0.03107382875991245,0.04606930656889325,0.037810334140228614,0.024260223279111582,13.880119447714886
0.09988356781174643,0.09870858880812418,0.03495387094619034,0.022761132832799968,0.003119118440354776,0.02430584592163571,13.688576784963933,0.09988356781174643,0.09870858880812418,0.03495387094619034,0.022761132832799968,0.003119118440354776,0.02430584592163571,13.688576784963933
0.09766230577934709,0.09257354378836369,0.010107918963388135,0.09317147598512433,0.10020653326174611,0.0195376171600939,13.563649334974283,0.09766230577934709,0.09257354378836369,0.010107918963388135,0.09317147598512433,0.10020653326174611,0.0195376171600939,13.563649334974283
0.23981310717251103,0.05384591687707202,0.006589245405101099,0.1071024451963619,0.09933019065405307,0.024248743665192078,13.270563789447648,0.23981310717251103,0.05384591687707202,0.006589245405101099,0.1071024451963619,0.09933019065405307,0.024248743665192078,13.270563789447648
0.10250199687557734,0.092333665974971,0.007662569800642321,0.09090492294694559,0.09182225459286257,0.028794790688663273,13.296743390398653,0.10250199687557734,0.092333665974971,0.007662569800642321,0.09090492294694559,0.09182225459286257,0.028794790688663273,13.296743390398653
0.1043228855348039,0.04355125197490303,0.10944616076220291,0.10057121475239969,0.09904270269874921,0.024049161218674342,13.25074130361285,0.1043228855348039,0.04355125197490303,0.10944616076220291,0.10057121475239969,0.09904270269874921,0.024049161218674342,13.25074130361285
0.09734230932922051,0.09778264080197518,0.10091713388678653,0.09599657967288527,0.10287065933928677,0.02212073460140987,13.158831981571026,0.09734230932922051,0.09778264080197518,0.10091713388678653,0.09599657967288527,0.10287065933928677,0.02212073460140987,13.158831981571026
0.09950049268423247,0.024874262387748106,0.10066793681948916,0.005679756572544853,0.016543161268128912,0.024329146487178082,13.563122686138588,0.09950049268423247,0.024874262387748106,0.10066793681948916,0.005679756572544853,0.016543161268128912,0.024329146487178082,13.563122686138588
0.09875115361124982,0.10094265921592435,0.11459747318326563,0.11327343649018262,0.09717330340418154,0.019931752138733126,13.100054856200899,0.09875115361124982,0.10094265921592435,0.11459747318326563,0.11327343649018262,0.09717330340418154,0.019931752138733126,13.100054856200899
0.04846308038850373,0.004111739525744756,0.0397035657662289,0.1155363520793994,0.09668743837638083,0.024379919152271695,13.475123639933994,0.04846308038850373,0.004111739525744756,0.0397035657662289,0.1155363520793994,0.09668743837638083,0.024379919152271695,13.475123639933994
0.050882843479398115,0.08728705991532461,0.10495994534665623,0.05498462425688216,0.00952300485006359,0.024411467773212688,13.621175811148259,0.050882843479398115,0.08728705991532461,0.10495994534665623,0.05498462425688216,0.00952300485006359,0.024411467773212688,13.621175811148259
0.10426454426488785,0.04355125197490303,0.1094461607622029,0.10056917941398294,0.09904270269874921,0.024069784177101657,13.199451221978089,0.10426454426488785,0.04355125197490303,0.1094461607622029,0.10056917941398294,0.09904270269874921,0.024069784177101657,13.199451221978089
0.006482317910496969,0.001108226682901621,0.10606816822404777,0.03588776931101008,0.09098356757236387,0.11326860940610267,13.449091637220679,0.006482317910496969,0.001108226682901621,0.10606816822404777,0.03588776931101008,0.09098356757236387,0.11326860940610267,13.449091637220679
0.10144365155820378,0.0008338143829065003,0.05575034825447489,0.07038110636058204,0.02975409360119141,0.029200988546824097,13.56827422147543,0.10144365155820378,0.0008338143829065003,0.05575034825447489,0.07038110636058204,0.02975409360119141,0.029200988546824097,13.56827422147543
0.09625180446513662,0.05559334883429036,0.10709638408662976,0.13282018601822704,0.09614424905400418,0.02430214065728871,13.097669480666562,0.09625180446513662,0.05559334883429036,0.10709638408662976,0.13282018601822704,0.09614424905400418,0.02430214065728871,13.097669480666562
0.09229729649513654,0.09086804896390614,0.03964348685226075,0.1053152658590074,0.10229026692216012,0.023448530490959837,13.363804797953692,0.09229729649513654,0.09086804896390614,0.03964348685226075,0.1053152658590074,0.10229026692216012,0.023448530490959837,13.363804797953692
0.07418080680399748,0.10174110788693211,0.02941499014139716,0.10755797025235031,0.09668743837638083,0.023813866818500257,13.276705358307119,0.07418080680399748,0.10174110788693211,0.02941499014139716,0.10755797025235031,0.09668743837638083,0.023813866818500257,13.276705358307119
0.06223322725311565,0.09639821916677993,0.10683121747908764,0.09928284036995412,0.09271572530666367,0.024567493819524677,13.262734329633783,0.06223322725311565,0.09639821916677993,0.10683121747908764,0.09928284036995412,0.09271572530666367,0.024567493819524677,13.262734329633783
0.10029160256340422,0.0804679305028757,0.11387663358051706,0.10068068061309568,0.001864529524798153,0.027962869510486606,13.41890668453345,0.10029160256340422,0.0804679305028757,0.11387663358051706,0.10068068061309568,0.001864529524798153,0.027962869510486606,13.41890668453345
0.1005035090664605,0.09897861788998402,0.037858174842713914,0.09977606243593776,0.10237651610099795,0.024013132203805732,13.25242084066136,0.1005035090664605,0.09897861788998402,0.037858174842713914,0.09977606243593776,0.10237651610099795,0.024013132203805732,13.25242084066136
0.01684073831609474,0.02884350106917148,0.028599049061086568,0.09856359137134507,0.09822961710088618,0.020334484517344584,13.740452708675832,0.01684073831609474,0.02884350106917148,0.028599049061086568,0.09856359137134507,0.09822961710088618,0.020334484517344584,13.740452708675832
0.03450001782025858,0.031139244224238555,0.10794777911223799,0.09396920947993462,0.037599163341604604,0.022323444531611402,13.519092158409006,0.03450001782025858,0.031139244224238555,0.10794777911223799,0.09396920947993462,0.037599163341604604,0.022323444531611402,13.519092158409006
0.09349842347915033,0.06120845832684778,0.10343576511401997,0.10707853513646533,0.06419137195514221,0.02280455518196046,13.50276129480209,0.09349842347915033,0.06120845832684778,0.10343576511401997,0.10707853513646533,0.06419137195514221,0.02280455518196046,13.50276129480209
0.10596903983499395,0.04381287373409422,0.02753319836637115,0.01197477140700108,0.11554125178897388,0.02334510692609646,13.488592682586884,0.10596903983499395,0.04381287373409422,0.02753319836637115,0.01197477140700108,0.11554125178897388,0.02334510692609646,13.488592682586884
0.0985295015253945,0.09210108346421664,0.10337998780387286,0.09350137373995701,0.026423929095006696,0.023760026320816304,13.353810132989345,0.0985295015253945,0.09210108346421664,0.10337998780387286,0.09350137373995701,0.026423929095006696,0.023760026320816304,13.353810132989345
0.03629220588415295,0.03895700421105105,0.031242413774839498,0.022762477482101716,0.000669278039950455,0.02430584592163571,13.87243177812382,0.03629220588415295,0.03895700421105105,0.031242413774839498,0.022762477482101716,0.000669278039950455,0.02430584592163571,13.87243177812382
0.11050132709120075,0.10197790681836905,0.018361596860048904,0.10655067418354269,0.10333114885948808,0.02121758175142349,13.282368608695714,0.11050132709120075,0.10197790681836905,0.018361596860048904,0.10655067418354269,0.10333114885948808,0.02121758175142349,13.282368608695714
0.03349358691601648,0.09073867618473055,0.09936233870353195,0.008201117193627533,0.0961579007971107,0.023547706293138362,13.435130682953156,0.03349358691601648,0.09073867618473055,0.09936233870353195,0.008201117193627533,0.0961579007971107,0.023547706293138362,13.435130682953156
0.00891680513422495,0.09221133671080484,0.1036161187692202,0.10837258476975556,0.006531760817733002,0.009421590952181532,13.515503769684708,0.00891680513422495,0.09221133671080484,0.1036161187692202,0.10837258476975556,0.006531760817733002,0.009421590952181532,13.515503769684708
0.09732920512637863,0.0963712611132168,0.02793395497897322,0.09550161127237283,0.009953916385607331,0.024680358189536275,13.510012334831877,0.09732920512637863,0.0963712611132168,0.02793395497897322,0.09550161127237283,0.009953916385607331,0.024680358189536275,13.510012334831877
0.09995828561562109,0.09974880834550101,0.10094341080423866,0.11123628072465486,0.018972224011785825,0.022576910245846987,13.243625339442982,0.09995828561562109,0.09974880834550101,0.10094341080423866,0.11123628072465486,0.018972224011785825,0.022576910245846987,13.243625339442982
0.05008147574151286,0.003208346874329686,0.03919226418588466,0.031007595398592408,0.02338243880258186,0.024016496380870014,13.812595663580195,0.05008147574151286,0.003208346874329686,0.03919226418588466,0.031007595398592408,0.02338243880258186,0.024016496380870014,13.812595663580195
0.0,0.0244111869661338,0.10267207037102531,0.09773944739456408,0.11835277838646131,0.006026402267019126,13.919339495241854,0.0,0.0244111869661338,0.10267207037102531,0.09773944739456408,0.11835277838646131,0.006026402267019126,13.919339495241854
0.10648902162236,0.08156664713467261,0.0038394442662589567,0.10206561727877979,0.10904699124979533,0.023428801355408577,13.383680648885615,0.10648902162236,0.08156664713467261,0.0038394442662589567,0.10206561727877979,0.10904699124979533,0.023428801355408577,13.383680648885615
0.9302186011535407,0.11692531566190884,0.10956163725176682,0.0,0.10932034020940873,0.01723421001100238,12.131204910121468,0.9302186011535407,0.11692531566190884,0.10956163725176682,0.0,0.10932034020940873,0.01723421001100238,12.131204910121468
0.022909588104218274,0.04513579931363318,1.0,0.12175405628350741,0.10511234691393537,0.020315653171830775,12.873426189890177,0.022909588104218274,0.04513579931363318,1.0,0.12175405628350741,0.10511234691393537,0.020315653171830775,12.873426189890177
0.09742227614559965,0.0003054469886789035,0.10265627127317047,0.00018371367536869267,0.033492498956708305,0.025800919975705598,13.814487271951569,0.09742227614559965,0.0003054469886789035,0.10265627127317047,0.00018371367536869267,0.033492498956708305,0.025800919975705598,13.814487271951569
0.03637981834471762,0.04242945466196585,0.08516507715267013,0.0978975965534681,0.00352564297682377,0.02675753184387634,13.64257670718273,0.03637981834471762,0.04242945466196585,0.08516507715267013,0.0978975965534681,0.00352564297682377,0.02675753184387634,13.64257670718273
0.08758466414934081,0.09221133671080484,0.0969242111481275,0.0,0.00230566205705153,0.024319110377811863,13.491162996975374,0.08758466414934081,0.09221133671080484,0.0969242111481275,0.0,0.00230566205705153,0.024319110377811863,13.491162996975374
0.10831791627666984,0.08423050162892326,0.0015567828402277403,0.09311536236652815,0.09925526173243943,0.029422921723104623,13.427027445928665,0.10831791627666984,0.08423050162892326,0.0015567828402277403,0.09311536236652815,0.09925526173243943,0.029422921723104623,13.427027445928665
0.0979406467072466,0.08140215672716268,0.000594487361980825,0.03487511550130581,0.003403400846125594,0.029122760223669976,13.762272091245928,0.0979406467072466,0.08140215672716268,0.000594487361980825,0.03487511550130581,0.003403400846125594,0.029122760223669976,13.762272091245928
0.10036947167339799,0.0003054469886789035,0.10268685076502604,0.007301670871017199,0.0334924989567083,0.025800919975705598,13.636440867878084,0.10036947167339799,0.0003054469886789035,0.10268685076502604,0.007301670871017199,0.0334924989567083,0.025800919975705598,13.636440867878084
0.09989614187061796,0.04207196601294547,0.029601914991586625,0.0445075636997576,0.03779711483629091,0.02275590267852451,13.73522148450204,0.09989614187061796,0.04207196601294547,0.029601914991586625,0.0445075636997576,0.03779711483629091,0.02275590267852451,13.73522148450204
0.0012746455394627692,0.02466934023280535,0.10476727259998506,0.10220226434180407,0.09497118138999966,0.021212944470124097,13.666775641921436,0.0012746455394627692,0.02466934023280535,0.10476727259998506,0.10220226434180407,0.09497118138999966,0.021212944470124097,13.666775641921436
0.09658855041140096,0.04337172849437176,0.11451406623972962,0.009967763830859004,0.09822961710088615,0.021102851148627446,13.50842575390456,0.09658855041140096,0.04337172849437176,0.11451406623972962,0.009967763830859004,0.09822961710088615,0.021102851148627446,13.50842575390456
0.09176517781104415,0.0036115308077605476,0.03764369127941363,0.09382971673908998,0.02272615469445083,0.02437937761186345,13.825802898194139,0.09176517781104415,0.0036115308077605476,0.03764369127941363,0.09382971673908998,0.02272615469445083,0.02437937761186345,13.825802898194139
0.09625180446513662,0.09283919540568991,0.11782287547523204,0.09500809592280315,0.1209192112113949,0.02430214065728871,13.022953322392954,0.09625180446513662,0.09283919540568991,0.11782287547523204,0.09500809592280315,0.1209192112113949,0.02430214065728871,13.022953322392954
0.10054388638122612,0.8628105018208434,0.1039714483195121,0.10946000534982678,0.010864765151808203,0.0,11.861993740408392,0.10054388638122612,0.8628105018208434,0.1039714483195121,0.10946000534982678,0.010864765151808203,0.0,11.861993740408392
0.10180400450502756,0.0004616918868370068,0.10865205266863232,0.008536719862558426,0.09785272084756791,0.032125910283025916,13.410992558338908,0.10180400450502756,0.0004616918868370068,0.10865205266863232,0.008536719862558426,0.09785272084756791,0.032125910283025916,13.410992558338908
0.09820992731269601,0.10079695622102403,0.01591423949435581,0.009911771187640295,0.0004273365116555239,0.020860144776185766,13.732326998857927,0.09820992731269601,0.10079695622102403,0.01591423949435581,0.009911771187640295,0.0004273365116555239,0.020860144776185766,13.732326998857927
0.10023882977626156,0.09943628859805204,0.09984698528365524,0.1001563170628509,0.10366490638262521,0.021216897113023242,13.461576367482273,0.10023882977626156,0.09943628859805204,0.09984698528365524,0.1001563170628509,0.10366490638262521,0.021216897113023242,13.461576367482273
0.047658095949353566,0.0793774333481843,0.09776254728393835,0.09779645958238319,0.03817769918251013,0.023035242730060204,13.477328259562297,0.047658095949353566,0.0793774333481843,0.09776254728393835,0.09779645958238319,0.03817769918251013,0.023035242730060204,13.477328259562297
0.03344964915454389,0.0945469801599557,0.09494836440416457,0.05460872887786407,0.09763599019671063,0.024269251553907523,13.357494678743683,0.03344964915454389,0.0945469801599557,0.09494836440416457,0.05460872887786407,0.09763599019671063,0.024269251553907523,13.357494678743683
0.008312992196121383,0.022937149204668078,0.10179279226308624,0.097532393542694,0.09802291363893142,0.022667063192850716,13.581698120893146,0.008312992196121383,0.022937149204668078,0.10179279226308624,0.097532393542694,0.09802291363893142,0.022667063192850716,13.581698120893146
0.008488854820952779,0.023155154599543842,0.10179279226308624,0.0006334646703689065,0.0013962888460470335,0.022667063192850716,13.938488379060315,0.008488854820952779,0.023155154599543842,0.10179279226308624,0.0006334646703689065,0.0013962888460470335,0.022667063192850716,13.938488379060315
0.006237323593820454,0.06781060924771237,0.041962478621780666,0.11226807834732308,0.10546985413476687,0.023838576768449533,13.500722786162314,0.006237323593820454,0.06781060924771237,0.041962478621780666,0.11226807834732308,0.10546985413476687,0.023838576768449533,13.500722786162314
0.14012157556398497,0.08759476083920614,0.029387983384021266,0.1538316527038221,0.024302384758023245,0.021152240272803418,13.348256981899935,0.14012157556398497,0.08759476083920614,0.029387983384021266,0.1538316527038221,0.024302384758023245,0.021152240272803418,13.348256981899935
0.008856569865614767,0.0860567648724509,0.010482759120447103,0.027739732898944103,0.09601223970820404,0.02380443621012697,13.619620812071657,0.008856569865614767,0.0860567648724509,0.010482759120447103,0.027739732898944103,0.09601223970820404,0.02380443621012697,13.619620812071657
0.0994766665175704,0.05330954433248403,0.005278108728820022,0.10727705720310396,0.09775190254945945,0.02093492287908448,13.668372498142174,0.0994766665175704,0.05330954433248403,0.005278108728820022,0.10727705720310396,0.09775190254945945,0.02093492287908448,13.668372498142174
0.03718440488039596,0.09943628859805204,0.011210327066266929,0.0012503204512945981,0.09279125268112817,0.0211252443483472,13.737042368044479,0.03718440488039596,0.09943628859805204,0.011210327066266929,0.0012503204512945981,0.09279125268112817,0.0211252443483472,13.737042368044479
0.10007893799530262,0.0012540279873338514,0.10100379199747217,0.10016957750293115,0.00167957121529283,0.02265501756366223,13.60669221337486,0.10007893799530262,0.0012540279873338514,0.10100379199747217,0.10016957750293115,0.00167957121529283,0.02265501756366223,13.60669221337486
0.0951509904725547,0.08907504874811738,0.10757538698726704,0.06342277273772265,0.0047453286326176874,0.021701217717980774,13.574344559162022,0.0951509904725547,0.08907504874811738,0.10757538698726704,0.06342277273772265,0.0047453286326176874,0.021701217717980774,13.574344559162022
0.10845258132344243,0.04379197217051195,0.0255095420894325,0.9053061739902546,0.10447070354374319,0.02942523534696697,12.18298821509295,0.10845258132344243,0.04379197217051195,0.0255095420894325,0.9053061739902546,0.10447070354374319,0.02942523534696697,12.18298821509295
0.098969267977798,0.03983115048506292,0.10750360857414398,0.10777859033968307,0.0988962888743562,0.027707757521635505,13.226580646267891,0.098969267977798,0.03983115048506292,0.10750360857414398,0.10777859033968307,0.0988962888743562,0.027707757521635505,13.226580646267891
0.09900956152145503,0.020939142612608354,0.107816311118754,4.303152096971075e-6,0.10003640597850252,0.02366705445399093,13.740971026170616,0.09900956152145503,0.020939142612608354,0.107816311118754,4.303152096971075e-6,0.10003640597850252,0.02366705445399093,13.740971026170616
0.048450244365099704,0.10136815980619959,0.05396634913503707,0.12045360939246808,0.0001419785922300021,0.02474204542638708,13.411963279692191,0.048450244365099704,0.10136815980619959,0.05396634913503707,0.12045360939246808,0.0001419785922300021,0.02474204542638708,13.411963279692191
0.11061378473219227,0.10072786644298728,0.1001788050130719,0.11116296196721465,0.07995488150773568,0.022576910245846987,13.258890765715087,0.11061378473219227,0.10072786644298728,0.1001788050130719,0.11116296196721465,0.07995488150773568,0.022576910245846987,13.258890765715087
0.050882843479398115,0.08862405885317712,0.013242921960502127,0.054984624256882164,0.0037347599374614876,0.024411467773212688,13.903815757083212,0.050882843479398115,0.08862405885317712,0.013242921960502127,0.054984624256882164,0.0037347599374614876,0.024411467773212688,13.903815757083212
0.09962025318132764,0.1014296089669503,0.10648688868242673,0.1007791457919554,0.011048374471205241,0.024049790607013295,13.227833035505379,0.09962025318132764,0.1014296089669503,0.10648688868242673,0.1007791457919554,0.011048374471205241,0.024049790607013295,13.227833035505379
0.10029160256340422,0.0804679305028757,0.11387663358051706,0.10999376898663416,0.001864529524798146,0.026838388790198058,13.281988976376141,0.10029160256340422,0.0804679305028757,0.11387663358051706,0.10999376898663416,0.001864529524798146,0.026838388790198058,13.281988976376141
0.09846906877784148,0.09155942060200636,0.10605751026813508,0.09600408980443181,0.09766802203835181,0.027487453635176663,13.129325069629887,0.09846906877784148,0.09155942060200636,0.10605751026813508,0.09600408980443181,0.09766802203835181,0.027487453635176663,13.129325069629887
0.03488855966198309,0.004525151254445331,0.021399093433474813,0.04967970092710311,0.03664895859194668,0.021276570514981323,13.816572928931093,0.03488855966198309,0.004525151254445331,0.021399093433474813,0.04967970092710311,0.03664895859194668,0.021276570514981323,13.816572928931093
0.09033095367590938,0.0018954248374000449,0.10752871879936383,0.09416463557925153,0.09801720385789602,0.02476814782049898,13.528910939898447,0.09033095367590938,0.0018954248374000449,0.10752871879936383,0.09416463557925153,0.09801720385789602,0.02476814782049898,13.528910939898447
0.09675198570702127,0.02497637199504167,0.0005468957423215431,0.09480347748381848,0.02950939889936125,0.022678892718422095,13.797995681212845,0.09675198570702127,0.02497637199504167,0.0005468957423215431,0.09480347748381848,0.02950939889936125,0.022678892718422095,13.797995681212845
0.0,0.013984485162062896,0.055351646057730665,0.021808411151385904,0.0937514539991269,0.02009425486510416,13.858372907361186,0.0,0.013984485162062896,0.055351646057730665,0.021808411151385904,0.0937514539991269,0.02009425486510416,13.858372907361186
0.05008147574151285,0.08790900206982952,0.10564254280340396,0.030793068402533815,0.023382438802581867,0.02400433008703466,13.57653507977217,0.05008147574151285,0.08790900206982952,0.10564254280340396,0.030793068402533815,0.023382438802581867,0.02400433008703466,13.57653507977217
0.09169599071431239,0.09892061273275907,0.11149584819899006,0.10133703060381644,0.10190496765019538,0.02006755250336684,13.196003641354128,0.09169599071431239,0.09892061273275907,0.11149584819899006,0.10133703060381644,0.10190496765019538,0.02006755250336684,13.196003641354128
0.10143487362132686,0.04355125197490303,0.10909355928382314,0.1007791457919554,0.09822961710088618,0.021198680117656316,13.348028007304617,0.10143487362132686,0.04355125197490303,0.10909355928382314,0.1007791457919554,0.09822961710088618,0.021198680117656316,13.348028007304617
0.03423894230649066,0.09250554809253544,0.11004832922601016,0.0006029192689507301,0.0925602181031967,0.023365760935544898,13.40803622988427,0.03423894230649066,0.09250554809253544,0.11004832922601016,0.0006029192689507301,0.0925602181031967,0.023365760935544898,13.40803622988427
0.04978550250267338,0.0007078814459099761,0.13172308360878265,0.8688813936014239,0.8103453879388658,0.021206936889907504,10.678971810229525,0.04978550250267338,0.0007078814459099761,0.13172308360878265,0.8688813936014239,0.8103453879388658,0.021206936889907504,10.678971810229525
0.032737537470038436,0.09974059384462783,0.003312350023050671,0.10161167009418948,0.003932469760524353,0.024726330028206303,13.702708514038648,0.032737537470038436,0.09974059384462783,0.003312350023050671,0.10161167009418948,0.003932469760524353,0.024726330028206303,13.702708514038648
0.002434179727964225,0.0996799442870957,0.0,0.04277878098026698,0.0,0.018883441412722107,13.886777338591084,0.002434179727964225,0.0996799442870957,0.0,0.04277878098026698,0.0,0.018883441412722107,13.886777338591084
0.09868435794901599,0.09121672933402625,0.005100205903368071,0.0932262843814762,0.01997822766042523,0.022712421614839003,13.534066848091957,0.09868435794901599,0.09121672933402625,0.005100205903368071,0.0932262843814762,0.01997822766042523,0.022712421614839003,13.534066848091957
0.09868102343240898,0.09367260869356409,0.003933467408299751,0.11317231415822712,0.09723224600945193,0.02135338110923855,13.247102119939369,0.09868102343240898,0.09367260869356409,0.003933467408299751,0.11317231415822712,0.09723224600945193,0.02135338110923855,13.247102119939369
0.09846906877784148,0.09155942060200636,0.0995042077452746,0.1013058920450206,0.09906198699593712,0.02747920997520068,13.247967041647547,0.09846906877784148,0.09155942060200636,0.0995042077452746,0.1013058920450206,0.09906198699593712,0.02747920997520068,13.247967041647547
0.09962025318132764,0.043551251974903026,0.11399830535462566,0.1007791457919554,0.011048374471205234,0.0240497906070133,13.331994243633742,0.09962025318132764,0.043551251974903026,0.11399830535462566,0.1007791457919554,0.011048374471205234,0.0240497906070133,13.331994243633742
0.035910741719741054,0.08836680519103868,0.03744739872191198,0.10946597237126343,0.0981524009266988,0.0,13.504471937782538,0.035910741719741054,0.08836680519103868,0.03744739872191198,0.10946597237126343,0.0981524009266988,0.0,13.504471937782538
0.08810220413147556,0.09226749249019169,0.09829913609923416,0.09749585470507316,0.09195777126850302,0.024722073468727575,13.435585726070864,0.08810220413147556,0.09226749249019169,0.09829913609923416,0.09749585470507316,0.09195777126850302,0.024722073468727575,13.435585726070864
0.03691085918649497,0.03916302613889476,0.03197507582760007,0.022318001256726106,0.0006065172672237214,0.02430584592163571,13.817875425640928,0.03691085918649497,0.03916302613889476,0.03197507582760007,0.022318001256726106,0.0006065172672237214,0.02430584592163571,13.817875425640928
0.09517306068148833,0.0891121390083273,0.10918426404923709,0.06517399726959212,0.0047453286326176874,0.021196532822748904,13.513153508368074,0.09517306068148833,0.0891121390083273,0.10918426404923709,0.06517399726959212,0.0047453286326176874,0.021196532822748904,13.513153508368074
0.10270572334325612,0.04529726991194754,0.10506791210877053,0.10443642257203439,0.09569065838549566,0.023472161623100837,13.256865563652106,0.10270572334325612,0.04529726991194754,0.10506791210877053,0.10443642257203439,0.09569065838549566,0.023472161623100837,13.256865563652106
0.8142892126008396,0.0804012842890062,0.10292447630401552,0.0993494199815089,0.09499218952513286,0.01985181191841358,11.858244141055215,0.8142892126008396,0.0804012842890062,0.10292447630401552,0.0993494199815089,0.09499218952513286,0.01985181191841358,11.858244141055215
0.023027235188620813,0.09221133671080484,0.005100205903368071,0.09449137991881909,0.010162792594545722,0.02779591451394413,13.728358093905214,0.023027235188620813,0.09221133671080484,0.005100205903368071,0.09449137991881909,0.010162792594545722,0.02779591451394413,13.728358093905214
0.03753695544557271,0.028869203501270382,0.08516507715267013,0.09804809379893321,0.0033813906372353944,0.026757531843876338,13.668728342618754,0.03753695544557271,0.028869203501270382,0.08516507715267013,0.09804809379893321,0.0033813906372353944,0.026757531843876338,13.668728342618754
0.15756337836360726,0.04482151994375825,0.11193794276768027,0.027375078717599505,0.09766940236830213,0.02428654163279357,13.19874941508773,0.15756337836360726,0.04482151994375825,0.11193794276768027,0.027375078717599505,0.09766940236830213,0.02428654163279357,13.19874941508773
0.09810845913294441,0.1021098993574748,0.008314008494970673,0.8702682472460567,0.10195852943032953,0.021054693256130883,11.747736621375964,0.09810845913294441,0.1021098993574748,0.008314008494970673,0.8702682472460567,0.10195852943032953,0.021054693256130883,11.747736621375964
0.11061378473219227,0.10072786644298728,0.10017880501307189,0.0011905552184626952,0.07995488150773566,0.0229480232293862,13.457928346987067,0.11061378473219227,0.10072786644298728,0.10017880501307189,0.0011905552184626952,0.07995488150773566,0.0229480232293862,13.457928346987067
0.09747173840216625,0.028246214526838488,0.08983301408779132,0.10731515422050464,0.02708580849455776,0.024362426100112182,13.381529502707732,0.09747173840216625,0.028246214526838488,0.08983301408779132,0.10731515422050464,0.02708580849455776,0.024362426100112182,13.381529502707732
0.09693357712143404,0.09927681416019293,0.10341998988999247,0.12085221795226743,0.010802393396974282,0.027728144191661468,13.231153667847044,0.09693357712143404,0.09927681416019293,0.10341998988999247,0.12085221795226743,0.010802393396974282,0.027728144191661468,13.231153667847044
0.09848409167782676,0.043555043464092176,0.11399732068412982,0.1007791457919554,0.09822961710088615,0.027949234125973613,13.199253516822305,0.09848409167782676,0.043555043464092176,0.11399732068412982,0.1007791457919554,0.09822961710088615,0.027949234125973613,13.199253516822305
0.006615491375769111,0.11692531566190884,0.10716877070978587,0.09116278423579535,0.10932034020940873,0.027722054885682985,13.224851685502808,0.006615491375769111,0.11692531566190884,0.10716877070978587,0.09116278423579535,0.10932034020940873,0.027722054885682985,13.224851685502808
0.10704980721805743,0.025805831993471928,0.1076242971126315,0.10209609772293171,0.10022881638584337,0.013839988332008888,13.473363447865315,0.10704980721805743,0.025805831993471928,0.1076242971126315,0.10209609772293171,0.10022881638584337,0.013839988332008888,13.473363447865315
0.0964782495504623,0.09318158490441183,0.10357094314318707,0.055553706277924,0.019951109329850062,0.024414987195303585,13.402709126688638,0.0964782495504623,0.09318158490441183,0.10357094314318707,0.055553706277924,0.019951109329850062,0.024414987195303585,13.402709126688638
0.09806479794091405,0.08070106267058069,0.10950377239899814,0.0010428103602870414,0.014510494699831525,0.0234785789908014,13.454249308679431,0.09806479794091405,0.08070106267058069,0.10950377239899814,0.0010428103602870414,0.014510494699831525,0.0234785789908014,13.454249308679431
0.10098088124361967,0.02667349155532952,0.9987455294921324,0.038939685314787545,0.026817270762986956,0.008996416382664976,12.879926517399007,0.10098088124361967,0.02667349155532952,0.9987455294921324,0.038939685314787545,0.026817270762986956,0.008996416382664976,12.879926517399007
0.09820992731269601,0.0675478283904882,0.04222677007708805,0.11311506800273054,0.0003635606622583165,0.02088812283384015,13.666665377875386,0.09820992731269601,0.0675478283904882,0.04222677007708805,0.11311506800273054,0.0003635606622583165,0.02088812283384015,13.666665377875386
0.0496382883471319,0.09943628859805201,0.09984698528365524,0.020092454295708065,0.02253472166992965,0.020685126244417942,13.83057003446672,0.0496382883471319,0.09943628859805201,0.09984698528365524,0.020092454295708065,0.02253472166992965,0.020685126244417942,13.83057003446672
0.10878853519085505,0.0004089539264261824,0.04002184683094495,0.10110163713470477,0.09789362927412067,0.014620582860564666,13.496522020991854,0.10878853519085505,0.0004089539264261824,0.04002184683094495,0.10110163713470477,0.09789362927412067,0.014620582860564666,13.496522020991854
0.11086635584399476,0.10197790681836905,0.0183615968600489,0.10947093285760581,0.10333114885948808,0.021203344118649287,13.169789280136984,0.11086635584399476,0.10197790681836905,0.0183615968600489,0.10947093285760581,0.10333114885948808,0.021203344118649287,13.169789280136984
0.1005035090664605,0.07070494019419794,0.03790344784450074,0.09978674993982209,0.10213754192065805,0.024005022060105838,13.305290861235418,0.1005035090664605,0.07070494019419794,0.03790344784450074,0.09978674993982209,0.10213754192065805,0.024005022060105838,13.305290861235418
0.0009635867254983374,0.08055548975712869,0.09694043730739571,0.04352610722736695,0.002112934356826704,0.023525545091407828,13.744383416160828,0.0009635867254983374,0.08055548975712869,0.09694043730739571,0.04352610722736695,0.002112934356826704,0.023525545091407828,13.744383416160828
0.0001330298864802154,0.041069678280613836,0.10722939257360187,0.04450005261149598,0.03767306570678827,0.014503059599547813,13.803399820707632,0.0001330298864802154,0.041069678280613836,0.10722939257360187,0.04450005261149598,0.03767306570678827,0.014503059599547813,13.803399820707632
0.09117156359868911,0.020074039206707833,0.10144670953734843,0.09437375888332672,0.098017203857896,0.024758339022789337,13.49202825693876,0.09117156359868911,0.020074039206707833,0.10144670953734843,0.09437375888332672,0.098017203857896,0.024758339022789337,13.49202825693876
0.109825271993365,0.10318819462214271,0.10732552802756226,0.09504578491903162,0.8553147928367155,0.0031652421779159307,11.547807707390435,0.109825271993365,0.10318819462214271,0.10732552802756226,0.09504578491903162,0.8553147928367155,0.0031652421779159307,11.547807707390435
0.0345232282902169,0.09266132497248272,0.10931750665136887,0.0006029192689507301,0.0925602181031967,0.0233701874462674,13.443996317336358,0.0345232282902169,0.09266132497248272,0.10931750665136887,0.0006029192689507301,0.0925602181031967,0.0233701874462674,13.443996317336358
