f_1,f_2,f_3,f_4,f_5,f_6,f_7,f_1_min,f_2_min,f_3_min,f_4_min,f_5_min,f_6_min,f_7_min
0.03877160363414418,0.12157466593644872,0.03770209230788488,0.026361455981529006,0.07889001259868536,0.07670161713687293,0.12000871957767163,0.03877160363414418,0.12157466593644872,0.03770209230788488,0.026361455981529006,0.07889001259868536,0.07670161713687293,0.12000871957767163
0.07282928295329334,0.11182554897715923,0.049487661738374225,0.03671269224412511,0.09033634607902206,0.04802041553429264,0.0908209895228215,0.07282928295329334,0.11182554897715923,0.049487661738374225,0.03671269224412511,0.09033634607902206,0.04802041553429264,0.0908209895228215
0.04701436797009846,0.07164660513079978,0.07223368746708733,0.03505914040120298,0.1345378698253032,0.048207089491289865,0.09130416723799736,0.04701436797009846,0.07164660513079978,0.07223368746708733,0.03505914040120298,0.1345378698253032,0.048207089491289865,0.09130416723799736
0.049552096606350966,0.050267810311404225,0.04982416080962418,0.09941706394459936,0.09116101563095796,0.0691590556174035,0.09065463134765714,0.049552096606350966,0.050267810311404225,0.04982416080962418,0.09941706394459936,0.09116101563095796,0.0691590556174035,0.09065463134765714
0.09074361687072655,0.05038825588790172,0.04970674829930267,0.03845080797332917,0.09027074426065179,0.04838273745245181,0.13208291898981003,0.09074361687072655,0.05038825588790172,0.04970674829930267,0.03845080797332917,0.09027074426065179,0.04838273745245181,0.13208291898981003
0.04876242805602054,0.09136821836778589,0.05131688960170739,0.05884109221871969,0.09060417115316716,0.04693787460509841,0.11217331061391549,0.04876242805602054,0.09136821836778589,0.05131688960170739,0.05884109221871969,0.09060417115316716,0.04693787460509841,0.11217331061391549
0.06916950840571717,0.07070374160593394,0.050911034822693726,0.05825493824237992,0.09016235423637449,0.04886758226048292,0.11193227150935886,0.06916950840571717,0.07070374160593394,0.050911034822693726,0.05825493824237992,0.09016235423637449,0.04886758226048292,0.11193227150935886
0.0793045091811122,0.03820157274524046,0.16061395847832913,0.028581416693175078,0.07841989818463048,0.035918963298831666,0.07896569820530545,0.0793045091811122,0.03820157274524046,0.16061395847832913,0.028581416693175078,0.07841989818463048,0.035918963298831666,0.07896569820530545
0.0795797209868965,0.03869481245281463,0.07922804960192663,0.06600905382951759,0.120574476127923,0.03620487005817479,0.07976583175124913,0.0795797209868965,0.03869481245281463,0.07922804960192663,0.06600905382951759,0.120574476127923,0.03620487005817479,0.07976583175124913
0.09121855855838974,0.07112803587045369,0.052273961327771956,0.03734822127084982,0.1097512482041396,0.0476740209034252,0.09060741255804741,0.09121855855838974,0.07112803587045369,0.052273961327771956,0.03734822127084982,0.1097512482041396,0.0476740209034252,0.09060741255804741
0.04973863116744606,0.0719535086521385,0.05011412997676594,0.037063077019219154,0.090165298212264,0.11008500153568986,0.09089200520078547,0.04973863116744606,0.0719535086521385,0.05011412997676594,0.037063077019219154,0.090165298212264,0.11008500153568986,0.09089200520078547
0.0705776099043105,0.04998095886645815,0.05010875024370621,0.037067837133796404,0.09027144669518328,0.08953453429487858,0.11248596107103222,0.0705776099043105,0.04998095886645815,0.05010875024370621,0.037067837133796404,0.09027144669518328,0.08953453429487858,0.11248596107103222
0.046754478490835145,0.09473749554517012,0.07060176142552664,0.03700721877234763,0.09074385527190856,0.04866035321574036,0.1114955249347146,0.046754478490835145,0.09473749554517012,0.07060176142552664,0.03700721877234763,0.09074385527190856,0.04866035321574036,0.1114955249347146
0.07749504260460366,0.03820717645573152,0.039025518536769145,0.06785980592978108,0.1194950580760873,0.07782103816317226,0.08010093040023371,0.07749504260460366,0.03820717645573152,0.039025518536769145,0.06785980592978108,0.1194950580760873,0.07782103816317226,0.08010093040023371
0.038291845373513884,0.03887278258358993,0.07868419066949937,0.026351542300458313,0.0790135972397079,0.11827575469774888,0.12051048911964445,0.038291845373513884,0.03887278258358993,0.07868419066949937,0.026351542300458313,0.0790135972397079,0.11827575469774888,0.12051048911964445
0.0351554041114725,0.1667563658011232,0.03559742634253731,0.06962517681500999,0.07589932675201722,0.03531280879101626,0.08166311249730962,0.0351554041114725,0.1667563658011232,0.03559742634253731,0.06962517681500999,0.07589932675201722,0.03531280879101626,0.08166311249730962
0.07866870004720114,0.03785679987469502,0.08011796678880058,0.02637599139834357,0.07871573327207834,0.07761423140854891,0.12067804690054382,0.07866870004720114,0.03785679987469502,0.08011796678880058,0.02637599139834357,0.07871573327207834,0.07761423140854891,0.12067804690054382
0.03737853898052346,0.03801266159638077,0.07938111854406964,0.10883300577520795,0.12118183815683205,0.03614770227455099,0.07910224836286717,0.03737853898052346,0.03801266159638077,0.07938111854406964,0.10883300577520795,0.12118183815683205,0.03614770227455099,0.07910224836286717
0.03813103719650644,0.2047951142538001,0.03709555129615844,0.026905773974780372,0.07809836436271522,0.03555021451230171,0.07944159566818788,0.03813103719650644,0.2047951142538001,0.03709555129615844,0.026905773974780372,0.07809836436271522,0.03555021451230171,0.07944159566818788
0.05007905324498932,0.050704747850072986,0.07080956788762559,0.07830822977290336,0.11222253271747289,0.04698644662115979,0.09092394917339885,0.05007905324498932,0.050704747850072986,0.07080956788762559,0.07830822977290336,0.11222253271747289,0.04698644662115979,0.09092394917339885
0.050740608579867244,0.04873852376101524,0.11271086676414938,0.03737622682007431,0.09052599284045992,0.04832543068540952,0.11158468593366562,0.050740608579867244,0.04873852376101524,0.11271086676414938,0.03737622682007431,0.09052599284045992,0.04832543068540952,0.11158468593366562
0.049738584768801664,0.05013443345344495,0.04983605707832961,0.03733066392683568,0.15267998168793823,0.048033443999431366,0.11227355405652065,0.049738584768801664,0.05013443345344495,0.04983605707832961,0.03733066392683568,0.15267998168793823,0.048033443999431366,0.11227355405652065
0.07926570519312331,0.1217632491335943,0.03787282078302277,0.02542845819853176,0.11980018342510974,0.03662772639761197,0.07927248019923336,0.07926570519312331,0.1217632491335943,0.03787282078302277,0.02542845819853176,0.11980018342510974,0.03662772639761197,0.07927248019923336
0.0373855368382868,0.037644851777063434,0.12124117763069144,0.027637860652476098,0.11952417940398316,0.03639425531947762,0.12023026403302171,0.0373855368382868,0.037644851777063434,0.12124117763069144,0.027637860652476098,0.11952417940398316,0.03639425531947762,0.12023026403302171
0.09085057202023329,0.09222481398907814,0.04982232242182999,0.03730394146626667,0.09009830086748906,0.04889687879130185,0.0908364613399741,0.09085057202023329,0.09222481398907814,0.04982232242182999,0.03730394146626667,0.09009830086748906,0.04889687879130185,0.0908364613399741
0.08043938928919739,0.03906824443743348,0.037668108429549214,0.026209322728474673,0.11823170772540131,0.07724511872344925,0.12114038095325345,0.08043938928919739,0.03906824443743348,0.037668108429549214,0.026209322728474673,0.11823170772540131,0.07724511872344925,0.12114038095325345
0.12221102362330556,0.03662912003906222,0.07966644809481928,0.024931053777581518,0.07871930340500237,0.07826164793010507,0.0796091342328714,0.12221102362330556,0.03662912003906222,0.07966644809481928,0.024931053777581518,0.07871930340500237,0.07826164793010507,0.0796091342328714
0.11995068363890501,0.037444717094749946,0.03657741088110844,0.02458233244460893,0.08003216151782043,0.12153644256289138,0.0798870409853756,0.11995068363890501,0.037444717094749946,0.03657741088110844,0.02458233244460893,0.08003216151782043,0.12153644256289138,0.0798870409853756
0.08078056944643597,0.03984480008668195,0.07811152111741967,0.023230517620309327,0.11924059500194008,0.07837819758467815,0.08043868892739027,0.08078056944643597,0.03984480008668195,0.07811152111741967,0.023230517620309327,0.11924059500194008,0.07837819758467815,0.08043868892739027
0.04968417938295783,0.050685481488148866,0.06842939834076346,0.09855955105244867,0.09316803109188822,0.04779582307323566,0.09169073592114767,0.04968417938295783,0.050685481488148866,0.06842939834076346,0.09855955105244867,0.09316803109188822,0.04779582307323566,0.09169073592114767
0.03804123657062487,0.03852886886353965,0.03845666859793153,0.025692937695933546,0.07973894489419697,0.03315766324619347,0.24639129884408525,0.03804123657062487,0.03852886886353965,0.03845666859793153,0.025692937695933546,0.07973894489419697,0.03315766324619347,0.24639129884408525
0.04964737116230603,0.07099185763034134,0.05025699077915349,0.03695119562577591,0.13197469854796545,0.04778506587286387,0.11239508475321745,0.04964737116230603,0.07099185763034134,0.05025699077915349,0.03695119562577591,0.13197469854796545,0.04778506587286387,0.11239508475321745
0.06888306453507968,0.0930650822675,0.0506507271710716,0.036964312900514475,0.09059394607210798,0.06859025419549877,0.09127616483246502,0.06888306453507968,0.0930650822675,0.0506507271710716,0.036964312900514475,0.09059394607210798,0.06859025419549877,0.09127616483246502
0.037911561638968236,0.03820704627116717,0.12231291196275716,0.06686293067096467,0.07802544391308376,0.03472190192299393,0.12198443193776057,0.037911561638968236,0.03820704627116717,0.12231291196275716,0.06686293067096467,0.07802544391308376,0.03472190192299393,0.12198443193776057
0.03708163019193798,0.03801668510828753,0.03709372713224025,0.11063979008519517,0.07952148497394683,0.11768431170943805,0.07997609318999992,0.03708163019193798,0.03801668510828753,0.03709372713224025,0.11063979008519517,0.07952148497394683,0.11768431170943805,0.07997609318999992
0.12395940326861761,0.07719050263244596,0.037218073312632174,0.02476633303050545,0.07916777756672637,0.03597662942270054,0.12175634338722306,0.12395940326861761,0.07719050263244596,0.037218073312632174,0.02476633303050545,0.07916777756672637,0.03597662942270054,0.12175634338722306
0.06895736715096357,0.09279208876074388,0.05035256230933077,0.057469323553749715,0.0899225321636366,0.04917519319427726,0.09136411331471,0.06895736715096357,0.09279208876074388,0.05035256230933077,0.057469323553749715,0.0899225321636366,0.04917519319427726,0.09136411331471
0.03722231743187229,0.03789786902299959,0.037463604707470455,0.15154754897904663,0.12093930807424703,0.03561298460550097,0.07934196264936166,0.03722231743187229,0.03789786902299959,0.037463604707470455,0.15154754897904663,0.12093930807424703,0.03561298460550097,0.07934196264936166
0.09030086154093069,0.05038788208125755,0.049517611828274695,0.07810930751329122,0.09340511507156447,0.047859920741045135,0.09045940180191646,0.09030086154093069,0.05038788208125755,0.049517611828274695,0.07810930751329122,0.09340511507156447,0.047859920741045135,0.09045940180191646
0.09084344247668574,0.07086820873072433,0.050323094498231774,0.036464612224683945,0.0906691819211647,0.048689391181157185,0.11219183568481046,0.09084344247668574,0.07086820873072433,0.050323094498231774,0.036464612224683945,0.0906691819211647,0.048689391181157185,0.11219183568481046
0.03808371961923287,0.038331493386953075,0.0808050719199621,0.02664522396557953,0.07931771658955367,0.07424669150867512,0.1625770542609535,0.03808371961923287,0.038331493386953075,0.0808050719199621,0.02664522396557953,0.07931771658955367,0.07424669150867512,0.1625770542609535
0.07804362071190621,0.037975571243087654,0.078170568598804,0.026135526007418235,0.120921876897993,0.037429466329575306,0.1213239359912606,0.07804362071190621,0.037975571243087654,0.078170568598804,0.026135526007418235,0.120921876897993,0.037429466329575306,0.1213239359912606
0.03731428003017266,0.03711986816588454,0.12117829699220015,0.06891321304386791,0.12051283803186204,0.03591433926121425,0.07904901372630593,0.03731428003017266,0.03711986816588454,0.12117829699220015,0.06891321304386791,0.12051283803186204,0.03591433926121425,0.07904901372630593
0.0,0.0,0.0,0.0,0.0,0.5000000020768276,0.0,0.0,0.0,0.0,0.0,0.0,0.5000000020768276,0.0
0.07059666679337205,0.0711697685680691,0.07092765239190148,0.05797745884100991,0.09071619077502908,0.047426639436031905,0.09119351337593914,0.07059666679337205,0.0711697685680691,0.07092765239190148,0.05797745884100991,0.09071619077502908,0.047426639436031905,0.09119351337593914
0.07815937601720545,0.16405480176840892,0.03766396189811602,0.02530136919734419,0.07806554970320853,0.036585790531422496,0.08020710200183186,0.07815937601720545,0.16405480176840892,0.03766396189811602,0.02530136919734419,0.07806554970320853,0.036585790531422496,0.08020710200183186
0.04864075713522243,0.11182818925875702,0.05106884316890637,0.037231828123094064,0.11173238487558904,0.047978187502027966,0.09153090027758189,0.04864075713522243,0.11182818925875702,0.05106884316890637,0.037231828123094064,0.11173238487558904,0.047978187502027966,0.09153090027758189
0.0909141509049026,0.07034382257330407,0.07254151751933671,0.03582332435453382,0.09075389638170377,0.04793173283088427,0.09173373088810939,0.0909141509049026,0.07034382257330407,0.07254151751933671,0.03582332435453382,0.09075389638170377,0.04793173283088427,0.09173373088810939
0.03739147747777846,0.12069026990097428,0.03698717232705352,0.10896207626897275,0.07767220849262288,0.036920850992655255,0.08138416033958344,0.03739147747777846,0.12069026990097428,0.03698717232705352,0.10896207626897275,0.07767220849262288,0.036920850992655255,0.08138416033958344
0.049043184071467204,0.07058198960348266,0.06872444569871379,0.039153593283147416,0.10975404260653936,0.07118677525179914,0.09156473511924651,0.049043184071467204,0.07058198960348266,0.06872444569871379,0.039153593283147416,0.10975404260653936,0.07118677525179914,0.09156473511924651
0.03898838074972894,0.0380197473936685,0.16338947014668967,0.02587230518990105,0.078857594133851,0.07530541483649109,0.07956839767230237,0.03898838074972894,0.0380197473936685,0.16338947014668967,0.02587230518990105,0.078857594133851,0.07530541483649109,0.07956839767230237
0.09026324824402318,0.04967980524641394,0.0704575729019738,0.0368042530344046,0.11200756869856246,0.04897943881903673,0.09180834577152075,0.09026324824402318,0.04967980524641394,0.0704575729019738,0.0368042530344046,0.11200756869856246,0.04897943881903673,0.09180834577152075
0.03831181969949347,0.038851718460466915,0.08006958417791002,0.06654414199512985,0.16119144412322536,0.035901473357403506,0.0791400392103536,0.03831181969949347,0.038851718460466915,0.08006958417791002,0.06654414199512985,0.16119144412322536,0.035901473357403506,0.0791400392103536
0.03968310713130203,0.07943484171265981,0.038507247399912646,0.025935542312280326,0.12082876103515008,0.03327354730413802,0.16234992788114352,0.03968310713130203,0.07943484171265981,0.038507247399912646,0.025935542312280326,0.12082876103515008,0.03327354730413802,0.16234992788114352
0.0381632240442457,0.03850686412650771,0.03809376717621912,0.10848871213800554,0.07849896359403352,0.07814645831646394,0.12011230046975103,0.0381632240442457,0.03850686412650771,0.03809376717621912,0.10848871213800554,0.07849896359403352,0.07814645831646394,0.12011230046975103
0.20294391382123392,0.03910668605421833,0.03811525020766093,0.02713135726491374,0.07800645465147549,0.03539168685856685,0.07931428833404171,0.20294391382123392,0.03910668605421833,0.03811525020766093,0.02713135726491374,0.07800645465147549,0.03539168685856685,0.07931428833404171
0.06934879319089289,0.04921688778538961,0.0699286336281442,0.03834946247998841,0.11067885285809369,0.06844029519140367,0.0940621228017243,0.06934879319089289,0.04921688778538961,0.0699286336281442,0.03834946247998841,0.11067885285809369,0.06844029519140367,0.0940621228017243
0.048898152904596835,0.11346212021723402,0.05089363157239483,0.037265859605945896,0.08891982164512117,0.0486599161700483,0.11193426210518952,0.048898152904596835,0.11346212021723402,0.05089363157239483,0.037265859605945896,0.08891982164512117,0.0486599161700483,0.11193426210518952
0.07277436191611024,0.05049392227988754,0.05241848577185857,0.03750824364572058,0.10958423709744654,0.045379797636167805,0.13186639259505054,0.07277436191611024,0.05049392227988754,0.05241848577185857,0.03750824364572058,0.10958423709744654,0.045379797636167805,0.13186639259505054
0.07911089906095009,0.07952476445722029,0.0377661557103395,0.02693316804504292,0.11923423861546541,0.07796327347237829,0.07946801775650754,0.07911089906095009,0.07952476445722029,0.0377661557103395,0.02693316804504292,0.11923423861546541,0.07796327347237829,0.07946801775650754
0.07981531024804422,0.07984299036437052,0.03827093679052346,0.10869372579293457,0.077938262954423,0.03679591053250577,0.0786808601497233,0.07981531024804422,0.07984299036437052,0.03827093679052346,0.10869372579293457,0.077938262954423,0.03679591053250577,0.0786808601497233
0.12076887708053473,0.03710186201811212,0.037273274052072695,0.02520392402247898,0.16388565564490895,0.03630536885307301,0.07946488948812207,0.12076887708053473,0.03710186201811212,0.037273274052072695,0.02520392402247898,0.16388565564490895,0.03630536885307301,0.07946488948812207
0.03776085366978183,0.1205004575664755,0.03864666212028604,0.024814688951614598,0.07950870709157029,0.11921284593725841,0.07958444724829628,0.03776085366978183,0.1205004575664755,0.03864666212028604,0.024814688951614598,0.07950870709157029,0.11921284593725841,0.07958444724829628
0.0786098550256799,0.03932795301837282,0.08016128211409038,0.025095383751619176,0.0767429434539953,0.12054417084014754,0.07952124164400647,0.0786098550256799,0.03932795301837282,0.08016128211409038,0.025095383751619176,0.0767429434539953,0.12054417084014754,0.07952124164400647
0.03722265206790181,0.037689119494013046,0.03720493063209013,0.15091880671005853,0.07793988840017978,0.07941728626053834,0.0796086343502843,0.03722265206790181,0.037689119494013046,0.03720493063209013,0.15091880671005853,0.07793988840017978,0.07941728626053834,0.0796086343502843
0.0710168680526665,0.05040072169960865,0.04983260007661577,0.0372747566317954,0.13180790048235672,0.06835191315520033,0.09132016930313264,0.0710168680526665,0.05040072169960865,0.04983260007661577,0.0372747566317954,0.13180790048235672,0.06835191315520033,0.09132016930313264
0.036369476716497845,0.03729060112729862,0.03718939718875747,0.11021876193661426,0.12066943091498011,0.03694187204120387,0.12132486836784498,0.036369476716497845,0.03729060112729862,0.03718939718875747,0.11021876193661426,0.12066943091498011,0.03694187204120387,0.12132486836784498
0.049737420960393575,0.050450999324939044,0.05060421934550666,0.1205725254365676,0.08977264982030739,0.04873875914220469,0.09015565835133404,0.049737420960393575,0.050450999324939044,0.05060421934550666,0.1205725254365676,0.08977264982030739,0.04873875914220469,0.09015565835133404
0.06943088753194838,0.05095544870490184,0.07157844086617993,0.05785966772915657,0.09157041732173728,0.046363493806154885,0.11225441140823923,0.06943088753194838,0.05095544870490184,0.07157844086617993,0.05785966772915657,0.09157041732173728,0.046363493806154885,0.11225441140823923
0.08042477099128054,0.03857791413859718,0.0797200144746204,0.06711263834041149,0.07920803718764528,0.03553718283609721,0.11942025274093625,0.08042477099128054,0.03857791413859718,0.0797200144746204,0.06711263834041149,0.07920803718764528,0.03553718283609721,0.11942025274093625
0.07720421451118727,0.039774372260192536,0.03712882290562463,0.10774280206202222,0.07809073632839657,0.08061029173069377,0.07948119154038663,0.07720421451118727,0.039774372260192536,0.03712882290562463,0.10774280206202222,0.07809073632839657,0.08061029173069377,0.07948119154038663
0.03807117527388071,0.0806025178542994,0.0803241731787824,0.06517100283914037,0.07848382648872104,0.07782527071807807,0.07952623025256113,0.03807117527388071,0.0806025178542994,0.0803241731787824,0.06517100283914037,0.07848382648872104,0.07782527071807807,0.07952623025256113
0.03769252917140407,0.08032618007582991,0.08011608558671157,0.06709008724781415,0.0790294283542271,0.035260159006105615,0.12048631257458124,0.03769252917140407,0.08032618007582991,0.08011608558671157,0.06709008724781415,0.0790294283542271,0.035260159006105615,0.12048631257458124
0.0,0.0,0.0,0.5000000033444358,0.0,0.0,0.0,0.0,0.0,0.0,0.5000000033444358,0.0,0.0,0.0
0.03896462167881265,0.03897944499996128,0.039939163089345496,0.026004286249171442,0.07771982303206718,0.07735676006119584,0.20104996110368348,0.03896462167881265,0.03897944499996128,0.039939163089345496,0.026004286249171442,0.07771982303206718,0.07735676006119584,0.20104996110368348
0.049594647149130214,0.0505557935962308,0.07214519330190579,0.07812587071852695,0.09011839733670989,0.06864886579184637,0.09081691824325516,0.049594647149130214,0.0505557935962308,0.07214519330190579,0.07812587071852695,0.09011839733670989,0.06864886579184637,0.09081691824325516
0.049707360657258885,0.050627114062941146,0.0695295834987346,0.03596418857917507,0.13342057941526642,0.06940242734933241,0.09135913000116686,0.049707360657258885,0.050627114062941146,0.0695295834987346,0.03596418857917507,0.13342057941526642,0.06940242734933241,0.09135913000116686
0.07980630650095152,0.03810185743319996,0.037161070505013785,0.027347366399712903,0.07812607002056315,0.035752324704567025,0.20370925014573102,0.07980630650095152,0.03810185743319996,0.037161070505013785,0.027347366399712903,0.07812607002056315,0.035752324704567025,0.20370925014573102
0.038672903709519015,0.08038620924128088,0.12255666714529784,0.06536990316546469,0.07830211885391218,0.03587194330165762,0.0788424478658896,0.038672903709519015,0.08038620924128088,0.12255666714529784,0.06536990316546469,0.07830211885391218,0.03587194330165762,0.0788424478658896
0.04855389436911595,0.04904323140768844,0.09235598121251842,0.03770684085531145,0.09185769117192187,0.04912102348394255,0.13136327053101393,0.04855389436911595,0.04904323140768844,0.09235598121251842,0.03770684085531145,0.09185769117192187,0.04912102348394255,0.13136327053101393
0.04984029037506128,0.07137202716159402,0.05085625184810588,0.03591935550186953,0.11100900936387635,0.08964495341016425,0.09137276882286663,0.04984029037506128,0.07137202716159402,0.05085625184810588,0.03591935550186953,0.11100900936387635,0.08964495341016425,0.09137276882286663
0.037640305322475934,0.12196391332882643,0.0794782492778442,0.02577580736002508,0.12007731671568324,0.035499263359016445,0.07962527528556614,0.037640305322475934,0.12196391332882643,0.0794782492778442,0.02577580736002508,0.12007731671568324,0.035499263359016445,0.07962527528556614
0.039113534327657205,0.08109444361771204,0.03770432120596764,0.02705263612261386,0.11815120297223904,0.11861418133918182,0.07827226537141038,0.039113534327657205,0.08109444361771204,0.03770432120596764,0.02705263612261386,0.11815120297223904,0.11861418133918182,0.07827226537141038
0.11852870684521002,0.04048166916420403,0.07956114460447536,0.025984350216996493,0.11906467202583208,0.036906959619629864,0.07947679846121375,0.11852870684521002,0.04048166916420403,0.07956114460447536,0.025984350216996493,0.11906467202583208,0.036906959619629864,0.07947679846121375
0.08057490616930321,0.039325970334083894,0.07966628708027873,0.02440945784332309,0.16071149367283796,0.03569230360709864,0.07963612331593711,0.08057490616930321,0.039325970334083894,0.07966628708027873,0.02440945784332309,0.16071149367283796,0.03569230360709864,0.07963612331593711
0.049287654808131,0.04964838468579238,0.05058817931380352,0.03727193935458439,0.10946539266826447,0.08875914855614446,0.11498777221003718,0.049287654808131,0.04964838468579238,0.05058817931380352,0.03727193935458439,0.10946539266826447,0.08875914855614446,0.11498777221003718
0.08010174086014854,0.03892002271030506,0.0381668950182205,0.024211477739273672,0.16142031674580912,0.03677325033438344,0.12043259814044317,0.08010174086014854,0.03892002271030506,0.0381668950182205,0.024211477739273672,0.16142031674580912,0.03677325033438344,0.12043259814044317
0.07921608413093395,0.038078905400760706,0.08081124066881439,0.10850950783683415,0.07839798084500785,0.036073583449369874,0.07892684910465741,0.07921608413093395,0.038078905400760706,0.08081124066881439,0.10850950783683415,0.07839798084500785,0.036073583449369874,0.07892684910465741
0.0374465494897786,0.08035672938397884,0.12123643111822763,0.025026521606321774,0.07877213941318122,0.07664164324598213,0.08052203420828238,0.0374465494897786,0.08035672938397884,0.12123643111822763,0.025026521606321774,0.07877213941318122,0.07664164324598213,0.08052203420828238
0.05009437586621254,0.050747370217747424,0.0502839497538241,0.05808671778353313,0.09081831935500874,0.06950905724241942,0.13046322189017248,0.05009437586621254,0.050747370217747424,0.0502839497538241,0.05808671778353313,0.09081831935500874,0.06950905724241942,0.13046322189017248
0.07962375345156082,0.03710711632188887,0.03937023419585887,0.10700920063970966,0.12072499754528226,0.036481488041799244,0.07971063536980749,0.07962375345156082,0.03710711632188887,0.03937023419585887,0.10700920063970966,0.12072499754528226,0.036481488041799244,0.07971063536980749
0.05046581396523872,0.05139690117013005,0.0692468168092058,0.058062915255182763,0.08997701520430842,0.08940737706492756,0.0914457393486994,0.05046581396523872,0.05139690117013005,0.0692468168092058,0.058062915255182763,0.08997701520430842,0.08940737706492756,0.0914457393486994
0.03768042269550715,0.03962749318144926,0.12151785948480891,0.06511464374501454,0.0786046990763268,0.07795745919423944,0.0795068102182881,0.03768042269550715,0.03962749318144926,0.12151785948480891,0.06511464374501454,0.0786046990763268,0.07795745919423944,0.0795068102182881
0.0374183444228801,0.03771712030055942,0.03842339781850923,0.06692658475729904,0.2035226859662152,0.03620171323163095,0.07981376643988958,0.0374183444228801,0.03771712030055942,0.03842339781850923,0.06692658475729904,0.2035226859662152,0.03620171323163095,0.07981376643988958
0.03644144729266332,0.03718902551825511,0.07792518001601915,0.02640591731152926,0.07918695900214512,0.16338237521740948,0.07950123970610014,0.03644144729266332,0.03718902551825511,0.07792518001601915,0.02640591731152926,0.07918695900214512,0.16338237521740948,0.07950123970610014
0.11191948407947444,0.04884430779324176,0.07230135147171,0.037927229201694494,0.09008601996370182,0.04757676934983929,0.09138058556034008,0.11191948407947444,0.04884430779324176,0.07230135147171,0.037927229201694494,0.09008601996370182,0.04757676934983929,0.09138058556034008
0.05069386445836015,0.09187219066510026,0.0717147856497557,0.03700765578112266,0.10944497408012926,0.04856953886923926,0.0907001518265125,0.05069386445836015,0.09187219066510026,0.0717147856497557,0.03700765578112266,0.10944497408012926,0.04856953886923926,0.0907001518265125
0.037828942132413834,0.16287380010585156,0.03780174679909107,0.025177793584658978,0.1204999742681817,0.0365803146307488,0.0792712953641282,0.037828942132413834,0.16287380010585156,0.03780174679909107,0.025177793584658978,0.1204999742681817,0.0365803146307488,0.0792712953641282
0.050023477606595125,0.07255160797168772,0.050897187197977964,0.03618884453212712,0.13234510437589012,0.06772771887834625,0.09027065818022889,0.050023477606595125,0.07255160797168772,0.050897187197977964,0.03618884453212712,0.13234510437589012,0.06772771887834625,0.09027065818022889
0.06976288324678158,0.04981521772383368,0.0497661405761187,0.037727182863349466,0.15419657564267716,0.04788264363850599,0.09085328321886381,0.06976288324678158,0.04981521772383368,0.0497661405761187,0.037727182863349466,0.15419657564267716,0.04788264363850599,0.09085328321886381
0.04918827642818628,0.1115493884503151,0.0711113206863436,0.03723778702684666,0.0908512615816806,0.047695442169143475,0.09236739617647463,0.04918827642818628,0.1115493884503151,0.0711113206863436,0.03723778702684666,0.0908512615816806,0.047695442169143475,0.09236739617647463
0.049217191329445374,0.04935802841479394,0.0715795770406817,0.0582079903775696,0.0902764288964847,0.06819550840944513,0.113166896205619,0.049217191329445374,0.04935802841479394,0.0715795770406817,0.0582079903775696,0.0902764288964847,0.06819550840944513,0.113166896205619
0.03783789442598612,0.04001641544508133,0.03902530253569235,0.06718709457601282,0.11990344063296109,0.11825373450963375,0.07780255629493003,0.03783789442598612,0.04001641544508133,0.03902530253569235,0.06718709457601282,0.11990344063296109,0.11825373450963375,0.07780255629493003
0.09075019034384432,0.04974542055319042,0.05113215292842122,0.05837203806423701,0.09065652351834534,0.047412839812746105,0.11193227313820302,0.09075019034384432,0.04974542055319042,0.05113215292842122,0.05837203806423701,0.09065652351834534,0.047412839812746105,0.11193227313820302
0.1205183693490717,0.03945936141928354,0.07951523871860773,0.02428129693076027,0.07950275544027541,0.036470895410212284,0.12025410599272567,0.1205183693490717,0.03945936141928354,0.07951523871860773,0.02428129693076027,0.07950275544027541,0.036470895410212284,0.12025410599272567
0.03839914979209193,0.03883315458730656,0.12041121901945276,0.027571327102768425,0.0774495413809097,0.11918953920673545,0.07814717926858528,0.03839914979209193,0.03883315458730656,0.12041121901945276,0.027571327102768425,0.0774495413809097,0.11918953920673545,0.07814717926858528
0.038971442289240786,0.03879749342188184,0.03893694195124539,0.06879763328884375,0.11982447479327966,0.07556894641141215,0.119104284147732,0.038971442289240786,0.03879749342188184,0.03893694195124539,0.06879763328884375,0.11982447479327966,0.07556894641141215,0.119104284147732
0.04937567612937728,0.049988725578125115,0.04959396420729251,0.05851726006270229,0.11121985164888189,0.08978613774143988,0.09154320567362542,0.04937567612937728,0.049988725578125115,0.04959396420729251,0.05851726006270229,0.11121985164888189,0.08978613774143988,0.09154320567362542
0.09093744415905543,0.049624488006168845,0.050680848812719656,0.03805101056420516,0.09119828758043126,0.06801901336384067,0.11151502301045513,0.09093744415905543,0.049624488006168845,0.050680848812719656,0.03805101056420516,0.09119828758043126,0.06801901336384067,0.11151502301045513
0.07169979157433491,0.049775779170852824,0.04947958222013892,0.036432607763597184,0.09066061503638387,0.06863927572799385,0.133345629792781,0.07169979157433491,0.049775779170852824,0.04947958222013892,0.036432607763597184,0.09066061503638387,0.06863927572799385,0.133345629792781
0.04931080675044,0.07138139079414825,0.09206593854846686,0.038234560240686735,0.09070749364655345,0.06818804748931039,0.09016361539608443,0.04931080675044,0.07138139079414825,0.09206593854846686,0.038234560240686735,0.09070749364655345,0.06818804748931039,0.09016361539608443
0.0713127753930527,0.05035308890615631,0.06952821858441638,0.03768834083097239,0.08967890591832478,0.09082347600443146,0.09061660414733498,0.0713127753930527,0.05035308890615631,0.06952821858441638,0.03768834083097239,0.08967890591832478,0.09082347600443146,0.09061660414733498
0.03677634157203223,0.1637372318362207,0.03682288888939625,0.024918090399821978,0.08122716071104487,0.07759896543079316,0.07892050356464332,0.03677634157203223,0.1637372318362207,0.03682288888939625,0.024918090399821978,0.08122716071104487,0.07759896543079316,0.07892050356464332
0.05148940852656299,0.06842456931561998,0.04979093599567044,0.07862397857309893,0.09057983637368525,0.06831676947191896,0.09280523302127708,0.05148940852656299,0.06842456931561998,0.04979093599567044,0.07862397857309893,0.09057983637368525,0.06831676947191896,0.09280523302127708
0.03713914631269113,0.03724036064126469,0.03822669340032076,0.0683125749451775,0.1614158258191359,0.03592566510562761,0.121747355031631,0.03713914631269113,0.03724036064126469,0.03822669340032076,0.0683125749451775,0.1614158258191359,0.03592566510562761,0.121747355031631
0.11275330470958324,0.05026094344833508,0.04985283698666427,0.03660775355173051,0.09054762132606507,0.04791442484157265,0.1120957011525565,0.11275330470958324,0.05026094344833508,0.04985283698666427,0.03660775355173051,0.09054762132606507,0.04791442484157265,0.1120957011525565
0.049648645795056325,0.09129072469662143,0.049977915128663335,0.037381628300051366,0.11147202827668454,0.06869647622092871,0.0915424601174062,0.049648645795056325,0.09129072469662143,0.049977915128663335,0.037381628300051366,0.11147202827668454,0.06869647622092871,0.0915424601174062
0.0,0.0,0.0,0.0,0.5000000037600145,0.0,0.0,0.0,0.0,0.0,0.0,0.5000000037600145,0.0,0.0
0.04813234966887399,0.0706293746773142,0.051209802670176795,0.05749940104131713,0.11131302897216398,0.04914846276209229,0.11210291793138694,0.04813234966887399,0.0706293746773142,0.051209802670176795,0.05749940104131713,0.11131302897216398,0.04914846276209229,0.11210291793138694
0.11156332918460198,0.07147343928636854,0.04972282053676787,0.037473486592734605,0.09022765833523759,0.048392782796977785,0.09114880702889479,0.11156332918460198,0.07147343928636854,0.04972282053676787,0.037473486592734605,0.09022765833523759,0.048392782796977785,0.09114880702889479
0.038615235472833964,0.12108010069453515,0.03750641151396057,0.024953678468946416,0.16159231751664554,0.03684744650355831,0.07940908033804464,0.038615235472833964,0.12108010069453515,0.03750641151396057,0.024953678468946416,0.16159231751664554,0.03684744650355831,0.07940908033804464
0.04960922218486462,0.04962199363182788,0.05025423441726299,0.07956000076232732,0.11155581987915819,0.06822307288964671,0.09122383448834347,0.04960922218486462,0.04962199363182788,0.05025423441726299,0.07956000076232732,0.11155581987915819,0.06822307288964671,0.09122383448834347
0.05118765092662759,0.05139891636256934,0.0697203869256717,0.07932618450044128,0.09054462784502927,0.04592413434772031,0.11194864680271309,0.05118765092662759,0.05139891636256934,0.0697203869256717,0.07932618450044128,0.09054462784502927,0.04592413434772031,0.11194864680271309
0.04925425450622971,0.0707910788971491,0.04887998134895139,0.059523634817177956,0.09106748593239793,0.04841670629252181,0.13207401255357498,0.04925425450622971,0.0707910788971491,0.04887998134895139,0.059523634817177956,0.09106748593239793,0.04841670629252181,0.13207401255357498
0.03885184183876341,0.12363914031588,0.1208345837894894,0.02505318619481434,0.07756469213427579,0.035629446528096714,0.07843072285636456,0.03885184183876341,0.12363914031588,0.1208345837894894,0.02505318619481434,0.07756469213427579,0.035629446528096714,0.07843072285636456
0.07114054070407033,0.05018948635472002,0.04976611674295596,0.0579650254029536,0.13229997688354225,0.04810999191985419,0.09056251753812027,0.07114054070407033,0.05018948635472002,0.04976611674295596,0.0579650254029536,0.13229997688354225,0.04810999191985419,0.09056251753812027
0.0374194403593323,0.1178463147998522,0.04134706139044798,0.06684793611346489,0.11990087477829327,0.03698327460943136,0.07969069604995627,0.0374194403593323,0.1178463147998522,0.04134706139044798,0.06684793611346489,0.11990087477829327,0.03698327460943136,0.07969069604995627
0.07879241067112076,0.07931443381950888,0.08026548864752012,0.06845084524022348,0.0782454460120048,0.03561069855560018,0.07932412399195686,0.07879241067112076,0.07931443381950888,0.08026548864752012,0.06845084524022348,0.0782454460120048,0.03561069855560018,0.07932412399195686
0.07062240096687557,0.04994226867030925,0.05065852084077437,0.03726681388446451,0.11256500150926968,0.08805286196397268,0.09089755960061213,0.07062240096687557,0.04994226867030925,0.05065852084077437,0.03726681388446451,0.11256500150926968,0.08805286196397268,0.09089755960061213
0.03800197329590788,0.08017590649345037,0.08152819689425185,0.1083756638668199,0.076197412158732,0.03603228136303646,0.07972317812890675,0.03800197329590788,0.08017590649345037,0.08152819689425185,0.1083756638668199,0.076197412158732,0.03603228136303646,0.07972317812890675
0.04947152913767067,0.07071946581235625,0.0719918424257878,0.03509040610044598,0.0912741232257191,0.06922409069360586,0.11225478510432083,0.04947152913767067,0.07071946581235625,0.0719918424257878,0.03509040610044598,0.0912741232257191,0.06922409069360586,0.11225478510432083
0.03633711994981848,0.08213118496718981,0.0793578504624184,0.06568158654509507,0.12057269392522611,0.03620433491658322,0.07976465273820232,0.03633711994981848,0.08213118496718981,0.0793578504624184,0.06568158654509507,0.12057269392522611,0.03620433491658322,0.07976465273820232
0.03970612075689215,0.040222264972257,0.12143128579531656,0.023364530422518622,0.16066402486922965,0.03491440320823746,0.0796984024353551,0.03970612075689215,0.040222264972257,0.12143128579531656,0.023364530422518622,0.16066402486922965,0.03491440320823746,0.0796984024353551
0.049840096808556514,0.05023321928921821,0.09122585289148778,0.03761083866712695,0.11067950282482078,0.048482505481732316,0.11193149390016872,0.049840096808556514,0.05023321928921821,0.09122585289148778,0.03761083866712695,0.11067950282482078,0.048482505481732316,0.11193149390016872
0.038334939789152166,0.07991346997179871,0.03873192725044196,0.025285404219781794,0.16180854250926746,0.035396702504161895,0.12057211562351507,0.038334939789152166,0.07991346997179871,0.03873192725044196,0.025285404219781794,0.16180854250926746,0.035396702504161895,0.12057211562351507
0.036930600934714626,0.08018863717165986,0.03732879608023787,0.10914526489631896,0.12046914465567062,0.03664278014562974,0.07930646526386229,0.036930600934714626,0.08018863717165986,0.03732879608023787,0.10914526489631896,0.12046914465567062,0.03664278014562974,0.07930646526386229
0.03856330582654492,0.03853293632287097,0.07937599451631912,0.026884498434893177,0.16037435418476492,0.03693133273578215,0.11934011960000493,0.03856330582654492,0.03853293632287097,0.07937599451631912,0.026884498434893177,0.16037435418476492,0.03693133273578215,0.11934011960000493
0.050240694150773556,0.05107917351555161,0.05098111720481324,0.057070982260482635,0.09105407311859873,0.045635253616249365,0.15394414920929875,0.050240694150773556,0.05107917351555161,0.05098111720481324,0.057070982260482635,0.09105407311859873,0.045635253616249365,0.15394414920929875
0.03868295467841512,0.08062376180707759,0.03903194030473233,0.06666527368180902,0.07857285433489439,0.07632764495676506,0.1202507285288317,0.03868295467841512,0.08062376180707759,0.03903194030473233,0.06666527368180902,0.07857285433489439,0.07632764495676506,0.1202507285288317
0.04912846763559385,0.07105710507699863,0.07054569266735823,0.07896289100000634,0.09097996689911356,0.04813016640738305,0.09120054847479578,0.04912846763559385,0.07105710507699863,0.07054569266735823,0.07896289100000634,0.09097996689911356,0.04813016640738305,0.09120054847479578
0.07020500307602831,0.09297423373364574,0.04876532489313797,0.03651763104680588,0.11188278006369162,0.04793017644616488,0.09172562710589759,0.07020500307602831,0.09297423373364574,0.04876532489313797,0.03651763104680588,0.11188278006369162,0.04793017644616488,0.09172562710589759
0.07897989429757078,0.03876359253321152,0.0384717297106763,0.14955357457590251,0.07895003411453534,0.03620615676569053,0.07910553251786075,0.07897989429757078,0.03876359253321152,0.0384717297106763,0.14955357457590251,0.07895003411453534,0.03620615676569053,0.07910553251786075
0.07825426621750062,0.0805327729019345,0.03979199066832711,0.02642061078470058,0.07909736146452542,0.0759043459079744,0.12000868810689362,0.07825426621750062,0.0805327729019345,0.03979199066832711,0.02642061078470058,0.07909736146452542,0.0759043459079744,0.12000868810689362
0.036816540013125364,0.03641563169490048,0.0792848071711472,0.02622789537015283,0.08021902043870306,0.03656839838943687,0.20450237091709783,0.036816540013125364,0.03641563169490048,0.0792848071711472,0.02622789537015283,0.08021902043870306,0.03656839838943687,0.20450237091709783
0.03883517069350501,0.03901674096321594,0.07939061003358935,0.06620376827365802,0.07783023671813363,0.07760045150878314,0.12112475546819786,0.03883517069350501,0.03901674096321594,0.07939061003358935,0.06620376827365802,0.07783023671813363,0.07760045150878314,0.12112475546819786
0.03834833738422341,0.0393203062476081,0.038653355922987985,0.06655797613899508,0.07898668519599365,0.07654752747096097,0.16158731139213045,0.03834833738422341,0.0393203062476081,0.038653355922987985,0.06655797613899508,0.07898668519599365,0.07654752747096097,0.16158731139213045
0.04975175654438112,0.04979932972602405,0.049404059094076434,0.03845319803089815,0.09037894918266012,0.08916305615087886,0.133053703957712,0.04975175654438112,0.04979932972602405,0.049404059094076434,0.03845319803089815,0.09037894918266012,0.08916305615087886,0.133053703957712
0.0504539717552083,0.0927003069006262,0.07153948116698997,0.05588082413367593,0.08995958589825134,0.04822470184365914,0.09124256472554672,0.0504539717552083,0.0927003069006262,0.07153948116698997,0.05588082413367593,0.08995958589825134,0.04822470184365914,0.09124256472554672
0.07100810548181152,0.06983112112893396,0.050078703058196075,0.03746747048827851,0.11151425710761355,0.06873283618955407,0.09140442437502805,0.07100810548181152,0.06983112112893396,0.050078703058196075,0.03746747048827851,0.11151425710761355,0.06873283618955407,0.09140442437502805
0.03780672814888031,0.12255014985594205,0.0799987314587072,0.06734313125088574,0.07625099462615717,0.03674051297187599,0.0793424385540095,0.03780672814888031,0.12255014985594205,0.0799987314587072,0.06734313125088574,0.07625099462615717,0.03674051297187599,0.0793424385540095
0.03852715937847534,0.11762724741309857,0.08119518620912108,0.026122143054086257,0.07921841263296515,0.07739444326361128,0.07991910725407324,0.03852715937847534,0.11762724741309857,0.08119518620912108,0.026122143054086257,0.07921841263296515,0.07739444326361128,0.07991910725407324
0.03826965927145614,0.03930962977441773,0.03868937855431772,0.10872217002969836,0.11957580423571276,0.07609277601131764,0.07934317766908003,0.03826965927145614,0.03930962977441773,0.03868937855431772,0.10872217002969836,0.11957580423571276,0.07609277601131764,0.07934317766908003
0.1217000966838632,0.12063040302077527,0.037682049791921794,0.02505919257599765,0.07803798273065045,0.03657287113884242,0.0803550910046681,0.1217000966838632,0.12063040302077527,0.037682049791921794,0.02505919257599765,0.07803798273065045,0.03657287113884242,0.0803550910046681
0.04913013672609396,0.07099415873260498,0.09213595948717239,0.03857051978579156,0.08963587009391064,0.047593364422297224,0.11197562544665776,0.04913013672609396,0.07099415873260498,0.09213595948717239,0.03857051978579156,0.08963587009391064,0.047593364422297224,0.11197562544665776
0.049137882389074454,0.07051319141749789,0.07057134908165368,0.0387966608771304,0.11013671106374752,0.04824264466890662,0.11266144439117019,0.049137882389074454,0.07051319141749789,0.07057134908165368,0.0387966608771304,0.11013671106374752,0.04824264466890662,0.11266144439117019
0.051546894781840095,0.07136801278845381,0.05044285582458546,0.0381864218345364,0.09130925225960106,0.04331880930525337,0.1538493599468372,0.051546894781840095,0.07136801278845381,0.05044285582458546,0.0381864218345364,0.09130925225960106,0.04331880930525337,0.1538493599468372
0.03797342368032683,0.03797866721150754,0.08051056216939365,0.15084092923694487,0.07669276182462785,0.036568011869017286,0.07947010395325722,0.03797342368032683,0.03797866721150754,0.08051056216939365,0.15084092923694487,0.07669276182462785,0.036568011869017286,0.07947010395325722
0.04840484552297731,0.049170158910695184,0.07094234010406504,0.05753925406576241,0.11286568355404177,0.047671855314244185,0.11340670341028918,0.04840484552297731,0.049170158910695184,0.07094234010406504,0.05753925406576241,0.11286568355404177,0.047671855314244185,0.11340670341028918
0.04930069361393663,0.07175360217702983,0.07087216278359987,0.03740130678952106,0.09014484676300204,0.08994095295360445,0.0906114089756846,0.04930069361393663,0.07175360217702983,0.07087216278359987,0.03740130678952106,0.09014484676300204,0.08994095295360445,0.0906114089756846
0.05011639965037261,0.05092229636277237,0.09084081245243537,0.0579459100454206,0.11109391173191378,0.04831768818382013,0.09076501149172064,0.05011639965037261,0.05092229636277237,0.09084081245243537,0.0579459100454206,0.11109391173191378,0.04831768818382013,0.09076501149172064
0.11836623253893117,0.08293224208750541,0.07997382271410342,0.02518706465298503,0.07839610075494825,0.03643554263289757,0.07871066142683172,0.11836623253893117,0.08293224208750541,0.07997382271410342,0.02518706465298503,0.07839610075494825,0.03643554263289757,0.07871066142683172
0.07958611511222626,0.0802208755373559,0.07952891481897086,0.025061262049985437,0.12013580414408556,0.03567468993165045,0.07980275992932517,0.07958611511222626,0.0802208755373559,0.07952891481897086,0.025061262049985437,0.12013580414408556,0.03567468993165045,0.07980275992932517
0.03818339977698994,0.08187060252996917,0.16370383001460143,0.024348207243269675,0.07792990760421012,0.035639092944402664,0.07837624355364771,0.03818339977698994,0.08187060252996917,0.16370383001460143,0.024348207243269675,0.07792990760421012,0.035639092944402664,0.07837624355364771
0.037928513050722264,0.03877898794941007,0.03837667633286289,0.027158844006656722,0.11948491240009118,0.03640985260630532,0.20186525600587749,0.037928513050722264,0.03877898794941007,0.03837667633286289,0.027158844006656722,0.11948491240009118,0.03640985260630532,0.20186525600587749
0.038118366674508644,0.03910560327649519,0.03902493467528655,0.024466430401825855,0.16103557183961914,0.11915228628402677,0.0791319432009097,0.038118366674508644,0.03910560327649519,0.03902493467528655,0.024466430401825855,0.16103557183961914,0.11915228628402677,0.0791319432009097
0.03791172342940242,0.037894034166270525,0.037874014811991895,0.02564848054704217,0.12243471559560522,0.07462784831279319,0.16361207961692817,0.03791172342940242,0.037894034166270525,0.037874014811991895,0.02564848054704217,0.12243471559560522,0.07462784831279319,0.16361207961692817
0.050201841053009545,0.07099300499387635,0.0504634416597405,0.09897815864278596,0.09026811652049367,0.047940441449891895,0.09115720123447463,0.050201841053009545,0.07099300499387635,0.0504634416597405,0.09897815864278596,0.09026811652049367,0.047940441449891895,0.09115720123447463
0.0,0.0,0.5000000071934014,0.0,0.0,0.0,0.0,0.0,0.0,0.5000000071934014,0.0,0.0,0.0,0.0
0.03766970922614798,0.038073254042295224,0.037850424627405434,0.022638344656426425,0.24690800858536782,0.03692846575692533,0.07994138329691718,0.03766970922614798,0.038073254042295224,0.037850424627405434,0.022638344656426425,0.24690800858536782,0.03692846575692533,0.07994138329691718
0.04971938060725773,0.05053876702216011,0.04964299721819984,0.07943244856491458,0.11167318601542446,0.04712628461372951,0.11189929462303928,0.04971938060725773,0.05053876702216011,0.04964299721819984,0.07943244856491458,0.11167318601542446,0.04712628461372951,0.11189929462303928
0.048625638541945945,0.049483211664129466,0.13346863035791895,0.03726623219292679,0.09075603370861544,0.04902504868961551,0.09137700913134589,0.048625638541945945,0.049483211664129466,0.13346863035791895,0.03726623219292679,0.09075603370861544,0.04902504868961551,0.09137700913134589
0.12083223661572048,0.04121509979200838,0.08220697798763055,0.06478950547525464,0.07568186670086877,0.03582798783273575,0.07947204327780984,0.12083223661572048,0.04121509979200838,0.08220697798763055,0.06478950547525464,0.07568186670086877,0.03582798783273575,0.07947204327780984
0.038170839532508834,0.08015378978374045,0.03608940609832933,0.026556950911946566,0.08016899627077549,0.12110613667974594,0.11778377957914431,0.038170839532508834,0.08015378978374045,0.03608940609832933,0.026556950911946566,0.08016899627077549,0.12110613667974594,0.11778377957914431
0.1216921343348447,0.03837726908910768,0.037589772218123,0.10809596753162717,0.07771485659817268,0.035155186988343745,0.08140465015072292,0.1216921343348447,0.03837726908910768,0.037589772218123,0.10809596753162717,0.07771485659817268,0.035155186988343745,0.08140465015072292
0.04990441736792426,0.05065911393777498,0.11191567150584035,0.03837399709816226,0.11016289906596985,0.04832765551349047,0.09066012707106662,0.04990441736792426,0.05065911393777498,0.11191567150584035,0.03837399709816226,0.11016289906596985,0.04832765551349047,0.09066012707106662
0.07111411442481558,0.05002704307514788,0.07227410096744023,0.03547504510411758,0.08961688687329546,0.06962307105198373,0.11189417691516032,0.07111411442481558,0.05002704307514788,0.07227410096744023,0.03547504510411758,0.08961688687329546,0.06962307105198373,0.11189417691516032
0.038308902695296694,0.12064752875281637,0.03834377587743646,0.06882151636954588,0.0801735386610896,0.03349596134188878,0.12021019042456743,0.038308902695296694,0.12064752875281637,0.03834377587743646,0.06882151636954588,0.0801735386610896,0.03349596134188878,0.12021019042456743
0.050155804074208304,0.05115893704585472,0.07113991069135961,0.03768044497557689,0.11132106142295874,0.06661919141068419,0.11193621251136493,0.050155804074208304,0.05115893704585472,0.07113991069135961,0.03768044497557689,0.11132106142295874,0.06661919141068419,0.11193621251136493
0.07124668058050491,0.04939602930966833,0.11278056110572014,0.03715297274412906,0.09096001279788221,0.046693634555142624,0.091776652823206,0.07124668058050491,0.04939602930966833,0.11278056110572014,0.03715297274412906,0.09096001279788221,0.046693634555142624,0.091776652823206
0.03655995057213324,0.037523660082968695,0.03668067782103668,0.0660557873544614,0.08074701300993752,0.16203352769229482,0.0804036365449243,0.03655995057213324,0.037523660082968695,0.03668067782103668,0.0660557873544614,0.08074701300993752,0.16203352769229482,0.0804036365449243
0.05145654043910847,0.05170334570861661,0.06919481743087116,0.03693241218979914,0.1110301452225791,0.08902963504712007,0.09065328280826539,0.05145654043910847,0.05170334570861661,0.06919481743087116,0.03693241218979914,0.1110301452225791,0.08902963504712007,0.09065328280826539
0.037825001875082156,0.03860799567481262,0.07907601416701117,0.06726682553617483,0.07827254844984492,0.11939835861781026,0.07955633059318751,0.037825001875082156,0.03860799567481262,0.07907601416701117,0.06726682553617483,0.07827254844984492,0.11939835861781026,0.07955633059318751
0.07025892230976931,0.050118924259653835,0.05009284015699722,0.05821257970674199,0.09080594215027374,0.08991846954023462,0.0906253963585934,0.07025892230976931,0.050118924259653835,0.05009284015699722,0.05821257970674199,0.09080594215027374,0.08991846954023462,0.0906253963585934
0.08058017344628887,0.03865981408474755,0.03901010950891747,0.06662798739866944,0.07858003102344864,0.07644765926352201,0.12025115424813293,0.08058017344628887,0.03865981408474755,0.03901010950891747,0.06662798739866944,0.07858003102344864,0.07644765926352201,0.12025115424813293
0.16267080342031756,0.03862001642313148,0.07885600665720331,0.027015750430206254,0.07818800723478923,0.03624148483648304,0.07841630384623934,0.16267080342031756,0.03862001642313148,0.07885600665720331,0.027015750430206254,0.07818800723478923,0.03624148483648304,0.07841630384623934
0.03914013166627646,0.16501425618708818,0.03953071886409627,0.02341565707972134,0.07893869495974776,0.03824228657866551,0.11574977245837921,0.03914013166627646,0.16501425618708818,0.03953071886409627,0.02341565707972134,0.07893869495974776,0.03824228657866551,0.11574977245837921
0.048367350783520786,0.11272642113666574,0.05046506412359985,0.05792251774997008,0.09221323845735238,0.048460106562188715,0.08984655423490101,0.048367350783520786,0.11272642113666574,0.05046506412359985,0.05792251774997008,0.09221323845735238,0.048460106562188715,0.08984655423490101
0.04896223631650955,0.04966677313877821,0.09209302199012362,0.037623543557346095,0.13232982107178481,0.048646842088220434,0.09071021997732406,0.04896223631650955,0.04966677313877821,0.09209302199012362,0.037623543557346095,0.13232982107178481,0.048646842088220434,0.09071021997732406
0.12217930766106044,0.08095261702916004,0.03771327667149899,0.06525942710051819,0.07788297328036907,0.03674238011285617,0.07934943815124158,0.12217930766106044,0.08095261702916004,0.03771327667149899,0.06525942710051819,0.07788297328036907,0.03674238011285617,0.07934943815124158
0.07912749276392521,0.08072120766336123,0.12041388110501476,0.026682283759053366,0.07809562589284252,0.035595350506805574,0.07937942669763962,0.07912749276392521,0.08072120766336123,0.12041388110501476,0.026682283759053366,0.07809562589284252,0.035595350506805574,0.07937942669763962
0.05065480676447273,0.09055776974767138,0.05165541147589078,0.03810177120467607,0.09046848155642429,0.04595457605262409,0.13262881072498794,0.05065480676447273,0.09055776974767138,0.05165541147589078,0.03810177120467607,0.09046848155642429,0.04595457605262409,0.13262881072498794
0.04952985494201769,0.07031815781036854,0.07141199285384678,0.05923177888449096,0.08936351141292058,0.06903120169805282,0.09111369805637015,0.04952985494201769,0.07031815781036854,0.07141199285384678,0.05923177888449096,0.08936351141292058,0.06903120169805282,0.09111369805637015
0.06942799168074829,0.04781363094992576,0.05029387012694089,0.035220048648907605,0.11485470500135972,0.06951137860294736,0.11288695394476075,0.06942799168074829,0.04781363094992576,0.05029387012694089,0.035220048648907605,0.11485470500135972,0.06951137860294736,0.11288695394476075
0.03816480384182387,0.03946285551013203,0.07872781514295168,0.027434247228208277,0.20343441720156094,0.035345767334130744,0.07743142031710824,0.03816480384182387,0.03946285551013203,0.07872781514295168,0.027434247228208277,0.20343441720156094,0.035345767334130744,0.07743142031710824
0.04908714590633586,0.05037996537250726,0.05004856932381668,0.03691964390597193,0.09041750173610456,0.11090027654020494,0.11227101654208328,0.04908714590633586,0.05037996537250726,0.05004856932381668,0.03691964390597193,0.09041750173610456,0.11090027654020494,0.11227101654208328
0.07031244733901157,0.050980008761470706,0.07154596657565056,0.058822012923162206,0.1094700860686438,0.04822206108987681,0.09067268558049497,0.07031244733901157,0.050980008761470706,0.07154596657565056,0.058822012923162206,0.1094700860686438,0.04822206108987681,0.09067268558049497
0.04804850917325176,0.07276421970907525,0.05006287351613002,0.05854785747877735,0.1110070060933351,0.0688435056617016,0.09075164557741579,0.04804850917325176,0.07276421970907525,0.05006287351613002,0.05854785747877735,0.1110070060933351,0.0688435056617016,0.09075164557741579
0.04989115263100757,0.050294047087766545,0.05003320794353872,0.058204777167597616,0.08999701518634969,0.0894249470700537,0.1123138691265501,0.04989115263100757,0.050294047087766545,0.05003320794353872,0.058204777167597616,0.08999701518634969,0.0894249470700537,0.1123138691265501
0.03794489575688561,0.07907757946296098,0.08071561889602673,0.023528662605425858,0.162025617874778,0.0375826513307323,0.07912764873630371,0.03794489575688561,0.07907757946296098,0.08071561889602673,0.023528662605425858,0.162025617874778,0.0375826513307323,0.07912764873630371
0.04961147818966328,0.05053120635235079,0.050101158711663644,0.09932716124963759,0.09011246096209999,0.047889291871134165,0.11243862328576176,0.04961147818966328,0.05053120635235079,0.050101158711663644,0.09932716124963759,0.09011246096209999,0.047889291871134165,0.11243862328576176
0.08006776359499711,0.08015983291486341,0.0387450660464676,0.02540279924784375,0.11891769465595078,0.036708415035486046,0.12000566874524263,0.08006776359499711,0.08015983291486341,0.0387450660464676,0.02540279924784375,0.11891769465595078,0.036708415035486046,0.12000566874524263
0.03682393969199625,0.036813268168759614,0.03638777768481319,0.021452729674157123,0.1229768975734451,0.16585053193084778,0.07969700867721603,0.03682393969199625,0.036813268168759614,0.03638777768481319,0.021452729674157123,0.1229768975734451,0.16585053193084778,0.07969700867721603
0.06967274859013825,0.07167122946554566,0.07076553949509681,0.037240246407110614,0.11141797859838722,0.04856423390681188,0.09066866083041643,0.06967274859013825,0.07167122946554566,0.07076553949509681,0.037240246407110614,0.11141797859838722,0.04856423390681188,0.09066866083041643
0.07145605413426949,0.049598094977809634,0.049687136509166924,0.07941739168972231,0.09107436943775436,0.06837548816387784,0.09042552702196127,0.07145605413426949,0.049598094977809634,0.049687136509166924,0.07941739168972231,0.09107436943775436,0.06837548816387784,0.09042552702196127
0.04944007117679298,0.05059497572209068,0.050374285204091034,0.057636754802506206,0.13212598058790623,0.048302708272910076,0.11152792231248539,0.04944007117679298,0.05059497572209068,0.050374285204091034,0.057636754802506206,0.13212598058790623,0.048302708272910076,0.11152792231248539
0.0718621270670719,0.04986883796135584,0.09196324895298756,0.038312995265097086,0.10949001428745507,0.04753724532089995,0.09096826177534342,0.0718621270670719,0.04986883796135584,0.09196324895298756,0.038312995265097086,0.10949001428745507,0.04753724532089995,0.09096826177534342
0.04997599129345099,0.07154909137612353,0.049469079571716,0.036450923883012055,0.09056562239406032,0.06867447926336827,0.13334473386631698,0.04997599129345099,0.07154909137612353,0.049469079571716,0.036450923883012055,0.09056562239406032,0.06867447926336827,0.13334473386631698
0.03752141293995585,0.03875707823483925,0.11950338484408757,0.024235794651279525,0.0787689302858099,0.038051987903037064,0.1631632085485026,0.03752141293995585,0.03875707823483925,0.11950338484408757,0.024235794651279525,0.0787689302858099,0.038051987903037064,0.1631632085485026
0.07079925895979157,0.07098644323120677,0.05011607260971198,0.03697014943970716,0.13139253291746525,0.048503293511504036,0.09124069331963239,0.07079925895979157,0.07098644323120677,0.05011607260971198,0.03697014943970716,0.13139253291746525,0.048503293511504036,0.09124069331963239
0.03664243339208141,0.12226906544084937,0.03639122304792699,0.025868134178127198,0.07802611958501543,0.03915444500665791,0.1616494229074983,0.03664243339208141,0.12226906544084937,0.03639122304792699,0.025868134178127198,0.07802611958501543,0.03915444500665791,0.1616494229074983
0.04826864943494831,0.04948773476356736,0.04913016471998432,0.036473759279660886,0.13437587303107745,0.09028604121735871,0.09198559199525212,0.04826864943494831,0.04948773476356736,0.04913016471998432,0.036473759279660886,0.13437587303107745,0.09028604121735871,0.09198559199525212
0.04991368618822265,0.050436187802021665,0.11246817922316489,0.05755745087765862,0.09149904074973503,0.04727565784009453,0.09088576199953638,0.04991368618822265,0.050436187802021665,0.11246817922316489,0.05755745087765862,0.09149904074973503,0.04727565784009453,0.09088576199953638
0.06896507124812173,0.04970282891150405,0.05164708008078984,0.0999265869488837,0.09011044366838818,0.04860930599560812,0.09104926766045869,0.06896507124812173,0.04970282891150405,0.05164708008078984,0.0999265869488837,0.09011044366838818,0.04860930599560812,0.09104926766045869
0.07918796601312797,0.03794482241267135,0.03774463249192564,0.06752108602867049,0.07975724271945296,0.03549558788917999,0.16238353492054547,0.07918796601312797,0.03794482241267135,0.03774463249192564,0.06752108602867049,0.07975724271945296,0.03549558788917999,0.16238353492054547
0.048739993260579054,0.09090245602077258,0.05063459402992182,0.05912557376736073,0.1114841971421543,0.04850092363267409,0.09061447069299423,0.048739993260579054,0.09090245602077258,0.05063459402992182,0.05912557376736073,0.1114841971421543,0.04850092363267409,0.09061447069299423
0.04960447864791217,0.05037751946672159,0.04985215624861432,0.07925610215250536,0.1325946854911608,0.04769161868543475,0.09062726192849312,0.04960447864791217,0.05037751946672159,0.04985215624861432,0.07925610215250536,0.1325946854911608,0.04769161868543475,0.09062726192849312
0.0787983468869775,0.038451189572822043,0.038738446408670954,0.06768006405690581,0.16113588742060356,0.03635201920242032,0.07885071608564481,0.0787983468869775,0.038451189572822043,0.038738446408670954,0.06768006405690581,0.16113588742060356,0.03635201920242032,0.07885071608564481
0.03870952121861011,0.039711697986743746,0.0391234991962008,0.06764780384939593,0.16026825959682992,0.07689791015866422,0.07764245895581412,0.03870952121861011,0.039711697986743746,0.0391234991962008,0.06764780384939593,0.16026825959682992,0.07689791015866422,0.07764245895581412
0.08015739990992886,0.03940214347563103,0.12366993634524572,0.0637389335053104,0.07875705844846864,0.035960099189931795,0.07834280086226568,0.08015739990992886,0.03940214347563103,0.12366993634524572,0.0637389335053104,0.07875705844846864,0.035960099189931795,0.07834280086226568
0.09174993582757505,0.05102841894005306,0.05098906858318984,0.058398456863316815,0.08869571990301073,0.06806509937456634,0.09108822550987833,0.09174993582757505,0.05102841894005306,0.05098906858318984,0.058398456863316815,0.08869571990301073,0.06806509937456634,0.09108822550987833
0.0805385320578735,0.0802787792171717,0.038090807399570464,0.02517208752318346,0.07845586451696963,0.03448860321827472,0.16300416584738694,0.0805385320578735,0.0802787792171717,0.038090807399570464,0.02517208752318346,0.07845586451696963,0.03448860321827472,0.16300416584738694
0.048953443668379004,0.07060256602524373,0.051046684778893535,0.03712703971464431,0.09028623602453661,0.08953734867196007,0.11248949689006921,0.048953443668379004,0.07060256602524373,0.051046684778893535,0.03712703971464431,0.09028623602453661,0.08953734867196007,0.11248949689006921
0.16252751320540965,0.03751524578532413,0.036962987651313874,0.026415912988640756,0.07934521329809334,0.035867104277637216,0.12136917047827175,0.16252751320540965,0.03751524578532413,0.036962987651313874,0.026415912988640756,0.07934521329809334,0.035867104277637216,0.12136917047827175
0.03773697771723182,0.03679967319502947,0.12033770186507452,0.023847855216050085,0.07615833455748094,0.07998751345516648,0.1252096604158424,0.03773697771723182,0.03679967319502947,0.12033770186507452,0.023847855216050085,0.07615833455748094,0.07998751345516648,0.1252096604158424
0.04964411754169642,0.05017232190452639,0.04994711022345159,0.05887176826260744,0.11009368504332301,0.06925489441425842,0.11201748433895697,0.04964411754169642,0.05017232190452639,0.04994711022345159,0.05887176826260744,0.11009368504332301,0.06925489441425842,0.11201748433895697
0.05184771186269381,0.051778253225246235,0.06816024211443288,0.03675413819865148,0.1529102578114952,0.047549438726034544,0.09102254235437052,0.05184771186269381,0.051778253225246235,0.06816024211443288,0.03675413819865148,0.1529102578114952,0.047549438726034544,0.09102254235437052
0.04960673022562154,0.05081780414691924,0.05031116954525412,0.057219034068611896,0.08902480000926803,0.1119072938248712,0.09114160350972214,0.04960673022562154,0.05081780414691924,0.05031116954525412,0.057219034068611896,0.08902480000926803,0.1119072938248712,0.09114160350972214
0.04999739950910478,0.07075241643768856,0.04951264890572567,0.05814612934470996,0.09073080360633862,0.0687957622568616,0.11209764337544956,0.04999739950910478,0.07075241643768856,0.04951264890572567,0.05814612934470996,0.09073080360633862,0.0687957622568616,0.11209764337544956
0.0797177459839029,0.03832340214596686,0.07991981601018837,0.06616225335802046,0.07806672847416184,0.07902256401594691,0.07879464404615534,0.0797177459839029,0.03832340214596686,0.07991981601018837,0.06616225335802046,0.07806672847416184,0.07902256401594691,0.07879464404615534
0.08004073182970539,0.039192380068468355,0.0405924138498971,0.025653296453428554,0.07655752545670523,0.11741742426965067,0.12054928985204097,0.08004073182970539,0.039192380068468355,0.0405924138498971,0.025653296453428554,0.07655752545670523,0.11741742426965067,0.12054928985204097
0.07813634240113113,0.03664238603022845,0.0361629510894286,0.06603002724603908,0.07558681906067073,0.12560862427464925,0.08183315131159115,0.07813634240113113,0.03664238603022845,0.0361629510894286,0.06603002724603908,0.07558681906067073,0.12560862427464925,0.08183315131159115
0.07882239562391613,0.07930505731591707,0.03816844633006369,0.06818234138404496,0.07903224563576458,0.03648825627147375,0.12000951252494561,0.07882239562391613,0.07930505731591707,0.03816844633006369,0.06818234138404496,0.07903224563576458,0.03648825627147375,0.12000951252494561
0.03859277387848681,0.03933389766003089,0.038709057116051784,0.0249374336178196,0.16189624520147428,0.07581070674886912,0.12074579428389651,0.03859277387848681,0.03933389766003089,0.038709057116051784,0.0249374336178196,0.16189624520147428,0.07581070674886912,0.12074579428389651
0.0710526617918044,0.07158526828889283,0.05032062648835238,0.0788309210859892,0.08953339135849872,0.04786365129913265,0.09082013136480527,0.0710526617918044,0.07158526828889283,0.05032062648835238,0.0788309210859892,0.08953339135849872,0.04786365129913265,0.09082013136480527
0.03635792749709188,0.037274733437889694,0.036814499338405825,0.108919049544082,0.1654512042572488,0.03521281677413465,0.07997468452738656,0.03635792749709188,0.037274733437889694,0.036814499338405825,0.108919049544082,0.1654512042572488,0.03521281677413465,0.07997468452738656
0.07085032493716074,0.07115202898150143,0.048986736262254915,0.037090799353980596,0.09092225967428468,0.06905453824494746,0.11200357316942795,0.07085032493716074,0.07115202898150143,0.048986736262254915,0.037090799353980596,0.09092225967428468,0.06905453824494746,0.11200357316942795
0.03747589820928662,0.08087060821905637,0.03724180882396233,0.06730112899564136,0.07831246439907681,0.1194592471274518,0.07935077508173882,0.03747589820928662,0.08087060821905637,0.03724180882396233,0.06730112899564136,0.07831246439907681,0.1194592471274518,0.07935077508173882
0.03694263732937103,0.07971986510791416,0.03725726918578061,0.06657938540040927,0.16378387908294373,0.036231572211874244,0.07953758537502985,0.03694263732937103,0.07971986510791416,0.03725726918578061,0.06657938540040927,0.16378387908294373,0.036231572211874244,0.07953758537502985
0.07867152581335529,0.03755627466324588,0.07894225916346202,0.025694575401311794,0.07787389500078123,0.03884914124352037,0.16241453893424163,0.07867152581335529,0.03755627466324588,0.07894225916346202,0.025694575401311794,0.07787389500078123,0.03884914124352037,0.16241453893424163
0.049441712412275955,0.09218994865879525,0.04874448696763349,0.0798688294450636,0.09084550128225148,0.0472480290840789,0.09167219862001184,0.049441712412275955,0.09218994865879525,0.04874448696763349,0.0798688294450636,0.09084550128225148,0.0472480290840789,0.09167219862001184
0.5000018954695147,0.0,0.0,0.0,0.0,0.0,0.0,0.5000018954695147,0.0,0.0,0.0,0.0,0.0,0.0
0.12075977080368046,0.039372248057377476,0.1197339540621683,0.02698154476200648,0.07840748241172117,0.0356151809405164,0.07913223119001413,0.12075977080368046,0.039372248057377476,0.1197339540621683,0.02698154476200648,0.07840748241172117,0.0356151809405164,0.07913223119001413
0.050077945541423814,0.05059154885620847,0.07082762812611612,0.03620124569218994,0.13193540011828947,0.04798819111838458,0.11237831596401048,0.050077945541423814,0.05059154885620847,0.07082762812611612,0.03620124569218994,0.13193540011828947,0.04798819111838458,0.11237831596401048
0.12331053800252274,0.07820400099175746,0.03689403241263576,0.02528296672103998,0.0786384301893262,0.0787827358066458,0.07889261617924785,0.12331053800252274,0.07820400099175746,0.03689403241263576,0.02528296672103998,0.0786384301893262,0.0787827358066458,0.07889261617924785
0.03765223263911419,0.0803837174097939,0.03777759444035261,0.10966939663466693,0.07870050379363526,0.0788684286812005,0.07698309849872119,0.03765223263911419,0.0803837174097939,0.03777759444035261,0.10966939663466693,0.07870050379363526,0.0788684286812005,0.07698309849872119
0.09159142814863658,0.05033615920842587,0.07075340788215685,0.03729469725588049,0.09062333173028486,0.047906247813983026,0.11152251121246481,0.09159142814863658,0.05033615920842587,0.07075340788215685,0.03729469725588049,0.09062333173028486,0.047906247813983026,0.11152251121246481
0.07007378376859733,0.05060676192554357,0.09128188104454277,0.058416637909147515,0.09084111337805081,0.04774123402165227,0.09105244582407152,0.07007378376859733,0.05060676192554357,0.09128188104454277,0.058416637909147515,0.09084111337805081,0.04774123402165227,0.09105244582407152
0.08034017467270413,0.03891464920492086,0.038551431854661325,0.026357516229788353,0.12091311843632321,0.03337823853280875,0.1615512688709925,0.08034017467270413,0.03891464920492086,0.038551431854661325,0.026357516229788353,0.12091311843632321,0.03337823853280875,0.1615512688709925
0.03862597991342872,0.08027963395475389,0.03893662299030171,0.0259840661099675,0.16155012304416683,0.07700063104380599,0.07762334756524486,0.03862597991342872,0.08027963395475389,0.03893662299030171,0.0259840661099675,0.16155012304416683,0.07700063104380599,0.07762334756524486
0.04990846511958243,0.05060658825120043,0.0708945822701186,0.037059957839395745,0.09014867708140166,0.0892093765442996,0.11221715111291378,0.04990846511958243,0.05060658825120043,0.0708945822701186,0.037059957839395745,0.09014867708140166,0.0892093765442996,0.11221715111291378
0.1187312378823152,0.03966596751350679,0.03683088638149122,0.06827364694322825,0.07793399428325316,0.036004395880573685,0.1225608339930095,0.1187312378823152,0.03966596751350679,0.03683088638149122,0.06827364694322825,0.07793399428325316,0.036004395880573685,0.1225608339930095
0.07944360495613381,0.07983915197020125,0.03773434448460154,0.0249305220812016,0.07937694346202719,0.11905945830561422,0.07964516118041841,0.07944360495613381,0.07983915197020125,0.03773434448460154,0.0249305220812016,0.07937694346202719,0.11905945830561422,0.07964516118041841
0.16347124181908324,0.037152333513294424,0.035370315205311295,0.07132579284629866,0.07592684595463756,0.03535522403186976,0.08140804278956591,0.16347124181908324,0.037152333513294424,0.035370315205311295,0.07132579284629866,0.07592684595463756,0.03535522403186976,0.08140804278956591
0.04948123563074117,0.09214283410019318,0.05000642565938097,0.058087280788397304,0.09018234819731566,0.06856709433893338,0.09154241536155268,0.04948123563074117,0.09214283410019318,0.05000642565938097,0.058087280788397304,0.09018234819731566,0.06856709433893338,0.09154241536155268
0.07015296942338407,0.049782645306740564,0.05052942173938116,0.058444921189973124,0.11115147259523618,0.04805228988006884,0.11188658400441881,0.07015296942338407,0.049782645306740564,0.05052942173938116,0.058444921189973124,0.11115147259523618,0.04805228988006884,0.11188658400441881
0.05058710080909848,0.050423176353534466,0.050509317218764276,0.037432044438737454,0.10980620143255956,0.04810073543640486,0.15314430564997936,0.05058710080909848,0.050423176353534466,0.050509317218764276,0.037432044438737454,0.10980620143255956,0.04810073543640486,0.15314430564997936
0.0388437380943331,0.0807052372598509,0.039148491041173586,0.02605830575662525,0.07858164915280719,0.15929630918323032,0.07736657486061495,0.0388437380943331,0.0807052372598509,0.039148491041173586,0.02605830575662525,0.07858164915280719,0.15929630918323032,0.07736657486061495
0.03605608949530484,0.03623646743584345,0.036049258732984694,0.023196030315493946,0.16453459639806883,0.03998736860599648,0.16396491060805926,0.03605608949530484,0.03623646743584345,0.036049258732984694,0.023196030315493946,0.16453459639806883,0.03998736860599648,0.16396491060805926
0.07065902527945932,0.07054215037980226,0.04963851009847581,0.058540702261686554,0.1114742606432983,0.04859332408381997,0.0905865075375968,0.07065902527945932,0.07054215037980226,0.04963851009847581,0.058540702261686554,0.1114742606432983,0.04859332408381997,0.0905865075375968
0.0805645508078435,0.0397769722852478,0.03775868267271751,0.02645213076634536,0.11967921185744554,0.11630359572550272,0.07947604921103024,0.0805645508078435,0.0397769722852478,0.03775868267271751,0.02645213076634536,0.11967921185744554,0.11630359572550272,0.07947604921103024
0.03793894300380855,0.037955706008203,0.1630597589052306,0.025942893286804682,0.11921833444607015,0.03694773683445306,0.07893968515574865,0.03793894300380855,0.037955706008203,0.1630597589052306,0.025942893286804682,0.11921833444607015,0.03694773683445306,0.07893968515574865
0.09230171569921085,0.050547264168590234,0.05035932693177764,0.03680537501978273,0.11115054107587892,0.06748568162411273,0.09135211085655752,0.09230171569921085,0.050547264168590234,0.05035932693177764,0.03680537501978273,0.11115054107587892,0.06748568162411273,0.09135211085655752
0.07943011776347683,0.07945159396902404,0.07896923208670013,0.024876079576121417,0.07870591699016992,0.07829234024882689,0.08027574545982377,0.07943011776347683,0.07945159396902404,0.07896923208670013,0.024876079576121417,0.07870591699016992,0.07829234024882689,0.08027574545982377
0.08009180322877588,0.038301909060824244,0.12015741786368658,0.025974550783677386,0.12024766533179633,0.03590883447353427,0.07932116159264745,0.08009180322877588,0.038301909060824244,0.12015741786368658,0.025974550783677386,0.12024766533179633,0.03590883447353427,0.07932116159264745
0.07929110580483419,0.07938228205174207,0.0383692386719505,0.025410828753869213,0.16256596623383743,0.03639283860517334,0.07859496692635348,0.07929110580483419,0.07938228205174207,0.0383692386719505,0.025410828753869213,0.16256596623383743,0.03639283860517334,0.07859496692635348
0.06959359952559617,0.050625526281508244,0.07159898411383646,0.03743532760799839,0.13262637696937118,0.04704083866387355,0.09111477820170333,0.06959359952559617,0.050625526281508244,0.07159898411383646,0.03743532760799839,0.13262637696937118,0.04704083866387355,0.09111477820170333
0.09213491678670661,0.04993852515281095,0.04931930003160012,0.038124166061312414,0.11104668304611327,0.04694776046661009,0.11251989875372846,0.09213491678670661,0.04993852515281095,0.04931930003160012,0.038124166061312414,0.11104668304611327,0.04694776046661009,0.11251989875372846
0.0703118327249718,0.07131840217842224,0.07026144702284562,0.03763873164120478,0.09046190539490544,0.04791655720736095,0.11209159006076565,0.0703118327249718,0.07131840217842224,0.07026144702284562,0.03763873164120478,0.09046190539490544,0.04791655720736095,0.11209159006076565
0.03752681280921728,0.16343200635903338,0.08067674457764554,0.025516101200452748,0.07712385955476976,0.03671614524047347,0.07900921344690792,0.03752681280921728,0.16343200635903338,0.08067674457764554,0.025516101200452748,0.07712385955476976,0.03671614524047347,0.07900921344690792
0.050768919425628854,0.051430706643160094,0.050969348238718674,0.05881327428043926,0.10910812972117456,0.04852765788487582,0.13038566553070727,0.050768919425628854,0.051430706643160094,0.050969348238718674,0.05881327428043926,0.10910812972117456,0.04852765788487582,0.13038566553070727
0.12025056583831874,0.08073838544109142,0.03834651934848942,0.025061216517094982,0.12013558587373672,0.03567462511561103,0.07980261493860932,0.12025056583831874,0.08073838544109142,0.03834651934848942,0.025061216517094982,0.12013558587373672,0.03567462511561103,0.07980261493860932
0.04911139217208052,0.049996047300052394,0.05142724982052232,0.03599674873069902,0.09006866591066431,0.13116114278353863,0.09227318940230954,0.04911139217208052,0.049996047300052394,0.05142724982052232,0.03599674873069902,0.09006866591066431,0.13116114278353863,0.09227318940230954
0.07917989746679491,0.03903202017168823,0.03743792015844453,0.10904802588926567,0.07893998229953549,0.03486829078096324,0.12152374636292321,0.07917989746679491,0.03903202017168823,0.03743792015844453,0.10904802588926567,0.07893998229953549,0.03486829078096324,0.12152374636292321
0.16214082377304384,0.0394958044965806,0.03852215061794991,0.024841975418041982,0.11963277519611377,0.03595164349318869,0.07941808411055538,0.16214082377304384,0.0394958044965806,0.03852215061794991,0.024841975418041982,0.11963277519611377,0.03595164349318869,0.07941808411055538
0.049786494347288004,0.09201039424017,0.05012002659271978,0.03695446505179503,0.13139222060896472,0.048503178223439095,0.091240476448525,0.049786494347288004,0.09201039424017,0.05012002659271978,0.03695446505179503,0.13139222060896472,0.048503178223439095,0.091240476448525
0.07072457422299745,0.05014555883712972,0.07172544155217431,0.038199216235422245,0.09122832981648042,0.04541549307744412,0.13256960661980993,0.07072457422299745,0.05014555883712972,0.07172544155217431,0.038199216235422245,0.09122832981648042,0.04541549307744412,0.13256960661980993
0.07590120783292635,0.04274257647367233,0.03885088474300237,0.025926849327543057,0.16226742840933928,0.07668836819946763,0.07762339496685662,0.07590120783292635,0.04274257647367233,0.03885088474300237,0.025926849327543057,0.16226742840933928,0.07668836819946763,0.07762339496685662
0.04669467831607195,0.07245254632771343,0.07186283272659513,0.037143850763236695,0.08996551145030848,0.04806619515489068,0.13381732355559142,0.04669467831607195,0.07245254632771343,0.07186283272659513,0.037143850763236695,0.08996551145030848,0.04806619515489068,0.13381732355559142
0.0910449286815134,0.04976395995857733,0.04929387540713876,0.03863289578282144,0.09110482723935567,0.08980285106545748,0.09038789832495463,0.0910449286815134,0.04976395995857733,0.04929387540713876,0.03863289578282144,0.09110482723935567,0.08980285106545748,0.09038789832495463
0.03815534383477259,0.08225904770871273,0.03529541606382928,0.02472436351534919,0.20441542670023238,0.03693757700370569,0.07821454883128116,0.03815534383477259,0.08225904770871273,0.03529541606382928,0.02472436351534919,0.20441542670023238,0.03693757700370569,0.07821454883128116
0.04952414113513301,0.051703909850161336,0.050873651772690674,0.10007556457896105,0.10924766207317078,0.047928970573448096,0.09066193971807428,0.04952414113513301,0.051703909850161336,0.050873651772690674,0.10007556457896105,0.10924766207317078,0.047928970573448096,0.09066193971807428
0.09332974251325697,0.07041403157771486,0.05052458389046728,0.035852723651930665,0.08901245442348296,0.07063274527573671,0.09023604509019827,0.09332974251325697,0.07041403157771486,0.05052458389046728,0.035852723651930665,0.08901245442348296,0.07063274527573671,0.09023604509019827
0.03770074545439292,0.03871376331053582,0.03813012696959006,0.02523375114832798,0.07910731739843592,0.1189203666900656,0.16219532231134096,0.03770074545439292,0.03871376331053582,0.03813012696959006,0.02523375114832798,0.07910731739843592,0.1189203666900656,0.16219532231134096
0.04942147295973928,0.11281793132039318,0.050551744345762456,0.037021717763440445,0.09026748417907661,0.06872884489802217,0.09121928515524916,0.04942147295973928,0.11281793132039318,0.050551744345762456,0.037021717763440445,0.09026748417907661,0.06872884489802217,0.09121928515524916
0.03752043880704689,0.07893368228283855,0.07836303605339487,0.026242978855804885,0.12001976817685985,0.03759799769847154,0.12132434355387119,0.03752043880704689,0.07893368228283855,0.07836303605339487,0.026242978855804885,0.12001976817685985,0.03759799769847154,0.12132434355387119
0.09139237377057827,0.05021666533312217,0.09259426644250336,0.03658910700187004,0.08982569802466193,0.048757744860636394,0.09065435464919673,0.09139237377057827,0.05021666533312217,0.09259426644250336,0.03658910700187004,0.08982569802466193,0.048757744860636394,0.09065435464919673
0.038673421665103264,0.03964648192271963,0.07498880339867296,0.0686151036208242,0.12021163138769307,0.03604059322180082,0.12183305737182368,0.038673421665103264,0.03964648192271963,0.07498880339867296,0.0686151036208242,0.12021163138769307,0.03604059322180082,0.12183305737182368
0.0,0.0,0.0,0.0,0.0,0.0,0.5000000001497025,0.0,0.0,0.0,0.0,0.0,0.0,0.5000000001497025
0.04945911407827043,0.050310652158328285,0.050163997812843,0.07739474178356501,0.09162780874931396,0.04805799929685156,0.13301465314041072,0.04945911407827043,0.050310652158328285,0.050163997812843,0.07739474178356501,0.09162780874931396,0.04805799929685156,0.13301465314041072
0.04928464351486754,0.050242176500730464,0.0509932032827831,0.03662669492674906,0.09074859599736411,0.06859630196760608,0.15355368228535923,0.04928464351486754,0.050242176500730464,0.0509932032827831,0.03662669492674906,0.09074859599736411,0.06859630196760608,0.15355368228535923
0.04943720182437459,0.05007345036203393,0.07097459363002043,0.057861906099653665,0.11133737652674958,0.0695800488039702,0.0907385846293807,0.04943720182437459,0.05007345036203393,0.07097459363002043,0.057861906099653665,0.11133737652674958,0.0695800488039702,0.0907385846293807
0.09285055434785702,0.04905397976070098,0.07085896492817481,0.036928461743130574,0.0909533725153238,0.06941435166531004,0.08997512883028631,0.09285055434785702,0.04905397976070098,0.07085896492817481,0.036928461743130574,0.0909533725153238,0.06941435166531004,0.08997512883028631
0.049926297633872824,0.07100748678169028,0.04962172059184392,0.037177386592687545,0.15344859324734023,0.04728034945367814,0.09153902259610693,0.049926297633872824,0.07100748678169028,0.04962172059184392,0.037177386592687545,0.15344859324734023,0.04728034945367814,0.09153902259610693
0.08511055721994135,0.038201707713921965,0.12006663704844049,0.022940941447532635,0.07891406645512826,0.034311468477569974,0.12049592209172186,0.08511055721994135,0.038201707713921965,0.12006663704844049,0.022940941447532635,0.07891406645512826,0.034311468477569974,0.12049592209172186
0.038710316033534045,0.03910310635642653,0.038798474979270324,0.027912922563521562,0.07737174333613324,0.1995523564125449,0.07857795960043633,0.038710316033534045,0.03910310635642653,0.038798474979270324,0.027912922563521562,0.07737174333613324,0.1995523564125449,0.07857795960043633
0.07908474050845943,0.07991231359454438,0.038308255265694,0.06746808320093552,0.119206336002258,0.03660453247437027,0.07944584417898448,0.07908474050845943,0.07991231359454438,0.038308255265694,0.06746808320093552,0.119206336002258,0.03660453247437027,0.07944584417898448
0.040976578184175314,0.08095391192065803,0.035262711514077935,0.06509844943118,0.1210817057592922,0.07797138679814349,0.0786618203289341,0.040976578184175314,0.08095391192065803,0.035262711514077935,0.06509844943118,0.1210817057592922,0.07797138679814349,0.0786618203289341
0.07133025372841811,0.05035183515777131,0.04983328160980276,0.03710045740965673,0.09044948171032094,0.1101955456822478,0.09075085467859276,0.07133025372841811,0.05035183515777131,0.04983328160980276,0.03710045740965673,0.09044948171032094,0.1101955456822478,0.09075085467859276
0.03808401383703513,0.03871863730468495,0.20431099495353772,0.025161906479454862,0.07827835819666641,0.03607258544978761,0.07943864632952027,0.03808401383703513,0.03871863730468495,0.20431099495353772,0.025161906479454862,0.07827835819666641,0.03607258544978761,0.07943864632952027
0.16244713868053187,0.03771370215068326,0.037087033938112364,0.026273850379492526,0.07896614099072267,0.07788041502555101,0.07969147862242479,0.16244713868053187,0.03771370215068326,0.037087033938112364,0.026273850379492526,0.07896614099072267,0.07788041502555101,0.07969147862242479
0.07731512001780176,0.038051516102296,0.03882672866975728,0.02712045666159993,0.07881119134075898,0.16116340285364109,0.07875466756523253,0.07731512001780176,0.038051516102296,0.03882672866975728,0.02712045666159993,0.07881119134075898,0.16116340285364109,0.07875466756523253
0.04592707345925571,0.09510427411730041,0.09121651603519246,0.037072665623113794,0.09221979939110479,0.04832457473825554,0.09013569314795028,0.04592707345925571,0.09510427411730041,0.09121651603519246,0.037072665623113794,0.09221979939110479,0.04832457473825554,0.09013569314795028
0.038268249953597566,0.03879157344063659,0.1224533664000741,0.10782866838801926,0.0769573416408592,0.0361386676823324,0.07957062716118424,0.038268249953597566,0.03879157344063659,0.1224533664000741,0.10782866838801926,0.0769573416408592,0.0361386676823324,0.07957062716118424
0.04943835765380242,0.09112337018275254,0.049458826696243005,0.03873571454193698,0.11080829415981563,0.04842705744680124,0.11201875990930191,0.04943835765380242,0.09112337018275254,0.049458826696243005,0.03873571454193698,0.11080829415981563,0.04842705744680124,0.11201875990930191
0.050372011124547166,0.05041410407379491,0.05047920528901739,0.07953407801020555,0.08897624190340277,0.06864655610443636,0.11165576848248378,0.050372011124547166,0.05041410407379491,0.05047920528901739,0.07953407801020555,0.08897624190340277,0.06864655610443636,0.11165576848248378
0.04974212675331613,0.07193605441544813,0.05156125077072272,0.039715296634950374,0.10936668308011492,0.048677059710012266,0.12900481058410382,0.04974212675331613,0.07193605441544813,0.05156125077072272,0.039715296634950374,0.10936668308011492,0.048677059710012266,0.12900481058410382
0.03359552029607577,0.08168003637056442,0.12315130700781575,0.025914743392146698,0.07886600864014498,0.03500449827403681,0.12179157822833178,0.03359552029607577,0.08168003637056442,0.12315130700781575,0.025914743392146698,0.07886600864014498,0.03500449827403681,0.12179157822833178
0.03775009858249423,0.12279294723409284,0.037730877692924304,0.06709126357558363,0.0786886173879095,0.07653179542228103,0.07941599651567344,0.03775009858249423,0.12279294723409284,0.037730877692924304,0.06709126357558363,0.0786886173879095,0.07653179542228103,0.07941599651567344
0.049891390765084594,0.050591566666215115,0.07084584358933733,0.03702711302915392,0.11127849791968442,0.048996534990836796,0.13137758335281038,0.049891390765084594,0.050591566666215115,0.07084584358933733,0.03702711302915392,0.11127849791968442,0.048996534990836796,0.13137758335281038
0.04946554093770038,0.07089187541983248,0.0494120455078587,0.0791027055603424,0.09080505299624149,0.04809069404478034,0.11225896273899413,0.04946554093770038,0.07089187541983248,0.0494120455078587,0.0791027055603424,0.09080505299624149,0.04809069404478034,0.11225896273899413
0.04959351102528339,0.0505465940712339,0.0921140124208433,0.037858654428237035,0.11165771338403169,0.06672921282124236,0.09151100466709355,0.04959351102528339,0.0505465940712339,0.0921140124208433,0.037858654428237035,0.11165771338403169,0.06672921282124236,0.09151100466709355
0.0491373843923965,0.05013947712107377,0.09161871505859377,0.03699680108775198,0.09084750953549361,0.0692718384528078,0.11199059598570106,0.0491373843923965,0.05013947712107377,0.09161871505859377,0.03699680108775198,0.09084750953549361,0.0692718384528078,0.11199059598570106
0.03977981627460857,0.03973001121531419,0.07809663837336393,0.025697939539683707,0.16045112498782885,0.07883852691085436,0.07740793459264035,0.03977981627460857,0.03973001121531419,0.07809663837336393,0.025697939539683707,0.16045112498782885,0.07883852691085436,0.07740793459264035
0.03902540196844334,0.039815381088719945,0.07855412326386925,0.027089765316005654,0.1195612704771758,0.07607766193343676,0.11987943528531236,0.03902540196844334,0.039815381088719945,0.07855412326386925,0.027089765316005654,0.1195612704771758,0.07607766193343676,0.11987943528531236
0.07154225834558806,0.050604881754953826,0.0501357588227793,0.07924660710598551,0.09122203731825061,0.04654151930298553,0.1107917265830469,0.07154225834558806,0.050604881754953826,0.0501357588227793,0.07924660710598551,0.09122203731825061,0.04654151930298553,0.1107917265830469
0.050172572921264535,0.05069902986271739,0.07068577125844652,0.057858859144177814,0.13144072156052328,0.04776968892252028,0.09137383072438537,0.050172572921264535,0.05069902986271739,0.07068577125844652,0.057858859144177814,0.13144072156052328,0.04776968892252028,0.09137383072438537
0.05003077712346862,0.05090868207021041,0.050091474561107234,0.03555321582155217,0.15299899186774102,0.06898647799851035,0.09145143486699489,0.05003077712346862,0.05090868207021041,0.050091474561107234,0.03555321582155217,0.15299899186774102,0.06898647799851035,0.09145143486699489
0.04980721017642021,0.050394339385711445,0.04991875842596935,0.037093605527514284,0.11075607295730759,0.06937887562473434,0.13265574772078087,0.04980721017642021,0.050394339385711445,0.04991875842596935,0.037093605527514284,0.11075607295730759,0.06937887562473434,0.13265574772078087
0.04993368381149576,0.05098277047021881,0.09085011699660621,0.037193793409029396,0.09008298720212354,0.08922958941820978,0.09178548834116912,0.04993368381149576,0.05098277047021881,0.09085011699660621,0.037193793409029396,0.09008298720212354,0.08922958941820978,0.09178548834116912
0.07854526157949883,0.038630721956480416,0.03775262405698582,0.06572568992354731,0.12116681909791535,0.03750152546547544,0.12068162178939894,0.07854526157949883,0.038630721956480416,0.03775262405698582,0.06572568992354731,0.12116681909791535,0.03750152546547544,0.12068162178939894
0.1257629179536443,0.038469849424963884,0.03160972690718273,0.023264626137919273,0.1226037889326892,0.07745381972021444,0.08084496049000194,0.1257629179536443,0.038469849424963884,0.03160972690718273,0.023264626137919273,0.1226037889326892,0.07745381972021444,0.08084496049000194
0.1338589092590555,0.05044066394415663,0.04939177286472008,0.03699926820987608,0.09030099973992334,0.04819740186356597,0.09081491830656682,0.1338589092590555,0.05044066394415663,0.04939177286472008,0.03699926820987608,0.09030099973992334,0.04819740186356597,0.09081491830656682
0.09206438391718381,0.04970205144425732,0.07092765239190148,0.05797745884100991,0.09071619077502908,0.047426639436031905,0.09119351337593914,0.09206438391718381,0.04970205144425732,0.07092765239190148,0.05797745884100991,0.09071619077502908,0.047426639436031905,0.09119351337593914
0.038833398785133255,0.0801062212965741,0.03805720774731728,0.06654957441486825,0.07790912563552232,0.036130533691789965,0.16241776332816982,0.038833398785133255,0.0801062212965741,0.03805720774731728,0.06654957441486825,0.07790912563552232,0.036130533691789965,0.16241776332816982
0.0704805981620241,0.09166593648647962,0.07223950704798435,0.03682910101956998,0.09044082569854586,0.04781126898229085,0.09054399995046897,0.0704805981620241,0.09166593648647962,0.07223950704798435,0.03682910101956998,0.09044082569854586,0.04781126898229085,0.09054399995046897
0.049386437883263905,0.05004506829775758,0.09136061891693435,0.05901719561758636,0.0897844331788457,0.048070319127553274,0.1123647601672728,0.049386437883263905,0.05004506829775758,0.09136061891693435,0.05901719561758636,0.0897844331788457,0.048070319127553274,0.1123647601672728
0.03717323427446714,0.03791563166396605,0.12098897979309421,0.02691687168943463,0.11976320981701383,0.07800621887950068,0.07926031345848811,0.03717323427446714,0.03791563166396605,0.12098897979309421,0.02691687168943463,0.11976320981701383,0.07800621887950068,0.07926031345848811
0.03720147474150249,0.03801802405578105,0.03730710566057745,0.022802362344063697,0.07914200259297038,0.16396522026048121,0.12156899065196236,0.03720147474150249,0.03801802405578105,0.03730710566057745,0.022802362344063697,0.07914200259297038,0.16396522026048121,0.12156899065196236
0.0705804942221375,0.049869808901471115,0.09188922214963904,0.03815945369557809,0.09120120904751146,0.06818804709739236,0.09016361487785957,0.0705804942221375,0.049869808901471115,0.09188922214963904,0.03815945369557809,0.09120120904751146,0.06818804709739236,0.09016361487785957
0.04911144840644574,0.09208274070456135,0.049964030756100744,0.03717438023116829,0.0910306250683245,0.06854613983782935,0.11209559873969684,0.04911144840644574,0.09208274070456135,0.049964030756100744,0.03717438023116829,0.0910306250683245,0.06854613983782935,0.11209559873969684
0.06983699179635268,0.04970285215582246,0.05046034122190235,0.05953536939128596,0.08983175267736197,0.04826183364452926,0.13238067461435682,0.06983699179635268,0.04970285215582246,0.05046034122190235,0.05953536939128596,0.08983175267736197,0.04826183364452926,0.13238067461435682
0.04928523827569982,0.04907970139907484,0.06901760285416865,0.03569037851555168,0.09146233129117858,0.07283368291893726,0.132644258747147,0.04928523827569982,0.04907970139907484,0.06901760285416865,0.03569037851555168,0.09146233129117858,0.07283368291893726,0.132644258747147
0.07098139383186984,0.050370520044332866,0.05042410916510445,0.05927744249096272,0.11219229257098674,0.06549734256151907,0.09133230969886676,0.07098139383186984,0.050370520044332866,0.05042410916510445,0.05927744249096272,0.11219229257098674,0.06549734256151907,0.09133230969886676
0.03813990859779581,0.038642775508166236,0.03878420162867897,0.06576800837406246,0.11989841258645942,0.037139299892764176,0.16166134458114897,0.03813990859779581,0.038642775508166236,0.03878420162867897,0.06576800837406246,0.11989841258645942,0.037139299892764176,0.16166134458114897
0.038387540469640165,0.03937834239725952,0.07933808507697998,0.06756210043629898,0.11706426216511531,0.0788979112849969,0.07937843484785284,0.038387540469640165,0.03937834239725952,0.07933808507697998,0.06756210043629898,0.11706426216511531,0.0788979112849969,0.07937843484785284
0.049354043049402656,0.06996441463736096,0.09242019836692522,0.0572669775862963,0.09103384461034927,0.04887597350473811,0.0911325967597832,0.049354043049402656,0.06996441463736096,0.09242019836692522,0.0572669775862963,0.09103384461034927,0.04887597350473811,0.0911325967597832
0.07135804810362152,0.049866799315900885,0.09177174946995523,0.03791844350689062,0.08946249080685906,0.04772965189791087,0.1119257980232711,0.07135804810362152,0.049866799315900885,0.09177174946995523,0.03791844350689062,0.08946249080685906,0.04772965189791087,0.1119257980232711
0.11052018808151184,0.05014809931906042,0.04952881689304267,0.05960185570727692,0.09170895225763788,0.04794998251567506,0.09056313278868612,0.11052018808151184,0.05014809931906042,0.04952881689304267,0.05960185570727692,0.09170895225763788,0.04794998251567506,0.09056313278868612
0.11212805126841911,0.05101884083549546,0.04942534983710114,0.03740959015103605,0.11259560341356195,0.04673328330391046,0.09069188676849584,0.11212805126841911,0.05101884083549546,0.04942534983710114,0.03740959015103605,0.11259560341356195,0.04673328330391046,0.09069188676849584
0.03749836062460731,0.03767848529666493,0.03756557794971198,0.15188426208926153,0.07827451670553942,0.03640346492207143,0.12072899125319106,0.03749836062460731,0.03767848529666493,0.03756557794971198,0.15188426208926153,0.07827451670553942,0.03640346492207143,0.12072899125319106
0.050193464501280434,0.05083323830325511,0.05014113597748181,0.05587304640505434,0.15353988535403462,0.04773521633402049,0.09168598557782971,0.050193464501280434,0.05083323830325511,0.05014113597748181,0.05587304640505434,0.15353988535403462,0.04773521633402049,0.09168598557782971
0.050235343541251504,0.05002219086229649,0.05021971064284385,0.035737297305526244,0.09051784541103464,0.04779255733022186,0.1754797458736404,0.050235343541251504,0.05002219086229649,0.05021971064284385,0.035737297305526244,0.09051784541103464,0.04779255733022186,0.1754797458736404
0.049624632003373,0.051441347225301554,0.11144371782082702,0.03873306188568975,0.09033637972831653,0.06811578626555119,0.09033123356480084,0.049624632003373,0.051441347225301554,0.11144371782082702,0.03873306188568975,0.09033637972831653,0.06811578626555119,0.09033123356480084
0.037285460294733064,0.03883806173754457,0.03830664032948474,0.026733737351215266,0.12045658676749092,0.11938497791877686,0.11899457983807953,0.037285460294733064,0.03883806173754457,0.03830664032948474,0.026733737351215266,0.12045658676749092,0.11938497791877686,0.11899457983807953
0.03273199232038117,0.03327743090147021,0.17189152111300052,0.06533365716518792,0.08138979753203118,0.03605972438153933,0.07932497011689607,0.03273199232038117,0.03327743090147021,0.17189152111300052,0.06533365716518792,0.08138979753203118,0.03605972438153933,0.07932497011689607
0.04970527703462843,0.07098581069511709,0.050201777343137986,0.05807321030201822,0.1322717492601617,0.04776255300929594,0.09100416339847127,0.04970527703462843,0.07098581069511709,0.050201777343137986,0.05807321030201822,0.1322717492601617,0.04776255300929594,0.09100416339847127
0.07017243429038272,0.05063918910786827,0.0718476212065701,0.058068547037126945,0.09034265297542862,0.06751039030495479,0.09142008325973226,0.07017243429038272,0.05063918910786827,0.0718476212065701,0.058068547037126945,0.09034265297542862,0.06751039030495479,0.09142008325973226
0.07947407433135097,0.12186487400524271,0.036286165697466635,0.02536808216436678,0.07870790713549966,0.07918473076481446,0.07914071029385392,0.07947407433135097,0.12186487400524271,0.036286165697466635,0.02536808216436678,0.07870790713549966,0.07918473076481446,0.07914071029385392
0.08999755808970777,0.051227384682007555,0.04992105407353761,0.03724581634444342,0.13175264988538937,0.049134038921010315,0.09075552273116186,0.08999755808970777,0.051227384682007555,0.04992105407353761,0.03724581634444342,0.13175264988538937,0.049134038921010315,0.09075552273116186
0.0492833577743485,0.07179130027901001,0.05040435344281801,0.07966893656374771,0.10975549628186616,0.04796438693864276,0.0911586675766754,0.0492833577743485,0.07179130027901001,0.05040435344281801,0.07966893656374771,0.10975549628186616,0.04796438693864276,0.0911586675766754
0.03795342626587207,0.03677107635370862,0.07910296678443614,0.10845343834202008,0.07823618672096982,0.07968517978870675,0.07979977685228111,0.03795342626587207,0.03677107635370862,0.07910296678443614,0.10845343834202008,0.07823618672096982,0.07968517978870675,0.07979977685228111
0.03771260302421133,0.03798994925145202,0.038134188177539635,0.026698960916141243,0.2019499577433081,0.03661867136066621,0.12091339313019958,0.03771260302421133,0.03798994925145202,0.038134188177539635,0.026698960916141243,0.2019499577433081,0.03661867136066621,0.12091339313019958
0.12148069179323356,0.039819821440991526,0.0374377086569639,0.06444348968249244,0.07879450686571363,0.07845609013468999,0.07956851551284697,0.12148069179323356,0.039819821440991526,0.0374377086569639,0.06444348968249244,0.07879450686571363,0.07845609013468999,0.07956851551284697
0.050102109861506386,0.07133041667200837,0.09234103246588352,0.03833102903392542,0.10956654732459632,0.04740561639380228,0.09095603996872784,0.050102109861506386,0.07133041667200837,0.09234103246588352,0.03833102903392542,0.10956654732459632,0.04740561639380228,0.09095603996872784
0.07038002151378438,0.049652592306411746,0.049037623024545555,0.036792177885543356,0.09022776730656784,0.04951177276375376,0.15446469945084493,0.07038002151378438,0.049652592306411746,0.049037623024545555,0.036792177885543356,0.09022776730656784,0.04951177276375376,0.15446469945084493
0.049529585729415154,0.07087982828203702,0.07085100502122602,0.05824952914198626,0.09028511226225626,0.04809925059488076,0.11213072387869874,0.049529585729415154,0.07087982828203702,0.07085100502122602,0.05824952914198626,0.09028511226225626,0.04809925059488076,0.11213072387869874
0.04924494848196425,0.07075096521531293,0.11204582547634871,0.03745837564741492,0.09093611715235188,0.0479135104464483,0.09165945057114964,0.04924494848196425,0.07075096521531293,0.11204582547634871,0.03745837564741492,0.09093611715235188,0.0479135104464483,0.09165945057114964
0.07776858385429758,0.03970165898124012,0.03656316908792183,0.027244874343284837,0.08116138147228741,0.07661632106188491,0.16096988521738897,0.07776858385429758,0.03970165898124012,0.03656316908792183,0.027244874343284837,0.08116138147228741,0.07661632106188491,0.16096988521738897
0.03661227614172313,0.03681251490051578,0.08174372815633656,0.06728378181651314,0.07788655226321607,0.0366858898829167,0.1630045851902149,0.03661227614172313,0.03681251490051578,0.08174372815633656,0.06728378181651314,0.07788655226321607,0.0366858898829167,0.1630045851902149
0.08108066553608821,0.12324537935244244,0.03791866021915351,0.06427755894236126,0.07798923335715906,0.036281495984168986,0.0792842801978872,0.08108066553608821,0.12324537935244244,0.03791866021915351,0.06427755894236126,0.07798923335715906,0.036281495984168986,0.0792842801978872
0.041035759579022425,0.07946722767914645,0.037686670663923276,0.14915713828262264,0.07720511894655781,0.03522928559615623,0.08022584833717612,0.041035759579022425,0.07946722767914645,0.037686670663923276,0.14915713828262264,0.07720511894655781,0.03522928559615623,0.08022584833717612
0.049391769097324956,0.049900789038480574,0.049818408778767705,0.03688195262670531,0.11121917974399713,0.11136208735431685,0.09143570931934868,0.049391769097324956,0.049900789038480574,0.049818408778767705,0.03688195262670531,0.11121917974399713,0.11136208735431685,0.09143570931934868
0.03846898624773703,0.03913464970077754,0.03851576398548706,0.10873099633475551,0.07798959064815733,0.035891582838745585,0.1612795768086782,0.03846898624773703,0.03913464970077754,0.03851576398548706,0.10873099633475551,0.07798959064815733,0.035891582838745585,0.1612795768086782
0.05019160387880727,0.05071555312744609,0.04985660961911799,0.05663253938389336,0.13299712649107304,0.06883474180678528,0.0908003853552453,0.05019160387880727,0.05071555312744609,0.04985660961911799,0.05663253938389336,0.13299712649107304,0.06883474180678528,0.0908003853552453
0.07039939854252217,0.050165106551250886,0.05036888252877295,0.036982046348786414,0.13180225779874644,0.04840399058129689,0.11188151689025144,0.07039939854252217,0.050165106551250886,0.05036888252877295,0.036982046348786414,0.13180225779874644,0.04840399058129689,0.11188151689025144
0.03719483287829498,0.07978415002903869,0.07912173224289738,0.027002804237675683,0.07820093953644881,0.11913436607816912,0.07956472549177393,0.03719483287829498,0.07978415002903869,0.07912173224289738,0.027002804237675683,0.07820093953644881,0.11913436607816912,0.07956472549177393
0.04976952552348948,0.07196944168449078,0.07219369747374668,0.059282251262138166,0.10903509167715308,0.04726379321328598,0.09049415557038645,0.04976952552348948,0.07196944168449078,0.07219369747374668,0.059282251262138166,0.10903509167715308,0.04726379321328598,0.09049415557038645
0.09067749853642958,0.04972607508008379,0.04942613875255631,0.05969492884942382,0.11153874253315106,0.04925940606924257,0.08970974038910527,0.09067749853642958,0.04972607508008379,0.04942613875255631,0.05969492884942382,0.11153874253315106,0.04925940606924257,0.08970974038910527
0.07951369601480344,0.12284620709943624,0.0802432414086226,0.025544518044124196,0.07683756746031083,0.035912139779685534,0.07918970562503753,0.07951369601480344,0.12284620709943624,0.0802432414086226,0.025544518044124196,0.07683756746031083,0.035912139779685534,0.07918970562503753
0.03753822006425007,0.08014031206682573,0.037663202264579136,0.10933731299930967,0.07846219529366877,0.03596339867109067,0.12091893224148038,0.03753822006425007,0.08014031206682573,0.037663202264579136,0.10933731299930967,0.07846219529366877,0.03596339867109067,0.12091893224148038
0.12021979866581547,0.03610571223193653,0.03889810745987091,0.02727005432939469,0.11913125366825662,0.03696927246392407,0.12145369442563841,0.12021979866581547,0.03610571223193653,0.03889810745987091,0.02727005432939469,0.11913125366825662,0.03696927246392407,0.12145369442563841
0.04958400839277907,0.07161948704802852,0.04977745531564509,0.03719067812058382,0.11110705735393275,0.06925857641242839,0.11146363414897602,0.04958400839277907,0.07161948704802852,0.04977745531564509,0.03719067812058382,0.11110705735393275,0.06925857641242839,0.11146363414897602
0.038096442502683556,0.07997760545640906,0.11981313416203945,0.025902257049969894,0.12021374736328008,0.03694048690842641,0.07908636783483483,0.038096442502683556,0.07997760545640906,0.11981313416203945,0.025902257049969894,0.12021374736328008,0.03694048690842641,0.07908636783483483
0.07008197096478488,0.07145631353020496,0.07081727006802711,0.03732766648365998,0.09036891809082176,0.06893112632373437,0.09101718862082778,0.07008197096478488,0.07145631353020496,0.07081727006802711,0.03732766648365998,0.09036891809082176,0.06893112632373437,0.09101718862082778
0.050372297788721196,0.09134503392093775,0.04922915755010659,0.036909294013716995,0.09110764448551034,0.08978723978632797,0.09128154549709043,0.050372297788721196,0.09134503392093775,0.04922915755010659,0.036909294013716995,0.09110764448551034,0.08978723978632797,0.09128154549709043
0.04932000947592976,0.05023527234053852,0.05013321536385118,0.07930158334644208,0.09020643116850534,0.08944528927454803,0.09136775352400345,0.04932000947592976,0.05023527234053852,0.05013321536385118,0.07930158334644208,0.09020643116850534,0.08944528927454803,0.09136775352400345
0.03840874632975186,0.039345472172475124,0.08329701364913916,0.026100264948652852,0.11707654836752332,0.11737816359662757,0.0783943823200606,0.03840874632975186,0.039345472172475124,0.08329701364913916,0.026100264948652852,0.11707654836752332,0.11737816359662757,0.0783943823200606
0.039449014143775635,0.07937379961862413,0.03752288401944202,0.025580924606841467,0.11889637386644375,0.07755765372651079,0.12162155611677726,0.039449014143775635,0.07937379961862413,0.03752288401944202,0.025580924606841467,0.11889637386644375,0.07755765372651079,0.12162155611677726
0.07016343112477143,0.07088303274605877,0.049584203633153856,0.03761810259670773,0.11138499840080382,0.04798819114201851,0.11237831601935619,0.07016343112477143,0.07088303274605877,0.049584203633153856,0.03761810259670773,0.11138499840080382,0.04798819114201851,0.11237831601935619
0.04937383296600913,0.04992112050233791,0.09171383902013035,0.07891662841181907,0.09113940052461211,0.04755912783991415,0.0913764538409039,0.04937383296600913,0.04992112050233791,0.09171383902013035,0.07891662841181907,0.09113940052461211,0.04755912783991415,0.0913764538409039
0.07879418972187174,0.039041394138471346,0.12084602417690235,0.02592157390705336,0.07958070069785977,0.07618880903136126,0.07962944509204463,0.07879418972187174,0.039041394138471346,0.12084602417690235,0.02592157390705336,0.07958070069785977,0.07618880903136126,0.07962944509204463
0.07054996728950733,0.05005869590933154,0.050073275471997775,0.05797786745772434,0.09039112005662524,0.06877669073994287,0.11217995411972861,0.07054996728950733,0.05005869590933154,0.050073275471997775,0.05797786745772434,0.09039112005662524,0.06877669073994287,0.11217995411972861
0.03788105930228675,0.12116335405487419,0.03796954309919321,0.0275976352935156,0.12072064633945756,0.034818297927055424,0.11985691590487509,0.03788105930228675,0.12116335405487419,0.03796954309919321,0.0275976352935156,0.12072064633945756,0.034818297927055424,0.11985691590487509
0.04985428441843003,0.05054879614102877,0.07008463555938248,0.03726717363663735,0.08945598880035831,0.04864387331797639,0.15414783048886588,0.04985428441843003,0.05054879614102877,0.07008463555938248,0.03726717363663735,0.08945598880035831,0.04864387331797639,0.15414783048886588
0.037427516933233394,0.03680720761006317,0.07989879781639495,0.11049337029632973,0.0793393294421323,0.03569166620097043,0.12037149035487446,0.037427516933233394,0.03680720761006317,0.07989879781639495,0.11049337029632973,0.0793393294421323,0.03569166620097043,0.12037149035487446
0.05018030526799572,0.050269331141487454,0.05008890386853462,0.03759827892441665,0.13136800772677149,0.06971836363709538,0.11078490519473799,0.05018030526799572,0.050269331141487454,0.05008890386853462,0.03759827892441665,0.13136800772677149,0.06971836363709538,0.11078490519473799
0.04967845352112135,0.0704952236478535,0.05016183892301305,0.05817107698553395,0.09112965199360386,0.08954155331377082,0.09083196323790244,0.04967845352112135,0.0704952236478535,0.05016183892301305,0.05817107698553395,0.09112965199360386,0.08954155331377082,0.09083196323790244
0.039107963760610306,0.03942063838298092,0.03916501652506405,0.02464583586037031,0.2021750081723421,0.07598082729712365,0.07950815485937428,0.039107963760610306,0.03942063838298092,0.03916501652506405,0.02464583586037031,0.2021750081723421,0.07598082729712365,0.07950815485937428
0.050176239087678355,0.05068192648023253,0.06843431827377222,0.05836766356806929,0.09185777169373155,0.049121066543088204,0.13136338568313818,0.050176239087678355,0.05068192648023253,0.06843431827377222,0.05836766356806929,0.09185777169373155,0.049121066543088204,0.13136338568313818
0.037248853958495136,0.07925075372238279,0.07917528778208308,0.024968338564185757,0.07776361967708219,0.03924253346465215,0.1623543460698149,0.037248853958495136,0.07925075372238279,0.07917528778208308,0.024968338564185757,0.07776361967708219,0.03924253346465215,0.1623543460698149
0.03845583679891317,0.038073992138980516,0.03836249234684875,0.06642937927171735,0.07763261448455876,0.03735855068414901,0.2036994094466004,0.03845583679891317,0.038073992138980516,0.03836249234684875,0.06642937927171735,0.07763261448455876,0.03735855068414901,0.2036994094466004
0.037810190295839124,0.12210117848828486,0.040243254337362824,0.020877090812635578,0.12328803737728154,0.07614161456991507,0.0795618466349457,0.037810190295839124,0.12210117848828486,0.040243254337362824,0.020877090812635578,0.12328803737728154,0.07614161456991507,0.0795618466349457
0.03807842739400041,0.12102507439337296,0.07908071245183527,0.024976946935638344,0.07930414911515853,0.03638465646669284,0.12115135833849078,0.03807842739400041,0.12102507439337296,0.07908071245183527,0.024976946935638344,0.07930414911515853,0.03638465646669284,0.12115135833849078
0.04950695925127463,0.050223288593277265,0.04995042682049551,0.035904521968372564,0.13076520900706096,0.051049865222711044,0.1326004993881818,0.04950695925127463,0.050223288593277265,0.04995042682049551,0.035904521968372564,0.13076520900706096,0.051049865222711044,0.1326004993881818
0.12022642142353045,0.03853689234040728,0.03812419486395051,0.024372949525666054,0.07952093950115878,0.03733238664734835,0.1618895714066717,0.12022642142353045,0.03853689234040728,0.03812419486395051,0.024372949525666054,0.07952093950115878,0.03733238664734835,0.1618895714066717
0.07143616396076058,0.050579794607245813,0.050341333465879864,0.08007698461483839,0.1098024580963596,0.04770133579672954,0.09008781396094967,0.07143616396076058,0.050579794607245813,0.050341333465879864,0.08007698461483839,0.1098024580963596,0.04770133579672954,0.09008781396094967
0.06839973986147536,0.050187555110664826,0.0705087798663758,0.03856649467003637,0.11206953774032216,0.048020157424269856,0.11225264800631883,0.06839973986147536,0.050187555110664826,0.0705087798663758,0.03856649467003637,0.11206953774032216,0.048020157424269856,0.11225264800631883
0.049483810993384544,0.04998279200641967,0.07095127104761173,0.03778996687509904,0.0895478824097775,0.11008035642120306,0.09216760381098013,0.049483810993384544,0.04998279200641967,0.07095127104761173,0.03778996687509904,0.0895478824097775,0.11008035642120306,0.09216760381098013
0.07041335012823319,0.07079919453994901,0.09205220533680931,0.03719948864742185,0.09053931068561175,0.04799987043553138,0.09102300376349075,0.07041335012823319,0.07079919453994901,0.09205220533680931,0.03719948864742185,0.09053931068561175,0.04799987043553138,0.09102300376349075
0.037496382497573005,0.03789440242970736,0.07913426787178209,0.025802291605068344,0.11994482886116217,0.03758355051805969,0.16221444770433452,0.037496382497573005,0.03789440242970736,0.07913426787178209,0.025802291605068344,0.11994482886116217,0.03758355051805969,0.16221444770433452
0.07929334159354456,0.079872912923065,0.08008735207662455,0.02542220796318014,0.07870866142579698,0.036375569063717465,0.12026909757900676,0.07929334159354456,0.079872912923065,0.08008735207662455,0.02542220796318014,0.07870866142579698,0.036375569063717465,0.12026909757900676
0.07914505959871836,0.08004222620815656,0.038585208603629996,0.06669606248960694,0.07827490649822935,0.07857379010119525,0.0786838974995374,0.07914505959871836,0.08004222620815656,0.038585208603629996,0.06669606248960694,0.07827490649822935,0.07857379010119525,0.0786838974995374
0.07038429725275873,0.07146064049593304,0.04927348478746075,0.03699012504127978,0.09120871174837303,0.08988684230175287,0.09082229351868824,0.07038429725275873,0.07146064049593304,0.04927348478746075,0.03699012504127978,0.09120871174837303,0.08988684230175287,0.09082229351868824
0.03843313686133154,0.038962619925555296,0.0386229028260062,0.19216748455025862,0.07766677277080589,0.03639525466586506,0.07775212805283564,0.03843313686133154,0.038962619925555296,0.0386229028260062,0.19216748455025862,0.07766677277080589,0.03639525466586506,0.07775212805283564
0.11324332835421799,0.05047937652002887,0.04983816706164966,0.03672706732847817,0.09084273855200092,0.06807369403716888,0.0908445135866847,0.11324332835421799,0.05047937652002887,0.04983816706164966,0.03672706732847817,0.09084273855200092,0.06807369403716888,0.0908445135866847
0.0705179471612137,0.07079510088787647,0.04986494541027959,0.05805141244259351,0.09019334669584723,0.0690726847497105,0.09152961242589011,0.0705179471612137,0.07079510088787647,0.04986494541027959,0.05805141244259351,0.09019334669584723,0.0690726847497105,0.09152961242589011
0.049213250860886786,0.1329553326902965,0.051349058762778337,0.03542773262895712,0.09217721390132298,0.04874433045645224,0.09019288032384709,0.049213250860886786,0.1329553326902965,0.051349058762778337,0.03542773262895712,0.09217721390132298,0.04874433045645224,0.09019288032384709
0.03770828282068241,0.08069368532858727,0.037189743574052435,0.025873974628366377,0.07754778050103425,0.03657624203910437,0.2044122882695869,0.03770828282068241,0.08069368532858727,0.037189743574052435,0.025873974628366377,0.07754778050103425,0.03657624203910437,0.2044122882695869
0.04959356424441943,0.05029617642432311,0.050010983741125975,0.035501766143223666,0.17405338863756226,0.048387639295302154,0.09215760680155102,0.04959356424441943,0.05029617642432311,0.050010983741125975,0.035501766143223666,0.17405338863756226,0.048387639295302154,0.09215760680155102
0.0,0.5000000048960391,0.0,0.0,0.0,0.0,0.0,0.0,0.5000000048960391,0.0,0.0,0.0,0.0,0.0
0.040625733101627905,0.07968492344950064,0.07790772725686002,0.02316990893159201,0.11983884573431532,0.07838259309286949,0.08044319998948384,0.040625733101627905,0.07968492344950064,0.07790772725686002,0.02316990893159201,0.11983884573431532,0.07838259309286949,0.08044319998948384
0.07923596609137973,0.038408761988674066,0.0376875247193919,0.024986422570070756,0.20394517894796668,0.036156158974499024,0.07958188309186778,0.07923596609137973,0.038408761988674066,0.0376875247193919,0.024986422570070756,0.20394517894796668,0.036156158974499024,0.07958188309186778
0.040132075985024294,0.040132394062560826,0.15896745086956246,0.027378243686669676,0.07883931810051688,0.035701741783586975,0.11884939622138507,0.040132075985024294,0.040132394062560826,0.15896745086956246,0.027378243686669676,0.07883931810051688,0.035701741783586975,0.11884939622138507
0.03854476365975582,0.03947557178743946,0.039087842030371585,0.06734802500054904,0.07734269744324343,0.11831159127102928,0.11992112896956685,0.03854476365975582,0.03947557178743946,0.039087842030371585,0.06734802500054904,0.07734269744324343,0.11831159127102928,0.11992112896956685
0.038903713349269564,0.08006983041146798,0.08001535926577413,0.025731315347664516,0.07978411154166551,0.07547984374678599,0.12004569454034991,0.038903713349269564,0.08006983041146798,0.08001535926577413,0.025731315347664516,0.07978411154166551,0.07547984374678599,0.12004569454034991
0.07055229198088116,0.07130739001317447,0.05008503835062098,0.03807681851194753,0.09055897428981359,0.04557484266785364,0.13384928079591552,0.07055229198088116,0.07130739001317447,0.05008503835062098,0.03807681851194753,0.09055897428981359,0.04557484266785364,0.13384928079591552
0.12046126120754153,0.0372802356354291,0.03763806163789447,0.06597854590767037,0.12214099098203546,0.03685247787241179,0.07965345485704252,0.12046126120754153,0.0372802356354291,0.03763806163789447,0.06597854590767037,0.12214099098203546,0.03685247787241179,0.07965345485704252
0.07001177708718316,0.05088978375540524,0.07107936869102519,0.07845752302753031,0.09080291404941747,0.04758844447432519,0.0912004172114683,0.07001177708718316,0.05088978375540524,0.07107936869102519,0.07845752302753031,0.09080291404941747,0.04758844447432519,0.0912004172114683
0.038825741562496636,0.08073391504449447,0.03762072008383062,0.025835160524444106,0.08036539446105427,0.07417110698860287,0.1624520870239342,0.038825741562496636,0.08073391504449447,0.03762072008383062,0.025835160524444106,0.08036539446105427,0.07417110698860287,0.1624520870239342
0.07865662514520266,0.1208345264452583,0.03783175781839151,0.02626660601941478,0.0795659005679908,0.03530148965904689,0.12154516072305238,0.07865662514520266,0.1208345264452583,0.03783175781839151,0.02626660601941478,0.0795659005679908,0.03530148965904689,0.12154516072305238
0.049161977528266676,0.09329387649196524,0.07072733533266426,0.03652869411248402,0.09073779473145921,0.06920922139112036,0.09036249790177589,0.049161977528266676,0.09329387649196524,0.07072733533266426,0.03652869411248402,0.09073779473145921,0.06920922139112036,0.09036249790177589
0.163693621158933,0.07867442451850512,0.03739244978025525,0.02753036348328332,0.07807498964636815,0.03522577584437699,0.07944944229318772,0.163693621158933,0.07867442451850512,0.03739244978025525,0.02753036348328332,0.07807498964636815,0.03522577584437699,0.07944944229318772
0.12003449746441913,0.03441486023008998,0.04529926065900636,0.025298929228878057,0.07745919993281784,0.07913446791731789,0.11836500961861202,0.12003449746441913,0.03441486023008998,0.04529926065900636,0.025298929228878057,0.07745919993281784,0.07913446791731789,0.11836500961861202
0.037694151282829505,0.07913822193097123,0.03648510201357392,0.0662125621873529,0.12170249901225284,0.037476203883272635,0.12129758082895904,0.037694151282829505,0.07913822193097123,0.03648510201357392,0.0662125621873529,0.12170249901225284,0.037476203883272635,0.12129758082895904
0.08847511560124488,0.07300021498590828,0.04883404804705988,0.05993361272748617,0.09065527323472722,0.048076772501693565,0.09103579237866201,0.08847511560124488,0.07300021498590828,0.04883404804705988,0.05993361272748617,0.09065527323472722,0.048076772501693565,0.09103579237866201
0.0696109160875358,0.09267245255981463,0.050445786784726936,0.0377934609015491,0.09073235507967038,0.04736139993076738,0.11145805081414961,0.0696109160875358,0.09267245255981463,0.050445786784726936,0.0377934609015491,0.09073235507967038,0.04736139993076738,0.11145805081414961
0.049498466490957176,0.0502944265298303,0.09215558311978687,0.05796673767169087,0.09039607709841407,0.06892517978307218,0.09076489000957633,0.049498466490957176,0.0502944265298303,0.09215558311978687,0.05796673767169087,0.09039607709841407,0.06892517978307218,0.09076489000957633
