f_1,f_2,f_3,f_4,f_5,f_6,f_7,f_1_min,f_2_min,f_3_min,f_4_min,f_5_min,f_6_min,f_7_min
0.33418442953755795,0.12569471644964417,0.13437776525841158,0.35409850166068185,0.5653543806940254,2.0428385271568588,0.048797755904790484,0.33418442953755795,0.12569471644964417,0.13437776525841158,0.35409850166068185,0.5653543806940254,2.0428385271568588,0.048797755904790484
0.1282582581363843,0.3215526837743324,0.13011993231964378,0.13723120217011409,0.5736328547259966,1.876145563144464,0.9388607314245884,0.1282582581363843,0.3215526837743324,0.13011993231964378,0.13723120217011409,0.5736328547259966,1.876145563144464,0.9388607314245884
0.09065767196119331,0.1816068412624354,0.09996089974645206,0.22735949920274973,0.6903822860812787,1.640958379063613,0.0,0.09065767196119331,0.1816068412624354,0.09996089974645206,0.22735949920274973,0.6903822860812787,1.640958379063613,0.0
0.135413628668397,0.348481316274742,0.1313637781426026,0.14162050523508599,0.6460258902904166,2.19220038465303,0.05336684673744464,0.135413628668397,0.348481316274742,0.1313637781426026,0.14162050523508599,0.6460258902904166,2.19220038465303,0.05336684673744464
0.14153801307205577,0.3617261099538051,0.15195971153958787,0.4544202421407293,0.2686764075362423,1.7102097889901886,1.0287565250759383,0.14153801307205577,0.3617261099538051,0.15195971153958787,0.4544202421407293,0.2686764075362423,1.7102097889901886,1.0287565250759383
0.09583164267197807,0.048072967331194344,0.04751950483280433,0.2658338870130211,0.6502660769623786,1.6122880881187422,0.6857385099678537,0.09583164267197807,0.048072967331194344,0.04751950483280433,0.2658338870130211,0.6502660769623786,1.6122880881187422,0.6857385099678537
0.11759824578597664,0.2884374122943045,0.12303058161870938,0.13414163665454137,0.6772850485270892,1.9417455576591518,0.04417743724238128,0.11759824578597664,0.2884374122943045,0.12303058161870938,0.13414163665454137,0.6772850485270892,1.9417455576591518,0.04417743724238128
0.22960026905820505,0.09794759416980299,0.10611855826853026,0.12615494762597143,0.704016772979985,1.8003920120562176,0.02235755141164455,0.22960026905820505,0.09794759416980299,0.10611855826853026,0.12615494762597143,0.704016772979985,1.8003920120562176,0.02235755141164455
0.2513245238683356,0.09575685434631931,0.10376938234812445,0.12704253387708783,0.6315725457943747,1.85239180138458,0.8517111870450939,0.2513245238683356,0.09575685434631931,0.10376938234812445,0.12704253387708783,0.6315725457943747,1.85239180138458,0.8517111870450939
0.27638161675569217,0.11090358643913995,0.11425916629087184,0.2763315387951473,0.5667316364596433,1.8432516358210769,0.8421183157712809,0.27638161675569217,0.11090358643913995,0.11425916629087184,0.2763315387951473,0.5667316364596433,1.8432516358210769,0.8421183157712809
0.09930961910982529,0.043152608910016085,0.04785942631604842,0.2509949064721743,0.6384968216066487,1.6021840778036645,0.7870470068386234,0.09930961910982529,0.043152608910016085,0.04785942631604842,0.2509949064721743,0.6384968216066487,1.6021840778036645,0.7870470068386234
0.10930645256002577,0.2641867471062832,0.11806496776465922,0.29156378875591477,0.6367230389131268,1.8536372376805668,0.0013722957627828774,0.10930645256002577,0.2641867471062832,0.11806496776465922,0.29156378875591477,0.6367230389131268,1.8536372376805668,0.0013722957627828774
0.2882116028763047,0.14013460559260618,0.13376559275230657,0.17776078122063224,0.5714200596659167,1.6586943466904618,0.8527043916577827,0.2882116028763047,0.14013460559260618,0.13376559275230657,0.17776078122063224,0.5714200596659167,1.6586943466904618,0.8527043916577827
0.09434487094840022,0.041972831886192656,0.04269947505078415,0.27026225422820443,0.7073401363748176,1.851276123208101,0.014214016221096411,0.09434487094840022,0.041972831886192656,0.04269947505078415,0.27026225422820443,0.7073401363748176,1.851276123208101,0.014214016221096411
0.07496171999558585,0.16150983373638025,0.09117401559754683,0.2560150995665574,0.6676033987357527,1.6390482393270545,0.4204962334116165,0.07496171999558585,0.16150983373638025,0.09117401559754683,0.2560150995665574,0.6676033987357527,1.6390482393270545,0.4204962334116165
0.12184702800007291,0.30334620689063524,0.13279366161340922,0.18045639094047242,0.5623306804457794,1.712636854584767,0.906580002876778,0.12184702800007291,0.30334620689063524,0.13279366161340922,0.18045639094047242,0.5623306804457794,1.712636854584767,0.906580002876778
0.17431976269225957,0.07921493613913673,0.08704841970027313,0.23730732838427643,0.6929420823015879,1.6734482692835588,0.09767633856509966,0.17431976269225957,0.07921493613913673,0.08704841970027313,0.23730732838427643,0.6929420823015879,1.6734482692835588,0.09767633856509966
0.12336193462520403,0.3055010327449777,0.12888677329010936,0.17267585623441853,0.5634244289765455,1.7572837491424849,0.9365679752313925,0.12336193462520403,0.3055010327449777,0.12888677329010936,0.17267585623441853,0.5634244289765455,1.7572837491424849,0.9365679752313925
0.09309692441976562,0.20028873704534475,0.10266307783810383,0.20861518103845697,0.6899343275040187,1.6366446094526794,0.029253678555553487,0.09309692441976562,0.20028873704534475,0.10266307783810383,0.20861518103845697,0.6899343275040187,1.6366446094526794,0.029253678555553487
0.18659658279190625,0.08299768084781824,0.08973162471009047,0.20802634692835767,0.6999138393531474,1.7519358295749499,0.001377165452915826,0.18659658279190625,0.08299768084781824,0.08973162471009047,0.20802634692835767,0.6999138393531474,1.7519358295749499,0.001377165452915826
0.28993405443981346,0.13856654377554492,0.1240575763560371,0.37008072438992834,0.5756177758699995,1.984485028447212,0.13860193656493575,0.28993405443981346,0.13856654377554492,0.1240575763560371,0.37008072438992834,0.5756177758699995,1.984485028447212,0.13860193656493575
0.10467461536575695,0.19318787580043273,0.10100842760207343,0.2067423316520022,0.6916831518704071,1.655828911061735,0.029539483279428926,0.10467461536575695,0.19318787580043273,0.10100842760207343,0.2067423316520022,0.6916831518704071,1.655828911061735,0.029539483279428926
0.27658028323046235,0.13303009535441182,0.11781298919819448,0.3333452265927815,0.6146780322787454,1.9497432099939545,0.43958496407233616,0.27658028323046235,0.13303009535441182,0.11781298919819448,0.3333452265927815,0.6146780322787454,1.9497432099939545,0.43958496407233616
0.08742156792811359,0.17006157149540516,0.09579585055049099,0.23497876200268036,0.6292426371863779,1.4162531006783707,0.6240469091959941,0.08742156792811359,0.17006157149540516,0.09579585055049099,0.23497876200268036,0.6292426371863779,1.4162531006783707,0.6240469091959941
0.08833561300353984,0.21820806019383868,0.09294290252885203,0.10925010875935297,0.6982267127612137,1.90071207738955,0.4317695261970635,0.08833561300353984,0.21820806019383868,0.09294290252885203,0.10925010875935297,0.6982267127612137,1.90071207738955,0.4317695261970635
0.08991862409121415,0.03756020275159836,0.03903138797800912,0.24575582006021027,0.6627741876164861,1.795203066960582,0.7513187947823932,0.08991862409121415,0.03756020275159836,0.03903138797800912,0.24575582006021027,0.6627741876164861,1.795203066960582,0.7513187947823932
0.2979872398314892,0.12219896062141601,0.132074781369528,0.20271620261003537,0.5582410905010036,1.67824968063683,0.8846024336641767,0.2979872398314892,0.12219896062141601,0.132074781369528,0.20271620261003537,0.5582410905010036,1.67824968063683,0.8846024336641767
0.08583881559425052,0.1813352417315596,0.09334613786710524,0.23334045369266226,0.6903251264509856,1.6477585571582163,0.04522193038748226,0.08583881559425052,0.1813352417315596,0.09334613786710524,0.23334045369266226,0.6903251264509856,1.6477585571582163,0.04522193038748226
0.11549011581395915,0.31581029669532223,0.11816036606888765,0.14986939894328039,0.6677530894776798,2.2083769944964784,0.01978177837495844,0.11549011581395915,0.31581029669532223,0.11816036606888765,0.14986939894328039,0.6677530894776798,2.2083769944964784,0.01978177837495844
9.146118093733978e-18,5.7430854452998495e-18,6.67660404757565e-18,2.0538259228794676e-17,3.878148026299401e-17,7.387970785572903e-17,1.4185865839649474,9.146118093733978e-18,5.7430854452998495e-18,6.67660404757565e-18,2.0538259228794676e-17,3.878148026299401e-17,7.387970785572903e-17,1.4185865839649474
0.13250348777700274,0.3691603123230549,0.13707527321869045,0.15147501052272697,0.5931004464917766,2.1404465157611403,0.6645629978428527,0.13250348777700274,0.3691603123230549,0.13707527321869045,0.15147501052272697,0.5931004464917766,2.1404465157611403,0.6645629978428527
0.09621097449419393,0.23170601622010595,0.10121942366945595,0.10800151635643557,0.7099288287803389,1.9200754326606266,0.01185606016025688,0.09621097449419393,0.23170601622010595,0.10121942366945595,0.10800151635643557,0.7099288287803389,1.9200754326606266,0.01185606016025688
0.5025257808981299,0.21797212486724457,0.224719184954622,0.2416267441267681,0.27696489499909066,1.6842769480785655,0.8866459574047765,0.5025257808981299,0.21797212486724457,0.224719184954622,0.2416267441267681,0.27696489499909066,1.6842769480785655,0.8866459574047765
0.16670362498641456,0.09111245697046003,0.09413329664933895,0.23324817220242414,0.6310539744838908,1.4331136306593546,0.6300926724460159,0.16670362498641456,0.09111245697046003,0.09413329664933895,0.23324817220242414,0.6310539744838908,1.4331136306593546,0.6300926724460159
0.1006191400097602,0.3030846582540539,0.10575542015414525,0.23825342318795714,0.5867970466290231,2.165438841160177,0.9101597471365716,0.1006191400097602,0.3030846582540539,0.10575542015414525,0.23825342318795714,0.5867970466290231,2.165438841160177,0.9101597471365716
0.26916508802314393,0.11887936121243318,0.11396916974279678,0.3130703339816887,0.6243517229239844,1.977983069165607,0.1322519790564834,0.26916508802314393,0.11887936121243318,0.11396916974279678,0.3130703339816887,0.6243517229239844,1.977983069165607,0.1322519790564834
0.18485576162132866,0.08492034307206474,0.09345392959431038,0.2197974551525583,0.6795152786577651,1.6287446396485428,0.3366824759404484,0.18485576162132866,0.08492034307206474,0.09345392959431038,0.2197974551525583,0.6795152786577651,1.6287446396485428,0.3366824759404484
0.05128387676916484,0.10558013657597871,0.0554574529493844,0.2759185658378755,0.6407337730429943,1.5063547760045612,0.6478164253103185,0.05128387676916484,0.10558013657597871,0.0554574529493844,0.2759185658378755,0.6407337730429943,1.5063547760045612,0.6478164253103185
0.19197510998511277,0.09374072402282349,0.09890210579812529,0.21302504814972867,0.6921384447630355,1.6595393889857357,0.031338947078905284,0.19197510998511277,0.09374072402282349,0.09890210579812529,0.21302504814972867,0.6921384447630355,1.6595393889857357,0.031338947078905284
0.11502900923440275,0.2848917138231047,0.11794431266330431,0.31215699507113087,0.619457880049269,1.9997634522711591,0.05311423184995304,0.11502900923440275,0.2848917138231047,0.11794431266330431,0.31215699507113087,0.619457880049269,1.9997634522711591,0.05311423184995304
0.17201117913840552,0.09943026726983058,0.0952347597744765,0.21935275774376675,0.6435879523873768,1.48754639923059,0.6031841267985557,0.17201117913840552,0.09943026726983058,0.0952347597744765,0.21935275774376675,0.6435879523873768,1.48754639923059,0.6031841267985557
0.2567510962439597,0.09748880081483521,0.10432297247311356,0.2985107122253774,0.5861505177541824,1.896748576940448,0.7533866377062994,0.2567510962439597,0.09748880081483521,0.10432297247311356,0.2985107122253774,0.5861505177541824,1.896748576940448,0.7533866377062994
0.19062257830656848,0.08480121772388749,0.0935829340517094,0.21256178284671684,0.6959545300631255,1.713774662434335,0.04345474742916742,0.19062257830656848,0.08480121772388749,0.0935829340517094,0.21256178284671684,0.6959545300631255,1.713774662434335,0.04345474742916742
0.08158803127516316,0.1866959000897283,0.09274893567850127,0.20814085649119135,0.6994676723972665,1.7467383057844506,0.015111645372651519,0.08158803127516316,0.1866959000897283,0.09274893567850127,0.20814085649119135,0.6994676723972665,1.7467383057844506,0.015111645372651519
0.12764239252255316,0.3512431108318182,0.13580940005703732,0.18517203376091096,0.6309192881506528,2.114495518744662,0.12467864889317902,0.12764239252255316,0.3512431108318182,0.13580940005703732,0.18517203376091096,0.6309192881506528,2.114495518744662,0.12467864889317902
0.34072557628254474,0.1320074371037831,0.14201929467457805,0.1587608562295325,0.5406837289828169,1.7714459543783,0.9523809136862029,0.34072557628254474,0.1320074371037831,0.14201929467457805,0.1587608562295325,0.5406837289828169,1.7714459543783,0.9523809136862029
0.08583427400106626,0.19203462532681803,0.09404804672907341,0.20986053864381832,0.6969341824941936,1.7050650559526614,0.03517776024378504,0.08583427400106626,0.19203462532681803,0.09404804672907341,0.20986053864381832,0.6969341824941936,1.7050650559526614,0.03517776024378504
0.05387554307524969,0.10395611609476955,0.052699319004918414,0.28503323619190357,0.696435260398745,1.697511050601975,0.02715875618704702,0.05387554307524969,0.10395611609476955,0.052699319004918414,0.28503323619190357,0.696435260398745,1.697511050601975,0.02715875618704702
0.2992031669844818,0.11321321344544392,0.12092583920200121,0.24575898162616944,0.6318834109675099,2.010458078621436,0.33323055490323705,0.2992031669844818,0.11321321344544392,0.12092583920200121,0.24575898162616944,0.6318834109675099,2.010458078621436,0.33323055490323705
0.27103199421336027,0.1357284927236597,0.12658127267176023,0.2752206037874299,0.5395537017945061,1.654932403581345,0.8657611077926932,0.27103199421336027,0.1357284927236597,0.12658127267176023,0.2752206037874299,0.5395537017945061,1.654932403581345,0.8657611077926932
0.08275257588844637,0.1820286195173858,0.08410396034073639,0.21998732889575595,0.7339691522745032,1.8044712437214563,0.04119738011914838,0.08275257588844637,0.1820286195173858,0.08410396034073639,0.21998732889575595,0.7339691522745032,1.8044712437214563,0.04119738011914838
0.2754052874035599,0.11033919802078368,0.11308863377881191,0.3104198137750634,0.613802762278179,2.006736301264763,0.3727989579820935,0.2754052874035599,0.11033919802078368,0.11308863377881191,0.3104198137750634,0.613802762278179,2.006736301264763,0.3727989579820935
0.22988230842338694,0.09684816779459836,0.10516767504588581,0.2653622519028095,0.664528883392445,1.8151174519692483,0.0,0.22988230842338694,0.09684816779459836,0.10516767504588581,0.2653622519028095,0.664528883392445,1.8151174519692483,0.0
0.33169027377162674,0.12084308988807858,0.1284128467549194,0.18716371098003415,0.6168778023634739,2.0761583830015686,0.5616686924850459,0.33169027377162674,0.12084308988807858,0.1284128467549194,0.18716371098003415,0.6168778023634739,2.0761583830015686,0.5616686924850459
0.17868935334354194,0.08637113853330544,0.09254217698731095,0.2043342744620074,0.6437603209426325,1.5270264633933708,0.6556854096266446,0.17868935334354194,0.08637113853330544,0.09254217698731095,0.2043342744620074,0.6437603209426325,1.5270264633933708,0.6556854096266446
0.32718739859587653,0.14414413011221439,0.1385842514877478,0.14930432849533842,0.6496432615050781,1.9796695743668766,0.026084083722631476,0.32718739859587653,0.14414413011221439,0.1385842514877478,0.14930432849533842,0.6496432615050781,1.9796695743668766,0.026084083722631476
0.10937088002432,0.27656913487661766,0.11762517772734507,0.3173523289986615,0.6225415501454732,1.8962615885693375,0.40413693998158906,0.10937088002432,0.27656913487661766,0.11762517772734507,0.3173523289986615,0.6225415501454732,1.8962615885693375,0.40413693998158906
0.16532365473791463,0.11646431754180876,0.0844518201817815,0.19271559960589565,0.7090484323952874,1.8630644696160763,0.049000696930309194,0.16532365473791463,0.11646431754180876,0.0844518201817815,0.19271559960589565,0.7090484323952874,1.8630644696160763,0.049000696930309194
0.13371290537907765,0.1859641197934347,0.16439643905745563,0.26874121456456207,0.28623220685295864,0.6735174247463365,0.9511491589157681,0.13371290537907765,0.1859641197934347,0.16439643905745563,0.26874121456456207,0.28623220685295864,0.6735174247463365,0.9511491589157681
0.11384456515407637,0.28226387115372525,0.11646863653871974,0.1339659991952388,0.6824814059522789,2.0070309514285465,0.0,0.11384456515407637,0.28226387115372525,0.11646863653871974,0.1339659991952388,0.6824814059522789,2.0070309514285465,0.0
0.2530178190254013,0.10500186063055719,0.11335067064369568,0.3086166885405013,0.6236681527352864,1.8279469957902559,0.30674158764642323,0.2530178190254013,0.10500186063055719,0.11335067064369568,0.3086166885405013,0.6236681527352864,1.8279469957902559,0.30674158764642323
0.11466207853527359,0.204134588960314,0.13164800811348273,0.4833843804328959,0.3319343059099435,1.1606719866140291,0.796719972071631,0.11466207853527359,0.204134588960314,0.13164800811348273,0.4833843804328959,0.3319343059099435,1.1606719866140291,0.796719972071631
0.22318475673646604,0.08699395566714574,0.09276965347735366,0.1104779178165986,0.7155560965715668,1.9819867520574646,0.012753640771635683,0.22318475673646604,0.08699395566714574,0.09276965347735366,0.1104779178165986,0.7155560965715668,1.9819867520574646,0.012753640771635683
0.15418231462162113,0.3532692506263694,0.1549129467405757,0.388219754159417,0.36356076397315484,1.718490338052903,0.9991609839085914,0.15418231462162113,0.3532692506263694,0.1549129467405757,0.388219754159417,0.36356076397315484,1.718490338052903,0.9991609839085914
0.21801457649714456,0.5774250543796977,0.2356965713114869,0.24966896881297274,0.26657231167328227,2.0000330390115595,0.4073602783961187,0.21801457649714456,0.5774250543796977,0.2356965713114869,0.24966896881297274,0.26657231167328227,2.0000330390115595,0.4073602783961187
0.28911037183091093,0.134049429576171,0.12951213657505964,0.3332259750735441,0.5956702792870598,1.8806812344899153,0.13604780047758758,0.28911037183091093,0.134049429576171,0.12951213657505964,0.3332259750735441,0.5956702792870598,1.8806812344899153,0.13604780047758758
0.09734201493707496,0.18689406088795077,0.09428035162241623,0.2082831896943131,0.6964231897930376,1.7085257287844269,0.021718710704253876,0.09734201493707496,0.18689406088795077,0.09428035162241623,0.2082831896943131,0.6964231897930376,1.7085257287844269,0.021718710704253876
0.28191685875876654,0.13253397385591892,0.11487728567800652,0.1224138297824178,0.6697994186926326,2.054657504814983,0.38556676257845096,0.28191685875876654,0.13253397385591892,0.11487728567800652,0.1224138297824178,0.6697994186926326,2.054657504814983,0.38556676257845096
0.08294153423537758,0.035836668400223606,0.03431827616356729,0.254800795028555,0.7184363268762937,2.0250552589182984,0.04058754153416268,0.08294153423537758,0.035836668400223606,0.03431827616356729,0.254800795028555,0.7184363268762937,2.0250552589182984,0.04058754153416268
0.14929736751524952,0.07230736219430836,0.0610124657188301,0.17966623104882254,0.6758761128938265,1.9614822407745203,0.776023173058573,0.14929736751524952,0.07230736219430836,0.0610124657188301,0.17966623104882254,0.6758761128938265,1.9614822407745203,0.776023173058573
0.12787466408963968,0.3298440754843271,0.13382825666059533,0.3663667436494887,0.5501668352082456,2.014501160471239,0.2950918781313017,0.12787466408963968,0.3298440754843271,0.13382825666059533,0.3663667436494887,0.5501668352082456,2.014501160471239,0.2950918781313017
0.08506552454716483,0.04420395164022501,0.03984674442487086,0.2499982933417453,0.6567220705368502,1.72327580027218,0.7490853497017912,0.08506552454716483,0.04420395164022501,0.03984674442487086,0.2499982933417453,0.6567220705368502,1.72327580027218,0.7490853497017912
0.22736585816156651,0.1005666409957725,0.10192858824274798,0.11012669984461394,0.7085201583045325,1.8682744140535268,0.015578395378858604,0.22736585816156651,0.1005666409957725,0.10192858824274798,0.11012669984461394,0.7085201583045325,1.8682744140535268,0.015578395378858604
0.08940668020649223,0.038437135493803405,0.03871526082372996,0.26332000392269256,0.7124610638502699,1.9276953853164873,0.015212693427860089,0.08940668020649223,0.038437135493803405,0.03871526082372996,0.26332000392269256,0.7124610638502699,1.9276953853164873,0.015212693427860089
0.08717032145294151,0.18657847318858714,0.08935010580713657,0.22325537096376957,0.7291742782576055,1.7458905207001196,0.04006886849584499,0.08717032145294151,0.18657847318858714,0.08935010580713657,0.22325537096376957,0.7291742782576055,1.7458905207001196,0.04006886849584499
0.1037573291183358,0.04611329431312906,0.0485887166616506,0.27233321123344906,0.7023407772140574,1.7937006914388567,0.10162927664932525,0.1037573291183358,0.04611329431312906,0.0485887166616506,0.27233321123344906,0.7023407772140574,1.7937006914388567,0.10162927664932525
0.09702111644591299,0.17777933306528293,0.11110926076249479,0.2320196559724571,0.6002253177365745,1.2529669679191633,0.6616202528535866,0.09702111644591299,0.17777933306528293,0.11110926076249479,0.2320196559724571,0.6002253177365745,1.2529669679191633,0.6616202528535866
0.12487189800788961,0.31333372001608906,0.1296749476311141,0.16313550956914794,0.6587225825316775,2.0097175260773277,0.012337836631992742,0.12487189800788961,0.31333372001608906,0.1296749476311141,0.16313550956914794,0.6587225825316775,2.0097175260773277,0.012337836631992742
0.05946688648369235,0.13771132942060696,0.06477445171539077,0.3704837789305433,0.5500388090811286,1.5813510032295905,0.8631753554104997,0.05946688648369235,0.13771132942060696,0.06477445171539077,0.3704837789305433,0.5500388090811286,1.5813510032295905,0.8631753554104997
0.13375763068822089,0.27434810596441356,0.11664332954188032,0.13766131365991294,0.676525729852386,1.9973956589496018,0.24454828192385783,0.13375763068822089,0.27434810596441356,0.11664332954188032,0.13766131365991294,0.676525729852386,1.9973956589496018,0.24454828192385783
0.21306759161554042,0.08505741085210974,0.09443508048322213,0.6030564338616559,0.2724388568758465,1.7701584731657156,0.80184612292978,0.21306759161554042,0.08505741085210974,0.09443508048322213,0.6030564338616559,0.2724388568758465,1.7701584731657156,0.80184612292978
0.11935610522809272,0.20504224292841805,0.11120486042249851,0.1241490727960545,0.6188291515723071,1.4401801570902915,0.8196827610908244,0.11935610522809272,0.20504224292841805,0.11120486042249851,0.1241490727960545,0.6188291515723071,1.4401801570902915,0.8196827610908244
0.2234538364570066,0.09898952384785939,0.1083395992291446,0.2622983401964764,0.6499478082745451,1.6921984998704125,0.3476764779722176,0.2234538364570066,0.09898952384785939,0.1083395992291446,0.2622983401964764,0.6499478082745451,1.6921984998704125,0.3476764779722176
0.09868078249397814,0.22702941457057674,0.10531203114166185,0.11570236744127665,0.6883713560358063,1.7579157444515496,0.40364511702781997,0.09868078249397814,0.22702941457057674,0.10531203114166185,0.11570236744127665,0.6883713560358063,1.7579157444515496,0.40364511702781997
0.13033712999913322,0.2678689893863486,0.11833097098397692,0.3164804802486608,0.618746968235603,1.9267109734903372,0.12903966061294161,0.13033712999913322,0.2678689893863486,0.11833097098397692,0.3164804802486608,0.618746968235603,1.9267109734903372,0.12903966061294161
0.07438590140338341,0.17234082628211927,0.07879232865294217,0.215916184669233,0.7059530005461874,1.838914492971706,0.04962548796696329,0.07438590140338341,0.17234082628211927,0.07879232865294217,0.215916184669233,0.7059530005461874,1.838914492971706,0.04962548796696329
0.13773397972504967,0.3569729221911607,0.13365845787417885,0.1726490643258856,0.6326417538025572,2.206192437089378,0.0009895047105426943,0.13773397972504967,0.3569729221911607,0.13365845787417885,0.1726490643258856,0.6326417538025572,2.206192437089378,0.0009895047105426943
0.10232906947019514,0.06821524800914965,0.06475067608197513,0.31998087980772816,0.6302824467120813,1.529407734379581,0.9132360741078834,0.10232906947019514,0.06821524800914965,0.06475067608197513,0.31998087980772816,0.6302824467120813,1.529407734379581,0.9132360741078834
0.0890392931317266,0.2202240963998474,0.09226093098371595,0.1050063756101007,0.7168209989637413,2.0015036182758332,0.0,0.0890392931317266,0.2202240963998474,0.09226093098371595,0.1050063756101007,0.7168209989637413,2.0015036182758332,0.0
0.3468063053771229,0.1422551889765378,0.15475687965895912,0.19239176758256538,0.4838463221358099,1.599072184660579,1.040242056580615,0.3468063053771229,0.1422551889765378,0.15475687965895912,0.19239176758256538,0.4838463221358099,1.599072184660579,1.040242056580615
0.28398530161213686,0.14163821455032363,0.15540906977814173,0.1748672512252442,0.6477738557362296,1.5484797093476088,0.04858289083980714,0.28398530161213686,0.14163821455032363,0.15540906977814173,0.1748672512252442,0.6477738557362296,1.5484797093476088,0.04858289083980714
0.336026048422518,0.15848493920005832,0.1588646935209778,0.19045969786318206,0.6184004969029003,1.9055855204133363,0.22189619773169444,0.336026048422518,0.15848493920005832,0.1588646935209778,0.19045969786318206,0.6184004969029003,1.9055855204133363,0.22189619773169444
0.22718349727903772,0.10780601934162304,0.10374564577819004,0.25818410689228943,0.666302594931667,1.854163651689315,0.10536515664638638,0.22718349727903772,0.10780601934162304,0.10374564577819004,0.25818410689228943,0.666302594931667,1.854163651689315,0.10536515664638638
0.19646434913867103,0.4613476267086532,0.21330559217691772,0.2348934902172998,0.2523869542820602,1.5157695588378761,1.0492098190580246,0.19646434913867103,0.4613476267086532,0.21330559217691772,0.2348934902172998,0.2523869542820602,1.5157695588378761,1.0492098190580246
0.34950010961977324,0.15653084491488273,0.15479923295222447,0.3967599475062943,0.3872523694421003,1.709733942939983,0.8825828579699952,0.34950010961977324,0.15653084491488273,0.15479923295222447,0.3967599475062943,0.3872523694421003,1.709733942939983,0.8825828579699952
0.0936118488545286,0.21565232088627456,0.09688258763390083,0.11791363789998005,0.7149445143728832,1.9568350477507799,0.0023182830831112015,0.0936118488545286,0.21565232088627456,0.09688258763390083,0.11791363789998005,0.7149445143728832,1.9568350477507799,0.0023182830831112015
0.29416200050459057,0.10942014745814795,0.1170081612192444,0.3273510900221023,0.595181267106203,2.053290543655493,0.3877486565005442,0.29416200050459057,0.10942014745814795,0.1170081612192444,0.3273510900221023,0.595181267106203,2.053290543655493,0.3877486565005442
0.14279097272798089,0.3409977068136909,0.12961033676632447,0.3484998785380246,0.5562652390707872,2.1986854133571203,0.3075208971596915,0.14279097272798089,0.3409977068136909,0.12961033676632447,0.3484998785380246,0.5562652390707872,2.1986854133571203,0.3075208971596915
0.13758983823172918,0.310408070324363,0.14705124128551542,0.16408564899908407,0.5546173410170981,1.6858645472209806,0.901349699190307,0.13758983823172918,0.310408070324363,0.14705124128551542,0.16408564899908407,0.5546173410170981,1.6858645472209806,0.901349699190307
0.22827427631128752,0.09321520059236962,0.09964218888225904,0.11085312807387301,0.7094937768238064,1.908214547199919,0.09152145489244816,0.22827427631128752,0.09321520059236962,0.09964218888225904,0.11085312807387301,0.7094937768238064,1.908214547199919,0.09152145489244816
0.09779144119611907,0.22431456142210185,0.10651626431261887,0.11832295556193256,0.7004261916460508,1.8226398762736133,0.2581694844996922,0.09779144119611907,0.22431456142210185,0.10651626431261887,0.11832295556193256,0.7004261916460508,1.8226398762736133,0.2581694844996922
0.2333797773291311,0.10977962287608252,0.11351491904076409,0.3336181662686669,0.6283044656668427,1.8762471050414364,0.09777329170462228,0.2333797773291311,0.10977962287608252,0.11351491904076409,0.3336181662686669,0.6283044656668427,1.8762471050414364,0.09777329170462228
0.14576967370181512,0.06417056958120615,0.06354710850253527,0.39948340719429426,0.6304996718397189,1.9251786560598363,0.10312600824427667,0.14576967370181512,0.06417056958120615,0.06354710850253527,0.39948340719429426,0.6304996718397189,1.9251786560598363,0.10312600824427667
0.2949843810705483,0.1253823905714805,0.1362385362163575,0.20671044395016433,0.5552043984620453,1.61640943823209,0.8565525683329628,0.2949843810705483,0.1253823905714805,0.1362385362163575,0.20671044395016433,0.5552043984620453,1.61640943823209,0.8565525683329628
0.30529864457955114,0.1347805850448306,0.12803557709255095,0.30773189997998757,0.6062768474505222,2.025023169590117,0.0476834110414137,0.30529864457955114,0.1347805850448306,0.12803557709255095,0.30773189997998757,0.6062768474505222,2.025023169590117,0.0476834110414137
0.3662050085366618,0.1296278636761224,0.14480970896141296,0.14588194606478477,0.5568440792093824,1.990678040791342,0.9603983199614201,0.3662050085366618,0.1296278636761224,0.14480970896141296,0.14588194606478477,0.5568440792093824,1.990678040791342,0.9603983199614201
0.1004387968619184,0.046078428855853684,0.04872092024155617,0.2601363285607551,0.6520827815658589,1.62073160560627,0.6887667392896681,0.1004387968619184,0.046078428855853684,0.04872092024155617,0.2601363285607551,0.6520827815658589,1.62073160560627,0.6887667392896681
0.23790945774745398,0.09253006362787876,0.09798061051133182,0.23611677832252903,0.6623129754691788,1.9659205444281007,0.40048419006477226,0.23790945774745398,0.09253006362787876,0.09798061051133182,0.23611677832252903,0.6623129754691788,1.9659205444281007,0.40048419006477226
0.10327869970407934,0.043505278471889515,0.04745245287905886,0.27360142476720933,0.7040495130020136,1.8161531218159055,0.0,0.10327869970407934,0.043505278471889515,0.04745245287905886,0.27360142476720933,0.7040495130020136,1.8161531218159055,0.0
0.1440723622804749,0.3652493160611312,0.14745794564074377,0.15898902545508975,0.6246924225468482,2.0589021950848276,0.0,0.1440723622804749,0.3652493160611312,0.14745794564074377,0.15898902545508975,0.6246924225468482,2.0589021950848276,0.0
0.3339555836190369,0.1253286985728703,0.13537441374587983,0.35407501081934567,0.565455646611088,2.0483284833498963,0.048913280912323866,0.3339555836190369,0.1253286985728703,0.13537441374587983,0.35407501081934567,0.565455646611088,2.0483284833498963,0.048913280912323866
0.12356531454447349,0.31348730317327095,0.13504569806947117,0.17410998993947005,0.5586964970956031,1.8058657950670038,0.9553929993836462,0.12356531454447349,0.31348730317327095,0.13504569806947117,0.17410998993947005,0.5586964970956031,1.8058657950670038,0.9553929993836462
0.40668568296627794,0.128085128308553,0.13334383054580434,0.14788476362870043,0.6137443982670103,2.472957288057264,0.028091382879869377,0.40668568296627794,0.128085128308553,0.13334383054580434,0.14788476362870043,0.6137443982670103,2.472957288057264,0.028091382879869377
1.042951455620131e-17,1.7128907966579384e-17,9.28449786013983e-18,1.7783956683265177e-17,3.7055364865736195e-17,1.0080567981040054e-16,1.814130230862609,1.042951455620131e-17,1.7128907966579384e-17,9.28449786013983e-18,1.7783956683265177e-17,3.7055364865736195e-17,1.0080567981040054e-16,1.814130230862609
0.12317686779228944,0.3067545022193294,0.12861631066863236,0.17242315960671067,0.5654705448590677,1.771513255398916,0.9337391315205548,0.12317686779228944,0.3067545022193294,0.12861631066863236,0.17242315960671067,0.5654705448590677,1.771513255398916,0.9337391315205548
0.22281403927142246,0.09403914107655952,0.10156818017200324,0.1383047576279103,0.7054536629340293,1.8206602549423234,0.039199469587537,0.22281403927142246,0.09403914107655952,0.10156818017200324,0.1383047576279103,0.7054536629340293,1.8206602549423234,0.039199469587537
0.09365430716382746,0.1822152535523988,0.08936637786070124,0.19468443938794716,0.6878052489647188,1.73778809833005,0.38043349397786624,0.09365430716382746,0.1822152535523988,0.08936637786070124,0.19468443938794716,0.6878052489647188,1.73778809833005,0.38043349397786624
0.310069701292351,0.1172249895938148,0.11750829093911179,0.30300046832595967,0.6009159495542049,2.1461124127835984,0.39164469263398816,0.310069701292351,0.1172249895938148,0.11750829093911179,0.30300046832595967,0.6009159495542049,2.1461124127835984,0.39164469263398816
0.27405651959988797,0.12743133607895232,0.12151782596172542,0.2890897390418704,0.6296885831101369,1.9052054601272506,0.10100586955676993,0.27405651959988797,0.12743133607895232,0.12151782596172542,0.2890897390418704,0.6296885831101369,1.9052054601272506,0.10100586955676993
0.12797320699339784,0.3307595819720903,0.132303118625335,0.3665267271123242,0.5507675004396845,2.0454070359627465,0.28871506939350816,0.12797320699339784,0.3307595819720903,0.132303118625335,0.3665267271123242,0.5507675004396845,2.0454070359627465,0.28871506939350816
0.09573379423989171,0.16024956628482048,0.10004180819968253,0.25956399455599444,0.5995968300562489,1.3207645611958887,0.6836721504865214,0.09573379423989171,0.16024956628482048,0.10004180819968253,0.25956399455599444,0.5995968300562489,1.3207645611958887,0.6836721504865214
0.12955478710253088,0.3133266523207905,0.14113018776951133,0.35076478007217393,0.5715372016775632,1.8490989960872282,0.09502051781715853,0.12955478710253088,0.3133266523207905,0.14113018776951133,0.35076478007217393,0.5715372016775632,1.8490989960872282,0.09502051781715853
0.08662815898295667,0.19741503907364413,0.09456240068697286,0.22583577445157638,0.6895757508894194,1.7404105600249988,0.09307983543150998,0.08662815898295667,0.19741503907364413,0.09456240068697286,0.22583577445157638,0.6895757508894194,1.7404105600249988,0.09307983543150998
0.10972595636580768,0.31936940259281854,0.11136675146870417,0.13863106128427807,0.6708324850125339,2.3418320161790263,0.08351116341327042,0.10972595636580768,0.31936940259281854,0.11136675146870417,0.13863106128427807,0.6708324850125339,2.3418320161790263,0.08351116341327042
0.11778727994208822,0.28096038885121466,0.12763971807675173,0.3202829290937278,0.5702731812441783,1.640628420915973,0.8328670211515743,0.11778727994208822,0.28096038885121466,0.12763971807675173,0.3202829290937278,0.5702731812441783,1.640628420915973,0.8328670211515743
0.6057801852614059,0.22343417696012358,0.22672309727548676,0.24802120420498994,0.25399154550473824,2.2266939789336635,0.014544210898158334,0.6057801852614059,0.22343417696012358,0.22672309727548676,0.24802120420498994,0.25399154550473824,2.2266939789336635,0.014544210898158334
0.09505041108257607,0.21993284571355778,0.10453093445873668,0.1403485003475076,0.6180598580775646,1.5871879559701119,0.8492488582845269,0.09505041108257607,0.21993284571355778,0.10453093445873668,0.1403485003475076,0.6180598580775646,1.5871879559701119,0.8492488582845269
0.35519733241167417,0.13371962559051204,0.14292278566068792,0.1792006130970386,0.4815699477810706,1.7391381935706591,1.1437135857709178,0.35519733241167417,0.13371962559051204,0.14292278566068792,0.1792006130970386,0.4815699477810706,1.7391381935706591,1.1437135857709178
0.349759606880446,0.15509002857533633,0.15263239429902645,0.38316650856223666,0.3590370594288025,1.6725187553797813,1.0190337517608374,0.349759606880446,0.15509002857533633,0.15263239429902645,0.38316650856223666,0.3590370594288025,1.6725187553797813,1.0190337517608374
0.13493080791617396,0.3131599414693407,0.13251570239388855,0.3707156845412521,0.5653754404739708,1.9905084353881333,0.012012196744452365,0.13493080791617396,0.3131599414693407,0.13251570239388855,0.3707156845412521,0.5653754404739708,1.9905084353881333,0.012012196744452365
0.06335591647346289,0.16837134713642787,0.06273419558794123,0.13072958847284555,0.670369640114157,2.057218882359861,0.9295061741391846,0.06335591647346289,0.16837134713642787,0.06273419558794123,0.13072958847284555,0.670369640114157,2.057218882359861,0.9295061741391846
0.22772339648519527,0.5789321744386814,0.24238252529152948,0.26021237001003655,0.2758575138160738,1.9945617584892834,0.0029643456880529724,0.22772339648519527,0.5789321744386814,0.24238252529152948,0.26021237001003655,0.2758575138160738,1.9945617584892834,0.0029643456880529724
0.11847698999880685,0.2879437029798359,0.12362494208233098,0.3145914065803672,0.6141456797995669,1.949874961057368,0.031636706882131556,0.11847698999880685,0.2879437029798359,0.12362494208233098,0.3145914065803672,0.6141456797995669,1.949874961057368,0.031636706882131556
0.10236715957316458,0.22154737819166453,0.10768312917060816,0.13151392290023592,0.7051364599122459,1.8128100077263452,0.002170070950820894,0.10236715957316458,0.22154737819166453,0.10768312917060816,0.13151392290023592,0.7051364599122459,1.8128100077263452,0.002170070950820894
0.11548507414052148,0.18752570847525785,0.10162348500710498,0.22086885817561397,0.6913227513011244,1.6486835475707318,0.109595828817688,0.11548507414052148,0.18752570847525785,0.10162348500710498,0.22086885817561397,0.6913227513011244,1.6486835475707318,0.109595828817688
0.1172193245856156,0.2726130054418814,0.12760830946405657,0.3207022968913727,0.6139855674902412,1.7761888145514233,0.04031609316099889,0.1172193245856156,0.2726130054418814,0.12760830946405657,0.3207022968913727,0.6139855674902412,1.7761888145514233,0.04031609316099889
0.14275569617723094,0.27855115926751994,0.14351338464903735,0.19526695615924317,0.5253894588637192,1.4603970070340675,0.9373218104569506,0.14275569617723094,0.27855115926751994,0.14351338464903735,0.19526695615924317,0.5253894588637192,1.4603970070340675,0.9373218104569506
0.13811400157033651,0.34327275329285406,0.13979055169216,0.1561453963372308,0.6447892653690973,2.1987571165669677,0.24743940409589996,0.13811400157033651,0.34327275329285406,0.13979055169216,0.1561453963372308,0.6447892653690973,2.1987571165669677,0.24743940409589996
0.06374504875279301,0.1277066937467188,0.06160637121851215,0.2542400934808317,0.7036103239822967,1.8040547669217728,0.09723280187163481,0.06374504875279301,0.1277066937467188,0.06160637121851215,0.2542400934808317,0.7036103239822967,1.8040547669217728,0.09723280187163481
0.309065209638165,0.14108380989126265,0.14321106551016607,0.3785307441867093,0.5499603458862381,1.7646742468256242,0.43192125207977783,0.309065209638165,0.14108380989126265,0.14321106551016607,0.3785307441867093,0.5499603458862381,1.7646742468256242,0.43192125207977783
0.18870780147162633,0.46185430067881883,0.1804199727896761,0.3911333310223155,0.24995531104982563,1.9715238823594188,0.9228569950226045,0.18870780147162633,0.46185430067881883,0.1804199727896761,0.3911333310223155,0.24995531104982563,1.9715238823594188,0.9228569950226045
0.31095609703014754,0.13249330967477657,0.13292050961081,0.37285854318945316,0.5636001363161215,1.896000484520926,0.45953432943607586,0.31095609703014754,0.13249330967477657,0.13292050961081,0.37285854318945316,0.5636001363161215,1.896000484520926,0.45953432943607586
0.3015854805138122,0.11799513062608023,0.12670479938040227,0.19762223951425714,0.5620434127243039,1.7626986124206194,0.9230916339512986,0.3015854805138122,0.11799513062608023,0.12670479938040227,0.19762223951425714,0.5620434127243039,1.7626986124206194,0.9230916339512986
0.1834970972636254,0.08417889933683716,0.08869015377354002,0.21626773577422082,0.6837816130972124,1.7252715958377411,0.35813747932082574,0.1834970972636254,0.08417889933683716,0.08869015377354002,0.21626773577422082,0.6837816130972124,1.7252715958377411,0.35813747932082574
0.3344358612909843,0.14393432006073337,0.1440769142276793,0.1549472739816781,0.6409989469268639,1.9381275113875638,0.001426247202141407,0.3344358612909843,0.14393432006073337,0.1440769142276793,0.1549472739816781,0.6409989469268639,1.9381275113875638,0.001426247202141407
0.40535415988499235,0.13048782518965021,0.1362100167106429,0.15104745355315036,0.6132881170635667,2.417067893023664,0.027515158899540447,0.40535415988499235,0.13048782518965021,0.1362100167106429,0.15104745355315036,0.6132881170635667,2.417067893023664,0.027515158899540447
0.2739186589940547,0.13334195065467383,0.11899564260476966,0.3315768340506833,0.609098297374388,1.9030649451248345,0.4888667866260675,0.2739186589940547,0.13334195065467383,0.11899564260476966,0.3315768340506833,0.609098297374388,1.9030649451248345,0.4888667866260675
0.26539593444740034,0.12144077998844409,0.12719088678132787,0.31139499284859234,0.5935904629027806,1.7024681655342395,0.4509792246616318,0.26539593444740034,0.12144077998844409,0.12719088678132787,0.31139499284859234,0.5935904629027806,1.7024681655342395,0.4509792246616318
0.13116743974671746,0.31614532998740164,0.14357824613334533,0.3559350377738087,0.5667979059155247,1.8444945181991224,0.016886921133135616,0.13116743974671746,0.31614532998740164,0.14357824613334533,0.3559350377738087,0.5667979059155247,1.8444945181991224,0.016886921133135616
0.12212504503182584,0.31428148320136573,0.12620712734715225,0.15886906839174986,0.661496947913595,2.0668998354207417,0.01865086841807858,0.12212504503182584,0.31428148320136573,0.12620712734715225,0.15886906839174986,0.661496947913595,2.0668998354207417,0.01865086841807858
0.17444981991206204,0.08176978516280181,0.08135528937983282,0.2249852266269378,0.7221605646939493,1.8017100072091172,0.0435894796668323,0.17444981991206204,0.08176978516280181,0.08135528937983282,0.2249852266269378,0.7221605646939493,1.8017100072091172,0.0435894796668323
0.293444918525862,0.12621502605882645,0.13279633003706595,0.20797394346982281,0.5570863965294788,1.654441728440696,0.8737865667670269,0.293444918525862,0.12621502605882645,0.13279633003706595,0.20797394346982281,0.5570863965294788,1.654441728440696,0.8737865667670269
0.09907577080033786,0.23638837376733315,0.1074259156734343,0.6485800891629012,0.29573919805280596,1.8250403544006029,0.0,0.09907577080033786,0.23638837376733315,0.1074259156734343,0.6485800891629012,0.29573919805280596,1.8250403544006029,0.0
0.2928174042122303,0.11191133126115346,0.11998535280261118,0.3281857747040487,0.5936057259444172,1.9975348151587342,0.3748706396083085,0.2928174042122303,0.11191133126115346,0.11998535280261118,0.3281857747040487,0.5936057259444172,1.9975348151587342,0.3748706396083085
0.2444433983462796,0.5004139690903187,0.21943159020271288,0.23449068038146798,0.25184080589134994,1.7624776589181181,0.9176266560357954,0.2444433983462796,0.5004139690903187,0.21943159020271288,0.23449068038146798,0.25184080589134994,1.7624776589181181,0.9176266560357954
0.06574845290693081,0.1265261950504093,0.07418873982808172,0.3093179181373886,0.6708212059178008,1.4540650387158602,0.0,0.06574845290693081,0.1265261950504093,0.07418873982808172,0.3093179181373886,0.6708212059178008,1.4540650387158602,0.0
0.12118955251486307,0.28842867312798187,0.1275340312422873,0.1395757487602122,0.6733636477825518,1.8784116299038265,0.052440838357764544,0.12118955251486307,0.28842867312798187,0.1275340312422873,0.1395757487602122,0.6733636477825518,1.8784116299038265,0.052440838357764544
0.08634574559870241,0.19155512202978422,0.09411448327987036,0.22007963770832567,0.676574080700667,1.6695004431973621,0.363203038995138,0.08634574559870241,0.19155512202978422,0.09411448327987036,0.22007963770832567,0.676574080700667,1.6695004431973621,0.363203038995138
0.06436979474053998,0.12808853567544548,0.06240167559087635,0.25655021871956185,0.7022015528207962,1.7871318849062563,0.09645331486347919,0.06436979474053998,0.12808853567544548,0.06240167559087635,0.25655021871956185,0.7022015528207962,1.7871318849062563,0.09645331486347919
0.3138833585562211,0.13934561229316617,0.139874889096003,0.15605717797276827,0.5542597704947876,1.6881875492847542,0.9146568950245005,0.3138833585562211,0.13934561229316617,0.139874889096003,0.15605717797276827,0.5542597704947876,1.6881875492847542,0.9146568950245005
0.11593366779975861,0.27272099733557836,0.12335394975482201,0.323695577261269,0.6147311346821644,1.838067814567725,0.02250860119358009,0.11593366779975861,0.27272099733557836,0.12335394975482201,0.323695577261269,0.6147311346821644,1.838067814567725,0.02250860119358009
0.1318471419426841,0.07057716842934336,0.05917364472319241,0.393864541151951,0.5464415205834139,1.6745738073980516,1.042259324567701,0.1318471419426841,0.07057716842934336,0.05917364472319241,0.393864541151951,0.5464415205834139,1.6745738073980516,1.042259324567701
0.12279641108372591,0.34177788498617717,0.13049884713992121,0.15576396065870196,0.6312041529122384,2.104105923213468,0.43120214805058343,0.12279641108372591,0.34177788498617717,0.13049884713992121,0.15576396065870196,0.6312041529122384,2.104105923213468,0.43120214805058343
0.12789732944528479,0.261835261373405,0.11588491574595099,0.32149674997429845,0.6220518227643179,1.9476174959343862,0.05518329982710669,0.12789732944528479,0.261835261373405,0.11588491574595099,0.32149674997429845,0.6220518227643179,1.9476174959343862,0.05518329982710669
0.17608361034888412,0.09302040442384382,0.0843190336850578,0.21944614555422903,0.6877493108550353,1.7943165033967095,0.3378747838746908,0.17608361034888412,0.09302040442384382,0.0843190336850578,0.21944614555422903,0.6877493108550353,1.7943165033967095,0.3378747838746908
0.22567864819251296,0.08435171752661488,0.08617963264160498,0.22180689205229465,0.6747994893445936,2.1091423293666893,0.4591988636508643,0.22567864819251296,0.08435171752661488,0.08617963264160498,0.22180689205229465,0.6747994893445936,2.1091423293666893,0.4591988636508643
0.15256943833306372,0.40595040683323746,0.16487085800668927,0.21903256552401718,0.57115870717483,2.0426574969750213,0.10478413570223484,0.15256943833306372,0.40595040683323746,0.16487085800668927,0.21903256552401718,0.57115870717483,2.0426574969750213,0.10478413570223484
0.2783827541821822,0.14470845431749835,0.12498074436594035,0.1345068379378185,0.6627482056622408,1.8956967215896023,0.35933045313944084,0.2783827541821822,0.14470845431749835,0.12498074436594035,0.1345068379378185,0.6627482056622408,1.8956967215896023,0.35933045313944084
0.1122326590485185,0.1926186969185494,0.10892973410930382,0.22611730431049343,0.6803804172494569,1.5561275613277712,0.019271025430107003,0.1122326590485185,0.1926186969185494,0.10892973410930382,0.22611730431049343,0.6803804172494569,1.5561275613277712,0.019271025430107003
0.2721822728165031,0.1259591676939442,0.11056533816484158,0.30389532669370367,0.6299150425236342,2.085731742882238,0.056289746145741865,0.2721822728165031,0.1259591676939442,0.11056533816484158,0.30389532669370367,0.6299150425236342,2.085731742882238,0.056289746145741865
0.10184518413881176,0.22027274834683744,0.1127927085041012,0.2689898539478037,0.6550048625428714,1.625426862854009,0.294246499054215,0.10184518413881176,0.22027274834683744,0.1127927085041012,0.2689898539478037,0.6550048625428714,1.625426862854009,0.294246499054215
0.3392001473752694,0.15757616958290116,0.16814555383035218,0.1979360796902402,0.21854206685948652,1.123593619996412,1.392916853954993,0.3392001473752694,0.15757616958290116,0.16814555383035218,0.1979360796902402,0.21854206685948652,1.123593619996412,1.392916853954993
0.1902647461347078,0.08341214138388882,0.08751487432644592,0.18836649119365145,0.6956636365572202,1.7923055768458855,0.312926413074264,0.1902647461347078,0.08341214138388882,0.08751487432644592,0.18836649119365145,0.6956636365572202,1.7923055768458855,0.312926413074264
0.5188024069988127,0.19416888717718278,0.20871789516362063,0.21980858794848754,0.2343192587515613,1.8143094522630228,1.0678404140323847,0.5188024069988127,0.19416888717718278,0.20871789516362063,0.21980858794848754,0.2343192587515613,1.8143094522630228,1.0678404140323847
0.11053365270590836,0.292843325558295,0.11814693743018828,0.3025498909165458,0.6152886307769421,2.0206311713579415,0.265516662395911,0.11053365270590836,0.292843325558295,0.11814693743018828,0.3025498909165458,0.6152886307769421,2.0206311713579415,0.265516662395911
0.1834897725738016,0.09641343135293914,0.10400819567240378,0.25510422831717394,0.6136416067707414,1.4119534812325527,0.6287968435139741,0.1834897725738016,0.09641343135293914,0.10400819567240378,0.25510422831717394,0.6136416067707414,1.4119534812325527,0.6287968435139741
0.0824344483472553,0.16534829856898617,0.09518495792041025,0.25393286205269455,0.6089980024918071,1.3875771261744183,0.6928018960831512,0.0824344483472553,0.16534829856898617,0.09518495792041025,0.25393286205269455,0.6089980024918071,1.3875771261744183,0.6928018960831512
0.24111538271684604,0.5701095166104533,0.23674507250079524,0.257494921203463,0.29007711448230156,2.007840680144045,0.05556887300353888,0.24111538271684604,0.5701095166104533,0.23674507250079524,0.257494921203463,0.29007711448230156,2.007840680144045,0.05556887300353888
0.09300251112397223,0.1989967872390854,0.10266753119062039,0.2193262574182866,0.6864872178814495,1.6268078618727395,0.05081321374943729,0.09300251112397223,0.1989967872390854,0.10266753119062039,0.2193262574182866,0.6864872178814495,1.6268078618727395,0.05081321374943729
0.10754841012023207,0.07324573864057707,0.07091355305786755,0.3242819909757074,0.6233000542521521,1.4570969075199045,0.8566164703615992,0.10754841012023207,0.07324573864057707,0.07091355305786755,0.3242819909757074,0.6233000542521521,1.4570969075199045,0.8566164703615992
0.3631861943001588,0.13284567294065605,0.14255174856412245,0.17894312567557932,0.4889287009034143,1.802054715321702,1.1548480932032859,0.3631861943001588,0.13284567294065605,0.14255174856412245,0.17894312567557932,0.4889287009034143,1.802054715321702,1.1548480932032859
0.13511467785444753,0.27231048119372797,0.11334835381287527,0.13383589426104578,0.6792921382179645,2.0492566742008265,0.25012824968946307,0.13511467785444753,0.27231048119372797,0.11334835381287527,0.13383589426104578,0.6792921382179645,2.0492566742008265,0.25012824968946307
0.201729671985319,0.09806072702668761,0.10630298795826783,0.213340345921838,0.684836804844279,1.600964104054086,0.10617442899766366,0.201729671985319,0.09806072702668761,0.10630298795826783,0.213340345921838,0.684836804844279,1.600964104054086,0.10617442899766366
0.07738037918081059,0.18286481243725988,0.10267055955162037,0.21227917676230176,0.6987670062155943,1.806007230004741,0.09604845379502423,0.07738037918081059,0.18286481243725988,0.10267055955162037,0.21227917676230176,0.6987670062155943,1.806007230004741,0.09604845379502423
0.29036567621342735,0.10683831278153046,0.11539107572657253,0.2847572871173622,0.6157594600727174,2.050174903939082,0.43572385591329205,0.29036567621342735,0.10683831278153046,0.11539107572657253,0.2847572871173622,0.6157594600727174,2.050174903939082,0.43572385591329205
0.09572182369215687,0.19253654937503234,0.1274638655626136,0.11999259898955084,0.6512907085313054,1.6178474320090193,0.8303075396028768,0.09572182369215687,0.19253654937503234,0.1274638655626136,0.11999259898955084,0.6512907085313054,1.6178474320090193,0.8303075396028768
0.17866893419264168,0.057827423691387096,0.10513502111352054,0.07117654406012541,0.6689506230732811,2.209232362354317,1.0313748734172103,0.17866893419264168,0.057827423691387096,0.10513502111352054,0.07117654406012541,0.6689506230732811,2.209232362354317,1.0313748734172103
0.09260400059690554,0.15751426415442438,0.07966815395133017,0.2606260792689274,0.6900632626375447,1.7528115674001228,0.006535709945700912,0.09260400059690554,0.15751426415442438,0.07966815395133017,0.2606260792689274,0.6900632626375447,1.7528115674001228,0.006535709945700912
0.09147735422791799,0.18436140891052685,0.10092155924079552,0.21404602787462954,0.6762274434073625,1.7371027928313951,0.43241903448314006,0.09147735422791799,0.18436140891052685,0.10092155924079552,0.21404602787462954,0.6762274434073625,1.7371027928313951,0.43241903448314006
0.30359817325282107,0.12961486769041042,0.1259467965619714,0.31895635278089585,0.6129616131807625,2.009463767081108,0.07742804530317403,0.30359817325282107,0.12961486769041042,0.1259467965619714,0.31895635278089585,0.6129616131807625,2.009463767081108,0.07742804530317403
0.19618550233734697,0.08620181375599022,0.09415601887003347,0.20066388361836207,0.6876040983269052,1.714756912301834,0.30136401805665913,0.19618550233734697,0.08620181375599022,0.09415601887003347,0.20066388361836207,0.6876040983269052,1.714756912301834,0.30136401805665913
0.10369630740562275,0.2540562516892794,0.10855298388119064,0.3047742657074471,0.5457798860154541,1.7644720380307537,0.9145232008312552,0.10369630740562275,0.2540562516892794,0.10855298388119064,0.3047742657074471,0.5457798860154541,1.7644720380307537,0.9145232008312552
0.15395931400036797,0.3539118094627129,0.15094536662285604,0.38720350850980534,0.35285068618604476,1.7074715774344968,1.0375488520846374,0.15395931400036797,0.3539118094627129,0.15094536662285604,0.38720350850980534,0.35285068618604476,1.7074715774344968,1.0375488520846374
0.1724746709464266,0.0841113363684996,0.09243390786611992,0.2133723734889007,0.6352403509438124,1.4887481526219168,0.679850793478993,0.1724746709464266,0.0841113363684996,0.09243390786611992,0.2133723734889007,0.6352403509438124,1.4887481526219168,0.679850793478993
0.11324218729066685,0.3189071996833491,0.11563482703208126,0.14329351613773783,0.6677393102105589,2.2586668820727342,0.08083111122723573,0.11324218729066685,0.3189071996833491,0.11563482703208126,0.14329351613773783,0.6677393102105589,2.2586668820727342,0.08083111122723573
0.11237368274930067,0.23976064275682815,0.1105187594212978,0.11794475113068795,0.7012612161734593,1.8928494440222678,0.006425026221775951,0.11237368274930067,0.23976064275682815,0.1105187594212978,0.11794475113068795,0.7012612161734593,1.8928494440222678,0.006425026221775951
0.35479425252114505,0.1469831411472548,0.12939903909731168,0.16813210722782945,0.6359673230277701,2.2897849016913128,0.0007212387932476026,0.35479425252114505,0.1469831411472548,0.12939903909731168,0.16813210722782945,0.6359673230277701,2.2897849016913128,0.0007212387932476026
0.40842543219427757,0.18370169388362978,0.18386732089332625,0.3795925907558518,0.37432434250380225,2.03763001654082,0.8230986983291433,0.40842543219427757,0.18370169388362978,0.18386732089332625,0.3795925907558518,0.37432434250380225,2.03763001654082,0.8230986983291433
0.14864606281223658,0.3428876669194374,0.15773353155452022,0.38148613559185124,0.36559598090659323,1.5924781918010462,0.9750248366733306,0.14864606281223658,0.3428876669194374,0.15773353155452022,0.38148613559185124,0.36559598090659323,1.5924781918010462,0.9750248366733306
0.29007239832310544,0.1331652770392537,0.12812055733597322,0.3330590337783219,0.596339999727367,1.9051679745586774,0.13758005370719462,0.29007239832310544,0.1331652770392537,0.12812055733597322,0.3330590337783219,0.596339999727367,1.9051679745586774,0.13758005370719462
0.3050337748020251,0.12085662640715636,0.13087854363364912,0.17368607408552347,0.5633296185098866,1.7424616444862637,0.9324961149171375,0.3050337748020251,0.12085662640715636,0.13087854363364912,0.17368607408552347,0.5633296185098866,1.7424616444862637,0.9324961149171375
0.10395911223915966,0.27223020925835245,0.12346132247514424,0.3162709027580793,0.6248937774788893,2.010985911059643,0.02779492794566124,0.10395911223915966,0.27223020925835245,0.12346132247514424,0.3162709027580793,0.6248937774788893,2.010985911059643,0.02779492794566124
0.12210470413830012,0.3080226617440461,0.1266859230671751,0.16895705585710408,0.5647398012767002,1.799718306903065,0.9563285623267073,0.12210470413830012,0.3080226617440461,0.1266859230671751,0.16895705585710408,0.5647398012767002,1.799718306903065,0.9563285623267073
0.11470044008212199,0.28870540211088014,0.12049327281985821,0.3311872032131723,0.6156455675327084,1.9378573150139546,0.4085015797911874,0.11470044008212199,0.28870540211088014,0.12049327281985821,0.3311872032131723,0.6156455675327084,1.9378573150139546,0.4085015797911874
0.27521001473379303,0.12501935955815463,0.11797331389498311,0.287093460559882,0.6325406741008198,1.9654677235523696,0.1003755822840963,0.27521001473379303,0.12501935955815463,0.11797331389498311,0.287093460559882,0.6325406741008198,1.9654677235523696,0.1003755822840963
0.11194727853632058,0.055496907725777,0.05954622710661316,0.2934598736977971,0.6879250597045947,1.6116299474886067,0.0,0.11194727853632058,0.055496907725777,0.05954622710661316,0.2934598736977971,0.6879250597045947,1.6116299474886067,0.0
0.04385473193407276,0.10466400049756064,0.047549207811880385,0.287221353715758,0.6982157030023625,1.8256179422864252,0.009242722241014611,0.04385473193407276,0.10466400049756064,0.047549207811880385,0.287221353715758,0.6982157030023625,1.8256179422864252,0.009242722241014611
0.2801758910241601,0.1286232599926621,0.11093131789144108,0.12289322067655228,0.6720269174777684,2.1056643400547754,0.4038261259986262,0.2801758910241601,0.1286232599926621,0.11093131789144108,0.12289322067655228,0.6720269174777684,2.1056643400547754,0.4038261259986262
1.2012126313664891e-17,6.309361702383826e-18,7.025629006477716e-18,1.492609930327899e-17,4.1251664677564945e-17,8.929564173992947e-17,1.6438395211768695,1.2012126313664891e-17,6.309361702383826e-18,7.025629006477716e-18,1.492609930327899e-17,4.1251664677564945e-17,8.929564173992947e-17,1.6438395211768695
0.21085666620943674,0.08926840089616778,0.09403051778674586,0.591098768486492,0.2965141896266092,1.7360789781617816,0.788452403849429,0.21085666620943674,0.08926840089616778,0.09403051778674586,0.591098768486492,0.2965141896266092,1.7360789781617816,0.788452403849429
0.32716916712277033,0.1282247798169956,0.1391214712502232,0.17740784242664515,0.5790667734769605,1.8204109575279914,0.7731242113852184,0.32716916712277033,0.1282247798169956,0.1391214712502232,0.17740784242664515,0.5790667734769605,1.8204109575279914,0.7731242113852184
0.30406059422562903,0.1217946483027146,0.13238643936441935,0.33765233031142133,0.5295853179208536,1.7986535542304536,0.7037187190727692,0.30406059422562903,0.1217946483027146,0.13238643936441935,0.33765233031142133,0.5295853179208536,1.7986535542304536,0.7037187190727692
0.09901706062209917,0.199689552557355,0.09540307882106162,0.20680450531463576,0.6946710663955429,1.786710457253653,0.044198254244869555,0.09901706062209917,0.199689552557355,0.09540307882106162,0.20680450531463576,0.6946710663955429,1.786710457253653,0.044198254244869555
0.087702722767578,0.18964577257671544,0.08577595402490919,0.19368273498957528,0.7320140907891538,1.872639671959353,0.08664633015713379,0.087702722767578,0.18964577257671544,0.08577595402490919,0.19368273498957528,0.7320140907891538,1.872639671959353,0.08664633015713379
0.05934046441080712,0.14711726652718238,0.05772092291696164,0.18603793256254486,0.6122898947931723,1.8212184113386856,1.1501065817333982,0.05934046441080712,0.14711726652718238,0.05772092291696164,0.18603793256254486,0.6122898947931723,1.8212184113386856,1.1501065817333982
0.2772009803684787,0.11238513417636914,0.1167633964746846,0.3090892751954646,0.5385251114039008,1.805457629846192,0.8871293893844014,0.2772009803684787,0.11238513417636914,0.1167633964746846,0.3090892751954646,0.5385251114039008,1.805457629846192,0.8871293893844014
0.12540894681237588,0.29398233527033757,0.1227356781545129,0.30949482562499486,0.5962384057293975,1.9649912082095178,0.4112047655591718,0.12540894681237588,0.29398233527033757,0.1227356781545129,0.30949482562499486,0.5962384057293975,1.9649912082095178,0.4112047655591718
0.1003284207834027,0.1566787608027804,0.096941622491041,0.2556060228443792,0.6078583518584753,1.3629706426735884,0.7019925765337328,0.1003284207834027,0.1566787608027804,0.096941622491041,0.2556060228443792,0.6078583518584753,1.3629706426735884,0.7019925765337328
0.1266414822594305,0.23074673859047815,0.12114497202275576,0.2613907640636089,0.5660032800544168,1.4936620599582455,0.7820949957089768,0.1266414822594305,0.23074673859047815,0.12114497202275576,0.2613907640636089,0.5660032800544168,1.4936620599582455,0.7820949957089768
0.3199711453168175,0.13323288597429642,0.131070470379894,0.14536399122548682,0.5600469257026652,1.8250121777491717,0.9790428587202,0.3199711453168175,0.13323288597429642,0.131070470379894,0.14536399122548682,0.5600469257026652,1.8250121777491717,0.9790428587202
0.24217926499268988,0.09851121443273772,0.10955930351565389,0.2346662587953037,0.6717397721799869,1.8828117568959473,0.03689635511175163,0.24217926499268988,0.09851121443273772,0.10955930351565389,0.2346662587953037,0.6717397721799869,1.8828117568959473,0.03689635511175163
0.21288390087040412,0.1010890635740271,0.10496033400252426,0.11709687326871779,0.6367393512307014,1.5663049998237428,0.7619608275394972,0.21288390087040412,0.1010890635740271,0.10496033400252426,0.11709687326871779,0.6367393512307014,1.5663049998237428,0.7619608275394972
0.284534631136599,0.11924569671003218,0.14500917408722303,0.1428643973711777,0.654968317164463,1.7944415613168394,0.36201035507953994,0.284534631136599,0.11924569671003218,0.14500917408722303,0.1428643973711777,0.654968317164463,1.7944415613168394,0.36201035507953994
0.10683941384263164,0.044701578130394076,0.04890156080373534,0.2671774736223462,0.7057281750024399,1.8284039558329668,0.0,0.10683941384263164,0.044701578130394076,0.04890156080373534,0.2671774736223462,0.7057281750024399,1.8284039558329668,0.0
0.1360028691201881,0.3424819031670736,0.14634347601657954,0.17719371064052442,0.6318924259193663,1.9306623511979477,0.038877469734125814,0.1360028691201881,0.3424819031670736,0.14634347601657954,0.17719371064052442,0.6318924259193663,1.9306623511979477,0.038877469734125814
0.23937779433420545,0.11211075349835092,0.10189891968666151,0.21157201930561412,0.6818379925740666,1.991614164222979,0.0,0.23937779433420545,0.11211075349835092,0.10189891968666151,0.21157201930561412,0.6818379925740666,1.991614164222979,0.0
0.14081313244684876,0.3383216156431059,0.12737984805307592,0.34478120597184303,0.5616767516517418,2.2175199411317674,0.3070629478160676,0.14081313244684876,0.3383216156431059,0.12737984805307592,0.34478120597184303,0.5616767516517418,2.2175199411317674,0.3070629478160676
0.2392840286956524,0.577646472747483,0.23337375823952938,0.2532064269253962,0.2848816695722822,2.0594646370516676,0.05682323485543707,0.2392840286956524,0.577646472747483,0.23337375823952938,0.2532064269253962,0.2848816695722822,2.0594646370516676,0.05682323485543707
0.10092239753155167,0.19393384524924284,0.13446243716325454,0.12934494153578255,0.6362450421428318,1.5076208385906107,0.8161705692350634,0.10092239753155167,0.19393384524924284,0.13446243716325454,0.12934494153578255,0.6362450421428318,1.5076208385906107,0.8161705692350634
0.08857058257704029,0.17202885368870383,0.08537876309939,0.22495243833681017,0.6919485867428602,1.7160248929321775,0.23060424859879886,0.08857058257704029,0.17202885368870383,0.08537876309939,0.22495243833681017,0.6919485867428602,1.7160248929321775,0.23060424859879886
0.31485958570819766,0.13644817470973838,0.13769021499653908,0.3800611776177087,0.552857662118962,1.858251674817473,0.451584488173838,0.31485958570819766,0.13644817470973838,0.13769021499653908,0.3800611776177087,0.552857662118962,1.858251674817473,0.451584488173838
0.5509563129132902,0.18003866309636643,0.19882358801151923,0.19819562499540544,0.20813730861426422,2.0932344987498963,1.2138642814745177,0.5509563129132902,0.18003866309636643,0.19882358801151923,0.19819562499540544,0.20813730861426422,2.0932344987498963,1.2138642814745177
0.13784991711164488,0.31256907769255887,0.1357928587627962,0.4122468892197203,0.3459954773347147,1.6396604583746484,1.093559448567001,0.13784991711164488,0.31256907769255887,0.1357928587627962,0.4122468892197203,0.3459954773347147,1.6396604583746484,1.093559448567001
0.15099354484050456,0.4138306742547599,0.1629076232448864,0.2076503877160767,0.5730766035179241,2.108815366891956,0.018982864424411012,0.15099354484050456,0.4138306742547599,0.1629076232448864,0.2076503877160767,0.5730766035179241,2.108815366891956,0.018982864424411012
0.14965418145268453,0.3213491485494969,0.14955467966310637,0.2895165556779222,0.5221345312896923,1.6834942729846254,0.7290516678955016,0.14965418145268453,0.3213491485494969,0.14955467966310637,0.2895165556779222,0.5221345312896923,1.6834942729846254,0.7290516678955016
0.07781147851056897,0.1803440884856801,0.08104720384599677,0.21270648722039992,0.7263762083459394,1.8077383505752689,0.37744731922099445,0.07781147851056897,0.1803440884856801,0.08104720384599677,0.21270648722039992,0.7263762083459394,1.8077383505752689,0.37744731922099445
0.10959833703622983,0.07426748500532442,0.0741861048545735,0.31212235641582387,0.5916336695707621,1.4126931249357444,0.8281322882341657,0.10959833703622983,0.07426748500532442,0.0741861048545735,0.31212235641582387,0.5916336695707621,1.4126931249357444,0.8281322882341657
0.0801873211787465,0.21554835268507685,0.08566708323154251,0.09261913870302795,0.7051138870995886,2.022192578316547,0.45586072608349404,0.0801873211787465,0.21554835268507685,0.08566708323154251,0.09261913870302795,0.7051138870995886,2.022192578316547,0.45586072608349404
0.34358563192116126,0.14179624435935206,0.16013402396914714,0.19300005781774257,0.4840337141203195,1.5882233421063663,1.0338041656866026,0.34358563192116126,0.14179624435935206,0.16013402396914714,0.19300005781774257,0.4840337141203195,1.5882233421063663,1.0338041656866026
0.34441610293118907,0.1592510860365138,0.15925999185472717,0.39580847134930547,0.38831798546554785,1.6403130952660676,0.8595590829886498,0.34441610293118907,0.1592510860365138,0.15925999185472717,0.39580847134930547,0.38831798546554785,1.6403130952660676,0.8595590829886498
0.12647269242945527,0.21678396647509382,0.12001652208406345,0.25285179403333863,0.6635577339496339,1.7131764415005506,0.011029605636700803,0.12647269242945527,0.21678396647509382,0.12001652208406345,0.25285179403333863,0.6635577339496339,1.7131764415005506,0.011029605636700803
0.22205310034056788,0.0955297855801051,0.09594816176969018,0.11416676482430972,0.712340024589249,1.9319166212127112,0.012402578885956455,0.22205310034056788,0.0955297855801051,0.09594816176969018,0.11416676482430972,0.712340024589249,1.9319166212127112,0.012402578885956455
0.11987305518999178,0.31248166256400756,0.12402397913595678,0.1678831675830585,0.5738059706615676,1.8779024220489557,0.9416056167250896,0.11987305518999178,0.31248166256400756,0.12402397913595678,0.1678831675830585,0.5738059706615676,1.8779024220489557,0.9416056167250896
0.19225145032425872,0.09152730217526692,0.08782716327526446,0.14694735670393957,0.6605535928660131,1.729042430610123,0.7279057157506257,0.19225145032425872,0.09152730217526692,0.08782716327526446,0.14694735670393957,0.6605535928660131,1.729042430610123,0.7279057157506257
0.10003736970801895,0.24075480472743735,0.10953019850395934,0.1420408777413965,0.6971708463416615,1.841541168207022,0.00152230697449117,0.10003736970801895,0.24075480472743735,0.10953019850395934,0.1420408777413965,0.6971708463416615,1.841541168207022,0.00152230697449117
0.12516056991195096,0.28391794826481226,0.1325791559883313,0.3182807208016115,0.608285908592053,1.803621620809475,0.029580442127778182,0.12516056991195096,0.28391794826481226,0.1325791559883313,0.3182807208016115,0.608285908592053,1.803621620809475,0.029580442127778182
0.28172056422985614,0.12197355944416942,0.12096299570314853,0.2971408458237571,0.6258851329946531,1.966407290161023,0.015904911579030463,0.28172056422985614,0.12197355944416942,0.12096299570314853,0.2971408458237571,0.6258851329946531,1.966407290161023,0.015904911579030463
0.15369461595421083,0.355170722687231,0.15027872982784288,0.3877365234293376,0.35153775564481865,1.7202798464249363,1.044317298750332,0.15369461595421083,0.355170722687231,0.15027872982784288,0.3877365234293376,0.35153775564481865,1.7202798464249363,1.044317298750332
0.24349080982321047,0.49385799177820855,0.22243558974677413,0.23857100248966248,0.25710278247682894,1.7167209503467469,0.8968725360628851,0.24349080982321047,0.49385799177820855,0.22243558974677413,0.23857100248966248,0.25710278247682894,1.7167209503467469,0.8968725360628851
0.1376102452694172,0.360260209047738,0.12616950669609697,0.16474433945021016,0.5690272546178332,2.2302610631711626,0.9337112268117905,0.1376102452694172,0.360260209047738,0.12616950669609697,0.16474433945021016,0.5690272546178332,2.2302610631711626,0.9337112268117905
0.2706020626807941,0.11127427561290508,0.11342071556522329,0.30617880560248945,0.6037484611651555,1.9243159464302613,0.5011824134353539,0.2706020626807941,0.11127427561290508,0.11342071556522329,0.30617880560248945,0.6037484611651555,1.9243159464302613,0.5011824134353539
0.23198830815749477,0.1166137446370016,0.11565502494381051,0.28630865956349005,0.5797959411206612,1.6221349381585775,0.7302921213578206,0.23198830815749477,0.1166137446370016,0.11565502494381051,0.28630865956349005,0.5797959411206612,1.6221349381585775,0.7302921213578206
0.3742982884697516,0.149124150830542,0.1606415137977566,0.42118481993530343,0.2657867696753906,1.657241369125732,1.0529495763304098,0.3742982884697516,0.149124150830542,0.1606415137977566,0.42118481993530343,0.2657867696753906,1.657241369125732,1.0529495763304098
0.32304343952159636,0.15217389885608054,0.1401180722221873,0.17032853009993845,0.5471193030724631,1.7624516859088732,0.925436869290255,0.32304343952159636,0.15217389885608054,0.1401180722221873,0.17032853009993845,0.5471193030724631,1.7624516859088732,0.925436869290255
0.13439666415418458,0.2652601263935379,0.12496954321703568,0.31940956052107805,0.6137361848851646,1.816418522823301,0.12263821229392852,0.13439666415418458,0.2652601263935379,0.12496954321703568,0.31940956052107805,0.6137361848851646,1.816418522823301,0.12263821229392852
0.12862490499034396,0.32137963160574656,0.13951973517764688,0.344896065873774,0.5738763952003512,1.9152597077933025,0.016353953325074607,0.12862490499034396,0.32137963160574656,0.13951973517764688,0.344896065873774,0.5738763952003512,1.9152597077933025,0.016353953325074607
0.3164079604531772,0.134616673037525,0.1401611590551398,0.171486264288606,0.5566077202451222,1.7117301135616692,0.8866710656530392,0.3164079604531772,0.134616673037525,0.1401611590551398,0.171486264288606,0.5566077202451222,1.7117301135616692,0.8866710656530392
0.1343314489794941,0.3873856272040589,0.1368702492447104,0.1528671227552363,0.6203101115958538,2.3176209450087777,0.09922510270618473,0.1343314489794941,0.3873856272040589,0.1368702492447104,0.1528671227552363,0.6203101115958538,2.3176209450087777,0.09922510270618473
0.17463008202565722,0.09745530117099757,0.09173962510889412,0.22301304507825423,0.6819737104163833,1.6475960880200187,0.31431947808720934,0.17463008202565722,0.09745530117099757,0.09173962510889412,0.22301304507825423,0.6819737104163833,1.6475960880200187,0.31431947808720934
0.09988351522096282,0.22095499787670625,0.09882107157287934,0.15183395519565224,0.6931453477256198,1.8722542040056984,0.32766699208107425,0.09988351522096282,0.22095499787670625,0.09882107157287934,0.15183395519565224,0.6931453477256198,1.8722542040056984,0.32766699208107425
0.08720915065964736,0.19199816071674458,0.10540381010700606,0.19681540110901696,0.6978864692147505,1.7709926878887268,0.1257529853734004,0.08720915065964736,0.19199816071674458,0.10540381010700606,0.19681540110901696,0.6978864692147505,1.7709926878887268,0.1257529853734004
0.3821473722752725,0.12951408632268394,0.13486517352455055,0.14894252986952008,0.6259842321577553,2.329460471485969,0.10922487263837423,0.3821473722752725,0.12951408632268394,0.13486517352455055,0.14894252986952008,0.6259842321577553,2.329460471485969,0.10922487263837423
0.11251936861965296,0.21361773487794508,0.11803632260714687,0.12075145713814438,0.7018561702824753,1.845065290671896,0.22824768645328997,0.11251936861965296,0.21361773487794508,0.11803632260714687,0.12075145713814438,0.7018561702824753,1.845065290671896,0.22824768645328997
0.1838304498417848,0.0913277634775938,0.09286678335908756,0.22346257001004927,0.6968480288711709,1.6442372287452325,0.357008250250806,0.1838304498417848,0.0913277634775938,0.09286678335908756,0.22346257001004927,0.6968480288711709,1.6442372287452325,0.357008250250806
0.38498153412222386,0.19346077222005242,0.2165250901917049,0.4771733498578351,0.3409051631062092,1.500485343513483,0.12973838420826003,0.38498153412222386,0.19346077222005242,0.2165250901917049,0.4771733498578351,0.3409051631062092,1.500485343513483,0.12973838420826003
0.2678661222159101,0.14001195311995962,0.11342606138334498,0.284464290053913,0.6360935854986671,2.04674673053743,0.10547071204567439,0.2678661222159101,0.14001195311995962,0.11342606138334498,0.284464290053913,0.6360935854986671,2.04674673053743,0.10547071204567439
0.25236153367093095,0.10251996231929979,0.11872869713534501,0.22161899923454847,0.6715773269265056,1.92428201578756,0.050218897290827215,0.25236153367093095,0.10251996231929979,0.11872869713534501,0.22161899923454847,0.6715773269265056,1.92428201578756,0.050218897290827215
0.11650676087737748,0.055907023922026254,0.06285306733084509,0.2795567372578477,0.655508621085503,1.5163649577569314,0.5086488435003369,0.11650676087737748,0.055907023922026254,0.06285306733084509,0.2795567372578477,0.655508621085503,1.5163649577569314,0.5086488435003369
0.09961346514831527,0.21966499885153823,0.1042199483450207,0.12739612464188266,0.7076193371582923,1.8550445645986173,0.0022131438601250154,0.09961346514831527,0.21966499885153823,0.1042199483450207,0.12739612464188266,0.7076193371582923,1.8550445645986173,0.0022131438601250154
0.2990063104167217,0.12104779921269808,0.13059089875812258,0.20130120921368844,0.5592945658133641,1.7010058910794656,0.894951879417674,0.2990063104167217,0.12104779921269808,0.13059089875812258,0.20130120921368844,0.5592945658133641,1.7010058910794656,0.894951879417674
0.35685139653711506,0.13867915902585431,0.1478238578576321,0.17610156877840213,0.6244830343433665,1.9909332639730801,0.02465216031022761,0.35685139653711506,0.13867915902585431,0.1478238578576321,0.17610156877840213,0.6244830343433665,1.9909332639730801,0.02465216031022761
0.09557514582770002,0.23481068062891144,0.10452232671671882,0.2040663484028237,0.6242721051693889,1.7480921930679643,0.7522218643718425,0.09557514582770002,0.23481068062891144,0.10452232671671882,0.2040663484028237,0.6242721051693889,1.7480921930679643,0.7522218643718425
0.13004667878321485,0.3036349606550348,0.12835240619150842,0.17225597079254862,0.5651683812608091,1.7741111546389374,0.9348469479003111,0.13004667878321485,0.3036349606550348,0.12835240619150842,0.17225597079254862,0.5651683812608091,1.7741111546389374,0.9348469479003111
0.10411074851695937,0.2899517322669549,0.11061862647702633,0.29487343894190715,0.6083550455372814,2.0912204502133505,0.5033830598676842,0.10411074851695937,0.2899517322669549,0.11061862647702633,0.29487343894190715,0.6083550455372814,2.0912204502133505,0.5033830598676842
0.12701895192357793,0.3002720189862565,0.11823035325173951,0.2493592307150192,0.6401570201989212,2.122074454071473,0.03824515621687425,0.12701895192357793,0.3002720189862565,0.11823035325173951,0.2493592307150192,0.6401570201989212,2.122074454071473,0.03824515621687425
0.2396384510138978,0.1237910823295833,0.11231082519753423,0.15347434669311036,0.6083047895583001,1.653000431544737,0.8675432982796304,0.2396384510138978,0.1237910823295833,0.11231082519753423,0.15347434669311036,0.6083047895583001,1.653000431544737,0.8675432982796304
0.09509997672915131,0.22440686449813013,0.101548352432932,0.11199455081943077,0.6919296944835004,1.806575100687687,0.41320082927909985,0.09509997672915131,0.22440686449813013,0.101548352432932,0.11199455081943077,0.6919296944835004,1.806575100687687,0.41320082927909985
0.2780910261896928,0.10302774959123726,0.10970422768097746,0.2777254776927586,0.6154812484328394,2.039582326050792,0.5531519012808452,0.2780910261896928,0.10302774959123726,0.10970422768097746,0.2777254776927586,0.6154812484328394,2.039582326050792,0.5531519012808452
0.24529718763527292,0.5923321875651126,0.25135613051396694,0.27651232231484474,0.2875975171186641,1.969480299753269,0.0029462422142734605,0.24529718763527292,0.5923321875651126,0.25135613051396694,0.27651232231484474,0.2875975171186641,1.969480299753269,0.0029462422142734605
0.17627546591502666,0.08116244656758952,0.08619217198253148,0.22579198814926074,0.6907428538768413,1.7075561444373775,0.22962174170527952,0.17627546591502666,0.08116244656758952,0.08619217198253148,0.22579198814926074,0.6907428538768413,1.7075561444373775,0.22962174170527952
0.2231693486973097,0.09973251631007184,0.10170479575026951,0.5930943992772401,0.2716861074547871,1.691911132316585,0.7808137168710415,0.2231693486973097,0.09973251631007184,0.10170479575026951,0.5930943992772401,0.2716861074547871,1.691911132316585,0.7808137168710415
0.13829219258156783,0.33556601336416886,0.1447253594546594,0.35225452057180556,0.5486351792834138,1.9080628356540812,0.27166306157056236,0.13829219258156783,0.33556601336416886,0.1447253594546594,0.35225452057180556,0.5486351792834138,1.9080628356540812,0.27166306157056236
0.5261383854732704,0.21688854493764162,0.21473382311699385,0.23613609873436225,0.24481855025470545,1.8704711221907326,0.9301760372641735,0.5261383854732704,0.21688854493764162,0.21473382311699385,0.23613609873436225,0.24481855025470545,1.8704711221907326,0.9301760372641735
0.16345418037801157,0.45149405120510916,0.17268858869322692,0.41912696168337504,0.24631747277401958,1.9820735860146754,0.9272148733759135,0.16345418037801157,0.45149405120510916,0.17268858869322692,0.41912696168337504,0.24631747277401958,1.9820735860146754,0.9272148733759135
0.13124595523082885,0.32206804259289934,0.14172523956199654,0.36136240568838535,0.5612871776744527,1.8794316121105827,0.022838264753646444,0.13124595523082885,0.32206804259289934,0.14172523956199654,0.36136240568838535,0.5612871776744527,1.8794316121105827,0.022838264753646444
0.1408159037954132,0.3737046689468405,0.14141573985425332,0.163869797049281,0.6226139718037086,2.2060681173568533,0.014572597055603615,0.1408159037954132,0.3737046689468405,0.14141573985425332,0.163869797049281,0.6226139718037086,2.2060681173568533,0.014572597055603615
0.3815765130637745,0.13345747426811297,0.14165411020930704,0.18425522087287896,0.5993174174291571,2.192898919422978,0.4072596557853497,0.3815765130637745,0.13345747426811297,0.14165411020930704,0.18425522087287896,0.5993174174291571,2.192898919422978,0.4072596557853497
0.27133097218123786,0.11865379868121718,0.1261294888469642,0.31064304623782135,0.5335631937650559,1.6582049648891153,0.8245782667228594,0.27133097218123786,0.11865379868121718,0.1261294888469642,0.31064304623782135,0.5335631937650559,1.6582049648891153,0.8245782667228594
0.11082018405974864,0.2332378038840355,0.11655319028230894,0.13451342647169617,0.6950558869344777,1.6886211527638197,0.02117639690096396,0.11082018405974864,0.2332378038840355,0.11655319028230894,0.13451342647169617,0.6950558869344777,1.6886211527638197,0.02117639690096396
0.2813096405004595,0.14908668836218086,0.1390442270308326,0.20951352009566068,0.5541999411919492,1.597014744933225,0.8478328504302401,0.2813096405004595,0.14908668836218086,0.1390442270308326,0.20951352009566068,0.5541999411919492,1.597014744933225,0.8478328504302401
0.11591928665620664,0.06384246573431171,0.07153252873717669,0.28672880987411725,0.5795535986363906,1.2653564496348586,0.7748467702696495,0.11591928665620664,0.06384246573431171,0.07153252873717669,0.28672880987411725,0.5795535986363906,1.2653564496348586,0.7748467702696495
0.28177286327441275,0.12303085793487242,0.12197979535625915,0.2925735987977907,0.627333135261146,1.9522806470969578,0.0,0.28177286327441275,0.12303085793487242,0.12197979535625915,0.2925735987977907,0.627333135261146,1.9522806470969578,0.0
0.09739571659800274,0.19268525825599417,0.09931259848466863,0.21529006769435274,0.6905056571214098,1.6550024292058807,0.0,0.09739571659800274,0.19268525825599417,0.09931259848466863,0.21529006769435274,0.6905056571214098,1.6550024292058807,0.0
0.18600685912405635,0.07243970963499116,0.07363635680817607,0.13011944940981132,0.6738659585033278,1.9425142049513946,0.805781655845549,0.18600685912405635,0.07243970963499116,0.07363635680817607,0.13011944940981132,0.6738659585033278,1.9425142049513946,0.805781655845549
0.1026128261750151,0.25888636966856865,0.11169092996310134,0.26535884747301386,0.6548117258282644,1.9345016067982768,0.011328394832480057,0.1026128261750151,0.25888636966856865,0.11169092996310134,0.26535884747301386,0.6548117258282644,1.9345016067982768,0.011328394832480057
0.2394252432964197,0.11073538173297565,0.10534306663796257,0.23739810440807596,0.6699460178973272,1.9176701684536162,0.12373254691327752,0.2394252432964197,0.11073538173297565,0.10534306663796257,0.23739810440807596,0.6699460178973272,1.9176701684536162,0.12373254691327752
0.19359426837580185,0.0962555117010919,0.10152868281114917,0.21660169272640087,0.6888941738622838,1.624594508271994,0.030675518809009015,0.19359426837580185,0.0962555117010919,0.10152868281114917,0.21660169272640087,0.6888941738622838,1.624594508271994,0.030675518809009015
0.1359945294243569,0.3657492734222339,0.14669243293977605,0.3033961906538257,0.5594172829369647,2.049830062364795,0.32527712455359264,0.1359945294243569,0.3657492734222339,0.14669243293977605,0.3033961906538257,0.5594172829369647,2.049830062364795,0.32527712455359264
0.2731039234339216,0.09965397248073597,0.10169389388316812,0.31385323807150467,0.6196222934747602,2.170402745434908,0.3996647506322779,0.2731039234339216,0.09965397248073597,0.10169389388316812,0.31385323807150467,0.6196222934747602,2.170402745434908,0.3996647506322779
0.20223718629114423,0.11180803985898148,0.12183203184452362,0.1719999322163596,0.6074942372152746,1.292078450219378,0.7925728628339429,0.20223718629114423,0.11180803985898148,0.12183203184452362,0.1719999322163596,0.6074942372152746,1.292078450219378,0.7925728628339429
0.07897884410623081,0.18588267622580382,0.08585862892921868,0.2233590622637325,0.6985262497833409,1.8463957099196866,0.023266404234156966,0.07897884410623081,0.18588267622580382,0.08585862892921868,0.2233590622637325,0.6985262497833409,1.8463957099196866,0.023266404234156966
0.28955750115066947,0.1392443425685332,0.11361467788879516,0.36772164581935146,0.5831062066557343,2.1737763249937943,0.151339184088736,0.28955750115066947,0.1392443425685332,0.11361467788879516,0.36772164581935146,0.5831062066557343,2.1737763249937943,0.151339184088736
0.08706395789308709,0.038077597330756496,0.03663285371559188,0.25550496276747847,0.7143924962530195,1.9876447961095713,0.17320505275865342,0.08706395789308709,0.038077597330756496,0.03663285371559188,0.25550496276747847,0.7143924962530195,1.9876447961095713,0.17320505275865342
0.09112150726462015,0.15160292232207162,0.09551360742324957,0.24727599231199046,0.6080078623190578,1.3093844571307076,0.6789597028635658,0.09112150726462015,0.15160292232207162,0.09551360742324957,0.24727599231199046,0.6080078623190578,1.3093844571307076,0.6789597028635658
0.2846089281252605,0.13662842745101733,0.1243699527806575,0.25529273202171593,0.5452355954673074,1.7592044353416756,0.9128174089278914,0.2846089281252605,0.13662842745101733,0.1243699527806575,0.25529273202171593,0.5452355954673074,1.7592044353416756,0.9128174089278914
0.40695527121249386,0.1648325776212894,0.17904132928107303,0.2227610632421498,0.5651930815675074,1.8904635838035193,0.011492722135407614,0.40695527121249386,0.1648325776212894,0.17904132928107303,0.2227610632421498,0.5651930815675074,1.8904635838035193,0.011492722135407614
0.2438041449167831,0.1446810007654075,0.14761975114582904,0.16517516644582722,0.6651280883719949,1.4623682292662992,0.03245109293296614,0.2438041449167831,0.1446810007654075,0.14761975114582904,0.16517516644582722,0.6651280883719949,1.4623682292662992,0.03245109293296614
0.10431807335722286,0.04445162074317603,0.048086294547441996,0.2751124805020208,0.7027560051286681,1.8027498936671338,0.0,0.10431807335722286,0.04445162074317603,0.048086294547441996,0.2751124805020208,0.7027560051286681,1.8027498936671338,0.0
0.16612784424348787,0.07240851585766053,0.09164942042829666,0.23032630032628243,0.6994089841075979,1.7485650061513875,0.10086588081001369,0.16612784424348787,0.07240851585766053,0.09164942042829666,0.23032630032628243,0.6994089841075979,1.7485650061513875,0.10086588081001369
0.12051646455381251,0.2851608475183729,0.11830467159467167,0.1286625022305346,0.6805600092035745,2.009628244283042,0.055611403176032796,0.12051646455381251,0.2851608475183729,0.11830467159467167,0.1286625022305346,0.6805600092035745,2.009628244283042,0.055611403176032796
7.223371669926815e-18,1.2663147200601298e-17,7.548691115953748e-18,1.4637332101892052e-17,4.0729963236774156e-17,8.958528152704831e-17,1.6468027888136325,7.223371669926815e-18,1.2663147200601298e-17,7.548691115953748e-18,1.4637332101892052e-17,4.0729963236774156e-17,8.958528152704831e-17,1.6468027888136325
0.1568440069671525,0.08002833357731369,0.07104158808589514,0.192792975754406,0.6674750185826014,1.7950973628253795,0.7069264376637513,0.1568440069671525,0.08002833357731369,0.07104158808589514,0.192792975754406,0.6674750185826014,1.7950973628253795,0.7069264376637513
0.11705227566467095,0.20184328043405064,0.13221761332400844,0.47871753757786684,0.3585710275437012,1.1444079717761146,0.7913214293313191,0.11705227566467095,0.20184328043405064,0.13221761332400844,0.47871753757786684,0.3585710275437012,1.1444079717761146,0.7913214293313191
0.09996224187743492,0.1919156290784634,0.0958392186029108,0.19849249191868631,0.6975156252282003,1.7226731721318462,0.0005247043641096379,0.09996224187743492,0.1919156290784634,0.0958392186029108,0.19849249191868631,0.6975156252282003,1.7226731721318462,0.0005247043641096379
0.2077713290202476,0.6077806117670974,0.22334656105769385,0.2635050491557991,0.2493145147489642,2.2544968284325653,0.09107108547262903,0.2077713290202476,0.6077806117670974,0.22334656105769385,0.2635050491557991,0.2493145147489642,2.2544968284325653,0.09107108547262903
0.09730153605576954,0.17956408475052874,0.11297184430879993,0.2280586552419345,0.6019289757532569,1.2620337857127855,0.6655280426270174,0.09730153605576954,0.17956408475052874,0.11297184430879993,0.2280586552419345,0.6019289757532569,1.2620337857127855,0.6655280426270174
0.14336497003151563,0.35249785136776557,0.14111795123141818,0.18072322647678357,0.6279083259517615,2.0735874054153123,0.0009364304638247725,0.14336497003151563,0.35249785136776557,0.14111795123141818,0.18072322647678357,0.6279083259517615,2.0735874054153123,0.0009364304638247725
0.27893699783918785,0.11267628246591307,0.12264022633513542,0.13440443684026038,0.6798325433037343,1.899160753305547,0.10383108429074668,0.27893699783918785,0.11267628246591307,0.12264022633513542,0.13440443684026038,0.6798325433037343,1.899160753305547,0.10383108429074668
0.21727186644703603,0.10912743582538725,0.12128812333950542,0.27238088216761425,0.6559916125897599,1.6153200287189744,0.0,0.21727186644703603,0.10912743582538725,0.12128812333950542,0.27238088216761425,0.6559916125897599,1.6153200287189744,0.0
0.12590140438523226,0.31160505211977174,0.1230144078994202,0.3064012147728346,0.6085010337101552,2.1282901374644094,0.04982640767196854,0.12590140438523226,0.31160505211977174,0.1230144078994202,0.3064012147728346,0.6085010337101552,2.1282901374644094,0.04982640767196854
0.1828430415111247,0.07521843168826708,0.0745836699309271,0.1699077772594321,0.719038009039894,2.037840454174329,0.016803740156280653,0.1828430415111247,0.07521843168826708,0.0745836699309271,0.1699077772594321,0.719038009039894,2.037840454174329,0.016803740156280653
0.08353586443685727,0.046068911634126866,0.04163518607908255,0.25025927242563933,0.6565236730293641,1.720438442041745,0.7480232653566525,0.08353586443685727,0.046068911634126866,0.04163518607908255,0.25025927242563933,0.6565236730293641,1.720438442041745,0.7480232653566525
0.09856945566746451,0.04373837672759067,0.05219498794833459,0.28285135361273017,0.7089591598741393,1.8093269340759637,0.004671227706409191,0.09856945566746451,0.04373837672759067,0.05219498794833459,0.28285135361273017,0.7089591598741393,1.8093269340759637,0.004671227706409191
0.27363345555281754,0.11279680678707786,0.12201656705142341,0.30632140910176264,0.47835372526544245,1.5820279319249888,1.0531615610404177,0.27363345555281754,0.11279680678707786,0.12201656705142341,0.30632140910176264,0.47835372526544245,1.5820279319249888,1.0531615610404177
0.3088787885602584,0.13643089323105212,0.14886745168541204,0.36347947581460255,0.5605596889910281,1.730627378046917,0.0,0.3088787885602584,0.13643089323105212,0.14886745168541204,0.36347947581460255,0.5605596889910281,1.730627378046917,0.0
0.43929189066049,0.1808086431096503,0.2113342986965166,0.4659703067389843,0.2714444186940732,1.9765267163906022,0.48928477573255214,0.43929189066049,0.1808086431096503,0.2113342986965166,0.4659703067389843,0.2714444186940732,1.9765267163906022,0.48928477573255214
0.3586387134274591,0.14495071861184478,0.15346094135187688,0.16525314509675465,0.6230134240547204,2.0097654789048707,0.10473756895769609,0.3586387134274591,0.14495071861184478,0.15346094135187688,0.16525314509675465,0.6230134240547204,2.0097654789048707,0.10473756895769609
0.30156465423267803,0.13408071601117402,0.13570300003164484,0.1793734156808618,0.5643262761979564,1.6865972911927711,0.8920497488441467,0.30156465423267803,0.13408071601117402,0.13570300003164484,0.1793734156808618,0.5643262761979564,1.6865972911927711,0.8920497488441467
0.10465334266447363,0.2286565511622826,0.1011850563977655,0.11451620265168096,0.7067788871133682,1.9055391389141008,0.09648987589480285,0.10465334266447363,0.2286565511622826,0.1011850563977655,0.11451620265168096,0.7067788871133682,1.9055391389141008,0.09648987589480285
0.061018292663981614,0.11091178138571645,0.06006436845629713,0.29476058348642864,0.685210524833237,1.5994654374806914,0.09210678650803689,0.061018292663981614,0.11091178138571645,0.06006436845629713,0.29476058348642864,0.685210524833237,1.5994654374806914,0.09210678650803689
0.2574380855202201,0.10894775264668574,0.11830231531186851,0.259943965468159,0.5580490329867706,1.6215010773307783,0.86503159550858,0.2574380855202201,0.10894775264668574,0.11830231531186851,0.259943965468159,0.5580490329867706,1.6215010773307783,0.86503159550858
0.5927849005255132,0.2361842582429587,0.23730943604541013,0.2442630530517933,0.2657515650338787,2.1478549688120254,0.01307749277394867,0.5927849005255132,0.2361842582429587,0.23730943604541013,0.2442630530517933,0.2657515650338787,2.1478549688120254,0.01307749277394867
0.3309635537266268,0.15902440968284182,0.1656513378556337,0.20815727865005748,0.6156048677551041,1.790260288805953,0.06486437016039558,0.3309635537266268,0.15902440968284182,0.1656513378556337,0.20815727865005748,0.6156048677551041,1.790260288805953,0.06486437016039558
0.27603252560224867,0.12967618176268852,0.11806576506090365,0.1358397340478109,0.6811437445508473,1.982946243656495,0.0,0.27603252560224867,0.12967618176268852,0.11806576506090365,0.1358397340478109,0.6811437445508473,1.982946243656495,0.0
0.3420753262911734,0.1165556144591866,0.1230860205743226,0.35289656995027946,0.5681640412949585,2.2607611105922234,0.1417475521789794,0.3420753262911734,0.1165556144591866,0.1230860205743226,0.35289656995027946,0.5681640412949585,2.2607611105922234,0.1417475521789794
0.17846754913753785,0.08569167058812958,0.09327588330515763,0.21549965666459822,0.7099506557374005,1.7940622913681634,0.11103330163720453,0.17846754913753785,0.08569167058812958,0.09327588330515763,0.21549965666459822,0.7099506557374005,1.7940622913681634,0.11103330163720453
0.4004301170552571,0.15864495207642912,0.1591127659554033,0.17256751877471496,0.5096545533056196,1.9489905796708205,0.8889210366005971,0.4004301170552571,0.15864495207642912,0.1591127659554033,0.17256751877471496,0.5096545533056196,1.9489905796708205,0.8889210366005971
0.3639402500777284,0.13089864332022613,0.14022115515917763,0.1713127703642762,0.4854303347841577,1.8325752161314195,1.1780731380039071,0.3639402500777284,0.13089864332022613,0.14022115515917763,0.1713127703642762,0.4854303347841577,1.8325752161314195,1.1780731380039071
0.2005826805092844,0.08333658116392251,0.09103695671436508,0.22541752526992706,0.6915053998887376,1.8470762660788145,0.09945375738136249,0.2005826805092844,0.08333658116392251,0.09103695671436508,0.22541752526992706,0.6915053998887376,1.8470762660788145,0.09945375738136249
0.08954406506922351,0.19889687957103863,0.09816122654954698,0.229707100853131,0.6853656684464569,1.6941513585466972,0.09097966831451126,0.08954406506922351,0.19889687957103863,0.09816122654954698,0.229707100853131,0.6853656684464569,1.6941513585466972,0.09097966831451126
0.2147535103335119,0.08944265320198713,0.08938861178870602,0.09862139622208053,0.698388437446571,1.9491958270161056,0.4846774168876833,0.2147535103335119,0.08944265320198713,0.08938861178870602,0.09862139622208053,0.698388437446571,1.9491958270161056,0.4846774168876833
0.14704694122762285,0.3525470983541833,0.15938179436766833,0.2026098033007834,0.6121894147314821,1.8335234851457405,0.03741884187194776,0.14704694122762285,0.3525470983541833,0.15938179436766833,0.2026098033007834,0.6121894147314821,1.8335234851457405,0.03741884187194776
8.551917584628935e-18,4.673099431168381e-18,4.78535716597359e-18,2.2117003027892156e-17,3.937272554355426e-17,9.462029699958132e-17,1.7213968184065127,8.551917584628935e-18,4.673099431168381e-18,4.78535716597359e-18,2.2117003027892156e-17,3.937272554355426e-17,9.462029699958132e-17,1.7213968184065127
0.12869350324865966,0.31420719280480164,0.14001388892782032,0.35064926881771213,0.5720409454958993,1.8675245370860034,0.09583571553835166,0.12869350324865966,0.31420719280480164,0.14001388892782032,0.35064926881771213,0.5720409454958993,1.8675245370860034,0.09583571553835166
0.11868439604444889,0.3004997772000875,0.12317641352952592,0.3138166980590808,0.6093137779848785,2.004159702310256,0.25807295420761955,0.11868439604444889,0.3004997772000875,0.12317641352952592,0.3138166980590808,0.6093137779848785,2.004159702310256,0.25807295420761955
0.12665372953211437,0.27545905656118863,0.12599136425283305,0.24605225081406168,0.5579533414298897,1.6665309510063993,0.848322653003164,0.12665372953211437,0.27545905656118863,0.12599136425283305,0.24605225081406168,0.5579533414298897,1.6665309510063993,0.848322653003164
0.07908188225521505,0.1926873855350192,0.08623307512660666,0.1961865569358226,0.7052273611015055,1.870796849923449,0.0,0.07908188225521505,0.1926873855350192,0.08623307512660666,0.1961865569358226,0.7052273611015055,1.870796849923449,0.0
0.29884108036810253,0.16003999808582234,0.16052428145690728,0.18599109492982652,0.5456542049009688,1.45235540220441,0.7560236149965426,0.29884108036810253,0.16003999808582234,0.16052428145690728,0.18599109492982652,0.5456542049009688,1.45235540220441,0.7560236149965426
0.10656425536559634,0.27280532511516675,0.11171957598586145,0.33413814269692216,0.6178569918360964,2.035224425547654,0.054202773700854155,0.10656425536559634,0.27280532511516675,0.11171957598586145,0.33413814269692216,0.6178569918360964,2.035224425547654,0.054202773700854155
0.08656072684100186,0.06005885637477912,0.04151083562479912,0.2568268807963229,0.7123824110841734,1.9422193334167521,0.1425595527355907,0.08656072684100186,0.06005885637477912,0.04151083562479912,0.2568268807963229,0.7123824110841734,1.9422193334167521,0.1425595527355907
0.18380283985202803,0.28000296440926803,0.19341527253123558,0.2232997991190232,0.2687414520692898,0.9023068197182424,1.0789996661078056,0.18380283985202803,0.28000296440926803,0.19341527253123558,0.2232997991190232,0.2687414520692898,0.9023068197182424,1.0789996661078056
0.19291081129557042,0.08701008021472782,0.09648092094302002,0.2111069122845101,0.695511143081148,1.6951557402766957,0.04307353034414766,0.19291081129557042,0.08701008021472782,0.09648092094302002,0.2111069122845101,0.695511143081148,1.6951557402766957,0.04307353034414766
0.13542572678597983,0.27388954321999465,0.11890851390308639,0.14203984155136273,0.6744213785033096,1.960568741802434,0.229660726794205,0.13542572678597983,0.27388954321999465,0.11890851390308639,0.14203984155136273,0.6744213785033096,1.960568741802434,0.229660726794205
0.12534463788707176,0.298855754519026,0.1243888289961911,0.1352304575185051,0.6719345183702178,1.9999984495665426,0.049202455227863276,0.12534463788707176,0.298855754519026,0.1243888289961911,0.1352304575185051,0.6719345183702178,1.9999984495665426,0.049202455227863276
0.12182490767315989,0.2862009468041423,0.1280108597339951,0.3164698468581055,0.6115857711658441,1.8769435798054268,0.030610740165079,0.12182490767315989,0.2862009468041423,0.1280108597339951,0.3164698468581055,0.6115857711658441,1.8769435798054268,0.030610740165079
0.16929360958723552,0.4178137063034855,0.18268203357992596,0.48192196019233335,0.34547947175828164,1.8487015686053754,0.39533036072790917,0.16929360958723552,0.4178137063034855,0.18268203357992596,0.48192196019233335,0.34547947175828164,1.8487015686053754,0.39533036072790917
0.09111689530483606,0.18284329055715848,0.0863395530804829,0.19518230582752213,0.6990428894733397,1.792685399739178,0.26123495971145416,0.09111689530483606,0.18284329055715848,0.0863395530804829,0.19518230582752213,0.6990428894733397,1.792685399739178,0.26123495971145416
0.07119378473429913,0.17240114204717755,0.06771434066527877,0.13742597191383774,0.6705916137804985,1.9800612490551834,0.8595241787767036,0.07119378473429913,0.17240114204717755,0.06771434066527877,0.13742597191383774,0.6705916137804985,1.9800612490551834,0.8595241787767036
0.22673252243702838,0.0979886188012134,0.10786429976721192,0.2645845240154382,0.6635895765015564,1.7665247248371962,0.0565372297647058,0.22673252243702838,0.0979886188012134,0.10786429976721192,0.2645845240154382,0.6635895765015564,1.7665247248371962,0.0565372297647058
0.10491656792685533,0.21913175993731185,0.09966897472190296,0.1090665789136551,0.6931404421014221,1.8261823881830932,0.4170453585180573,0.10491656792685533,0.21913175993731185,0.09966897472190296,0.1090665789136551,0.6931404421014221,1.8261823881830932,0.4170453585180573
0.11446888617142907,0.289688702115137,0.12218804962728658,0.30112069527286534,0.6229186403809777,1.955735934868167,0.03956783429689966,0.11446888617142907,0.289688702115137,0.12218804962728658,0.30112069527286534,0.6229186403809777,1.955735934868167,0.03956783429689966
0.3084024125606525,0.14385702026423636,0.1343533037005834,0.1432993656681639,0.5469471590056364,1.7260575869291508,1.01284409995023,0.3084024125606525,0.14385702026423636,0.1343533037005834,0.1432993656681639,0.5469471590056364,1.7260575869291508,1.01284409995023
0.2775581552639025,0.11307463360500089,0.11271685004558618,0.28719732951468735,0.6145973846764623,2.015394126598355,0.4835901927435296,0.2775581552639025,0.11307463360500089,0.11271685004558618,0.28719732951468735,0.6145973846764623,2.015394126598355,0.4835901927435296
0.08129951206009137,0.1784300763264189,0.08787671537467992,0.22134418083835544,0.6883189222457566,1.6825208395671205,0.27385630478968526,0.08129951206009137,0.1784300763264189,0.08787671537467992,0.22134418083835544,0.6883189222457566,1.6825208395671205,0.27385630478968526
0.22582990855687923,0.09864526823344241,0.10539316156781425,0.11671811069467622,0.6945450570857848,1.7903265732104534,0.33658763227369887,0.22582990855687923,0.09864526823344241,0.10539316156781425,0.11671811069467622,0.6945450570857848,1.7903265732104534,0.33658763227369887
0.2077771494774413,0.6056590149885804,0.22255749873578873,0.23245903446683328,0.2457470613075108,2.209136751439877,0.44502689099919984,0.2077771494774413,0.6056590149885804,0.22255749873578873,0.23245903446683328,0.2457470613075108,2.209136751439877,0.44502689099919984
0.5785865838246731,0.22683802938051734,0.24525475496107654,0.25550828993132846,0.28125448821562626,2.012449275023809,0.025824321107279568,0.5785865838246731,0.22683802938051734,0.24525475496107654,0.25550828993132846,0.28125448821562626,2.012449275023809,0.025824321107279568
0.3797135541550522,0.1585302699783918,0.20011303538009775,0.4035553648096611,0.2826027462928772,1.676681452137307,0.9899619772613856,0.3797135541550522,0.1585302699783918,0.20011303538009775,0.4035553648096611,0.2826027462928772,1.676681452137307,0.9899619772613856
0.11386765993147091,0.21296004109733646,0.11313156567301107,0.5687892419182125,0.43058991637092214,1.6270054759191863,0.026184095889499274,0.11386765993147091,0.21296004109733646,0.11313156567301107,0.5687892419182125,0.43058991637092214,1.6270054759191863,0.026184095889499274
0.16849974394248024,0.3971791834140669,0.16611934048362692,0.21130111585572287,0.5758669942924179,2.013084754264693,0.0023762158588207165,0.16849974394248024,0.3971791834140669,0.16611934048362692,0.21130111585572287,0.5758669942924179,2.013084754264693,0.0023762158588207165
0.22391006107753936,0.11422391353745887,0.10693925304119578,0.11509439786959588,0.6945093563723455,1.7903857042324054,0.3218004570735531,0.22391006107753936,0.11422391353745887,0.10693925304119578,0.11509439786959588,0.6945093563723455,1.7903857042324054,0.3218004570735531
0.3813903296650145,0.13093843981066802,0.13656780683463224,0.1501183566389722,0.6250858077788051,2.2975482800855747,0.1078725987504084,0.3813903296650145,0.13093843981066802,0.13656780683463224,0.1501183566389722,0.6250858077788051,2.2975482800855747,0.1078725987504084
0.09918985635600322,0.23555167313954112,0.10853135421731858,0.6466806141053277,0.2998805810216881,1.8209477225263828,0.0,0.09918985635600322,0.23555167313954112,0.10853135421731858,0.6466806141053277,0.2998805810216881,1.8209477225263828,0.0
0.07895474414566477,0.15533276643234187,0.07613592344530495,0.23901033695819474,0.6350362595575451,1.6116258987266412,0.7357336992658452,0.07895474414566477,0.15533276643234187,0.07613592344530495,0.23901033695819474,0.6350362595575451,1.6116258987266412,0.7357336992658452
0.17083210433655013,0.0821466156114521,0.10032391064982421,0.2081750441772525,0.6960603170610802,1.8101791861848275,0.2867153847837749,0.17083210433655013,0.0821466156114521,0.10032391064982421,0.2081750441772525,0.6960603170610802,1.8101791861848275,0.2867153847837749
0.11045336659780002,0.18128629263488816,0.11568092020744848,0.22129772691943642,0.685341924717193,1.5886293767339066,0.010357111157048885,0.11045336659780002,0.18128629263488816,0.11568092020744848,0.22129772691943642,0.685341924717193,1.5886293767339066,0.010357111157048885
0.21336151236131326,0.08924848249269009,0.09666557385616652,0.18752004327463295,0.6920584518975802,1.8180671106126987,0.24107403772998495,0.21336151236131326,0.08924848249269009,0.09666557385616652,0.18752004327463295,0.6920584518975802,1.8180671106126987,0.24107403772998495
0.2996350474982278,0.10191553560395511,0.10765569228527108,0.285758835780183,0.6339119567531023,2.2677799693758307,0.02403132024623601,0.2996350474982278,0.10191553560395511,0.10765569228527108,0.285758835780183,0.6339119567531023,2.2677799693758307,0.02403132024623601
0.04419837251985985,0.10337718396732139,0.04807596763150887,0.2847386268623007,0.7070088554529183,1.7840930179162373,0.004615521098679718,0.04419837251985985,0.10337718396732139,0.04807596763150887,0.2847386268623007,0.7070088554529183,1.7840930179162373,0.004615521098679718
0.09559241356473892,0.18946406458526183,0.12740483790260784,0.1208861137149004,0.6347333528419853,1.5919896059910388,0.8161701717384771,0.09559241356473892,0.18946406458526183,0.12740483790260784,0.1208861137149004,0.6347333528419853,1.5919896059910388,0.8161701717384771
0.18094442977715555,0.08940541299921674,0.09902463277977326,0.22685026763528504,0.6911851565778262,1.6470160954123179,0.0,0.18094442977715555,0.08940541299921674,0.09902463277977326,0.22685026763528504,0.6911851565778262,1.6470160954123179,0.0
0.21025680733770943,0.12619734183296438,0.13038022815193634,0.1456975286716419,0.571749099641606,1.2422761242191032,0.8210549088737826,0.21025680733770943,0.12619734183296438,0.13038022815193634,0.1456975286716419,0.571749099641606,1.2422761242191032,0.8210549088737826
0.15071948234901555,0.4144240532692684,0.1623027066671004,0.20700536271827805,0.573243301903022,2.119519988989575,0.019068180971549158,0.15071948234901555,0.4144240532692684,0.1623027066671004,0.20700536271827805,0.573243301903022,2.119519988989575,0.019068180971549158
0.34578174018191243,0.15846989967305347,0.16447427180260465,0.4060000217404874,0.4053796157726784,1.662337208710235,0.7380213338413318,0.34578174018191243,0.15846989967305347,0.16447427180260465,0.4060000217404874,0.4053796157726784,1.662337208710235,0.7380213338413318
0.2769926357650025,0.11503703293041506,0.11656177203288896,0.2899094989567027,0.6339807992993274,1.974881374493382,0.0001806989060419222,0.2769926357650025,0.11503703293041506,0.11656177203288896,0.2899094989567027,0.6339807992993274,1.974881374493382,0.0001806989060419222
0.12515554558708994,0.23623086684082883,0.11472704698526437,0.2596245158758452,0.5694573638407053,1.6157538978811936,0.8356982879341353,0.12515554558708994,0.23623086684082883,0.11472704698526437,0.2596245158758452,0.5694573638407053,1.6157538978811936,0.8356982879341353
0.08977810390534086,0.21844456473269175,0.12116349324068454,0.10785315848375436,0.7023424541541053,1.9014777987237055,0.3008210351808848,0.08977810390534086,0.21844456473269175,0.12116349324068454,0.10785315848375436,0.7023424541541053,1.9014777987237055,0.3008210351808848
0.13374286561772927,0.319387342707058,0.1444275516884735,0.15688008560140765,0.6482728135782394,1.835550031701188,0.0,0.13374286561772927,0.319387342707058,0.1444275516884735,0.15688008560140765,0.6482728135782394,1.835550031701188,0.0
0.35858228391113783,0.1419009945889431,0.15028476391531811,0.16570880039175306,0.6228026318427154,1.988490949903715,0.15159366164440863,0.35858228391113783,0.1419009945889431,0.15028476391531811,0.16570880039175306,0.6228026318427154,1.988490949903715,0.15159366164440863
0.07247944678558696,0.2148842249011814,0.07649133941254666,0.09171368874740166,0.7135298237168392,2.247673298751993,0.4493897565315122,0.07247944678558696,0.2148842249011814,0.07649133941254666,0.09171368874740166,0.7135298237168392,2.247673298751993,0.4493897565315122
0.08708984214219342,0.03868578925850817,0.037443137231591345,0.26091566587858145,0.7142563652469315,1.954695039268046,0.039521420503000344,0.08708984214219342,0.03868578925850817,0.037443137231591345,0.26091566587858145,0.7142563652469315,1.954695039268046,0.039521420503000344
7.715613375651242e-18,1.2102440824245517e-17,7.18671054444421e-18,1.316554673335897e-17,4.154329286499091e-17,9.280289510087746e-17,1.6947705939638842,7.715613375651242e-18,1.2102440824245517e-17,7.18671054444421e-18,1.316554673335897e-17,4.154329286499091e-17,9.280289510087746e-17,1.6947705939638842
0.13976746063136913,0.3578256637234032,0.12724350195850515,0.16582209364832903,0.6366832875739633,2.330813378246275,0.000732831892028433,0.13976746063136913,0.3578256637234032,0.12724350195850515,0.16582209364832903,0.6366832875739633,2.330813378246275,0.000732831892028433
0.16146658633326244,0.0880657296134443,0.09477408248781005,0.2527798472924741,0.6061282952380557,1.3807867384224723,0.7085928371593021,0.16146658633326244,0.0880657296134443,0.09477408248781005,0.2527798472924741,0.6061282952380557,1.3807867384224723,0.7085928371593021
7.453937562785955e-18,1.2734514173455035e-17,7.882987722312067e-18,1.4956679704077376e-17,4.037431147215687e-17,8.663459826493082e-17,1.6033926830923626,7.453937562785955e-18,1.2734514173455035e-17,7.882987722312067e-18,1.4956679704077376e-17,4.037431147215687e-17,8.663459826493082e-17,1.6033926830923626
0.2782497723543173,0.12370593239951964,0.13538067999622333,0.7123290485676039,0.4054531880813027,1.6287563872026598,0.2982322977586403,0.2782497723543173,0.12370593239951964,0.13538067999622333,0.7123290485676039,0.4054531880813027,1.6287563872026598,0.2982322977586403
0.2858168766165295,0.11184719571194375,0.1213303975735313,0.3040208346961391,0.6226295360143254,1.9600583582261497,0.05179597748856877,0.2858168766165295,0.11184719571194375,0.1213303975735313,0.3040208346961391,0.6226295360143254,1.9600583582261497,0.05179597748856877
0.35915769107558854,0.19828592773991927,0.22651410548466486,0.46433749345823766,0.3642217584858406,1.357164162129795,0.11976398074746798,0.35915769107558854,0.19828592773991927,0.22651410548466486,0.46433749345823766,0.3642217584858406,1.357164162129795,0.11976398074746798
0.08609944635011008,0.18558894661358724,0.0924849704950125,0.21797194988070218,0.6870713453994823,1.6950599693221984,0.2732264855360551,0.08609944635011008,0.18558894661358724,0.0924849704950125,0.21797194988070218,0.6870713453994823,1.6950599693221984,0.2732264855360551
0.2369063871098992,0.5547644475197505,0.23005467435359786,0.30455707597829784,0.28136079326317387,2.03400455954413,0.12107508137725652,0.2369063871098992,0.5547644475197505,0.23005467435359786,0.30455707597829784,0.28136079326317387,2.03400455954413,0.12107508137725652
0.09176501334430796,0.21642191313223874,0.10012403643828256,0.30550406255350476,0.5417694590577989,1.5954440368047471,0.940612465470839,0.09176501334430796,0.21642191313223874,0.10012403643828256,0.30550406255350476,0.5417694590577989,1.5954440368047471,0.940612465470839
0.13363975429043248,0.27370031370079145,0.11665953287530562,0.1393808325783659,0.6759012414180411,1.9929470379504752,0.2440530550768933,0.13363975429043248,0.27370031370079145,0.11665953287530562,0.1393808325783659,0.6759012414180411,1.9929470379504752,0.2440530550768933
0.11658862308031104,0.2654299790127865,0.12437597338866338,0.29928333288494635,0.6271729525524828,1.7792178897034403,0.09689643742395555,0.11658862308031104,0.2654299790127865,0.12437597338866338,0.29928333288494635,0.6271729525524828,1.7792178897034403,0.09689643742395555
0.6030722819442466,0.22040987559022834,0.21901670029432044,0.22821816338608686,0.24078528178622352,2.2449025255356734,0.4978341807309555,0.6030722819442466,0.22040987559022834,0.21901670029432044,0.22821816338608686,0.24078528178622352,2.2449025255356734,0.4978341807309555
0.1284303140064828,0.2550624617081943,0.11596806011911451,0.28300186415574013,0.6416718669839538,1.8922609682349647,0.06414812266012306,0.1284303140064828,0.2550624617081943,0.11596806011911451,0.28300186415574013,0.6416718669839538,1.8922609682349647,0.06414812266012306
0.27163469503077087,0.12017219255528738,0.12356834408767133,0.3188031390479567,0.6168620103218472,1.7985890210101443,0.38607718940528046,0.27163469503077087,0.12017219255528738,0.12356834408767133,0.3188031390479567,0.6168620103218472,1.7985890210101443,0.38607718940528046
0.10334983457513695,0.2145451864994309,0.09649700172854565,0.12815687098184822,0.7093251401955982,1.8897395497590994,0.11274941319544379,0.10334983457513695,0.2145451864994309,0.09649700172854565,0.12815687098184822,0.7093251401955982,1.8897395497590994,0.11274941319544379
0.08582393722364909,0.19771318961736206,0.09352258638011,0.22303119805550586,0.6905718095581095,1.7582793495194184,0.09388084678003211,0.08582393722364909,0.19771318961736206,0.09352258638011,0.22303119805550586,0.6905718095581095,1.7582793495194184,0.09388084678003211
0.06266306376828283,0.1538730681073935,0.058878913035072436,0.1575042057680128,0.6767754337707428,2.0519267670488364,0.859333676899527,0.06266306376828283,0.1538730681073935,0.058878913035072436,0.1575042057680128,0.6767754337707428,2.0519267670488364,0.859333676899527
0.13414974215382436,0.23973898012884748,0.1277625080897302,0.27339170684493713,0.5716711419957878,1.4769308824413847,0.7778893238620285,0.13414974215382436,0.23973898012884748,0.1277625080897302,0.27339170684493713,0.5716711419957878,1.4769308824413847,0.7778893238620285
0.07301412539402806,0.17863632776712984,0.07628585813383425,0.1869329410737387,0.7072386284979927,1.925481988408601,0.2738186412474431,0.07301412539402806,0.17863632776712984,0.07628585813383425,0.1869329410737387,0.7072386284979927,1.925481988408601,0.2738186412474431
0.4032505521429525,0.1573111472675061,0.15716972102127952,0.17026997125027116,0.5098627329202386,1.985105721223556,0.9035578200213471,0.4032505521429525,0.1573111472675061,0.15716972102127952,0.17026997125027116,0.5098627329202386,1.985105721223556,0.9035578200213471
0.1983311591823077,0.08871441454107702,0.0971850636576714,0.20473106486216552,0.6842692310605828,1.6828462104715878,0.29662446515163854,0.1983311591823077,0.08871441454107702,0.0971850636576714,0.20473106486216552,0.6842692310605828,1.6828462104715878,0.29662446515163854
0.1299855716239779,0.34838465048151784,0.13874840577785616,0.1685232991570985,0.6401898736201698,2.01580225321052,0.42156664779185554,0.1299855716239779,0.34838465048151784,0.13874840577785616,0.1685232991570985,0.6401898736201698,2.01580225321052,0.42156664779185554
0.19787061230077693,0.09182344604512546,0.09234749496825413,0.21486333341956088,0.6944667724759176,1.8059754739627165,0.014776996317324667,0.19787061230077693,0.09182344604512546,0.09234749496825413,0.21486333341956088,0.6944667724759176,1.8059754739627165,0.014776996317324667
0.1265336846769392,0.23591900463978324,0.11685117321960534,0.26116784586934155,0.5674292856766752,1.5870388347264475,0.8230440695882285,0.1265336846769392,0.23591900463978324,0.11685117321960534,0.26116784586934155,0.5674292856766752,1.5870388347264475,0.8230440695882285
0.20580300222844317,0.45921556991240897,0.20326960041175055,0.4524983523057283,0.29417226392426143,1.913863501362248,0.11479980256269326,0.20580300222844317,0.45921556991240897,0.20326960041175055,0.4524983523057283,0.29417226392426143,1.913863501362248,0.11479980256269326
0.08851294563936937,0.1927579778508899,0.09680290228213137,0.22306796131784964,0.6737569009657322,1.6368760513147764,0.3572392718128785,0.08851294563936937,0.1927579778508899,0.09680290228213137,0.22306796131784964,0.6737569009657322,1.6368760513147764,0.3572392718128785
0.23042301794229805,0.10297075032042372,0.10841489807320805,0.12386776307665164,0.7014608492018298,1.7767184118288721,0.08735930256286219,0.23042301794229805,0.10297075032042372,0.10841489807320805,0.12386776307665164,0.7014608492018298,1.7767184118288721,0.08735930256286219
0.3316603130912837,0.14735588867612112,0.16223489458679763,0.20095501143345315,0.47836206144700333,1.4711767089115073,0.9680405563027661,0.3316603130912837,0.14735588867612112,0.16223489458679763,0.20095501143345315,0.47836206144700333,1.4711767089115073,0.9680405563027661
0.29288874127207537,0.12416858204720312,0.11809834129162548,0.281548125595801,0.6328895587778323,2.0704586962645988,0.007637411169607234,0.29288874127207537,0.12416858204720312,0.11809834129162548,0.281548125595801,0.6328895587778323,2.0704586962645988,0.007637411169607234
0.14301786333476754,0.2738173925141775,0.13061156135348773,0.15589013245649777,0.6643134551136538,1.797692989478675,0.2130666326977243,0.14301786333476754,0.2738173925141775,0.13061156135348773,0.15589013245649777,0.6643134551136538,1.797692989478675,0.2130666326977243
0.09190621274988506,0.18207192606554123,0.10024692030741349,0.21588667969900735,0.6325721789801224,1.4458618958487703,0.6338540481755386,0.09190621274988506,0.18207192606554123,0.10024692030741349,0.21588667969900735,0.6325721789801224,1.4458618958487703,0.6338540481755386
0.16632765395603477,0.0678876692889751,0.07019515387898809,0.4617295618991004,0.5111937836687634,1.8425200579116399,0.7689627370202924,0.16632765395603477,0.0678876692889751,0.07019515387898809,0.4617295618991004,0.5111937836687634,1.8425200579116399,0.7689627370202924
0.11385436933082807,0.19109345148511336,0.10173677560991792,0.19912321058284507,0.6927408535757407,1.6721480974881238,0.08122423594586084,0.11385436933082807,0.19109345148511336,0.10173677560991792,0.19912321058284507,0.6927408535757407,1.6721480974881238,0.08122423594586084
0.331755142628058,0.14652618870561157,0.1404696119074129,0.21569266862632716,0.6241902163874499,1.9780093826524043,0.13225351813065286,0.331755142628058,0.14652618870561157,0.1404696119074129,0.21569266862632716,0.6241902163874499,1.9780093826524043,0.13225351813065286
0.14975597759838669,0.35258116317418864,0.14566907666610598,0.15578876656168864,0.6307781992246747,2.0208470015672138,0.02503453839717096,0.14975597759838669,0.35258116317418864,0.14566907666610598,0.15578876656168864,0.6307781992246747,2.0208470015672138,0.02503453839717096
