f_1,f_2,f_3,f_4,f_5,f_6,f_7,f_1_min,f_2_min,f_3_min,f_4_min,f_5_min,f_6_min,f_7_min
1.715701027404102e-18,6.089118421144304e-17,9.651371543970445e-19,1.8611543906968312e-18,5.854475992157173e-18,5.647211390303517e-19,1.0000359614502798,1.715701027404102e-18,6.089118421144304e-17,9.651371543970445e-19,1.8611543906968312e-18,5.854475992157173e-18,5.647211390303517e-19,1.0000359614502798
0.016670774832723084,0.45317963737434386,0.045273946033096674,0.015692195321192978,0.018400549715994755,0.39446820118457737,0.7991656412856751,0.016670774832723084,0.45317963737434386,0.045273946033096674,0.015692195321192978,0.018400549715994755,0.39446820118457737,0.7991656412856751
0.12121097099630081,0.3956650322680074,0.060602612213986176,0.0,0.0,0.4576475383969196,0.7907836056999094,0.12121097099630081,0.3956650322680074,0.060602612213986176,0.0,0.0,0.4576475383969196,0.7907836056999094
2.787457739169639e-17,0.4552263952529621,0.0,0.1182514020139121,0.06156673946061894,0.3947722393476609,0.7879920556595441,2.787457739169639e-17,0.4552263952529621,0.0,0.1182514020139121,0.06156673946061894,0.3947722393476609,0.7879920556595441
0.016782320320247856,0.3901756920592858,0.0169171978979999,0.044597139477071605,0.016251529241753736,0.41866712859236044,0.8195273453542616,0.016782320320247856,0.3901756920592858,0.0169171978979999,0.044597139477071605,0.016251529241753736,0.41866712859236044,0.8195273453542616
2.22621747257315e-17,0.3635689039685776,0.0,0.0,1.2967468425910571e-6,0.5847990780727952,0.7267794160535025,2.22621747257315e-17,0.3635689039685776,0.0,0.0,1.2967468425910571e-6,0.5847990780727952,0.7267794160535025
0.01723857713076501,0.3903504369292314,0.01451086266348754,0.014044975900844105,0.04619004349690685,0.4190846908231827,0.8198196850194658,0.01723857713076501,0.3903504369292314,0.01451086266348754,0.014044975900844105,0.04619004349690685,0.4190846908231827,0.8198196850194658
0.11883943924678898,0.387588653787157,0.0,0.0,0.056851129554810705,0.3876547321958731,0.8314772513663249,0.11883943924678898,0.387588653787157,0.0,0.0,0.056851129554810705,0.3876547321958731,0.8314772513663249
0.01630885032410232,0.3902814638909397,0.0002538031894013563,0.07310375119514384,0.12125220564178196,0.40342974127804365,0.8162091331602641,0.01630885032410232,0.3902814638909397,0.0002538031894013563,0.07310375119514384,0.12125220564178196,0.40342974127804365,0.8162091331602641
2.673736158370257e-17,0.4366542516963775,0.05777588010198134,0.0008762124643851895,0.05852623283117098,0.37869617748991635,0.8142277110684418,2.673736158370257e-17,0.4366542516963775,0.05777588010198134,0.0008762124643851895,0.05852623283117098,0.37869617748991635,0.8142277110684418
0.016288335857339426,0.38554622097939634,0.016274983606158117,0.013342879771263307,0.0436546215444143,0.38407776004226174,0.8378917971603536,0.016288335857339426,0.38554622097939634,0.016274983606158117,0.013342879771263307,0.0436546215444143,0.38407776004226174,0.8378917971603536
2.619163783800719e-17,0.4277419065847039,0.000125888708367446,0.000051455737448416393,0.0,0.5405501538164751,0.7317671718556404,2.619163783800719e-17,0.4277419065847039,0.000125888708367446,0.000051455737448416393,0.0,0.5405501538164751,0.7317671718556404
2.4623647618962233e-17,0.4021346830140115,0.12283962249369082,0.0,0.12297344544017866,0.3997271517591639,0.8067718334159196,2.4623647618962233e-17,0.4021346830140115,0.12283962249369082,0.0,0.12297344544017866,0.3997271517591639,0.8067718334159196
0.000011114411588967245,0.3855605936027509,0.00012959473659533222,0.058763165593969276,0.057093950506862765,0.5033611816346059,0.7708741977691641,0.000011114411588967245,0.3855605936027509,0.00012959473659533222,0.058763165593969276,0.057093950506862765,0.5033611816346059,0.7708741977691641
0.014453485030917932,0.45540822201321673,0.016874590113469534,0.04583821387271778,0.015887596162420418,0.42812043022924345,0.7793884372499413,0.014453485030917932,0.45540822201321673,0.016874590113469534,0.04583821387271778,0.015887596162420418,0.42812043022924345,0.7793884372499413
0.016906616854145635,0.48379532924844915,0.016847354479288215,0.04507595157244309,0.016877780059215704,0.39632402110999254,0.7789442760148286,0.016906616854145635,0.48379532924844915,0.016847354479288215,0.04507595157244309,0.016877780059215704,0.39632402110999254,0.7789442760148286
0.04428479086950476,0.39610321705527246,0.0180366814017568,0.015393478874712537,0.015347258922076803,0.4835977814586305,0.779573100783117,0.04428479086950476,0.39610321705527246,0.0180366814017568,0.015393478874712537,0.015347258922076803,0.4835977814586305,0.779573100783117
0.06206187087150757,0.3981516218258378,0.06026558846317262,0.04538304909016837,0.01688700824150001,0.4622104663479774,0.7875044184531356,0.06206187087150757,0.3981516218258378,0.06026558846317262,0.04538304909016837,0.01688700824150001,0.4622104663479774,0.7875044184531356
2.6144160137165e-17,0.4269665368883107,2.119857117009384e-8,0.05642522930879734,0.000056529631572778925,0.4265991588385074,0.7970702402684925,2.6144160137165e-17,0.4269665368883107,2.119857117009384e-8,0.05642522930879734,0.000056529631572778925,0.4265991588385074,0.7970702402684925
0.017262800960441912,0.3910922393596705,0.04518247767323516,0.0159458524542737,0.015187355593210033,0.4179736738836288,0.8191736327806193,0.017262800960441912,0.3910922393596705,0.04518247767323516,0.0159458524542737,0.015187355593210033,0.4179736738836288,0.8191736327806193
0.06139389050724294,0.4642062905739055,0.061489007276558164,0.0,0.05465722149680562,0.3957137385768246,0.7892903733781526,0.06139389050724294,0.4642062905739055,0.061489007276558164,0.0,0.05465722149680562,0.3957137385768246,0.7892903733781526
0.12026480938313448,0.4538162791409374,0.06085356755764862,0.0,0.0,0.39482499388867043,0.7889917246888544,0.12026480938313448,0.4538162791409374,0.06085356755764862,0.0,0.0,0.39482499388867043,0.7889917246888544
0.04777014898773769,0.4116722435913551,0.10853494819823274,0.01669352248230096,0.015987790697032243,0.4118168692258271,0.805724994976916,0.04777014898773769,0.4116722435913551,0.10853494819823274,0.01669352248230096,0.015987790697032243,0.4118168692258271,0.805724994976916
2.4062245886030486e-17,0.39296629694020446,0.059613199644229384,0.060150821126534436,0.05989111676031673,0.3866885330723343,0.829078293547357,2.4062245886030486e-17,0.39296629694020446,0.059613199644229384,0.060150821126534436,0.05989111676031673,0.3866885330723343,0.829078293547357
0.016484111271145855,0.3988975657794037,0.04595315714902588,0.017230716579840644,0.0449004113839469,0.42785160754315077,0.8118347557339293,0.016484111271145855,0.3988975657794037,0.04595315714902588,0.017230716579840644,0.0449004113839469,0.42785160754315077,0.8118347557339293
2.997237012000825e-17,0.48948595041241577,0.0,0.0,0.0616492964147004,0.43518123533784503,0.7547755617679953,2.997237012000825e-17,0.48948595041241577,0.0,0.0,0.0616492964147004,0.43518123533784503,0.7547755617679953
3.01883059043172e-17,0.49301244939088523,0.0,0.05772767838739251,0.00005560245542847224,0.43198842593998177,0.7533034359868894,3.01883059043172e-17,0.49301244939088523,0.0,0.05772767838739251,0.00005560245542847224,0.43198842593998177,0.7533034359868894
0.1236533986793377,0.4054746352150272,7.681870511831941e-9,0.1243121424950827,1.2770113768903593e-7,0.403856866588186,0.8073717330792023,0.1236533986793377,0.4054746352150272,7.681870511831941e-9,0.1243121424950827,1.2770113768903593e-7,0.403856866588186,0.8073717330792023
2.2925914872907688e-17,0.37440860318043706,0.0,2.239115848760472e-6,0.05665021286862854,0.5458202669309191,0.7499380484112727,2.2925914872907688e-17,0.37440860318043706,0.0,2.239115848760472e-6,0.05665021286862854,0.5458202669309191,0.7499380484112727
0.017249317173072178,0.4007440666450125,0.01737544354850253,0.04580516726710198,0.0754382524416216,0.40329373365178156,0.8211259909306351,0.017249317173072178,0.4007440666450125,0.01737544354850253,0.04580516726710198,0.0754382524416216,0.40329373365178156,0.8211259909306351
0.04862530359682307,0.4393600513066259,0.07864284577333866,0.01889330529039065,0.014784975838741079,0.4066082196379664,0.7968197931531558,0.04862530359682307,0.4393600513066259,0.07864284577333866,0.01889330529039065,0.014784975838741079,0.4066082196379664,0.7968197931531558
0.01463827083591919,0.39760439719979385,0.07550979160892136,0.012615172751201664,0.01656841335332051,0.42980373482781753,0.8104818079971963,0.01463827083591919,0.39760439719979385,0.07550979160892136,0.012615172751201664,0.01656841335332051,0.42980373482781753,0.8104818079971963
2.6635379069540642e-17,0.4349887508477584,6.596782722791222e-8,0.05741023849474933,0.0,0.4921811639670491,0.7544212837425587,2.6635379069540642e-17,0.4349887508477584,6.596782722791222e-8,0.05741023849474933,0.0,0.4921811639670491,0.7544212837425587
0.04636971314911231,0.42702630049137674,0.015477268700499964,0.016040848445083074,0.016585476006977205,0.45681041264746636,0.7797308057490115,0.04636971314911231,0.42702630049137674,0.015477268700499964,0.016040848445083074,0.016585476006977205,0.45681041264746636,0.7797308057490115
0.01823454387868559,0.43009724912733666,0.042759075608719645,0.015464015922971669,0.05792754630469994,0.4007977620072059,0.8061366592876374,0.01823454387868559,0.43009724912733666,0.042759075608719645,0.015464015922971669,0.05792754630469994,0.4007977620072059,0.8061366592876374
2.6671483781421456e-17,0.4355783855392621,0.0,0.05724472412106733,0.05789679020635578,0.3782385857902421,0.8133298633720668,2.6671483781421456e-17,0.4355783855392621,0.0,0.05724472412106733,0.05789679020635578,0.3782385857902421,0.8133298633720668
0.11999620951463968,0.3941587093861505,0.0,0.0,0.05794993378890912,0.4586926332970623,0.7910143097453473,0.11999620951463968,0.3941587093861505,0.0,0.0,0.05794993378890912,0.4586926332970623,0.7910143097453473
0.11588389429642355,0.43637611382174657,0.0,0.0,0.000022879757492386676,0.37852724400841625,0.8088754821313502,0.11588389429642355,0.43637611382174657,0.0,0.0,0.000022879757492386676,0.37852724400841625,0.8088754821313502
2.409267464574698e-17,0.3934632362983554,0.11970380702481605,0.05956117065310119,0.000023426522351000445,0.4555609213290235,0.7883875229309226,2.409267464574698e-17,0.3934632362983554,0.11970380702481605,0.05956117065310119,0.000023426522351000445,0.4555609213290235,0.7883875229309226
0.10558577176381023,0.41021459882746275,0.01694898805581405,0.04590841183067799,0.016270700863514842,0.4121708080971951,0.8052961797393506,0.10558577176381023,0.41021459882746275,0.01694898805581405,0.04590841183067799,0.016270700863514842,0.4121708080971951,0.8052961797393506
2.119778050351153e-17,0.346186027159345,0.0,0.0,3.304467547174519e-11,0.39903326532731714,0.8503965482684168,2.119778050351153e-17,0.346186027159345,0.0,0.0,3.304467547174519e-11,0.39903326532731714,0.8503965482684168
2.5557467880570474e-17,0.4173851252191991,0.0,0.0,0.05629848470343452,0.3616069576792797,0.832854343580217,2.5557467880570474e-17,0.4173851252191991,0.0,0.0,0.05629848470343452,0.3616069576792797,0.832854343580217
0.05799645370541304,0.39266028940951214,0.0,0.06136546363698723,0.0,0.5109090415397931,0.7815241213938973,0.05799645370541304,0.39266028940951214,0.0,0.06136546363698723,0.0,0.5109090415397931,0.7815241213938973
0.05614154989159399,0.37221329550746163,0.05602122891228626,0.0,0.0007797818317047792,0.3708504683130523,0.8544517110010573,0.05614154989159399,0.37221329550746163,0.05602122891228626,0.0,0.0007797818317047792,0.3708504683130523,0.8544517110010573
3.39276923216329e-8,0.46132545878075165,0.0,1.6633470166112718e-9,3.0909810809079504e-6,0.35228244761590055,0.8152730320392843,3.39276923216329e-8,0.46132545878075165,0.0,1.6633470166112718e-9,3.0909810809079504e-6,0.35228244761590055,0.8152730320392843
0.0581535803985227,0.38434115427246573,0.00023463005536049453,0.00022888642447707467,0.05852315512665595,0.5029941429398296,0.772955647639587,0.0581535803985227,0.38434115427246573,0.00023463005536049453,0.00022888642447707467,0.05852315512665595,0.5029941429398296,0.772955647639587
0.017920825641914655,0.39484160278344577,0.016366262644981627,0.07190661563304145,0.018286299797453366,0.3943837739223985,0.8269294378552502,0.017920825641914655,0.39484160278344577,0.016366262644981627,0.07190661563304145,0.018286299797453366,0.3943837739223985,0.8269294378552502
0.00021724924022194643,0.456430118751081,0.06082685354972924,0.11986782529803572,0.00047082042589237095,0.39385104718943453,0.7879392274246173,0.00021724924022194643,0.456430118751081,0.06082685354972924,0.11986782529803572,0.00047082042589237095,0.39385104718943453,0.7879392274246173
0.016815052125711386,0.412845563669934,0.016538118012468007,0.13428139438975625,0.01806676220072118,0.4113666591716401,0.8034492171702594,0.016815052125711386,0.412845563669934,0.016538118012468007,0.13428139438975625,0.01806676220072118,0.4113666591716401,0.8034492171702594
0.1713592543397224,0.3777141165336753,0.0,1.6717619692999016e-6,0.0005866488626711283,0.3927708130982943,0.8424506886372088,0.1713592543397224,0.3777141165336753,0.0,1.6717619692999016e-6,0.0005866488626711283,0.3927708130982943,0.8424506886372088
0.01646626453519222,0.3750852304342984,0.014536944211611906,0.015734755172307005,0.013555962800532749,0.3728811692971138,0.8500695226012014,0.01646626453519222,0.3750852304342984,0.014536944211611906,0.015734755172307005,0.013555962800532749,0.3728811692971138,0.8500695226012014
0.014290900726160382,0.4042275863474816,0.04463846950054912,0.016940330633976795,0.0471498107170352,0.40307805047007467,0.8187100549587712,0.014290900726160382,0.4042275863474816,0.04463846950054912,0.016940330633976795,0.0471498107170352,0.40307805047007467,0.8187100549587712
0.04379532468363276,0.40617528805996184,0.04655191252438497,0.046969888483574675,0.016611317502309233,0.4393729203649756,0.7991375884177151,0.04379532468363276,0.40617528805996184,0.04655191252438497,0.046969888483574675,0.016611317502309233,0.4393729203649756,0.7991375884177151
2.343914003429927e-17,0.38279020613320525,1.0728707854547368e-6,0.0,0.17448518940970875,0.3822593976108021,0.8245979178226591,2.343914003429927e-17,0.38279020613320525,1.0728707854547368e-6,0.0,0.17448518940970875,0.3822593976108021,0.8245979178226591
0.016371428857725225,0.4062995202480297,0.01662582550083487,0.10572387465437998,0.018072427768780788,0.43678508226702933,0.7960317577391702,0.016371428857725225,0.4062995202480297,0.01662582550083487,0.10572387465437998,0.018072427768780788,0.43678508226702933,0.7960317577391702
0.04463069176622286,0.3910357020441974,0.016690863500024765,0.014204961457916717,0.016356365794717012,0.4196740356600612,0.8214371404722413,0.04463069176622286,0.3910357020441974,0.016690863500024765,0.014204961457916717,0.016356365794717012,0.4196740356600612,0.8214371404722413
0.04481321250742976,0.4030020747152433,0.04474947799357584,0.016903290572828952,0.046401461007832316,0.40401661346228407,0.8190788353072515,0.04481321250742976,0.4030020747152433,0.04474947799357584,0.016903290572828952,0.046401461007832316,0.40401661346228407,0.8190788353072515
2.4338845460475576e-17,0.3974835107954592,0.17886261949569016,0.0,3.4856292730026045e-6,0.4616799014298316,0.7962484791352317,2.4338845460475576e-17,0.3974835107954592,0.17886261949569016,0.0,3.4856292730026045e-6,0.4616799014298316,0.7962484791352317
0.06538656630304071,0.4068795360803898,0.0,0.12434489097126296,0.06259483475525698,0.39985227614684615,0.807799198495432,0.06538656630304071,0.4068795360803898,0.0,0.12434489097126296,0.06259483475525698,0.39985227614684615,0.807799198495432
0.015402702398851399,0.3985514365900402,0.044130915055757454,0.045004998872652656,0.01717114239195177,0.42619447444314745,0.8101273318407832,0.015402702398851399,0.3985514365900402,0.044130915055757454,0.045004998872652656,0.01717114239195177,0.42619447444314745,0.8101273318407832
0.01726117999522222,0.40130880127881285,0.07359204911846032,0.04637966191240084,0.01697656020769581,0.4014144978167922,0.8195214874723694,0.01726117999522222,0.40130880127881285,0.07359204911846032,0.04637966191240084,0.01697656020769581,0.4014144978167922,0.8195214874723694
0.013829236289928477,0.4198728337656101,0.04643737631602784,0.015912223767104865,0.017273295481078015,0.38954457149888955,0.8186556243055565,0.013829236289928477,0.4198728337656101,0.04643737631602784,0.015912223767104865,0.017273295481078015,0.38954457149888955,0.8186556243055565
2.1609429378630725e-6,0.37143020412584504,0.0,0.05559829266561003,0.0,0.4821045846389681,0.796012791994215,2.1609429378630725e-6,0.37143020412584504,0.0,0.05559829266561003,0.0,0.4821045846389681,0.796012791994215
3.34341171089835e-17,0.546020569069574,0.05841786829509754,0.0,0.0,0.3748477334969792,0.7487434917419779,3.34341171089835e-17,0.546020569069574,0.05841786829509754,0.0,0.0,0.3748477334969792,0.7487434917419779
0.11569969990831942,0.3854186609919651,0.05880870996708671,0.0,0.0005910438711077248,0.3843852586357962,0.8305549741495374,0.11569969990831942,0.3854186609919651,0.05880870996708671,0.0,0.0005910438711077248,0.3843852586357962,0.8305549741495374
0.12297079362316621,0.4018376324313289,0.12289095935606097,0.0,0.0006018908467892098,0.40026139477967526,0.8055364266328103,0.12297079362316621,0.4018376324313289,0.12289095935606097,0.0,0.0006018908467892098,0.40026139477967526,0.8055364266328103
0.018565216571783363,0.3943026877536978,0.04115797398432115,0.04435438235234782,0.0194339889021839,0.3921670665769201,0.8308809823165345,0.018565216571783363,0.3943026877536978,0.04115797398432115,0.04435438235234782,0.0194339889021839,0.3921670665769201,0.8308809823165345
0.07644456684300932,0.4036670954992043,0.016656594343043948,0.04638083342452658,0.015443195474379137,0.40163125107706177,0.8197274422765762,0.07644456684300932,0.4036670954992043,0.016656594343043948,0.04638083342452658,0.015443195474379137,0.40163125107706177,0.8197274422765762
2.3171999787916268e-17,0.37842747482865285,0.05835699387591474,0.057596840989081806,0.0,0.43532866048597385,0.8135853319079566,2.3171999787916268e-17,0.37842747482865285,0.05835699387591474,0.057596840989081806,0.0,0.43532866048597385,0.8135853319079566
0.04595259311114357,0.4016079964334142,0.01651802770200669,0.04628885093743712,0.04578931950356225,0.4036428345476191,0.8183204227147796,0.04595259311114357,0.4016079964334142,0.01651802770200669,0.04628885093743712,0.04578931950356225,0.4036428345476191,0.8183204227147796
0.05611044839886905,0.367985679111135,2.9901827514895566e-6,0.0,0.0,0.4810529901619439,0.7951059366083039,0.05611044839886905,0.367985679111135,2.9901827514895566e-6,0.0,0.0,0.4810529901619439,0.7951059366083039
2.1325102954021147e-9,0.3523529948226544,0.05378672245528713,0.0,0.0,0.3526081760574362,0.8661641467548647,2.1325102954021147e-9,0.3523529948226544,0.05378672245528713,0.0,0.0,0.3526081760574362,0.8661641467548647
2.1711831466151265e-17,0.35458111646995505,0.0,0.05363002472060192,7.373439784115847e-6,0.3545583970884186,0.8650396528869574,2.1711831466151265e-17,0.35458111646995505,0.0,0.05363002472060192,7.373439784115847e-6,0.3545583970884186,0.8650396528869574
0.01646988267390246,0.4265272883957124,0.08100807622444986,0.013533753093992221,0.01777485095966554,0.40014808658035944,0.8107214590771691,0.01646988267390246,0.4265272883957124,0.08100807622444986,0.013533753093992221,0.01777485095966554,0.40014808658035944,0.8107214590771691
3.080161842908808e-17,0.5030286030312309,0.0,0.05825763023737116,0.05966264996044792,0.3860316640032787,0.7701073080280351,3.080161842908808e-17,0.5030286030312309,0.0,0.05825763023737116,0.05966264996044792,0.3860316640032787,0.7701073080280351
0.016369468733569804,0.42305357795672766,0.04618983995474488,0.01641709690805007,0.016419017581717266,0.42420090538645044,0.8026849508887884,0.016369468733569804,0.42305357795672766,0.04618983995474488,0.01641709690805007,0.016419017581717266,0.42420090538645044,0.8026849508887884
0.0174111599479059,0.4027565327839772,0.07496235947385779,0.01623388137878712,0.01593803436251893,0.46112690715232785,0.7876353770875194,0.0174111599479059,0.4027565327839772,0.07496235947385779,0.01623388137878712,0.01593803436251893,0.46112690715232785,0.7876353770875194
0.0002008205641470778,0.35146243118052056,0.0,0.0,0.055938711526201716,0.35264293483019515,0.86608042200902,0.0002008205641470778,0.35146243118052056,0.0,0.0,0.055938711526201716,0.35264293483019515,0.86608042200902
0.0002960116464354931,0.39681499838282996,0.0,0.0,0.24272952151489338,0.39615284106596726,0.7925033823362854,0.0002960116464354931,0.39681499838282996,0.0,0.0,0.24272952151489338,0.39615284106596726,0.7925033823362854
0.11730189793012007,0.5020784199584111,2.7681197884895796e-9,1.8429760635322366e-6,0.00018987102582798034,0.38364439064281924,0.7673948172262235,0.11730189793012007,0.5020784199584111,2.7681197884895796e-9,1.8429760635322366e-6,0.00018987102582798034,0.38364439064281924,0.7673948172262235
0.07692300451970928,0.4369812499919117,0.016411480407883414,0.01770911270951484,0.04688681195692361,0.40797095900252395,0.798047019768846,0.07692300451970928,0.4369812499919117,0.016411480407883414,0.01770911270951484,0.04688681195692361,0.40797095900252395,0.798047019768846
0.0474224005092074,0.4081382560036173,0.07456306373499376,0.016417443977762614,0.017839040510855154,0.43711445492549744,0.7977715157061869,0.0474224005092074,0.4081382560036173,0.07456306373499376,0.016417443977762614,0.017839040510855154,0.43711445492549744,0.7977715157061869
0.05754999469174322,0.5037061270267945,2.8990649715416596e-7,0.05710752498735621,0.0003277164659025668,0.3838595777465587,0.7722207199930765,0.05754999469174322,0.5037061270267945,2.8990649715416596e-7,0.05710752498735621,0.0003277164659025668,0.3838595777465587,0.7722207199930765
0.017601895642225338,0.4111246918590429,0.04643876868586192,0.10805174695547029,0.01571312457424286,0.41276480530625065,0.805165216255713,0.017601895642225338,0.4111246918590429,0.04643876868586192,0.10805174695547029,0.01571312457424286,0.41276480530625065,0.805165216255713
2.4774690735859002e-17,0.4046014043087053,0.06201819708386895,0.12287828593209416,0.06398588204477734,0.40194293122781144,0.8084320731008754,2.4774690735859002e-17,0.4046014043087053,0.06201819708386895,0.12287828593209416,0.06398588204477734,0.40194293122781144,0.8084320731008754
0.05651482763895096,0.43425963180203986,0.0,0.0,0.0,0.4929082945372479,0.7534354720230327,0.05651482763895096,0.43425963180203986,0.0,0.0,0.0,0.4929082945372479,0.7534354720230327
0.07662276687225404,0.43192013058819057,0.017166894234222952,0.017423813487377912,0.0174409147121741,0.4314105267580933,0.7886118530406695,0.07662276687225404,0.43192013058819057,0.017166894234222952,0.017423813487377912,0.0174409147121741,0.4314105267580933,0.7886118530406695
0.1118401250121678,0.36827272807057815,0.0,4.5671138986765395e-8,0.0,0.36727742670326224,0.8478287341342706,0.1118401250121678,0.36827272807057815,0.0,4.5671138986765395e-8,0.0,0.36727742670326224,0.8478287341342706
0.016679625509801146,0.4191967457032731,0.016462868944759252,0.014855643025618984,0.04395733140281539,0.39032215475298326,0.8186961756477729,0.016679625509801146,0.4191967457032731,0.016462868944759252,0.014855643025618984,0.04395733140281539,0.39032215475298326,0.8186961756477729
0.017217953354668032,0.45361766315240154,0.017101508369538002,0.04507457720513999,0.017602466439150755,0.39609360719246733,0.8047356989614574,0.017217953354668032,0.45361766315240154,0.017101508369538002,0.04507457720513999,0.017602466439150755,0.39609360719246733,0.8047356989614574
0.01800561701447653,0.39768561434661215,0.016724146368784037,0.07450812266754889,0.016393797440811732,0.4282423066037638,0.8085072004806021,0.01800561701447653,0.39768561434661215,0.016724146368784037,0.07450812266754889,0.016393797440811732,0.4282423066037638,0.8085072004806021
0.06372904714801012,0.4055011026573001,0.060626805898499454,0.12163946252502882,0.0003522427536308363,0.40538434517880867,0.8108741214327893,0.06372904714801012,0.4055011026573001,0.060626805898499454,0.12163946252502882,0.0003522427536308363,0.40538434517880867,0.8108741214327893
0.058335079068316975,0.44718653408918557,0.0,0.054105422284716355,0.0,0.4450368810030501,0.7725974907432334,0.058335079068316975,0.44718653408918557,0.0,0.054105422284716355,0.0,0.4450368810030501,0.7725974907432334
0.048643947306061586,0.4351831942549396,0.016072934727381555,0.047540655994092455,0.017579651617758867,0.4341120012291165,0.7876795444083089,0.048643947306061586,0.4351831942549396,0.016072934727381555,0.047540655994092455,0.017579651617758867,0.4341120012291165,0.7876795444083089
0.04685460928005113,0.4114067465382626,0.07487705154806354,0.04683804267932887,0.01732646968400251,0.41040258729191953,0.8081357125148155,0.04685460928005113,0.4114067465382626,0.07487705154806354,0.04683804267932887,0.01732646968400251,0.41040258729191953,0.8081357125148155
2.43378482196083e-17,0.3974672246161629,0.04161146068259973,0.044665322499825535,0.0,0.5026953100773038,0.7691246979563137,2.43378482196083e-17,0.3974672246161629,0.04161146068259973,0.044665322499825535,0.0,0.5026953100773038,0.7691246979563137
0.043891935401344395,0.3990747490972552,0.04633758527298433,0.016353514368868557,0.016529236048725686,0.4287067884531785,0.8086991735180221,0.043891935401344395,0.3990747490972552,0.04633758527298433,0.016353514368868557,0.016529236048725686,0.4287067884531785,0.8086991735180221
0.014946598175169998,0.4280621427491647,0.04578379563415331,0.04558010737286069,0.016148492018755282,0.3983444201913041,0.8090307934143252,0.014946598175169998,0.4280621427491647,0.04578379563415331,0.04558010737286069,0.016148492018755282,0.3983444201913041,0.8090307934143252
0.014836609350941707,0.4180400281423704,0.015257891119551139,0.01478163305682517,0.014906714139620006,0.44544693896029636,0.791722843726702,0.014836609350941707,0.4180400281423704,0.015257891119551139,0.01478163305682517,0.014906714139620006,0.44544693896029636,0.791722843726702
0.08087177840998025,0.4607254457815537,0.018305920815969087,0.017031187129271503,0.016335553854767048,0.4011630501137338,0.787865169447055,0.08087177840998025,0.4607254457815537,0.018305920815969087,0.017031187129271503,0.016335553854767048,0.4011630501137338,0.787865169447055
0.04752099156725412,0.40172360395483625,0.01650811905582143,0.016435687318891827,0.04554880780101733,0.461760195843516,0.7881319093068443,0.04752099156725412,0.40172360395483625,0.01650811905582143,0.016435687318891827,0.04554880780101733,0.461760195843516,0.7881319093068443
0.05968790005204595,0.38581529563836137,0.0,2.166988301366132e-6,0.11772037985469912,0.38644402893971114,0.8298054376127708,0.05968790005204595,0.38581529563836137,0.0,2.166988301366132e-6,0.11772037985469912,0.38644402893971114,0.8298054376127708
0.016836688150979814,0.4593650148085714,0.08141559008978332,0.01825395278494237,0.017523589863498043,0.40325684878651763,0.7878623435387149,0.016836688150979814,0.4593650148085714,0.08141559008978332,0.01825395278494237,0.017523589863498043,0.40325684878651763,0.7878623435387149
2.3345454640800675e-6,0.4481651441362449,0.05892548212103787,0.0,0.06168167828572601,0.4485531765190506,0.77889132276107,2.3345454640800675e-6,0.4481651441362449,0.05892548212103787,0.0,0.06168167828572601,0.4485531765190506,0.77889132276107
2.4198693766861e-17,0.3951946599412839,0.0,0.24157440732230967,0.0,0.3965454828817628,0.7940099559044093,2.4198693766861e-17,0.3951946599412839,0.0,0.24157440732230967,0.0,0.3965454828817628,0.7940099559044093
0.046364805530868955,0.43487467347491887,0.01643596854026164,0.07423734418522702,0.016982527657058013,0.40820603020205454,0.7987067423562176,0.046364805530868955,0.43487467347491887,0.01643596854026164,0.07423734418522702,0.016982527657058013,0.40820603020205454,0.7987067423562176
0.04797120211641306,0.41812765080790193,0.01555441671627824,0.01518685645716673,0.017870601998472468,0.3903409311204392,0.8191111575005998,0.04797120211641306,0.41812765080790193,0.01555441671627824,0.01518685645716673,0.017870601998472468,0.3903409311204392,0.8191111575005998
0.00002330316833052033,0.3917978364525707,0.00041972265792501447,0.053793051329407725,0.11952743360362575,0.4593571311191361,0.7903909528666417,0.00002330316833052033,0.3917978364525707,0.00041972265792501447,0.053793051329407725,0.11952743360362575,0.4593571311191361,0.7903909528666417
0.0004193226340906653,0.4066202740210281,0.1224722444387825,0.06134298095030397,0.0659975959025897,0.40459542109116875,0.8077116205305519,0.0004193226340906653,0.4066202740210281,0.1224722444387825,0.06134298095030397,0.0659975959025897,0.40459542109116875,0.8077116205305519
2.341417770438366e-17,0.38238254034854,0.0,0.0,0.11682859758566073,0.5012011759215499,0.7734220869853163,2.341417770438366e-17,0.38238254034854,0.0,0.0,0.11682859758566073,0.5012011759215499,0.7734220869853163
0.06243134163003269,0.4479086645007888,0.060472911887220794,0.0,0.0,0.4519671502272645,0.7687577675193841,0.06243134163003269,0.4479086645007888,0.060472911887220794,0.0,0.0,0.4519671502272645,0.7687577675193841
0.01505687548181731,0.40954743679711203,0.015247343864309341,0.03865184714550923,0.041673626555777846,0.43088614077823406,0.8022498052351941,0.01505687548181731,0.40954743679711203,0.015247343864309341,0.03865184714550923,0.041673626555777846,0.43088614077823406,0.8022498052351941
2.4668297397252988e-17,0.4028638692303449,0.0,0.18282854329778528,0.06437474493546809,0.40200474100366385,0.8046649008116826,2.4668297397252988e-17,0.4028638692303449,0.0,0.18282854329778528,0.06437474493546809,0.40200474100366385,0.8046649008116826
0.04980276312197906,0.45883083834874394,0.017009075489310882,0.05203226515757356,0.01973312219476421,0.4005697262298324,0.7924286415746722,0.04980276312197906,0.45883083834874394,0.017009075489310882,0.05203226515757356,0.01973312219476421,0.4005697262298324,0.7924286415746722
0.056329284044224735,0.37776436480878606,0.00021107678624819539,0.0,0.05591585372955805,0.4372756444480807,0.816069295612069,0.056329284044224735,0.37776436480878606,0.00021107678624819539,0.0,0.05591585372955805,0.4372756444480807,0.816069295612069
3.193148392308915e-17,0.5214807068506788,0.0,0.0,0.060123955692952785,0.360294223513582,0.7725141814569565,3.193148392308915e-17,0.5214807068506788,0.0,0.0,0.060123955692952785,0.360294223513582,0.7725141814569565
0.0612223175601459,0.4544073172875269,0.06504921521579027,0.06793478076601225,1.6677201613167352e-6,0.3967361328304141,0.7907785075754897,0.0612223175601459,0.4544073172875269,0.06504921521579027,0.06793478076601225,1.6677201613167352e-6,0.3967361328304141,0.7907785075754897
0.015651067151225,0.4049286654210244,0.017022336018870984,0.07591760715241841,0.04681468844869185,0.4034872935435522,0.8160528280891772,0.015651067151225,0.4049286654210244,0.017022336018870984,0.07591760715241841,0.04681468844869185,0.4034872935435522,0.8160528280891772
0.07588310076112864,0.4039705559401866,0.01608822483029022,0.01636732200897381,0.046432050008902825,0.4031452257283627,0.8211087440771326,0.07588310076112864,0.4039705559401866,0.01608822483029022,0.01636732200897381,0.046432050008902825,0.4031452257283627,0.8211087440771326
2.301855875524322e-17,0.3759215925974679,0.11512157714787598,0.0,0.0,0.4345593275701492,0.8114914360397085,2.301855875524322e-17,0.3759215925974679,0.11512157714787598,0.0,0.0,0.4345593275701492,0.8114914360397085
0.0481507158677882,0.4094250784293651,0.015792662555819518,0.07712348751726125,0.018331973209550004,0.40774710348520815,0.8151537233471476,0.0481507158677882,0.4094250784293651,0.015792662555819518,0.07712348751726125,0.018331973209550004,0.40774710348520815,0.8151537233471476
0.12434833387149656,0.4053106480879694,0.0,1.1178973853441652e-6,0.125003606326683,0.39898200657211447,0.8046936982523502,0.12434833387149656,0.4053106480879694,0.0,1.1178973853441652e-6,0.125003606326683,0.39898200657211447,0.8046936982523502
0.016351841069939543,0.4120454620899127,0.10840986157181426,0.04867728158994076,0.016525795607377297,0.4126571848007248,0.80444088381646,0.016351841069939543,0.4120454620899127,0.10840986157181426,0.04867728158994076,0.016525795607377297,0.4126571848007248,0.80444088381646
0.0002605214757101777,0.38542552835285315,0.05404695801602535,1.6424678540647104e-7,0.052842542942345534,0.5027449406686936,0.7704808263224635,0.0002605214757101777,0.38542552835285315,0.05404695801602535,1.6424678540647104e-7,0.052842542942345534,0.5027449406686936,0.7704808263224635
2.9699409752918955e-17,0.4850281693235444,0.034607392575617874,0.0,0.0,0.37081870370367537,0.7930364558934689,2.9699409752918955e-17,0.4850281693235444,0.034607392575617874,0.0,0.0,0.37081870370367537,0.7930364558934689
0.05583850421192727,0.36163377504621996,2.172011529378977e-6,0.0,0.0,0.4162781141688392,0.8335027215206647,0.05583850421192727,0.36163377504621996,2.172011529378977e-6,0.0,0.0,0.4162781141688392,0.8335027215206647
2.406147113608132e-17,0.3929536443133458,0.0,0.1796572867408551,0.0,0.45159441305304987,0.7840814995276868,2.406147113608132e-17,0.3929536443133458,0.0,0.1796572867408551,0.0,0.45159441305304987,0.7840814995276868
0.04575165675459043,0.42862099541540133,0.016971336972071826,0.016812522731921443,0.04723984893212117,0.39816187102906037,0.8093083982081575,0.04575165675459043,0.42862099541540133,0.016971336972071826,0.016812522731921443,0.04723984893212117,0.39816187102906037,0.8093083982081575
2.4568093475174085e-17,0.4012274149947454,0.061484816185912686,0.18475742164460374,0.0,0.40123853235693824,0.8031238140897919,2.4568093475174085e-17,0.4012274149947454,0.061484816185912686,0.18475742164460374,0.0,0.40123853235693824,0.8031238140897919
2.358259973476876e-17,0.3851330808391103,0.0,0.11658107753692715,0.0,0.5023776326988506,0.7690250725232983,2.358259973476876e-17,0.3851330808391103,0.0,0.11658107753692715,0.0,0.5023776326988506,0.7690250725232983
0.0637107814564755,0.4112090800249623,0.06283680361763663,0.06311487985992245,0.061907524348347585,0.4056264840798695,0.8074610261272064,0.0637107814564755,0.4112090800249623,0.06283680361763663,0.06311487985992245,0.061907524348347585,0.4056264840798695,0.8074610261272064
3.020938318816734e-17,0.4933566675583571,0.11043496877585006,0.0014318110368306905,0.00011483644987081845,0.383419205919592,0.7737425931210898,3.020938318816734e-17,0.4933566675583571,0.11043496877585006,0.0014318110368306905,0.00011483644987081845,0.383419205919592,0.7737425931210898
0.02265160012761585,0.5023979327110294,0.048178321112063015,0.016628550435752,0.015538155120849908,0.39104976548887427,0.7705194087082952,0.02265160012761585,0.5023979327110294,0.048178321112063015,0.016628550435752,0.015538155120849908,0.39104976548887427,0.7705194087082952
2.5556274584748998e-17,0.41736563721951947,4.264558568336738e-6,0.0,0.0,0.4715044118077346,0.7770040594556029,2.5556274584748998e-17,0.41736563721951947,4.264558568336738e-6,0.0,0.0,0.4715044118077346,0.7770040594556029
0.01603427240271553,0.40751195470779533,0.01682044402649501,0.047135206475696974,0.07713827602123417,0.4367476007364378,0.797566001664578,0.01603427240271553,0.40751195470779533,0.01682044402649501,0.047135206475696974,0.07713827602123417,0.4367476007364378,0.797566001664578
0.017127884220503195,0.4508138325381122,0.015824469704720963,0.016448411317355888,0.04833709685454669,0.39394549490863023,0.800955591029813,0.017127884220503195,0.4508138325381122,0.015824469704720963,0.016448411317355888,0.04833709685454669,0.39394549490863023,0.800955591029813
0.05782522256401382,0.378632089076583,0.00014948850653771835,0.057268069830183115,0.0,0.4375362020361753,0.8172703635443266,0.05782522256401382,0.378632089076583,0.00014948850653771835,0.057268069830183115,0.0,0.4375362020361753,0.8172703635443266
0.05783186928633126,0.4260964561034813,0.0,0.0,0.0000392568874986128,0.4291697546343726,0.7950840038579782,0.05783186928633126,0.4260964561034813,0.0,0.0,0.0000392568874986128,0.4291697546343726,0.7950840038579782
6.503901435751985e-18,5.984583131412553e-17,2.525998374910002e-18,1.0948215145327993e-17,1.0000891950493618,0.0,0.0,6.503901435751985e-18,5.984583131412553e-17,2.525998374910002e-18,1.0948215145327993e-17,1.0000891950493618,0.0,0.0
0.016996813438363016,0.39260792017172685,0.016722529700433836,0.015066266793597417,0.014904593866844411,0.5080340562268354,0.767635305099409,0.016996813438363016,0.39260792017172685,0.016722529700433836,0.015066266793597417,0.014904593866844411,0.5080340562268354,0.767635305099409
0.04396357649444184,0.41203764497953765,0.047559595253257585,0.04633414463873299,0.04722155510359816,0.4112152071470819,0.8084795301643761,0.04396357649444184,0.41203764497953765,0.047559595253257585,0.04633414463873299,0.04722155510359816,0.4112152071470819,0.8084795301643761
0.0161603678441173,0.40600040154562156,0.07378621949201376,0.044464425653660815,0.015917597876773545,0.43451207085651794,0.7997143896633264,0.0161603678441173,0.40600040154562156,0.07378621949201376,0.044464425653660815,0.015917597876773545,0.43451207085651794,0.7997143896633264
0.04810804833676036,0.4603830981457347,0.04843896250350687,0.016989484871999007,0.017453424489749486,0.4029515847265253,0.7884855971163938,0.04810804833676036,0.4603830981457347,0.04843896250350687,0.016989484871999007,0.017453424489749486,0.4029515847265253,0.7884855971163938
2.316198092244504e-17,0.3782638543385948,0.0,0.057533631873450695,0.0,0.548096814316272,0.754096008446246,2.316198092244504e-17,0.3782638543385948,0.0,0.057533631873450695,0.0,0.548096814316272,0.754096008446246
0.058431229961025684,0.3895869321600499,0.057445618811222295,0.06143867024469914,0.00001948226039074571,0.3870513663867146,0.8306397072896631,0.058431229961025684,0.3895869321600499,0.057445618811222295,0.06143867024469914,0.00001948226039074571,0.3870513663867146,0.8306397072896631
2.064211228151643e-17,0.33711127642497857,0.0,0.0,0.0,0.33731053771787023,0.8809321390613974,2.064211228151643e-17,0.33711127642497857,0.0,0.0,0.0,0.33731053771787023,0.8809321390613974
0.06046627936422399,0.39607566565523755,0.05918133279271508,0.0,0.06066385891625864,0.4557438703766608,0.7935602432487457,0.06046627936422399,0.39607566565523755,0.05918133279271508,0.0,0.06066385891625864,0.4557438703766608,0.7935602432487457
0.04584500201479537,0.4264958863636276,0.016773004055268895,0.04725638545291184,0.015313139335487072,0.3979518466088388,0.8098683262903162,0.04584500201479537,0.4264958863636276,0.016773004055268895,0.04725638545291184,0.015313139335487072,0.3979518466088388,0.8098683262903162
0.01727049048511781,0.40731982983646253,0.045125700554328,0.016773769828933444,0.07519056534532445,0.40403284309221826,0.8239355002502221,0.01727049048511781,0.40731982983646253,0.045125700554328,0.016773769828933444,0.07519056534532445,0.40403284309221826,0.8239355002502221
0.12470100650121362,0.4062091926772315,0.06330049865953558,0.0,0.06238240703101808,0.40538480992751685,0.8067592267141616,0.12470100650121362,0.4062091926772315,0.06330049865953558,0.0,0.06238240703101808,0.40538480992751685,0.8067592267141616
2.2093825163161673e-17,0.360819546967244,2.92970592049818e-8,0.054426318575549894,0.000017906934851105267,0.41386125187153544,0.8356771535624543,2.2093825163161673e-17,0.360819546967244,2.92970592049818e-8,0.054426318575549894,0.000017906934851105267,0.41386125187153544,0.8356771535624543
0.00016340057109022894,0.4229293168836057,0.059666568926777214,0.0,0.0,0.42934286779402947,0.7961732660951198,0.00016340057109022894,0.4229293168836057,0.059666568926777214,0.0,0.0,0.42934286779402947,0.7961732660951198
0.060643212715652726,0.4058876033824908,0.1250008925469313,0.0003908534667976252,0.06273140472255935,0.40352237045603023,0.8068892358284668,0.060643212715652726,0.4058876033824908,0.1250008925469313,0.0003908534667976252,0.06273140472255935,0.40352237045603023,0.8068892358284668
2.772356568903986e-17,0.45276018699174464,0.11879096466461818,0.0,0.06296423219849707,0.39618814983093836,0.788656938575504,2.772356568903986e-17,0.45276018699174464,0.11879096466461818,0.0,0.06296423219849707,0.39618814983093836,0.788656938575504
0.015234210853513522,0.4323554331468237,0.016775453267126473,0.01694295434617805,0.07583213330864369,0.4319933449486196,0.7887598417067415,0.015234210853513522,0.4323554331468237,0.016775453267126473,0.01694295434617805,0.07583213330864369,0.4319933449486196,0.7887598417067415
2.4312984261896272e-17,0.39706116537150005,0.24205017678913832,0.0,0.00003348644127341507,0.39610197530694785,0.7929113861477499,2.4312984261896272e-17,0.39706116537150005,0.24205017678913832,0.0,0.00003348644127341507,0.39610197530694785,0.7929113861477499
0.014226966685638418,0.43884114584137457,0.017416446886004598,0.047678155782632056,0.07735902064355274,0.407364980519143,0.7993311668261288,0.014226966685638418,0.43884114584137457,0.017416446886004598,0.047678155782632056,0.07735902064355274,0.407364980519143,0.7993311668261288
0.01683448351857368,0.4299580927999349,0.01593575023689328,0.04328794493193993,0.017758948189040613,0.4576432688345754,0.7828436184362979,0.01683448351857368,0.4299580927999349,0.01593575023689328,0.04328794493193993,0.017758948189040613,0.4576432688345754,0.7828436184362979
2.551776262133865e-17,0.4167366891271036,0.05551127310179278,0.00013273968117649769,0.0,0.3605771437732615,0.8345203379802357,2.551776262133865e-17,0.4167366891271036,0.05551127310179278,0.00013273968117649769,0.0,0.3605771437732615,0.8345203379802357
0.24406821887586364,0.39902016178569716,0.0,0.0,0.0014063804197614843,0.399342650472773,0.7903355511246494,0.24406821887586364,0.39902016178569716,0.0,0.0,0.0014063804197614843,0.399342650472773,0.7903355511246494
0.07569898766002772,0.4029904131803153,0.01667530801039935,0.01760352620203199,0.015218751951198536,0.4613385885501458,0.7881592869299506,0.07569898766002772,0.4029904131803153,0.01667530801039935,0.01760352620203199,0.015218751951198536,0.4613385885501458,0.7881592869299506
2.7208795366977742e-17,0.4443533496502267,0.0,0.11790590732576868,5.323369619119706e-7,0.44391446529893963,0.7717378047826543,2.7208795366977742e-17,0.4443533496502267,0.0,0.11790590732576868,5.323369619119706e-7,0.44391446529893963,0.7717378047826543
0.10693509365282397,0.4101836489917115,0.01707597996161405,0.01544840065587572,0.0467481631373128,0.40953987751423976,0.8075892131212191,0.10693509365282397,0.4101836489917115,0.01707597996161405,0.01544840065587572,0.0467481631373128,0.40953987751423976,0.8075892131212191
2.4881086535468832e-17,0.40633897957830806,0.06200661319641479,9.877469305093151e-6,0.18547062971593833,0.40780055182192204,0.8129978981142552,2.4881086535468832e-17,0.40633897957830806,0.06200661319641479,9.877469305093151e-6,0.18547062971593833,0.40780055182192204,0.8129978981142552
0.01599819898452259,0.41302942082922883,0.015898384470327702,0.014697807146587465,0.016071996680872926,0.41361920224213916,0.8118544361750231,0.01599819898452259,0.41302942082922883,0.015898384470327702,0.014697807146587465,0.016071996680872926,0.41361920224213916,0.8118544361750231
0.01674714882934748,0.42280048326169134,0.016963163391446642,0.016332211748802332,0.01629506542169372,0.4799924404622153,0.7693318496650018,0.01674714882934748,0.42280048326169134,0.016963163391446642,0.016332211748802332,0.01629506542169372,0.4799924404622153,0.7693318496650018
0.000010156169821430653,0.3999707971956393,0.18239460234026056,0.0,0.06010956029775149,0.4022659403675686,0.8037979165216956,0.000010156169821430653,0.3999707971956393,0.18239460234026056,0.0,0.06010956029775149,0.4022659403675686,0.8037979165216956
0.015864833187232117,0.40396559197442,0.016659154721080337,0.016438844731893984,0.10539145720427501,0.4369525153566746,0.7978030150396241,0.015864833187232117,0.40396559197442,0.016659154721080337,0.016438844731893984,0.10539145720427501,0.4369525153566746,0.7978030150396241
0.017276630462305306,0.4370540892271178,0.017120163684799315,0.0179091698171999,0.10611616125641873,0.4029966309976043,0.7969899605990332,0.017276630462305306,0.4370540892271178,0.017120163684799315,0.0179091698171999,0.10611616125641873,0.4029966309976043,0.7969899605990332
0.00019753050552087577,0.3950364976487987,0.061308644039309135,0.0,0.12072015229367437,0.45514182924460483,0.7886988477469586,0.00019753050552087577,0.3950364976487987,0.061308644039309135,0.0,0.12072015229367437,0.45514182924460483,0.7886988477469586
2.2148360427682683e-17,0.36171017542532646,0.0513456008869981,0.0,0.0,0.41757559914771847,0.8332839499829054,2.2148360427682683e-17,0.36171017542532646,0.0513456008869981,0.0,0.0,0.41757559914771847,0.8332839499829054
0.018128741361244146,0.4364580185925349,0.017107447572041037,0.07450813888008762,0.046663756950871514,0.4101931625911631,0.7966522644373306,0.018128741361244146,0.4364580185925349,0.017107447572041037,0.07450813888008762,0.046663756950871514,0.4101931625911631,0.7966522644373306
0.015732823695365848,0.3925027685946881,0.016514581380259602,0.04497724698622436,0.049463915380026556,0.3919237207857063,0.8301289036575109,0.015732823695365848,0.3925027685946881,0.016514581380259602,0.04497724698622436,0.049463915380026556,0.3919237207857063,0.8301289036575109
2.6612332744336395e-17,0.43461237579463624,0.0,0.0,0.05714551837202469,0.4924021928619335,0.7531016384956633,2.6612332744336395e-17,0.43461237579463624,0.0,0.0,0.05714551837202469,0.4924021928619335,0.7531016384956633
0.016131164851423966,0.41608370971924374,0.10341468872573523,0.013630063133973275,0.045934382223533694,0.41935326360497704,0.8016822851989983,0.016131164851423966,0.41608370971924374,0.10341468872573523,0.013630063133973275,0.045934382223533694,0.41935326360497704,0.8016822851989983
0.05746093459586498,0.43734695194456746,1.218926146329966e-8,0.0008553536733927591,0.05774197390978185,0.37915042073030475,0.8155825699469087,0.05746093459586498,0.43734695194456746,1.218926146329966e-8,0.0008553536733927591,0.05774197390978185,0.37915042073030475,0.8155825699469087
2.0087539066607603e-6,0.4561959625884444,0.06169324920455388,0.06067200980734171,0.061797359377706175,0.3964269691637734,0.7954020852429433,2.0087539066607603e-6,0.4561959625884444,0.06169324920455388,0.06067200980734171,0.061797359377706175,0.3964269691637734,0.7954020852429433
0.01779442285390274,0.4029266256803194,0.07570735636327908,0.015829168084232237,0.04729084515990641,0.402621618237563,0.8178474926575872,0.01779442285390274,0.4029266256803194,0.07570735636327908,0.015829168084232237,0.04729084515990641,0.402621618237563,0.8178474926575872
0.04578252688204554,0.4510955011536489,0.018150713705114806,0.0162575899630808,0.015817905482521218,0.39349605836693236,0.7998958737753895,0.04578252688204554,0.4510955011536489,0.018150713705114806,0.0162575899630808,0.015817905482521218,0.39349605836693236,0.7998958737753895
3.0643610611428394e-17,0.5004481395413546,0.0,0.000013151479797544404,0.1171053430858264,0.385889367684941,0.7678647204981585,3.0643610611428394e-17,0.5004481395413546,0.0,0.000013151479797544404,0.1171053430858264,0.385889367684941,0.7678647204981585
0.07664779274604276,0.43613561921901406,0.049069682877923584,0.017780070204844397,0.01598605845065011,0.4077170989493728,0.79743731086211,0.07664779274604276,0.43613561921901406,0.049069682877923584,0.017780070204844397,0.01598605845065011,0.4077170989493728,0.79743731086211
0.017443985001021154,0.41160667749493507,0.13732041671682807,0.017512858321022267,0.017528834332314232,0.4105851254166501,0.8030013208989267,0.017443985001021154,0.41160667749493507,0.13732041671682807,0.017512858321022267,0.017528834332314232,0.4105851254166501,0.8030013208989267
0.0569561326081639,0.4842889116009089,0.0,0.0,0.0,0.3698713265112047,0.7928770066160303,0.0569561326081639,0.4842889116009089,0.0,0.0,0.0,0.3698713265112047,0.7928770066160303
0.043874577099962064,0.404583039546262,0.07624719444052583,0.016606780747798984,0.018060593395403907,0.40494570122565354,0.8158035896641376,0.043874577099962064,0.404583039546262,0.07624719444052583,0.016606780747798984,0.018060593395403907,0.40494570122565354,0.8158035896641376
0.00014450473681121547,0.37525964453514454,0.05735961717662519,0.00008733658772313118,0.0,0.5470957516460275,0.7499704066712607,0.00014450473681121547,0.37525964453514454,0.05735961717662519,0.00008733658772313118,0.0,0.5470957516460275,0.7499704066712607
0.014976577170384878,0.40190647825311204,0.015355238656035797,0.043525189672333965,0.04265857983128199,0.46298273727478617,0.7880950805999228,0.014976577170384878,0.40190647825311204,0.015355238656035797,0.043525189672333965,0.04265857983128199,0.46298273727478617,0.7880950805999228
0.043115728470616566,0.4121316371068608,0.01476797094107024,0.10373653558232378,0.014915409097571787,0.4125674079819835,0.8050245553078696,0.043115728470616566,0.4121316371068608,0.01476797094107024,0.10373653558232378,0.014915409097571787,0.4125674079819835,0.8050245553078696
0.014847246244451093,0.4064439629265511,0.046881142762073266,0.016390685369371175,0.07489495489782375,0.438374538818363,0.7989209615763244,0.014847246244451093,0.4064439629265511,0.046881142762073266,0.016390685369371175,0.07489495489782375,0.438374538818363,0.7989209615763244
0.053790296794895144,0.36982832445919944,0.0005120725535717293,0.05659418248069301,0.0,0.36945788234035815,0.8526007844836306,0.053790296794895144,0.36982832445919944,0.0005120725535717293,0.05659418248069301,0.0,0.36945788234035815,0.8526007844836306
0.04733719080976626,0.46273107148205805,0.01860121891982313,0.016896103660901864,0.048403548752038394,0.4056982810379959,0.7856962249974418,0.04733719080976626,0.46273107148205805,0.01860121891982313,0.016896103660901864,0.048403548752038394,0.4056982810379959,0.7856962249974418
0.05908376788219069,0.4455046787407709,0.00005782134172518568,0.0,0.05901773515229928,0.444404780496354,0.7731316108226608,0.05908376788219069,0.4455046787407709,0.00005782134172518568,0.0,0.05901773515229928,0.444404780496354,0.7731316108226608
0.05993745744797606,0.3952637565516974,0.0,0.1201570062825883,9.636611612017508e-7,0.45453336098934716,0.7875417765987566,0.05993745744797606,0.3952637565516974,0.0,0.1201570062825883,9.636611612017508e-7,0.45453336098934716,0.7875417765987566
0.01692180552408643,0.40101977792120064,0.10420925579856669,0.01604217070832663,0.016500149342320077,0.40338482304418616,0.8164141652538683,0.01692180552408643,0.40101977792120064,0.10420925579856669,0.01604217070832663,0.016500149342320077,0.40338482304418616,0.8164141652538683
0.016871585170544663,0.45807890489546355,0.017039556823488504,0.0159971089755486,0.046456752441900964,0.42824892743930426,0.777818178139936,0.016871585170544663,0.45807890489546355,0.017039556823488504,0.0159971089755486,0.046456752441900964,0.42824892743930426,0.777818178139936
0.10754656037093241,0.41160544961643397,0.047641681965890637,0.015012602135890995,0.018425002185731936,0.41162898400738707,0.8071909893491186,0.10754656037093241,0.41160544961643397,0.047641681965890637,0.015012602135890995,0.018425002185731936,0.41162898400738707,0.8071909893491186
0.04391687874112109,0.3857707561888266,0.01442716187228528,0.01654620270978809,0.016013448599596615,0.3832959889438831,0.8400630640773432,0.04391687874112109,0.3857707561888266,0.01442716187228528,0.01654620270978809,0.016013448599596615,0.3832959889438831,0.8400630640773432
3.343600327836568e-17,0.5460513725532149,0.0,0.05076822410775557,0.000012154093535568345,0.37421454610060234,0.7484926258190272,3.343600327836568e-17,0.5460513725532149,0.0,0.05076822410775557,0.000012154093535568345,0.37421454610060234,0.7484926258190272
0.13390322457925308,0.4136115630181677,0.016228561028332686,0.015866004965663275,0.016501874224512963,0.4085325965479498,0.8033735234000197,0.13390322457925308,0.4136115630181677,0.016228561028332686,0.015866004965663275,0.016501874224512963,0.4085325965479498,0.8033735234000197
0.00021913990203032265,0.5067673238584035,0.052862693840355225,0.06328164186178527,0.0,0.38371885235710146,0.7713670765293059,0.00021913990203032265,0.5067673238584035,0.052862693840355225,0.06328164186178527,0.0,0.38371885235710146,0.7713670765293059
0.00014350344784545905,0.367130060717343,0.11250189150805134,0.00016486118157978501,0.000019926234679281408,0.36918596659646896,0.848457075987451,0.00014350344784545905,0.367130060717343,0.11250189150805134,0.00016486118157978501,0.000019926234679281408,0.36918596659646896,0.848457075987451
0.06039555820522246,0.3968865832402675,0.0,0.0,0.12004482043607707,0.45590620944556676,0.7895998393311108,0.06039555820522246,0.3968865832402675,0.0,0.0,0.12004482043607707,0.45590620944556676,0.7895998393311108
0.05953280607003641,0.38526147196751703,0.0,0.11735704363334136,0.0,0.3838627556082657,0.8297132111075847,0.05953280607003641,0.38526147196751703,0.0,0.11735704363334136,0.0,0.3838627556082657,0.8297132111075847
2.208455729514663e-17,0.36066819119639654,0.0,0.00015255938884137696,0.05460857508120567,0.417828105920322,0.8329902057916083,2.208455729514663e-17,0.36066819119639654,0.0,0.00015255938884137696,0.05460857508120567,0.417828105920322,0.8329902057916083
0.04872430503392722,0.4333711447773792,0.046876021025716905,0.017614734734096544,0.016508565136779108,0.4320604010831713,0.7885524944780974,0.04872430503392722,0.4333711447773792,0.046876021025716905,0.017614734734096544,0.016508565136779108,0.4320604010831713,0.7885524944780974
0.04445908302684721,0.39467796492669605,0.016375466724434292,0.01668193168083374,0.04534598590834217,0.39282157272967755,0.8287574967073442,0.04445908302684721,0.39467796492669605,0.016375466724434292,0.01668193168083374,0.04534598590834217,0.39282157272967755,0.8287574967073442
7.272225417348881e-19,6.122963169506876e-17,2.0777017015868318e-19,1.000032052876552,0.0,0.0,0.0,7.272225417348881e-19,6.122963169506876e-17,2.0777017015868318e-19,1.000032052876552,0.0,0.0,0.0
0.12356473786539537,0.4049128998453306,0.060879755488671194,0.06185721004579398,0.00015737914812827316,0.4012111552195199,0.8086020675455455,0.12356473786539537,0.4049128998453306,0.060879755488671194,0.06185721004579398,0.00015737914812827316,0.4012111552195199,0.8086020675455455
0.017485824588152944,0.404811659381646,0.047130385870554826,0.01748998676832097,0.046218201350001584,0.46118887039278006,0.7879991398632037,0.017485824588152944,0.404811659381646,0.047130385870554826,0.01748998676832097,0.046218201350001584,0.46118887039278006,0.7879991398632037
0.08189650029312634,0.43485184701540436,0.018075060021973156,0.05062026220429043,0.01643848117249899,0.4083294267983403,0.7990829893661119,0.08189650029312634,0.43485184701540436,0.018075060021973156,0.05062026220429043,0.01643848117249899,0.4083294267983403,0.7990829893661119
0.05754542553783564,0.5034018324659858,0.058519397130358905,0.0,0.00006816963180948512,0.3844538246268993,0.7714763924380766,0.05754542553783564,0.5034018324659858,0.058519397130358905,0.0,0.00006816963180948512,0.3844538246268993,0.7714763924380766
0.043962480496944636,0.406844149366668,0.04663833543541059,0.0169432457999589,0.04427101969784146,0.43927090890149606,0.8001560182794848,0.043962480496944636,0.406844149366668,0.04663833543541059,0.0169432457999589,0.04427101969784146,0.43927090890149606,0.8001560182794848
0.07543004243008154,0.4073711018618598,0.01600836019864228,0.04814085079998634,0.01635881696550351,0.4366948013123207,0.797449390625989,0.07543004243008154,0.4073711018618598,0.01600836019864228,0.04814085079998634,0.01635881696550351,0.4366948013123207,0.797449390625989
0.017274461874072257,0.4790226402020033,0.016260264242481816,0.014232614465458173,0.016579061018724823,0.4203574236589548,0.770856433685395,0.017274461874072257,0.4790226402020033,0.016260264242481816,0.014232614465458173,0.016579061018724823,0.4203574236589548,0.770856433685395
0.04722902403917373,0.40427260001121507,0.04684619023515507,0.01639728307422739,0.013966068195677844,0.4609767302830229,0.7913722319687198,0.04722902403917373,0.40427260001121507,0.04684619023515507,0.01639728307422739,0.013966068195677844,0.4609767302830229,0.7913722319687198
2.3776183497790453e-6,0.44571742722156654,0.060267771439629095,0.05535688346786938,0.00003259129411849415,0.4453780613422945,0.7726750648081814,2.3776183497790453e-6,0.44571742722156654,0.060267771439629095,0.05535688346786938,0.00003259129411849415,0.4453780613422945,0.7726750648081814
0.04756172431598113,0.40788628175556807,0.015391958315402235,0.01812559765339479,0.07685503896045154,0.4369655772117585,0.797346577840979,0.04756172431598113,0.40788628175556807,0.015391958315402235,0.01812559765339479,0.07685503896045154,0.4369655772117585,0.797346577840979
0.01562171623625295,0.39682500742143656,0.017503660102043562,0.04461090527176318,0.01632015816560236,0.4821116924411275,0.7797032746718976,0.01562171623625295,0.39682500742143656,0.017503660102043562,0.04461090527176318,0.01632015816560236,0.4821116924411275,0.7797032746718976
0.017416414359413292,0.42584447830916705,0.045823407702245404,0.018157878385012493,0.018841375341708225,0.4557100757193033,0.7818958831184989,0.017416414359413292,0.42584447830916705,0.045823407702245404,0.018157878385012493,0.018841375341708225,0.4557100757193033,0.7818958831184989
0.01607320636836802,0.41621799232584084,0.07905009634036235,0.044367259310390365,0.04901203533150225,0.41394006314508186,0.8065048076469477,0.01607320636836802,0.41621799232584084,0.07905009634036235,0.044367259310390365,0.04901203533150225,0.41394006314508186,0.8065048076469477
0.061124270785752007,0.4029247210310668,0.0,0.0,0.1842165736616284,0.4027461187882612,0.8034747110926987,0.061124270785752007,0.4029247210310668,0.0,0.0,0.1842165736616284,0.4027461187882612,0.8034747110926987
0.11804667380839302,0.3839382752525795,0.0,0.05896615949883282,0.0,0.38534192779375404,0.8290390666242764,0.11804667380839302,0.3839382752525795,0.0,0.05896615949883282,0.0,0.38534192779375404,0.8290390666242764
0.05688858140192518,0.37426067060712903,0.0,0.000013060669068475328,0.0,0.545567969064016,0.7479853335456754,0.05688858140192518,0.37426067060712903,0.0,0.000013060669068475328,0.0,0.545567969064016,0.7479853335456754
5.414691812265073e-8,0.3859718694271307,0.11806563603156751,1.01592234319393e-6,0.05820455300383264,0.38547995004365576,0.8301944235304048,5.414691812265073e-8,0.3859718694271307,0.11806563603156751,1.01592234319393e-6,0.05820455300383264,0.38547995004365576,0.8301944235304048
3.038692243943358e-17,0.4962561035653731,1.7305335685140533e-6,0.11605968458956933,5.837522029137055e-7,0.38153010470045223,0.7718337686814855,3.038692243943358e-17,0.4962561035653731,1.7305335685140533e-6,0.11605968458956933,5.837522029137055e-7,0.38153010470045223,0.7718337686814855
0.04618316193483259,0.4311117322830296,0.017965113019218312,0.017271916335292646,0.04699016168494856,0.43509767190934034,0.7889362764069152,0.04618316193483259,0.4311117322830296,0.017965113019218312,0.017271916335292646,0.04699016168494856,0.43509767190934034,0.7889362764069152
0.016274504153342813,0.5036618114652488,0.016619652531144943,0.016595237684440288,0.015494543721745776,0.3910447106515605,0.7704105075776824,0.016274504153342813,0.5036618114652488,0.016619652531144943,0.016595237684440288,0.015494543721745776,0.3910447106515605,0.7704105075776824
0.013816703869366545,0.43897920975036286,0.04851431101927818,0.046978320701978146,0.04586689862526139,0.40923565009124047,0.7973505517452508,0.013816703869366545,0.43897920975036286,0.04851431101927818,0.046978320701978146,0.04586689862526139,0.40923565009124047,0.7973505517452508
2.798305427441085e-17,0.4569979571888604,4.202253008514498e-6,0.1816080671883107,0.0,0.39248147597747424,0.7911650922480102,2.798305427441085e-17,0.4569979571888604,4.202253008514498e-6,0.1816080671883107,0.0,0.39248147597747424,0.7911650922480102
2.301603303259765e-17,0.37588034441640333,0.17382136819898114,1.1103008000211516e-6,2.619342000900235e-6,0.3776798125589309,0.8293329068407315,2.301603303259765e-17,0.37588034441640333,0.17382136819898114,1.1103008000211516e-6,2.619342000900235e-6,0.3776798125589309,0.8293329068407315
0.015962913406805206,0.3950200428807042,0.04362001454561445,0.016729117163331805,0.01748229322310571,0.4822138214039642,0.7805300772455736,0.015962913406805206,0.3950200428807042,0.04362001454561445,0.016729117163331805,0.01748229322310571,0.4822138214039642,0.7805300772455736
2.80656915081461e-17,0.4583475256324767,0.0,0.06020450299648555,0.11964734995063558,0.3956606394440206,0.7924528588298725,2.80656915081461e-17,0.4583475256324767,0.0,0.06020450299648555,0.11964734995063558,0.3956606394440206,0.7924528588298725
0.016447886412046503,0.4054347377094359,0.10610655812965566,0.016111620550987277,0.017688976405850827,0.43381904758824386,0.797773480660583,0.016447886412046503,0.4054347377094359,0.10610655812965566,0.016111620550987277,0.017688976405850827,0.43381904758824386,0.797773480660583
0.07691697252349397,0.4093555010872668,0.016181743604124183,0.015169090913894805,0.07722648360729202,0.4094418134062839,0.8081114799720814,0.07691697252349397,0.4093555010872668,0.016181743604124183,0.015169090913894805,0.07722648360729202,0.4094418134062839,0.8081114799720814
3.589862785867176e-17,0.5862690840112559,0.0001789477642308563,0.0,0.0,0.36197057890832124,0.7308133406632992,3.589862785867176e-17,0.5862690840112559,0.0001789477642308563,0.0,0.0,0.36197057890832124,0.7308133406632992
2.4571255936553354e-17,0.40127906190847545,0.0,0.06066385204826343,0.18405496051748516,0.4009929992375794,0.8023990282561361,2.4571255936553354e-17,0.40127906190847545,0.0,0.06066385204826343,0.18405496051748516,0.4009929992375794,0.8023990282561361
0.016362425379101757,0.41769057801828874,0.01544873436752894,0.05348996555375684,0.018733112041327337,0.39023844977531635,0.8193343434039542,0.016362425379101757,0.41769057801828874,0.01544873436752894,0.05348996555375684,0.018733112041327337,0.39023844977531635,0.8193343434039542
0.07879241011865237,0.4155274594603027,0.0475222636376301,0.015813834777693273,0.048071205561180046,0.4145337715104778,0.8080327909985606,0.07879241011865237,0.4155274594603027,0.0475222636376301,0.015813834777693273,0.048071205561180046,0.4145337715104778,0.8080327909985606
2.4195352949538774e-17,0.3951401002539593,0.12110661648064266,0.0,0.057001889557533665,0.45428357537962394,0.7898341786708297,2.4195352949538774e-17,0.3951401002539593,0.12110661648064266,0.0,0.057001889557533665,0.45428357537962394,0.7898341786708297
2.422903040185749e-17,0.395690094788582,0.0,0.12107351968006577,0.05732269865353496,0.45487021309352205,0.7909111359938203,2.422903040185749e-17,0.395690094788582,0.0,0.12107351968006577,0.05732269865353496,0.45487021309352205,0.7909111359938203
0.0007089024478854004,0.38411773148937184,0.0,0.0,0.17679382506948854,0.4454558696434431,0.7895634760651585,0.0007089024478854004,0.38411773148937184,0.0,0.0,0.17679382506948854,0.4454558696434431,0.7895634760651585
0.01635686700643692,0.39900633437035915,0.015098039359885714,0.01604734688459879,0.07500768271851765,0.42714040634902306,0.80896607969397,0.01635686700643692,0.39900633437035915,0.015098039359885714,0.01604734688459879,0.07500768271851765,0.42714040634902306,0.80896607969397
2.2599617283931544e-17,0.3690797591544971,0.05642310585104631,2.0631944711406354e-7,0.0,0.4816858566415554,0.7942566972778556,2.2599617283931544e-17,0.3690797591544971,0.05642310585104631,2.0631944711406354e-7,0.0,0.4816858566415554,0.7942566972778556
2.5534424999619295e-17,0.4170088064149983,0.0,0.05441701877548317,0.0,0.36108068651500913,0.8330938613773796,2.5534424999619295e-17,0.4170088064149983,0.0,0.05441701877548317,0.0,0.36108068651500913,0.8330938613773796
0.017181968360943992,0.4626416675004784,0.016439723786938986,0.04439508953218414,0.04697079993101479,0.4024145787321276,0.7887830015537657,0.017181968360943992,0.4626416675004784,0.016439723786938986,0.04439508953218414,0.04697079993101479,0.4024145787321276,0.7887830015537657
0.014950930649338522,0.39435078403594603,0.01432625799415368,0.01438928717911579,0.04009916919430961,0.4515289677241838,0.7997335550955319,0.014950930649338522,0.39435078403594603,0.01432625799415368,0.01438928717911579,0.04009916919430961,0.4515289677241838,0.7997335550955319
0.04571269676639487,0.41182521360888125,0.014502129056170472,0.014174928341296517,0.11569747732232578,0.4086637578447128,0.8054825802739267,0.04571269676639487,0.41182521360888125,0.014502129056170472,0.014174928341296517,0.11569747732232578,0.4086637578447128,0.8054825802739267
0.0498357529249621,0.4583894643875731,0.016148863437289832,0.016510032600120225,0.017787864857087485,0.42715293761900364,0.7791841933409643,0.0498357529249621,0.4583894643875731,0.016148863437289832,0.016510032600120225,0.017787864857087485,0.42715293761900364,0.7791841933409643
0.04236565007458147,0.43954749945498856,0.04720250136341174,0.04670096961645935,0.015238336086507005,0.40931242669587986,0.7999536839874317,0.04236565007458147,0.43954749945498856,0.04720250136341174,0.04670096961645935,0.015238336086507005,0.40931242669587986,0.7999536839874317
1.7629004121786083e-7,0.480476862459176,0.0,0.0,0.0,0.4813053227822407,0.7365960085633788,1.7629004121786083e-7,0.480476862459176,0.0,0.0,0.0,0.4813053227822407,0.7365960085633788
0.10489537201243748,0.40756636642177757,0.01786993692180508,0.016030672595491412,0.016075358059428498,0.4354249626606633,0.7962406060396047,0.10489537201243748,0.40756636642177757,0.01786993692180508,0.016030672595491412,0.016075358059428498,0.4354249626606633,0.7962406060396047
0.04476600964191867,0.4284005467505151,0.0463015883344145,0.016366201607648637,0.015862068056974717,0.3974798167732136,0.809369299072213,0.04476600964191867,0.4284005467505151,0.0463015883344145,0.016366201607648637,0.015862068056974717,0.3974798167732136,0.809369299072213
0.1732986768728075,0.374846823556643,0.00005937738223921059,0.00021334374695899117,0.0,0.45367610522497615,0.7918620214372282,0.1732986768728075,0.374846823556643,0.00005937738223921059,0.00021334374695899117,0.0,0.45367610522497615,0.7918620214372282
0.04637486944594525,0.3947633196831553,0.04590732459579451,0.01655178817226963,0.01722153389693755,0.392648100326666,0.8287345648450061,0.04637486944594525,0.3947633196831553,0.04590732459579451,0.01655178817226963,0.01722153389693755,0.392648100326666,0.8287345648450061
0.016257509368897135,0.40954794678832346,0.016964135777788585,0.07677571608881308,0.07745989609661734,0.41490130231738326,0.8070559989224985,0.016257509368897135,0.40954794678832346,0.016964135777788585,0.07677571608881308,0.07745989609661734,0.41490130231738326,0.8070559989224985
3.016238884229041e-17,0.49258919164759407,0.0566516122256724,0.0,0.000042620556358882794,0.43322772499436996,0.753866898902582,3.016238884229041e-17,0.49258919164759407,0.0566516122256724,0.0,0.000042620556358882794,0.43322772499436996,0.753866898902582
0.05721894340724388,0.4380120280419962,0.05631863036112258,0.00001629412571243131,3.598890174846371e-6,0.3791019188708032,0.8158849257884344,0.05721894340724388,0.4380120280419962,0.05631863036112258,0.00001629412571243131,3.598890174846371e-6,0.3791019188708032,0.8158849257884344
0.06993233425357574,0.4014196793761068,0.045780980505150885,0.0,0.11663980285706078,0.41118615061953795,0.8076487909922441,0.06993233425357574,0.4014196793761068,0.045780980505150885,0.0,0.11663980285706078,0.41118615061953795,0.8076487909922441
0.04383092749485206,0.39421188532869295,0.01388217167068045,0.017103200618409614,0.016656152646307047,0.4507940589811417,0.8000163710101204,0.04383092749485206,0.39421188532869295,0.01388217167068045,0.017103200618409614,0.016656152646307047,0.4507940589811417,0.8000163710101204
0.05683773162569886,0.41846230929996464,0.0,0.00022110095093969226,0.0,0.3595079551674375,0.8336388689248262,0.05683773162569886,0.41846230929996464,0.0,0.00022110095093969226,0.0,0.3595079551674375,0.8336388689248262
0.015252428599970136,0.4618308569479066,0.01647682117212108,0.016901407683829476,0.08146705735378677,0.40338857593290817,0.7867809528399131,0.015252428599970136,0.4618308569479066,0.01647682117212108,0.016901407683829476,0.08146705735378677,0.40338857593290817,0.7867809528399131
3.257270839933679e-17,0.5319526972514064,0.0,0.0,0.000012519537865383656,0.4258079460568611,0.7333792899968823,3.257270839933679e-17,0.5319526972514064,0.0,0.0,0.000012519537865383656,0.4258079460568611,0.7333792899968823
0.016229412219128287,0.4108638387701857,0.014453078605410695,0.016063984584621816,0.007253161771486476,0.38278378496542437,0.830747690699626,0.016229412219128287,0.4108638387701857,0.014453078605410695,0.016063984584621816,0.007253161771486476,0.38278378496542437,0.830747690699626
0.01671762718246072,0.3840974714690764,0.013609276719197712,0.01433643975227195,0.015650366196820423,0.4088966745564365,0.8278967541626191,0.01671762718246072,0.3840974714690764,0.013609276719197712,0.01433643975227195,0.015650366196820423,0.4088966745564365,0.8278967541626191
2.2623500886752393e-17,0.36946980798878104,0.056618222936566195,0.05680389352633024,0.0,0.3690487034891705,0.8503654113197985,2.2623500886752393e-17,0.36946980798878104,0.056618222936566195,0.05680389352633024,0.0,0.3690487034891705,0.8503654113197985
0.06069835814397011,0.4024404193540855,0.00006955904178870961,0.06081500856067504,0.12131093768240274,0.4059808136264519,0.8087727226451158,0.06069835814397011,0.4024404193540855,0.00006955904178870961,0.06081500856067504,0.12131093768240274,0.4059808136264519,0.8087727226451158
0.05938390581274947,0.3869035753565769,0.06031267865579529,0.0,0.06023711238692449,0.38829622269114933,0.8342413712121898,0.05938390581274947,0.3869035753565769,0.06031267865579529,0.0,0.06023711238692449,0.38829622269114933,0.8342413712121898
0.05935947874356542,0.4359434264783755,0.0,0.05452560132383006,0.0,0.3782868130820642,0.8138412597099208,0.05935947874356542,0.4359434264783755,0.0,0.05452560132383006,0.0,0.3782868130820642,0.8138412597099208
0.016864145983360803,0.45645599349416116,0.04725101122952218,0.015826955514382613,0.01757209892205744,0.42801834069334105,0.7792857638588023,0.016864145983360803,0.45645599349416116,0.04725101122952218,0.015826955514382613,0.01757209892205744,0.42801834069334105,0.7792857638588023
0.017473276320612897,0.45988026940749954,0.017382963148208665,0.06787553152544859,0.016637378139458037,0.40362706002047294,0.789292667765252,0.017473276320612897,0.45988026940749954,0.017382963148208665,0.06787553152544859,0.016637378139458037,0.40362706002047294,0.789292667765252
2.7269717105651295e-17,0.44534827714631736,0.0,0.0007371059392802194,0.11830768811880246,0.44222901095551154,0.7709029746281536,2.7269717105651295e-17,0.44534827714631736,0.0,0.0007371059392802194,0.11830768811880246,0.44222901095551154,0.7709029746281536
2.3406569383360162e-17,0.38225828703682935,0.11590804290707518,0.00033327544190459176,0.0,0.49828298941729715,0.7711163668311203,2.3406569383360162e-17,0.38225828703682935,0.11590804290707518,0.00033327544190459176,0.0,0.49828298941729715,0.7711163668311203
5.030325294004226e-7,0.3787543385550428,0.0,0.057780183339903875,0.05736704988172866,0.4368127292325042,0.8156900989951277,5.030325294004226e-7,0.3787543385550428,0.0,0.057780183339903875,0.05736704988172866,0.4368127292325042,0.8156900989951277
0.12085797679892861,0.45496595233994436,0.0,0.0,0.06076494045185768,0.3931231793905565,0.7906992669817959,0.12085797679892861,0.45496595233994436,0.0,0.0,0.06076494045185768,0.3931231793905565,0.7906992669817959
0.01566303600028946,0.4035807779514029,0.04609269023613047,0.07574169595146561,0.01620526577389425,0.40185019985869025,0.8176559612867303,0.01566303600028946,0.4035807779514029,0.04609269023613047,0.07574169595146561,0.01620526577389425,0.40185019985869025,0.8176559612867303
0.045024520095159185,0.39837144204344593,0.01570224700730823,0.01593161083857685,0.04484828929961339,0.42639239567417775,0.8101472593800502,0.045024520095159185,0.39837144204344593,0.01570224700730823,0.01593161083857685,0.04484828929961339,0.42639239567417775,0.8101472593800502
0.06157257364871759,0.45369249187115057,0.000274878927098557,0.11811573362606857,0.000033307185840809604,0.40252310728662954,0.7953497859470567,0.06157257364871759,0.45369249187115057,0.000274878927098557,0.11811573362606857,0.000033307185840809604,0.40252310728662954,0.7953497859470567
0.01609499399907357,0.44172564462099345,0.016028632003664202,0.015109067466695172,0.016876059145708708,0.3847148531412735,0.8127265424098982,0.01609499399907357,0.44172564462099345,0.016028632003664202,0.015109067466695172,0.016876059145708708,0.3847148531412735,0.8127265424098982
0.04212635790541498,0.39450301525825804,0.016704272748635292,0.04437873841292381,0.016489781167617436,0.3938825823421194,0.829134743129372,0.04212635790541498,0.39450301525825804,0.016704272748635292,0.04437873841292381,0.016489781167617436,0.3938825823421194,0.829134743129372
0.01635990264679773,0.4099946605326249,0.016268477795832677,0.016004281285009796,0.1369671814477999,0.40970687750356144,0.8035713530001916,0.01635990264679773,0.4099946605326249,0.016268477795832677,0.016004281285009796,0.1369671814477999,0.40970687750356144,0.8035713530001916
0.04508584568342298,0.4022367905033319,0.016729062187876002,0.016920431194314307,0.07550479540010642,0.403134345416899,0.8177351469649937,0.04508584568342298,0.4022367905033319,0.016729062187876002,0.016920431194314307,0.07550479540010642,0.403134345416899,0.8177351469649937
0.000575997375724603,0.43409422516538343,0.0003625331834234555,0.11297038667188787,0.000030585733610508264,0.37655807177032874,0.8115343279870336,0.000575997375724603,0.43409422516538343,0.0003625331834234555,0.11297038667188787,0.000030585733610508264,0.37655807177032874,0.8115343279870336
0.017920219876800387,0.43841638060343696,0.07617766316646388,0.016419305800542544,0.0460642026517462,0.407031116139575,0.7964452372811134,0.017920219876800387,0.43841638060343696,0.07617766316646388,0.016419305800542544,0.0460642026517462,0.407031116139575,0.7964452372811134
2.4575173701403195e-17,0.40134304386396774,0.18442162687279395,0.06091824537051409,0.0016759626513638934,0.4011043187914715,0.8042410517048602,2.4575173701403195e-17,0.40134304386396774,0.18442162687279395,0.06091824537051409,0.0016759626513638934,0.4011043187914715,0.8042410517048602
0.059819798738835195,0.393465177909819,0.12119266193029597,0.0,0.0,0.45560648539456144,0.7880991799240934,0.059819798738835195,0.393465177909819,0.12119266193029597,0.0,0.0,0.45560648539456144,0.7880991799240934
0.01785154543108941,0.4330200903884319,0.046584613547034796,0.017881369210696732,0.04568168456296258,0.43156427198494973,0.7894171618914806,0.01785154543108941,0.4330200903884319,0.046584613547034796,0.017881369210696732,0.04568168456296258,0.43156427198494973,0.7894171618914806
3.081730093226664e-17,0.5032847177442973,0.05783891931846496,0.0011500705993633695,0.05885169374836497,0.3861165350736195,0.7702766201275447,3.081730093226664e-17,0.5032847177442973,0.05783891931846496,0.0011500705993633695,0.05885169374836497,0.3861165350736195,0.7702766201275447
0.017120039673603232,0.4109388396469327,0.07706269481655335,0.017709415423806125,0.07489628426027879,0.41058177042515226,0.8073726627805474,0.017120039673603232,0.4109388396469327,0.07706269481655335,0.017709415423806125,0.07489628426027879,0.41058177042515226,0.8073726627805474
0.01740460934503078,0.42803528396828466,0.016837123432579336,0.015251146979936498,0.07510161250694944,0.39962279391404587,0.8101967006308449,0.01740460934503078,0.42803528396828466,0.016837123432579336,0.015251146979936498,0.07510161250694944,0.39962279391404587,0.8101967006308449
0.04496058510074077,0.40787823384614535,0.01727785595726506,0.04700718657556313,0.046364666718343814,0.43774131466827515,0.7981147111071286,0.04496058510074077,0.40787823384614535,0.01727785595726506,0.04700718657556313,0.046364666718343814,0.43774131466827515,0.7981147111071286
0.017044079162315585,0.3947689788316367,0.07235322974630058,0.016931165538468546,0.015120233401868279,0.3936669781866077,0.8280404002630836,0.017044079162315585,0.3947689788316367,0.07235322974630058,0.016931165538468546,0.015120233401868279,0.3936669781866077,0.8280404002630836
0.054832648852315875,0.35464110777904095,0.0,0.0,0.000025900713127713252,0.3505355680784037,0.8660056162679068,0.054832648852315875,0.35464110777904095,0.0,0.0,0.000025900713127713252,0.3505355680784037,0.8660056162679068
0.0004337818540715181,0.38591681191152083,0.05658321061752556,0.11822781812162227,9.83316763946418e-6,0.3857260471357423,0.829355179563854,0.0004337818540715181,0.38591681191152083,0.05658321061752556,0.11822781812162227,9.83316763946418e-6,0.3857260471357423,0.829355179563854
2.88987716259633e-17,0.4719527564369375,0.0,0.0,0.000012325432876408204,0.41622698525215884,0.778069513641879,2.88987716259633e-17,0.4719527564369375,0.0,0.0,0.000012325432876408204,0.41622698525215884,0.778069513641879
0.05908605963774584,0.49287114791232284,2.6234448560335267e-6,0.00009304748131966828,0.0,0.4352702450946268,0.7531211438333438,0.05908605963774584,0.49287114791232284,2.6234448560335267e-6,0.00009304748131966828,0.0,0.4352702450946268,0.7531211438333438
0.00008052400373409224,0.38614338148527316,0.05541851146410729,0.00020504616908340338,0.1184117666276976,0.3859461627308275,0.8308638109999703,0.00008052400373409224,0.38614338148527316,0.05541851146410729,0.00020504616908340338,0.1184117666276976,0.3859461627308275,0.8308638109999703
2.4176444386121538e-17,0.3948312999789673,0.05831971144590889,0.060400973437729114,0.06102515010033703,0.454766207127022,0.7925160637957097,2.4176444386121538e-17,0.3948312999789673,0.05831971144590889,0.060400973437729114,0.06102515010033703,0.454766207127022,0.7925160637957097
0.061415155562411505,0.4019619076584048,0.12359113899750247,0.06152847765245187,0.00016113058487005944,0.4063578562469737,0.8074207601143805,0.061415155562411505,0.4019619076584048,0.12359113899750247,0.06152847765245187,0.00016113058487005944,0.4063578562469737,0.8074207601143805
2.7715301587761282e-17,0.45262522397572513,0.11988611986908645,0.060195285631866054,0.0,0.39679097062869356,0.7885363229649963,2.7715301587761282e-17,0.45262522397572513,0.11988611986908645,0.060195285631866054,0.0,0.39679097062869356,0.7885363229649963
0.07770655350598651,0.41155603014440056,0.0781406010998356,0.017908124359315124,0.01700932624491758,0.4122616439140853,0.8064730274786623,0.07770655350598651,0.41155603014440056,0.0781406010998356,0.017908124359315124,0.01700932624491758,0.4122616439140853,0.8064730274786623
2.4632136790877398e-17,0.4022733217124685,0.06137534409672846,0.06105265294822301,0.12278471422665534,0.40376543084614686,0.8083054931478293,2.4632136790877398e-17,0.4022733217124685,0.06137534409672846,0.06105265294822301,0.12278471422665534,0.40376543084614686,0.8083054931478293
2.948120301600557e-17,0.4814645828745322,0.0,0.056365456100797774,0.0018278892723974205,0.3685908851948845,0.7954927424884297,2.948120301600557e-17,0.4814645828745322,0.0,0.056365456100797774,0.0018278892723974205,0.3685908851948845,0.7954927424884297
0.1806192141828745,0.4532967035760985,0.0,4.629769742594438e-6,0.0,0.3933891663144008,0.7809224227632755,0.1806192141828745,0.4532967035760985,0.0,4.629769742594438e-6,0.0,0.3933891663144008,0.7809224227632755
0.046979657850651314,0.4041186242465645,0.04681153012462663,0.047980722903133016,0.001275225150941036,0.4019047159798784,0.818442726217106,0.046979657850651314,0.4041186242465645,0.04681153012462663,0.047980722903133016,0.001275225150941036,0.4019047159798784,0.818442726217106
0.020534543810584793,0.47496406546316494,0.015407882455931396,0.016562147171728717,0.018489669479363337,0.38828712242029845,0.790229728754646,0.020534543810584793,0.47496406546316494,0.015407882455931396,0.016562147171728717,0.018489669479363337,0.38828712242029845,0.790229728754646
0.060556212244830446,0.3982839952830402,0.18223745021799487,0.0005539334868724001,0.0,0.40051416033155296,0.8038179816968615,0.060556212244830446,0.3982839952830402,0.18223745021799487,0.0005539334868724001,0.0,0.40051416033155296,0.8038179816968615
2.342943954057359e-17,0.382631785048327,0.0,0.17615764386320834,0.0,0.38287201588715164,0.8229631786761742,2.342943954057359e-17,0.382631785048327,0.0,0.17615764386320834,0.0,0.38287201588715164,0.8229631786761742
0.016851943787468536,0.4618212282162565,0.04652027741724648,0.016750157449969886,0.04576042924530157,0.40309954089991734,0.7877584475418904,0.016851943787468536,0.4618212282162565,0.04652027741724648,0.016750157449969886,0.04576042924530157,0.40309954089991734,0.7877584475418904
0.000014435373792773494,0.3856367069246621,8.485199740877471e-7,0.11786783374854341,0.05855442719864694,0.38720681778118626,0.8309069418151624,0.000014435373792773494,0.3856367069246621,8.485199740877471e-7,0.11786783374854341,0.05855442719864694,0.38720681778118626,0.8309069418151624
0.01651922633816784,0.43268674741510943,0.0764409707221307,0.017135554271713198,0.016434969323732986,0.43245998120797846,0.7883454262257236,0.01651922633816784,0.43268674741510943,0.0764409707221307,0.017135554271713198,0.016434969323732986,0.43245998120797846,0.7883454262257236
2.4435725200226785e-17,0.39906567701381146,0.11860353520610574,0.06480019251544746,0.0018356561450535776,0.391259470047942,0.8199323435811389,2.4435725200226785e-17,0.39906567701381146,0.11860353520610574,0.06480019251544746,0.0018356561450535776,0.391259470047942,0.8199323435811389
8.350585168615116e-18,6.066950399874223e-17,1.000149550296468,0.0,0.0,0.0,0.0,8.350585168615116e-18,6.066950399874223e-17,1.000149550296468,0.0,0.0,0.0,0.0
0.06253368449780086,0.5449049222454889,0.0,0.00004393314378113888,0.0,0.374459844062429,0.7480001874632606,0.06253368449780086,0.5449049222454889,0.0,0.00004393314378113888,0.0,0.374459844062429,0.7480001874632606
0.015367061230748796,0.387198014975605,0.014305153404168724,0.044266657747403,0.015072931655427323,0.4566548884445642,0.7997608987979621,0.015367061230748796,0.387198014975605,0.014305153404168724,0.044266657747403,0.015072931655427323,0.4566548884445642,0.7997608987979621
2.0137689700078633e-18,5.802079210853649e-17,1.79927582528373e-17,1.6110798986071014e-18,7.295593751817609e-18,1.0000838421644676,0.0,2.0137689700078633e-18,5.802079210853649e-17,1.79927582528373e-17,1.6110798986071014e-18,7.295593751817609e-18,1.0000838421644676,0.0
0.01595112522449174,0.43970523227388764,0.07862836538594518,0.04653757847038026,0.014784974620759372,0.40660818614170785,0.7970930832461944,0.01595112522449174,0.43970523227388764,0.07862836538594518,0.04653757847038026,0.014784974620759372,0.40660818614170785,0.7970930832461944
2.2653675639031105e-17,0.36996259909066803,0.05484961874830451,0.0,0.05623417382801901,0.3683535826169602,0.8500062611962466,2.2653675639031105e-17,0.36996259909066803,0.05484961874830451,0.0,0.05623417382801901,0.3683535826169602,0.8500062611962466
0.07426708134406097,0.3983212552310847,0.01702234237438952,0.016148831678686377,0.017006204464009824,0.42802498631387037,0.8082601948246857,0.07426708134406097,0.3983212552310847,0.01702234237438952,0.016148831678686377,0.017006204464009824,0.42802498631387037,0.8082601948246857
2.4155807359764712e-17,0.3944942717619958,0.05817137391482872,0.11691965999465032,0.0,0.45563665426349786,0.7884798226758577,2.4155807359764712e-17,0.3944942717619958,0.05817137391482872,0.11691965999465032,0.0,0.45563665426349786,0.7884798226758577
0.07511923102213726,0.40707378430502406,0.04442194498868092,0.0165855114711077,0.01631501942963027,0.4375885115885837,0.7976301391395032,0.07511923102213726,0.40707378430502406,0.04442194498868092,0.0165855114711077,0.01631501942963027,0.4375885115885837,0.7976301391395032
0.015832311210135407,0.43718702631514156,0.04957836825565045,0.016348147617484425,0.07491543145718285,0.4072695603300801,0.798289200049027,0.015832311210135407,0.43718702631514156,0.04957836825565045,0.016348147617484425,0.07491543145718285,0.4072695603300801,0.798289200049027
2.4920242314597503e-17,0.4069784419793192,0.0,0.0,0.0,0.3533561132050514,0.8679800585504199,2.4920242314597503e-17,0.4069784419793192,0.0,0.0,0.0,0.3533561132050514,0.8679800585504199
0.01676871750360513,0.4226021352091738,0.01616552670928005,0.04310769560091368,0.016743863129340574,0.42463583321885784,0.8004464994871516,0.01676871750360513,0.4226021352091738,0.01616552670928005,0.04310769560091368,0.016743863129340574,0.42463583321885784,0.8004464994871516
0.01515525225245228,0.43816436394265146,0.10415225437829924,0.01808101853867013,0.019479272686296987,0.40766227631620955,0.7982277950945142,0.01515525225245228,0.43816436394265146,0.10415225437829924,0.01808101853867013,0.019479272686296987,0.40766227631620955,0.7982277950945142
0.015422955416974147,0.39561514993060704,0.04521033161255132,0.01662185278064945,0.016286266365899967,0.4502959876546284,0.8006383942102991,0.015422955416974147,0.39561514993060704,0.04521033161255132,0.01662185278064945,0.016286266365899967,0.4502959876546284,0.8006383942102991
2.3106497680528692e-17,0.37735774423476776,0.0,0.0,0.11470505950133017,0.4340672956870477,0.8113394716498112,2.3106497680528692e-17,0.37735774423476776,0.0,0.0,0.11470505950133017,0.4340672956870477,0.8113394716498112
0.00008668641174341728,0.4574295514654518,0.18207635391211205,0.000013041257155559417,0.0,0.39729834202862835,0.7937106912759334,0.00008668641174341728,0.4574295514654518,0.18207635391211205,0.000013041257155559417,0.0,0.39729834202862835,0.7937106912759334
0.1840929854089124,0.4010975117808752,0.0002687711170358232,0.06210246079540513,0.00013627905102415368,0.40144690707421776,0.8015826531099323,0.1840929854089124,0.4010975117808752,0.0002687711170358232,0.06210246079540513,0.00013627905102415368,0.40144690707421776,0.8015826531099323
0.05896389363283919,0.3847906406534756,0.11736587581343007,1.265547153385921e-6,2.5864210909049556e-6,0.38589969987789163,0.8293912899247815,0.05896389363283919,0.3847906406534756,0.11736587581343007,1.265547153385921e-6,2.5864210909049556e-6,0.38589969987789163,0.8293912899247815
0.0005404340306650391,0.4072922927807093,0.014754889143182227,0.10606440193924374,0.014494695279346352,0.4063558028924343,0.8114914761805003,0.0005404340306650391,0.4072922927807093,0.014754889143182227,0.10606440193924374,0.014494695279346352,0.4063558028924343,0.8114914761805003
6.124504140362208e-17,1.0002074303589128,0.0,0.0,0.0,0.0,0.0,6.124504140362208e-17,1.0002074303589128,0.0,0.0,0.0,0.0,0.0
0.01695141274199576,0.40573014412239033,0.017058171106111006,0.07616171831076421,0.046915002210396003,0.4372237408933018,0.7985859520733248,0.01695141274199576,0.40573014412239033,0.017058171106111006,0.07616171831076421,0.046915002210396003,0.4372237408933018,0.7985859520733248
0.015717583722172468,0.42750243924566966,0.015902139562681328,0.01686268010277225,0.04336295256045917,0.45599004066853305,0.7794205681009737,0.015717583722172468,0.42750243924566966,0.015902139562681328,0.01686268010277225,0.04336295256045917,0.45599004066853305,0.7794205681009737
2.2956431267404106e-6,0.426950039370336,0.0,1.0997296566112624e-6,0.055742234646943216,0.4262478158001177,0.7973235428680365,2.2956431267404106e-6,0.426950039370336,0.0,1.0997296566112624e-6,0.055742234646943216,0.4262478158001177,0.7973235428680365
0.01707105614960514,0.4115422347643776,0.04692795875645275,0.04641727939961368,0.04369113041580631,0.4414935124310408,0.8019362525430318,0.01707105614960514,0.4115422347643776,0.04692795875645275,0.04641727939961368,0.04369113041580631,0.4414935124310408,0.8019362525430318
0.016657474899578455,0.43288766394680617,0.01679005285728248,0.07612661937094603,0.015433865868321763,0.4319953661421548,0.7884263888497608,0.016657474899578455,0.43288766394680617,0.01679005285728248,0.07612661937094603,0.015433865868321763,0.4319953661421548,0.7884263888497608
2.7265399995941215e-17,0.445277773394328,0.0,0.058946718306600795,0.060597162902548796,0.44562355672745974,0.7738041769016484,2.7265399995941215e-17,0.445277773394328,0.0,0.058946718306600795,0.060597162902548796,0.44562355672745974,0.7738041769016484
0.04594479084075646,0.43756546399528845,0.016995823781747382,0.017995372091075604,0.0758603530080927,0.40850367642516366,0.7984069030202995,0.04594479084075646,0.43756546399528845,0.016995823781747382,0.017995372091075604,0.0758603530080927,0.40850367642516366,0.7984069030202995
0.04629931882540044,0.4049059892376626,0.01664500269449868,0.04698073854829066,0.014221840373799404,0.4618043518019769,0.7866937106991416,0.04629931882540044,0.4049059892376626,0.01664500269449868,0.04698073854829066,0.014221840373799404,0.4618043518019769,0.7866937106991416
0.016910578765341418,0.3878635993029273,0.014580173861554122,0.016372640072046054,0.014951732041814067,0.47525796446040924,0.7896507846066161,0.016910578765341418,0.3878635993029273,0.014580173861554122,0.016372640072046054,0.014951732041814067,0.47525796446040924,0.7896507846066161
0.015866362260219456,0.38661903424153476,0.014766179059303336,0.043490193084680655,0.013861572458065465,0.3834174590078035,0.8381467340178632,0.015866362260219456,0.38661903424153476,0.014766179059303336,0.043490193084680655,0.013861572458065465,0.3834174590078035,0.8381467340178632
0.07854885348253862,0.4104468822054811,0.04653876189834384,0.04803289218224932,0.016987258185050865,0.4123330359879907,0.8088404270432041,0.07854885348253862,0.4104468822054811,0.04653876189834384,0.04803289218224932,0.016987258185050865,0.4123330359879907,0.8088404270432041
0.10461259711153854,0.40193639415372584,0.015743150561063454,0.016518682554899317,0.0008653330228955877,0.402500382169848,0.8172861120721272,0.10461259711153854,0.40193639415372584,0.015743150561063454,0.016518682554899317,0.0008653330228955877,0.402500382169848,0.8172861120721272
2.2698518934326786e-17,0.3706949456795278,0.0,0.11232600303444139,0.0,0.36986943167548786,0.8519770877749915,2.2698518934326786e-17,0.3706949456795278,0.0,0.11232600303444139,0.0,0.36986943167548786,0.8519770877749915
0.01440289301688135,0.39446553810097,0.014784535703552974,0.012943244640583182,0.06917635400477996,0.3905574302885955,0.829887520633288,0.01440289301688135,0.39446553810097,0.014784535703552974,0.012943244640583182,0.06917635400477996,0.3905574302885955,0.829887520633288
0.019364152074898673,0.42729785187060926,0.01796948399740771,0.08123050372465034,0.017623327318263885,0.4016367426736164,0.8147094901394958,0.019364152074898673,0.42729785187060926,0.01796948399740771,0.08123050372465034,0.017623327318263885,0.4016367426736164,0.8147094901394958
0.075510022600784,0.4078500882528501,0.017305287411863154,0.017235813201200007,0.047052898122705814,0.4362630732522933,0.7979241611506108,0.075510022600784,0.4078500882528501,0.017305287411863154,0.017235813201200007,0.047052898122705814,0.4362630732522933,0.7979241611506108
0.00017213453788442353,0.4518791845628128,0.05927282281192685,0.0,0.12108483678432291,0.39465265326594007,0.7890965896884465,0.00017213453788442353,0.4518791845628128,0.05927282281192685,0.0,0.12108483678432291,0.39465265326594007,0.7890965896884465
3.2505333902826025e-9,0.433947910648551,0.057852932296948024,0.05930302196015469,3.7812674583565703e-10,0.3767150747825166,0.8159177263274069,3.2505333902826025e-9,0.433947910648551,0.057852932296948024,0.05930302196015469,3.7812674583565703e-10,0.3767150747825166,0.8159177263274069
0.018388914929099276,0.4066437629145547,0.039162454497724764,0.0746946619508319,0.019287090806797948,0.4405001949666652,0.796699519592171,0.018388914929099276,0.4066437629145547,0.039162454497724764,0.0746946619508319,0.019287090806797948,0.4405001949666652,0.796699519592171
0.01476612090994031,0.4019060811009335,0.01684709241049634,0.01707816353774271,0.10338415428740542,0.40228731717598465,0.8161078676077268,0.01476612090994031,0.4019060811009335,0.01684709241049634,0.01707816353774271,0.10338415428740542,0.40228731717598465,0.8161078676077268
0.05831477359914327,0.3848204214190955,0.058401531191384276,0.0,0.00002785446801071448,0.5064003870631862,0.7682041223996596,0.05831477359914327,0.3848204214190955,0.058401531191384276,0.0,0.00002785446801071448,0.5064003870631862,0.7682041223996596
0.062208389667307226,0.45133266194819766,0.00028071273748743263,0.06636743151192993,0.06775438835201482,0.40327573087856855,0.7890939989613064,0.062208389667307226,0.45133266194819766,0.00028071273748743263,0.06636743151192993,0.06775438835201482,0.40327573087856855,0.7890939989613064
0.06033242368128322,0.4561319402223749,0.0,0.00005494180462636902,0.12066780537957249,0.39792022402310046,0.7919907058354162,0.06033242368128322,0.4561319402223749,0.0,0.00005494180462636902,0.12066780537957249,0.39792022402310046,0.7919907058354162
3.2163806628692314e-17,0.5252748245630661,0.0,0.0,0.0,0.360527293057615,0.772707234389767,3.2163806628692314e-17,0.5252748245630661,0.0,0.0,0.0,0.360527293057615,0.772707234389767
0.04653660123233779,0.4363127687415846,0.01686175293391798,0.044420335630092775,0.0464428588774544,0.4082686661037336,0.798388837092591,0.04653660123233779,0.4363127687415846,0.01686175293391798,0.044420335630092775,0.0464428588774544,0.4082686661037336,0.798388837092591
0.05991150069407432,0.45314759258396287,0.11987331111074978,0.0,0.00017940126504681136,0.3976464355889157,0.7881773908547371,0.05991150069407432,0.45314759258396287,0.11987331111074978,0.0,0.00017940126504681136,0.3976464355889157,0.7881773908547371
0.05278337933854772,0.4834984181202708,0.017015773598252962,0.01694404668972254,0.01585472243859868,0.3980239932121289,0.7790798824464998,0.05278337933854772,0.4834984181202708,0.017015773598252962,0.01694404668972254,0.01585472243859868,0.3980239932121289,0.7790798824464998
0.0748220358341286,0.4256225327005742,0.014851154738025821,0.014487289304123208,0.01549387897857671,0.3996562764920442,0.8108066406692268,0.0748220358341286,0.4256225327005742,0.014851154738025821,0.014487289304123208,0.01549387897857671,0.3996562764920442,0.8108066406692268
0.18244305205627026,0.39917450258360543,0.06690927348163746,0.0,0.0,0.3995539187221714,0.8038147558802453,0.18244305205627026,0.39917450258360543,0.06690927348163746,0.0,0.0,0.3995539187221714,0.8038147558802453
0.124111535710424,0.4047108823365892,0.0,0.060026046445463055,0.059965776817433376,0.40731656723449006,0.8078774387742546,0.124111535710424,0.4047108823365892,0.0,0.060026046445463055,0.059965776817433376,0.40731656723449006,0.8078774387742546
0.11797009522984758,0.38507970256604585,0.000019150324440855713,5.221527022633151e-6,0.000019594899319887087,0.501955305358599,0.7688775171039036,0.11797009522984758,0.38507970256604585,0.000019150324440855713,5.221527022633151e-6,0.000019594899319887087,0.501955305358599,0.7688775171039036
0.05996235254268456,0.39514277527136743,0.00031131014491176393,0.05945347902004569,0.06042802123834288,0.4604710173381397,0.7888395305196714,0.05996235254268456,0.39514277527136743,0.00031131014491176393,0.05945347902004569,0.06042802123834288,0.4604710173381397,0.7888395305196714
0.013732469158093693,0.4096730642192843,0.04732508433157904,0.015094125790587104,0.10523197951229238,0.4120029271257875,0.8058094844841072,0.013732469158093693,0.4096730642192843,0.04732508433157904,0.015094125790587104,0.10523197951229238,0.4120029271257875,0.8058094844841072
0.01691828865426998,0.4159431115343755,0.07868870744226845,0.019156820699053074,0.045920109053254374,0.4427306290064052,0.7898807842707389,0.01691828865426998,0.4159431115343755,0.07868870744226845,0.019156820699053074,0.045920109053254374,0.4427306290064052,0.7898807842707389
0.017001601181140573,0.4018111843291725,0.016433290727743844,0.07580575510829657,0.016032971094612374,0.4606080616650002,0.7878927092290854,0.017001601181140573,0.4018111843291725,0.016433290727743844,0.07580575510829657,0.016032971094612374,0.4606080616650002,0.7878927092290854
2.460526630433724e-17,0.4018344933652444,0.0,0.12308383519915671,0.12236295047170356,0.4027071156074698,0.8050044463496969,2.460526630433724e-17,0.4018344933652444,0.0,0.12308383519915671,0.12236295047170356,0.4027071156074698,0.8050044463496969
0.014848331851567396,0.41131329868757377,0.04811523591820832,0.04850394313645181,0.07379197559797801,0.4117437536700119,0.8070789718840885,0.014848331851567396,0.41131329868757377,0.04811523591820832,0.04850394313645181,0.07379197559797801,0.4117437536700119,0.8070789718840885
2.2031202279002623e-17,0.3597968376570551,1.1667872308441755e-10,3.1702473693210353e-7,1.6929871030858026e-7,0.5241708983383795,0.7738944418136009,2.2031202279002623e-17,0.3597968376570551,1.1667872308441755e-10,3.1702473693210353e-7,1.6929871030858026e-7,0.5241708983383795,0.7738944418136009
0.0005049573376682006,0.3691405720536932,0.0,0.00011658189492195192,0.05614178098442954,0.48142672928707475,0.7946488978382086,0.0005049573376682006,0.3691405720536932,0.0,0.00011658189492195192,0.05614178098442954,0.48142672928707475,0.7946488978382086
0.017466291122645087,0.4841549604994596,0.017603159410560978,0.016946991120027493,0.044578599806613224,0.3977253460646186,0.7787615809997928,0.017466291122645087,0.4841549604994596,0.017603159410560978,0.016946991120027493,0.044578599806613224,0.3977253460646186,0.7787615809997928
0.017661411465933884,0.43393213686455245,0.050016694283863024,0.04915068371034278,0.01811918339352564,0.4324256744904133,0.7875807292453572,0.017661411465933884,0.43393213686455245,0.050016694283863024,0.04915068371034278,0.01811918339352564,0.4324256744904133,0.7875807292453572
2.318564577294723e-6,0.43447122727925586,0.11567077862932128,0.0,6.465312502475323e-10,0.37879482276726106,0.8116486231577351,2.318564577294723e-6,0.43447122727925586,0.11567077862932128,0.0,6.465312502475323e-10,0.37879482276726106,0.8116486231577351
0.00024109239024797588,0.4071370529031899,0.12450114664864292,0.1217290926158527,0.0,0.400277097201562,0.8029641675148267,0.00024109239024797588,0.4071370529031899,0.12450114664864292,0.1217290926158527,0.0,0.400277097201562,0.8029641675148267
0.01771452965711169,0.40096341988537254,0.016055227943620652,0.01613898817495769,0.07893563161461645,0.46297452615129125,0.7884828218042889,0.01771452965711169,0.40096341988537254,0.016055227943620652,0.01613898817495769,0.07893563161461645,0.46297452615129125,0.7884828218042889
0.10256036085166477,0.4308636508847319,0.016164393164250744,0.01686705579255862,0.016904614325907216,0.4094561963171657,0.7994574893361753,0.10256036085166477,0.4308636508847319,0.016164393164250744,0.01686705579255862,0.016904614325907216,0.4094561963171657,0.7994574893361753
0.04567125369474669,0.4226886802018488,0.015668362264112647,0.015750610098540174,0.016443484451622723,0.4220832264640282,0.8004881378124876,0.04567125369474669,0.4226886802018488,0.015668362264112647,0.015750610098540174,0.016443484451622723,0.4220832264640282,0.8004881378124876
0.048416351430172984,0.4116837750863711,0.014980940314959633,0.07754270802879203,0.04818285656009317,0.4122343095884735,0.8091409628013897,0.048416351430172984,0.4116837750863711,0.014980940314959633,0.07754270802879203,0.04818285656009317,0.4122343095884735,0.8091409628013897
0.0169116048915612,0.4614090111894523,0.05530085816587154,0.05241981165515726,0.01755282627634121,0.40442880425046357,0.7895930046953546,0.0169116048915612,0.4614090111894523,0.05530085816587154,0.05241981165515726,0.01755282627634121,0.40442880425046357,0.7895930046953546
0.01570669907559339,0.4036449191763678,0.04586818973305015,0.04528335902303983,0.01684991362095456,0.46179847195340146,0.7876069815712984,0.01570669907559339,0.4036449191763678,0.04586818973305015,0.04528335902303983,0.01684991362095456,0.46179847195340146,0.7876069815712984
0.018229378637364995,0.43444240331000944,0.04571487229030803,0.07452170823601934,0.015388462461453015,0.40797099590657127,0.7987289940041858,0.018229378637364995,0.43444240331000944,0.04571487229030803,0.07452170823601934,0.015388462461453015,0.40797099590657127,0.7987289940041858
2.7757400429467186e-17,0.4533127502361165,0.00019263469302843917,0.00011429630531028787,0.18160720170427383,0.3929473059834996,0.7815253283198086,2.7757400429467186e-17,0.4533127502361165,0.00019263469302843917,0.00011429630531028787,0.18160720170427383,0.3929473059834996,0.7815253283198086
0.016424542468737455,0.38584699508758435,0.040695010693174445,0.01636942695646182,0.014987834553962952,0.384158598563745,0.8380300682963624,0.016424542468737455,0.38584699508758435,0.040695010693174445,0.01636942695646182,0.014987834553962952,0.384158598563745,0.8380300682963624
0.04689634830969604,0.408475824782153,0.017643931414043367,0.04721354136968711,0.07660016107791547,0.4090396700432777,0.8101923195812456,0.04689634830969604,0.408475824782153,0.017643931414043367,0.04721354136968711,0.07660016107791547,0.4090396700432777,0.8101923195812456
0.07538291054810974,0.3932067794829047,0.01666007648561382,0.016576351293511357,0.016205667358001136,0.39282518375980685,0.8293757643927869,0.07538291054810974,0.3932067794829047,0.01666007648561382,0.016576351293511357,0.016205667358001136,0.39282518375980685,0.8293757643927869
2.6577630077712167e-17,0.43404563823980186,0.05754900204697987,0.0,0.0,0.49282109170061866,0.7533020022323234,2.6577630077712167e-17,0.43404563823980186,0.05754900204697987,0.0,0.0,0.49282109170061866,0.7533020022323234
0.016075632536392027,0.4231180816559931,0.01550188814077867,0.016919974546691446,0.045376046626418,0.4229781545918705,0.8000762028191453,0.016075632536392027,0.4231180816559931,0.01550188814077867,0.016919974546691446,0.045376046626418,0.4229781545918705,0.8000762028191453
0.05730291948741179,0.37772308068694366,0.05886870624737255,0.0,4.4892269429800805e-14,0.43607604681785095,0.8142111272000966,0.05730291948741179,0.37772308068694366,0.05886870624737255,0.0,4.4892269429800805e-14,0.43607604681785095,0.8142111272000966
0.07710000847116641,0.40287612984753746,0.046743880407318666,0.016464647448508608,0.014716471009612063,0.4031660730867618,0.8173643647832327,0.07710000847116641,0.40287612984753746,0.046743880407318666,0.016464647448508608,0.014716471009612063,0.4031660730867618,0.8173643647832327
0.01674717698848348,0.40354636148233153,0.046825046626850435,0.04617857486021643,0.04638914826762955,0.40430696444404973,0.8199537967782234,0.01674717698848348,0.40354636148233153,0.046825046626850435,0.04617857486021643,0.04638914826762955,0.40430696444404973,0.8199537967782234
0.046251687567010945,0.41098852642280387,0.046234568972366774,0.07539572828230709,0.018372431177877794,0.4111922976579521,0.813296519425807,0.046251687567010945,0.41098852642280387,0.046234568972366774,0.07539572828230709,0.018372431177877794,0.4111922976579521,0.813296519425807
0.00011149983404759935,0.37061113858934636,2.1527635032406008e-6,0.05670507992452604,0.05675934948818589,0.3672061758387366,0.8518768433822981,0.00011149983404759935,0.37061113858934636,2.1527635032406008e-6,0.05670507992452604,0.05675934948818589,0.3672061758387366,0.8518768433822981
2.2518184074544434e-17,0.3677498539206973,0.00008714258198794632,0.00009961752514321406,0.11265281643881578,0.3670928143779721,0.8480037502348846,2.2518184074544434e-17,0.3677498539206973,0.00008714258198794632,0.00009961752514321406,0.11265281643881578,0.3670928143779721,0.8480037502348846
2.308590618081168e-17,0.3770214595242479,0.0,0.11488757573731927,0.0,0.43377171468318176,0.8114044893104831,2.308590618081168e-17,0.3770214595242479,0.0,0.11488757573731927,0.0,0.43377171468318176,0.8114044893104831
0.04557610999854744,0.4269763986804527,0.0495635505788291,0.016851604855359706,0.04851902039151178,0.397990118761287,0.8101617296543411,0.04557610999854744,0.4269763986804527,0.0495635505788291,0.016851604855359706,0.04851902039151178,0.397990118761287,0.8101617296543411
0.017558156020520046,0.42800975279023157,0.01605069008705531,0.0478719505354034,0.043595503684586805,0.39913788674077527,0.8092742171939271,0.017558156020520046,0.42800975279023157,0.01605069008705531,0.0478719505354034,0.043595503684586805,0.39913788674077527,0.8092742171939271
0.0727782348314472,0.4913393579688505,0.0,0.0011260413050109906,0.056522279545187785,0.4001220820797845,0.7710280860207478,0.0727782348314472,0.4913393579688505,0.0,0.0011260413050109906,0.056522279545187785,0.4001220820797845,0.7710280860207478
2.3184232838539898e-17,0.3786272557064072,0.05641325536659958,0.0,0.057487101157675344,0.4362312876387887,0.8127247657129658,2.3184232838539898e-17,0.3786272557064072,0.05641325536659958,0.0,0.057487101157675344,0.4362312876387887,0.8127247657129658
2.9461799733938933e-17,0.48114770323086437,0.0002570596590676337,0.0,0.05677227582765809,0.3697601910500959,0.7943240862804715,2.9461799733938933e-17,0.48114770323086437,0.0002570596590676337,0.0,0.05677227582765809,0.3697601910500959,0.7943240862804715
2.657078625098276e-17,0.4339338700673921,0.0,0.0,0.11549285912368139,0.37443006708766186,0.81316068964994,2.657078625098276e-17,0.4339338700673921,0.0,0.0,0.11549285912368139,0.37443006708766186,0.81316068964994
0.05805014281916797,0.3893083113972266,0.0007688355890604061,0.059632755405378574,0.05498705289675164,0.385218937590918,0.8330931009973005,0.05805014281916797,0.3893083113972266,0.0007688355890604061,0.059632755405378574,0.05498705289675164,0.385218937590918,0.8330931009973005
0.01501125713143218,0.3857132599168368,0.015933835123275314,0.01616519695188394,0.014897693073082804,0.43919868017508934,0.8122064885446679,0.01501125713143218,0.3857132599168368,0.015933835123275314,0.01616519695188394,0.014897693073082804,0.43919868017508934,0.8122064885446679
0.046341021042050894,0.3979451154504099,0.015095048192665245,0.04470479429469858,0.015577819253654155,0.42749202127320485,0.8096927175106482,0.046341021042050894,0.3979451154504099,0.015095048192665245,0.04470479429469858,0.015577819253654155,0.42749202127320485,0.8096927175106482
0.01637347934685555,0.41223149518404156,0.017064445266212213,0.1060438269622001,0.04798175843639641,0.4094908856522825,0.806693830260564,0.01637347934685555,0.41223149518404156,0.017064445266212213,0.1060438269622001,0.04798175843639641,0.4094908856522825,0.806693830260564
0.018279073252758134,0.4313113436415955,0.017403203945836214,0.10279150530148816,0.016021289853171604,0.4014122732727972,0.8028977331729806,0.018279073252758134,0.4313113436415955,0.017403203945836214,0.10279150530148816,0.016021289853171604,0.4014122732727972,0.8028977331729806
0.01632284278387943,0.41118681523086015,0.01639736649485083,0.04757581825486722,0.10888524779975665,0.4130690306898249,0.8063986473190511,0.01632284278387943,0.41118681523086015,0.01639736649485083,0.04757581825486722,0.10888524779975665,0.4130690306898249,0.8063986473190511
0.04718161408955047,0.4109605422262204,0.046733436799624994,0.01749129544469005,0.07630390507525922,0.40863012976940316,0.8101604135014613,0.04718161408955047,0.4109605422262204,0.046733436799624994,0.01749129544469005,0.07630390507525922,0.40863012976940316,0.8101604135014613
0.016623837300636154,0.41267658118749817,0.04625531886535005,0.07705994456787574,0.049258739682309496,0.40988459990368675,0.8078036996168698,0.016623837300636154,0.41267658118749817,0.04625531886535005,0.07705994456787574,0.049258739682309496,0.40988459990368675,0.8078036996168698
0.016684683854697634,0.45053842469640437,0.014253111105509229,0.016693698094416533,0.008832098585226591,0.4505001076270019,0.7709597511595622,0.016684683854697634,0.45053842469640437,0.014253111105509229,0.016693698094416533,0.008832098585226591,0.4505001076270019,0.7709597511595622
0.014821268902356535,0.39885847941369307,0.01563925928431654,0.01616898153959354,0.042601382985448376,0.4840369843425818,0.7775547032203144,0.014821268902356535,0.39885847941369307,0.01563925928431654,0.01616898153959354,0.042601382985448376,0.4840369843425818,0.7775547032203144
0.01641418229230417,0.4340715289852772,0.016584478881139845,0.04700953238748187,0.04631807458784608,0.43250216208581205,0.7893117049883953,0.01641418229230417,0.4340715289852772,0.016584478881139845,0.04700953238748187,0.04631807458784608,0.43250216208581205,0.7893117049883953
0.1150297038642773,0.3773809915224765,0.0,0.0,8.747187606067528e-6,0.4368092242620412,0.8165709299999772,0.1150297038642773,0.3773809915224765,0.0,0.0,8.747187606067528e-6,0.4368092242620412,0.8165709299999772
2.165868772026833e-17,0.35371321323581545,0.0,0.000013158985759332113,0.0,0.46119939077577393,0.8145720338013459,2.165868772026833e-17,0.35371321323581545,0.0,0.000013158985759332113,0.0,0.46119939077577393,0.8145720338013459
0.015000775825680181,0.403851149140045,0.07285928508782415,0.07580619463183907,0.017370137714225343,0.4091547988948401,0.8131065909987967,0.015000775825680181,0.403851149140045,0.07285928508782415,0.07580619463183907,0.017370137714225343,0.4091547988948401,0.8131065909987967
0.044325945472273365,0.4126164195697866,0.0780408314110872,0.01961889062591562,0.04587767443210284,0.41257858873637393,0.8073120128241366,0.044325945472273365,0.4126164195697866,0.0780408314110872,0.01961889062591562,0.04587767443210284,0.41257858873637393,0.8073120128241366
0.07684528490187667,0.41223330656348367,0.016506088337643287,0.07707362450474763,0.01589261714302036,0.4104809607414062,0.8060398224253493,0.07684528490187667,0.41223330656348367,0.016506088337643287,0.07707362450474763,0.01589261714302036,0.4104809607414062,0.8060398224253493
1.0001839135171173,0.0,0.0,0.0,0.0,0.0,0.0,1.0001839135171173,0.0,0.0,0.0,0.0,0.0,0.0
0.0560323051804632,0.3720616967395285,0.0,0.0,0.05610070515767842,0.3726953115445907,0.8588533306871611,0.0560323051804632,0.3720616967395285,0.0,0.0,0.05610070515767842,0.3726953115445907,0.8588533306871611
0.12151942314216292,0.3945245999077115,0.0,0.061342778490677874,0.0,0.45396871905615216,0.7878272750354381,0.12151942314216292,0.3945245999077115,0.0,0.061342778490677874,0.0,0.45396871905615216,0.7878272750354381
0.04565046453097268,0.4060043173035508,0.016632627194185762,0.07478138783214955,0.019580520466259514,0.4403128265640941,0.7959235278385692,0.04565046453097268,0.4060043173035508,0.016632627194185762,0.07478138783214955,0.019580520466259514,0.4403128265640941,0.7959235278385692
0.1196655426954309,0.4463749541542049,0.0,0.00001642351127163044,0.0,0.44660381322235626,0.7715539008914837,0.1196655426954309,0.4463749541542049,0.0,0.00001642351127163044,0.0,0.44660381322235626,0.7715539008914837
0.015831093262094195,0.4469033602533077,0.015410710611059157,0.016275830938554448,0.015948686293515233,0.416690702746953,0.7919497164925402,0.015831093262094195,0.4469033602533077,0.015410710611059157,0.016275830938554448,0.015948686293515233,0.416690702746953,0.7919497164925402
0.07834308843857735,0.4135790064991137,0.01632601808979357,0.04606885456006892,0.0481224699739981,0.4114100947562852,0.8095011750394856,0.07834308843857735,0.4135790064991137,0.01632601808979357,0.04606885456006892,0.0481224699739981,0.4114100947562852,0.8095011750394856
0.12039402225018565,0.4556970838320934,0.0,0.06008270618531823,0.00007124580469419416,0.39415027551098025,0.788782176994901,0.12039402225018565,0.4556970838320934,0.0,0.06008270618531823,0.00007124580469419416,0.39415027551098025,0.788782176994901
0.05889114071832141,0.39805395687638695,2.590378848273786e-7,0.18332465494361255,0.0,0.4036879668757874,0.8015994654487231,0.05889114071832141,0.39805395687638695,2.590378848273786e-7,0.18332465494361255,0.0,0.4036879668757874,0.8015994654487231
2.7147424132426772e-17,0.4433510813293738,0.11723839515246468,0.0,0.0,0.4451627549741492,0.7704552189330427,2.7147424132426772e-17,0.4433510813293738,0.11723839515246468,0.0,0.0,0.4451627549741492,0.7704552189330427
0.18271061719261297,0.39975991912320247,0.0,0.0,0.057726053769309976,0.4036886563382105,0.8014693441849008,0.18271061719261297,0.39975991912320247,0.0,0.0,0.057726053769309976,0.4036886563382105,0.8014693441849008
5.303965488516795e-7,0.4095733140930323,0.0,0.0001776027685286939,0.00002904281648952638,0.4094310092374019,0.8185352307527736,5.303965488516795e-7,0.4095733140930323,0.0,0.0001776027685286939,0.00002904281648952638,0.4094310092374019,0.8185352307527736
