f_1,f_2,f_3,f_4,f_5,f_6,f_7,f_1_min,f_2_min,f_3_min,f_4_min,f_5_min,f_6_min,f_7_min
0.005326651284763728,0.0062337789731147595,0.08323596641392869,0.0018947487940044194,0.0017987416427939495,0.01974610065519259,13.974204830124265,0.005326651284763728,0.0062337789731147595,0.08323596641392869,0.0018947487940044194,0.0017987416427939495,0.01974610065519259,13.974204830124265
0.05818420167904137,0.003737269757866188,0.0150540240865389,0.07534791133846497,0.05861699829596829,0.021462535549132675,13.954597767616965,0.05818420167904137,0.003737269757866188,0.0150540240865389,0.07534791133846497,0.05861699829596829,0.021462535549132675,13.954597767616965
0.0070033047221089995,0.0037891329949324096,0.07540478435812997,0.011409431834263475,0.0889268361177036,0.026009195641987087,13.819953702464106,0.0070033047221089995,0.0037891329949324096,0.07540478435812997,0.011409431834263475,0.0889268361177036,0.026009195641987087,13.819953702464106
0.0002673723301120645,0.08360653816737633,0.08178639795975662,0.05948144572084601,0.0888185977782573,0.022860963743128113,13.60761955407025,0.0002673723301120645,0.08360653816737633,0.08178639795975662,0.05948144572084601,0.0888185977782573,0.022860963743128113,13.60761955407025
0.0021850614864310875,0.07304883277596586,0.0,0.0006402853340720825,0.08839531392441698,0.0157534819006239,13.86118164243173,0.0021850614864310875,0.07304883277596586,0.0,0.0006402853340720825,0.08839531392441698,0.0157534819006239,13.86118164243173
0.0,0.008400108138712246,0.0022203701822365238,0.0,0.0,0.024522231988266446,13.96429746208452,0.0,0.008400108138712246,0.0022203701822365238,0.0,0.0,0.024522231988266446,13.96429746208452
0.0032354963774900297,0.08569662507488239,0.08728516749873806,0.002487610463889102,0.08874603565571801,0.02193654036044447,13.543180561270301,0.0032354963774900297,0.08569662507488239,0.08728516749873806,0.002487610463889102,0.08874603565571801,0.02193654036044447,13.543180561270301
0.00020390318801313118,0.08843262935125665,0.08699308987061173,0.09750369577344703,0.0,0.022503357670222403,13.715989880562784,0.00020390318801313118,0.08843262935125665,0.08699308987061173,0.09750369577344703,0.0,0.022503357670222403,13.715989880562784
0.013014711528486492,0.08566608196345685,0.004538023974430504,0.021206321240589403,0.08802561143255613,0.02139094549318372,13.718776851770352,0.013014711528486492,0.08566608196345685,0.004538023974430504,0.021206321240589403,0.08802561143255613,0.02139094549318372,13.718776851770352
0.002829765583861169,0.08886358294174297,0.08802940081046262,0.08857089290083042,0.0,0.022483049643063774,13.684124786110015,0.002829765583861169,0.08886358294174297,0.08802940081046262,0.08857089290083042,0.0,0.022483049643063774,13.684124786110015
0.08289686965997123,0.032880103016608216,0.08467439072486413,0.0864778859794388,0.0008611609963111583,0.021384951740708646,13.575805155281047,0.08289686965997123,0.032880103016608216,0.08467439072486413,0.0864778859794388,0.0008611609963111583,0.021384951740708646,13.575805155281047
0.013246067094593306,0.06418829096710704,0.0009070298647011962,0.07891268184438002,0.059230007326320236,0.020713550129302045,13.89639023469377,0.013246067094593306,0.06418829096710704,0.0009070298647011962,0.07891268184438002,0.059230007326320236,0.020713550129302045,13.89639023469377
0.012738778227226112,0.06418829096710706,0.0021415410725102307,0.01063978858509379,0.05831569199127067,0.02296163010327921,13.899818521463244,0.012738778227226112,0.06418829096710706,0.0021415410725102307,0.01063978858509379,0.05831569199127067,0.02296163010327921,13.899818521463244
0.08397750183131963,0.02028426519655689,0.08733154058812569,0.09126982959860165,0.08910995161351104,0.024598062434288276,13.404586024582308,0.08397750183131963,0.02028426519655689,0.08733154058812569,0.09126982959860165,0.08910995161351104,0.024598062434288276,13.404586024582308
0.0815864924782934,0.0003972044040205791,0.0851612131813703,0.0,0.023221092804245714,0.01999513765239213,13.837518772110942,0.0815864924782934,0.0003972044040205791,0.0851612131813703,0.0,0.023221092804245714,0.01999513765239213,13.837518772110942
0.8603019222421389,0.10206548229825307,0.10397617067020848,0.11056352291907118,0.11530473165691317,0.0011568421809173626,11.507878868157949,0.8603019222421389,0.10206548229825307,0.10397617067020848,0.11056352291907118,0.11530473165691317,0.0011568421809173626,11.507878868157949
0.05911923132287103,0.06538958160713418,0.008662858845760908,0.0,0.0,0.019638538418192294,13.876346618958546,0.05911923132287103,0.06538958160713418,0.008662858845760908,0.0,0.0,0.019638538418192294,13.876346618958546
0.08172741409070534,0.0887084911910816,0.04664273012780564,0.008823044017038414,0.07992399282114629,0.03300728302759478,13.490189492772823,0.08172741409070534,0.0887084911910816,0.04664273012780564,0.008823044017038414,0.07992399282114629,0.03300728302759478,13.490189492772823
0.08299705259301962,0.0,0.07125843138735669,0.002058823028915427,0.09960970372779054,0.01946130717464665,13.672963896225909,0.08299705259301962,0.0,0.07125843138735669,0.002058823028915427,0.09960970372779054,0.01946130717464665,13.672963896225909
0.09151610395468388,0.0008581623865777654,0.08957669879301113,0.0010036919569251929,0.10126066446373289,0.019609758207116412,13.53721762822154,0.09151610395468388,0.0008581623865777654,0.08957669879301113,0.0010036919569251929,0.10126066446373289,0.019609758207116412,13.53721762822154
0.019320128015170246,5.269090623252683e-8,0.0,0.08608055145575745,0.07339942804741056,0.0224196599104288,13.80030022353422,0.019320128015170246,5.269090623252683e-8,0.0,0.08608055145575745,0.07339942804741056,0.0224196599104288,13.80030022353422
0.11019854120672673,0.0991764360211446,0.8583168527361691,0.09393929734422507,0.1018492652183782,0.00333959099680654,11.570279376021816,0.11019854120672673,0.0991764360211446,0.8583168527361691,0.09393929734422507,0.1018492652183782,0.00333959099680654,11.570279376021816
0.020890738287433444,0.0,0.08851006191906896,0.09261786331901553,0.09968844392898718,0.022117551516031994,13.661498994190435,0.020890738287433444,0.0,0.08851006191906896,0.09261786331901553,0.09968844392898718,0.022117551516031994,13.661498994190435
0.002647589600586807,0.09055059870557397,0.009028377772002744,0.08931473515012422,0.004726249545108224,0.0227603196795468,13.710582313667869,0.002647589600586807,0.09055059870557397,0.009028377772002744,0.08931473515012422,0.004726249545108224,0.0227603196795468,13.710582313667869
0.07568424108553112,0.00013137298671949104,0.0011646990122227419,0.08418281983433198,0.07998134384921085,0.021466298799199438,13.977325495797277,0.07568424108553112,0.00013137298671949104,0.0011646990122227419,0.08418281983433198,0.07998134384921085,0.021466298799199438,13.977325495797277
0.10076207614794222,0.11860834747042423,0.08938311821360054,0.8643181738588144,0.10203101446377788,0.0006425135523533548,11.55945573528019,0.10076207614794222,0.11860834747042423,0.08938311821360054,0.8643181738588144,0.10203101446377788,0.0006425135523533548,11.55945573528019
0.00041816259479519197,0.0032819473428913806,0.084456161070917,0.08490253086693182,0.0865427153674578,0.024271400382649203,13.677258621055849,0.00041816259479519197,0.0032819473428913806,0.084456161070917,0.08490253086693182,0.0865427153674578,0.024271400382649203,13.677258621055849
0.07740657603542239,0.08549967918877513,0.06991965532110689,0.001206951543962262,0.08335224619738796,0.02141095025496778,13.487252801882047,0.07740657603542239,0.08549967918877513,0.06991965532110689,0.001206951543962262,0.08335224619738796,0.02141095025496778,13.487252801882047
0.006879059989793594,0.004085886903637703,0.0,0.07650359340724618,0.0,0.024667946322484813,13.938627047235755,0.006879059989793594,0.004085886903637703,0.0,0.07650359340724618,0.0,0.024667946322484813,13.938627047235755
0.0,0.0,0.0,0.0,0.0,0.0,14.003475116061617,0.0,0.0,0.0,0.0,0.0,0.0,14.003475116061617
0.002484107173548633,0.08473027364381457,0.0768992399035936,0.0023085053766577837,0.004087763126916964,0.022766183917408277,13.818165354686506,0.002484107173548633,0.08473027364381457,0.0768992399035936,0.0023085053766577837,0.004087763126916964,0.022766183917408277,13.818165354686506
0.00039462203979996613,0.02212811058397257,0.0334831396074525,0.021089678361112335,0.05756520557628206,0.022101071927975453,13.807234420629321,0.00039462203979996613,0.02212811058397257,0.0334831396074525,0.021089678361112335,0.05756520557628206,0.022101071927975453,13.807234420629321
0.08745508759321591,0.08672217388797036,0.008967095793479901,0.004541822135666465,0.0040998078471495975,0.019002463638374097,13.73113415279816,0.08745508759321591,0.08672217388797036,0.008967095793479901,0.004541822135666465,0.0040998078471495975,0.019002463638374097,13.73113415279816
0.08745508759321591,0.08672217388797036,0.008967095793479908,0.09182605377107057,0.0040998078471495975,0.021924435104319018,13.514811009473378,0.08745508759321591,0.08672217388797036,0.008967095793479908,0.09182605377107057,0.0040998078471495975,0.021924435104319018,13.514811009473378
0.058547395779188174,0.08568679365558542,0.09386915599232783,0.000947564841173032,0.029624501161922542,0.01841426019049627,13.638851662043603,0.058547395779188174,0.08568679365558542,0.09386915599232783,0.000947564841173032,0.029624501161922542,0.01841426019049627,13.638851662043603
0.002564895519847357,0.09077874447469898,0.08491863861355523,0.08711140084925889,0.0,0.023102327744510417,13.55205666781405,0.002564895519847357,0.09077874447469898,0.08491863861355523,0.08711140084925889,0.0,0.023102327744510417,13.55205666781405
0.016659872488600472,0.08035362297543955,0.0022076512467412573,0.08161524683203669,0.09050278443904898,0.02443197912317032,13.751349837206202,0.016659872488600472,0.08035362297543955,0.0022076512467412573,0.08161524683203669,0.09050278443904898,0.02443197912317032,13.751349837206202
0.08172741409070536,0.005171301737723774,0.04714229774876494,0.007206145007321023,0.07992399282114629,0.03288546800738712,13.641345978085345,0.08172741409070536,0.005171301737723774,0.04714229774876494,0.007206145007321023,0.07992399282114629,0.03288546800738712,13.641345978085345
0.0,0.00661479779435658,0.00266938632941619,0.0,0.0,0.019996986265694495,13.970666169207654,0.0,0.00661479779435658,0.00266938632941619,0.0,0.0,0.019996986265694495,13.970666169207654
0.005295995927204655,0.08569662507488239,0.08324429657061397,0.001900133106557571,0.08874603565571801,0.02195295761382224,13.527457262170755,0.005295995927204655,0.08569662507488239,0.08324429657061397,0.001900133106557571,0.08874603565571801,0.02195295761382224,13.527457262170755
0.006195648107729157,0.0007900746999547556,0.08804533306641507,0.08868277347514479,0.0003572138281921766,0.021291738699510475,13.708060724723593,0.006195648107729157,0.0007900746999547556,0.08804533306641507,0.08868277347514479,0.0003572138281921766,0.021291738699510475,13.708060724723593
0.019320128015170246,5.269090623252683e-8,0.0,0.06498198539957557,0.07335541522554204,0.0224196599104288,13.991292522183198,0.019320128015170246,5.269090623252683e-8,0.0,0.06498198539957557,0.07335541522554204,0.0224196599104288,13.991292522183198
0.11238367123081519,0.10403156688075516,0.10361786552005746,0.0947283620996559,0.8589805714134076,0.0055178101148815285,11.547318999800801,0.11238367123081519,0.10403156688075516,0.10361786552005746,0.0947283620996559,0.8589805714134076,0.0055178101148815285,11.547318999800801
0.07780233781083504,0.0018325936599528012,0.08398910774534407,0.0019123259674383442,0.08196678831182341,0.019962544136605316,13.669946645488425,0.07780233781083504,0.0018325936599528012,0.08398910774534407,0.0019123259674383442,0.08196678831182341,0.019962544136605316,13.669946645488425
0.08526095393028842,0.08897765949352568,0.08366619037797841,0.09116954049621145,0.08785058905128235,0.019464216041573078,13.608632345869156,0.08526095393028842,0.08897765949352568,0.08366619037797841,0.09116954049621145,0.08785058905128235,0.019464216041573078,13.608632345869156
0.06626176819961371,0.0016917042908348916,0.0,0.0030744043463137305,0.0084328279758559,0.021344471554102483,13.888359768179761,0.06626176819961371,0.0016917042908348916,0.0,0.0030744043463137305,0.0084328279758559,0.021344471554102483,13.888359768179761
0.08079264753259344,0.0,0.015301946689262838,0.07774290303840024,0.001516695875506617,0.024644573868293395,13.869506636386859,0.08079264753259344,0.0,0.015301946689262838,0.07774290303840024,0.001516695875506617,0.024644573868293395,13.869506636386859
0.004884199479754936,0.005752486605441726,0.0726678444207849,0.08541630562133934,0.025260323984089866,0.023178119152649113,13.698043256729344,0.004884199479754936,0.005752486605441726,0.0726678444207849,0.08541630562133934,0.025260323984089866,0.023178119152649113,13.698043256729344
0.0,0.00017429091629805188,0.08636002854490693,0.09286249438814442,0.08746780394115149,0.024874389302805677,13.624020748012487,0.0,0.00017429091629805188,0.08636002854490693,0.09286249438814442,0.08746780394115149,0.024874389302805677,13.624020748012487
0.09219287149245345,0.09046415374555161,0.08800532341051326,0.0786510875687859,0.0006587489216214326,0.022173924717629766,13.41206872935488,0.09219287149245345,0.09046415374555161,0.08800532341051326,0.0786510875687859,0.0006587489216214326,0.022173924717629766,13.41206872935488
0.0841049780744793,0.00008426945330539375,0.001446606367682235,0.017828465087047607,0.07992529996217967,0.024421037978121667,13.722829512350653,0.0841049780744793,0.00008426945330539375,0.001446606367682235,0.017828465087047607,0.07992529996217967,0.024421037978121667,13.722829512350653
0.005442688435864956,0.0,0.0027464537355543356,0.08249817857320041,0.08152265036749645,0.022955012679606417,13.831909733218636,0.005442688435864956,0.0,0.0027464537355543356,0.08249817857320041,0.08152265036749645,0.022955012679606417,13.831909733218636
0.084918785201917,0.08752967675114057,0.08949562321888174,0.0,0.045467525158212944,0.02442988856145062,13.510808775787421,0.084918785201917,0.08752967675114057,0.08949562321888174,0.0,0.045467525158212944,0.02442988856145062,13.510808775787421
0.09164342899430436,0.08879930544641709,0.01084871807389163,0.005259998397681251,0.0025067053629593272,0.02288364112199734,13.68438980316899,0.09164342899430436,0.08879930544641709,0.01084871807389163,0.005259998397681251,0.0025067053629593272,0.02288364112199734,13.68438980316899
0.08715188075318636,0.08938923830528753,0.08483849230804602,0.0026502044363236332,0.000020916266592604926,0.02487138278826823,13.872505493552074,0.08715188075318636,0.08938923830528753,0.08483849230804602,0.0026502044363236332,0.000020916266592604926,0.02487138278826823,13.872505493552074
0.013014711528486489,0.08579006367863548,0.008287246782191927,0.09242623969026731,0.08647388669158511,0.021390945493183718,13.530894534136998,0.013014711528486489,0.08579006367863548,0.008287246782191927,0.09242623969026731,0.08647388669158511,0.021390945493183718,13.530894534136998
0.0046011838976281055,0.08035362297543955,0.0013964501197500784,0.004671093980397875,0.018884127855653642,0.024747749210916624,13.912162782041579,0.0046011838976281055,0.08035362297543955,0.0013964501197500784,0.004671093980397875,0.018884127855653642,0.024747749210916624,13.912162782041579
0.000526099267576588,0.02242871874374821,0.06897043568630004,0.010593354710960286,0.05883822219281625,0.02208956149653,13.901320198280837,0.000526099267576588,0.02242871874374821,0.06897043568630004,0.010593354710960286,0.05883822219281625,0.02208956149653,13.901320198280837
0.0019956722150415163,0.08790314445171243,0.0009446790498393101,0.0867502785336762,0.08456602720193668,0.02455945734024101,13.803457077902682,0.0019956722150415163,0.08790314445171243,0.0009446790498393101,0.0867502785336762,0.08456602720193668,0.02455945734024101,13.803457077902682
0.058168683527619836,0.0003122077236887991,0.06938113853256558,0.01049217925591444,0.05801550870416442,0.021443176152149142,13.747375794533728,0.058168683527619836,0.0003122077236887991,0.06938113853256558,0.01049217925591444,0.05801550870416442,0.021443176152149142,13.747375794533728
0.08344178948402126,0.08827967981920157,0.0,0.09852787184311007,0.08412349552200793,0.022731419894012617,13.473006856380305,0.08344178948402126,0.08827967981920157,0.0,0.09852787184311007,0.08412349552200793,0.022731419894012617,13.473006856380305
0.008099214076606256,0.08733565131159933,0.08710052896877205,0.0889037937480973,0.08826874271111618,0.02281362241619638,13.449619782624678,0.008099214076606256,0.08733565131159933,0.08710052896877205,0.0889037937480973,0.08826874271111618,0.02281362241619638,13.449619782624678
0.08709211078635677,0.09063084544080693,0.001457548935236093,0.08686152009895345,0.09609688002410458,0.023173963634778243,13.446652145906825,0.08709211078635677,0.09063084544080693,0.001457548935236093,0.08686152009895345,0.09609688002410458,0.023173963634778243,13.446652145906825
0.0,0.0653157131580284,0.05541889997460364,0.06867418087730282,0.010111496489041971,0.020701076469896162,13.69482261014886,0.0,0.0653157131580284,0.05541889997460364,0.06867418087730282,0.010111496489041971,0.020701076469896162,13.69482261014886
0.08745028721560771,0.08549008784439421,0.0055286616588789556,0.004810831280830395,0.09316027458694623,0.02445980084965407,13.534314482132999,0.08745028721560771,0.08549008784439421,0.0055286616588789556,0.004810831280830395,0.09316027458694623,0.02445980084965407,13.534314482132999
0.11255106404664528,0.8570667410369484,0.10368703803443147,0.10754794593702283,0.0888830292192818,0.003972716913940244,11.552342685281404,0.11255106404664528,0.8570667410369484,0.10368703803443147,0.10754794593702283,0.0888830292192818,0.003972716913940244,11.552342685281404
0.08021527974496895,0.0,0.0047017857446244584,0.08214042834939997,0.08068858975994676,0.021132303538547267,13.688237611358385,0.08021527974496895,0.0,0.0047017857446244584,0.08214042834939997,0.08068858975994676,0.021132303538547267,13.688237611358385
0.06129378173085594,0.0,0.0068776747933920745,0.06756010370160004,0.060037947604361444,0.02466984767792179,13.77700596866948,0.06129378173085594,0.0,0.0068776747933920745,0.06756010370160004,0.060037947604361444,0.02466984767792179,13.77700596866948
0.08157836706304969,0.00017429091629805882,0.0835799191639905,0.09286249438814442,0.0642110621547365,0.021972340655965237,13.546428109950453,0.08157836706304969,0.00017429091629805882,0.0835799191639905,0.09286249438814442,0.0642110621547365,0.021972340655965237,13.546428109950453
0.00288710206611216,0.0,0.08719430910844403,0.0801901938147279,0.025186222394142088,0.023036052660372893,13.689929879882769,0.00288710206611216,0.0,0.08719430910844403,0.0801901938147279,0.025186222394142088,0.023036052660372893,13.689929879882769
0.004763500386869977,0.07168810666272152,0.07060392377140258,0.007336879886150435,0.05808672774493134,0.024871318459159783,13.640949385634526,0.004763500386869977,0.07168810666272152,0.07060392377140258,0.007336879886150435,0.05808672774493134,0.024871318459159783,13.640949385634526
0.07981341690586982,0.00411339831449159,0.0,0.08940699848549438,0.09024863891832706,0.020858086756356975,13.784402650685255,0.07981341690586982,0.00411339831449159,0.0,0.08940699848549438,0.09024863891832706,0.020858086756356975,13.784402650685255
0.08358216469333492,0.08790314445171243,0.0012908546537730992,0.0867502785336762,0.023104929671577012,0.024557608726938643,13.8879636852793,0.08358216469333492,0.08790314445171243,0.0012908546537730992,0.0867502785336762,0.023104929671577012,0.024557608726938643,13.8879636852793
0.08745508759321591,0.005147453782540522,0.08454215259776213,0.09132068407943801,0.02428497205345509,0.021976278491211754,13.493252358672843,0.08745508759321591,0.005147453782540522,0.08454215259776213,0.09132068407943801,0.02428497205345509,0.021976278491211754,13.493252358672843
0.002484107173548633,0.0026866313623366833,0.07534244788111431,0.0,0.08028251379037185,0.022766183917408277,13.844938303460221,0.002484107173548633,0.0026866313623366833,0.07534244788111431,0.0,0.08028251379037185,0.022766183917408277,13.844938303460221
0.09451591068839182,0.09821531052808692,0.09747576271715439,0.0873178824555339,0.10097312076242888,0.01856706906745749,13.245113326880478,0.09451591068839182,0.09821531052808692,0.09747576271715439,0.0873178824555339,0.10097312076242888,0.01856706906745749,13.245113326880478
0.0581842016790414,0.003737269757866188,0.0,0.010158983633784965,0.05823714168656046,0.021462535549132675,13.841450401853084,0.0581842016790414,0.003737269757866188,0.0,0.010158983633784965,0.05823714168656046,0.021462535549132675,13.841450401853084
0.07772617336773574,0.0018325936599528012,0.07010248587505755,0.0019123259674383372,0.0294416534900462,0.019956552120724627,13.870997862484161,0.07772617336773574,0.0018325936599528012,0.07010248587505755,0.0019123259674383372,0.0294416534900462,0.019956552120724627,13.870997862484161
0.08690104236549459,0.00008876651587481216,0.08436218667852591,0.0,0.08954832798355551,0.020865130183985288,13.53094042271892,0.08690104236549459,0.00008876651587481216,0.08436218667852591,0.0,0.08954832798355551,0.020865130183985288,13.53094042271892
0.006130174840265384,0.0880854575883421,0.006151143947285775,0.08840782907974737,0.01843972351341397,0.021291738699510475,13.674220659332995,0.006130174840265384,0.0880854575883421,0.006151143947285775,0.08840782907974737,0.01843972351341397,0.021291738699510475,13.674220659332995
0.03327514143350466,0.004555507470164449,0.0054778636479335535,0.08990237351213605,0.1010843434739542,0.02512259129420951,13.638278255583886,0.03327514143350466,0.004555507470164449,0.0054778636479335535,0.08990237351213605,0.1010843434739542,0.02512259129420951,13.638278255583886
0.08617578499755363,0.020537998544393907,0.0873318649068541,0.09120330640671631,0.09378265283359727,0.01944255669974774,13.419587339020516,0.08617578499755363,0.020537998544393907,0.0873318649068541,0.09120330640671631,0.09378265283359727,0.01944255669974774,13.419587339020516
0.008893895927839145,0.0,0.0,0.09268771405136356,0.08452231282576764,0.023987768087323086,13.767227691410229,0.008893895927839145,0.0,0.0,0.09268771405136356,0.08452231282576764,0.023987768087323086,13.767227691410229
0.08817409993422373,0.08923051597281531,0.08483849230804603,0.08840782907974737,0.09773801753907892,0.019586439002016835,13.392343540656153,0.08817409993422373,0.08923051597281531,0.08483849230804603,0.08840782907974737,0.09773801753907892,0.019586439002016835,13.392343540656153
0.002422163648262754,0.08569662507488238,0.08728516749873806,0.002487610463889102,0.08874603565571798,0.025900689786205886,13.603704421885311,0.002422163648262754,0.08569662507488238,0.08728516749873806,0.002487610463889102,0.08874603565571798,0.025900689786205886,13.603704421885311
0.0883252747845767,0.08568763328734871,0.0,0.09079291447973212,0.09805991379143336,0.011089919551797976,13.714854148835865,0.0883252747845767,0.08568763328734871,0.0,0.09079291447973212,0.09805991379143336,0.011089919551797976,13.714854148835865
0.06282574381813444,0.07485996333410004,0.048614280974151214,0.002088000234364791,0.09041900715305315,0.02562621958496001,13.633849190394297,0.06282574381813444,0.07485996333410004,0.048614280974151214,0.002088000234364791,0.09041900715305315,0.02562621958496001,13.633849190394297
0.08025240844839474,0.16401308134906323,0.09193932202088728,0.08287949895771742,0.024796703786154305,0.021177299657762074,13.24210343728015,0.08025240844839474,0.16401308134906323,0.09193932202088728,0.08287949895771742,0.024796703786154305,0.021177299657762074,13.24210343728015
0.019846547378468388,0.09760352509726229,0.10736142102373955,0.09184539473484177,0.08806152873692344,0.02456980037849118,13.371898901890871,0.019846547378468388,0.09760352509726229,0.10736142102373955,0.09184539473484177,0.08806152873692344,0.02456980037849118,13.371898901890871
0.08907918886525462,0.08989159603843502,0.07864193557308446,0.09713411543472387,0.0781400455769038,0.019248202096528597,13.367885379705871,0.08907918886525462,0.08989159603843502,0.07864193557308446,0.09713411543472387,0.0781400455769038,0.019248202096528597,13.367885379705871
0.08809614822312484,0.09453702584324469,0.07313983550503088,0.0737859754628995,0.09024455292590208,0.021320607758535153,13.485645410631859,0.08809614822312484,0.09453702584324469,0.07313983550503088,0.0737859754628995,0.09024455292590208,0.021320607758535153,13.485645410631859
0.08613151385731732,0.031863604324677455,0.08836873383002437,0.08061232833211134,0.09486573931642238,0.024639989434971192,13.441364048852913,0.08613151385731732,0.031863604324677455,0.08836873383002437,0.08061232833211134,0.09486573931642238,0.024639989434971192,13.441364048852913
0.0019375158836988787,0.0972253073273888,0.02801584639330565,0.0010049063609740838,0.09293153528542109,0.02283084051680219,13.691704368239034,0.0019375158836988787,0.0972253073273888,0.02801584639330565,0.0010049063609740838,0.09293153528542109,0.02283084051680219,13.691704368239034
0.08529840643566458,0.0,0.0883500951620377,0.09088292052158015,0.08785058905128236,0.018655371967446335,13.680866778126598,0.08529840643566458,0.0,0.0883500951620377,0.09088292052158015,0.08785058905128236,0.018655371967446335,13.680866778126598
0.009769189598473393,0.00010516193561663223,0.08448289493459378,0.0005339405316069842,0.08659124883144459,0.02462352557141017,13.9004148539462,0.009769189598473393,0.00010516193561663223,0.08448289493459378,0.0005339405316069842,0.08659124883144459,0.02462352557141017,13.9004148539462
0.07344173352752842,0.0036538615163984184,0.0026547152475785013,0.09182605377107057,0.0047589417808856956,0.01947549446079519,13.96806738548388,0.07344173352752842,0.0036538615163984184,0.0026547152475785013,0.09182605377107057,0.0047589417808856956,0.01947549446079519,13.96806738548388
0.08350340108518084,0.0011685686618286562,0.004438657477675453,0.08232702052248975,0.10206023837253121,0.01958065995577738,13.509760823524775,0.08350340108518084,0.0011685686618286562,0.004438657477675453,0.08232702052248975,0.10206023837253121,0.01958065995577738,13.509760823524775
0.0585978753415789,0.0,0.08454697134558535,0.0023794364326885815,0.09816067393383354,0.02446158694664733,13.994378345138111,0.0585978753415789,0.0,0.08454697134558535,0.0023794364326885815,0.09816067393383354,0.02446158694664733,13.994378345138111
0.09466284723029864,0.07525589399767746,0.0018991199754176417,0.8670923847825021,0.004726861610709988,0.02529121074860148,12.292807311282214,0.09466284723029864,0.07525589399767746,0.0018991199754176417,0.8670923847825021,0.004726861610709988,0.02529121074860148,12.292807311282214
0.0846894555145968,0.0,0.08802940081046262,0.08687101484402236,0.0899190250796235,0.02286166243826125,13.487727589717634,0.0846894555145968,0.0,0.08802940081046262,0.08687101484402236,0.0899190250796235,0.02286166243826125,13.487727589717634
0.09677749708593819,0.0016601315746545275,0.08524845100560938,0.09316425855140267,0.05352775309924654,0.019701219465214657,13.48600656217166,0.09677749708593819,0.0016601315746545275,0.08524845100560938,0.09316425855140267,0.05352775309924654,0.019701219465214657,13.48600656217166
0.08405858929983817,0.08633711326348756,0.08908375270223297,0.09011302589640714,0.0879141492616149,0.018686726910647267,13.476543425278603,0.08405858929983817,0.08633711326348756,0.08908375270223297,0.09011302589640714,0.0879141492616149,0.018686726910647267,13.476543425278603
0.00036278854686679833,0.08843262935125663,0.08802940081046262,0.09750369577344704,0.0,0.022483049643063774,13.583292641020941,0.00036278854686679833,0.08843262935125663,0.08802940081046262,0.09750369577344704,0.0,0.022483049643063774,13.583292641020941
0.08907918886525462,0.0652809071929015,0.08836447362212671,0.09704039746961093,0.0862111661058584,0.01946518652674596,13.499382671052578,0.08907918886525462,0.0652809071929015,0.08836447362212671,0.09704039746961093,0.0862111661058584,0.01946518652674596,13.499382671052578
0.08524491094064712,0.09872743843371512,0.06732841537174329,0.08880374963902103,0.08894060420661197,0.02392949068455765,13.281240931449911,0.08524491094064712,0.09872743843371512,0.06732841537174329,0.08880374963902103,0.08894060420661197,0.02392949068455765,13.281240931449911
0.0,0.0042056093684875034,0.08116657232060048,0.07062275723082057,0.10334719418772634,0.02326211290239901,13.633523978431727,0.0,0.0042056093684875034,0.08116657232060048,0.07062275723082057,0.10334719418772634,0.02326211290239901,13.633523978431727
0.058729201528781264,0.08828725106574647,0.08899929443942518,0.09647497610400571,0.0962306437595048,0.023302747805231033,13.353937465548594,0.058729201528781264,0.08828725106574647,0.08899929443942518,0.09647497610400571,0.0962306437595048,0.023302747805231033,13.353937465548594
0.09466079341981586,0.08778350208631344,0.08362002997295909,0.09514972974627234,0.08887561317769849,0.018442592614611203,13.503491494138416,0.09466079341981586,0.08778350208631344,0.08362002997295909,0.09514972974627234,0.08887561317769849,0.018442592614611203,13.503491494138416
0.0,0.08986655082753084,0.08427605518115229,0.09225961080915583,0.002373172222127573,0.024473446601118633,13.860286396251817,0.0,0.08986655082753084,0.08427605518115229,0.09225961080915583,0.002373172222127573,0.024473446601118633,13.860286396251817
0.0834891459762553,0.09056905452278577,0.08743349227824947,0.09315996322324488,0.10021727200983495,0.024761758797563795,13.236933405968035,0.0834891459762553,0.09056905452278577,0.08743349227824947,0.09315996322324488,0.10021727200983495,0.024761758797563795,13.236933405968035
0.08879772837881192,0.0,0.0,0.08450362442434212,0.09988797546934458,0.021174460948493238,13.575601313338158,0.08879772837881192,0.0,0.0,0.08450362442434212,0.09988797546934458,0.021174460948493238,13.575601313338158
0.0032272873209757266,0.09459854184555837,0.08116657232060048,0.0714647489934884,0.10334719418772634,0.021993299359543854,13.478065484365054,0.0032272873209757266,0.09459854184555837,0.08116657232060048,0.0714647489934884,0.10334719418772634,0.021993299359543854,13.478065484365054
0.0,0.05537659001178105,0.09429512159294492,0.08744070595860978,0.07289612783615186,0.021552841390217035,13.589662789889465,0.0,0.05537659001178105,0.09429512159294492,0.08744070595860978,0.07289612783615186,0.021552841390217035,13.589662789889465
0.08690104236549459,0.0000887665158748191,0.1399273675676882,0.002320081872885474,0.08885784021728031,0.020865130183985288,13.428739849964265,0.08690104236549459,0.0000887665158748191,0.1399273675676882,0.002320081872885474,0.08885784021728031,0.020865130183985288,13.428739849964265
0.003832579236616635,0.002100140875493574,0.08693707533328274,0.0026136594869432817,0.0815102965679979,0.02277013495060566,13.922583190526101,0.003832579236616635,0.002100140875493574,0.08693707533328274,0.0026136594869432817,0.0815102965679979,0.02277013495060566,13.922583190526101
0.08880968717778984,0.09314360860365886,0.011905587347425632,0.08409813044800088,0.049663745088647765,0.024181011056925966,13.457078188000288,0.08880968717778984,0.09314360860365886,0.011905587347425632,0.08409813044800088,0.049663745088647765,0.024181011056925966,13.457078188000288
0.05896419050712238,0.09136181319604242,0.0,0.11003720331711975,0.00007275794444092879,0.02553616208864376,13.758848222654251,0.05896419050712238,0.09136181319604242,0.0,0.11003720331711975,0.00007275794444092879,0.02553616208864376,13.758848222654251
0.11187307277669857,0.0,0.8583168527361691,0.07291850439032309,0.1018492652183782,0.00333959099680654,11.852319106735683,0.11187307277669857,0.0,0.8583168527361691,0.07291850439032309,0.1018492652183782,0.00333959099680654,11.852319106735683
0.08289686965997123,0.09313311262670418,0.08523650440133027,0.08646134074311294,0.0008611609963111583,0.023123624274422248,13.633665486526754,0.08289686965997123,0.09313311262670418,0.08523650440133027,0.08646134074311294,0.0008611609963111583,0.023123624274422248,13.633665486526754
0.08526729078969447,0.0,0.015301946689262838,0.08988469696544363,0.001862644909938982,0.024649392210815725,13.686879280236813,0.08526729078969447,0.0,0.015301946689262838,0.08988469696544363,0.001862644909938982,0.024649392210815725,13.686879280236813
0.11412576696310604,0.003424851246222299,0.10318494798591196,0.010014141186639451,0.061432770555439,0.02571133228364235,13.58653317910131,0.11412576696310604,0.003424851246222299,0.10318494798591196,0.010014141186639451,0.061432770555439,0.02571133228364235,13.58653317910131
0.08300635187437573,0.00499004984614055,0.08454215259776213,0.001154385463136634,0.02428497205345509,0.021976278491211754,13.662434427889135,0.08300635187437573,0.00499004984614055,0.08454215259776213,0.001154385463136634,0.02428497205345509,0.021976278491211754,13.662434427889135
0.07795222217064793,0.08537303309296033,0.08350869897716384,0.001565340757559347,0.0878362255747065,0.02151707814683097,13.420924641308439,0.07795222217064793,0.08537303309296033,0.08350869897716384,0.001565340757559347,0.0878362255747065,0.02151707814683097,13.420924641308439
0.005442688435864956,0.0,0.030189483295283627,0.084182819834332,0.07965833254578054,0.022845977994212213,13.76016111889178,0.005442688435864956,0.0,0.030189483295283627,0.084182819834332,0.07965833254578054,0.022845977994212213,13.76016111889178
0.06561485647739776,0.0,0.07875663733901564,0.09433215374448886,0.0782876741353552,0.021344471554102483,13.552141415065625,0.06561485647739776,0.0,0.07875663733901564,0.09433215374448886,0.0782876741353552,0.021344471554102483,13.552141415065625
0.07981341690586982,0.00411339831449159,0.0016014653775528118,0.08940699848549438,0.08869690744388783,0.020847114722430032,13.583115817500028,0.07981341690586982,0.00411339831449159,0.0016014653775528118,0.08940699848549438,0.08869690744388783,0.020847114722430032,13.583115817500028
0.0018887177350230822,0.1016594454755223,0.08836026037522823,0.09893669350364497,0.02937649669935373,0.02532789276735063,13.422197295876256,0.0018887177350230822,0.1016594454755223,0.08836026037522823,0.09893669350364497,0.02937649669935373,0.02532789276735063,13.422197295876256
0.00016021443740943386,0.0032763629891624513,0.08835852460641486,0.08681551943274303,0.08578765788805043,0.024695008428988176,13.660154523031181,0.00016021443740943386,0.0032763629891624513,0.08835852460641486,0.08681551943274303,0.08578765788805043,0.024695008428988176,13.660154523031181
0.009932933515700106,0.08999983615034764,0.002229348461295827,0.09297579029965866,0.09217302258913335,0.019336529628315353,13.497521040171032,0.009932933515700106,0.08999983615034764,0.002229348461295827,0.09297579029965866,0.09217302258913335,0.019336529628315353,13.497521040171032
0.09451591068839182,0.09458572192502007,0.08857016514297734,0.09352569726324339,0.10097795102158508,0.01856706906745749,13.311961864000338,0.09451591068839182,0.09458572192502007,0.08857016514297734,0.09352569726324339,0.10097795102158508,0.01856706906745749,13.311961864000338
0.12257983884994941,0.09281629863917529,0.09425623851618614,0.07834998527776102,0.004495214283870552,0.024714947279036288,13.360180426807823,0.12257983884994941,0.09281629863917529,0.09425623851618614,0.07834998527776102,0.004495214283870552,0.024714947279036288,13.360180426807823
0.09681050169404462,0.09017258008209533,0.00222934846129582,0.09297579029965866,0.09202493129036748,0.019368774979986392,13.33413529527059,0.09681050169404462,0.09017258008209533,0.00222934846129582,0.09297579029965866,0.09202493129036748,0.019368774979986392,13.33413529527059
0.09978783808548158,0.09073636795566359,0.0,0.0023465496581995377,0.09601510547583489,0.01973911807584857,13.669095786261408,0.09978783808548158,0.09073636795566359,0.0,0.0023465496581995377,0.09601510547583489,0.01973911807584857,13.669095786261408
0.0883613855575136,0.0,0.08468753010530716,0.07095844083403345,0.08954143949253054,0.020904193366194382,13.455674498881512,0.0883613855575136,0.0,0.08468753010530716,0.07095844083403345,0.08954143949253054,0.020904193366194382,13.455674498881512
0.08703164243975212,0.0,0.07903780226362786,0.11525971207447003,0.07890862534610696,0.025446943762153368,13.400723198879898,0.08703164243975212,0.0,0.07903780226362786,0.11525971207447003,0.07890862534610696,0.025446943762153368,13.400723198879898
0.08218503481899395,0.09459321702757614,0.0859752839731579,0.00814284796997456,0.08166407869338399,0.022772824030128716,13.546212892327924,0.08218503481899395,0.09459321702757614,0.0859752839731579,0.00814284796997456,0.08166407869338399,0.022772824030128716,13.546212892327924
0.8046982696016498,0.002190207508168828,0.07493549316799326,0.09429073692659534,0.08028251379037185,0.02538359082925388,12.302499971030104,0.8046982696016498,0.002190207508168828,0.07493549316799326,0.09429073692659534,0.08028251379037185,0.02538359082925388,12.302499971030104
0.006078130863032653,0.08934143937942945,0.08741661473645873,0.010762348749752099,0.10115944400025098,0.022776750370658076,13.486714177477717,0.006078130863032653,0.08934143937942945,0.08741661473645873,0.010762348749752099,0.10115944400025098,0.022776750370658076,13.486714177477717
0.09149426344751356,0.0,0.06847963530316808,0.0914346734734105,0.08926415867058551,0.019620314700098552,13.428130835794853,0.09149426344751356,0.0,0.06847963530316808,0.0914346734734105,0.08926415867058551,0.019620314700098552,13.428130835794853
0.08440562246724426,0.09081884049481481,0.10412935172879591,0.10603675579011757,0.9142492062727852,0.025431114035087837,11.868218275081766,0.08440562246724426,0.09081884049481481,0.10412935172879591,0.10603675579011757,0.9142492062727852,0.025431114035087837,11.868218275081766
0.08662628118290075,0.09456600236369091,0.010928356827124737,0.10624120234439086,0.1012122039691721,0.01757400875819806,13.372769998445774,0.08662628118290075,0.09456600236369091,0.010928356827124737,0.10624120234439086,0.1012122039691721,0.01757400875819806,13.372769998445774
0.06770644607944297,0.0016601315746545275,0.08576616594543032,0.09171900440994885,0.09711887559599394,0.019701219465214657,13.459449431334916,0.06770644607944297,0.0016601315746545275,0.08576616594543032,0.09171900440994885,0.09711887559599394,0.019701219465214657,13.459449431334916
0.08349508357211276,0.09056905452278577,0.008983738840264169,0.09278944694363944,0.05935913503668866,0.024761758797563795,13.540056626681704,0.08349508357211276,0.09056905452278577,0.008983738840264169,0.09278944694363944,0.05935913503668866,0.024761758797563795,13.540056626681704
0.08830113745396684,0.0004448543173679667,0.08468753010530716,0.09122096490949909,0.08954143949253052,0.02084753413664909,13.550095854576227,0.08830113745396684,0.0004448543173679667,0.08468753010530716,0.09122096490949909,0.08954143949253052,0.02084753413664909,13.550095854576227
0.09471625309881457,0.0898519220842319,0.08936218727181683,0.08999532661560286,0.08905296855384921,0.01940255156680983,13.343790559477704,0.09471625309881457,0.0898519220842319,0.08936218727181683,0.08999532661560286,0.08905296855384921,0.01940255156680983,13.343790559477704
0.002114410982657869,0.08972641394380503,0.0876861495470194,0.0009387984334134486,0.09160854600042738,0.008593244038593567,13.887256041567293,0.002114410982657869,0.08972641394380503,0.0876861495470194,0.0009387984334134486,0.09160854600042738,0.008593244038593567,13.887256041567293
0.0588386912513629,0.08567808574440669,0.08732368922076214,0.000947564841173032,0.029624501161922542,0.024456673704625245,13.660541366832769,0.0588386912513629,0.08567808574440669,0.08732368922076214,0.000947564841173032,0.029624501161922542,0.024456673704625245,13.660541366832769
0.0,0.09113893595488648,0.10368703803443147,0.1080681964953171,0.07224227093732624,0.024772484482590333,13.446275138026985,0.0,0.09113893595488648,0.10368703803443147,0.1080681964953171,0.07224227093732624,0.024772484482590333,13.446275138026985
0.0891390542213829,0.8495997813633747,0.10368703803443147,0.11277913799499853,0.0888830292192818,0.025363991090752193,11.587988870064109,0.0891390542213829,0.8495997813633747,0.10368703803443147,0.11277913799499853,0.0888830292192818,0.025363991090752193,11.587988870064109
0.07218651594046534,0.0034980740213957084,0.08800421814736217,0.09363533646021252,0.09369017663347978,0.017964281251823956,13.621100985621458,0.07218651594046534,0.0034980740213957084,0.08800421814736217,0.09363533646021252,0.09369017663347978,0.017964281251823956,13.621100985621458
0.08438837774200869,0.09069134574850563,0.0924648724512783,0.09510565943481109,0.0831624009138123,0.019674080043452197,13.30557695331454,0.08438837774200869,0.09069134574850563,0.0924648724512783,0.09510565943481109,0.0831624009138123,0.019674080043452197,13.30557695331454
0.08854707012150208,0.0,0.0975204641325095,0.09260373434171279,0.0,0.021946128865230417,13.538325027119269,0.08854707012150208,0.0,0.0975204641325095,0.09260373434171279,0.0,0.021946128865230417,13.538325027119269
0.07772822254630622,0.2075922665680961,0.08285985632562562,0.0016815238348058727,0.024570909130425245,0.1054393336052244,13.598323785399593,0.07772822254630622,0.2075922665680961,0.08285985632562562,0.0016815238348058727,0.024570909130425245,0.1054393336052244,13.598323785399593
0.08650983696326801,0.08855582166527515,0.09135500982058123,0.0908429248628751,0.0016559793529190966,0.022883641121997346,13.484044648056528,0.08650983696326801,0.08855582166527515,0.09135500982058123,0.0908429248628751,0.0016559793529190966,0.022883641121997346,13.484044648056528
0.002637017754382645,0.08972641394380503,0.08800073406390374,0.08606352472739923,0.09074110459152285,0.02198749557196243,13.432006676844933,0.002637017754382645,0.08972641394380503,0.08800073406390374,0.08606352472739923,0.09074110459152285,0.02198749557196243,13.432006676844933
0.0,0.0653157131580284,0.0847987502895379,0.06880399734104387,0.010111496489041971,0.020701076469896162,13.62833304563801,0.0,0.0653157131580284,0.0847987502895379,0.06880399734104387,0.010111496489041971,0.020701076469896162,13.62833304563801
0.06626176819961371,0.0,0.0,0.09134062282535332,0.0782876741353552,0.021344471554102483,13.62107321339949,0.06626176819961371,0.0,0.0,0.09134062282535332,0.0782876741353552,0.021344471554102483,13.62107321339949
0.08158700322109325,0.0942363994425619,0.08189200314107212,0.10956044548925119,0.05392782412874758,0.025564582882836147,13.27354778714047,0.08158700322109325,0.0942363994425619,0.08189200314107212,0.10956044548925119,0.05392782412874758,0.025564582882836147,13.27354778714047
0.07768245401250948,0.08672217388797036,0.008967095793479915,0.092416377548105,0.002346333685815022,0.021464221628722305,13.632737590597497,0.07768245401250948,0.08672217388797036,0.008967095793479915,0.092416377548105,0.002346333685815022,0.021464221628722305,13.632737590597497
0.07740657603542239,0.08549967918877514,0.06991965532110689,0.001206951543962262,0.08335224619738796,0.02141095025496778,13.461768817874733,0.07740657603542239,0.08549967918877514,0.06991965532110689,0.001206951543962262,0.08335224619738796,0.02141095025496778,13.461768817874733
0.00493383414942191,0.0,0.007848318051388262,0.0909397864677889,0.08786260856380676,0.022399406960136467,13.802088526511461,0.00493383414942191,0.0,0.007848318051388262,0.0909397864677889,0.08786260856380676,0.022399406960136467,13.802088526511461
0.0941906523012787,0.00043843165233189985,0.010038862779963298,0.09385411933842384,0.0,0.01964782504913027,13.718783956447867,0.0941906523012787,0.00043843165233189985,0.010038862779963298,0.09385411933842384,0.0,0.01964782504913027,13.718783956447867
0.08528058362198457,0.08897765949352568,0.0,0.09116954049621145,0.08785058905128235,0.018655371967446335,13.707603521453802,0.08528058362198457,0.08897765949352568,0.0,0.09116954049621145,0.08785058905128235,0.018655371967446335,13.707603521453802
0.8107009764235185,0.09370468374638027,0.00016490242550903228,0.044951002082395886,0.08900266402452085,0.024302440802126075,12.145922775192856,0.8107009764235185,0.09370468374638027,0.00016490242550903228,0.044951002082395886,0.08900266402452085,0.024302440802126075,12.145922775192856
0.058729201528781264,0.08828725106574647,0.0,0.09720712905724006,0.08911449959259861,0.023302747805231033,13.524502282214648,0.058729201528781264,0.08828725106574647,0.0,0.09720712905724006,0.08911449959259861,0.023302747805231033,13.524502282214648
0.09135213822449853,0.09066308752502661,0.06732841537174328,0.08541232357215525,0.06393160636502171,0.02392949068455765,13.305544732290373,0.09135213822449853,0.09066308752502661,0.06732841537174328,0.08541232357215525,0.06393160636502171,0.02392949068455765,13.305544732290373
0.08862694202297168,0.0,0.08548291569113939,0.11639091129985417,0.0,0.02488070994168504,13.73492945897953,0.08862694202297168,0.0,0.08548291569113939,0.11639091129985417,0.0,0.02488070994168504,13.73492945897953
0.08822081389240496,0.002436930928431626,0.084656097870229,0.09162897979961124,0.05434483589236992,0.02256794856957742,13.571046685753872,0.08822081389240496,0.002436930928431626,0.084656097870229,0.09162897979961124,0.05434483589236992,0.02256794856957742,13.571046685753872
0.0763086020890521,0.06535385774749339,0.07575013805274282,0.0007454812716775894,0.09206736824118006,0.024871318459159783,13.513651756504172,0.0763086020890521,0.06535385774749339,0.07575013805274282,0.0007454812716775894,0.09206736824118006,0.024871318459159783,13.513651756504172
0.0,0.00010516193561663223,0.08802827255838597,0.08684660896902051,0.08662422859758756,0.024623525571410166,13.670910714182282,0.0,0.00010516193561663223,0.08802827255838597,0.08684660896902051,0.08662422859758756,0.024623525571410166,13.670910714182282
0.08707140945276873,0.08694173929642185,0.08837434619782619,0.009820175262138721,0.07948962156584519,0.02139878268063459,13.498394269965285,0.08707140945276873,0.08694173929642185,0.08837434619782619,0.009820175262138721,0.07948962156584519,0.02139878268063459,13.498394269965285
0.09462657512021827,0.0,0.08907837858674755,0.10585661361062441,0.07935476144061385,0.01154806112378276,13.502895609399012,0.09462657512021827,0.0,0.08907837858674755,0.10585661361062441,0.07935476144061385,0.01154806112378276,13.502895609399012
0.08945328256757669,0.09654103851859162,0.0,0.0,0.03104181695873283,0.02249406506423785,13.767138119725184,0.08945328256757669,0.09654103851859162,0.0,0.0,0.03104181695873283,0.02249406506423785,13.767138119725184
0.09023069673209466,0.08976935500042929,0.0880379156686531,0.08843812438744025,0.0047611620961949125,0.013876251513550354,13.420113221247625,0.09023069673209466,0.08976935500042929,0.0880379156686531,0.08843812438744025,0.0047611620961949125,0.013876251513550354,13.420113221247625
0.008099214076606255,0.08733565131159933,0.08710052896877205,0.08900058977315423,0.08818414635776749,0.022813622416196378,13.449464217093887,0.008099214076606255,0.08733565131159933,0.08710052896877205,0.08900058977315423,0.08818414635776749,0.022813622416196378,13.449464217093887
0.08617127600031214,0.02053799854439391,0.08733186490685411,0.09120330640671631,0.09378265283359727,0.021132628440402798,13.419792412898252,0.08617127600031214,0.02053799854439391,0.08733186490685411,0.09120330640671631,0.09378265283359727,0.021132628440402798,13.419792412898252
0.08527472839794992,0.08897765949352568,0.08366619037797841,0.09116954049621145,0.08785058905128235,0.01946421604157308,13.603791122862528,0.08527472839794992,0.08897765949352568,0.08366619037797841,0.09116954049621145,0.08785058905128235,0.01946421604157308,13.603791122862528
0.08617114195344805,0.11835548039284392,0.004622668515841602,0.07576445042071428,0.10081621605976109,0.0006425135523533548,13.325121681111263,0.08617114195344805,0.11835548039284392,0.004622668515841602,0.07576445042071428,0.10081621605976109,0.0006425135523533548,13.325121681111263
0.006195648107729157,0.0,0.08802940081046262,0.08840782907974737,0.095395817042907,0.02286166243826125,13.54351682328188,0.006195648107729157,0.0,0.08802940081046262,0.08840782907974737,0.095395817042907,0.02286166243826125,13.54351682328188
0.0,0.1041138070064099,0.08836026037522823,0.09888837398005759,0.02937649669935373,0.02533665128473659,13.500218088303585,0.0,0.1041138070064099,0.08836026037522823,0.09888837398005759,0.02937649669935373,0.02533665128473659,13.500218088303585
0.00895157808953189,0.08879418860482956,0.010848718073891622,0.005257384146817659,0.08934913864425417,0.022877085256887763,13.678040589257701,0.00895157808953189,0.08879418860482956,0.010848718073891622,0.005257384146817659,0.08934913864425417,0.022877085256887763,13.678040589257701
0.08597152614637851,0.020861187066270048,0.07586327934638132,0.09437003882640876,0.08365386687912144,0.022976400394672962,13.376243175566792,0.08597152614637851,0.020861187066270048,0.07586327934638132,0.09437003882640876,0.08365386687912144,0.022976400394672962,13.376243175566792
0.07981341690586982,0.00005267608205187938,0.002610755370497757,0.08940699848549438,0.08869690744388783,0.020848088530627983,13.70106458314658,0.07981341690586982,0.00005267608205187938,0.002610755370497757,0.08940699848549438,0.08869690744388783,0.020848088530627983,13.70106458314658
0.006038279593131447,0.00011283646589132536,0.08836026037522823,0.09851922225468598,0.02937649669935373,0.025317177982815884,13.606327278512156,0.006038279593131447,0.00011283646589132536,0.08836026037522823,0.09851922225468598,0.02937649669935373,0.025317177982815884,13.606327278512156
0.0,0.00039720440402057477,0.08481503757743651,0.0,0.08468219033460538,0.019996986265694495,13.693220118269453,0.0,0.00039720440402057477,0.08481503757743651,0.0,0.08468219033460538,0.019996986265694495,13.693220118269453
0.08136392932252359,0.003209721377549102,0.0006807219625400845,0.08734261208591201,0.10623993768511569,0.019695797954635885,13.648421256194737,0.08136392932252359,0.003209721377549102,0.0006807219625400845,0.08734261208591201,0.10623993768511569,0.019695797954635885,13.648421256194737
0.0016782774492575228,0.05537659001178105,0.0762491082302886,0.087474535818684,0.07291235874807864,0.021552841390217035,13.628664617863182,0.0016782774492575228,0.05537659001178105,0.0762491082302886,0.087474535818684,0.07291235874807864,0.021552841390217035,13.628664617863182
0.06810501224850668,0.0893189893462347,0.08576616594543032,0.09171900440994885,0.08804163488674085,0.021736212856527184,13.431291169579358,0.06810501224850668,0.0893189893462347,0.08576616594543032,0.09171900440994885,0.08804163488674085,0.021736212856527184,13.431291169579358
0.006879059989793594,0.0041731433366241095,0.8457055246947087,0.10656126320685294,0.10004535278433122,0.024667946322484813,12.204320335359878,0.006879059989793594,0.0041731433366241095,0.8457055246947087,0.10656126320685294,0.10004535278433122,0.024667946322484813,12.204320335359878
0.0008846953162562135,0.08843262935125665,0.08699308987061172,0.09743483954700718,0.0,0.022503357670222403,13.595211860630977,0.0008846953162562135,0.08843262935125665,0.08699308987061172,0.09743483954700718,0.0,0.022503357670222403,13.595211860630977
0.08705416992660397,0.09106035996715622,0.08829503997032018,0.06381140031862484,0.0032312493098035078,0.02301961708809909,13.557857055144288,0.08705416992660397,0.09106035996715622,0.08829503997032018,0.06381140031862484,0.0032312493098035078,0.02301961708809909,13.557857055144288
0.08433320603877667,0.09069134574850563,0.0924648724512783,0.09510565943481109,0.0018293043775798393,0.019674080043452197,13.480868770028241,0.08433320603877667,0.09069134574850563,0.0924648724512783,0.09510565943481109,0.0018293043775798393,0.019674080043452197,13.480868770028241
0.000012040075454591848,0.0882406847800917,0.08795219413220917,0.07359141358079194,0.048878491592276536,0.025308436186902372,13.60445541499753,0.000012040075454591848,0.0882406847800917,0.08795219413220917,0.07359141358079194,0.048878491592276536,0.025308436186902372,13.60445541499753
0.0883613855575136,0.08680726571305321,0.0019896809782554564,0.07081715192781163,0.08929394069006585,0.020767641192578862,13.532528493694064,0.0883613855575136,0.08680726571305321,0.0019896809782554564,0.07081715192781163,0.08929394069006585,0.020767641192578862,13.532528493694064
0.08916073877283101,0.11526139395337981,0.09041823289450804,0.09705117396097623,0.10096430842938815,0.02143256493111194,13.137077078305671,0.08916073877283101,0.11526139395337981,0.09041823289450804,0.09705117396097623,0.10096430842938815,0.02143256493111194,13.137077078305671
0.0005343719523436402,0.0027615851628818855,0.08838057756118117,0.08257923129405365,0.08135458493895864,0.02466965182324557,13.901625792535405,0.0005343719523436402,0.0027615851628818855,0.08838057756118117,0.08257923129405365,0.08135458493895864,0.02466965182324557,13.901625792535405
0.0070033047221089995,0.003424851246222299,0.07540478435812997,0.011409431834263475,0.0890377805835833,0.026009195641987087,13.740532513303359,0.0070033047221089995,0.003424851246222299,0.07540478435812997,0.011409431834263475,0.0890377805835833,0.026009195641987087,13.740532513303359
0.08617578499755363,0.020537998544393907,0.08759500695787206,0.0919559716601466,0.08554304553506625,0.025920489578765984,13.401468067348038,0.08617578499755363,0.020537998544393907,0.08759500695787206,0.0919559716601466,0.08554304553506625,0.025920489578765984,13.401468067348038
0.08591372924061427,0.06572218727827424,0.08993724321164547,0.08364171962485148,0.08835006808882927,0.01996182311387692,13.472175307478677,0.08591372924061427,0.06572218727827424,0.08993724321164547,0.08364171962485148,0.08835006808882927,0.01996182311387692,13.472175307478677
0.08829296333660229,0.003256367931129947,0.08714259745820559,0.0958685860320882,0.09074099104372281,0.02193261730286148,13.354767381095773,0.08829296333660229,0.003256367931129947,0.08714259745820559,0.0958685860320882,0.09074099104372281,0.02193261730286148,13.354767381095773
0.0932418739088553,0.08879930544641709,0.010848718073891622,0.005257384146817662,0.0025067053629593272,0.022885945523855585,13.676109834840608,0.0932418739088553,0.08879930544641709,0.010848718073891622,0.005257384146817662,0.0025067053629593272,0.022885945523855585,13.676109834840608
0.07988041945923771,0.03408510511565636,0.07312045178062318,0.07523910202233974,0.06591301682496006,0.021320607758535157,13.740768296600569,0.07988041945923771,0.03408510511565636,0.07312045178062318,0.07523910202233974,0.06591301682496006,0.021320607758535157,13.740768296600569
0.003337953361290058,0.09052388209464758,0.001415212449673825,0.07866121894353542,0.10085653226271526,0.022760642209927424,13.652529053620727,0.003337953361290058,0.09052388209464758,0.001415212449673825,0.07866121894353542,0.10085653226271526,0.022760642209927424,13.652529053620727
0.07865788428380766,0.0,0.0004079961372506491,0.002276498408916805,0.0880582469686049,0.01969057206361193,13.790270569308639,0.07865788428380766,0.0,0.0004079961372506491,0.002276498408916805,0.0880582469686049,0.01969057206361193,13.790270569308639
0.07995927519547938,0.09060773735385344,0.08498522967244695,0.0010309598920080348,0.004604469607065051,0.02470046400954879,13.55158049628538,0.07995927519547938,0.09060773735385344,0.08498522967244695,0.0010309598920080348,0.004604469607065051,0.02470046400954879,13.55158049628538
0.11307798416749441,0.8632899721582308,0.07437024169045922,0.06227899347549025,0.10364246700449797,0.004203015505246096,11.901511692126107,0.11307798416749441,0.8632899721582308,0.07437024169045922,0.06227899347549025,0.10364246700449797,0.004203015505246096,11.901511692126107
0.0020890439818680518,0.09061919498026641,0.09615849730315176,0.0011861152153544916,0.0831899908186808,0.02452481081420233,13.707716683467687,0.0020890439818680518,0.09061919498026641,0.09615849730315176,0.0011861152153544916,0.0831899908186808,0.02452481081420233,13.707716683467687
0.005442688435864956,0.0,0.03018948329528363,0.084182819834332,0.08979523336550703,0.023229561313502067,13.730852810966915,0.005442688435864956,0.0,0.03018948329528363,0.084182819834332,0.08979523336550703,0.023229561313502067,13.730852810966915
0.08965675978732729,0.0748018340276814,0.07336502549044657,0.0,0.08669578394133512,0.021426312264016055,13.711789211072102,0.08965675978732729,0.0748018340276814,0.07336502549044657,0.0,0.08669578394133512,0.021426312264016055,13.711789211072102
0.08577952318648785,0.10001750354356126,0.0833576659585466,0.06275729714830935,0.09569742801507362,0.02474596913118224,13.359856494455855,0.08577952318648785,0.10001750354356126,0.0833576659585466,0.06275729714830935,0.09569742801507362,0.02474596913118224,13.359856494455855
0.084918785201917,0.023678943083554164,0.08949562321888174,0.0,0.0008016016116724339,0.024459524724115066,13.867336217025704,0.084918785201917,0.023678943083554164,0.08949562321888174,0.0,0.0008016016116724339,0.024459524724115066,13.867336217025704
0.002480073318726202,0.0026866313623366833,0.08859108397645779,0.0,0.010336856144510687,0.052175030409200816,13.843394661838744,0.002480073318726202,0.0026866313623366833,0.08859108397645779,0.0,0.010336856144510687,0.052175030409200816,13.843394661838744
0.09086149406977569,0.09081757455997796,0.10412935172879591,0.002324954605116905,0.05584179428528102,0.025965720312558997,13.448513406473191,0.09086149406977569,0.09081757455997796,0.10412935172879591,0.002324954605116905,0.05584179428528102,0.025965720312558997,13.448513406473191
0.09095214443005936,0.08893378994449094,0.10412935172879591,0.009487164482816335,0.9142492062727852,0.025965720312558997,11.958951493410995,0.09095214443005936,0.08893378994449094,0.10412935172879591,0.009487164482816335,0.9142492062727852,0.025965720312558997,11.958951493410995
0.08489216861496507,0.000153038729040135,0.0,0.08698562229063089,0.08476224722385114,0.024145971723105238,13.696348561899374,0.08489216861496507,0.000153038729040135,0.0,0.08698562229063089,0.08476224722385114,0.024145971723105238,13.696348561899374
0.008307327304553094,0.09458572192502007,0.09747576271715439,0.09268771405136357,0.1003165659150543,0.01856706906745749,13.41708133874962,0.008307327304553094,0.09458572192502007,0.09747576271715439,0.09268771405136357,0.1003165659150543,0.01856706906745749,13.41708133874962
0.10076207614794222,0.11860834747042423,0.08860688385210197,0.8703330397905316,0.10203101446377788,0.02463956447256279,11.552588463284708,0.10076207614794222,0.11860834747042423,0.08860688385210197,0.8703330397905316,0.10203101446377788,0.02463956447256279,11.552588463284708
0.0851969318172287,0.0009357150548952725,0.08861486655833248,0.08990521038180177,0.09771710127248633,0.02453236392938298,13.388612049838072,0.0851969318172287,0.0009357150548952725,0.08861486655833248,0.08990521038180177,0.09771710127248633,0.02453236392938298,13.388612049838072
0.003450948008043103,0.08799446542445827,0.0028674711602032915,0.09105182981037316,0.087405184029665,0.024941477090829386,13.532583149739335,0.003450948008043103,0.08799446542445827,0.0028674711602032915,0.09105182981037316,0.087405184029665,0.024941477090829386,13.532583149739335
0.0,0.00017429091629805188,0.08573831810143129,0.09461698281345526,0.0874678039411515,0.024874389302805673,13.725405533366805,0.0,0.00017429091629805188,0.08573831810143129,0.09461698281345526,0.0874678039411515,0.024874389302805673,13.725405533366805
0.07587492598804521,0.005968791613297257,0.06684364718052312,0.08331106875834896,0.08853295637494993,0.021436693152753594,13.56456317800637,0.07587492598804521,0.005968791613297257,0.06684364718052312,0.08331106875834896,0.08853295637494993,0.021436693152753594,13.56456317800637
0.08907918886525462,0.08989159603843502,0.07864193557308446,0.09029947822882126,0.0783120344227917,0.019319031366224863,13.467556764475166,0.08907918886525462,0.08989159603843502,0.07864193557308446,0.09029947822882126,0.0783120344227917,0.019319031366224863,13.467556764475166
0.10830376220333582,0.0898300848465183,0.007883376798266402,0.0940194375437351,0.08581700659957354,0.019177695653343575,13.401201206016134,0.10830376220333582,0.0898300848465183,0.007883376798266402,0.0940194375437351,0.08581700659957354,0.019177695653343575,13.401201206016134
0.016645267362282556,0.07579485217553275,0.07727312064254105,0.08144995214125789,0.09055328773598023,0.024429514939520808,13.46044100801851,0.016645267362282556,0.07579485217553275,0.07727312064254105,0.08144995214125789,0.09055328773598023,0.024429514939520808,13.46044100801851
0.0883613855575136,0.0004448543173679667,0.08468753010530716,0.07095844083403345,0.08954143949253053,0.02084753413664909,13.591487961374838,0.0883613855575136,0.0004448543173679667,0.08468753010530716,0.07095844083403345,0.08954143949253053,0.02084753413664909,13.591487961374838
0.0072108987995511105,0.08934143937942945,0.08741661473645873,0.07854152959899591,0.10135696137004008,0.022058926266508808,13.466582021789005,0.0072108987995511105,0.08934143937942945,0.08741661473645873,0.07854152959899591,0.10135696137004008,0.022058926266508808,13.466582021789005
0.0016752448204219866,0.0902054455200754,0.07622236643701484,0.08411329127205977,0.07947936767295223,0.023280935565666246,13.515786430058332,0.0016752448204219866,0.0902054455200754,0.07622236643701484,0.08411329127205977,0.07947936767295223,0.023280935565666246,13.515786430058332
0.08988160901803516,0.0,0.08874854797784539,0.09311719125957492,0.09533223602710242,0.025464447578467105,13.34727868477066,0.08988160901803516,0.0,0.08874854797784539,0.09311719125957492,0.09533223602710242,0.025464447578467105,13.34727868477066
0.08317660318663092,0.022428718743748216,0.04592610245317943,0.10125732650109973,0.05883822219281626,0.02208956149653,13.640342404733117,0.08317660318663092,0.022428718743748216,0.04592610245317943,0.10125732650109973,0.05883822219281626,0.02208956149653,13.640342404733117
0.004165831084107521,0.006064831636010096,0.14511390507402497,0.07819664956013156,0.030757934261687242,0.024347560690048432,13.547556625833893,0.004165831084107521,0.006064831636010096,0.14511390507402497,0.07819664956013156,0.030757934261687242,0.024347560690048432,13.547556625833893
0.08835663213125218,0.0060194966854986084,0.021745827107128524,0.08970894237243347,0.08878877450233161,0.021912970512181867,13.556541196933498,0.08835663213125218,0.0060194966854986084,0.021745827107128524,0.08970894237243347,0.08878877450233161,0.021912970512181867,13.556541196933498
0.08591710643409609,0.10101139067435022,0.024854066283031766,0.003606664875500494,0.10093546027811127,0.015175090627678037,13.629878804111637,0.08591710643409609,0.10101139067435022,0.024854066283031766,0.003606664875500494,0.10093546027811127,0.015175090627678037,13.629878804111637
0.0883613855575136,0.00039959018540520336,0.08864835654424827,0.07081715192781163,0.08927568819862775,0.020846447166301112,13.56319807691106,0.0883613855575136,0.00039959018540520336,0.08864835654424827,0.07081715192781163,0.08927568819862775,0.020846447166301112,13.56319807691106
0.08757433669257676,0.08629885041074489,0.0055286616588789556,0.000031245943432913446,0.022698502756501558,0.024459800849654066,13.722474072881825,0.08757433669257676,0.08629885041074489,0.0055286616588789556,0.000031245943432913446,0.022698502756501558,0.024459800849654066,13.722474072881825
0.09451591068839182,0.09458572192502007,0.09794659971748725,0.09406292802060326,0.10097795102158508,0.017494997242693704,13.250822501195263,0.09451591068839182,0.09458572192502007,0.09794659971748725,0.09406292802060326,0.10097795102158508,0.017494997242693704,13.250822501195263
0.09681050169404462,0.0004933517522467262,0.08694670434986282,0.09135889128994126,0.09483886472646008,0.01924695995977873,13.462224207631305,0.09681050169404462,0.0004933517522467262,0.08694670434986282,0.09135889128994126,0.09483886472646008,0.01924695995977873,13.462224207631305
0.00712384307263423,0.08976935500042929,0.0880379156686531,0.09745355766877246,0.09025056798517234,0.021529795895853944,13.400792414286633,0.00712384307263423,0.08976935500042929,0.0880379156686531,0.09745355766877246,0.09025056798517234,0.021529795895853944,13.400792414286633
0.03372469664192952,0.08568276544524289,0.0,0.09152353121622772,0.08734836079563146,0.02600737069410932,13.511602333231352,0.03372469664192952,0.08568276544524289,0.0,0.09152353121622772,0.08734836079563146,0.02600737069410932,13.511602333231352
0.0795786694318811,0.09060773735385344,0.08498522967244695,0.0010328206203338423,0.004604469607065051,0.02470046400954879,13.59493085537371,0.0795786694318811,0.09060773735385344,0.08498522967244695,0.0010328206203338423,0.004604469607065051,0.02470046400954879,13.59493085537371
0.08405858929983816,0.08969682835502422,0.09385927695458171,0.09088292052158015,0.08687692421392974,0.018686726910647267,13.386201963236408,0.08405858929983816,0.08969682835502422,0.09385927695458171,0.09088292052158015,0.08687692421392974,0.018686726910647267,13.386201963236408
0.084918785201917,0.0965791552990391,0.08493098756085109,0.10217544872028307,0.0008016016116724339,0.024458274543451147,13.544729770279345,0.084918785201917,0.0965791552990391,0.08493098756085109,0.10217544872028307,0.0008016016116724339,0.024458274543451147,13.544729770279345
0.07567618204393121,0.005876332639666332,0.0,0.08355448278668408,0.08028506006161724,0.025549773088996128,13.660711664999567,0.07567618204393121,0.005876332639666332,0.0,0.08355448278668408,0.08028506006161724,0.025549773088996128,13.660711664999567
0.08517469271294531,0.0,0.08859271404496107,0.0925554148181254,0.0,0.024781861806064225,13.841906239181919,0.08517469271294531,0.0,0.08859271404496107,0.0925554148181254,0.0,0.024781861806064225,13.841906239181919
0.09636921883801489,0.09047074054414073,0.08800526326263472,0.07830708127685412,0.09418188960741514,0.02201686616757931,13.284051989973882,0.09636921883801489,0.09047074054414073,0.08800526326263472,0.07830708127685412,0.09418188960741514,0.02201686616757931,13.284051989973882
0.08309250960637116,0.09046017322709723,0.08800532341051326,0.009377464463874025,0.09586480504761197,0.02005673003735605,13.500120017309715,0.08309250960637116,0.09046017322709723,0.08800532341051326,0.009377464463874025,0.09586480504761197,0.02005673003735605,13.500120017309715
0.06335130703229955,0.10403156688075516,0.030151728224120794,0.08422550787157045,0.7890298441467968,0.006436491215989649,12.135049763728997,0.06335130703229955,0.10403156688075516,0.030151728224120794,0.08422550787157045,0.7890298441467968,0.006436491215989649,12.135049763728997
0.08593760350794699,0.07556179789639803,0.08187682981756836,0.02180274707168687,0.08802008917617828,0.023272341924001405,13.548499679559162,0.08593760350794699,0.07556179789639803,0.08187682981756836,0.02180274707168687,0.08802008917617828,0.023272341924001405,13.548499679559162
0.08618791540086204,0.003737269757866188,0.07833890988077669,0.09049999227123465,0.08020671432121929,0.06970586324402105,13.429771829018838,0.08618791540086204,0.003737269757866188,0.07833890988077669,0.09049999227123465,0.08020671432121929,0.06970586324402105,13.429771829018838
0.0831766031866309,0.022428718743748216,0.06897043568630004,0.09276357316227338,0.05883822219281626,0.022058252946450696,13.638208826699362,0.0831766031866309,0.022428718743748216,0.06897043568630004,0.09276357316227338,0.05883822219281626,0.022058252946450696,13.638208826699362
0.09151610395468386,0.002479009898924793,0.08958414421096589,0.0033109138599577703,0.10126066446373289,0.019613089548267813,13.570640009679153,0.09151610395468386,0.002479009898924793,0.08958414421096589,0.0033109138599577703,0.10126066446373289,0.019613089548267813,13.570640009679153
0.08591635444314649,0.0,0.047425859785431235,0.09437003882640875,0.09990102264920903,0.02171452063870102,13.435651671001457,0.08591635444314649,0.0,0.047425859785431235,0.09437003882640875,0.09990102264920903,0.02171452063870102,13.435651671001457
0.08136392932252359,0.003209721377549102,0.0006807219625400845,0.08734261208591201,0.10135696137004008,0.019695797954635885,13.657876695926047,0.08136392932252359,0.003209721377549102,0.0006807219625400845,0.08734261208591201,0.10135696137004008,0.019695797954635885,13.657876695926047
0.08907918886525462,0.08989159603843502,0.08836447362212671,0.09704039746961093,0.08621620200250901,0.019248202096528597,13.292367374924691,0.08907918886525462,0.08989159603843502,0.08836447362212671,0.09704039746961093,0.08621620200250901,0.019248202096528597,13.292367374924691
0.013856949778166663,0.0856815176371834,0.05529199878066065,0.09626425798511731,0.026548620908337723,0.01658202608875252,13.986965377378153,0.013856949778166663,0.0856815176371834,0.05529199878066065,0.09626425798511731,0.026548620908337723,0.01658202608875252,13.986965377378153
0.11164688448096696,0.8769865680370479,0.10370184896332557,0.10787906263482733,0.0021972422218357567,0.0037093737047700116,11.779265669644554,0.11164688448096696,0.8769865680370479,0.10370184896332557,0.10787906263482733,0.0021972422218357567,0.0037093737047700116,11.779265669644554
0.0,0.09804227777511669,0.8558862573576171,0.09219038370332551,0.10298218247462923,0.02174045265961642,11.769616447790293,0.0,0.09804227777511669,0.8558862573576171,0.09219038370332551,0.10298218247462923,0.02174045265961642,11.769616447790293
0.11243741302969716,0.004881734727713027,0.10355605810082676,0.08925554266344488,0.07330536028887974,0.02604388863243991,13.294405414159595,0.11243741302969716,0.004881734727713027,0.10355605810082676,0.08925554266344488,0.07330536028887974,0.02604388863243991,13.294405414159595
0.05854739577918817,0.0856867936555854,0.09386915599232784,0.000947564841173032,0.05364240734535802,0.025526687556301296,13.661453287416446,0.05854739577918817,0.0856867936555854,0.09386915599232784,0.000947564841173032,0.05364240734535802,0.025526687556301296,13.661453287416446
0.058729201528781264,0.08887374155258959,0.08899929443942517,0.09661662726746527,0.09634212449618111,0.023302747805231033,13.250718763078797,0.058729201528781264,0.08887374155258959,0.08899929443942517,0.09661662726746527,0.09634212449618111,0.023302747805231033,13.250718763078797
0.005442688435864961,0.0,0.0011646990122227477,0.084182819834332,0.07998134384921082,0.022955012679606417,13.82628588976371,0.005442688435864961,0.0,0.0011646990122227477,0.084182819834332,0.07998134384921082,0.022955012679606417,13.82628588976371
0.08047229310900866,0.06320878618148114,0.0882078173850577,0.055016964208623884,0.08024669675589602,0.02312820752023477,13.600841917738963,0.08047229310900866,0.06320878618148114,0.0882078173850577,0.055016964208623884,0.08024669675589602,0.02312820752023477,13.600841917738963
0.0,0.2114581152288621,0.06770606288721241,0.012512264439470554,0.03164599799393941,0.02223794307471131,13.422780485379176,0.0,0.2114581152288621,0.06770606288721241,0.012512264439470554,0.03164599799393941,0.02223794307471131,13.422780485379176
0.0585978753415789,0.0,0.08471047429082805,0.002464528178580172,0.09816067393383354,0.02446158694664733,13.818717728172231,0.0585978753415789,0.0,0.08471047429082805,0.002464528178580172,0.09816067393383354,0.02446158694664733,13.818717728172231
0.03352495846499215,0.0,0.083750400265069,0.09338957433923839,0.08842854633082256,0.018442592614611203,13.785539395150044,0.03352495846499215,0.0,0.083750400265069,0.09338957433923839,0.08842854633082256,0.018442592614611203,13.785539395150044
0.0851186637826362,0.08923051597281531,0.08586617623360113,0.11544789123299887,0.07883387208670053,0.019624613291279767,13.441996973673374,0.0851186637826362,0.08923051597281531,0.08586617623360113,0.11544789123299887,0.07883387208670053,0.019624613291279767,13.441996973673374
0.10239095459503937,0.004216019059308455,0.09006364356101337,0.0960568317590838,0.09105120707262608,0.0331039455029011,13.344244015371023,0.10239095459503937,0.004216019059308455,0.09006364356101337,0.0960568317590838,0.09105120707262608,0.0331039455029011,13.344244015371023
0.020890738287433444,0.08836513848839475,0.001415212449673825,0.07854152959899591,0.10135696137004008,0.022117551516031994,13.618665673255698,0.020890738287433444,0.08836513848839475,0.001415212449673825,0.07854152959899591,0.10135696137004008,0.022117551516031994,13.618665673255698
0.007344315924179294,0.001451044458352757,0.0860014022867849,0.08608295974086114,0.08858969488958765,0.022557144703012885,13.621704074760578,0.007344315924179294,0.001451044458352757,0.0860014022867849,0.08608295974086114,0.08858969488958765,0.022557144703012885,13.621704074760578
0.06626176819961371,0.0,0.07875663733901563,0.09134062282535332,0.0782876741353552,0.021344471554102483,13.559380988386925,0.06626176819961371,0.0,0.07875663733901563,0.09134062282535332,0.0782876741353552,0.021344471554102483,13.559380988386925
0.0791752740421136,0.00004232057583776888,0.0038358071050526125,0.10787243489548394,0.1021596733930236,0.025583111154573922,13.470980725257858,0.0791752740421136,0.00004232057583776888,0.0038358071050526125,0.10787243489548394,0.1021596733930236,0.025583111154573922,13.470980725257858
0.004032434623217739,0.0,0.08802940081046262,0.08840782907974737,0.09619863591162933,0.022862463111381473,13.499763559043458,0.004032434623217739,0.0,0.08802940081046262,0.08840782907974737,0.09619863591162933,0.022862463111381473,13.499763559043458
0.002484107173548633,0.0026866313623366833,0.08686405684737936,0.0026136594869432817,0.08159437930275112,0.02277013495060566,13.778383421822351,0.002484107173548633,0.0026866313623366833,0.08686405684737936,0.0026136594869432817,0.08159437930275112,0.02277013495060566,13.778383421822351
0.08629444832893393,0.092446905264607,0.006839056235294811,0.08982775401362061,0.034037639046961,0.023346327313911328,13.520307649014981,0.08629444832893393,0.092446905264607,0.006839056235294811,0.08982775401362061,0.034037639046961,0.023346327313911328,13.520307649014981
0.11044867652366319,0.10541521302121393,0.08426999745542943,0.06987977898248349,0.029564514881325495,0.022084377966281717,13.56116456423031,0.11044867652366319,0.10541521302121393,0.08426999745542943,0.06987977898248349,0.029564514881325495,0.022084377966281717,13.56116456423031
0.07249284916926263,0.0,0.08812682297298305,0.0907157439862952,0.0996523076045573,0.01946130717464665,13.712749074067279,0.07249284916926263,0.0,0.08812682297298305,0.0907157439862952,0.0996523076045573,0.01946130717464665,13.712749074067279
0.08319800823158957,0.0034980740213957084,0.07113582656173581,0.0049784155028327545,0.09364757275671302,0.017964281251823956,13.583457758662622,0.08319800823158957,0.0034980740213957084,0.07113582656173581,0.0049784155028327545,0.09364757275671302,0.017964281251823956,13.583457758662622
0.08784088989101724,0.09097080922214416,0.08491863861355523,0.08711140084925889,0.0,0.023152111218472868,13.400245859537625,0.08784088989101724,0.09097080922214416,0.08491863861355523,0.08711140084925889,0.0,0.023152111218472868,13.400245859537625
0.08289482952884601,0.09128890165398398,0.006972782664730753,0.002952320901313095,0.007451751754421393,0.015175090627678037,13.72262844248918,0.08289482952884601,0.09128890165398398,0.006972782664730753,0.002952320901313095,0.007451751754421393,0.015175090627678037,13.72262844248918
0.08907467986801315,0.0652809071929015,0.08836447362212671,0.09704039746961093,0.08621620200250901,0.02115525826740102,13.358147790529872,0.08907467986801315,0.0652809071929015,0.08836447362212671,0.09704039746961093,0.08621620200250901,0.02115525826740102,13.358147790529872
0.8046982696016498,0.0020453794784774763,0.07493549316799328,0.028180483906030368,0.08028251379037185,0.02538359082925388,12.223537619736124,0.8046982696016498,0.0020453794784774763,0.07493549316799328,0.028180483906030368,0.08028251379037185,0.02538359082925388,12.223537619736124
0.0,0.09377230507231525,0.08116657232060048,0.07106416042467975,0.10334719418772634,0.022041273661093607,13.406582585280555,0.0,0.09377230507231525,0.08116657232060048,0.07106416042467975,0.10334719418772634,0.022041273661093607,13.406582585280555
0.0032354963774900297,0.08839005618607614,0.08607324644949571,0.08054163316346163,0.07078163852826376,0.00030452486097765075,13.461116958081453,0.0032354963774900297,0.08839005618607614,0.08607324644949571,0.08054163316346163,0.07078163852826376,0.00030452486097765075,13.461116958081453
0.08820898516882911,0.0892277342163308,0.0869008733867636,0.9199168010135423,0.11704512549113555,0.021422600038237025,11.901633786757952,0.08820898516882911,0.0892277342163308,0.0869008733867636,0.9199168010135423,0.11704512549113555,0.021422600038237025,11.901633786757952
0.08942039901568449,0.09819411745377532,0.0,0.09027537166283586,0.09536943619676289,0.02243719627712636,13.525262558848468,0.08942039901568449,0.09819411745377532,0.0,0.09027537166283586,0.09536943619676289,0.02243719627712636,13.525262558848468
0.0,0.0,0.08797670097178382,0.08849392245724459,0.05973010207180219,0.025690452972720063,13.667128597344103,0.0,0.0,0.08797670097178382,0.08849392245724459,0.05973010207180219,0.025690452972720063,13.667128597344103
0.07981341690586982,0.0900979914582986,0.0,0.08908045378431248,0.09020519271660773,0.020857472688510164,13.708724351337873,0.07981341690586982,0.0900979914582986,0.0,0.08908045378431248,0.09020519271660773,0.020857472688510164,13.708724351337873
0.08662089391890387,0.09091416299946475,0.09520128577215103,0.09105182981037316,0.06414844224325002,0.02203942844398895,13.256052200491656,0.08662089391890387,0.09091416299946475,0.09520128577215103,0.09105182981037316,0.06414844224325002,0.02203942844398895,13.256052200491656
0.08337686756429671,0.08978497715902578,0.08891239741216893,0.005211599968814512,0.09317041731949265,0.013023673598125514,13.383170792164584,0.08337686756429671,0.08978497715902578,0.08891239741216893,0.005211599968814512,0.09317041731949265,0.013023673598125514,13.383170792164584
0.07759396325333517,0.08925457717414872,0.08803152210851571,0.07982577630994026,0.08119693924128137,0.021829938764740296,13.328809625853804,0.07759396325333517,0.08925457717414872,0.08803152210851571,0.07982577630994026,0.08119693924128137,0.021829938764740296,13.328809625853804
0.06770644607944297,0.0893189893462347,0.08576616594543032,0.09171900440994885,0.08804163488674085,0.021828547578642447,13.279328763176567,0.06770644607944297,0.0893189893462347,0.08576616594543032,0.09171900440994885,0.08804163488674085,0.021828547578642447,13.279328763176567
0.09475880911706144,0.08433822925621609,0.0932128137180751,0.09510361608923623,0.0,0.01964782504913027,13.398112726650389,0.09475880911706144,0.08433822925621609,0.0932128137180751,0.09510361608923623,0.0,0.01964782504913027,13.398112726650389
0.08932216821199443,0.0033711918773384857,0.09316071433096162,0.09682197381856424,0.18219694447920726,0.01946518652674596,13.396389523232394,0.08932216821199443,0.0033711918773384857,0.09316071433096162,0.09682197381856424,0.18219694447920726,0.01946518652674596,13.396389523232394
0.14581436378077522,0.0026866313623366833,0.08686405684737936,0.08989789112234739,0.09017675043030365,0.021899351772170134,13.254626063694758,0.14581436378077522,0.0026866313623366833,0.08686405684737936,0.08989789112234739,0.09017675043030365,0.021899351772170134,13.254626063694758
0.0,0.08645832422615919,0.08178639795975662,0.059481445720846016,0.0888716803701147,0.022860963743128113,13.603220552752122,0.0,0.08645832422615919,0.08178639795975662,0.059481445720846016,0.0888716803701147,0.022860963743128113,13.603220552752122
0.08577952318648785,0.0012557587185734465,0.08332442817535173,0.06275729714830935,0.10063653602774737,0.02474596913118224,13.55825723035036,0.08577952318648785,0.0012557587185734465,0.08332442817535173,0.06275729714830935,0.10063653602774737,0.02474596913118224,13.55825723035036
0.09464278942443734,0.09458572192502007,0.0007166283144498589,0.09482070871930205,0.08924847621452635,0.017494997242693704,13.429141704997281,0.09464278942443734,0.09458572192502007,0.0007166283144498589,0.09482070871930205,0.08924847621452635,0.017494997242693704,13.429141704997281
0.07657039541445188,0.0007900746999547625,0.08695549242642325,0.0889895284905106,0.0,0.021291738699510475,13.68234152754511,0.07657039541445188,0.0007900746999547625,0.08695549242642325,0.0889895284905106,0.0,0.021291738699510475,13.68234152754511
0.09399863965084032,0.000048598565824828355,0.0893723407949799,0.08999532661560286,0.08966928320473358,0.019617361200983917,13.489667658961817,0.09399863965084032,0.000048598565824828355,0.0893723407949799,0.08999532661560286,0.08966928320473358,0.019617361200983917,13.489667658961817
0.09677749708593819,0.0016601315746545275,0.07725455805638937,0.09171900440994885,0.05352775309924654,0.019701219465214657,13.507948442762183,0.09677749708593819,0.0016601315746545275,0.07725455805638937,0.09171900440994885,0.05352775309924654,0.019701219465214657,13.507948442762183
0.06626176819961371,0.00018947496684777743,0.08847917538805788,0.09124690486024035,0.08636383056096042,0.024875201911699597,13.560609233308591,0.06626176819961371,0.00018947496684777743,0.08847917538805788,0.09124690486024035,0.08636383056096042,0.024875201911699597,13.560609233308591
0.08006052761464291,0.006697914240337083,0.08378163320286355,0.0006814481410543997,0.088417659328879,0.026901550608086133,13.547785195665845,0.08006052761464291,0.006697914240337083,0.08378163320286355,0.0006814481410543997,0.088417659328879,0.026901550608086133,13.547785195665845
0.01962783247667957,0.10236484969666776,0.09059453066230913,0.08591647818854717,0.0,0.01951755986914663,13.51638098242438,0.01962783247667957,0.10236484969666776,0.09059453066230913,0.08591647818854717,0.0,0.01951755986914663,13.51638098242438
0.012606533640419658,0.06453757657384204,0.08042201797697345,0.0030368707331733663,0.07893030012066947,0.0260541135612629,13.840334819941498,0.012606533640419658,0.06453757657384204,0.08042201797697345,0.0030368707331733663,0.07893030012066947,0.0260541135612629,13.840334819941498
0.083023964726644,0.09458536144885821,0.002256032573564,0.00020377251582606726,0.08805824696860487,0.02151902609373208,13.5463922723464,0.083023964726644,0.09458536144885821,0.002256032573564,0.00020377251582606726,0.08805824696860487,0.02151902609373208,13.5463922723464
0.008896013565050459,0.08601529233292027,0.0007802447743311888,0.0,0.1530515235425872,0.019799823618534385,13.740155215159808,0.008896013565050459,0.08601529233292027,0.0007802447743311888,0.0,0.1530515235425872,0.019799823618534385,13.740155215159808
0.006195648107729157,0.08868851883245296,0.08802940081046262,0.08840782907974737,0.09485614195654019,0.02286166243826125,13.448737107229343,0.006195648107729157,0.08868851883245296,0.08802940081046262,0.08840782907974737,0.09485614195654019,0.02286166243826125,13.448737107229343
0.005437547059801512,0.08909630270419927,0.006937468247500869,0.08716974898999587,0.030132625938903798,0.019978281778351287,13.677636534946362,0.005437547059801512,0.08909630270419927,0.006937468247500869,0.08716974898999587,0.030132625938903798,0.019978281778351287,13.677636534946362
0.08988373893514125,0.0,0.0,0.09027892871215437,0.09988797546934458,0.019640360052504524,13.552886378839233,0.08988373893514125,0.0,0.0,0.09027892871215437,0.09988797546934458,0.019640360052504524,13.552886378839233
0.08355690495098317,0.001169580138972042,0.003792066473752763,0.08977329636218255,0.08982240372697414,0.019579107977602286,13.523422862176606,0.08355690495098317,0.001169580138972042,0.003792066473752763,0.08977329636218255,0.08982240372697414,0.019579107977602286,13.523422862176606
0.07795222217064793,0.0853668242893935,0.08350869897716384,0.00156534075755934,0.08785447806614462,0.02151707814683097,13.450695492096454,0.07795222217064793,0.0853668242893935,0.08350869897716384,0.00156534075755934,0.08785447806614462,0.02151707814683097,13.450695492096454
0.08514272493301209,0.000256291313957675,0.07659301669808782,0.08505900356743484,0.08855437433010192,0.02431820690417759,13.601533354744117,0.08514272493301209,0.000256291313957675,0.07659301669808782,0.08505900356743484,0.08855437433010192,0.02431820690417759,13.601533354744117
0.08668080045857711,0.09594830290197723,0.08804908678291617,0.08843812438744025,0.004717360064485088,0.013876251513550356,13.55859933677742,0.08668080045857711,0.09594830290197723,0.08804908678291617,0.08843812438744025,0.004717360064485088,0.013876251513550356,13.55859933677742
0.0883252747845767,0.08568279127154933,0.0,0.09079291447973212,0.09805991379143336,0.011089919551797977,13.687921299420152,0.0883252747845767,0.08568279127154933,0.0,0.09079291447973212,0.09805991379143336,0.011089919551797977,13.687921299420152
0.032822203872955216,0.08589395684176598,0.09142564486865992,0.08989733836410434,0.1028569290378389,0.020847114722430032,13.541178981161373,0.032822203872955216,0.08589395684176598,0.09142564486865992,0.08989733836410434,0.1028569290378389,0.020847114722430032,13.541178981161373
0.07586472703577993,0.0652809071929015,0.004698283244148296,0.09704039746961093,0.08621116610585838,0.018656342452619216,13.722498714603182,0.07586472703577993,0.0652809071929015,0.004698283244148296,0.09704039746961093,0.08621116610585838,0.018656342452619216,13.722498714603182
0.09095214443005939,0.03025037167891287,0.10499372955233902,0.10603675579011757,0.10368369617609358,0.025965720312558997,13.319774668991034,0.09095214443005939,0.03025037167891287,0.10499372955233902,0.10603675579011757,0.10368369617609358,0.025965720312558997,13.319774668991034
0.08988160901803516,0.08923019127072124,0.0,0.09030693316743896,0.0953322360271024,0.018628438798830433,13.582817589284462,0.08988160901803516,0.08923019127072124,0.0,0.09030693316743896,0.0953322360271024,0.018628438798830433,13.582817589284462
0.08909463361001418,0.049129842072957126,0.060720802049488085,0.091143221084534,0.03827999802953232,0.1270204820439299,13.236834705214525,0.08909463361001418,0.049129842072957126,0.060720802049488085,0.091143221084534,0.03827999802953232,0.1270204820439299,13.236834705214525
0.058729201528781264,0.08828725106574647,0.08899929443942517,0.09661662726746527,0.09625804176142788,0.023302747805231033,13.27728605653096,0.058729201528781264,0.08828725106574647,0.08899929443942517,0.09661662726746527,0.09625804176142788,0.023302747805231033,13.27728605653096
0.08511866378263619,0.08923051597281531,0.08586617623360113,0.1153212433846429,0.07923666536654951,0.019624613291279767,13.417255617759889,0.08511866378263619,0.08923051597281531,0.08586617623360113,0.1153212433846429,0.07923666536654951,0.019624613291279767,13.417255617759889
0.08316006693676563,0.08553468198613859,0.08774553949972067,0.08596548517479079,0.0013166910554013415,0.023148595168704433,13.405949894453633,0.08316006693676563,0.08553468198613859,0.08774553949972067,0.08596548517479079,0.0013166910554013415,0.023148595168704433,13.405949894453633
0.08289510588837078,0.09128890165398398,0.08542253610271605,0.004474680334742104,0.10093546027811129,0.015175090627678037,13.41254390200449,0.08289510588837078,0.09128890165398398,0.08542253610271605,0.004474680334742104,0.10093546027811129,0.015175090627678037,13.41254390200449
0.006230231835592532,0.006319796831531572,0.08537274566447228,0.08541630562133934,0.024457505115367532,0.02315783674019234,13.710433238028124,0.006230231835592532,0.006319796831531572,0.08537274566447228,0.08541630562133934,0.024457505115367532,0.02315783674019234,13.710433238028124
0.0730099906580037,0.09459321702757614,0.08601878846643585,0.09177374137587535,0.07833694404570304,0.014984679209196796,13.301291886530711,0.0730099906580037,0.09459321702757614,0.08601878846643585,0.09177374137587535,0.07833694404570304,0.014984679209196796,13.301291886530711
0.008099214076606298,0.08894098757484786,0.0,0.08970939293940065,0.08852107034443212,0.02192079456794101,13.679915983412904,0.008099214076606298,0.08894098757484786,0.0,0.08970939293940065,0.08852107034443212,0.02192079456794101,13.679915983412904
0.0014603431920190008,0.09890857652850696,0.8602006860568029,0.0008765135500825444,0.006842792038215244,0.0225955341849697,12.457499878720297,0.0014603431920190008,0.09890857652850696,0.8602006860568029,0.0008765135500825444,0.006842792038215244,0.0225955341849697,12.457499878720297
0.08803284602452371,0.006647476169787642,0.0886471041976969,0.09133298689871543,0.09184959700097224,0.01966426070326259,13.454950715707891,0.08803284602452371,0.006647476169787642,0.0886471041976969,0.09133298689871543,0.09184959700097224,0.01966426070326259,13.454950715707891
0.002480263771854465,0.0029898205814840526,0.0753424478811143,8.83852121721625e-7,0.03656126278945272,0.022766183917408277,13.92848708188566,0.002480263771854465,0.0029898205814840526,0.0753424478811143,8.83852121721625e-7,0.03656126278945272,0.022766183917408277,13.92848708188566
0.08344178948402124,0.08827967981920157,0.0,0.8332354564292612,0.08412349552200793,0.02263340613924631,12.005202384208044,0.08344178948402124,0.08827967981920157,0.0,0.8332354564292612,0.08412349552200793,0.02263340613924631,12.005202384208044
0.08289686965997123,0.032880103016608216,0.08467439072486413,0.0864778859794388,0.0008611609963111583,0.01634972119680045,13.596029925031083,0.08289686965997123,0.032880103016608216,0.08467439072486413,0.0864778859794388,0.0008611609963111583,0.01634972119680045,13.596029925031083
0.0883370538670051,0.031863604324677455,0.08719651192302262,0.08061232833211134,0.09486573931642238,0.02464010664002473,13.431936578622677,0.0883370538670051,0.031863604324677455,0.08719651192302262,0.08061232833211134,0.09486573931642238,0.02464010664002473,13.431936578622677
0.07995927519547938,0.8746756138855624,0.00010998053091174076,0.05712395709422038,0.0005759502640979523,0.023349940424165445,12.369947614917034,0.07995927519547938,0.8746756138855624,0.00010998053091174076,0.05712395709422038,0.0005759502640979523,0.023349940424165445,12.369947614917034
0.08344178948402126,0.08827967981920157,0.08743736446608717,0.09852787184311007,0.08412349552200793,0.022731419894012617,13.322459984091886,0.08344178948402126,0.08827967981920157,0.08743736446608717,0.09852787184311007,0.08412349552200793,0.022731419894012617,13.322459984091886
0.08528972392463567,0.09341908680436663,0.08461382035595351,0.09003628720737959,0.04804129337287659,0.023138298140529076,13.317527205746947,0.08528972392463567,0.09341908680436663,0.08461382035595351,0.09003628720737959,0.04804129337287659,0.023138298140529076,13.317527205746947
0.0873274094718002,0.0,0.0013214137293187656,0.09908331780522586,0.04059492460125033,0.025405860027867024,13.758657377512128,0.0873274094718002,0.0,0.0013214137293187656,0.09908331780522586,0.04059492460125033,0.025405860027867024,13.758657377512128
0.08834126082825544,0.08894098757484786,0.05936976398805105,0.08970939293940065,0.08850717530602865,0.021912970512181867,13.347532222251637,0.08834126082825544,0.08894098757484786,0.05936976398805105,0.08970939293940065,0.08850717530602865,0.021912970512181867,13.347532222251637
0.07768245401250948,0.08831698913023385,0.008967095793479915,0.09658208977806557,0.002346333685815022,0.023324521585718915,13.560412241247445,0.07768245401250948,0.08831698913023385,0.008967095793479915,0.09658208977806557,0.002346333685815022,0.023324521585718915,13.560412241247445
0.07740657603542239,0.08549967918877513,0.06991965532110689,0.03459304707551995,0.08272352835769363,0.02141095025496778,13.749615660767697,0.07740657603542239,0.08549967918877513,0.06991965532110689,0.03459304707551995,0.08272352835769363,0.02141095025496778,13.749615660767697
0.08767827639668878,0.0,0.10117171206287898,0.09227111730574628,0.08578093195425658,0.023366876094367633,13.374216595087452,0.08767827639668878,0.0,0.10117171206287898,0.09227111730574628,0.08578093195425658,0.023366876094367633,13.374216595087452
0.09251030336086903,3.68791352468608e-8,0.06501158526700525,0.002276498408916805,0.07975997106730727,0.01969057206361193,13.67079719014426,0.09251030336086903,3.68791352468608e-8,0.06501158526700525,0.002276498408916805,0.07975997106730727,0.01969057206361193,13.67079719014426
0.006582072015702031,0.0906805766402974,0.0593446933782527,0.10502783245135541,0.07962951933671741,0.024520463900715165,13.454487862829476,0.006582072015702031,0.0906805766402974,0.0593446933782527,0.10502783245135541,0.07962951933671741,0.024520463900715165,13.454487862829476
0.09095214443005936,0.08893378994449094,0.10386620967777796,0.008734499229386038,0.9224888135713161,0.01948778743354075,12.032680673738135,0.09095214443005936,0.08893378994449094,0.10386620967777796,0.008734499229386038,0.9224888135713161,0.01948778743354075,12.032680673738135
0.07567618204393123,0.004563006956246021,0.00012035703368470929,0.09684811852826877,0.1007552329050477,0.02494220736429298,13.514715431446168,0.07567618204393123,0.004563006956246021,0.00012035703368470929,0.09684811852826877,0.1007552329050477,0.02494220736429298,13.514715431446168
0.001382510467845897,0.020711769662425647,0.08434004088034747,0.0899908814543651,0.0884008395005342,0.026763524986040885,13.537295319201457,0.001382510467845897,0.020711769662425647,0.08434004088034747,0.0899908814543651,0.0884008395005342,0.026763524986040885,13.537295319201457
0.0,0.08664913402120432,0.08818023889777779,0.09311394539680759,0.08632076195590696,0.019459796153143718,13.376197028340941,0.0,0.08664913402120432,0.08818023889777779,0.09311394539680759,0.08632076195590696,0.019459796153143718,13.376197028340941
0.0896567597873273,0.08549967918877514,0.06991965532110689,0.0,0.08271963179578898,0.02141095025496778,13.686973637954111,0.0896567597873273,0.08549967918877514,0.06991965532110689,0.0,0.08271963179578898,0.02141095025496778,13.686973637954111
0.07570190880134979,0.08628588778585511,0.06705353562861571,0.09150689742779944,0.0888425217113128,0.019404312005814304,13.427039958559481,0.07570190880134979,0.08628588778585511,0.06705353562861571,0.09150689742779944,0.0888425217113128,0.019404312005814304,13.427039958559481
0.08591710643409609,0.10101139067435022,0.024854066283031766,0.003606664875500487,0.0999015276449171,0.01964122563906187,13.605008256559557,0.08591710643409609,0.10101139067435022,0.024854066283031766,0.003606664875500487,0.0999015276449171,0.01964122563906187,13.605008256559557
0.07928789100552402,0.000092261741015634,0.07891868906789698,0.09134062282535331,0.07828767413535521,0.024852183009464054,13.434614029831607,0.07928789100552402,0.000092261741015634,0.07891868906789698,0.09134062282535331,0.07828767413535521,0.024852183009464054,13.434614029831607
0.0046011838976281055,0.08035362297543955,0.0013964501197500784,0.0033344605562393237,0.018928365973992473,0.024747749210916624,13.896201549902422,0.0046011838976281055,0.08035362297543955,0.0013964501197500784,0.0033344605562393237,0.018928365973992473,0.024747749210916624,13.896201549902422
0.07567618204393123,0.00456300695624602,0.00012035703368470973,0.09001348132236615,0.10092722175093559,0.025013036633989245,13.613726032820798,0.07567618204393123,0.00456300695624602,0.00012035703368470973,0.09001348132236615,0.10092722175093559,0.025013036633989245,13.613726032820798
0.08677880475601125,0.0007900746999547625,0.009713137705020858,0.08919535735355366,0.0,0.021272948146797428,13.797296465599192,0.08677880475601125,0.0007900746999547625,0.009713137705020858,0.08919535735355366,0.0,0.021272948146797428,13.797296465599192
0.7999809658591579,0.0021760603840379478,0.10402862856606741,0.11150185721873332,0.08028251379037185,0.02531957966384773,12.504843544295905,0.7999809658591579,0.0021760603840379478,0.10402862856606741,0.11150185721873332,0.08028251379037185,0.02531957966384773,12.504843544295905
0.09047169602830214,0.09323694612940703,0.1041293517287959,0.002324954605116905,0.056815518503022425,0.025890754186111857,13.4406114513073,0.09047169602830214,0.09323694612940703,0.1041293517287959,0.002324954605116905,0.056815518503022425,0.025890754186111857,13.4406114513073
0.08434988477201287,0.08968812044384548,0.08731381018301602,0.09088292052158015,0.08687692421392974,0.024729140424776242,13.41055134817888,0.08434988477201287,0.08968812044384548,0.08731381018301602,0.09088292052158015,0.08687692421392974,0.024729140424776242,13.41055134817888
0.003185235903378811,0.09897851390815326,0.09520128577215103,0.09105182981037316,0.08913793661757952,0.02203942844398895,13.35333642307747,0.003185235903378811,0.09897851390815326,0.09520128577215103,0.09105182981037316,0.08913793661757952,0.02203942844398895,13.35333642307747
0.07295956655475302,0.0,0.09780675010542525,0.0825540682983805,0.10138021942593653,0.017408720989308322,13.824057755232262,0.07295956655475302,0.0,0.09780675010542525,0.0825540682983805,0.10138021942593653,0.017408720989308322,13.824057755232262
0.08649304814129602,0.0047420803317341845,0.08787735584185805,0.10612709757569844,0.0016545496902318213,0.024129396861883735,13.552821193272479,0.08649304814129602,0.0047420803317341845,0.08787735584185805,0.10612709757569844,0.0016545496902318213,0.024129396861883735,13.552821193272479
0.08797859666883759,0.0765237005958126,0.08465389153709546,0.0,0.08434012983759251,0.019612365404595197,13.716184725387855,0.08797859666883759,0.0765237005958126,0.08465389153709546,0.0,0.08434012983759251,0.019612365404595197,13.716184725387855
0.08296193060536909,0.006316086481273402,0.00510099571068412,0.07397397040176555,0.0874520359654081,0.007191543853544686,13.785451331066358,0.08296193060536909,0.006316086481273402,0.00510099571068412,0.07397397040176555,0.0874520359654081,0.007191543853544686,13.785451331066358
0.08528972392463569,0.033166077194270664,0.08461382035595352,0.09003628720737959,0.04804129337287659,0.021385909259360066,13.47864912403385,0.08528972392463569,0.033166077194270664,0.08461382035595352,0.09003628720737959,0.04804129337287659,0.021385909259360066,13.47864912403385
0.013014711528486494,0.08597640093550311,0.004538023974430497,0.02148389440250123,0.08802561143255613,0.021390945493183718,13.667825161742487,0.013014711528486494,0.08597640093550311,0.004538023974430497,0.02148389440250123,0.08802561143255613,0.021390945493183718,13.667825161742487
0.08970561450826639,0.09089369911558107,0.0034141658289607397,0.002324954605116905,0.05584179428528099,0.025614751849293467,13.569370904797688,0.08970561450826639,0.09089369911558107,0.0034141658289607397,0.002324954605116905,0.05584179428528099,0.025614751849293467,13.569370904797688
0.08746708961635818,0.0,0.008693336262262326,0.01010806892396972,0.0866110017407406,0.02137550790826294,13.670575752107531,0.08746708961635818,0.0,0.008693336262262326,0.01010806892396972,0.0866110017407406,0.02137550790826294,13.670575752107531
0.08745028721560771,0.07427524642460523,0.08928856730642662,0.08217489550047394,0.10094174645309002,0.024462510616625327,13.354334629228447,0.08745028721560771,0.07427524642460523,0.08928856730642662,0.08217489550047394,0.10094174645309002,0.024462510616625327,13.354334629228447
0.0020033039527316276,0.00614910108931549,0.0014466063676822419,0.017828465087047607,0.07992529996217967,0.024421037978121667,13.861347971596441,0.0020033039527316276,0.00614910108931549,0.0014466063676822419,0.017828465087047607,0.07992529996217967,0.024421037978121667,13.861347971596441
0.0026452298822237374,0.08949166714538723,0.8669700931332476,0.08951780962131706,0.004726249545108224,0.05415304371731895,11.95977598031469,0.0026452298822237374,0.08949166714538723,0.8669700931332476,0.08951780962131706,0.004726249545108224,0.05415304371731895,11.95977598031469
0.0837122870170446,0.09072159142789414,0.07434810378985401,0.004474680334742104,0.10093546027811129,0.015175090627678037,13.439819732003798,0.0837122870170446,0.09072159142789414,0.07434810378985401,0.004474680334742104,0.10093546027811129,0.015175090627678037,13.439819732003798
0.08988160901803516,0.0,0.0,0.09274639382572697,0.09533223602710242,0.01862843879883043,13.605219546996983,0.08988160901803516,0.0,0.0,0.09274639382572697,0.09533223602710242,0.01862843879883043,13.605219546996983
0.07759396325333517,0.08925457717414872,0.0880315221085157,0.07982577630994026,0.08119693924128135,0.0218299387647403,13.329620421902353,0.07759396325333517,0.08925457717414872,0.0880315221085157,0.07982577630994026,0.08119693924128135,0.0218299387647403,13.329620421902353
0.08817409993422373,0.003256367931129947,0.08770201958514391,0.09531098952995581,0.09161393547054433,0.008538365769492618,13.409837958700521,0.08817409993422373,0.003256367931129947,0.08770201958514391,0.09531098952995581,0.09161393547054433,0.008538365769492618,13.409837958700521
0.005437547059801512,0.0004445507857017983,0.007491641582166857,0.07498421061263469,0.08605945396612091,0.022399406960136467,13.80775913284344,0.005437547059801512,0.0004445507857017983,0.007491641582166857,0.07498421061263469,0.08605945396612091,0.022399406960136467,13.80775913284344
0.0864128925560105,0.007659430263865161,0.08540386868971694,0.09338957433923839,0.08578130850205619,0.02208689147564976,13.49211093430476,0.0864128925560105,0.007659430263865161,0.08540386868971694,0.09338957433923839,0.08578130850205619,0.02208689147564976,13.49211093430476
0.06282574381813444,0.07487753591456982,0.048562829680123584,0.09912220324748278,0.09041900715305315,0.02562621958496001,13.525099151584042,0.06282574381813444,0.07487753591456982,0.048562829680123584,0.09912220324748278,0.09041900715305315,0.02562621958496001,13.525099151584042
0.020200374526730194,0.08839185509932114,0.009028377772002744,0.08919504580558471,0.00522667865243303,0.022117228985651365,13.706256393189847,0.020200374526730194,0.08839185509932114,0.009028377772002744,0.08919504580558471,0.00522667865243303,0.022117228985651365,13.706256393189847
0.08606012848020747,0.09737374590533326,0.0880225624866095,0.08911388839583798,0.09654678876981627,0.022003102883480667,13.234609181775062,0.08606012848020747,0.09737374590533326,0.0880225624866095,0.08911388839583798,0.09654678876981627,0.022003102883480667,13.234609181775062
0.07988547245487432,0.03403656267616356,0.07312045178062318,0.07383962210920259,0.0655577835049578,0.021320607758535157,13.679621800465403,0.07988547245487432,0.03403656267616356,0.07312045178062318,0.07383962210920259,0.0655577835049578,0.021320607758535157,13.679621800465403
0.0833178027555124,0.09459321702757614,0.0859752839731579,0.07592202881921836,0.08186159606317309,0.022054999925979448,13.526909483042061,0.0833178027555124,0.09459321702757614,0.0859752839731579,0.07592202881921836,0.08186159606317309,0.022054999925979448,13.526909483042061
0.09172526119729338,0.09634923262860684,0.01084871807389163,0.005267518835623207,0.0027986368283259566,0.02288364112199734,13.673191398930184,0.09172526119729338,0.09634923262860684,0.01084871807389163,0.005267518835623207,0.0027986368283259566,0.02288364112199734,13.673191398930184
0.08592524378022492,0.06565973836562482,0.08958442042409065,0.08687279006455043,0.08835006808882927,0.01965180676140493,13.472418504048129,0.08592524378022492,0.06565973836562482,0.08958442042409065,0.08687279006455043,0.08835006808882927,0.01965180676140493,13.472418504048129
0.08965675978732729,0.08549967918877513,0.06991965532110689,0.0,0.08334834963548331,0.02141095025496778,13.474931435372607,0.08965675978732729,0.08549967918877513,0.06991965532110689,0.0,0.08334834963548331,0.02141095025496778,13.474931435372607
0.08545072172907425,0.0,0.09098700376667945,0.08635891543416771,0.06561322186320653,0.021072934439788898,13.489968205558903,0.08545072172907425,0.0,0.09098700376667945,0.08635891543416771,0.06561322186320653,0.021072934439788898,13.489968205558903
0.10012342423465304,0.00013166736538809676,0.09908908544362029,0.09224355817613436,0.9104207403988391,0.025663438626083397,11.893529340079974,0.10012342423465304,0.00013166736538809676,0.09908908544362029,0.09224355817613436,0.9104207403988391,0.025663438626083397,11.893529340079974
0.0032354963774900367,0.08894098757484786,0.002887039505698928,0.08054163316346163,0.07078163852826376,0.021826171472120022,13.776772705366644,0.0032354963774900367,0.08894098757484786,0.002887039505698928,0.08054163316346163,0.07078163852826376,0.021826171472120022,13.776772705366644
0.85258539360904,0.0,0.08328834402998778,0.08239969322485245,0.06551211434044873,0.021949781894584644,12.027277392350408,0.85258539360904,0.0,0.08328834402998778,0.08239969322485245,0.06551211434044873,0.021949781894584644,12.027277392350408
0.006189381164499632,0.0007900746999547625,0.005365093274963602,0.08840782907974737,0.018439723513413976,0.021291738699510475,13.8536754202852,0.006189381164499632,0.0007900746999547625,0.005365093274963602,0.08840782907974737,0.018439723513413976,0.021291738699510475,13.8536754202852
0.08101449485354334,0.08549385418299645,0.08802464152061312,0.0859654851747908,0.0,0.0231110928017671,13.40109064390812,0.08101449485354334,0.08549385418299645,0.08802464152061312,0.0859654851747908,0.0,0.0231110928017671,13.40109064390812
0.03373295982788555,0.09091416299946475,0.09525031164786135,0.09105182981037316,0.06428263776775332,0.018395129582950392,13.817099892022247,0.03373295982788555,0.09091416299946475,0.09525031164786135,0.09105182981037316,0.06428263776775332,0.018395129582950392,13.817099892022247
0.0883613855575136,0.08681347451662005,0.0019896809782554564,0.07081715192781163,0.08927568819862775,0.020767641192578862,13.50264930578186,0.0883613855575136,0.08681347451662005,0.0019896809782554564,0.07081715192781163,0.08927568819862775,0.020767641192578862,13.50264930578186
0.08337518802629953,0.0,0.0004079961372506491,0.0022764984089168033,0.08805824696860488,0.01969057206361193,13.780875840993522,0.08337518802629953,0.0,0.0004079961372506491,0.0022764984089168033,0.08805824696860488,0.01969057206361193,13.780875840993522
0.0875987833480627,0.02602532902340031,0.0,0.09009076350505929,0.07531826535695278,0.020817571297645762,13.680828856904618,0.0875987833480627,0.02602532902340031,0.0,0.09009076350505929,0.07531826535695278,0.020817571297645762,13.680828856904618
0.08626750520585519,0.0,0.14511390507402497,0.07819664956013156,0.030757934261687242,0.024347560690048432,13.405937176099702,0.08626750520585519,0.0,0.14511390507402497,0.07819664956013156,0.030757934261687242,0.024347560690048432,13.405937176099702
0.08881509029358857,0.0,0.0,0.016050120552860533,0.08895665642410745,0.025715356909535532,13.738185750796745,0.08881509029358857,0.0,0.0,0.016050120552860533,0.08895665642410745,0.025715356909535532,13.738185750796745
0.06561485647739776,0.0,0.07875663733901564,0.09442894976954579,0.07820307778200652,0.021344471554102483,13.689598390257048,0.06561485647739776,0.0,0.07875663733901564,0.09442894976954579,0.07820307778200652,0.021344471554102483,13.689598390257048
0.032822203872955216,0.8642020857850216,0.09141888423057329,0.08989733836410435,0.10125322530603434,0.020847114722430032,12.019741022011276,0.032822203872955216,0.8642020857850216,0.09141888423057329,0.08989733836410435,0.10125322530603434,0.020847114722430032,12.019741022011276
0.08405858929983816,0.08671267418050486,0.08949956282700941,0.09234208856624146,0.08830727053572954,0.018686726910647267,13.453396669753497,0.08405858929983816,0.08671267418050486,0.08949956282700941,0.09234208856624146,0.08830727053572954,0.018686726910647267,13.453396669753497
0.007344315924179294,0.0015999686995823367,0.002878418495759587,0.0861169805519631,0.08241784280721794,0.012420079240110616,13.733970349810882,0.007344315924179294,0.0015999686995823367,0.002878418495759587,0.0861169805519631,0.08241784280721794,0.012420079240110616,13.733970349810882
0.08737747857486926,0.0,0.0561026605085179,0.0881986490438737,0.04036978292841285,0.016201795788919914,13.663670621036799,0.08737747857486926,0.0,0.0561026605085179,0.0881986490438737,0.04036978292841285,0.016201795788919914,13.663670621036799
0.0843251348806805,0.09103746433854289,0.0,0.10894415069704097,0.005026800493832258,0.025432667163579656,13.754851529400327,0.0843251348806805,0.09103746433854289,0.0,0.10894415069704097,0.005026800493832258,0.025432667163579656,13.754851529400327
0.11019854120672673,0.21259227347489001,0.07013665826576432,0.014261178080370113,0.03051308073768838,0.0038370814119014288,13.813930493577173,0.11019854120672673,0.21259227347489001,0.07013665826576432,0.014261178080370113,0.03051308073768838,0.0038370814119014288,13.813930493577173
0.000015583080227087997,0.0,0.0848156906201868,0.0,0.08839723463065725,0.01994387243118419,13.689523664018498,0.000015583080227087997,0.0,0.0848156906201868,0.0,0.08839723463065725,0.01994387243118419,13.689523664018498
0.0038325792366166386,0.0026866313623366833,0.08693707533328274,0.0026136594869432817,0.08159437930275112,0.02277013495060566,13.775618451777541,0.0038325792366166386,0.0026866313623366833,0.08693707533328274,0.0026136594869432817,0.08159437930275112,0.02277013495060566,13.775618451777541
0.08519693181722869,0.001094437387367508,0.08861486655833248,0.09255541481812542,0.0,0.024781861806064225,13.516062314712322,0.08519693181722869,0.001094437387367508,0.08861486655833248,0.09255541481812542,0.0,0.024781861806064225,13.516062314712322
0.08580211934604418,0.0004503207771723329,0.08799341869281631,0.07492734466642594,0.0860474344535965,0.018655371967446335,13.686698468242382,0.08580211934604418,0.0004503207771723329,0.08799341869281631,0.07492734466642594,0.0860474344535965,0.018655371967446335,13.686698468242382
0.007916480208973467,0.09872743843371512,0.06732841537174328,0.08541232357215525,0.0889211007393512,0.02392949068455765,13.408062852172835,0.007916480208973467,0.09872743843371512,0.06732841537174328,0.08541232357215525,0.0889211007393512,0.02392949068455765,13.408062852172835
0.08079264753259344,0.0817805585272744,0.09113544467284604,0.09087576097375757,0.0024211523134821528,0.024649392210815725,13.460633180095348,0.08079264753259344,0.0817805585272744,0.09113544467284604,0.09087576097375757,0.0024211523134821528,0.024649392210815725,13.460633180095348
0.05748760917151721,0.08585834290831026,0.07446679232139639,0.8787587423139886,0.0811797416994072,0.02145175325251953,11.992029792469719,0.05748760917151721,0.08585834290831026,0.07446679232139639,0.8787587423139886,0.0811797416994072,0.02145175325251953,11.992029792469719
0.08437289649262247,0.09067618561461588,0.00261075537049775,0.08940699848549438,0.08869690744388786,0.020848088530627983,13.487311708785983,0.08437289649262247,0.09067618561461588,0.00261075537049775,0.08940699848549438,0.08869690744388786,0.020848088530627983,13.487311708785983
0.001366927387618809,0.02122534865343287,0.08433938783759719,0.0899908814543651,0.08468579520448231,0.02681663882055119,13.541119946148529,0.001366927387618809,0.02122534865343287,0.08433938783759719,0.0899908814543651,0.08468579520448231,0.02681663882055119,13.541119946148529
0.08755044692225006,0.08938923830528754,0.08483849230804602,0.00265020443632364,0.000020916266592604926,0.024779048066152966,13.868487665146969,0.08755044692225006,0.08938923830528754,0.08483849230804602,0.00265020443632364,0.000020916266592604926,0.024779048066152966,13.868487665146969
0.0061917622312694445,0.08868851883245296,0.06989637048205205,0.08687635334274724,0.08531202936730964,0.024862273154678136,13.464108482397485,0.0061917622312694445,0.08868851883245296,0.06989637048205205,0.08687635334274724,0.08531202936730964,0.024862273154678136,13.464108482397485
0.05072085559687947,0.0889461044164354,0.08710052896877205,0.08900058977315423,0.001678637063137263,0.021945400627412296,13.535553074832421,0.05072085559687947,0.0889461044164354,0.08710052896877205,0.08900058977315423,0.001678637063137263,0.021945400627412296,13.535553074832421
0.07564290120269976,0.0852845528810042,0.06709377469697658,0.09150689742779945,0.08884252171131281,0.019402551566809825,13.444203790024057,0.07564290120269976,0.0852845528810042,0.06709377469697658,0.09150689742779945,0.08884252171131281,0.019402551566809825,13.444203790024057
0.0831766031866309,0.022428718743748216,0.04592610245317942,0.10125732650109973,0.05883822219281626,0.02208956149653,13.804431737547565,0.0831766031866309,0.022428718743748216,0.04592610245317942,0.10125732650109973,0.05883822219281626,0.02208956149653,13.804431737547565
0.07739113129066283,0.0855048199177148,0.07617075420890637,0.08249128728823377,0.08334155343961971,0.021394621251204976,13.45400642838279,0.07739113129066283,0.0855048199177148,0.07617075420890637,0.08249128728823377,0.08334155343961971,0.021394621251204976,13.45400642838279
0.0019956722150415163,0.08790314445171243,0.0009170037228947025,0.0867502785336762,0.09366206407937122,0.02444143838804187,13.737652050875763,0.0019956722150415163,0.08790314445171243,0.0009170037228947025,0.0867502785336762,0.09366206407937122,0.02444143838804187,13.737652050875763
0.08528972392463567,0.07395449676546459,0.08461382035595351,0.0900362872073796,0.04804129337287659,0.01975336961661818,13.383505409922131,0.08528972392463567,0.07395449676546459,0.08461382035595351,0.0900362872073796,0.04804129337287659,0.01975336961661818,13.383505409922131
0.0829910811747518,0.09819511449168596,0.0831007028399132,0.09237191191944474,0.09345410916157056,0.02526256653311158,13.38804073833945,0.0829910811747518,0.09819511449168596,0.0831007028399132,0.09237191191944474,0.09345410916157056,0.02526256653311158,13.38804073833945
0.08823450769990648,0.006319796831531572,0.010481917596790492,0.04422831802367738,0.024457505115367536,0.021359215811893806,13.748492329654614,0.08823450769990648,0.006319796831531572,0.010481917596790492,0.04422831802367738,0.024457505115367536,0.021359215811893806,13.748492329654614
0.08666077233857666,0.09459321702757614,0.08601878846643585,0.07552383196276777,0.09024644982093649,0.0871003395471382,13.12249207258588,0.08666077233857666,0.09459321702757614,0.08601878846643585,0.07552383196276777,0.09024644982093649,0.0871003395471382,13.12249207258588
0.004997222426308907,0.020971325651413804,0.08644122396228013,0.09114483995319246,0.08901424301340037,0.02442337355003119,13.623419406293312,0.004997222426308907,0.020971325651413804,0.08644122396228013,0.09114483995319246,0.08901424301340037,0.02442337355003119,13.623419406293312
0.07634482767933712,0.08498884957654153,0.001548377221841049,0.02504838952109546,0.005065324317553702,0.02147288550982819,13.96739172624858,0.07634482767933712,0.08498884957654153,0.001548377221841049,0.02504838952109546,0.005065324317553702,0.02147288550982819,13.96739172624858
0.005840959602520301,0.09012760862401314,0.08804202814097327,0.09744869394858935,0.09027519641633738,0.0246272652185383,13.369803161532115,0.005840959602520301,0.09012760862401314,0.08804202814097327,0.09744869394858935,0.09027519641633738,0.0246272652185383,13.369803161532115
0.07568424108553114,0.0,0.001164699012222748,0.084182819834332,0.07998134384921082,0.021466298799199438,13.650952492701364,0.07568424108553114,0.0,0.001164699012222748,0.084182819834332,0.07998134384921082,0.021466298799199438,13.650952492701364
0.07269380480783258,0.0034980740213957084,0.08800421814736217,0.09363533646021252,0.09369017663347978,0.017964281251823956,13.619513598866254,0.07269380480783258,0.0034980740213957084,0.08800421814736217,0.09363533646021252,0.09369017663347978,0.017964281251823956,13.619513598866254
0.062591363518029,0.0002617126948942644,0.08809234896937755,0.0886921048701021,0.05753213796456097,0.02446158694664733,13.58995274124027,0.062591363518029,0.0002617126948942644,0.08809234896937755,0.0886921048701021,0.05753213796456097,0.02446158694664733,13.58995274124027
0.0853336375751516,0.08766632997874702,0.09358164244666242,0.05465394369959392,0.005387511734735603,0.023143370323858208,13.451357806801962,0.0853336375751516,0.08766632997874702,0.09358164244666242,0.05465394369959392,0.005387511734735603,0.023143370323858208,13.451357806801962
