f_1,f_2,f_3,f_4,f_5,f_6,f_7,f_1_min,f_2_min,f_3_min,f_4_min,f_5_min,f_6_min,f_7_min
0.016870130004652623,0.4474937254456824,0.018241926544183617,0.01665502468733841,0.01628721281374793,0.7966942507974594,0.408220448002586,0.016870130004652623,0.4474937254456824,0.018241926544183617,0.01665502468733841,0.01628721281374793,0.7966942507974594,0.408220448002586
0.059862806000705704,0.38611546937730234,1.4511054474659452e-128,0.05968969588181517,5.941945251808297e-104,0.7699287335062008,0.5031998274648071,0.059862806000705704,0.38611546937730234,1.4511054474659452e-128,0.05968969588181517,5.941945251808297e-104,0.7699287335062008,0.5031998274648071
0.07768180086171085,0.41378107608905046,0.07993182540653133,0.015699658522521667,0.016085248316393436,0.8064353120301745,0.4078200917987826,0.07768180086171085,0.41378107608905046,0.07993182540653133,0.015699658522521667,0.016085248316393436,0.8064353120301745,0.4078200917987826
0.00006197426462776901,0.3610869125578077,2.6614580743063213e-50,0.000018041436547066727,0.055061465758240766,0.8325403031125063,0.4168116474544924,0.00006197426462776901,0.3610869125578077,2.6614580743063213e-50,0.000018041436547066727,0.055061465758240766,0.8325403031125063,0.4168116474544924
0.04347988762241369,0.4064095866573576,0.07355583573058194,0.016914717676175802,0.015451191130595244,0.7985076564882011,0.43652968893583777,0.04347988762241369,0.4064095866573576,0.07355583573058194,0.016914717676175802,0.015451191130595244,0.7985076564882011,0.43652968893583777
0.04246383105265603,0.3970626973560037,0.014900841195720367,0.015478939364613415,0.014890261868519336,0.7987611367834356,0.4502316371989707,0.04246383105265603,0.3970626973560037,0.014900841195720367,0.015478939364613415,0.014890261868519336,0.7987611367834356,0.4502316371989707
0.04836030452075435,0.4617572560331578,0.015035375448546892,0.04708645641520744,0.016701933018256523,0.788121595499732,0.40218005120116634,0.04836030452075435,0.4617572560331578,0.015035375448546892,0.04708645641520744,0.016701933018256523,0.788121595499732,0.40218005120116634
0.04640924613259462,0.4083721465289498,0.046536983955311625,0.0454307465492428,0.015480485791126285,0.7984757905600744,0.4356209754333999,0.04640924613259462,0.4083721465289498,0.046536983955311625,0.0454307465492428,0.015480485791126285,0.7984757905600744,0.4356209754333999
2.2087990674403138e-17,0.3607242625348248,0.0,0.056597256690305874,0.0,0.8334438507308325,0.4160856009130647,2.2087990674403138e-17,0.3607242625348248,0.0,0.056597256690305874,0.0,0.8334438507308325,0.4160856009130647
2.300268373990622e-17,0.3756623339222637,0.05783467400078081,3.8754086329382225e-82,0.00006999845417436464,0.7496444200123419,0.547169871056781,2.300268373990622e-17,0.3756623339222637,0.05783467400078081,3.8754086329382225e-82,0.00006999845417436464,0.7496444200123419,0.547169871056781
2.721922089414551e-17,0.44452361142978686,2.3510080175278667e-133,8.47441266648337e-65,0.11755118605453131,0.7705489584708407,0.4448371861496835,2.721922089414551e-17,0.44452361142978686,2.3510080175278667e-133,8.47441266648337e-65,0.11755118605453131,0.7705489584708407,0.4448371861496835
2.4146425882525573e-17,0.39434106061171686,0.12039875627860425,1.324103163176233e-7,0.05958540170971315,0.7881640330222559,0.4534386082134747,2.4146425882525573e-17,0.39434106061171686,0.12039875627860425,1.324103163176233e-7,0.05958540170971315,0.7881640330222559,0.4534386082134747
2.4180070918960908e-17,0.39489052575478933,1.690234263794858e-298,0.11975312851183169,0.06106883630983509,0.7907488566200764,0.4522095668336068,2.4180070918960908e-17,0.39489052575478933,1.690234263794858e-298,0.11975312851183169,0.06106883630983509,0.7907488566200764,0.4522095668336068
0.044287480970974895,0.4250780475488558,0.0180823488496092,0.016883711665419958,0.014347815142613393,0.7794703836035792,0.4596980877042828,0.044287480970974895,0.4250780475488558,0.0180823488496092,0.016883711665419958,0.014347815142613393,0.7794703836035792,0.4596980877042828
0.04480740816838004,0.40297102114374456,0.04591587929092889,0.015836501794119367,0.05102604029211362,0.8187196960755566,0.40168266957041715,0.04480740816838004,0.40297102114374456,0.04591587929092889,0.015836501794119367,0.05102604029211362,0.8187196960755566,0.40168266957041715
0.015781627420241636,0.40723143293866365,0.01687998095470255,0.012573729097607948,0.13787807049170428,0.8044351586792124,0.4107526780114412,0.015781627420241636,0.40723143293866365,0.01687998095470255,0.012573729097607948,0.13787807049170428,0.8044351586792124,0.4107526780114412
5.522309698449154e-17,2.6458069535584417e-17,9.87947147763688e-28,2.5280102222572903e-19,1.0000379167948643,2.0524436286375693e-68,1.9924582165270826e-24,5.522309698449154e-17,2.6458069535584417e-17,9.87947147763688e-28,2.5280102222572903e-19,1.0000379167948643,2.0524436286375693e-68,1.9924582165270826e-24
3.7578506522009225e-9,0.4816341855106591,6.075621250783056e-147,1.8300269659442758e-115,0.055116758997786446,0.7959983575182616,0.37015127449784846,3.7578506522009225e-9,0.4816341855106591,6.075621250783056e-147,1.8300269659442758e-115,0.055116758997786446,0.7959983575182616,0.37015127449784846
0.015134223301599078,0.41414535322024454,0.04551055742122618,0.016978031067979935,0.016552767986610123,0.8222454901352098,0.39113780904620465,0.015134223301599078,0.41414535322024454,0.04551055742122618,0.016978031067979935,0.016552767986610123,0.8222454901352098,0.39113780904620465
0.014313379677546879,0.3962776013978918,0.045913411448369586,0.014186026180368582,0.04479811161359417,0.8098998006963141,0.4286484591021263,0.014313379677546879,0.3962776013978918,0.045913411448369586,0.014186026180368582,0.04479811161359417,0.8098998006963141,0.4286484591021263
0.00003132632435584784,0.39560510889846845,0.06013470035074393,9.072679031170019e-17,0.12164977699279862,0.787286099198394,0.4554024191429482,0.00003132632435584784,0.39560510889846845,0.06013470035074393,9.072679031170019e-17,0.12164977699279862,0.787286099198394,0.4554024191429482
0.0001238466854636187,0.4001103205156994,0.06091268466064298,0.12473171125257289,0.0621646475813462,0.810197247519518,0.4015930397760372,0.0001238466854636187,0.4001103205156994,0.06091268466064298,0.12473171125257289,0.0621646475813462,0.810197247519518,0.4015930397760372
2.6172075687874027e-17,0.42742243242861605,9.824043919653255e-174,1.9021073006346867e-10,0.056768363374423876,0.7973523220000744,0.4274136558746823,2.6172075687874027e-17,0.42742243242861605,9.824043919653255e-174,1.9021073006346867e-10,0.056768363374423876,0.7973523220000744,0.4274136558746823
0.014012256804674052,0.4035144678027593,0.01483641327427205,0.01574094735040875,0.10035320730932207,0.8217259957588522,0.4056324502951285,0.014012256804674052,0.4035144678027593,0.01483641327427205,0.01574094735040875,0.10035320730932207,0.8217259957588522,0.4056324502951285
2.2587864928232747e-17,0.36888782862061614,1.194151516025939e-78,0.05503590076927713,0.054305836474293705,0.8507724952541116,0.3686820547631209,2.2587864928232747e-17,0.36888782862061614,1.194151516025939e-78,0.05503590076927713,0.054305836474293705,0.8507724952541116,0.3686820547631209
0.045841628972293096,0.4104720688491049,0.017453730655023626,0.04536234567366487,0.014063896320821005,0.7856822427547019,0.4587111984669222,0.045841628972293096,0.4104720688491049,0.017453730655023626,0.04536234567366487,0.014063896320821005,0.7856822427547019,0.4587111984669222
0.015585057552762118,0.4143688994936345,0.04684222664869977,0.07994218371512886,0.046763903639163946,0.8053889854790139,0.4122961642659951,0.015585057552762118,0.4143688994936345,0.04684222664869977,0.07994218371512886,0.046763903639163946,0.8053889854790139,0.4122961642659951
0.07323136463573149,0.40669264290000273,0.017427937382636923,0.045765489249058544,0.01571734667350982,0.7981413383243375,0.4361834378204277,0.07323136463573149,0.40669264290000273,0.017427937382636923,0.045765489249058544,0.01571734667350982,0.7981413383243375,0.4361834378204277
0.055069722943817796,0.437768195870028,5.276218671600335e-193,8.064979390080596e-80,0.057151541978599826,0.8137202206177258,0.3784830881646318,0.055069722943817796,0.437768195870028,5.276218671600335e-193,8.064979390080596e-80,0.057151541978599826,0.8137202206177258,0.3784830881646318
2.0939212439030287e-6,0.4347028286004722,1.7692945142906078e-68,2.0257712900525725e-228,0.059742586207006544,0.7551896608188859,0.48830210080765263,2.0939212439030287e-6,0.4347028286004722,1.7692945142906078e-68,2.0257712900525725e-228,0.059742586207006544,0.7551896608188859,0.48830210080765263
0.11535103736763656,0.37638851765513087,5.25564221665463e-127,0.000013572938663995401,3.285528385693454e-7,0.8110565964732912,0.4339142661834053,0.11535103736763656,0.37638851765513087,5.25564221665463e-127,0.000013572938663995401,3.285528385693454e-7,0.8110565964732912,0.4339142661834053
0.04406003494117598,0.3900736742617575,0.01597221383080637,0.016309600435763516,0.016051448073621438,0.819587046549288,0.41753030472056174,0.04406003494117598,0.3900736742617575,0.01597221383080637,0.016309600435763516,0.016051448073621438,0.819587046549288,0.41753030472056174
2.3667769949282326e-17,0.38652401599809433,2.0650069844448327e-63,4.179055420148076e-27,0.11808849840635403,0.7663125747717271,0.5013176506291687,2.3667769949282326e-17,0.38652401599809433,2.0650069844448327e-63,4.179055420148076e-27,0.11808849840635403,0.7663125747717271,0.5013176506291687
2.738929874012557e-17,0.447301193441163,0.05893094487113756,0.05987113568277091,1.268255492968293e-7,0.771458960997614,0.44519332959778746,2.738929874012557e-17,0.447301193441163,0.05893094487113756,0.05987113568277091,1.268255492968293e-7,0.771458960997614,0.44519332959778746
1.8332024503936542e-6,0.38057701210291717,2.435043096054637e-11,0.05721624147163187,0.052891696547314716,0.7732628623722072,0.5024588608658056,1.8332024503936542e-6,0.38057701210291717,2.435043096054637e-11,0.05721624147163187,0.052891696547314716,0.7732628623722072,0.5024588608658056
0.015258810412593343,0.3922533589434024,0.016350910536033044,0.07261263658655918,0.015483662054019947,0.8253209183490144,0.39922685814309217,0.015258810412593343,0.3922533589434024,0.016350910536033044,0.07261263658655918,0.015483662054019947,0.8253209183490144,0.39922685814309217
0.0456179130843229,0.4287057072790778,0.046135920611014083,0.01650374348737536,0.01585568011382814,0.8100700711492632,0.3981427971069283,0.0456179130843229,0.4287057072790778,0.046135920611014083,0.01650374348737536,0.01585568011382814,0.8100700711492632,0.3981427971069283
2.4419123426938513e-17,0.3987945494805532,5.247340640761423e-129,4.555696754072845e-106,6.59635524300449e-158,0.8488320667797831,0.3482820423264659,2.4419123426938513e-17,0.3987945494805532,5.247340640761423e-129,4.555696754072845e-106,6.59635524300449e-158,0.8488320667797831,0.3482820423264659
0.016500580765470698,0.4518929888447424,0.046952505320022805,0.016509966966597872,0.016915986668394077,0.8007943186319857,0.39450489312838294,0.016500580765470698,0.4518929888447424,0.046952505320022805,0.016509966966597872,0.016915986668394077,0.8007943186319857,0.39450489312838294
0.000010087289372210425,0.3834070263023472,7.306306907689772e-118,0.17175769059031454,7.888800915003888e-83,0.8250509237902093,0.38248628965765535,0.000010087289372210425,0.3834070263023472,7.306306907689772e-118,0.17175769059031454,7.888800915003888e-83,0.8250509237902093,0.38248628965765535
0.046738658125050375,0.403832690239751,0.01560678094184692,0.016882397486462634,0.07544100444492564,0.8172299402566617,0.4027866484193398,0.046738658125050375,0.403832690239751,0.01560678094184692,0.016882397486462634,0.07544100444492564,0.8172299402566617,0.4027866484193398
0.013633563558587357,0.4010671365126261,0.014975136017037828,0.0741599245736516,0.04546708155168137,0.820538461080269,0.3991795916868334,0.013633563558587357,0.4010671365126261,0.014975136017037828,0.0741599245736516,0.04546708155168137,0.820538461080269,0.3991795916868334
0.016842747108731623,0.4349556332560655,0.016749297099890325,0.07619968661770467,0.048427431059343794,0.7996713114724247,0.40948750268254885,0.016842747108731623,0.4349556332560655,0.016749297099890325,0.07619968661770467,0.048427431059343794,0.7996713114724247,0.40948750268254885
0.01427674202238294,0.3900267941727087,0.015224742161686379,0.01678110746063492,0.07213631258789652,0.8281879769703132,0.39783745099622275,0.01427674202238294,0.3900267941727087,0.015224742161686379,0.01678110746063492,0.07213631258789652,0.8281879769703132,0.39783745099622275
0.015872008467400243,0.40417556597421755,0.04627989952269992,0.015060541300171978,0.04605362252415972,0.7894159105274532,0.4603051760402182,0.015872008467400243,0.40417556597421755,0.04627989952269992,0.015060541300171978,0.04605362252415972,0.7894159105274532,0.4603051760402182
0.0469836508918578,0.4387613823083745,0.01630900059896484,0.048398113000872864,0.017220237820030487,0.7879517471704486,0.4295603231500206,0.0469836508918578,0.4387613823083745,0.01630900059896484,0.048398113000872864,0.017220237820030487,0.7879517471704486,0.4295603231500206
0.05848522794825533,0.3862300024188194,0.06052729468618623,5.907248295580631e-16,1.3212295129537571e-201,0.770021386787494,0.5030658457520891,0.05848522794825533,0.3862300024188194,0.06052729468618623,5.907248295580631e-16,1.3212295129537571e-201,0.770021386787494,0.5030658457520891
0.01644042178332457,0.40105118346666707,0.016350044221668532,0.10271039903145017,0.016164747582530274,0.8173983831553555,0.4010952809375952,0.01644042178332457,0.40105118346666707,0.016350044221668532,0.10271039903145017,0.016164747582530274,0.8173983831553555,0.4010952809375952
2.6547741981027584e-17,0.43355752857903446,2.3330718878034847e-130,2.7860648899927122e-167,0.11554075166109179,0.8112472340530862,0.37640584764359075,2.6547741981027584e-17,0.43355752857903446,2.3330718878034847e-130,2.7860648899927122e-167,0.11554075166109179,0.8112472340530862,0.37640584764359075
0.016005965111429984,0.40799503916237984,0.07198808301769344,0.043189427319954087,0.015452172031673659,0.7994301304684196,0.4338366527927957,0.016005965111429984,0.40799503916237984,0.07198808301769344,0.043189427319954087,0.015452172031673659,0.7994301304684196,0.4338366527927957
0.060978020528408415,0.39783239801056974,0.12155750729365808,7.994935628606673e-185,0.0,0.7907161069628933,0.45745826055048067,0.060978020528408415,0.39783239801056974,0.12155750729365808,7.994935628606673e-185,0.0,0.7907161069628933,0.45745826055048067
2.0654497420052945e-17,0.3373135410868409,1.0454265855937135e-63,1.0106195621014544e-73,2.964217374281199e-137,0.8796057282895572,0.3369095782759983,2.0654497420052945e-17,0.3373135410868409,1.0454265855937135e-63,1.0106195621014544e-73,2.964217374281199e-137,0.8796057282895572,0.3369095782759983
2.4214691513529758e-17,0.3954559229712431,0.18039480999693827,0.0,2.3239833981963424e-159,0.7809009071360262,0.4503658752915274,2.4214691513529758e-17,0.3954559229712431,0.18039480999693827,0.0,2.3239833981963424e-159,0.7809009071360262,0.4503658752915274
0.045888477378448395,0.41207461930035344,0.017277407947151283,0.10646968699063777,0.016944578784361862,0.8069812772603079,0.40832789767406735,0.045888477378448395,0.41207461930035344,0.017277407947151283,0.10646968699063777,0.016944578784361862,0.8069812772603079,0.40832789767406735
0.00030642983843430803,0.4544270647066977,3.3777417359729073e-13,0.12006927031582215,0.06036504843985075,0.7883876926633367,0.3980585896812592,0.00030642983843430803,0.4544270647066977,3.3777417359729073e-13,0.12006927031582215,0.06036504843985075,0.7883876926633367,0.3980585896812592
0.017608202194479443,0.48123838440367367,0.019033668764786304,0.04541106932843921,0.01791177013017109,0.7798999033957198,0.39843987569188644,0.017608202194479443,0.48123838440367367,0.019033668764786304,0.04541106932843921,0.01791177013017109,0.7798999033957198,0.39843987569188644
0.015288064824836415,0.3983843428703599,0.015497362852594319,0.01622675436782636,0.045687194319859965,0.7789464121907282,0.4847446901179913,0.015288064824836415,0.3983843428703599,0.015497362852594319,0.01622675436782636,0.045687194319859965,0.7789464121907282,0.4847446901179913
0.06320291413434576,0.45281258431893867,0.11964163052215245,1.8487222385972746e-151,2.478758069068335e-15,0.788101101457365,0.39633923503825264,0.06320291413434576,0.45281258431893867,0.11964163052215245,1.8487222385972746e-151,2.478758069068335e-15,0.788101101457365,0.39633923503825264
0.10583025629657832,0.4050237687735342,0.015833259710179348,0.017347293682065695,0.015359145354127985,0.8152261026815515,0.40105565385562125,0.10583025629657832,0.4050237687735342,0.015833259710179348,0.017347293682065695,0.015359145354127985,0.8152261026815515,0.40105565385562125
2.2966111361924144e-17,0.3750650616637229,0.00007890469762980973,0.11373026943727432,1.5577023980792903e-184,0.8115258480940468,0.4346770780441106,2.2966111361924144e-17,0.3750650616637229,0.00007890469762980973,0.11373026943727432,1.5577023980792903e-184,0.8115258480940468,0.4346770780441106
0.04713577554395703,0.41210915081789107,0.10761509043019316,0.0156995902732489,0.01608517839089166,0.8064318063091339,0.4078183189306339,0.04713577554395703,0.41210915081789107,0.10761509043019316,0.0156995902732489,0.01608517839089166,0.8064318063091339,0.4078183189306339
0.04710177415966874,0.4142070511074645,0.047092266872027895,0.08048935439214047,0.015013399842954606,0.8050409550081038,0.4122802930270574,0.04710177415966874,0.4142070511074645,0.047092266872027895,0.08048935439214047,0.015013399842954606,0.8050409550081038,0.4122802930270574
2.289919795287356e-17,0.3739722827645795,8.505181340811122e-51,0.05760690668788786,1.1048521293961291e-102,0.7497620473723952,0.5449368521799136,2.289919795287356e-17,0.3739722827645795,8.505181340811122e-51,0.05760690668788786,1.1048521293961291e-102,0.7497620473723952,0.5449368521799136
2.6068420680096235e-17,0.42572961768643963,1.9892353373694543e-162,0.04969989280403019,1.264690992628171e-243,0.800293610579544,0.42345927511728065,2.6068420680096235e-17,0.42572961768643963,1.9892353373694543e-162,0.04969989280403019,1.264690992628171e-243,0.800293610579544,0.42345927511728065
0.015259598907769253,0.40396456302096234,0.014652790372869115,0.04405651557005484,0.04508972759128037,0.7892234573217498,0.4592080431504957,0.015259598907769253,0.40396456302096234,0.014652790372869115,0.04405651557005484,0.04508972759128037,0.7892234573217498,0.4592080431504957
0.014074174608183405,0.4047782511004486,0.0164999231818934,0.07281374973645824,0.014935974874797333,0.7896433720761041,0.4566570868545858,0.014074174608183405,0.4047782511004486,0.0164999231818934,0.07281374973645824,0.014935974874797333,0.7896433720761041,0.4566570868545858
0.04653688705092627,0.4146533365457333,9.94434285910452e-8,1.3706936819619458e-170,8.726184321810035e-85,0.8352494340086625,0.3592465157810557,0.04653688705092627,0.4146533365457333,9.94434285910452e-8,1.3706936819619458e-170,8.726184321810035e-85,0.8352494340086625,0.3592465157810557
0.04928448490983179,0.46084386801755434,0.04630230406183386,0.017729051265453474,0.016864132985939372,0.790766693624606,0.4027611849968919,0.04928448490983179,0.46084386801755434,0.04630230406183386,0.017729051265453474,0.016864132985939372,0.790766693624606,0.4027611849968919
0.014596045347943605,0.4008379594462965,0.07651731209462075,0.01701363077627782,0.018193917207576734,0.808410079991368,0.4243166503374883,0.014596045347943605,0.4008379594462965,0.07651731209462075,0.01701363077627782,0.018193917207576734,0.808410079991368,0.4243166503374883
0.014970673368191162,0.3911408393451455,0.015419367358502476,0.016398518497820775,0.044550031792439326,0.8209847487549293,0.4171726647807902,0.014970673368191162,0.3911408393451455,0.015419367358502476,0.016398518497820775,0.044550031792439326,0.8209847487549293,0.4171726647807902
0.0016703181331295242,0.37830561823578907,0.05844277670690595,0.05581036183074553,1.593325707497724e-26,0.8137905273965163,0.43409025468342427,0.0016703181331295242,0.37830561823578907,0.05844277670690595,0.05581036183074553,1.593325707497724e-26,0.8137905273965163,0.43409025468342427
2.416685049695642e-17,0.3946746198786838,0.059673052133965045,0.12178352565611889,7.329849548027361e-206,0.7898362339883648,0.45579888285322645,2.416685049695642e-17,0.3946746198786838,0.059673052133965045,0.12178352565611889,7.329849548027361e-206,0.7898362339883648,0.45579888285322645
2.416172068898255e-17,0.39459084375682657,0.24446112124253477,2.865896004350851e-27,3.420643746180892e-11,0.7925789379422887,0.39607088763669235,2.416172068898255e-17,0.39459084375682657,0.24446112124253477,2.865896004350851e-27,3.420643746180892e-11,0.7925789379422887,0.39607088763669235
2.7604091679822676e-17,0.45080902835073294,2.0489578838434789e-47,0.0005122179955193902,0.16652319737231375,0.7912690438103793,0.3849565228030274,2.7604091679822676e-17,0.45080902835073294,2.0489578838434789e-47,0.0005122179955193902,0.16652319737231375,0.7912690438103793,0.3849565228030274
0.055836843974151236,0.4381156307777331,1.3844179279242913e-66,0.05467988433893591,7.752411864560968e-6,0.8128299759833651,0.3773329732288481,0.055836843974151236,0.4381156307777331,1.3844179279242913e-66,0.05467988433893591,7.752411864560968e-6,0.8128299759833651,0.3773329732288481
2.5808725242139128e-17,0.4214884693302292,3.2322913822239045e-178,0.00003215525605760386,1.3411313199610905e-272,0.7335829487671087,0.5343953324253504,2.5808725242139128e-17,0.4214884693302292,3.2322913822239045e-178,0.00003215525605760386,1.3411313199610905e-272,0.7335829487671087,0.5343953324253504
0.017618792710462336,0.46091825191053426,0.016426640386467274,0.08199616941714813,0.017312977243138693,0.7878557470630647,0.40113787844266574,0.017618792710462336,0.46091825191053426,0.016426640386467274,0.08199616941714813,0.017312977243138693,0.7878557470630647,0.40113787844266574
0.0006319794341517399,0.38250861071255593,0.05814798357959418,1.090885317939572e-107,0.05803007023473983,0.8111875308582205,0.43577370608511723,0.0006319794341517399,0.38250861071255593,0.05814798357959418,1.090885317939572e-107,0.05803007023473983,0.8111875308582205,0.43577370608511723
0.016446374586946297,0.40807656606649195,0.017534508079800646,0.07668029932367874,0.045430570144857955,0.8001365590029612,0.4369550461880006,0.016446374586946297,0.40807656606649195,0.017534508079800646,0.07668029932367874,0.045430570144857955,0.8001365590029612,0.4369550461880006
0.24382902404499285,0.39672782162766507,0.0,9.591926196910298e-21,4.1430011603321073e-10,0.7915272605222973,0.39783564739855204,0.24382902404499285,0.39672782162766507,0.0,9.591926196910298e-21,4.1430011603321073e-10,0.7915272605222973,0.39783564739855204
0.016105116005274978,0.38970123336050205,0.01507232813849683,0.0161339305373951,0.014551669211051322,0.7871941628531957,0.4790190417524237,0.016105116005274978,0.38970123336050205,0.01507232813849683,0.0161339305373951,0.014551669211051322,0.7871941628531957,0.4790190417524237
0.0159179469346731,0.4077488957337634,0.04432561296061854,0.04758780428300896,0.04614751492449572,0.798953702036364,0.43697652659628383,0.0159179469346731,0.4077488957337634,0.04432561296061854,0.04758780428300896,0.04614751492449572,0.798953702036364,0.43697652659628383
2.3086424433721258e-17,0.37702992323655976,0.0560674671745517,0.1774507468263984,0.024128966109478105,0.8201954738598902,0.3885758355108662,2.3086424433721258e-17,0.37702992323655976,0.0560674671745517,0.1774507468263984,0.024128966109478105,0.8201954738598902,0.3885758355108662
0.04831206991969349,0.43687435208296593,0.017351285252088927,0.015426794523171342,0.07650621517032226,0.7979978690539504,0.40710942367448194,0.04831206991969349,0.43687435208296593,0.017351285252088927,0.015426794523171342,0.07650621517032226,0.7979978690539504,0.40710942367448194
0.18579386637874232,0.4003640201029399,0.0,0.00017305119823672502,0.06144904897496501,0.8015457235180802,0.39972323042280644,0.18579386637874232,0.4003640201029399,0.0,0.00017305119823672502,0.06144904897496501,0.8015457235180802,0.39972323042280644
0.017347282764322146,0.4325782591756706,0.01675413229134863,0.10267596571497556,0.015714316924550723,0.8000359377345149,0.4037981207060572,0.017347282764322146,0.4325782591756706,0.01675413229134863,0.10267596571497556,0.015714316924550723,0.8000359377345149,0.4037981207060572
0.000040122297535822314,0.5006779780165673,0.11803791973300627,0.0002722101494497429,4.740826023847161e-80,0.768048691169124,0.38446261059682346,0.000040122297535822314,0.5006779780165673,0.11803791973300627,0.0002722101494497429,4.740826023847161e-80,0.768048691169124,0.38446261059682346
0.07638531667734937,0.43828208609833935,0.016590144416313814,0.018106522797180793,0.05025746890772504,0.8001379564850619,0.4039013946135487,0.07638531667734937,0.43828208609833935,0.016590144416313814,0.018106522797180793,0.05025746890772504,0.8001379564850619,0.4039013946135487
0.017168645278886945,0.4049903266360473,0.045922229105412285,0.046327627481016355,0.015483577871045194,0.7873009619825843,0.4615800281707041,0.017168645278886945,0.4049903266360473,0.045922229105412285,0.046327627481016355,0.015483577871045194,0.7873009619825843,0.4615800281707041
0.10977522021722812,0.4128890255874331,0.015609759663560945,0.04331918365355829,0.01580272816901387,0.8048621844299673,0.4100384936359518,0.10977522021722812,0.4128890255874331,0.015609759663560945,0.04331918365355829,0.01580272816901387,0.8048621844299673,0.4100384936359518
0.014708958610821206,0.4200955101568647,0.015610961807450361,0.01465342210716409,0.01668973590382448,0.7903036269553895,0.4471230712139108,0.014708958610821206,0.4200955101568647,0.015610961807450361,0.01465342210716409,0.01668973590382448,0.7903036269553895,0.4471230712139108
2.4690948934197708e-17,0.40323379690190686,0.13012761351570346,3.202720046739678e-184,0.11693565899696685,0.8048234058749997,0.4015730209955878,2.4690948934197708e-17,0.40323379690190686,0.13012761351570346,3.202720046739678e-184,0.11693565899696685,0.8048234058749997,0.4015730209955878
0.016011476650553604,0.39328287591795136,0.04545116428703096,0.015766493364551153,0.04406260077404531,0.8286286781721671,0.39649505894565534,0.016011476650553604,0.39328287591795136,0.04545116428703096,0.015766493364551153,0.04406260077404531,0.8286286781721671,0.39649505894565534
0.059424866627057815,0.3928908009624418,0.06479328966337294,0.06242411169602829,0.0,0.8307935731837157,0.38626723372947586,0.059424866627057815,0.3928908009624418,0.06479328966337294,0.06242411169602829,0.0,0.8307935731837157,0.38626723372947586
0.014708296943924584,0.3843027939651616,0.01587214747002537,0.013916406910183624,0.04297231274100275,0.8434776282632317,0.37449737416131745,0.014708296943924584,0.3843027939651616,0.01587214747002537,0.013916406910183624,0.04297231274100275,0.8434776282632317,0.37449737416131745
0.017208131187378743,0.48586365138318244,0.015892103965955768,0.01728536593790419,0.05024975133523846,0.7781885240796939,0.3991352522848308,0.017208131187378743,0.48586365138318244,0.015892103965955768,0.01728536593790419,0.05024975133523846,0.7781885240796939,0.3991352522848308
2.6722526725878068e-17,0.4364119800824749,0.10986050103068326,3.1322933946529856e-119,3.505826440062704e-98,0.7745821623252537,0.4453358767431315,2.6722526725878068e-17,0.4364119800824749,0.10986050103068326,3.1322933946529856e-119,3.505826440062704e-98,0.7745821623252537,0.4453358767431315
0.01647485010769841,0.41409488360913865,0.048185512076006784,0.04938288129096696,0.07862557271011374,0.8055714763448045,0.41426464946437225,0.01647485010769841,0.41409488360913865,0.048185512076006784,0.04938288129096696,0.07862557271011374,0.8055714763448045,0.41426464946437225
0.059114749543978926,0.3846666771891886,0.11732100828513338,0.0,6.580324015922203e-15,0.8298107998066552,0.38487493173864484,0.059114749543978926,0.3846666771891886,0.11732100828513338,0.0,6.580324015922203e-15,0.8298107998066552,0.38487493173864484
0.05695475330327814,0.377715930294552,0.055356621236104075,1.283536565550755e-156,0.0004369966120038135,0.8134992649969781,0.4366008819241579,0.05695475330327814,0.377715930294552,0.055356621236104075,1.283536565550755e-156,0.0004369966120038135,0.8134992649969781,0.4366008819241579
0.04527934669354757,0.411041004828828,0.017980669573640563,0.015311795949837096,0.04705461447111874,0.8026400850176603,0.43653846658245027,0.04527934669354757,0.411041004828828,0.017980669573640563,0.015311795949837096,0.04705461447111874,0.8026400850176603,0.43653846658245027
3.343275880859819e-17,0.5459983863408678,1.3042426631887452e-48,2.781317943611906e-154,0.05635410584168296,0.7487391639567316,0.3761369770173863,3.343275880859819e-17,0.5459983863408678,1.3042426631887452e-48,2.781317943611906e-154,0.05635410584168296,0.7487391639567316,0.3761369770173863
2.351019482601947e-17,0.38395061894397936,6.001854034689528e-209,8.896288411925904e-119,0.17604833747571677,0.8238799170637416,0.3817730909966019,2.351019482601947e-17,0.38395061894397936,6.001854034689528e-209,8.896288411925904e-119,0.17604833747571677,0.8238799170637416,0.3817730909966019
0.016498809095806893,0.4367049446323819,0.04700450739361248,0.01705815854020336,0.07664565196471793,0.7964146343850481,0.4102716422660187,0.016498809095806893,0.4367049446323819,0.04700450739361248,0.01705815854020336,0.07664565196471793,0.7964146343850481,0.4102716422660187
0.01452781194096419,0.44942524303747367,0.015356351296634558,0.017010747546587813,0.047816872766336324,0.7988649412335742,0.3966332806389027,0.01452781194096419,0.44942524303747367,0.015356351296634558,0.017010747546587813,0.047816872766336324,0.7988649412335742,0.3966332806389027
0.00004502944119912109,0.3976777183873,0.0,0.05957446839458027,0.1812999581286226,0.8040363587552525,0.4017190700483803,0.00004502944119912109,0.3976777183873,0.0,0.05957446839458027,0.1812999581286226,0.8040363587552525,0.4017190700483803
0.058828345412258724,0.4452580891353159,8.412183804101973e-68,3.603023005023291e-59,0.0595169493914129,0.7733359825488583,0.4455349331199979,0.058828345412258724,0.4452580891353159,8.412183804101973e-68,3.603023005023291e-59,0.0595169493914129,0.7733359825488583,0.4455349331199979
0.01772648436038795,0.41051569788878,0.013948979788802189,0.13511607931757338,0.01592183972067903,0.8034777199455836,0.41026775820141875,0.01772648436038795,0.41051569788878,0.013948979788802189,0.13511607931757338,0.01592183972067903,0.8034777199455836,0.41026775820141875
0.04630375149218349,0.4074438601131,0.01724998167254221,0.043509421810176155,0.046364061630624974,0.7992286810166379,0.43536755552007456,0.04630375149218349,0.4074438601131,0.01724998167254221,0.043509421810176155,0.046364061630624974,0.7992286810166379,0.43536755552007456
0.015735580110919422,0.4265128530520209,0.016743584797118037,0.015503799453958491,0.07489093940037941,0.8093708327296865,0.397518243231388,0.015735580110919422,0.4265128530520209,0.016743584797118037,0.015503799453958491,0.07489093940037941,0.8093708327296865,0.397518243231388
2.7502670685625868e-17,0.4491526978190658,3.861182284951903e-69,0.06006803496678979,0.05046396907850739,0.7728676630622998,0.4453143053244481,2.7502670685625868e-17,0.4491526978190658,3.861182284951903e-69,0.06006803496678979,0.05046396907850739,0.7728676630622998,0.4453143053244481
0.04661438353453606,0.411227471996921,0.04731807588994859,0.044142749735763154,0.04705612574598678,0.8092536095931652,0.41147018096049,0.04661438353453606,0.411227471996921,0.04731807588994859,0.044142749735763154,0.04705612574598678,0.8092536095931652,0.41147018096049
2.6596373693333622e-17,0.43435174471286014,0.05744406289351115,0.00006244445375207315,4.069914772532563e-155,0.7543571461706464,0.4904226580968047,2.6596373693333622e-17,0.43435174471286014,0.05744406289351115,0.00006244445375207315,4.069914772532563e-155,0.7543571461706464,0.4904226580968047
0.00009199279905990618,0.3844822954311863,9.435097081461817e-6,0.1193064170366872,0.000025409617587529037,0.7669561234931294,0.5014513802733632,0.00009199279905990618,0.3844822954311863,9.435097081461817e-6,0.1193064170366872,0.000025409617587529037,0.7669561234931294,0.5014513802733632
0.015973806166974677,0.40237894083701986,0.04426205257188004,0.014455767747053504,0.0755192749428808,0.817340943046538,0.4037251645922586,0.015973806166974677,0.40237894083701986,0.04426205257188004,0.014455767747053504,0.0755192749428808,0.817340943046538,0.4037251645922586
0.054879053141595094,0.37930129518870975,8.050758758330568e-10,7.276054282423461e-175,0.05506140107546751,0.8165075633949055,0.43397259908000974,0.054879053141595094,0.37930129518870975,8.050758758330568e-10,7.276054282423461e-175,0.05506140107546751,0.8165075633949055,0.43397259908000974
0.18288578778235515,0.4009228751034391,0.00008810548581849077,0.0630711558737397,0.0,0.8016772722503661,0.4011212281907693,0.18288578778235515,0.4009228751034391,0.00008810548581849077,0.0630711558737397,0.0,0.8016772722503661,0.4011212281907693
0.11952806437707719,0.45163435705955557,0.06164520901453319,8.933117351951051e-96,2.0263620149016927e-184,0.7888694274522152,0.3996338799170868,0.11952806437707719,0.45163435705955557,0.06164520901453319,8.933117351951051e-96,2.0263620149016927e-184,0.7888694274522152,0.3996338799170868
0.017296609103599075,0.42289994308536566,0.01586703461443793,0.017544257400898895,0.04461930846749341,0.8010554192408936,0.4237704330877532,0.017296609103599075,0.42289994308536566,0.01586703461443793,0.017544257400898895,0.04461930846749341,0.8010554192408936,0.4237704330877532
0.015691091424089282,0.40776652152756643,0.07239269726437972,0.014786074370974166,0.048278208461649916,0.8001944563210901,0.4364798466864568,0.015691091424089282,0.40776652152756643,0.07239269726437972,0.014786074370974166,0.048278208461649916,0.8001944563210901,0.4364798466864568
0.015310704874070196,0.39622793691440433,0.015038725439497668,0.04281051721661351,0.014860731317686593,0.7989954697297234,0.4510167312768552,0.015310704874070196,0.39622793691440433,0.015038725439497668,0.04281051721661351,0.014860731317686593,0.7989954697297234,0.4510167312768552
0.017685604733137326,0.4072520661231192,0.10481626099775128,0.016569922634071678,0.015346053719567154,0.8157773116848785,0.40129436234136395,0.017685604733137326,0.4072520661231192,0.10481626099775128,0.016569922634071678,0.015346053719567154,0.8157773116848785,0.40129436234136395
0.06088436959826415,0.4025403857896666,0.06638464365616199,0.1231804118912387,0.0,0.8085128739891809,0.40307819595809447,0.06088436959826415,0.4025403857896666,0.06638464365616199,0.1231804118912387,0.0,0.8085128739891809,0.40307819595809447
0.05941182415101116,0.41573747257951077,0.00727703747732679,0.06438546842667159,0.04676862163497057,0.8053839941274603,0.4123033130409842,0.05941182415101116,0.41573747257951077,0.00727703747732679,0.06438546842667159,0.04676862163497057,0.8053839941274603,0.4123033130409842
3.227219485547735e-7,0.36811391617302347,0.00003787857178405614,0.11355200133988184,4.772966696609655e-88,0.8493677264061275,0.3690993620213665,3.227219485547735e-7,0.36811391617302347,0.00003787857178405614,0.11355200133988184,4.772966696609655e-88,0.8493677264061275,0.3690993620213665
0.055536332903983,0.361304843735746,8.02659821079018e-51,0.000051824768010224126,0.0,0.8333171288038647,0.41674097201552013,0.055536332903983,0.361304843735746,8.02659821079018e-51,0.000051824768010224126,0.0,0.8333171288038647,0.41674097201552013
0.017311054349930615,0.3850359030952742,0.04393562342396812,0.015780339619620165,0.014436697305246798,0.835369577034092,0.39076940821439854,0.017311054349930615,0.3850359030952742,0.04393562342396812,0.015780339619620165,0.014436697305246798,0.835369577034092,0.39076940821439854
0.017606257780589326,0.4393787823337364,0.04834161753666326,0.042322276677968104,0.04710813567735395,0.7977076462530053,0.4078112572144782,0.017606257780589326,0.4393787823337364,0.04834161753666326,0.042322276677968104,0.04710813567735395,0.7977076462530053,0.4078112572144782
0.0732077307588684,0.40186091940043783,0.013883087405494729,0.015893592259520115,0.015923178892029693,0.7890122828541332,0.4598641638180134,0.0732077307588684,0.40186091940043783,0.013883087405494729,0.015893592259520115,0.015923178892029693,0.7890122828541332,0.4598641638180134
2.3960059893005495e-17,0.39129747302956935,2.111152162977706e-48,0.0,0.178316613394104,0.783227576265762,0.4505568192115601,2.3960059893005495e-17,0.39129747302956935,2.111152162977706e-48,0.0,0.178316613394104,0.783227576265762,0.4505568192115601
0.000028775113884656393,0.3751086665746197,1.8250192291686996e-150,5.60291286497585e-17,0.05722477330225189,0.7500906900304339,0.5467667377901599,0.000028775113884656393,0.3751086665746197,1.8250192291686996e-150,5.60291286497585e-17,0.05722477330225189,0.7500906900304339,0.5467667377901599
0.000028013999982141557,0.5462220835551297,0.05981860730522975,2.4211090638601628e-117,2.978399300777458e-127,0.7486394475613066,0.3742778239357176,0.000028013999982141557,0.5462220835551297,0.05981860730522975,2.4211090638601628e-117,2.978399300777458e-127,0.7486394475613066,0.3742778239357176
0.04488998702063975,0.4034658883774567,0.07551928471645318,0.016931634980301775,0.016075592366262194,0.8187285116102682,0.3995337435686945,0.04488998702063975,0.4034658883774567,0.07551928471645318,0.016931634980301775,0.016075592366262194,0.8187285116102682,0.3995337435686945
0.017011986922333314,0.4116451122348081,0.015921043294394237,0.017267103740913677,0.015557916412061118,0.7753053549715933,0.4787513206076123,0.017011986922333314,0.4116451122348081,0.015921043294394237,0.017267103740913677,0.015557916412061118,0.7753053549715933,0.4787513206076123
2.261623688304229e-17,0.3693511778055288,0.056147747546638586,9.681046492541082e-114,0.05603389031012284,0.8532071721708072,0.3682151079389577,2.261623688304229e-17,0.3693511778055288,0.056147747546638586,9.681046492541082e-114,0.05603389031012284,0.8532071721708072,0.3682151079389577
0.016266414855691736,0.4255861651022594,0.016381740202784607,0.01781521804922039,0.04702116324025199,0.7811366027603951,0.4561126327113699,0.016266414855691736,0.4255861651022594,0.016381740202784607,0.01781521804922039,0.04702116324025199,0.7811366027603951,0.4561126327113699
0.17978937227088157,0.40241900669389674,0.06043678303593003,1.2253108980060444e-52,1.1169517343865023e-130,0.803343803967077,0.3971098563374805,0.17978937227088157,0.40241900669389674,0.06043678303593003,1.2253108980060444e-52,1.1169517343865023e-130,0.803343803967077,0.3971098563374805
0.05883913118140966,0.38901564186718535,0.05721622183849079,2.9284565066956036e-220,0.060002342658335844,0.8356277814938718,0.3850642244487272,0.05883913118140966,0.38901564186718535,0.05721622183849079,2.9284565066956036e-220,0.060002342658335844,0.8356277814938718,0.3850642244487272
2.3040160496169547e-17,0.37627437579898143,3.863680018420469e-62,2.9331464085655977e-89,0.11467467923256196,0.8121702856734189,0.4350448330465231,2.3040160496169547e-17,0.37627437579898143,3.863680018420469e-62,2.9331464085655977e-89,0.11467467923256196,0.8121702856734189,0.4350448330465231
0.1125916383595072,0.36765317420734167,4.746378114096372e-215,5.129814782030638e-184,3.3455389433542936e-174,0.8475307170092443,0.36773191204731603,0.1125916383595072,0.36765317420734167,4.746378114096372e-215,5.129814782030638e-184,3.3455389433542936e-174,0.8475307170092443,0.36773191204731603
2.5509081007354403e-17,0.4165949076111548,7.354249255190703e-52,4.5025254146345345e-107,0.0,0.7776438545366019,0.4713818679538079,2.5509081007354403e-17,0.4165949076111548,7.354249255190703e-52,4.5025254146345345e-107,0.0,0.7776438545366019,0.4713818679538079
3.008764308796944e-17,0.4913685008431432,2.4570964395633763e-169,0.0573626095170289,4.2804467679652625e-176,0.759744715668668,0.42288340041487543,3.008764308796944e-17,0.4913685008431432,2.4570964395633763e-169,0.0573626095170289,4.2804467679652625e-176,0.759744715668668,0.42288340041487543
0.0010636030842568194,0.4547461052411868,0.12214671482267715,4.649291048704493e-53,0.058811958727326565,0.7887133335612302,0.39780487589697344,0.0010636030842568194,0.4547461052411868,0.12214671482267715,4.649291048704493e-53,0.058811958727326565,0.7887133335612302,0.39780487589697344
0.013879166406518614,0.3982364756317768,0.014656451388741606,0.04643451481828212,0.015627309225797918,0.7784829511699781,0.48450625315720713,0.013879166406518614,0.3982364756317768,0.014656451388741606,0.04643451481828212,0.015627309225797918,0.7784829511699781,0.48450625315720713
0.015769842051169543,0.4133299751479002,0.016505356327568155,0.015204463037508274,0.01598073763953371,0.8100021071735383,0.4158543373237592,0.015769842051169543,0.4133299751479002,0.016505356327568155,0.015204463037508274,0.01598073763953371,0.8100021071735383,0.4158543373237592
0.016045222587528878,0.4094730390449923,0.015417459762695838,0.015478161631916723,0.015995689375203244,0.830453337541848,0.3798412384660944,0.016045222587528878,0.4094730390449923,0.015417459762695838,0.015478161631916723,0.015995689375203244,0.830453337541848,0.3798412384660944
0.016218792389654995,0.41759889329916533,0.01596615381283419,0.01588389523445066,0.044506232323506416,0.8195900153327664,0.3899617723638846,0.016218792389654995,0.41759889329916533,0.01596615381283419,0.01588389523445066,0.044506232323506416,0.8195900153327664,0.3899617723638846
0.04481095165822911,0.4409609749164276,0.07895518204707207,0.01599979957031828,0.016888838813246862,0.7968057944860147,0.40895880051526035,0.04481095165822911,0.4409609749164276,0.07895518204707207,0.01599979957031828,0.016888838813246862,0.7968057944860147,0.40895880051526035
0.04950863596223,0.4029988842900466,1.431120442114158e-50,0.12540459950511265,0.06288978756199284,0.8115686424490034,0.4028178354473507,0.04950863596223,0.4029988842900466,1.431120442114158e-50,0.12540459950511265,0.06288978756199284,0.8115686424490034,0.4028178354473507
0.04513881299335848,0.39703594098608913,0.014552520866619019,0.043112938310639705,0.04326547218512988,0.8236141087823631,0.40034225870975293,0.04513881299335848,0.39703594098608913,0.014552520866619019,0.043112938310639705,0.04326547218512988,0.8236141087823631,0.40034225870975293
0.04423380289362838,0.40958685722151145,0.003607592870823693,0.01580750418808182,0.016306354251555664,0.7765896712886821,0.4784208668931877,0.04423380289362838,0.40958685722151145,0.003607592870823693,0.01580750418808182,0.016306354251555664,0.7765896712886821,0.4784208668931877
0.12407949127175993,0.4034365799957214,0.06454622587534724,2.8699766627093964e-73,0.05740267320467163,0.8084978205475283,0.40383659810355765,0.12407949127175993,0.4034365799957214,0.06454622587534724,2.8699766627093964e-73,0.05740267320467163,0.8084978205475283,0.40383659810355765
1.000677996115625,0.0,0.0,0.0,0.0,0.0,0.0,1.000677996115625,0.0,0.0,0.0,0.0,0.0,0.0
3.094197859992378e-17,0.5053208585768042,0.057974195093652967,0.05867744548816192,0.0,0.775077678592272,0.37572803923250786,3.094197859992378e-17,0.5053208585768042,0.057974195093652967,0.05867744548816192,0.0,0.775077678592272,0.37572803923250786
0.04418328170937522,0.4061807572290632,2.1152122619314398e-9,0.07854671976029198,0.015715558064728026,0.7981073636226973,0.43598785676041496,0.04418328170937522,0.4061807572290632,2.1152122619314398e-9,0.07854671976029198,0.015715558064728026,0.7981073636226973,0.43598785676041496
0.04344320159404068,0.3994524687576994,0.04483203786369444,0.014863586635885377,0.010522626473314383,0.8075811470011448,0.4300387019419512,0.04344320159404068,0.3994524687576994,0.04483203786369444,0.014863586635885377,0.010522626473314383,0.8075811470011448,0.4300387019419512
0.01555875551268005,0.42496378238502847,0.01668260060820611,0.046067705763511685,0.016234703806993565,0.7991593831037328,0.42261576976072984,0.01555875551268005,0.42496378238502847,0.01668260060820611,0.046067705763511685,0.016234703806993565,0.7991593831037328,0.42261576976072984
0.018630645615839495,0.4620949785852031,0.017086139478627475,0.016450294904458086,0.04528584418121414,0.7805099986780143,0.42249792499635497,0.018630645615839495,0.4620949785852031,0.017086139478627475,0.016450294904458086,0.04528584418121414,0.7805099986780143,0.42249792499635497
0.04690100726507906,0.40364510926772185,7.360861576632501e-51,6.935964255339557e-88,0.18502741227828376,0.8043289437922986,0.4024069688355048,0.04690100726507906,0.40364510926772185,7.360861576632501e-51,6.935964255339557e-88,0.18502741227828376,0.8043289437922986,0.4024069688355048
0.016559516205111282,0.4333032773292366,0.07443540522903354,0.01545381555643423,0.04773842187256016,0.7995411084848008,0.40713783582922247,0.016559516205111282,0.4333032773292366,0.07443540522903354,0.01545381555643423,0.04773842187256016,0.7995411084848008,0.40713783582922247
0.014288047054639532,0.396428261442023,0.015474308403020729,0.01757616616531721,0.0736256210773875,0.8092899501579462,0.4289002458622492,0.014288047054639532,0.396428261442023,0.015474308403020729,0.01757616616531721,0.0736256210773875,0.8092899501579462,0.4289002458622492
0.057075831382998016,0.5452891067581846,5.454295229285643e-63,1.830682317322728e-76,1.626104556950443e-8,0.7482696789126516,0.37408102357648554,0.057075831382998016,0.5452891067581846,5.454295229285643e-63,1.830682317322728e-76,1.626104556950443e-8,0.7482696789126516,0.37408102357648554
0.07834573784373021,0.4146281865508793,0.0487835388433838,0.016724963371362103,0.04961965604002579,0.8066488521022397,0.4105455162535005,0.07834573784373021,0.4146281865508793,0.0487835388433838,0.016724963371362103,0.04961965604002579,0.8066488521022397,0.4105455162535005
2.3382826563749987e-17,0.3818705373668559,0.17656282425897898,8.540294983091262e-157,3.661403765995722e-85,0.8242116828668954,0.38267712892580974,2.3382826563749987e-17,0.3818705373668559,0.17656282425897898,8.540294983091262e-157,3.661403765995722e-85,0.8242116828668954,0.38267712892580974
0.07334198707241162,0.39756475573425337,0.01812582466531214,0.016130831140458216,0.014904665303525199,0.8096930828388491,0.4258701025472496,0.07334198707241162,0.39756475573425337,0.01812582466531214,0.016130831140458216,0.014904665303525199,0.8096930828388491,0.4258701025472496
0.016296716044551383,0.4278972873877578,0.04657176829181531,0.045666707945172726,0.01582809909313891,0.8103911206690597,0.3988444361205215,0.016296716044551383,0.4278972873877578,0.04657176829181531,0.045666707945172726,0.01582809909313891,0.8103911206690597,0.3988444361205215
0.07392104832343122,0.4008388775320112,0.01605113153882596,0.016957312289642694,0.04684212484325564,0.8188487563723781,0.4017829462120913,0.07392104832343122,0.4008388775320112,0.01605113153882596,0.016957312289642694,0.04684212484325564,0.8188487563723781,0.4017829462120913
0.06362697452792272,0.40229019142601113,0.18278552423616853,0.00018350173541528932,0.000019320455406969837,0.8025662654034181,0.40110054314836024,0.06362697452792272,0.40229019142601113,0.18278552423616853,0.00018350173541528932,0.000019320455406969837,0.8025662654034181,0.40110054314836024
6.122044981032205e-17,4.018384719580899e-23,1.2611167222003193e-18,0.0,1.2954678556501962e-21,1.9158781041620126e-25,1.000017927429033,6.122044981032205e-17,4.018384719580899e-23,1.2611167222003193e-18,0.0,1.2954678556501962e-21,1.9158781041620126e-25,1.000017927429033
0.05928879651536018,0.5028412273716907,3.256954480560756e-152,2.1292913878738064e-124,0.05912851820462246,0.7706288174443389,0.38304428455376094,0.05928879651536018,0.5028412273716907,3.256954480560756e-152,2.1292913878738064e-124,0.05912851820462246,0.7706288174443389,0.38304428455376094
0.017833177976658128,0.3940002394948718,0.04640188553620436,0.015292885253814992,0.01461381578520083,0.8009579238453017,0.44992452379918674,0.017833177976658128,0.3940002394948718,0.04640188553620436,0.015292885253814992,0.01461381578520083,0.8009579238453017,0.44992452379918674
0.0163095279009455,0.44552200528981345,0.01469267380255298,0.013907299926559282,0.0164577991790791,0.810127172726823,0.38235090669428085,0.0163095279009455,0.44552200528981345,0.01469267380255298,0.013907299926559282,0.0164577991790791,0.810127172726823,0.38235090669428085
0.05503661923017196,0.3506303252010175,1.8763159175030484e-74,1.6220865110477308e-120,1.6076489796607062e-6,0.868151120488013,0.35294449843747977,0.05503661923017196,0.3506303252010175,1.8763159175030484e-74,1.6220865110477308e-120,1.6076489796607062e-6,0.868151120488013,0.35294449843747977
0.04777142255136174,0.4144895711421516,0.04830081628405206,0.015475167407495116,0.07620728439801153,0.8060575691255873,0.4114904716807687,0.04777142255136174,0.4144895711421516,0.04830081628405206,0.015475167407495116,0.07620728439801153,0.8060575691255873,0.4114904716807687
0.014214506739771577,0.39121277290827455,0.013486893808930376,0.04206632821873631,0.01557172523158149,0.8196019226545928,0.41690921737936626,0.014214506739771577,0.39121277290827455,0.013486893808930376,0.04206632821873631,0.01557172523158149,0.8196019226545928,0.41690921737936626
0.04528884833526049,0.4264045010522336,0.016218326742571138,0.016614182990327502,0.046529275008168273,0.8092802520810028,0.4009683086262865,0.04528884833526049,0.4264045010522336,0.016218326742571138,0.016614182990327502,0.046529275008168273,0.8092802520810028,0.4009683086262865
0.17959445277860137,0.3911929373615663,3.788541054080838e-7,0.0,3.085485493759238e-85,0.7826724731894689,0.45104052642570647,0.17959445277860137,0.3911929373615663,3.788541054080838e-7,0.0,3.085485493759238e-85,0.7826724731894689,0.45104052642570647
0.11943884281085061,0.4072060800518295,0.0,1.930229642909392e-21,0.12048371333601288,0.8077932867469497,0.39801074557385147,0.11943884281085061,0.4072060800518295,0.0,1.930229642909392e-21,0.12048371333601288,0.8077932867469497,0.39801074557385147
0.0530885258397117,0.38651256488338587,0.00006412511096856306,0.05475868977873205,0.056873903194256246,0.8302948884220998,0.39171682280068304,0.0530885258397117,0.38651256488338587,0.00006412511096856306,0.05475868977873205,0.056873903194256246,0.8302948884220998,0.39171682280068304
2.352126818632276e-17,0.3841314606415365,0.11813423261277069,0.059440920884856065,7.798989629881725e-76,0.8295828791270797,0.3848990879954588,2.352126818632276e-17,0.3841314606415365,0.11813423261277069,0.059440920884856065,7.798989629881725e-76,0.8295828791270797,0.3848990879954588
0.016909623411010002,0.46109771915804737,0.01821568190084617,0.01890363021203295,0.07739496765250282,0.7868273732453475,0.40246850717621074,0.016909623411010002,0.46109771915804737,0.01821568190084617,0.01890363021203295,0.07739496765250282,0.7868273732453475,0.40246850717621074
0.04558335466251855,0.42838093589739057,0.016662435836125915,0.04662960678851597,0.01584597322850805,0.8095131417736144,0.39787576230073707,0.04558335466251855,0.42838093589739057,0.016662435836125915,0.04662960678851597,0.01584597322850805,0.8095131417736144,0.39787576230073707
0.015757549755185635,0.41690668324165453,0.015452441668013467,0.04404798619922757,0.016508098105490854,0.8182905666570477,0.39345279631235797,0.015757549755185635,0.41690668324165453,0.015452441668013467,0.04404798619922757,0.016508098105490854,0.8182905666570477,0.39345279631235797
0.04711178211097465,0.44125736382591724,0.016756048340030954,0.04880668611983084,0.04684578779154034,0.7957762930633037,0.41320410615133507,0.04711178211097465,0.44125736382591724,0.016756048340030954,0.04880668611983084,0.04684578779154034,0.7957762930633037,0.41320410615133507
0.0011591819536977638,0.36976158729448066,2.5766203805452065e-181,5.413057864290743e-48,0.048068519620791825,0.7937829073826074,0.48297168128577245,0.0011591819536977638,0.36976158729448066,2.5766203805452065e-181,5.413057864290743e-48,0.048068519620791825,0.7937829073826074,0.48297168128577245
0.04399962555581662,0.4221328879868465,0.015140493284024927,0.01675594092130867,0.01647139415118033,0.8010492867780389,0.4224559435204592,0.04399962555581662,0.4221328879868465,0.015140493284024927,0.01675594092130867,0.01647139415118033,0.8010492867780389,0.4224559435204592
0.0007871304892925815,0.3505744201887226,0.000011416302676028942,0.05426970272275593,2.2342230927653744e-93,0.8631417783704447,0.3649878502986216,0.0007871304892925815,0.3505744201887226,0.000011416302676028942,0.05426970272275593,2.2342230927653744e-93,0.8631417783704447,0.3649878502986216
3.394817882657956e-7,0.5450765661837924,1.9330155623465076e-81,0.056465561629903564,3.398431914819097e-133,0.7494582792268367,0.3750953105348227,3.394817882657956e-7,0.5450765661837924,1.9330155623465076e-81,0.056465561629903564,3.398431914819097e-133,0.7494582792268367,0.3750953105348227
2.3638938309550595e-17,0.3860531595886903,3.3233173371571443e-215,0.11743615167664113,0.05859788044027927,0.8303525691298166,0.3830006057708723,2.3638938309550595e-17,0.3860531595886903,3.3233173371571443e-215,0.11743615167664113,0.05859788044027927,0.8303525691298166,0.3830006057708723
0.051792853263361846,0.41239877173674616,0.015713227397154222,0.05389601992574377,0.07771226871244051,0.8072219264860847,0.4103837993611835,0.051792853263361846,0.41239877173674616,0.015713227397154222,0.05389601992574377,0.07771226871244051,0.8072219264860847,0.4103837993611835
0.11799609593592483,0.44381666128975766,1.0318139726672496e-7,0.0004545466413490706,6.989751657933882e-7,0.7709307798801693,0.44408383752562725,0.11799609593592483,0.44381666128975766,1.0318139726672496e-7,0.0004545466413490706,6.989751657933882e-7,0.7709307798801693,0.44408383752562725
0.057449232407070255,0.3874672457736681,6.492803785368087e-101,0.11663686219438606,0.00020643113901718533,0.8312925843054724,0.3845880826786518,0.057449232407070255,0.3874672457736681,6.492803785368087e-101,0.11663686219438606,0.00020643113901718533,0.8312925843054724,0.3845880826786518
0.06373071443073139,0.5038077688455592,0.006432318488193098,0.06284332794485198,0.00005328873809207421,0.7740883883280345,0.3765357800635564,0.06373071443073139,0.5038077688455592,0.006432318488193098,0.06284332794485198,0.00005328873809207421,0.7740883883280345,0.3765357800635564
2.254004621904357e-17,0.36810688983528683,0.05360214250643345,0.047994837215341396,0.00005729198474195893,0.8507519065865945,0.36935318014439233,2.254004621904357e-17,0.36810688983528683,0.05360214250643345,0.047994837215341396,0.00005729198474195893,0.8507519065865945,0.36935318014439233
0.11350716975938857,0.44087402739022785,0.01711027214435333,0.01461770947556306,0.016888275812191322,0.7919196540506257,0.40847643350645707,0.11350716975938857,0.44087402739022785,0.01711027214435333,0.01461770947556306,0.016888275812191322,0.7919196540506257,0.40847643350645707
2.2025850970452984e-17,0.35970944415627815,0.0,1.1779944166759585e-18,1.0538820127264138e-7,0.7733970302937287,0.5233579251494076,2.2025850970452984e-17,0.35970944415627815,0.0,1.1779944166759585e-18,1.0538820127264138e-7,0.7733970302937287,0.5233579251494076
2.951718468291887e-17,0.48205220808922017,0.05590432578819259,6.189104299081339e-16,2.784523897542585e-162,0.7936434111368814,0.3685575088614832,2.951718468291887e-17,0.48205220808922017,0.05590432578819259,6.189104299081339e-16,2.784523897542585e-162,0.7936434111368814,0.3685575088614832
2.7106370437904982e-17,0.44268062361780547,0.1361402049087396,0.07720276346711802,9.013665221050646e-76,0.7990294598298444,0.3952433201872885,2.7106370437904982e-17,0.44268062361780547,0.1361402049087396,0.07720276346711802,9.013665221050646e-76,0.7990294598298444,0.3952433201872885
2.934392532649254e-17,0.47922266806924124,7.035912036269007e-6,0.055699815660408346,1.3289515905202766e-8,0.7949975843574791,0.3685755968679506,2.934392532649254e-17,0.47922266806924124,7.035912036269007e-6,0.055699815660408346,1.3289515905202766e-8,0.7949975843574791,0.3685755968679506
0.12133849871914461,0.3946208187486424,2.2874801001926104e-151,4.842763601472882e-172,0.06108484542304031,0.7888218769486864,0.4544914024183432,0.12133849871914461,0.3946208187486424,2.2874801001926104e-151,4.842763601472882e-172,0.06108484542304031,0.7888218769486864,0.4544914024183432
0.0771801837462624,0.4084731411276169,0.0470125814550043,0.047356232740912545,0.015506504249280576,0.8085661339068385,0.41156849604443835,0.0771801837462624,0.4084731411276169,0.0470125814550043,0.047356232740912545,0.015506504249280576,0.8085661339068385,0.41156849604443835
0.014524785096884587,0.4117673327505683,0.07404374982912691,0.014583087322727114,0.015592455830903549,0.7888923377814188,0.45137939044189795,0.014524785096884587,0.4117673327505683,0.07404374982912691,0.014583087322727114,0.015592455830903549,0.7888923377814188,0.45137939044189795
0.07396681443080098,0.40091627988202083,0.016984386137367035,0.04527326523520543,0.015254611800870493,0.8183427899599877,0.4029861747066392,0.07396681443080098,0.40091627988202083,0.016984386137367035,0.04527326523520543,0.015254611800870493,0.8183427899599877,0.4029861747066392
2.227968136445055e-17,0.36385480907576834,0.0,0.0,2.620811899030109e-7,0.7267434369147996,0.5847213156816933,2.227968136445055e-17,0.36385480907576834,0.0,0.0,2.620811899030109e-7,0.7267434369147996,0.5847213156816933
0.01772567280192688,0.3942579289105294,0.06586310337871015,0.016369172231086145,0.014890621082993603,0.8269568999255115,0.39703649616901315,0.01772567280192688,0.3942579289105294,0.06586310337871015,0.016369172231086145,0.014890621082993603,0.8269568999255115,0.39703649616901315
0.06561979563102266,0.4374377091502965,0.0006602917430302807,0.0,0.0,0.7574014191901032,0.4810128433719381,0.06561979563102266,0.4374377091502965,0.0006602917430302807,0.0,0.0,0.7574014191901032,0.4810128433719381
0.01500735679741241,0.41311351582801337,0.016863644231128933,0.07911974527953132,0.07786402460098886,0.8051790676371686,0.4115468387027888,0.01500735679741241,0.41311351582801337,0.016863644231128933,0.07911974527953132,0.07786402460098886,0.8051790676371686,0.4115468387027888
0.04612052077542813,0.40943903119554736,0.015814109866210378,3.286523298059421e-11,0.07606353911368145,0.7989398527721017,0.43239923492621785,0.04612052077542813,0.40943903119554736,0.015814109866210378,3.286523298059421e-11,0.07606353911368145,0.7989398527721017,0.43239923492621785
0.016547500646021382,0.4219024356506663,0.04487505354617172,0.014959890397838467,0.016465507977313238,0.8007630259227154,0.42319277999580224,0.016547500646021382,0.4219024356506663,0.04487505354617172,0.014959890397838467,0.016465507977313238,0.8007630259227154,0.42319277999580224
0.046887173264972395,0.4343946817042467,0.047425096366266566,0.017157951618333698,0.016318207943867086,0.7942139815328545,0.43469942532721817,0.046887173264972395,0.4343946817042467,0.047425096366266566,0.017157951618333698,0.016318207943867086,0.7942139815328545,0.43469942532721817
2.675422774908028e-17,0.43692969708013146,0.05878999405207825,0.05802738432030088,1.4543099729940983e-183,0.8142768516500476,0.37949240263654205,2.675422774908028e-17,0.43692969708013146,0.05878999405207825,0.05802738432030088,1.4543099729940983e-183,0.8142768516500476,0.37949240263654205
2.4344472069098875e-17,0.397575400287633,0.18191599003986197,2.92539466476052e-9,0.06266797545211242,0.8030901290715494,0.4007804721962941,2.4344472069098875e-17,0.397575400287633,0.18191599003986197,2.92539466476052e-9,0.06266797545211242,0.8030901290715494,0.4007804721962941
0.01441598224637457,0.40748112365859185,0.04786608387601187,0.0781316149153733,0.007197116399597364,0.8164701018933928,0.3993174156375593,0.01441598224637457,0.40748112365859185,0.04786608387601187,0.0781316149153733,0.007197116399597364,0.8164701018933928,0.3993174156375593
0.047727345342738196,0.44493907338449984,0.017358770360496417,0.016438236199762517,0.017693182408308052,0.8026928238551256,0.3972135007352202,0.047727345342738196,0.44493907338449984,0.017358770360496417,0.016438236199762517,0.017693182408308052,0.8026928238551256,0.3972135007352202
0.01608080768530024,0.4128471467908016,0.07891603767789691,0.04422994270490355,0.04674131665390535,0.8093135359599846,0.4073030478775388,0.01608080768530024,0.4128471467908016,0.07891603767789691,0.04422994270490355,0.04674131665390535,0.8093135359599846,0.4073030478775388
0.044829888442751445,0.4013818662045371,0.04373758089942422,0.045299560666187295,0.015408475592966295,0.8191163470524835,0.4032018342190778,0.044829888442751445,0.4013818662045371,0.04373758089942422,0.045299560666187295,0.015408475592966295,0.8191163470524835,0.4032018342190778
0.015072455442732712,0.40748010414027275,0.04741423050917304,0.07601112313058357,0.016803660708498598,0.799084787548128,0.4361102189791622,0.015072455442732712,0.40748010414027275,0.04741423050917304,0.07601112313058357,0.016803660708498598,0.799084787548128,0.4361102189791622
0.061837938243166427,0.39982241586473816,0.00003019962057519295,0.18834436656042314,0.00014169062545211825,0.8025926886603159,0.40022611903355,0.061837938243166427,0.39982241586473816,0.00003019962057519295,0.18834436656042314,0.00014169062545211825,0.8025926886603159,0.40022611903355
0.10768588107805167,0.4084944171783711,0.015550635810279512,0.016551324236816788,0.01613855373628735,0.8004907839149873,0.43668976744543564,0.10768588107805167,0.4084944171783711,0.015550635810279512,0.016551324236816788,0.01613855373628735,0.8004907839149873,0.43668976744543564
0.057490147119743144,0.4032611908932799,0.12329153178541843,0.0,0.06097239819774504,0.8077915178587821,0.40413798040871574,0.057490147119743144,0.4032611908932799,0.12329153178541843,0.0,0.06097239819774504,0.8077915178587821,0.40413798040871574
0.01596794335808065,0.40903149869150607,0.0474158971637466,0.014339104558163722,0.07681411931898686,0.7989873074311535,0.4347740869377199,0.01596794335808065,0.40903149869150607,0.0474158971637466,0.014339104558163722,0.07681411931898686,0.7989873074311535,0.4347740869377199
3.07326801509731e-17,0.5019027555107382,0.000012675209621184165,0.11762056924754354,1.7446233041159578e-158,0.7681205609920422,0.3816270428880399,3.07326801509731e-17,0.5019027555107382,0.000012675209621184165,0.11762056924754354,1.7446233041159578e-158,0.7681205609920422,0.3816270428880399
0.04447242821580587,0.41430289264825615,0.07692981551465697,0.016861108366107554,0.04710620406003491,0.8065578618910906,0.4125275047482245,0.04447242821580587,0.41430289264825615,0.07692981551465697,0.016861108366107554,0.04710620406003491,0.8065578618910906,0.4125275047482245
0.014768747396662174,0.3931427284567791,0.014327689705035524,0.04209226241609373,0.04398934021283199,0.8314315469191157,0.39436044838100065,0.014768747396662174,0.3931427284567791,0.014327689705035524,0.04209226241609373,0.04398934021283199,0.8314315469191157,0.39436044838100065
0.015649112057083848,0.3904502289344439,0.01636114590769225,0.016378329667007255,0.015519454449989353,0.7695012677091745,0.5066631389431615,0.015649112057083848,0.3904502289344439,0.01636114590769225,0.016378329667007255,0.015519454449989353,0.7695012677091745,0.5066631389431615
0.055385433409730934,0.3692129315257274,2.4794502090679927e-157,0.0,0.0,0.7936943956989387,0.4810195572595245,0.055385433409730934,0.3692129315257274,2.4794502090679927e-157,0.0,0.0,0.7936943956989387,0.4810195572595245
0.000011843310555865705,0.4732746684382868,0.00006362080113598805,3.2252789282485054e-11,9.684723050303916e-6,0.7775046535089846,0.41567292457920885,0.000011843310555865705,0.4732746684382868,0.00006362080113598805,3.2252789282485054e-11,9.684723050303916e-6,0.7775046535089846,0.41567292457920885
0.04508441999807644,0.3932253820119515,0.016215230385173883,0.01638145984717409,0.04548187640098911,0.8310413124517935,0.3913469646045368,0.04508441999807644,0.3932253820119515,0.016215230385173883,0.01638145984717409,0.04548187640098911,0.8310413124517935,0.3913469646045368
2.788268991938207e-17,0.4553588828843563,0.00003288003250516213,0.06032924053989924,0.11434841530040991,0.7866833171754307,0.3980380595958642,2.788268991938207e-17,0.4553588828843563,0.00003288003250516213,0.06032924053989924,0.11434841530040991,0.7866833171754307,0.3980380595958642
6.059185945826668e-7,0.4524874843021603,0.0625451616033563,3.87877928866511e-197,0.11957430908587703,0.7879434841659881,0.3961233799396675,6.059185945826668e-7,0.4524874843021603,0.0625451616033563,3.87877928866511e-197,0.11957430908587703,0.7879434841659881,0.3961233799396675
0.014692708980975635,0.4044461218630226,0.07266022257256027,0.045431127447092844,0.01609930399561578,0.8195209561246105,0.4042098224366872,0.014692708980975635,0.4044461218630226,0.07266022257256027,0.045431127447092844,0.01609930399561578,0.8195209561246105,0.4042098224366872
0.05721082051024785,0.3940712251059965,0.0618250560465589,0.06535578885196439,0.0,0.79404686903188,0.4525523627571606,0.05721082051024785,0.3940712251059965,0.0618250560465589,0.06535578885196439,0.0,0.79404686903188,0.4525523627571606
0.016694873595253585,0.40998866642459786,0.015465523225260113,0.04457319321551675,0.07437674022730453,0.7996426682696613,0.4381371908029266,0.016694873595253585,0.40998866642459786,0.015465523225260113,0.04457319321551675,0.07437674022730453,0.7996426682696613,0.4381371908029266
2.2126824295492232e-17,0.3613584636957822,0.055767949967408595,1.6575205496636484e-11,0.0,0.8332014433838252,0.41602510971701345,2.2126824295492232e-17,0.3613584636957822,0.055767949967408595,1.6575205496636484e-11,0.0,0.8332014433838252,0.41602510971701345
0.01530093187667211,0.3817611421614969,0.015563799306213589,0.016033229842254495,0.014697238736236396,0.8293352856885736,0.4083803434878389,0.01530093187667211,0.3817611421614969,0.015563799306213589,0.016033229842254495,0.014697238736236396,0.8293352856885736,0.4083803434878389
0.13381622776814048,0.4088722405648008,0.016725484884233217,0.014980286828660351,0.01960598477500166,0.808007883451391,0.41079702048106237,0.13381622776814048,0.4088722405648008,0.016725484884233217,0.014980286828660351,0.01960598477500166,0.808007883451391,0.41079702048106237
0.015439174223860104,0.3978323760073213,0.014319548000301309,0.0462466853429747,0.0449737398571716,0.8080433821957443,0.4299862282486121,0.015439174223860104,0.3978323760073213,0.014319548000301309,0.0462466853429747,0.0449737398571716,0.8080433821957443,0.4299862282486121
3.1999020264624876e-17,0.5225836590093379,1.2454568869657066e-7,1.7166945169804956e-170,1.0928913568763395e-84,0.7739963179248118,0.35933290073124174,3.1999020264624876e-17,0.5225836590093379,1.2454568869657066e-7,1.7166945169804956e-170,1.0928913568763395e-84,0.7739963179248118,0.35933290073124174
0.01454805054897553,0.4566704283302957,0.04698298181599509,0.016899923411703353,0.016677874713430862,0.7813805480286448,0.4235009276362264,0.01454805054897553,0.4566704283302957,0.04698298181599509,0.016899923411703353,0.016677874713430862,0.7813805480286448,0.4235009276362264
0.0542137166765802,0.37055700414366305,6.489247637252034e-207,0.05912187625846791,2.3293345680000866e-60,0.8578750229473868,0.3722641533693655,0.0542137166765802,0.37055700414366305,6.489247637252034e-207,0.05912187625846791,2.3293345680000866e-60,0.8578750229473868,0.3722641533693655
2.3663094513942687e-17,0.38644766034448225,0.11840240459015373,3.44764451877986e-110,0.056439719448778895,0.8331100771597421,0.38754747632914405,2.3663094513942687e-17,0.38644766034448225,0.11840240459015373,3.44764451877986e-110,0.056439719448778895,0.8331100771597421,0.38754747632914405
0.06701203511259815,0.4236926968995366,0.04858209611240309,0.00016059628992935303,0.000018683206962201294,0.7760951448382196,0.46235781572866547,0.06701203511259815,0.4236926968995366,0.04858209611240309,0.00016059628992935303,0.000018683206962201294,0.7760951448382196,0.46235781572866547
0.01418824452964112,0.4659820698115247,0.01904565041762325,0.017496243493276643,0.01767455969232097,0.7911085365089465,0.3971388357666811,0.01418824452964112,0.4659820698115247,0.01904565041762325,0.017496243493276643,0.01767455969232097,0.7911085365089465,0.3971388357666811
2.7094528291595222e-17,0.4424872266919652,9.167439679633069e-8,0.11894756077770646,5.5455538565103207e-163,0.7705496228826109,0.4440221536489354,2.7094528291595222e-17,0.4424872266919652,9.167439679633069e-8,0.11894756077770646,5.5455538565103207e-163,0.7705496228826109,0.4440221536489354
0.0002744757593000723,0.38907672748892563,0.06045216329774078,0.05747150545216879,5.759127930082425e-183,0.7787696409380486,0.5082006280802374,0.0002744757593000723,0.38907672748892563,0.06045216329774078,0.05747150545216879,5.759127930082425e-183,0.7787696409380486,0.5082006280802374
0.060708504948714624,0.4570810579128318,0.060315385470838284,0.06236583975471844,9.988403270991937e-87,0.7932905187875606,0.3925061900387432,0.060708504948714624,0.4570810579128318,0.060315385470838284,0.06236583975471844,9.988403270991937e-87,0.7932905187875606,0.3925061900387432
0.015722379134988276,0.41026018608798515,0.01653437017566417,0.04574349367140825,0.10759172588986507,0.8068967261165161,0.4138156293632801,0.015722379134988276,0.41026018608798515,0.01653437017566417,0.04574349367140825,0.10759172588986507,0.8068967261165161,0.4138156293632801
0.0783310346883514,0.43501381787648524,0.01864158034547338,0.048952496566586214,0.016816670969340735,0.8000436746656205,0.40935727217964013,0.0783310346883514,0.43501381787648524,0.01864158034547338,0.048952496566586214,0.016816670969340735,0.8000436746656205,0.40935727217964013
0.05947084102674242,0.3874250903364331,1.7814985895107478e-47,0.0004453559752180459,0.11591090967875121,0.8312244885760791,0.3855886865928184,0.05947084102674242,0.3874250903364331,1.7814985895107478e-47,0.0004453559752180459,0.11591090967875121,0.8312244885760791,0.3855886865928184
0.1178990030203362,0.38516253264680256,0.060654683544908196,1.992125922512159e-72,4.769321897656813e-75,0.8318779283283326,0.3865905326012526,0.1178990030203362,0.38516253264680256,0.060654683544908196,1.992125922512159e-72,4.769321897656813e-75,0.8318779283283326,0.3865905326012526
0.00190023469665548,0.405371533221851,0.1219569082307168,0.05588089008581798,0.06374356091875222,0.8088985649033917,0.4021263112682436,0.00190023469665548,0.405371533221851,0.1219569082307168,0.05588089008581798,0.06374356091875222,0.8088985649033917,0.4021263112682436
0.00011950850293453623,0.3919488594225433,0.059325983151384765,3.925865904553016e-85,0.060766695408999,0.7660900321476238,0.5032552088599404,0.00011950850293453623,0.3919488594225433,0.059325983151384765,3.925865904553016e-85,0.060766695408999,0.7660900321476238,0.5032552088599404
0.05760042206166339,0.39457078756742037,2.8012644357517886e-52,6.435844429477914e-181,0.12070854570070043,0.7877894802260774,0.4543756943665095,0.05760042206166339,0.39457078756742037,2.8012644357517886e-52,6.435844429477914e-181,0.12070854570070043,0.7877894802260774,0.4543756943665095
0.05726863869090884,0.445626859877716,3.7466824306525535e-165,0.05994686745752859,0.0,0.773680272725882,0.4456673452975601,0.05726863869090884,0.445626859877716,3.7466824306525535e-165,0.05994686745752859,0.0,0.773680272725882,0.4456673452975601
0.056765500099718404,0.4514607318117341,0.00011297891444339556,6.75894632900332e-256,0.11599353610673532,0.7889226618950214,0.3971980092352679,0.056765500099718404,0.4514607318117341,0.00011297891444339556,6.75894632900332e-256,0.11599353610673532,0.7889226618950214,0.3971980092352679
2.507958560505455e-17,0.409580715395099,1.8825013936312308e-149,0.0,2.389321725957517e-155,0.8185147265159473,0.4067925900070649,2.507958560505455e-17,0.409580715395099,1.8825013936312308e-149,0.0,2.389321725957517e-155,0.8185147265159473,0.4067925900070649
0.00008833403901456285,0.5080596214652356,0.05985183358064005,1.1421677470855937e-156,0.05754766344375981,0.7756065186923686,0.38552276723633916,0.00008833403901456285,0.5080596214652356,0.05985183358064005,1.1421677470855937e-156,0.05754766344375981,0.7756065186923686,0.38552276723633916
0.11511291362524992,0.4344192732491133,1.6311977746157015e-62,1.15418718302126e-84,1.0380378966795886e-20,0.8112652817882487,0.3756731354485569,0.11511291362524992,0.4344192732491133,1.6311977746157015e-62,1.15418718302126e-84,1.0380378966795886e-20,0.8112652817882487,0.3756731354485569
0.11934912928793694,0.3837739512412635,1.9215880822232648e-116,0.06143604126474612,0.0,0.8293796954659544,0.38578694217925574,0.11934912928793694,0.3837739512412635,1.9215880822232648e-116,0.06143604126474612,0.0,0.8293796954659544,0.38578694217925574
0.0551297579889791,0.3749778734166511,7.975342987285544e-234,1.5301035287173667e-174,7.206876189703319e-85,0.7476324461339461,0.5464992598628682,0.0551297579889791,0.3749778734166511,7.975342987285544e-234,1.5301035287173667e-174,7.206876189703319e-85,0.7476324461339461,0.5464992598628682
0.07720346823503589,0.40859637338500726,0.01572678177882935,0.04710411576810031,0.04615225609787006,0.808582525798212,0.41157683968610914,0.07720346823503589,0.40859637338500726,0.01572678177882935,0.04710411576810031,0.04615225609787006,0.808582525798212,0.41157683968610914
0.01614755241258919,0.46149334417911075,0.016751745849266864,0.046223448437985884,0.04861808426820835,0.7890171170639217,0.4034932783890706,0.01614755241258919,0.46149334417911075,0.016751745849266864,0.046223448437985884,0.04861808426820835,0.7890171170639217,0.4034932783890706
3.012550661991093e-17,0.4919868592460369,0.062064258800093926,0.0,0.0005162353230715927,0.7538879423448623,0.43364329867364554,3.012550661991093e-17,0.4919868592460369,0.062064258800093926,0.0,0.0005162353230715927,0.7538879423448623,0.43364329867364554
0.1093013791134764,0.41244595611717827,0.015610101435387986,0.016204208571015333,0.04885710564649907,0.8049793538923269,0.41063845948945454,0.1093013791134764,0.41244595611717827,0.015610101435387986,0.016204208571015333,0.04885710564649907,0.8049793538923269,0.41063845948945454
0.04521776875325473,0.40892921582963465,0.047624031518408126,0.016915521754313868,0.0205603733620723,0.7877474279025221,0.4565097429217971,0.04521776875325473,0.40892921582963465,0.047624031518408126,0.016915521754313868,0.0205603733620723,0.7877474279025221,0.4565097429217971
0.0468602227785763,0.41061503744228633,0.015115590446068786,0.015960717547978558,0.10815561927417298,0.8061855738314059,0.4108464142091591,0.0468602227785763,0.41061503744228633,0.015115590446068786,0.015960717547978558,0.10815561927417298,0.8061855738314059,0.4108464142091591
0.12382781117585383,0.40297905026255265,8.073530771384277e-69,0.12417249568101989,2.2007213334066937e-95,0.8057272651493274,0.39845816299019393,0.12382781117585383,0.40297905026255265,8.073530771384277e-69,0.12417249568101989,2.2007213334066937e-95,0.8057272651493274,0.39845816299019393
0.04757874282039501,0.4568628895499233,0.016840091384224907,0.016896364614859813,0.016707818334704822,0.7813206923896019,0.4247431114224679,0.04757874282039501,0.4568628895499233,0.016840091384224907,0.016896364614859813,0.016707818334704822,0.7813206923896019,0.4247431114224679
2.162449863568801e-17,0.35315486311226757,6.375903989261313e-146,5.63440070585213e-9,2.081919191026192e-9,0.8147709566238556,0.46130662702377484,2.162449863568801e-17,0.35315486311226757,6.375903989261313e-146,5.63440070585213e-9,2.081919191026192e-9,0.8147709566238556,0.46130662702377484
2.476165330235084e-17,0.40438848686153206,0.0616667788701095,0.06303552863949212,0.12583358017582702,0.8092992618024792,0.400562846685434,2.476165330235084e-17,0.40438848686153206,0.0616667788701095,0.06303552863949212,0.12583358017582702,0.8092992618024792,0.400562846685434
0.016333427160678447,0.4167794302143089,0.0768193172971725,0.07168332663172523,0.016192248840365,0.8074816526804819,0.4109827490871126,0.016333427160678447,0.4167794302143089,0.0768193172971725,0.07168332663172523,0.016192248840365,0.8074816526804819,0.4109827490871126
0.017456553872082933,0.4624682735510869,0.0769052476058422,0.01654328038780053,0.017344967488401527,0.7899019763888082,0.39705891893048895,0.017456553872082933,0.4624682735510869,0.0769052476058422,0.01654328038780053,0.017344967488401527,0.7899019763888082,0.39705891893048895
0.014721901771748952,0.42784163585938356,0.018158531993568077,0.04619889897764194,0.04543610750737941,0.8088117624073556,0.3983284767417189,0.014721901771748952,0.42784163585938356,0.018158531993568077,0.04619889897764194,0.04543610750737941,0.8088117624073556,0.3983284767417189
0.00013251050773293433,0.41673170304137536,0.05583165367838238,2.3929614182726307e-180,9.491627252984072e-218,0.8329243736441122,0.3616838006265609,0.00013251050773293433,0.41673170304137536,0.05583165367838238,2.3929614182726307e-180,9.491627252984072e-218,0.8329243736441122,0.3616838006265609
2.3140443334915325e-17,0.3779121188415566,1.234171710861132e-223,0.057938415550766634,0.058063435242604426,0.8155910507143269,0.43612147486149444,2.3140443334915325e-17,0.3779121188415566,1.234171710861132e-223,0.057938415550766634,0.058063435242604426,0.8155910507143269,0.43612147486149444
0.11566239350497605,0.3814682406254626,0.0,1.4665057230463695e-191,0.00012489140217738592,0.7682843373425833,0.5012776203365618,0.11566239350497605,0.3814682406254626,0.0,1.4665057230463695e-191,0.00012489140217738592,0.7682843373425833,0.5012776203365618
0.01684119102400911,0.41196732961664784,0.016804780312061878,0.10653355890372822,0.04770088457244021,0.8062868674053787,0.41105737957098604,0.01684119102400911,0.41196732961664784,0.016804780312061878,0.10653355890372822,0.04770088457244021,0.8062868674053787,0.41105737957098604
0.017871791290623894,0.43543450956508917,0.01775438147424108,0.04590299348251695,0.07569363210199068,0.7989326953719886,0.40872601061836017,0.017871791290623894,0.43543450956508917,0.01775438147424108,0.04590299348251695,0.07569363210199068,0.7989326953719886,0.40872601061836017
0.016671051632917502,0.4263818655593244,0.07482039083199897,0.01564612135613142,0.018225666270332147,0.8088726381019016,0.3981795653357794,0.016671051632917502,0.4263818655593244,0.07482039083199897,0.01564612135613142,0.018225666270332147,0.8088726381019016,0.3981795653357794
0.01410653963922913,0.40130977975046583,0.01635717253025955,0.07290200212215132,0.01529864919779971,0.8078603963862289,0.4267364884021095,0.01410653963922913,0.40130977975046583,0.01635717253025955,0.07290200212215132,0.01529864919779971,0.8078603963862289,0.4267364884021095
0.00007933131427135765,0.43556110063910125,6.071109753227571e-79,0.1149192809984419,1.1195901881650334e-298,0.8126239782431087,0.37580268081831564,0.00007933131427135765,0.43556110063910125,6.071109753227571e-79,0.1149192809984419,1.1195901881650334e-298,0.8126239782431087,0.37580268081831564
0.04576861787441479,0.40521563001746913,0.0160692788951738,0.015096890296268095,0.04570913938929401,0.7906818727137815,0.4600416627723183,0.04576861787441479,0.40521563001746913,0.0160692788951738,0.015096890296268095,0.04570913938929401,0.7906818727137815,0.4600416627723183
0.015302543904801097,0.39601673801511694,0.01503070944172585,0.0144345247672472,0.046278943279354244,0.7994278836214309,0.45124839177109555,0.015302543904801097,0.39601673801511694,0.01503070944172585,0.0144345247672472,0.046278943279354244,0.7994278836214309,0.45124839177109555
0.07606604029920083,0.43812971504229486,0.04822253464952805,0.01695919680075183,0.017994381921895085,0.7989215764212315,0.4031921828056777,0.07606604029920083,0.43812971504229486,0.04822253464952805,0.01695919680075183,0.017994381921895085,0.7989215764212315,0.4031921828056777
0.01526727666199085,0.39840411940595766,0.043553519788027545,0.01677308912680085,0.015918760111736433,0.7780271550670886,0.4840356601472792,0.01526727666199085,0.39840411940595766,0.043553519788027545,0.01677308912680085,0.015918760111736433,0.7780271550670886,0.4840356601472792
2.1158711739551734e-17,0.34554798582388413,3.317771448841264e-11,2.6534754733290014e-158,4.173555102534934e-9,0.8497748411557989,0.3983245576960544,2.1158711739551734e-17,0.34554798582388413,3.317771448841264e-11,2.6534754733290014e-158,4.173555102534934e-9,0.8497748411557989,0.3983245576960544
0.00020183606368745914,0.38430592024770405,0.05846553082157832,5.62272545315212e-112,0.11030697566339835,0.8305369839167368,0.3858873105502314,0.00020183606368745914,0.38430592024770405,0.05846553082157832,5.62272545315212e-112,0.11030697566339835,0.8305369839167368,0.3858873105502314
0.016699399150532448,0.45164583397378166,0.014752043814154932,0.017140045709602283,0.01629366198937124,0.7711596106272357,0.4511705435539041,0.016699399150532448,0.45164583397378166,0.014752043814154932,0.017140045709602283,0.01629366198937124,0.7711596106272357,0.4511705435539041
0.016356107741659076,0.4358088481067991,0.017013025790406422,0.07904764969927633,0.016912026994612573,0.7944882640356866,0.43594074213709005,0.016356107741659076,0.4358088481067991,0.017013025790406422,0.07904764969927633,0.016912026994612573,0.7944882640356866,0.43594074213709005
0.04649060344690373,0.41900629192329475,0.015499276686920896,0.016810741460659525,0.016418942107990067,0.8226526711258393,0.3813768013968437,0.04649060344690373,0.41900629192329475,0.015499276686920896,0.016810741460659525,0.016418942107990067,0.8226526711258393,0.3813768013968437
0.12355284534680042,0.40348638991057423,0.0,0.06352875852837472,0.0611637432520557,0.8068599744721553,0.4046876204656716,0.12355284534680042,0.40348638991057423,0.0,0.06352875852837472,0.0611637432520557,0.8068599744721553,0.4046876204656716
0.01660113354500861,0.45134908184012357,0.01665283261234374,0.046296545483362386,0.017159955003429216,0.7995945461456078,0.3945389784278106,0.01660113354500861,0.45134908184012357,0.01665283261234374,0.046296545483362386,0.017159955003429216,0.7995945461456078,0.3945389784278106
0.0013602881727596526,0.5027008251373781,8.123496686740206e-14,0.05691341084631961,0.05928502296656561,0.7733687821414591,0.3789511527788642,0.0013602881727596526,0.5027008251373781,8.123496686740206e-14,0.05691341084631961,0.05928502296656561,0.7733687821414591,0.3789511527788642
0.015069965036234336,0.43399661073509743,0.015957179180251968,0.016930043177818467,0.10793404583335149,0.797313635120324,0.40582504657677143,0.015069965036234336,0.43399661073509743,0.015957179180251968,0.016930043177818467,0.10793404583335149,0.797313635120324,0.40582504657677143
0.016379528544113096,0.4392215417642414,0.10246389014652486,0.016554616082445517,0.017157651432524096,0.7950007373365089,0.4059996172075165,0.016379528544113096,0.4392215417642414,0.10246389014652486,0.016554616082445517,0.017157651432524096,0.7950007373365089,0.4059996172075165
0.07985113651662497,0.40568718636607665,0.04856992847457797,0.01691294858951529,0.00737564745806498,0.7977197265961484,0.4366819488572597,0.07985113651662497,0.40568718636607665,0.04856992847457797,0.01691294858951529,0.00737564745806498,0.7977197265961484,0.4366819488572597
0.016404353304276843,0.4342048059271693,0.018021061021471305,0.01825023094977332,0.0764872803527013,0.7860141215851801,0.43654864395523524,0.016404353304276843,0.4342048059271693,0.018021061021471305,0.01825023094977332,0.0764872803527013,0.7860141215851801,0.43654864395523524
0.05617570605682878,0.3825967195587234,7.932662359373707e-227,9.307079932252088e-7,0.0601126012038725,0.7713930012727089,0.5031822275121581,0.05617570605682878,0.3825967195587234,7.932662359373707e-227,9.307079932252088e-7,0.0601126012038725,0.7713930012727089,0.5031822275121581
0.1202227036839568,0.39352553790641753,2.7237809296438564e-84,0.06148952023019617,2.166255683756508e-267,0.7890855020749319,0.4532330270788607,0.1202227036839568,0.39352553790641753,2.7237809296438564e-84,0.06148952023019617,2.166255683756508e-267,0.7890855020749319,0.4532330270788607
2.2510635184210914e-17,0.36762657118580955,0.11263587410732961,8.439029587753894e-47,0.0,0.8476236750336836,0.3685455405246567,2.2510635184210914e-17,0.36762657118580955,0.11263587410732961,8.439029587753894e-47,0.0,0.8476236750336836,0.3685455405246567
0.11988805532445457,0.45085445699183185,0.00013047782941369332,5.7955951004574165e-177,0.060170141017285586,0.7891360213515283,0.39593079382520147,0.11988805532445457,0.45085445699183185,0.00013047782941369332,5.7955951004574165e-177,0.060170141017285586,0.7891360213515283,0.39593079382520147
0.01656708098988068,0.40980652194852646,0.04692724750098186,0.01716294203840772,0.106377096277251,0.8061149899265544,0.41154350184694793,0.01656708098988068,0.40980652194852646,0.04692724750098186,0.01716294203840772,0.106377096277251,0.8061149899265544,0.41154350184694793
0.0467594647746227,0.41112108159355815,0.04714162457423452,0.014862583920380118,0.04657957486971417,0.7990223456274608,0.4318822499283445,0.0467594647746227,0.41112108159355815,0.04714162457423452,0.014862583920380118,0.04657957486971417,0.7990223456274608,0.4318822499283445
2.3780126663296662e-17,0.3883589403876009,0.11875450085408706,2.427249043393224e-25,5.891902408907172e-9,0.776856849281547,0.507469795593976,2.3780126663296662e-17,0.3883589403876009,0.11875450085408706,2.427249043393224e-25,5.891902408907172e-9,0.776856849281547,0.507469795593976
5.106234325020596e-19,5.581796461592088e-17,2.5178670175378517e-17,1.0000629261377494,7.379857674708525e-211,3.869830148350549e-80,1.4487920286153e-26,5.106234325020596e-19,5.581796461592088e-17,2.5178670175378517e-17,1.0000629261377494,7.379857674708525e-211,3.869830148350549e-80,1.4487920286153e-26
0.018521696744216172,0.4563505564984883,0.0164898042849614,0.048070657874749234,0.018481622341841492,0.779511709804472,0.42928775280533443,0.018521696744216172,0.4563505564984883,0.0164898042849614,0.048070657874749234,0.018481622341841492,0.779511709804472,0.42928775280533443
0.01625363296673573,0.425911149315279,0.015943542381191046,0.04485696104342876,0.01666325444886142,0.7800238126652614,0.45681566793876216,0.01625363296673573,0.425911149315279,0.015943542381191046,0.04485696104342876,0.01666325444886142,0.7800238126652614,0.45681566793876216
0.014230491057843006,0.37612703201553327,0.01533317124109858,0.01568179949870445,0.01481963923860812,0.8463748842390666,0.3771536015267055,0.014230491057843006,0.37612703201553327,0.01533317124109858,0.01568179949870445,0.01481963923860812,0.8463748842390666,0.3771536015267055
0.000636548183329711,0.37097240227245126,0.057764527211141316,6.05810035825317e-8,1.609069833542841e-275,0.7968051808207914,0.4833225924616841,0.000636548183329711,0.37097240227245126,0.057764527211141316,6.05810035825317e-8,1.609069833542841e-275,0.7968051808207914,0.4833225924616841
0.06080553972132077,0.3940399882201206,8.12908887803044e-118,0.12126089231761546,0.0,0.787867148432785,0.4545636672939311,0.06080553972132077,0.3940399882201206,8.12908887803044e-118,0.12126089231761546,0.0,0.787867148432785,0.4545636672939311
2.5832135723753604e-7,0.3954213475660012,1.0031884290441417e-10,0.12089215413087914,0.12210116376914444,0.8076229851242858,0.4032924078797477,2.5832135723753604e-7,0.3954213475660012,1.0031884290441417e-10,0.12089215413087914,0.12210116376914444,0.8076229851242858,0.4032924078797477
0.015085951116689,0.3827469881937961,0.015938845266235863,0.042588483827904304,0.014989248525480314,0.843919980828781,0.37516931165485895,0.015085951116689,0.3827469881937961,0.015938845266235863,0.042588483827904304,0.014989248525480314,0.843919980828781,0.37516931165485895
2.4296899487423808e-17,0.3967984810696481,1.3186209687061929e-66,1.1305223901571571e-284,0.24201672034000082,0.793717109181927,0.3961380184438202,2.4296899487423808e-17,0.3967984810696481,1.3186209687061929e-66,1.1305223901571571e-284,0.24201672034000082,0.793717109181927,0.3961380184438202
0.0745938550636853,0.4034437270158546,0.04652218643065148,0.017504231600306855,0.01520967080267518,0.8186926807192066,0.3996632174951893,0.0745938550636853,0.4034437270158546,0.04652218643065148,0.017504231600306855,0.01520967080267518,0.8186926807192066,0.3996632174951893
0.0166490118891542,0.42799966130903894,0.017453931730415595,0.07680912783549794,0.01575785000836337,0.8070215563130106,0.3993042513240607,0.0166490118891542,0.42799966130903894,0.017453931730415595,0.07680912783549794,0.01575785000836337,0.8070215563130106,0.3993042513240607
0.05881933608294912,0.5007658866559274,0.058401056674080104,0.00012401635108802566,1.2238992667052528e-102,0.7673820050392782,0.3977316910878214,0.05881933608294912,0.5007658866559274,0.058401056674080104,0.00012401635108802566,1.2238992667052528e-102,0.7673820050392782,0.3977316910878214
0.04723568478569909,0.4369653208564413,0.047503575059568905,0.047467176188643795,0.01667070051881702,0.7982726931777561,0.4068019063196473,0.04723568478569909,0.4369653208564413,0.047503575059568905,0.047467176188643795,0.01667070051881702,0.7982726931777561,0.4068019063196473
0.06694093455378491,0.451484179236454,6.768004021708322e-94,0.135907482686441,0.0002482144784491606,0.7855490482380117,0.3985107655540579,0.06694093455378491,0.451484179236454,6.768004021708322e-94,0.135907482686441,0.0002482144784491606,0.7855490482380117,0.3985107655540579
0.058348590997775854,0.49150618954430636,7.607890343786992e-70,3.3918972361198285e-9,7.340233701827771e-183,0.7533996381410621,0.4339022659876466,0.058348590997775854,0.49150618954430636,7.607890343786992e-70,3.3918972361198285e-9,7.340233701827771e-183,0.7533996381410621,0.4339022659876466
2.4174003016765864e-9,0.397538286308057,0.00035778800830094635,0.24100249837603557,5.654898796961783e-17,0.7923058147235178,0.39669780924880005,2.4174003016765864e-9,0.397538286308057,0.00035778800830094635,0.24100249837603557,5.654898796961783e-17,0.7923058147235178,0.39669780924880005
0.01645119221696047,0.4111809861907739,0.04991071937765481,0.10923761840286353,0.016939536250468255,0.807646665871699,0.4065666361924586,0.01645119221696047,0.4111809861907739,0.04991071937765481,0.10923761840286353,0.016939536250468255,0.807646665871699,0.4065666361924586
0.04936199265561923,0.42704758310295454,1.426951077191443e-7,0.000026337882715603627,6.632435613440154e-133,0.7965649792346935,0.4263660257976049,0.04936199265561923,0.42704758310295454,1.426951077191443e-7,0.000026337882715603627,6.632435613440154e-133,0.7965649792346935,0.4263660257976049
0.0754358209808353,0.46021596092305994,0.01568128520878391,0.017779101940740248,0.018015584255349593,0.7884510389880229,0.40204207563080846,0.0754358209808353,0.46021596092305994,0.01568128520878391,0.017779101940740248,0.018015584255349593,0.7884510389880229,0.40204207563080846
0.04213156233300614,0.40327763296013974,0.016681927469671395,0.07500140146721258,0.015993024565264788,0.8188388604873029,0.4000808955688999,0.04213156233300614,0.40327763296013974,0.016681927469671395,0.07500140146721258,0.015993024565264788,0.8188388604873029,0.4000808955688999
0.058763903467398376,0.4019730258125047,0.06083443978125759,0.000024458102409622312,0.12166436093886608,0.8087494388664392,0.40486779506326875,0.058763903467398376,0.4019730258125047,0.06083443978125759,0.000024458102409622312,0.12166436093886608,0.8087494388664392,0.40486779506326875
0.12114020933909932,0.4515726606700845,7.251313692824009e-159,0.05931977056213212,1.57013863735641e-160,0.7897217914730659,0.3945294801997306,0.12114020933909932,0.4515726606700845,7.251313692824009e-159,0.05931977056213212,1.57013863735641e-160,0.7897217914730659,0.3945294801997306
0.044981866235839,0.39955460447020397,0.015952070716544198,0.045176256763597385,0.015879106876139925,0.810509116465851,0.4255626201500258,0.044981866235839,0.39955460447020397,0.015952070716544198,0.045176256763597385,0.015879106876139925,0.810509116465851,0.4255626201500258
0.015062779170400664,0.3901320776525733,0.044892373864225114,0.016312222525749397,0.016056195044133404,0.819789799184195,0.41762864267558275,0.015062779170400664,0.3901320776525733,0.044892373864225114,0.016312222525749397,0.016056195044133404,0.819789799184195,0.41762864267558275
2.1601865634708162e-17,0.35278523815598456,0.05362794582840778,1.3119018259446184e-107,5.09424425164719e-103,0.8670864387769363,0.3527969413722922,2.1601865634708162e-17,0.35278523815598456,0.05362794582840778,1.3119018259446184e-107,5.09424425164719e-103,0.8670864387769363,0.3527969413722922
2.7539297752493212e-17,0.4497508632148819,0.0552385046274659,0.12308469580978143,3.276390867697217e-123,0.7896434700115642,0.3999929606632698,2.7539297752493212e-17,0.4497508632148819,0.0552385046274659,0.12308469580978143,3.276390867697217e-123,0.7896434700115642,0.3999929606632698
2.668657519736859e-17,0.43582484706527336,0.05986211699201374,1.0615878312182716e-58,0.058360845802300367,0.813700483334525,0.3778668346875734,2.668657519736859e-17,0.43582484706527336,0.05986211699201374,1.0615878312182716e-58,0.058360845802300367,0.813700483334525,0.3778668346875734
0.0759958574435292,0.428692970713089,0.015806963071777636,0.01670517191651748,0.01617457226381726,0.8078993252739857,0.39860505306481575,0.0759958574435292,0.428692970713089,0.015806963071777636,0.01670517191651748,0.01617457226381726,0.8078993252739857,0.39860505306481575
0.016226383930285374,0.41213791543863787,0.10826312204822547,0.0166611846062511,0.04568408497275336,0.8054146260757377,0.412119862639188,0.016226383930285374,0.41213791543863787,0.10826312204822547,0.0166611846062511,0.04568408497275336,0.8054146260757377,0.412119862639188
0.016599209480118855,0.4141108440358035,0.10683030636288296,0.04537600544403266,0.01572734149090052,0.8115479961546658,0.3987245131024691,0.016599209480118855,0.4141108440358035,0.10683030636288296,0.04537600544403266,0.01572734149090052,0.8115479961546658,0.3987245131024691
0.12269503081549596,0.40090403988641643,0.06263549695085537,0.05080331117624146,0.00011560122348845,0.8112494726513881,0.40700462802486803,0.12269503081549596,0.40090403988641643,0.06263549695085537,0.05080331117624146,0.00011560122348845,0.8112494726513881,0.40700462802486803
0.01519667964064385,0.4041578841221785,0.01675356361478544,0.045925684360865394,0.07503371085795164,0.8180310633474569,0.4036419421383163,0.01519667964064385,0.4041578841221785,0.01675356361478544,0.045925684360865394,0.07503371085795164,0.8180310633474569,0.4036419421383163
0.06088493429807461,0.39592439109493893,0.06255675891522555,2.346982349885612e-13,0.06144810106057565,0.7926992225007297,0.4531347292952447,0.06088493429807461,0.39592439109493893,0.06255675891522555,2.346982349885612e-13,0.06144810106057565,0.7926992225007297,0.4531347292952447
0.01525541178042953,0.403878457791719,0.017838059924290415,0.016788661687361563,0.07587291596009402,0.7875562711764872,0.45905779741396285,0.01525541178042953,0.403878457791719,0.017838059924290415,0.016788661687361563,0.07587291596009402,0.7875562711764872,0.45905779741396285
0.17852347409893307,0.45021263994511823,1.0841747574734418e-7,0.00009298474996291489,8.102374639846484e-120,0.7811140090014662,0.3948590142654493,0.17852347409893307,0.45021263994511823,1.0841747574734418e-7,0.00009298474996291489,8.102374639846484e-120,0.7811140090014662,0.3948590142654493
2.157518624024732e-17,0.3523495305792463,8.350901916624673e-58,6.76440898546867e-64,0.05051288028672975,0.8667522779928175,0.35249927574219775,2.157518624024732e-17,0.3523495305792463,8.350901916624673e-58,6.76440898546867e-64,0.05051288028672975,0.8667522779928175,0.35249927574219775
0.000010288299713587997,0.40379059243251164,0.12238397394444384,0.12427698689907857,8.783168308421068e-82,0.8064052850513741,0.39904982274619055,0.000010288299713587997,0.40379059243251164,0.12238397394444384,0.12427698689907857,8.783168308421068e-82,0.8064052850513741,0.39904982274619055
0.07446324813549643,0.40675483781036015,0.015648118590845413,0.01701539495578213,0.04738379776911817,0.7980513649186493,0.4367976206352563,0.07446324813549643,0.40675483781036015,0.015648118590845413,0.01701539495578213,0.04738379776911817,0.7980513649186493,0.4367976206352563
0.01613734873273107,0.4021443983041763,0.017085497996767045,0.01674774610644009,0.10380368330819219,0.7984283120367605,0.43815279222298653,0.01613734873273107,0.4021443983041763,0.017085497996767045,0.01674774610644009,0.10380368330819219,0.7984283120367605,0.43815279222298653
0.057671727298072,0.378212170859973,0.0003598120287909488,0.058705682627065416,0.00004960567949794851,0.816978557118892,0.43778265089912666,0.057671727298072,0.378212170859973,0.0003598120287909488,0.058705682627065416,0.00004960567949794851,0.816978557118892,0.43778265089912666
0.016697244631580586,0.43155019873072914,0.04660615992657623,0.046270203006932374,0.01630996528190358,0.7884364103674182,0.4334998344736007,0.016697244631580586,0.43155019873072914,0.04660615992657623,0.046270203006932374,0.01630996528190358,0.7884364103674182,0.4334998344736007
3.6224032118084615e-33,5.915833388582765e-17,4.020401944790608e-19,4.933189863322813e-104,1.5812582298277988e-17,1.0000677961261086,2.3035436120943153e-28,3.6224032118084615e-33,5.915833388582765e-17,4.020401944790608e-19,4.933189863322813e-104,1.5812582298277988e-17,1.0000677961261086,2.3035436120943153e-28
2.7744449010640098e-17,0.4531012375152879,0.000022201736228675734,0.18035458992418626,1.5732970950886687e-139,0.7823918782963994,0.39114205646346906,2.7744449010640098e-17,0.4531012375152879,0.000022201736228675734,0.18035458992418626,1.5732970950886687e-139,0.7823918782963994,0.39114205646346906
2.8132600279971155e-17,0.45944022879998003,1.666390323836389e-107,1.6793698761361092e-11,7.790980387855874e-268,0.8152984850350393,0.3536745491332801,2.8132600279971155e-17,0.45944022879998003,1.666390323836389e-107,1.6793698761361092e-11,7.790980387855874e-268,0.8152984850350393,0.3536745491332801
7.922376664137875e-9,0.3822029572824722,0.05837224915084551,0.11738412035743151,5.396948733048889e-196,0.8257927973112417,0.39389558887556053,7.922376664137875e-9,0.3822029572824722,0.05837224915084551,0.11738412035743151,5.396948733048889e-196,0.8257927973112417,0.39389558887556053
0.047436278411872035,0.4373606054578291,0.006155196034768468,0.07857315502057552,0.016697673361972167,0.7987781835763493,0.40391953513417367,0.047436278411872035,0.4373606054578291,0.006155196034768468,0.07857315502057552,0.016697673361972167,0.7987781835763493,0.40391953513417367
0.016768782346562747,0.42818823645914106,0.04540692659822492,0.015506025133825867,0.045460480607146615,0.8092456298942402,0.3978102350934254,0.016768782346562747,0.42818823645914106,0.04540692659822492,0.015506025133825867,0.045460480607146615,0.8092456298942402,0.3978102350934254
0.016319325565254502,0.4080214255588156,0.10466058098363054,0.015963629886592966,0.00961261748693588,0.7951537257544099,0.4364519719124159,0.016319325565254502,0.4080214255588156,0.10466058098363054,0.015963629886592966,0.00961261748693588,0.7951537257544099,0.4364519719124159
2.6174411135295374e-17,0.4274605731794509,0.049418659293885704,7.564085751799265e-21,0.00002071922785387897,0.7977357566962581,0.42413145598456714,2.6174411135295374e-17,0.4274605731794509,0.049418659293885704,7.564085751799265e-21,0.00002071922785387897,0.7977357566962581,0.42413145598456714
2.4165162141206936e-17,0.3946470469368256,1.0956875566589147e-273,0.060381678325990035,0.12085585467094488,0.7897736214028495,0.4544048942140745,2.4165162141206936e-17,0.3946470469368256,1.0956875566589147e-273,0.060381678325990035,0.12085585467094488,0.7897736214028495,0.4544048942140745
0.01602633205454103,0.4311983635042901,0.07569567127874377,0.016585822992198063,0.018431637632951192,0.7877244242096428,0.4330252157835491,0.01602633205454103,0.4311983635042901,0.07569567127874377,0.016585822992198063,0.018431637632951192,0.7877244242096428,0.4330252157835491
0.017368056235914756,0.4651130313657277,0.04696911323952506,0.04850645642629164,1.842376711186912e-195,0.7963700349559242,0.40634034858147305,0.017368056235914756,0.4651130313657277,0.04696911323952506,0.04850645642629164,1.842376711186912e-195,0.7963700349559242,0.40634034858147305
0.07792138031177197,0.4146284937680392,0.0158632912692763,0.013331298460973444,0.07741566920723278,0.8058281270760301,0.41047412897123864,0.07792138031177197,0.4146284937680392,0.0158632912692763,0.013331298460973444,0.07741566920723278,0.8058281270760301,0.41047412897123864
0.04391396882596048,0.38538154020901316,0.01607754379831857,0.015762418604882245,0.015418644737991621,0.840631854812724,0.3790293571805341,0.04391396882596048,0.38538154020901316,0.01607754379831857,0.015762418604882245,0.015418644737991621,0.840631854812724,0.3790293571805341
2.4236274587329536e-17,0.395808401315445,0.0670988144805564,0.05977488596417958,0.05885971130693331,0.792821140903233,0.4532044221380611,2.4236274587329536e-17,0.395808401315445,0.0670988144805564,0.05977488596417958,0.05885971130693331,0.792821140903233,0.4532044221380611
0.1193321842870093,0.5010190488644269,3.3897804324413074e-6,2.363942013353204e-97,1.8156613226016267e-139,0.7667343958703239,0.38390528091016973,0.1193321842870093,0.5010190488644269,3.3897804324413074e-6,2.363942013353204e-97,1.8156613226016267e-139,0.7667343958703239,0.38390528091016973
0.045763892573341264,0.43747599459835645,0.04495344377966228,0.015887565097675346,0.04683093948473321,0.7958959556367659,0.41228584385272593,0.045763892573341264,0.43747599459835645,0.04495344377966228,0.015887565097675346,0.04683093948473321,0.7958959556367659,0.41228584385272593
3.015473575399671e-17,0.4924642072308784,7.489343693374215e-6,0.0,0.05721973075963239,0.7537220413251751,0.43354787087676794,3.015473575399671e-17,0.4924642072308784,7.489343693374215e-6,0.0,0.05721973075963239,0.7537220413251751,0.43354787087676794
3.281389395056088e-17,0.5358915562169794,6.486122059427588e-51,3.2679470675831327e-44,1.582012056089049e-195,0.7346216867020122,0.4184523425189827,3.281389395056088e-17,0.5358915562169794,6.486122059427588e-51,3.2679470675831327e-44,1.582012056089049e-195,0.7346216867020122,0.4184523425189827
2.7290464861528036e-17,0.44568711371358205,0.18192936555705191,1.1068180252400278e-67,1.0637434008840673e-6,0.7798736766845323,0.4008142955929337,2.7290464861528036e-17,0.44568711371358205,0.18192936555705191,1.1068180252400278e-67,1.0637434008840673e-6,0.7798736766845323,0.4008142955929337
0.016984882275380822,0.4357276135450301,0.04674306276323269,0.07975651464485156,0.016343229079595546,0.7968698611528761,0.41032065038105137,0.016984882275380822,0.4357276135450301,0.04674306276323269,0.07975651464485156,0.016343229079595546,0.7968698611528761,0.41032065038105137
0.05788046089584024,0.4023311371324694,0.06215865575667497,0.06109820931660436,0.061932062078453094,0.813461605732222,0.40545551859246526,0.05788046089584024,0.4023311371324694,0.06215865575667497,0.06109820931660436,0.061932062078453094,0.813461605732222,0.40545551859246526
2.6756987930658664e-17,0.43697477426614634,0.11022423852451575,0.0,1.7208050068526012e-148,0.8105310798528218,0.3769296166303919,2.6756987930658664e-17,0.43697477426614634,0.11022423852451575,0.0,1.7208050068526012e-148,0.8105310798528218,0.3769296166303919
0.017003643983324865,0.4344947533718109,0.015663539220601146,0.04648333860217074,0.04820193655242413,0.7890068707272617,0.43378656682530614,0.017003643983324865,0.4344947533718109,0.015663539220601146,0.04648333860217074,0.04820193655242413,0.7890068707272617,0.43378656682530614
2.3574051121169854e-17,0.3849934713842885,1.8407362056032337e-116,0.058851086000757724,0.11790652105923673,0.8295279856232514,0.3859068242570577,2.3574051121169854e-17,0.3849934713842885,1.8407362056032337e-116,0.058851086000757724,0.11790652105923673,0.8295279856232514,0.3859068242570577
0.06355634302275741,0.4047915524328052,0.0,0.05090390905956645,0.11988829102616176,0.8074761178217258,0.4043787095793691,0.06355634302275741,0.4047915524328052,0.0,0.05090390905956645,0.11988829102616176,0.8074761178217258,0.4043787095793691
0.12503518875562392,0.40345721485155944,0.12336550171703575,9.601609719289724e-6,0.0,0.8076798848780891,0.4021893105010107,0.12503518875562392,0.40345721485155944,0.12336550171703575,9.601609719289724e-6,0.0,0.8076798848780891,0.4021893105010107
3.6203661874341666e-17,0.5912506675320275,7.963222858547213e-225,8.470628415558358e-57,4.331394087493943e-10,0.7313728370684237,0.36641587003074316,3.6203661874341666e-17,0.5912506675320275,7.963222858547213e-225,8.470628415558358e-57,4.331394087493943e-10,0.7313728370684237,0.36641587003074316
0.07504566686141546,0.4121755135397916,0.014236487539317916,0.07835961527279649,0.016576722394593877,0.8055516973593265,0.41187078044757325,0.07504566686141546,0.4121755135397916,0.014236487539317916,0.07835961527279649,0.016576722394593877,0.8055516973593265,0.41187078044757325
2.6502946492615045e-17,0.4328259627358261,8.986861544274723e-8,0.05862877054386567,0.054912767094634184,0.8158702640133877,0.3763297389078276,2.6502946492615045e-17,0.4328259627358261,8.986861544274723e-8,0.05862877054386567,0.054912767094634184,0.8158702640133877,0.3763297389078276
0.017196114017244624,0.3824793774265763,0.04364390374756738,0.04712661488519145,0.014301582285745606,0.8353040695732068,0.39073876511650807,0.017196114017244624,0.3824793774265763,0.04364390374756738,0.04712661488519145,0.014301582285745606,0.8353040695732068,0.39073876511650807
0.015901764497444206,0.48280649851555585,0.05176721923434,0.017492113845269778,0.013436243488665633,0.7802017905981492,0.3945859018443492,0.015901764497444206,0.48280649851555585,0.05176721923434,0.017492113845269778,0.013436243488665633,0.7802017905981492,0.3945859018443492
0.000012735246230237035,0.3859189568128758,0.06013849383542475,0.06054813310187593,0.05928395371627073,0.8350030944162646,0.3844357410383959,0.000012735246230237035,0.3859189568128758,0.06013849383542475,0.06054813310187593,0.05928395371627073,0.8350030944162646,0.3844357410383959
0.049235958466138104,0.4328950426497822,0.01579416329945755,0.0011068056197191594,0.04821790356531556,0.7887463234600496,0.4319517589437894,0.049235958466138104,0.4328950426497822,0.01579416329945755,0.0011068056197191594,0.04821790356531556,0.7887463234600496,0.4319517589437894
2.436340216403474e-17,0.39788455219900937,0.002701511784578732,0.17673315852072063,6.722781193820514e-147,0.7942673661963976,0.45180848945013585,2.436340216403474e-17,0.39788455219900937,0.002701511784578732,0.17673315852072063,6.722781193820514e-147,0.7942673661963976,0.45180848945013585
0.07751999297826874,0.43519174474023303,0.018043436407429,0.016383450230669182,0.016864027376085677,0.7869379520157773,0.4305780523884785,0.07751999297826874,0.43519174474023303,0.018043436407429,0.016383450230669182,0.016864027376085677,0.7869379520157773,0.4305780523884785
2.424811254722256e-7,0.44602308771929955,0.056983957726920983,1.317782702216866e-8,0.05869361849296316,0.7729350969943566,0.4454687139076118,2.424811254722256e-7,0.44602308771929955,0.056983957726920983,1.317782702216866e-8,0.05869361849296316,0.7729350969943566,0.4454687139076118
0.014776875256075817,0.4046155461639892,0.07269117008132475,0.014926859366579096,0.04599312965504788,0.8190381635718933,0.40405827065515426,0.014776875256075817,0.4046155461639892,0.07269117008132475,0.014926859366579096,0.04599312965504788,0.8190381635718933,0.40405827065515426
0.01510680082261382,0.41235522549289433,0.015377918820068358,0.09645383472728628,0.015754889426628456,0.7944314457199483,0.43601297391774835,0.01510680082261382,0.41235522549289433,0.015377918820068358,0.09645383472728628,0.015754889426628456,0.7944314457199483,0.43601297391774835
0.0001573499833327471,0.4179047294600793,1.3280085111715913e-48,0.000022213891994904272,0.053725037688144926,0.8351931679880913,0.3556411584340717,0.0001573499833327471,0.4179047294600793,1.3280085111715913e-48,0.000022213891994904272,0.053725037688144926,0.8351931679880913,0.3556411584340717
0.01711762656671651,0.4363314972158245,0.07698786757136518,0.04618906035009271,0.016530092875601084,0.8012018034186907,0.4071383891952081,0.01711762656671651,0.4363314972158245,0.07698786757136518,0.04618906035009271,0.016530092875601084,0.8012018034186907,0.4071383891952081
2.413580675670915e-17,0.39416763712628716,0.1212207176546682,0.06099392977254313,0.0,0.7891886715365664,0.45441914025459496,2.413580675670915e-17,0.39416763712628716,0.1212207176546682,0.06099392977254313,0.0,0.7891886715365664,0.45441914025459496
0.016112267156910266,0.4145913180326025,0.07657115533666466,0.01628171730593054,0.07772910535156222,0.8062861685097278,0.41023867784786877,0.016112267156910266,0.4145913180326025,0.07657115533666466,0.01628171730593054,0.07772910535156222,0.8062861685097278,0.41023867784786877
0.06384632211509317,0.4537651357807162,0.05854413010298841,1.2991077572064392e-8,0.060300599929089344,0.795188265388048,0.3930408428082071,0.06384632211509317,0.4537651357807162,0.05854413010298841,1.2991077572064392e-8,0.060300599929089344,0.795188265388048,0.3930408428082071
0.04453674096250482,0.3926340324375508,0.04483054760661789,0.016547137236626472,0.014086241895929774,0.8288194851097431,0.3948308349188523,0.04453674096250482,0.3926340324375508,0.04483054760661789,0.016547137236626472,0.014086241895929774,0.8288194851097431,0.3948308349188523
0.017810739122022006,0.46405564702419805,0.04583661787001035,0.01727328787326498,0.049232643601790416,0.7881021158523177,0.40312052887445055,0.017810739122022006,0.46405564702419805,0.04583661787001035,0.01727328787326498,0.049232643601790416,0.7881021158523177,0.40312052887445055
0.044130812528041935,0.39338609237464206,0.014570691764593883,0.04437737724355962,0.013976039412591951,0.8299361783339273,0.3918271907334869,0.044130812528041935,0.39338609237464206,0.014570691764593883,0.04437737724355962,0.013976039412591951,0.8299361783339273,0.3918271907334869
0.01764332513706411,0.4097033969551994,0.13739994094217453,0.018020921596169467,0.017101262215193137,0.8030938282314126,0.41009608389025515,0.01764332513706411,0.4097033969551994,0.13739994094217453,0.018020921596169467,0.017101262215193137,0.8030938282314126,0.41009608389025515
0.015443156991703594,0.3989984664359985,0.04599640990453439,0.047914316989034964,0.01587363926624465,0.8101095740015971,0.42593929696103994,0.015443156991703594,0.3989984664359985,0.04599640990453439,0.047914316989034964,0.01587363926624465,0.8101095740015971,0.42593929696103994
0.04758464791828092,0.4117683315112929,0.07311876995366304,0.04385935038416708,0.015328277249048212,0.812352509990071,0.402760004650966,0.04758464791828092,0.4117683315112929,0.07311876995366304,0.04385935038416708,0.015328277249048212,0.812352509990071,0.402760004650966
0.01681610785943858,0.4281573350856604,0.04975231432902258,0.016338649400623725,0.016357673773068463,0.7776098349169923,0.45839019385909785,0.01681610785943858,0.4281573350856604,0.04975231432902258,0.016338649400623725,0.016357673773068463,0.7776098349169923,0.45839019385909785
0.056946655298654725,0.4797408630855667,1.8592480684372435e-63,1.0147463686452858e-7,0.0,0.7953179139903325,0.3700183223524482,0.056946655298654725,0.4797408630855667,1.8592480684372435e-63,1.0147463686452858e-7,0.0,0.7953179139903325,0.3700183223524482
0.01757996296215386,0.4010003544677399,0.04656324488833651,0.04365263113540692,0.04604747198513789,0.8169469530793183,0.4069718815086124,0.01757996296215386,0.4010003544677399,0.04656324488833651,0.04365263113540692,0.04604747198513789,0.8169469530793183,0.4069718815086124
0.060892831956330676,0.3959757482257655,0.015100886672997622,0.05925136864404165,0.061423245024501354,0.7924568844292652,0.45360701656497665,0.060892831956330676,0.3959757482257655,0.015100886672997622,0.05925136864404165,0.061423245024501354,0.7924568844292652,0.45360701656497665
0.05555844713512003,0.3698139314274479,7.702330880263225e-61,1.5591173996999443e-148,0.05552924465197369,0.852910937797317,0.3687178303460421,0.05555844713512003,0.3698139314274479,7.702330880263225e-61,1.5591173996999443e-148,0.05552924465197369,0.852910937797317,0.3687178303460421
0.07288379491555125,0.3916022231825803,0.016272903867905645,0.016502521479430366,0.015103740176901746,0.8270190829187994,0.3977002518181031,0.07288379491555125,0.3916022231825803,0.016272903867905645,0.016502521479430366,0.015103740176901746,0.8270190829187994,0.3977002518181031
3.0657007476573633e-17,0.5006669269526239,3.6341689316617697e-7,4.578887099107775e-145,0.1131001291795153,0.7691524590887635,0.38203012187398544,3.0657007476573633e-17,0.5006669269526239,3.6341689316617697e-7,4.578887099107775e-145,0.1131001291795153,0.7691524590887635,0.38203012187398544
0.00010322029051148803,0.3770195698450618,0.11322479770608697,0.00023689640740326155,6.916804211672099e-128,0.8108912889144977,0.4342505377584644,0.00010322029051148803,0.3770195698450618,0.11322479770608697,0.00023689640740326155,6.916804211672099e-128,0.8108912889144977,0.4342505377584644
6.123760442429066e-17,1.0000859752693865,1.0755142941971337e-143,5.147857351797589e-91,1.243971943933514e-114,2.524967622018244e-86,2.3035854857048174e-28,6.123760442429066e-17,1.0000859752693865,1.0755142941971337e-143,5.147857351797589e-91,1.243971943933514e-114,2.524967622018244e-86,2.3035854857048174e-28
3.749876015629724e-33,6.124012275605561e-17,1.0001271027482106,1.9079365599359252e-59,0.0,4.1350701006757115e-74,3.954439759757609e-31,3.749876015629724e-33,6.124012275605561e-17,1.0001271027482106,1.9079365599359252e-59,0.0,4.1350701006757115e-74,3.954439759757609e-31
0.06708847993261582,0.4033658561339431,0.12294149582498413,0.06140644878934745,0.00015772448019707924,0.8084937021098845,0.40207937261446175,0.06708847993261582,0.4033658561339431,0.12294149582498413,0.06140644878934745,0.00015772448019707924,0.8084937021098845,0.40207937261446175
0.045492414252477485,0.4652713710939172,0.017252975639548487,0.01662882422356456,0.04543413896730168,0.7879284864246108,0.4012415550098119,0.045492414252477485,0.4652713710939172,0.017252975639548487,0.01662882422356456,0.04543413896730168,0.7879284864246108,0.4012415550098119
2.6663463878485887e-17,0.435447410584832,9.41287783179676e-105,0.05755543674916162,0.00006378014576448611,0.7552987377603088,0.48988758149062256,2.6663463878485887e-17,0.435447410584832,9.41287783179676e-105,0.05755543674916162,0.00006378014576448611,0.7552987377603088,0.48988758149062256
0.05831235499663702,0.43799085149206524,0.05695879880709618,3.9196840552130074e-94,4.4013949639239236e-209,0.8131842095298505,0.37701832321403483,0.05831235499663702,0.43799085149206524,0.05695879880709618,3.9196840552130074e-94,4.4013949639239236e-209,0.8131842095298505,0.37701832321403483
0.05436167333276041,0.3693885636311698,0.05759624088771796,8.148533451643936e-159,1.1329612145557504e-84,0.8526631972673663,0.3691922261032723,0.05436167333276041,0.3693885636311698,0.05759624088771796,8.148533451643936e-159,1.1329612145557504e-84,0.8526631972673663,0.3691922261032723
2.559522903746136e-17,0.4180018117106378,4.1221017063524626e-13,0.055757226951543,2.075265631877067e-106,0.8361338643913111,0.36244314065868466,2.559522903746136e-17,0.4180018117106378,4.1221017063524626e-13,0.055757226951543,2.075265631877067e-106,0.8361338643913111,0.36244314065868466
2.2517066312692966e-17,0.3677315994843611,0.0,1.418729058850542e-156,0.1121938703414869,0.8504421998926353,0.36769173084702017,2.2517066312692966e-17,0.3677315994843611,0.0,1.418729058850542e-156,0.1121938703414869,0.8504421998926353,0.36769173084702017
0.06309274925242744,0.4684432239560642,0.0000791236329268355,0.06634248419709099,0.0689051553121218,0.7914684583645173,0.3942860607043446,0.06309274925242744,0.4684432239560642,0.0000791236329268355,0.06634248419709099,0.0689051553121218,0.7914684583645173,0.3942860607043446
2.2743372031245212e-17,0.3714274523410347,3.3462753996106816e-95,0.05675457968408079,1.73865935955719e-133,0.8017239929373955,0.48729066871344495,2.2743372031245212e-17,0.3714274523410347,3.3462753996106816e-95,0.05675457968408079,1.73865935955719e-133,0.8017239929373955,0.48729066871344495
2.781485673042843e-17,0.45425108283946386,0.059846577458300874,0.06071549744836388,0.056036927078940826,0.7906401096638814,0.3998848060191299,2.781485673042843e-17,0.45425108283946386,0.059846577458300874,0.06071549744836388,0.056036927078940826,0.7906401096638814,0.3998848060191299
2.456223558151401e-17,0.4011317483312771,0.00003010137581306153,0.1867408577467802,0.05797361873953278,0.801762941356547,0.3997012421066901,2.456223558151401e-17,0.4011317483312771,0.00003010137581306153,0.1867408577467802,0.05797361873953278,0.801762941356547,0.3997012421066901
0.015603322916174025,0.38930777558081364,0.016178061923128692,0.016330170954124416,0.016872592852702626,0.8110690119208439,0.4357913889147,0.015603322916174025,0.38930777558081364,0.016178061923128692,0.016330170954124416,0.016872592852702626,0.8110690119208439,0.4357913889147
0.018703694406975425,0.46390680412639274,0.0170779268216404,0.016514696289292266,0.017910375933154487,0.7794975147868817,0.42263065179854475,0.018703694406975425,0.46390680412639274,0.0170779268216404,0.016514696289292266,0.017910375933154487,0.7794975147868817,0.42263065179854475
0.1755021692096925,0.3814230695335477,2.563942431797204e-10,1.871753614821977e-139,6.585284515329393e-142,0.8235305676571313,0.382448201327044,0.1755021692096925,0.3814230695335477,2.563942431797204e-10,1.871753614821977e-139,6.585284515329393e-142,0.8235305676571313,0.382448201327044
0.050482070343779564,0.4843117555807353,0.01645575036339148,0.0166332673890875,0.017711051761876772,0.7781972393430395,0.3967479399842358,0.050482070343779564,0.4843117555807353,0.01645575036339148,0.0166332673890875,0.017711051761876772,0.7781972393430395,0.3967479399842358
2.9442055462486177e-17,0.4808252548079149,1.6299604824970625e-50,6.744350303044496e-112,1.2633716386935257e-152,0.7362842297756733,0.47938750329717633,2.9442055462486177e-17,0.4808252548079149,1.6299604824970625e-50,6.744350303044496e-112,1.2633716386935257e-152,0.7362842297756733,0.47938750329717633
0.1183902392023892,0.3865044055051134,7.021287333945545e-45,1.3878549675382276e-134,0.059522528810557175,0.8289733353353218,0.38482635980451096,0.1183902392023892,0.3865044055051134,7.021287333945545e-45,1.3878549675382276e-134,0.059522528810557175,0.8289733353353218,0.38482635980451096
2.4407527526806655e-17,0.39860517405998414,0.18238717692712614,0.0566286671514033,0.00005043901268932174,0.8030625721787451,0.40202586834011084,2.4407527526806655e-17,0.39860517405998414,0.18238717692712614,0.0566286671514033,0.00005043901268932174,0.8030625721787451,0.40202586834011084
0.10124185571229764,0.41314616267230725,0.04571799246754758,0.017807044683173897,0.016407217350141272,0.8068131336479029,0.4078364748323621,0.10124185571229764,0.41314616267230725,0.04571799246754758,0.017807044683173897,0.016407217350141272,0.8068131336479029,0.4078364748323621
0.12062955279757767,0.3940829258713244,0.06205945057770179,2.0382637087070717e-72,0.0,0.7890787323984733,0.45512715555568406,0.12062955279757767,0.3940829258713244,0.06205945057770179,2.0382637087070717e-72,0.0,0.7890787323984733,0.45512715555568406
0.018262474828184355,0.5144697016322085,0.01848788599487187,0.015155364028847939,0.015214624407461349,0.7667340522064137,0.3980628930944713,0.018262474828184355,0.5144697016322085,0.01848788599487187,0.015155364028847939,0.015214624407461349,0.7667340522064137,0.3980628930944713
0.01616305313366062,0.43348590808916326,0.04592266300714722,0.01646363720891512,0.04602213987718489,0.7888775329093041,0.4330435721885027,0.01616305313366062,0.43348590808916326,0.04592266300714722,0.01646363720891512,0.04602213987718489,0.7888775329093041,0.4330435721885027
0.0004318688108957789,0.40175922181818713,0.06073175819913094,0.00003526526076367438,0.18357079751821026,0.8064760677469998,0.401759560477365,0.0004318688108957789,0.40175922181818713,0.06073175819913094,0.00003526526076367438,0.18357079751821026,0.8064760677469998,0.401759560477365
