f_1,f_2,f_3,f_4,f_5,f_6,f_7,f_1_min,f_2_min,f_3_min,f_4_min,f_5_min,f_6_min,f_7_min
0.057532667869828226,0.03624086714225555,0.05757397515964088,0.038079735585377125,0.11680234786660523,0.03214665489604042,0.16165096293285486,0.057532667869828226,0.03624086714225555,0.05757397515964088,0.038079735585377125,0.11680234786660523,0.03214665489604042,0.16165096293285486
0.06537503804057189,0.025881264015799488,0.02465951564956186,0.06747456635038979,0.1470119021256465,0.022901551020386584,0.1469280299461918,0.06537503804057189,0.025881264015799488,0.02465951564956186,0.06747456635038979,0.1470119021256465,0.022901551020386584,0.1469280299461918
0.0358701504044051,0.036712087194261465,0.03624084124639943,0.05749102493539484,0.1380803095985021,0.0751968165233641,0.12041093764719057,0.0358701504044051,0.036712087194261465,0.03624084124639943,0.05749102493539484,0.1380803095985021,0.0751968165233641,0.12041093764719057
0.05741655909494096,0.035639089987234196,0.034379606344031394,0.037745508533545115,0.1604712051130959,0.05429603858502154,0.1200696154560324,0.05741655909494096,0.035639089987234196,0.034379606344031394,0.037745508533545115,0.1604712051130959,0.05429603858502154,0.1200696154560324
0.10752412725414241,0.024325250309423688,0.06567454133477658,0.02672789973688263,0.10499381547648128,0.02340372599099358,0.14736725012076315,0.10752412725414241,0.024325250309423688,0.06567454133477658,0.02672789973688263,0.10499381547648128,0.02340372599099358,0.14736725012076315
0.024498608457550208,0.025204921747191394,0.06573526956768463,0.026495579220423237,0.1485731308853943,0.10300263202521025,0.1065019518908675,0.024498608457550208,0.025204921747191394,0.06573526956768463,0.026495579220423237,0.1485731308853943,0.10300263202521025,0.1065019518908675
0.03413958951887723,0.036173499089257634,0.035390520947849446,0.06068721436280939,0.1604119457486146,0.05342578691120316,0.11980663335431171,0.03413958951887723,0.036173499089257634,0.035390520947849446,0.06068721436280939,0.1604119457486146,0.05342578691120316,0.11980663335431171
0.03564893629551933,0.05797959208542795,0.057808588462498485,0.05633730551028756,0.11864064007663652,0.032887671492607636,0.14070623095666113,0.03564893629551933,0.05797959208542795,0.057808588462498485,0.05633730551028756,0.11864064007663652,0.032887671492607636,0.14070623095666113
0.03508087515501781,0.03552641719256718,0.035345689849785096,0.07895462080669517,0.11912732176723856,0.07531084751567076,0.12065539283160479,0.03508087515501781,0.03552641719256718,0.035345689849785096,0.07895462080669517,0.11912732176723856,0.07531084751567076,0.12065539283160479
0.10773760696424887,0.024935248350288427,0.024532449763490397,0.026063066755827858,0.18894562493598366,0.020674847697271202,0.10711446563179568,0.10773760696424887,0.024935248350288427,0.024532449763490397,0.026063066755827858,0.18894562493598366,0.020674847697271202,0.10711446563179568
0.02458721273211962,0.06709312675804197,0.06618241239310176,0.06656983637314146,0.14603892266136656,0.022871009343700566,0.10668595834449039,0.02458721273211962,0.06709312675804197,0.06618241239310176,0.06656983637314146,0.14603892266136656,0.022871009343700566,0.10668595834449039
0.03668521388258878,0.03761430882424771,0.03706788896965942,0.07885451020743289,0.13689208841366854,0.034120126591679144,0.1387666427690614,0.03668521388258878,0.03761430882424771,0.03706788896965942,0.07885451020743289,0.13689208841366854,0.034120126591679144,0.1387666427690614
0.06507703252747729,0.06590804424509562,0.025275032430242074,0.025525446512088518,0.1068440738719819,0.06190845246458399,0.1494914749149161,0.06507703252747729,0.06590804424509562,0.025275032430242074,0.025525446512088518,0.1068440738719819,0.06190845246458399,0.1494914749149161
0.03678613201593417,0.03692810444455495,0.07778008178846095,0.05822429404021609,0.11644550887614624,0.05373918421878594,0.12012422732308248,0.03678613201593417,0.03692810444455495,0.07778008178846095,0.05822429404021609,0.11644550887614624,0.05373918421878594,0.12012422732308248
0.06470982584323717,0.024808034874834742,0.023158445010933466,0.025907718873061418,0.10587485230383366,0.10521131891008696,0.1503462508578576,0.06470982584323717,0.024808034874834742,0.023158445010933466,0.025907718873061418,0.10587485230383366,0.10521131891008696,0.1503462508578576
0.1081927993355427,0.022216594670366,0.02433676565259136,0.027045506389098497,0.145784286657662,0.022551301568566374,0.14990000934007291,0.1081927993355427,0.022216594670366,0.02433676565259136,0.027045506389098497,0.145784286657662,0.022551301568566374,0.14990000934007291
0.023520577365805883,0.024596876797786726,0.10687729443687144,0.06796222913217649,0.14626299742757687,0.022344441294709125,0.10845016795057899,0.023520577365805883,0.024596876797786726,0.10687729443687144,0.06796222913217649,0.14626299742757687,0.022344441294709125,0.10845016795057899
0.056745719649300974,0.05723287324584642,0.03640761153185217,0.03741475027554945,0.11768232867190377,0.07476919400861114,0.1197484924694899,0.056745719649300974,0.05723287324584642,0.03640761153185217,0.03741475027554945,0.11768232867190377,0.07476919400861114,0.1197484924694899
0.07759088270166643,0.056580573176548736,0.03622040367443118,0.037643900630775905,0.11761047073568495,0.05514867389030565,0.11924379875995879,0.07759088270166643,0.056580573176548736,0.03622040367443118,0.037643900630775905,0.11761047073568495,0.05514867389030565,0.11924379875995879
0.035723133539966395,0.05753205492074209,0.037506154650371264,0.039081643933560443,0.11619308038866845,0.09493306866006179,0.11905482024603067,0.035723133539966395,0.05753205492074209,0.037506154650371264,0.039081643933560443,0.11619308038866845,0.09493306866006179,0.11905482024603067
0.09814780057004574,0.036345965592529214,0.035910373022041156,0.05847935653188324,0.11696027645710265,0.0349169554660702,0.11926872733190075,0.09814780057004574,0.036345965592529214,0.035910373022041156,0.05847935653188324,0.11696027645710265,0.0349169554660702,0.11926872733190075
0.02226188431419782,0.14992024498494846,0.025610013973863265,0.026235651233278125,0.10484866410825626,0.021939271860768075,0.14921334642442036,0.02226188431419782,0.14992024498494846,0.025610013973863265,0.026235651233278125,0.10484866410825626,0.021939271860768075,0.14921334642442036
0.10771399235721159,0.06679445471274612,0.022195987629976856,0.02673680579753425,0.14838428151072225,0.02108832789557074,0.10712777812881481,0.10771399235721159,0.06679445471274612,0.022195987629976856,0.02673680579753425,0.14838428151072225,0.02108832789557074,0.10712777812881481
0.07852332118000588,0.056745704866573196,0.03558594510621057,0.058712390629388024,0.11731839315313335,0.034802273159856956,0.1183404645653741,0.07852332118000588,0.056745704866573196,0.03558594510621057,0.058712390629388024,0.11731839315313335,0.034802273159856956,0.1183404645653741
0.024112987658975574,0.0673462291469807,0.02433434104391773,0.025855357520231114,0.10602342315683355,0.14517722254433327,0.10717474149606436,0.024112987658975574,0.0673462291469807,0.02433434104391773,0.025855357520231114,0.10602342315683355,0.14517722254433327,0.10717474149606436
0.0662371056715882,0.025244198800997025,0.0237521884054878,0.06812659621189436,0.10606076398475087,0.06315178030586818,0.14745409053738096,0.0662371056715882,0.025244198800997025,0.0237521884054878,0.06812659621189436,0.10606076398475087,0.06315178030586818,0.14745409053738096
0.056759492850568916,0.03779526998324942,0.07752838543497008,0.05767117154646625,0.11714575595255655,0.0337190150065787,0.11940474415786016,0.056759492850568916,0.03779526998324942,0.07752838543497008,0.05767117154646625,0.11714575595255655,0.0337190150065787,0.11940474415786016
0.03450320737158924,0.03567465247320585,0.03684777698164805,0.03750614961307269,0.158872474203213,0.03497494533483705,0.1616628003255811,0.03450320737158924,0.03567465247320585,0.03684777698164805,0.03750614961307269,0.158872474203213,0.03497494533483705,0.1616628003255811
0.03551214436734073,0.035866319998190364,0.07789089674083642,0.03921440022963584,0.11666662730707716,0.034267402621164796,0.16077316700810496,0.03551214436734073,0.035866319998190364,0.07789089674083642,0.03921440022963584,0.11666662730707716,0.034267402621164796,0.16077316700810496
0.10355996521681529,0.02348485107552743,0.02793445610114806,0.02590982745953182,0.10581838214787362,0.1058284283568459,0.10749160906863998,0.10355996521681529,0.02348485107552743,0.02793445610114806,0.02590982745953182,0.10581838214787362,0.1058284283568459,0.10749160906863998
0.022995756647357375,0.06590736039498263,0.024109402020739402,0.02641220548591916,0.1044745848963958,0.022998063051313824,0.23310729177390602,0.022995756647357375,0.06590736039498263,0.024109402020739402,0.02641220548591916,0.1044745848963958,0.022998063051313824,0.23310729177390602
0.02466961924806515,0.02465241373394888,0.06634880942807622,0.02579935398449398,0.10600768191986573,0.14649590183740965,0.10793432328774771,0.02466961924806515,0.02465241373394888,0.06634880942807622,0.02579935398449398,0.10600768191986573,0.14649590183740965,0.10793432328774771
0.07788994262466137,0.05661340316342625,0.034796059719092054,0.03888002832201792,0.11750744997084732,0.03365926925187143,0.14065617076286868,0.07788994262466137,0.05661340316342625,0.034796059719092054,0.03888002832201792,0.11750744997084732,0.03365926925187143,0.14065617076286868
0.06556132438880281,0.02494901149696561,0.02533424361862214,0.026212600410299828,0.18766748766410282,0.06343474920308141,0.10687357596457135,0.06556132438880281,0.02494901149696561,0.02533424361862214,0.026212600410299828,0.18766748766410282,0.06343474920308141,0.10687357596457135
0.02514728434770972,0.06655880709892403,0.024472586754384622,0.02711239605441232,0.14762514548135408,0.01809308518699868,0.1910188693384731,0.02514728434770972,0.06655880709892403,0.024472586754384622,0.02711239605441232,0.14762514548135408,0.01809308518699868,0.1910188693384731
0.027368771507225505,0.06389345822378321,0.10657140962799005,0.026514200253286546,0.1433811068426618,0.025952519100539,0.10633891160886973,0.027368771507225505,0.06389345822378321,0.10657140962799005,0.026514200253286546,0.1433811068426618,0.025952519100539,0.10633891160886973
0.03629622471494906,0.03625537269954997,0.03621176670668037,0.059035348054505776,0.18012848357469774,0.03342784153661325,0.11867444638361992,0.03629622471494906,0.03625537269954997,0.03621176670668037,0.059035348054505776,0.18012848357469774,0.03342784153661325,0.11867444638361992
0.05663694681864222,0.03546048276673972,0.03655127197246773,0.05974731666242324,0.158916565814049,0.033399906981489355,0.11932067019192405,0.05663694681864222,0.03546048276673972,0.03655127197246773,0.05974731666242324,0.158916565814049,0.033399906981489355,0.11932067019192405
0.023236421168503572,0.024170207230705214,0.024331676402529475,0.06782609230022912,0.14688563838866528,0.02141486184250691,0.19214860032283115,0.023236421168503572,0.024170207230705214,0.024331676402529475,0.06782609230022912,0.14688563838866528,0.02141486184250691,0.19214860032283115
0.07845440378419682,0.0368341048256533,0.03729498912713171,0.057541672905846,0.11797470570022743,0.03258089496412408,0.13941205128336792,0.07845440378419682,0.0368341048256533,0.03729498912713171,0.057541672905846,0.11797470570022743,0.03258089496412408,0.13941205128336792
0.027025777195185355,0.06717700016594487,0.026705082367689075,0.06629517720760152,0.14502149642134493,0.06290859969487177,0.10487339755688233,0.027025777195185355,0.06717700016594487,0.026705082367689075,0.06629517720760152,0.14502149642134493,0.06290859969487177,0.10487339755688233
0.03842107294221411,0.05541118277822035,0.03511322291165791,0.05937270690302719,0.13869846634449984,0.03372465161604445,0.13926016257413498,0.03842107294221411,0.05541118277822035,0.03511322291165791,0.05937270690302719,0.13869846634449984,0.03372465161604445,0.13926016257413498
0.03472377354183998,0.034655472961042245,0.03410687214115206,0.03502570596630903,0.11983499835069758,0.07924894316568325,0.16255646231019846,0.03472377354183998,0.034655472961042245,0.03410687214115206,0.03502570596630903,0.11983499835069758,0.07924894316568325,0.16255646231019846
0.03548172787725075,0.058236005074378615,0.05717172635392319,0.03741773656781843,0.1177775733969634,0.07508514210444997,0.118855022447911,0.03548172787725075,0.058236005074378615,0.05717172635392319,0.03741773656781843,0.1177775733969634,0.07508514210444997,0.118855022447911
0.035817571866873225,0.077669709844706,0.03604064824734304,0.03791920736827095,0.15958846589261586,0.033068666019315775,0.11992340204103127,0.035817571866873225,0.077669709844706,0.03604064824734304,0.03791920736827095,0.15958846589261586,0.033068666019315775,0.11992340204103127
0.06576919338920713,0.0662170816271815,0.02574982755855229,0.10918935931745666,0.10575233153040192,0.0218804009973411,0.10546005214562883,0.06576919338920713,0.0662170816271815,0.02574982755855229,0.10918935931745666,0.10575233153040192,0.0218804009973411,0.10546005214562883
0.023410648990924838,0.0656772580082274,0.023649625700253862,0.026428549908218874,0.18983177645898056,0.06334609569772644,0.10765931975450192,0.023410648990924838,0.0656772580082274,0.023649625700253862,0.026428549908218874,0.18983177645898056,0.06334609569772644,0.10765931975450192
0.05730139692664469,0.036014539233490565,0.03588042526125693,0.0377601846752518,0.13928982047880908,0.07633556333787402,0.11745310317976608,0.05730139692664469,0.036014539233490565,0.03588042526125693,0.0377601846752518,0.13928982047880908,0.07633556333787402,0.11745310317976608
0.03636127070186904,0.0371454980598312,0.11898164662825754,0.03779582145987096,0.11741459614771849,0.03364367913685281,0.11869064386794363,0.03636127070186904,0.0371454980598312,0.11898164662825754,0.03779582145987096,0.11741459614771849,0.03364367913685281,0.11869064386794363
0.024490866011415348,0.02464051383165263,0.02426192740256537,0.026223331114107705,0.27129094805059756,0.021133126474418232,0.1079803967072287,0.024490866011415348,0.02464051383165263,0.02426192740256537,0.026223331114107705,0.27129094805059756,0.021133126474418232,0.1079803967072287
0.05571570282556711,0.036964243174938106,0.05675426583753878,0.03720913018646342,0.16044016314231824,0.0337080317385662,0.11921279560713469,0.05571570282556711,0.036964243174938106,0.05675426583753878,0.03720913018646342,0.16044016314231824,0.0337080317385662,0.11921279560713469
0.024161106541053533,0.025291428005302156,0.06742073159625699,0.14888250164925876,0.10471847939007307,0.023519313631489965,0.10601006782635414,0.024161106541053533,0.025291428005302156,0.06742073159625699,0.14888250164925876,0.10471847939007307,0.023519313631489965,0.10601006782635414
0.1084681757649734,0.022270088376114945,0.024027848896124568,0.026441817481943672,0.10739859154583462,0.06256269089157597,0.14885806128474272,0.1084681757649734,0.022270088376114945,0.024027848896124568,0.026441817481943672,0.10739859154583462,0.06256269089157597,0.14885806128474272
0.06924055048657228,0.10584488735177493,0.026406210729148144,0.06431424377785899,0.10470740598697562,0.023544321540463244,0.1059705734093157,0.06924055048657228,0.10584488735177493,0.026406210729148144,0.06431424377785899,0.10470740598697562,0.023544321540463244,0.1059705734093157
0.09834867275717858,0.03595112370908067,0.03547406513920226,0.03906305616335122,0.11759547623358006,0.03416232856491869,0.13942987913460864,0.09834867275717858,0.03595112370908067,0.03547406513920226,0.03906305616335122,0.11759547623358006,0.03416232856491869,0.13942987913460864
0.02419379189430382,0.06595379990872875,0.024307216155170844,0.06641630121727864,0.10684353555572496,0.10378684368974249,0.10849950198773889,0.02419379189430382,0.06595379990872875,0.024307216155170844,0.06641630121727864,0.10684353555572496,0.10378684368974249,0.10849950198773889
0.14848718510566244,0.027245075831592233,0.06602524082180275,0.022057398308606656,0.10699645105121638,0.023010610955522082,0.10621353282572767,0.14848718510566244,0.027245075831592233,0.06602524082180275,0.022057398308606656,0.10699645105121638,0.023010610955522082,0.10621353282572767
0.024542542395109414,0.025944776153482244,0.06646411283618496,0.025962964283410103,0.22807504351061103,0.022022606318723915,0.10699353869460926,0.024542542395109414,0.025944776153482244,0.06646411283618496,0.025962964283410103,0.22807504351061103,0.022022606318723915,0.10699353869460926
0.02503636970301332,0.025343350866790904,0.028610489020383344,0.026346825288008937,0.14432255837347352,0.02466473961717021,0.22567699723252216,0.02503636970301332,0.025343350866790904,0.028610489020383344,0.026346825288008937,0.14432255837347352,0.02466473961717021,0.22567699723252216
0.035996034256844486,0.07908692271486517,0.03767626031900229,0.05833642545519018,0.1171931020850844,0.03293478518277174,0.13878552292095475,0.035996034256844486,0.07908692271486517,0.03767626031900229,0.05833642545519018,0.1171931020850844,0.03293478518277174,0.13878552292095475
0.06698768794156451,0.024432164050457505,0.15001827678247376,0.02701571592475922,0.10354266760989671,0.02056515542457286,0.10744180167068362,0.06698768794156451,0.024432164050457505,0.15001827678247376,0.02701571592475922,0.10354266760989671,0.02056515542457286,0.10744180167068362
0.031746124040310575,0.057383196927652404,0.03991726940776786,0.07927041335196636,0.1176742345097732,0.03373706345985937,0.14028268247228853,0.031746124040310575,0.057383196927652404,0.03991726940776786,0.07927041335196636,0.1176742345097732,0.03373706345985937,0.14028268247228853
0.037344311499542614,0.03710785173222394,0.037339370243595994,0.034616217924663975,0.13860790819096616,0.09527134648838638,0.11993972900581683,0.037344311499542614,0.03710785173222394,0.037339370243595994,0.034616217924663975,0.13860790819096616,0.09527134648838638,0.11993972900581683
0.024218156959751033,0.1073418995003834,0.06479658400838641,0.02713673117133249,0.1049521424436393,0.06384841336550218,0.10771977016431546,0.024218156959751033,0.1073418995003834,0.06479658400838641,0.02713673117133249,0.1049521424436393,0.06384841336550218,0.10771977016431546
0.06720044257446575,0.024482976456491414,0.024011743746288998,0.06812749142557767,0.18741555278275907,0.02133400843006199,0.10744988950074127,0.06720044257446575,0.024482976456491414,0.024011743746288998,0.06812749142557767,0.18741555278275907,0.02133400843006199,0.10744988950074127
0.1497211284704085,0.02742598144123762,0.02028182128215008,0.06755726147637857,0.10551873370211329,0.021826292262066855,0.10770171631023888,0.1497211284704085,0.02742598144123762,0.02028182128215008,0.06755726147637857,0.10551873370211329,0.021826292262066855,0.10770171631023888
0.023659485982963326,0.024720549422554805,0.06643342096067492,0.02599613683486768,0.10536455304398795,0.10594527000778306,0.14788627243651,0.023659485982963326,0.024720549422554805,0.06643342096067492,0.02599613683486768,0.10536455304398795,0.10594527000778306,0.14788627243651
0.05622209834314756,0.07906142735927012,0.056908673228368734,0.03806157717341841,0.11680384773506229,0.03203517192974677,0.12092180027917845,0.05622209834314756,0.07906142735927012,0.056908673228368734,0.03806157717341841,0.11680384773506229,0.03203517192974677,0.12092180027917845
0.024048365202810812,0.025126868815147127,0.06802453919777843,0.026022355903874247,0.144710578590204,0.06418949787542957,0.14788744392536865,0.024048365202810812,0.025126868815147127,0.06802453919777843,0.026022355903874247,0.144710578590204,0.06418949787542957,0.14788744392536865
0.03641673137661246,0.03699151731583009,0.037182004476392125,0.03745373562382021,0.17908382127851488,0.03304332771582713,0.13986734039160198,0.03641673137661246,0.03699151731583009,0.037182004476392125,0.03745373562382021,0.17908382127851488,0.03304332771582713,0.13986734039160198
0.037472481155847503,0.0779435075406171,0.05757695439877797,0.03671747398603807,0.13910572917193387,0.03268416147593956,0.11851395479458572,0.037472481155847503,0.0779435075406171,0.05757695439877797,0.03671747398603807,0.13910572917193387,0.03268416147593956,0.11851395479458572
0.06611669805012058,0.06696702768665647,0.10661760123224286,0.026838900652661795,0.10503410234500249,0.022104129284207193,0.10635606689189785,0.06611669805012058,0.06696702768665647,0.10661760123224286,0.026838900652661795,0.10503410234500249,0.022104129284207193,0.10635606689189785
0.03620236230398049,0.03591442204206158,0.058173134285237196,0.03959068516196043,0.1790612501204219,0.03194653117840547,0.1191432005378667,0.03620236230398049,0.03591442204206158,0.058173134285237196,0.03959068516196043,0.1790612501204219,0.03194653117840547,0.1191432005378667
0.024323079244732006,0.10823115523223963,0.025997903906951742,0.10841812576274122,0.10564079751373912,0.021876483088235033,0.10556211546086142,0.024323079244732006,0.10823115523223963,0.025997903906951742,0.10841812576274122,0.10564079751373912,0.021876483088235033,0.10556211546086142
0.06668947023494945,0.06644339315697016,0.02409763216062155,0.06788267771737312,0.10569053491356842,0.06283774021872666,0.10638364232297705,0.06668947023494945,0.06644339315697016,0.02409763216062155,0.06788267771737312,0.10569053491356842,0.06283774021872666,0.10638364232297705
0.10726631610828558,0.024737693267379207,0.067726783509433,0.06686545525789991,0.10400262039356455,0.023059699714269473,0.10637270780140522,0.10726631610828558,0.024737693267379207,0.067726783509433,0.06686545525789991,0.10400262039356455,0.023059699714269473,0.10637270780140522
0.023389690512573422,0.024531127777847286,0.10813972096554546,0.025200698477372555,0.1480510889415386,0.06308665279261286,0.1078514159021485,0.023389690512573422,0.024531127777847286,0.10813972096554546,0.025200698477372555,0.1480510889415386,0.06308665279261286,0.1078514159021485
0.055853017821835924,0.03696729730058331,0.05667162315179785,0.05856610742440421,0.1182757185899782,0.054972204359070416,0.11872518072132536,0.055853017821835924,0.03696729730058331,0.05667162315179785,0.05856610742440421,0.1182757185899782,0.054972204359070416,0.11872518072132536
0.06333697342776566,0.06705406624649231,0.02533505468736747,0.025913381951682565,0.10549025083418045,0.020804938954014023,0.19206962480066447,0.06333697342776566,0.06705406624649231,0.02533505468736747,0.025913381951682565,0.10549025083418045,0.020804938954014023,0.19206962480066447
0.03678060278014851,0.03537287028853314,0.036401982224574345,0.10073014697086138,0.11748071492828452,0.03210391270306834,0.14116251287862183,0.03678060278014851,0.03537287028853314,0.036401982224574345,0.10073014697086138,0.11748071492828452,0.03210391270306834,0.14116251287862183
0.035343735044230315,0.0787685995999198,0.0360265530301637,0.037429268718983125,0.13818286976951227,0.03340842297327357,0.14086549711276164,0.035343735044230315,0.0787685995999198,0.0360265530301637,0.037429268718983125,0.13818286976951227,0.03340842297327357,0.14086549711276164
0.07807918405291697,0.036589150394632834,0.03612939800569168,0.038245307996533424,0.15866845035989754,0.03291169264435712,0.11940237141956543,0.07807918405291697,0.036589150394632834,0.03612939800569168,0.038245307996533424,0.15866845035989754,0.03291169264435712,0.11940237141956543
0.03630050491933693,0.03572598609745209,0.057767289256008804,0.07877601426116004,0.13918267265672082,0.03297736772352122,0.1192992359726978,0.03630050491933693,0.03572598609745209,0.057767289256008804,0.07877601426116004,0.13918267265672082,0.03297736772352122,0.1192992359726978
0.03632717112927789,0.03646624818555118,0.03634165478406633,0.07954943039904842,0.13872132933465317,0.053943666864004,0.11867818546933662,0.03632717112927789,0.03646624818555118,0.03634165478406633,0.07954943039904842,0.13872132933465317,0.053943666864004,0.11867818546933662
0.06631164618084512,0.065047337440855,0.023986682506367426,0.06983112405104407,0.10548138885403947,0.022177743020721837,0.14719084064875887,0.06631164618084512,0.065047337440855,0.023986682506367426,0.06983112405104407,0.10548138885403947,0.022177743020721837,0.14719084064875887
0.15084844237512499,0.02363289279667581,0.025597149536685005,0.02755083523287244,0.10373522625840433,0.021654513533326734,0.14698388007273172,0.15084844237512499,0.02363289279667581,0.025597149536685005,0.02755083523287244,0.10373522625840433,0.021654513533326734,0.14698388007273172
0.0,0.5000000235664821,0.0,0.0,0.0,0.0,0.0,0.0,0.5000000235664821,0.0,0.0,0.0,0.0,0.0
0.02370485791334341,0.06581509613774685,0.024255985478923988,0.025287183989751348,0.10445277105125829,0.062480754282999505,0.1940088888351727,0.02370485791334341,0.06581509613774685,0.024255985478923988,0.025287183989751348,0.10445277105125829,0.062480754282999505,0.1940088888351727
0.06765595362781444,0.023253715353730747,0.025450280482646855,0.025055515605452255,0.10610741681774596,0.1462829964136622,0.10744043072133218,0.06765595362781444,0.023253715353730747,0.025450280482646855,0.025055515605452255,0.10610741681774596,0.1462829964136622,0.10744043072133218
0.024859144829829604,0.0652190618518571,0.06561501154454293,0.025329877735090232,0.1467136804634043,0.02256237315110186,0.14970528300487645,0.024859144829829604,0.0652190618518571,0.06561501154454293,0.025329877735090232,0.1467136804634043,0.02256237315110186,0.14970528300487645
0.05530649982046429,0.036755638297248476,0.0567575292476535,0.03728071395843486,0.11960088311219597,0.0758092886914924,0.11849185572740384,0.05530649982046429,0.036755638297248476,0.0567575292476535,0.03728071395843486,0.11960088311219597,0.0758092886914924,0.11849185572740384
0.035733022798263736,0.03691861943780614,0.05886198287215457,0.07935612010777221,0.11531815869069886,0.034525435061032034,0.1393082193259116,0.035733022798263736,0.03691861943780614,0.05886198287215457,0.07935612010777221,0.11531815869069886,0.034525435061032034,0.1393082193259116
0.07771458797791392,0.03646386358403256,0.07761941488182973,0.03787332322574577,0.11774891332791862,0.03321229691726,0.1193842981890436,0.07771458797791392,0.03646386358403256,0.07761941488182973,0.03787332322574577,0.11774891332791862,0.03321229691726,0.1193842981890436
0.05691587996130588,0.05800417180657549,0.05755060653799582,0.03679280023242886,0.13880925131978214,0.03368528404123501,0.11827384418249222,0.05691587996130588,0.05800417180657549,0.05755060653799582,0.03679280023242886,0.13880925131978214,0.03368528404123501,0.11827384418249222
0.03555779622474177,0.07733799482077353,0.03666437663802957,0.059950162395198875,0.13721532222844504,0.03376699653078923,0.11953366821637991,0.03555779622474177,0.07733799482077353,0.03666437663802957,0.059950162395198875,0.13721532222844504,0.03376699653078923,0.11953366821637991
0.05742971068675242,0.037439077201276656,0.0365762852574229,0.03856676919385637,0.1161464908729879,0.033695518144519016,0.18018316882041954,0.05742971068675242,0.037439077201276656,0.0365762852574229,0.03856676919385637,0.1161464908729879,0.033695518144519016,0.18018316882041954
0.021806424368912166,0.10678446335346917,0.025493074736298804,0.02539449969944442,0.10803656108150962,0.10520748283910264,0.10730973435363146,0.021806424368912166,0.10678446335346917,0.025493074736298804,0.02539449969944442,0.10803656108150962,0.10520748283910264,0.10730973435363146
0.03567302750215985,0.037033147648443135,0.05778774591687429,0.0593709425675078,0.11732937513599993,0.03041140543033607,0.16243030200864306,0.03567302750215985,0.037033147648443135,0.05778774591687429,0.0593709425675078,0.11732937513599993,0.03041140543033607,0.16243030200864306
0.03468192713481955,0.12152171203320507,0.03623451521530176,0.03705513002304855,0.11618345361293171,0.03388230009078941,0.12044489732463758,0.03468192713481955,0.12152171203320507,0.03623451521530176,0.03705513002304855,0.11618345361293171,0.03388230009078941,0.12044489732463758
0.03659597574609752,0.03726122072761768,0.07714466162858086,0.07916693359276565,0.11701611408243473,0.03273858145544097,0.12007955826842483,0.03659597574609752,0.03726122072761768,0.07714466162858086,0.07916693359276565,0.11701611408243473,0.03273858145544097,0.12007955826842483
0.03643797456887848,0.07817344464044171,0.035418720910539186,0.038289695266369675,0.11832964856272007,0.031430896022562,0.1619307825980242,0.03643797456887848,0.07817344464044171,0.035418720910539186,0.038289695266369675,0.11832964856272007,0.031430896022562,0.1619307825980242
0.5000019351405811,0.0,0.0,0.0,0.0,0.0,0.0,0.5000019351405811,0.0,0.0,0.0,0.0,0.0,0.0
0.036408062145150744,0.07728928855552081,0.035893494009189585,0.03818978281022822,0.13829289363798966,0.0543112727943794,0.11962038227321188,0.036408062145150744,0.07728928855552081,0.035893494009189585,0.03818978281022822,0.13829289363798966,0.0543112727943794,0.11962038227321188
0.02448513561134858,0.024630850282365353,0.025982843532758537,0.025907961229467136,0.10514607822730353,0.020155762311040926,0.2736955436682161,0.02448513561134858,0.024630850282365353,0.025982843532758537,0.025907961229467136,0.10514607822730353,0.020155762311040926,0.2736955436682161
0.03657079982649994,0.05805816583086944,0.05765697036825497,0.056338018648125356,0.13867231735325136,0.03482414667214836,0.11791659887718813,0.03657079982649994,0.05805816583086944,0.05765697036825497,0.056338018648125356,0.13867231735325136,0.03482414667214836,0.11791659887718813
0.03661292116421606,0.05623307177611878,0.03488502639783662,0.057463002680237324,0.16064294500631238,0.033493193521579145,0.12068199807754074,0.03661292116421606,0.05623307177611878,0.03488502639783662,0.057463002680237324,0.16064294500631238,0.033493193521579145,0.12068199807754074
0.05596110002588861,0.07799429156215967,0.03522865860074918,0.03830488128705168,0.11726325250512373,0.033943024803234155,0.1413115019180535,0.05596110002588861,0.07799429156215967,0.03522865860074918,0.03830488128705168,0.11726325250512373,0.033943024803234155,0.1413115019180535
0.025276665433819002,0.02522729722947241,0.02502589454488453,0.026630955155879547,0.1878807077854517,0.10346234526351715,0.10650325072185701,0.025276665433819002,0.02522729722947241,0.02502589454488453,0.026630955155879547,0.1878807077854517,0.10346234526351715,0.10650325072185701
0.05815643183162444,0.07699253111236315,0.03600285152798835,0.05918789534897843,0.11746879683543181,0.03293290068678061,0.11928137575641788,0.05815643183162444,0.07699253111236315,0.03600285152798835,0.05918789534897843,0.11746879683543181,0.03293290068678061,0.11928137575641788
0.02395328125658481,0.025539794289550444,0.06360929328492354,0.026433204314672012,0.10470941908209877,0.02334532759161849,0.23327034333582958,0.02395328125658481,0.025539794289550444,0.06360929328492354,0.026433204314672012,0.10470941908209877,0.02334532759161849,0.23327034333582958
0.06580414509731611,0.025212531060061945,0.06582389188154879,0.025115415815346855,0.14705192754681473,0.06317030100531244,0.1078512562648801,0.06580414509731611,0.025212531060061945,0.06582389188154879,0.025115415815346855,0.14705192754681473,0.06317030100531244,0.1078512562648801
0.023742571579812913,0.024282780752152726,0.10833734483046611,0.027097292251256164,0.10603117382744119,0.061896719239028536,0.14863932776274566,0.023742571579812913,0.024282780752152726,0.10833734483046611,0.027097292251256164,0.10603117382744119,0.061896719239028536,0.14863932776274566
0.035292176490344204,0.056942791692598985,0.03709583389345775,0.037784613288089144,0.139404547674519,0.07441861793640697,0.11908550259954047,0.035292176490344204,0.056942791692598985,0.03709583389345775,0.037784613288089144,0.139404547674519,0.07441861793640697,0.11908550259954047
0.06333021375650398,0.06622819844596338,0.025380403135111026,0.0679377034675158,0.14683182109847775,0.022373996134838075,0.10793196150829203,0.06333021375650398,0.06622819844596338,0.025380403135111026,0.0679377034675158,0.14683182109847775,0.022373996134838075,0.10793196150829203
0.02505809828454088,0.06679259730967628,0.06563678147605528,0.06731379933189255,0.10398061729304989,0.0235815939554324,0.14767041247619175,0.02505809828454088,0.06679259730967628,0.06563678147605528,0.06731379933189255,0.10398061729304989,0.0235815939554324,0.14767041247619175
0.06664680530077877,0.06713192103653472,0.02362931073240321,0.02665306028256538,0.1459361347335035,0.022823657574328002,0.14722032118981904,0.06664680530077877,0.06713192103653472,0.02362931073240321,0.02665306028256538,0.1459361347335035,0.022823657574328002,0.14722032118981904
0.09919584536681217,0.03706467196713037,0.03556837689785969,0.037100389783539425,0.11726534004583251,0.05372404537925649,0.12011555480833762,0.09919584536681217,0.03706467196713037,0.03556837689785969,0.037100389783539425,0.11726534004583251,0.05372404537925649,0.12011555480833762
0.10719030290564857,0.02364635373382374,0.023687986759936004,0.06673600669683206,0.10785905996863354,0.06333477293285011,0.10754813515499281,0.10719030290564857,0.02364635373382374,0.023687986759936004,0.06673600669683206,0.10785905996863354,0.06333477293285011,0.10754813515499281
0.03624748189556656,0.03625638478073066,0.056846123266250194,0.037714934343822185,0.13957296708749617,0.03141808483387737,0.1619804613903068,0.03624748189556656,0.03625638478073066,0.056846123266250194,0.037714934343822185,0.13957296708749617,0.03141808483387737,0.1619804613903068
0.02612533090527282,0.026499308491813946,0.06629418400137768,0.02744561079166863,0.14379321491250216,0.02509992413152552,0.18475618558712156,0.02612533090527282,0.026499308491813946,0.06629418400137768,0.02744561079166863,0.14379321491250216,0.02509992413152552,0.18475618558712156
0.03567622787188786,0.09905287666368,0.03647598573757748,0.0380510557469573,0.11762847687734299,0.033070687564193055,0.14005025369163282,0.03567622787188786,0.09905287666368,0.03647598573757748,0.0380510557469573,0.11762847687734299,0.033070687564193055,0.14005025369163282
0.024675978699195567,0.0659534497865414,0.06527118577786702,0.02555379327707112,0.18828782003101033,0.022089883214194313,0.10819178173488216,0.024675978699195567,0.0659534497865414,0.06527118577786702,0.02555379327707112,0.18828782003101033,0.022089883214194313,0.10819178173488216
0.02435532656197258,0.024600650625751872,0.06637089305082593,0.06818180135732291,0.10592859746735234,0.06315536228307787,0.14746245415261433,0.02435532656197258,0.024600650625751872,0.06637089305082593,0.06818180135732291,0.10592859746735234,0.06315536228307787,0.14746245415261433
0.03599433657303266,0.058426654788908475,0.03655108965045584,0.0570146256214962,0.11796820303368168,0.054150995993346954,0.14101591000752603,0.03599433657303266,0.058426654788908475,0.03655108965045584,0.0570146256214962,0.11796820303368168,0.054150995993346954,0.14101591000752603
0.0,0.0,0.5000000305348191,0.0,0.0,0.0,0.0,0.0,0.0,0.5000000305348191,0.0,0.0,0.0,0.0
0.056366486766812926,0.035375594038361886,0.03653418423057614,0.05717372833359575,0.1176753145267994,0.07740805704211677,0.1195051720476062,0.056366486766812926,0.035375594038361886,0.03653418423057614,0.05717372833359575,0.1176753145267994,0.07740805704211677,0.1195051720476062
0.03607223305249401,0.037283323220704656,0.05830011781112794,0.03920214265703321,0.11701885061449518,0.07397082504818572,0.13815334658794629,0.03607223305249401,0.037283323220704656,0.05830011781112794,0.03920214265703321,0.11701885061449518,0.07397082504818572,0.13815334658794629
0.03601491586825778,0.05749606877628742,0.05646237295442357,0.03764612395276194,0.13824793640876806,0.03401643791095887,0.14014559703985224,0.03601491586825778,0.05749606877628742,0.05646237295442357,0.03764612395276194,0.13824793640876806,0.03401643791095887,0.14014559703985224
0.024590967510358077,0.02489424586629611,0.024944704873620844,0.06681905656012573,0.14736866405260352,0.10443392260216845,0.10716970674826788,0.024590967510358077,0.02489424586629611,0.024944704873620844,0.06681905656012573,0.14736866405260352,0.10443392260216845,0.10716970674826788
0.024491247236663627,0.06674988258807596,0.024595405044647425,0.06688986342989385,0.14664098009820417,0.023625315406688812,0.14700802005777353,0.024491247236663627,0.06674988258807596,0.024595405044647425,0.06688986342989385,0.14664098009820417,0.023625315406688812,0.14700802005777353
0.056829640804870935,0.03606985348349266,0.09839925453636071,0.03785386096144525,0.11825659872608812,0.03336934882620314,0.11924875321313715,0.056829640804870935,0.03606985348349266,0.09839925453636071,0.03785386096144525,0.11825659872608812,0.03336934882620314,0.11924875321313715
0.03597940296724977,0.036919642506979634,0.07696143613249028,0.05737171214080671,0.11962367605075636,0.03274441993866314,0.14043571084650175,0.03597940296724977,0.036919642506979634,0.07696143613249028,0.05737171214080671,0.11962367605075636,0.03274441993866314,0.14043571084650175
0.06656489103436974,0.0254991182052198,0.02520255378251915,0.026971480252960818,0.1470105292907387,0.06251041366943093,0.1462459563862729,0.06656489103436974,0.0254991182052198,0.02520255378251915,0.026971480252960818,0.1470105292907387,0.06251041366943093,0.1462459563862729
0.06625064708709029,0.025173035880142806,0.02404738733808348,0.10893010501427541,0.1060298351261361,0.021763013676760798,0.14780940910783336,0.06625064708709029,0.025173035880142806,0.02404738733808348,0.10893010501427541,0.1060298351261361,0.021763013676760798,0.14780940910783336
0.05753516695891615,0.03684250666212792,0.07707701002803302,0.03815684995053588,0.11638488616824925,0.03373991577584738,0.1402664618183657,0.05753516695891615,0.03684250666212792,0.07707701002803302,0.03815684995053588,0.11638488616824925,0.03373991577584738,0.1402664618183657
0.05636758737536226,0.057106571555977766,0.03636768884766699,0.059315936773579374,0.11831156002124847,0.053879496119518845,0.11868385159760957,0.05636758737536226,0.057106571555977766,0.03636768884766699,0.059315936773579374,0.11831156002124847,0.053879496119518845,0.11868385159760957
0.036477140030526406,0.05812691255589378,0.07782697712631206,0.0372863033900127,0.1384083613740972,0.03270417989629422,0.11919797887133003,0.036477140030526406,0.05812691255589378,0.07782697712631206,0.0372863033900127,0.1384083613740972,0.03270417989629422,0.11919797887133003
0.03622444856641286,0.05739742566513372,0.03581494601267242,0.03827938423878228,0.18003614272260807,0.032994281871215704,0.11925499473852381,0.03622444856641286,0.05739742566513372,0.03581494601267242,0.03827938423878228,0.18003614272260807,0.032994281871215704,0.11925499473852381
0.03398244662504616,0.07943094037681193,0.05770892725347237,0.03857747326834895,0.11773330969055094,0.05428156211277554,0.118325702402153,0.03398244662504616,0.07943094037681193,0.05770892725347237,0.03857747326834895,0.11773330969055094,0.05428156211277554,0.118325702402153
0.023754316584727982,0.02444151482060612,0.02533676391770925,0.0669116564265159,0.10552484976142108,0.10513186904014185,0.14890301680865345,0.023754316584727982,0.02444151482060612,0.02533676391770925,0.0669116564265159,0.10552484976142108,0.10513186904014185,0.14890301680865345
0.10890608629546075,0.02298849776624617,0.023892566633472473,0.027232016522990527,0.14680007325832156,0.06338912208448484,0.1068234194570188,0.10890608629546075,0.02298849776624617,0.023892566633472473,0.027232016522990527,0.14680007325832156,0.06338912208448484,0.1068234194570188
0.03572153513197544,0.03666963675608684,0.03611339511750623,0.10032795364172847,0.1385234003334987,0.03365723889287422,0.11901534245482745,0.03572153513197544,0.03666963675608684,0.03611339511750623,0.10032795364172847,0.1385234003334987,0.03365723889287422,0.11901534245482745
0.0655948039654734,0.06659108228874583,0.025138024052572643,0.02596331048129508,0.18778225775380847,0.021550364449765675,0.10741255554397093,0.0655948039654734,0.06659108228874583,0.025138024052572643,0.02596331048129508,0.18778225775380847,0.021550364449765675,0.10741255554397093
0.02604982079473791,0.10860208973813337,0.022197281591911224,0.025780684356749448,0.18971052054249005,0.020491654825664743,0.1071787571577357,0.02604982079473791,0.10860208973813337,0.022197281591911224,0.025780684356749448,0.18971052054249005,0.020491654825664743,0.1071787571577357
0.10802442694747215,0.02444255866171115,0.02492638879878343,0.027044236325697104,0.10604230315395338,0.020772777791896565,0.1887726820476056,0.10802442694747215,0.02444255866171115,0.02492638879878343,0.027044236325697104,0.10604230315395338,0.020772777791896565,0.1887726820476056
0.14831253184180268,0.028602284083234425,0.024059346220450747,0.02692418942571271,0.10407104758476841,0.06232195983925638,0.10573684512976571,0.14831253184180268,0.028602284083234425,0.024059346220450747,0.02692418942571271,0.10407104758476841,0.06232195983925638,0.10573684512976571
0.03718590961131761,0.036342816075364166,0.03678512722313538,0.12246423076285429,0.11492573814570708,0.03317940597655566,0.11914873787322267,0.03718590961131761,0.036342816075364166,0.03678512722313538,0.12246423076285429,0.11492573814570708,0.03317940597655566,0.11914873787322267
0.10600564486275768,0.0679595538155369,0.024991066791474545,0.026361865921180394,0.10588955251362506,0.02177810209921019,0.1478267266298342,0.10600564486275768,0.0679595538155369,0.024991066791474545,0.026361865921180394,0.10588955251362506,0.02177810209921019,0.1478267266298342
0.023130684414568035,0.02333009314294657,0.02312773352908129,0.06974545235041547,0.19015196962558203,0.0633162471269965,0.10723941784573755,0.023130684414568035,0.02333009314294657,0.02312773352908129,0.06974545235041547,0.19015196962558203,0.0633162471269965,0.10723941784573755
0.024229012032370545,0.024501738404983094,0.10898332192834397,0.06650465406725657,0.10620985342827276,0.06290794520661451,0.10669393539355623,0.024229012032370545,0.024501738404983094,0.10898332192834397,0.06650465406725657,0.10620985342827276,0.06290794520661451,0.10669393539355623
0.03552399603953704,0.07696118462573037,0.03662415408146085,0.05991249017748599,0.11762837330142369,0.05420812636787625,0.11916615860755231,0.03552399603953704,0.07696118462573037,0.03662415408146085,0.05991249017748599,0.11762837330142369,0.05420812636787625,0.11916615860755231
0.05783905721457502,0.036280993934994614,0.056536038123503794,0.037556966004851665,0.1378230239364852,0.055009520237009384,0.11896638225554024,0.05783905721457502,0.036280993934994614,0.056536038123503794,0.037556966004851665,0.1378230239364852,0.055009520237009384,0.11896638225554024
0.022069707851683672,0.022112794388732208,0.022997735084447826,0.11190207116974792,0.10762925432538939,0.06303245444402031,0.15026188057703865,0.022069707851683672,0.022112794388732208,0.022997735084447826,0.11190207116974792,0.10762925432538939,0.06303245444402031,0.15026188057703865
0.03671074410130954,0.05624230725597281,0.09800257496916832,0.03783678880391964,0.1180707165102413,0.03359520418449901,0.11957088665932165,0.03671074410130954,0.05624230725597281,0.09800257496916832,0.03783678880391964,0.1180707165102413,0.03359520418449901,0.11957088665932165
0.023638148902200062,0.023875087986081883,0.021781827660617467,0.0689978181016517,0.19091669266935543,0.021005722974888515,0.14985734881593205,0.023638148902200062,0.023875087986081883,0.021781827660617467,0.0689978181016517,0.19091669266935543,0.021005722974888515,0.14985734881593205
0.03694402666554011,0.036461970109086424,0.0763428441015583,0.03649575615601093,0.13813855251157195,0.03270558590056181,0.14293765191774369,0.03694402666554011,0.036461970109086424,0.0763428441015583,0.03649575615601093,0.13813855251157195,0.03270558590056181,0.14293765191774369
0.03600524964390699,0.03740712248519105,0.05692125624142272,0.03860365335490681,0.11654048169812332,0.054342859015104224,0.1601881912681759,0.03600524964390699,0.03740712248519105,0.05692125624142272,0.03860365335490681,0.11654048169812332,0.054342859015104224,0.1601881912681759
0.07857311227750935,0.03581012387611724,0.035342940355169626,0.037131630291898685,0.1376513101439382,0.05429383742673211,0.12120570369663068,0.07857311227750935,0.03581012387611724,0.035342940355169626,0.037131630291898685,0.1376513101439382,0.05429383742673211,0.12120570369663068
0.09866016973883801,0.036521697158318565,0.037091463332664915,0.03811662805730714,0.13772254565714373,0.03302627116313487,0.11886644016081006,0.09866016973883801,0.036521697158318565,0.037091463332664915,0.03811662805730714,0.13772254565714373,0.03302627116313487,0.11886644016081006
0.02224168975475268,0.023937268173185994,0.0663019983154521,0.10936253437228406,0.10748676667662355,0.020110155529726243,0.1505598650741703,0.02224168975475268,0.023937268173185994,0.0663019983154521,0.10936253437228406,0.10748676667662355,0.020110155529726243,0.1505598650741703
0.0256682811549159,0.19162401786087987,0.02654085918132154,0.02640592070030148,0.10454203742902658,0.0187952608799537,0.10643606810638132,0.0256682811549159,0.19162401786087987,0.02654085918132154,0.02640592070030148,0.10454203742902658,0.0187952608799537,0.10643606810638132
0.05660423930753698,0.05693483946321543,0.03696666419880677,0.05784104440735241,0.13778088992412932,0.03433424289507986,0.11954266051457886,0.05660423930753698,0.05693483946321543,0.03696666419880677,0.05784104440735241,0.13778088992412932,0.03433424289507986,0.11954266051457886
0.03552550489570264,0.05748030427826508,0.0361261436025447,0.1001310071986094,0.11767970333443059,0.03382685289348991,0.11926904128544856,0.03552550489570264,0.05748030427826508,0.0361261436025447,0.1001310071986094,0.11767970333443059,0.03382685289348991,0.11926904128544856
0.03628067361367808,0.03664835468254082,0.03670818759219056,0.037811772769381434,0.13846275555561113,0.05346001313777832,0.16082625037316986,0.03628067361367808,0.03664835468254082,0.03670818759219056,0.037811772769381434,0.13846275555561113,0.05346001313777832,0.16082625037316986
0.023343064288174245,0.023075905053418028,0.023324814007769236,0.1510945673265913,0.10662201679872262,0.02311096839092681,0.14945566454177434,0.023343064288174245,0.023075905053418028,0.023324814007769236,0.1510945673265913,0.10662201679872262,0.02311096839092681,0.14945566454177434
0.03669308499199592,0.03707642745096314,0.03680100046726406,0.07940314208551018,0.1587564517079492,0.03245360513861862,0.11882931149850468,0.03669308499199592,0.03707642745096314,0.03680100046726406,0.07940314208551018,0.1587564517079492,0.03245360513861862,0.11882931149850468
0.04054741717489285,0.057609643233957564,0.03507946707167427,0.03846609550836713,0.11503936565542655,0.0748122671519001,0.13845683938055886,0.04054741717489285,0.057609643233957564,0.03507946707167427,0.03846609550836713,0.11503936565542655,0.0748122671519001,0.13845683938055886
0.05580235490877389,0.07836871400582303,0.0361587427026341,0.03894435802963071,0.13869614234401204,0.033629322263140055,0.11843017013050214,0.05580235490877389,0.07836871400582303,0.0361587427026341,0.03894435802963071,0.13869614234401204,0.033629322263140055,0.11843017013050214
0.021299572254427045,0.024822004603395946,0.06515105408295063,0.06460436326460332,0.15220950951185142,0.06370527817008301,0.1082373685797066,0.021299572254427045,0.024822004603395946,0.06515105408295063,0.06460436326460332,0.15220950951185142,0.06370527817008301,0.1082373685797066
0.09841585231781763,0.03771897691568566,0.057596157065420914,0.03813405308481812,0.11642863659109008,0.03285637471481587,0.11885411789809339,0.09841585231781763,0.03771897691568566,0.057596157065420914,0.03813405308481812,0.11642863659109008,0.03285637471481587,0.11885411789809339
0.06544770570781008,0.026404071681535232,0.06564729360867291,0.02603501202468382,0.1889178841251901,0.02164244008651368,0.10593169453260859,0.06544770570781008,0.026404071681535232,0.06564729360867291,0.02603501202468382,0.1889178841251901,0.02164244008651368,0.10593169453260859
0.024910504130068196,0.1094625848265512,0.10830437701519,0.024126761656726992,0.10399477298879634,0.022881010100372672,0.1063231121156199,0.024910504130068196,0.1094625848265512,0.10830437701519,0.024126761656726992,0.10399477298879634,0.022881010100372672,0.1063231121156199
0.037216009384949254,0.03643935483513018,0.03556201786819826,0.036984992225739095,0.1172704813058438,0.033948983477413895,0.20267544813215352,0.037216009384949254,0.03643935483513018,0.03556201786819826,0.036984992225739095,0.1172704813058438,0.033948983477413895,0.20267544813215352
0.06595322701417446,0.06723730488745895,0.06641469032354151,0.06604623098269069,0.10636120262466411,0.02140499470142473,0.10661768664203083,0.06595322701417446,0.06723730488745895,0.06641469032354151,0.06604623098269069,0.10636120262466411,0.02140499470142473,0.10661768664203083
0.024343229602770952,0.02599624058741986,0.10646771520430472,0.10899345380265957,0.10451208873758658,0.021913095982394555,0.10778861376413647,0.024343229602770952,0.02599624058741986,0.10646771520430472,0.10899345380265957,0.10451208873758658,0.021913095982394555,0.10778861376413647
0.03604599546891627,0.035953730843809505,0.036636701453418324,0.037310532527578204,0.11871852862841797,0.053405151700392256,0.1819645843892638,0.03604599546891627,0.035953730843809505,0.036636701453418324,0.037310532527578204,0.11871852862841797,0.053405151700392256,0.1819645843892638
0.05725056194119995,0.03539062123429542,0.03598932001886191,0.058813723388878414,0.11823059332980289,0.03327586222763222,0.16105258469239994,0.05725056194119995,0.03539062123429542,0.03598932001886191,0.058813723388878414,0.11823059332980289,0.03327586222763222,0.16105258469239994
0.023308483572215353,0.023547245555688736,0.10739336454935969,0.0271775907435827,0.18915638284324104,0.021870262649315617,0.10757259350263287,0.023308483572215353,0.023547245555688736,0.10739336454935969,0.0271775907435827,0.18915638284324104,0.021870262649315617,0.10757259350263287
0.023745398822915115,0.10698556951248082,0.06585786713193613,0.02613244232051354,0.14854115370705853,0.02165587743878067,0.10713214412306984,0.023745398822915115,0.10698556951248082,0.06585786713193613,0.02613244232051354,0.14854115370705853,0.02165587743878067,0.10713214412306984
0.03696484866271629,0.037114209074975715,0.036876083197454335,0.05898011118662376,0.1382635492384501,0.03359867266883542,0.15823539197694994,0.03696484866271629,0.037114209074975715,0.036876083197454335,0.05898011118662376,0.1382635492384501,0.03359867266883542,0.15823539197694994
0.02396766322399354,0.02448127020208527,0.14912930988107836,0.0667637700384541,0.10627084176729916,0.022888615909067822,0.106500477353838,0.02396766322399354,0.02448127020208527,0.14912930988107836,0.0667637700384541,0.10627084176729916,0.022888615909067822,0.106500477353838
0.03460077730046538,0.05773613256594969,0.07944926396331681,0.03732891476796608,0.11758669676530802,0.05404300104537494,0.11927624212901933,0.03460077730046538,0.05773613256594969,0.07944926396331681,0.03732891476796608,0.11758669676530802,0.05404300104537494,0.11927624212901933
0.03595150318116344,0.0556616643515174,0.033979429503249364,0.03971734264433357,0.13837087687269672,0.03225707430953832,0.16430551331862286,0.03595150318116344,0.0556616643515174,0.033979429503249364,0.03971734264433357,0.13837087687269672,0.03225707430953832,0.16430551331862286
0.10718690602303868,0.10945195872628369,0.025088676312865016,0.024019772333413323,0.10493527738971567,0.02188423415537919,0.1074436045265498,0.10718690602303868,0.10945195872628369,0.025088676312865016,0.024019772333413323,0.10493527738971567,0.02188423415537919,0.1074436045265498
0.07756221352744609,0.07804120115248005,0.03617304464633604,0.039108231152505814,0.1168020541541826,0.033638248791435364,0.11870960364184814,0.07756221352744609,0.07804120115248005,0.03617304464633604,0.039108231152505814,0.1168020541541826,0.033638248791435364,0.11870960364184814
0.024147557442341497,0.024045097377450555,0.025275313454461507,0.06759069744358612,0.10554380872670921,0.06247529953630348,0.1909274853717455,0.024147557442341497,0.024045097377450555,0.025275313454461507,0.06759069744358612,0.10554380872670921,0.06247529953630348,0.1909274853717455
0.036017738318527136,0.03689010214394498,0.09761859576017123,0.058050995021860625,0.11792789988564144,0.033989833990259316,0.11950517130208518,0.036017738318527136,0.03689010214394498,0.09761859576017123,0.058050995021860625,0.11792789988564144,0.033989833990259316,0.11950517130208518
0.03681965051221801,0.07776378333240405,0.035512148082032576,0.03873934737187874,0.11707113027702178,0.05428222040727591,0.1398289063143987,0.03681965051221801,0.07776378333240405,0.035512148082032576,0.03873934737187874,0.11707113027702178,0.05428222040727591,0.1398289063143987
0.03745380907854713,0.03784048396024966,0.059636263561327355,0.03689218366449745,0.11597119443254854,0.03301005347831032,0.17919863394459612,0.03745380907854713,0.03784048396024966,0.059636263561327355,0.03689218366449745,0.11597119443254854,0.03301005347831032,0.17919863394459612
0.06599334021927447,0.02625201907008302,0.023933288241245555,0.02711238889691612,0.1476251065092759,0.018093080410541917,0.19101881891073413,0.06599334021927447,0.02625201907008302,0.023933288241245555,0.02711238889691612,0.1476251065092759,0.018093080410541917,0.19101881891073413
0.02209042811906689,0.14883074017343365,0.02593844124423123,0.028851188982082263,0.1469021863405964,0.02033422366468888,0.10708421972306097,0.02209042811906689,0.14883074017343365,0.02593844124423123,0.028851188982082263,0.1469021863405964,0.02033422366468888,0.10708421972306097
0.0569767253082527,0.037114838911482734,0.036751815728404504,0.037745160727385686,0.1797198709038007,0.033494778634935135,0.11819929117869632,0.0569767253082527,0.037114838911482734,0.036751815728404504,0.037745160727385686,0.1797198709038007,0.033494778634935135,0.11819929117869632
0.02292491977641505,0.023238968351665567,0.0234913469640915,0.11079217506553575,0.14916226283019993,0.06162829195878205,0.10879361367089764,0.02292491977641505,0.023238968351665567,0.0234913469640915,0.11079217506553575,0.14916226283019993,0.06162829195878205,0.10879361367089764
0.05555624758463412,0.036628523818067665,0.05670613804832636,0.038780388498217966,0.11821808382350149,0.05359162562018875,0.14052753884953292,0.05555624758463412,0.036628523818067665,0.05670613804832636,0.038780388498217966,0.11821808382350149,0.05359162562018875,0.14052753884953292
0.0,0.0,0.0,0.0,0.0,0.0,0.5000000025425884,0.0,0.0,0.0,0.0,0.0,0.0,0.5000000025425884
0.036088865999761174,0.03582907363170279,0.05792596322844185,0.09999265637152459,0.11803401321981632,0.033172317313541116,0.11901211641495656,0.036088865999761174,0.03582907363170279,0.05792596322844185,0.09999265637152459,0.11803401321981632,0.033172317313541116,0.11901211641495656
0.024741425897626894,0.1082048928784891,0.02355525131626586,0.026499573081779314,0.1450957310959357,0.06284710619861285,0.10909646500337288,0.024741425897626894,0.1082048928784891,0.02355525131626586,0.026499573081779314,0.1450957310959357,0.06284710619861285,0.10909646500337288
0.0373065902335308,0.037213441224085785,0.03734297262207022,0.06042182320848894,0.11275062257861979,0.03482429080998985,0.18016851634300532,0.0373065902335308,0.037213441224085785,0.03734297262207022,0.06042182320848894,0.11275062257861979,0.03482429080998985,0.18016851634300532
0.03619631498988181,0.03636913763471856,0.07773453644030805,0.03818802698458767,0.15907825296579417,0.033205000343594554,0.11922989246934879,0.03619631498988181,0.03636913763471856,0.07773453644030805,0.03818802698458767,0.15907825296579417,0.033205000343594554,0.11922989246934879
0.024491332200955493,0.10680460160018763,0.025892518804606225,0.06886267806770152,0.1039396304870064,0.020740882537116492,0.1492981079726648,0.024491332200955493,0.10680460160018763,0.025892518804606225,0.06886267806770152,0.1039396304870064,0.020740882537116492,0.1492981079726648
0.024654746453892762,0.02467399712994288,0.02322274787854041,0.06613961474946377,0.10649132437409745,0.14614103859486363,0.10867990615001394,0.024654746453892762,0.02467399712994288,0.02322274787854041,0.06613961474946377,0.10649132437409745,0.14614103859486363,0.10867990615001394
0.06579563050405068,0.025445585040556513,0.06482345878409264,0.10848660573880774,0.1058252123507567,0.021906573923319204,0.10775225068181118,0.06579563050405068,0.025445585040556513,0.06482345878409264,0.10848660573880774,0.1058252123507567,0.021906573923319204,0.10775225068181118
0.02371903185989209,0.024522093807304288,0.06628359401108229,0.06711827738373274,0.1466226532031421,0.022460437345272772,0.14930518412393126,0.02371903185989209,0.024522093807304288,0.06628359401108229,0.06711827738373274,0.1466226532031421,0.022460437345272772,0.14930518412393126
0.03515245355597163,0.03557580982116578,0.04082984546570181,0.059420584849247185,0.11607284918623445,0.07453427815461881,0.13841701014093344,0.03515245355597163,0.03557580982116578,0.04082984546570181,0.059420584849247185,0.11607284918623445,0.07453427815461881,0.13841701014093344
0.036299917957802595,0.05590242118712289,0.03663644004824241,0.0574400218546853,0.11798571784649162,0.07702038529185312,0.11948029536956543,0.036299917957802595,0.05590242118712289,0.03663644004824241,0.0574400218546853,0.11798571784649162,0.07702038529185312,0.11948029536956543
0.027052752434751342,0.027386400590154743,0.027237846548762695,0.062133110765402066,0.10528579964269577,0.02041282305070898,0.2305424359122502,0.027052752434751342,0.027386400590154743,0.027237846548762695,0.062133110765402066,0.10528579964269577,0.02041282305070898,0.2305424359122502
0.02260228689922025,0.02434499029360999,0.02302325832227736,0.06802481468868113,0.14663543497089526,0.0645788788651368,0.1507910881667429,0.02260228689922025,0.02434499029360999,0.02302325832227736,0.06802481468868113,0.14663543497089526,0.0645788788651368,0.1507910881667429
0.03558240983257568,0.03663519797290568,0.03616779618116609,0.03799581549688634,0.17974009694169196,0.05501524646598163,0.11889399768752694,0.03558240983257568,0.03663519797290568,0.03616779618116609,0.03799581549688634,0.17974009694169196,0.05501524646598163,0.11889399768752694
0.035983718542905975,0.05712771046205215,0.05673234263727435,0.03750739644414531,0.1598962848511657,0.03321830765836321,0.11956395717731334,0.035983718542905975,0.05712771046205215,0.05673234263727435,0.03750739644414531,0.1598962848511657,0.03321830765836321,0.11956395717731334
0.10670639296643333,0.024740638559480194,0.028118999902373862,0.06755706891160754,0.10424411306074555,0.021417473402962527,0.1472561472437849,0.10670639296643333,0.024740638559480194,0.028118999902373862,0.06755706891160754,0.10424411306074555,0.021417473402962527,0.1472561472437849
0.024830910224734683,0.06694422716545508,0.06404583241994981,0.02494222676777833,0.14814659142519743,0.06329413603826373,0.10784962824762422,0.024830910224734683,0.06694422716545508,0.06404583241994981,0.02494222676777833,0.14814659142519743,0.06329413603826373,0.10784962824762422
0.07800512891298537,0.03560740773172155,0.05668316462371436,0.03634310689394911,0.11842320750325512,0.03404726234540157,0.1409229338718673,0.07800512891298537,0.03560740773172155,0.05668316462371436,0.03634310689394911,0.11842320750325512,0.03404726234540157,0.1409229338718673
0.07800537940318023,0.03704046078797163,0.057985703332909554,0.036658249356519554,0.13862887250288616,0.03281813295456718,0.1188910550122142,0.07800537940318023,0.03704046078797163,0.057985703332909554,0.036658249356519554,0.13862887250288616,0.03281813295456718,0.1188910550122142
0.05663077914224565,0.057493799203177924,0.05707389380051687,0.03801484620749174,0.11772900154416577,0.05418504134819116,0.11887881083705572,0.05663077914224565,0.057493799203177924,0.05707389380051687,0.03801484620749174,0.11772900154416577,0.05418504134819116,0.11887881083705572
0.056747942717301006,0.036396551202145064,0.057516859527177826,0.0562837688922049,0.11814471770781702,0.03275414984049373,0.14216696559995573,0.056747942717301006,0.036396551202145064,0.057516859527177826,0.0562837688922049,0.11814471770781702,0.03275414984049373,0.14216696559995573
0.022430403048272762,0.15074475329654818,0.06457086071153986,0.025825612129152638,0.10440488922294609,0.025591990867434408,0.10646033542038202,0.022430403048272762,0.15074475329654818,0.06457086071153986,0.025825612129152638,0.10440488922294609,0.025591990867434408,0.10646033542038202
0.03499811962581235,0.056480369883627285,0.03578115220675875,0.03767730906508636,0.16058781437501254,0.03348506185004611,0.14099944075963344,0.03499811962581235,0.056480369883627285,0.03578115220675875,0.03767730906508636,0.16058781437501254,0.03348506185004611,0.14099944075963344
0.06614761586293057,0.02481578145266358,0.024549589303369267,0.024094861373800364,0.22862441316361726,0.023143300460215375,0.10862514224224146,0.06614761586293057,0.02481578145266358,0.024549589303369267,0.024094861373800364,0.22862441316361726,0.023143300460215375,0.10862514224224146
0.023737453904238953,0.023603463471121335,0.02350181468802762,0.11015870115019862,0.14893607593017208,0.020645800288930493,0.14944076262712305,0.023737453904238953,0.023603463471121335,0.02350181468802762,0.11015870115019862,0.14893607593017208,0.020645800288930493,0.14944076262712305
0.06663971870428521,0.06637001120649957,0.06624476303368941,0.02513382820763375,0.10507429676578099,0.023080596428337426,0.14748371635246696,0.06663971870428521,0.06637001120649957,0.06624476303368941,0.02513382820763375,0.10507429676578099,0.023080596428337426,0.14748371635246696
0.03675318193550911,0.05850204925586476,0.03571433348425289,0.037225430132556185,0.13781105268772142,0.05413976860229636,0.13985671043917855,0.03675318193550911,0.05850204925586476,0.03571433348425289,0.037225430132556185,0.13781105268772142,0.05413976860229636,0.13985671043917855
0.05732512119269336,0.05770104632917289,0.03746080496142298,0.05831081961683712,0.11714336976386643,0.03289991475077743,0.13916928416350954,0.05732512119269336,0.05770104632917289,0.03746080496142298,0.05831081961683712,0.11714336976386643,0.03289991475077743,0.13916928416350954
0.023373795420111892,0.06565962858266848,0.02496925479150838,0.10977445096245769,0.10528829438809278,0.06359205460528684,0.1073442583760058,0.023373795420111892,0.06565962858266848,0.02496925479150838,0.10977445096245769,0.10528829438809278,0.06359205460528684,0.1073442583760058
0.06510093061271964,0.06611230290483254,0.06601566955084504,0.0260919854275234,0.14855425625252736,0.021592401847816863,0.10655889396392093,0.06510093061271964,0.06611230290483254,0.06601566955084504,0.0260919854275234,0.14855425625252736,0.021592401847816863,0.10655889396392093
0.06668880835514497,0.1084629944824965,0.021730818634906054,0.026538101405887058,0.14805904137532297,0.021652175399744563,0.10688565641510006,0.06668880835514497,0.1084629944824965,0.021730818634906054,0.026538101405887058,0.14805904137532297,0.021652175399744563,0.10688565641510006
0.036333038784986844,0.03657271249706539,0.036324461746222836,0.03766606647841154,0.13881760985223768,0.07484701296072552,0.13946648461902267,0.036333038784986844,0.03657271249706539,0.036324461746222836,0.03766606647841154,0.13881760985223768,0.07484701296072552,0.13946648461902267
0.056728191316918315,0.056997990597112067,0.036772450249927306,0.03758529094704357,0.1172891086384381,0.032821223270764255,0.16184415064941873,0.056728191316918315,0.056997990597112067,0.036772450249927306,0.03758529094704357,0.1172891086384381,0.032821223270764255,0.16184415064941873
0.057451274214432996,0.03835373819360877,0.035328338344747,0.03839020182491853,0.13704118436796875,0.054125088615561506,0.1393496442682117,0.057451274214432996,0.03835373819360877,0.035328338344747,0.03839020182491853,0.13704118436796875,0.054125088615561506,0.1393496442682117
0.023434532726321997,0.15261712638538902,0.020817141527875317,0.06735263635876154,0.10962831675941116,0.019655162192148003,0.10649962848527669,0.023434532726321997,0.15261712638538902,0.020817141527875317,0.06735263635876154,0.10962831675941116,0.019655162192148003,0.10649962848527669
0.037541895273357634,0.03766921014613822,0.03764863157256238,0.05924556806358771,0.11612759089521006,0.0934024608742955,0.11836807994718188,0.037541895273357634,0.03766921014613822,0.03764863157256238,0.05924556806358771,0.11612759089521006,0.0934024608742955,0.11836807994718188
0.057764423192903265,0.03564752516446349,0.03641384137784679,0.05886558959519451,0.11825863215928671,0.05292564151822241,0.14015176284038555,0.057764423192903265,0.03564752516446349,0.03641384137784679,0.05886558959519451,0.11825863215928671,0.05292564151822241,0.14015176284038555
0.10401482155745954,0.06977551082901016,0.06682775753839952,0.02734976228713811,0.10361784672677565,0.021233474584987446,0.10724211046322582,0.10401482155745954,0.06977551082901016,0.06682775753839952,0.02734976228713811,0.10361784672677565,0.021233474584987446,0.10724211046322582
0.027000130528497514,0.06633419442177477,0.06548582440965947,0.10885148596062667,0.1043928718086474,0.02118986848275429,0.10699567759715643,0.027000130528497514,0.06633419442177477,0.06548582440965947,0.10885148596062667,0.1043928718086474,0.02118986848275429,0.10699567759715643
0.06561883677402995,0.0658840666397219,0.02442335737720531,0.026931311394796747,0.10527678925955257,0.10452189754736134,0.10736774261305733,0.06561883677402995,0.0658840666397219,0.02442335737720531,0.026931311394796747,0.10527678925955257,0.10452189754736134,0.10736774261305733
0.036970686045259105,0.036104547016245096,0.036368627307243,0.03663479102513605,0.11746551119653914,0.09575668459151362,0.14073844252648404,0.036970686045259105,0.036104547016245096,0.036368627307243,0.03663479102513605,0.11746551119653914,0.09575668459151362,0.14073844252648404
0.02334331784653877,0.02073854117755587,0.02207448755286052,0.10819085344839124,0.10772610667096393,0.026046195516527423,0.19194581502677924,0.02334331784653877,0.02073854117755587,0.02207448755286052,0.10819085344839124,0.10772610667096393,0.026046195516527423,0.19194581502677924
0.05624293354450759,0.037789016879103354,0.03575815502754421,0.038479655384859694,0.11685139195047449,0.05505565404217833,0.15985745506785226,0.05624293354450759,0.037789016879103354,0.03575815502754421,0.038479655384859694,0.11685139195047449,0.05505565404217833,0.15985745506785226
0.056098672354570084,0.0792594785142775,0.03578457322094745,0.039414611310849286,0.11705475642233443,0.053874753560457324,0.11854760212265596,0.056098672354570084,0.0792594785142775,0.03578457322094745,0.039414611310849286,0.11705475642233443,0.053874753560457324,0.11854760212265596
0.0235239674969177,0.10598790437758844,0.06524372731667581,0.0706658251083774,0.10677212991921019,0.020976583273825664,0.10683695104911392,0.0235239674969177,0.10598790437758844,0.06524372731667581,0.0706658251083774,0.10677212991921019,0.020976583273825664,0.10683695104911392
0.02360912382039175,0.06531417568908157,0.0253942911270176,0.025352862062734658,0.23196282131350798,0.023149682552597327,0.10521953135107538,0.02360912382039175,0.06531417568908157,0.0253942911270176,0.025352862062734658,0.23196282131350798,0.023149682552597327,0.10521953135107538
0.03616913919235827,0.05872422958311698,0.07684441297942156,0.0384059531199073,0.11646446757613979,0.03247122619848454,0.14092291972957394,0.03616913919235827,0.05872422958311698,0.07684441297942156,0.0384059531199073,0.11646446757613979,0.03247122619848454,0.14092291972957394
0.023441644803899958,0.023263363391814403,0.02307215187713432,0.15162887129872438,0.14846981218485591,0.021044377613134758,0.10908929867175153,0.023441644803899958,0.023263363391814403,0.02307215187713432,0.15162887129872438,0.14846981218485591,0.021044377613134758,0.10908929867175153
0.02441194543284568,0.10814388943543253,0.024847379705897545,0.06773096249122842,0.10516066758653947,0.06328601436235078,0.1064207547546907,0.02441194543284568,0.10814388943543253,0.024847379705897545,0.06773096249122842,0.10516066758653947,0.06328601436235078,0.1064207547546907
0.036345398720334265,0.035678135677966905,0.05750090361224863,0.03795308088811384,0.13784695184402285,0.0746520741237773,0.12002402492153078,0.036345398720334265,0.035678135677966905,0.05750090361224863,0.03795308088811384,0.13784695184402285,0.0746520741237773,0.12002402492153078
0.07812561443129712,0.05667999257233202,0.03631568378781546,0.037439873125277634,0.13908023570418934,0.03315247474977288,0.11923656954443776,0.07812561443129712,0.05667999257233202,0.03631568378781546,0.037439873125277634,0.13908023570418934,0.03315247474977288,0.11923656954443776
0.03525271458092477,0.05777595002916508,0.05715745190410801,0.03771160800247683,0.13861684232737592,0.05438449221875732,0.11910519594740288,0.03525271458092477,0.05777595002916508,0.05715745190410801,0.03771160800247683,0.13861684232737592,0.05438449221875732,0.11910519594740288
0.03740533355567342,0.07744165001697195,0.03617530820662691,0.07972295513713688,0.11714364950043744,0.032804965835944604,0.11931183781491547,0.03740533355567342,0.07744165001697195,0.03617530820662691,0.07972295513713688,0.11714364950043744,0.032804965835944604,0.11931183781491547
0.023086094878780255,0.025079983273612032,0.06651046206280763,0.02614960152424855,0.18715013358317956,0.02154656906369131,0.15059538153060367,0.023086094878780255,0.025079983273612032,0.06651046206280763,0.02614960152424855,0.18715013358317956,0.02154656906369131,0.15059538153060367
0.05727414633251013,0.037823082371462535,0.057504565230846814,0.057025245724684974,0.1368810898742034,0.034809599922588114,0.11870509577363242,0.05727414633251013,0.037823082371462535,0.057504565230846814,0.057025245724684974,0.1368810898742034,0.034809599922588114,0.11870509577363242
0.0662791516064793,0.10699584798798695,0.02401926722524286,0.025743347818802012,0.10690211539195325,0.06303373991688721,0.10703509846733733,0.0662791516064793,0.10699584798798695,0.02401926722524286,0.025743347818802012,0.10690211539195325,0.06303373991688721,0.10703509846733733
0.05704519533232453,0.057212399454469036,0.03526475441135269,0.03759339131520917,0.1382172063512053,0.053948357085496904,0.1207467122183942,0.05704519533232453,0.057212399454469036,0.03526475441135269,0.03759339131520917,0.1382172063512053,0.053948357085496904,0.1207467122183942
0.07796998225178033,0.03581882402578271,0.03593966162940393,0.05839239584661226,0.11817320287395658,0.05510101535141339,0.11864197235229859,0.07796998225178033,0.03581882402578271,0.03593966162940393,0.05839239584661226,0.11817320287395658,0.05510101535141339,0.11864197235229859
0.025249403627640898,0.024998263737751925,0.025661164167427874,0.026874497685164506,0.10425446446972897,0.1446532832318044,0.1483396154029428,0.025249403627640898,0.024998263737751925,0.025661164167427874,0.026874497685164506,0.10425446446972897,0.1446532832318044,0.1483396154029428
0.10693935549676221,0.024711335943200304,0.023896394470663378,0.06715324372547733,0.1475816428086248,0.02284991096889321,0.10688564112446611,0.10693935549676221,0.024711335943200304,0.023896394470663378,0.06715324372547733,0.1475816428086248,0.02284991096889321,0.10688564112446611
0.03572006417285005,0.05730470309678127,0.056358934542806285,0.037677699360046314,0.1157300402210274,0.056348574216067565,0.1408660196535548,0.03572006417285005,0.05730470309678127,0.056358934542806285,0.037677699360046314,0.1157300402210274,0.056348574216067565,0.1408660196535548
0.034615578891784404,0.09905706074143282,0.037047005795804576,0.0585375845817824,0.11735359571534326,0.033953141905120804,0.11946377067953562,0.034615578891784404,0.09905706074143282,0.037047005795804576,0.0585375845817824,0.11735359571534326,0.033953141905120804,0.11946377067953562
0.03701100877529266,0.05858840618213779,0.03341777679789809,0.0598145415216514,0.11566195901020215,0.03275691846442457,0.16276642946496445,0.03701100877529266,0.05858840618213779,0.03341777679789809,0.0598145415216514,0.11566195901020215,0.03275691846442457,0.16276642946496445
0.03713894715702194,0.09894279226507148,0.05786536436937945,0.03745124406350766,0.11636072207932263,0.03380281212128183,0.11846766643349277,0.03713894715702194,0.09894279226507148,0.05786536436937945,0.03745124406350766,0.11636072207932263,0.03380281212128183,0.11846766643349277
0.025099867816296348,0.025282567358879484,0.1503549367984425,0.025078541935440794,0.10428287321646389,0.02283068144370189,0.14709382799332088,0.025099867816296348,0.025282567358879484,0.1503549367984425,0.025078541935440794,0.10428287321646389,0.02283068144370189,0.14709382799332088
0.02376439237310838,0.10669248090557192,0.023891312749898294,0.026803208830132496,0.10639634445166789,0.06315950906621208,0.1493208167016703,0.02376439237310838,0.10669248090557192,0.023891312749898294,0.026803208830132496,0.10639634445166789,0.06315950906621208,0.1493208167016703
0.06451156237990173,0.025088971648323986,0.10794462155224699,0.025815917548104715,0.10672509795470833,0.06292484527256254,0.10701830985427868,0.06451156237990173,0.025088971648323986,0.10794462155224699,0.025815917548104715,0.10672509795470833,0.06292484527256254,0.10701830985427868
0.0354924544770323,0.035596485757125464,0.07834584714090263,0.03757137623922091,0.1386499194815336,0.05368078478577222,0.12072594995965272,0.0354924544770323,0.035596485757125464,0.07834584714090263,0.03757137623922091,0.1386499194815336,0.05368078478577222,0.12072594995965272
0.024933347841567935,0.1098216180818627,0.023801743742951322,0.026847558864301013,0.14700109203779535,0.0204149267996949,0.14722006987359743,0.024933347841567935,0.1098216180818627,0.023801743742951322,0.026847558864301013,0.14700109203779535,0.0204149267996949,0.14722006987359743
0.06228378514113059,0.0268598005377206,0.023510532633837466,0.06684407221883978,0.1480878223133713,0.06524403378366149,0.10717009585537451,0.06228378514113059,0.0268598005377206,0.023510532633837466,0.06684407221883978,0.1480878223133713,0.06524403378366149,0.10717009585537451
0.03540166798681666,0.07772876967085356,0.0551630699424348,0.036633350490198426,0.11831202665440961,0.03401344265981738,0.14275845889594457,0.03540166798681666,0.07772876967085356,0.0551630699424348,0.036633350490198426,0.11831202665440961,0.03401344265981738,0.14275845889594457
0.02375963474370703,0.06739797213400071,0.025336077955268408,0.06818033560612471,0.10471185045396142,0.06354196056328594,0.14710129524750057,0.02375963474370703,0.06739797213400071,0.025336077955268408,0.06818033560612471,0.10471185045396142,0.06354196056328594,0.14710129524750057
0.02296457632126749,0.06489856378003843,0.023544051741210582,0.02638380062850048,0.1481998335951206,0.06443273671338905,0.1496155132824151,0.02296457632126749,0.06489856378003843,0.023544051741210582,0.02638380062850048,0.1481998335951206,0.06443273671338905,0.1496155132824151
0.06495500756412803,0.024718280870782632,0.02509995033230464,0.10731256467011757,0.10778669214275004,0.062207317730374724,0.1079482809306536,0.06495500756412803,0.024718280870782632,0.02509995033230464,0.10731256467011757,0.10778669214275004,0.062207317730374724,0.1079482809306536
0.05677205540545708,0.03664405283085442,0.036083742774985335,0.07895833583001462,0.13929245577343152,0.03329669085010946,0.11897808707260041,0.05677205540545708,0.03664405283085442,0.036083742774985335,0.07895833583001462,0.13929245577343152,0.03329669085010946,0.11897808707260041
0.03748866549753336,0.03786417885560118,0.03597098259777376,0.03792766107429784,0.11729242130512804,0.11359691131222784,0.11989069620083972,0.03748866549753336,0.03786417885560118,0.03597098259777376,0.03792766107429784,0.11729242130512804,0.11359691131222784,0.11989069620083972
0.05697632142294113,0.0570512150459638,0.03611273309021001,0.037429613219587606,0.13819117760524627,0.03340945206444169,0.14085533948948878,0.05697632142294113,0.0570512150459638,0.03611273309021001,0.037429613219587606,0.13819117760524627,0.03340945206444169,0.14085533948948878
0.03564369523965877,0.03606916953483256,0.09923938937529446,0.03793518015989716,0.13826096267302918,0.033987565254621425,0.11887155915106742,0.03564369523965877,0.03606916953483256,0.09923938937529446,0.03793518015989716,0.13826096267302918,0.033987565254621425,0.11887155915106742
0.036539541724730826,0.036167858082766145,0.05743202976147104,0.03826606718412189,0.15901209530110175,0.05421433863374593,0.11839745405217031,0.036539541724730826,0.036167858082766145,0.05743202976147104,0.03826606718412189,0.15901209530110175,0.05421433863374593,0.11839745405217031
0.036399741781144794,0.03599466973855912,0.03624673239131732,0.10044571881467361,0.11736945694577018,0.0541771845512456,0.11939722670584679,0.036399741781144794,0.03599466973855912,0.03624673239131732,0.10044571881467361,0.11736945694577018,0.0541771845512456,0.11939722670584679
0.06642338242541879,0.06677063354623687,0.024594917621831917,0.025318183648163385,0.1466581570251578,0.0624047829406224,0.10783752879648278,0.06642338242541879,0.06677063354623687,0.024594917621831917,0.025318183648163385,0.1466581570251578,0.0624047829406224,0.10783752879648278
0.03584218673173009,0.03645061560609873,0.0364709759091621,0.03829986337575879,0.1591097744302615,0.07459158618046263,0.11926568423482584,0.03584218673173009,0.03645061560609873,0.0364709759091621,0.03829986337575879,0.1591097744302615,0.07459158618046263,0.11926568423482584
0.024530890571478454,0.024825827370305312,0.02453915096335532,0.025438300443259895,0.10671326483177865,0.18674866537704335,0.10739633068047894,0.024530890571478454,0.024825827370305312,0.02453915096335532,0.025438300443259895,0.10671326483177865,0.18674866537704335,0.10739633068047894
0.022398225113866046,0.10676937669774743,0.06476522590356938,0.029345213770106147,0.10344619699845987,0.023059015069148914,0.15024513916816534,0.022398225113866046,0.10676937669774743,0.06476522590356938,0.029345213770106147,0.10344619699845987,0.023059015069148914,0.15024513916816534
0.05726645875427311,0.09815833773697909,0.03593183929080421,0.03901580353417672,0.11778436752788657,0.03362020532250746,0.11825280213839762,0.05726645875427311,0.09815833773697909,0.03593183929080421,0.03901580353417672,0.11778436752788657,0.03362020532250746,0.11825280213839762
0.11860540701190558,0.03657470121220069,0.03600093642913621,0.03717246663189159,0.11848280266777712,0.03369035570111641,0.11948558779405115,0.11860540701190558,0.03657470121220069,0.03600093642913621,0.03717246663189159,0.11848280266777712,0.03369035570111641,0.11948558779405115
0.0360321837207176,0.035899788302370665,0.036002334530009956,0.08032421378951883,0.11730971624273545,0.03155114343610267,0.1629089159508212,0.0360321837207176,0.035899788302370665,0.036002334530009956,0.08032421378951883,0.11730971624273545,0.03155114343610267,0.1629089159508212
0.06671508350298139,0.022698676318214754,0.024147501819415332,0.06930627137835868,0.10480006152231304,0.022182470857386567,0.19018182418363838,0.06671508350298139,0.022698676318214754,0.024147501819415332,0.06930627137835868,0.10480006152231304,0.022182470857386567,0.19018182418363838
0.024267615998636024,0.0656232838090462,0.024131343390143004,0.02673994766617194,0.18943868732081043,0.02192266584001698,0.1479061204553366,0.024267615998636024,0.0656232838090462,0.024131343390143004,0.02673994766617194,0.18943868732081043,0.02192266584001698,0.1479061204553366
0.03652541987173157,0.09834083396382366,0.036769439333964,0.03861568252692148,0.11720859761906344,0.05395173624759973,0.11859974803518848,0.03652541987173157,0.09834083396382366,0.036769439333964,0.03861568252692148,0.11720859761906344,0.05395173624759973,0.11859974803518848
0.035601222398616114,0.05760281527760015,0.05695241787807315,0.07930295337814162,0.1174409611431091,0.03381411122197221,0.1193117970204537,0.035601222398616114,0.05760281527760015,0.05695241787807315,0.07930295337814162,0.1174409611431091,0.03381411122197221,0.1193117970204537
0.10764169538575034,0.02400540992806018,0.10940695006364864,0.024189633798973886,0.10599123808932064,0.02016260178632215,0.10860707505031243,0.10764169538575034,0.02400540992806018,0.10940695006364864,0.024189633798973886,0.10599123808932064,0.02016260178632215,0.10860707505031243
0.0237978382365073,0.023611689966993275,0.06552493131932799,0.10966804873613786,0.1482930325148379,0.021115033938179293,0.10802226432341844,0.0237978382365073,0.023611689966993275,0.06552493131932799,0.10966804873613786,0.1482930325148379,0.021115033938179293,0.10802226432341844
0.06556015896041843,0.10655620694521536,0.0679520299508961,0.02502007485961843,0.10502577828246219,0.020719993393960478,0.10923342454641446,0.06556015896041843,0.10655620694521536,0.0679520299508961,0.02502007485961843,0.10502577828246219,0.020719993393960478,0.10923342454641446
0.03697332160589302,0.03735898809117957,0.03745373645487335,0.059937269347545924,0.11425589888950118,0.05396964414221519,0.16005316885758197,0.03697332160589302,0.03735898809117957,0.03745373645487335,0.059937269347545924,0.11425589888950118,0.05396964414221519,0.16005316885758197
0.03633416885000607,0.03688100382602292,0.03723781519206169,0.03794225177450839,0.15826604180199258,0.054730807519421554,0.1386706054211813,0.03633416885000607,0.03688100382602292,0.03723781519206169,0.03794225177450839,0.15826604180199258,0.054730807519421554,0.1386706054211813
0.19048466899596336,0.026636037214820475,0.021487271332516635,0.026083160775757737,0.10608306840494694,0.0227929868210751,0.10646109307063613,0.19048466899596336,0.026636037214820475,0.021487271332516635,0.026083160775757737,0.10608306840494694,0.0227929868210751,0.10646109307063613
0.03541371418394969,0.03668778072018027,0.03607929120981073,0.03833788223135827,0.20078958518587578,0.03320426448078696,0.119573682800926,0.03541371418394969,0.03668778072018027,0.03607929120981073,0.03833788223135827,0.20078958518587578,0.03320426448078696,0.119573682800926
0.03609603330568956,0.03694327197252849,0.03646905847642032,0.057718577271032294,0.13843857654389496,0.05379988557944087,0.14054128748370803,0.03609603330568956,0.03694327197252849,0.03646905847642032,0.057718577271032294,0.13843857654389496,0.05379988557944087,0.14054128748370803
0.0559293747987649,0.03723228176033822,0.03658020887321044,0.039051575071681145,0.13808383995266355,0.032451042238209014,0.16068325777975645,0.0559293747987649,0.03723228176033822,0.03658020887321044,0.039051575071681145,0.13808383995266355,0.032451042238209014,0.16068325777975645
0.023482290390587794,0.0682040915865952,0.02403655778482871,0.10977674219060088,0.10483218029133987,0.02180537043527569,0.14791262404951733,0.023482290390587794,0.0682040915865952,0.02403655778482871,0.10977674219060088,0.10483218029133987,0.02180537043527569,0.14791262404951733
0.02601973645339508,0.06677927324349645,0.06437200158834563,0.02480702733671661,0.10640037305669227,0.06253467716185528,0.1491369721723449,0.02601973645339508,0.06677927324349645,0.06437200158834563,0.02480702733671661,0.10640037305669227,0.06253467716185528,0.1491369721723449
0.02458195249280636,0.024740566390413193,0.024249940552332497,0.026287341953411245,0.23050430718370737,0.06314902365629137,0.10653929573087814,0.02458195249280636,0.024740566390413193,0.024249940552332497,0.026287341953411245,0.23050430718370737,0.06314902365629137,0.10653929573087814
0.03697569523838005,0.03731383094067617,0.07708802036707221,0.05877969588853748,0.13780283803673582,0.033906909542127994,0.11814037274607227,0.03697569523838005,0.03731383094067617,0.07708802036707221,0.05877969588853748,0.13780283803673582,0.033906909542127994,0.11814037274607227
0.03459279799163173,0.05684714869130641,0.036843871389700085,0.08158229716410949,0.11632737479259098,0.054337596911576275,0.11949383993387151,0.03459279799163173,0.05684714869130641,0.036843871389700085,0.08158229716410949,0.11632737479259098,0.054337596911576275,0.11949383993387151
0.056666793470451234,0.05732799720869599,0.03605145664992469,0.03816531458076157,0.15879161241783343,0.0339345141463951,0.11909489177448146,0.056666793470451234,0.05732799720869599,0.03605145664992469,0.03816531458076157,0.15879161241783343,0.0339345141463951,0.11909489177448146
0.034556254178322206,0.036903179685335706,0.05798224505115676,0.08025830242092723,0.11686400005653175,0.053969749992915816,0.11949506438515646,0.034556254178322206,0.036903179685335706,0.05798224505115676,0.08025830242092723,0.11686400005653175,0.053969749992915816,0.11949506438515646
0.06559068272875848,0.025116348898148778,0.02434446011520434,0.02563499919750287,0.1473506058693384,0.10503197219743025,0.10715438389881829,0.06559068272875848,0.025116348898148778,0.02434446011520434,0.02563499919750287,0.1473506058693384,0.10503197219743025,0.10715438389881829
0.024076918637629282,0.024177239797040492,0.10799937001939758,0.06678478031418403,0.10604801469399842,0.02289649264182666,0.14810564148051406,0.024076918637629282,0.024177239797040492,0.10799937001939758,0.06678478031418403,0.10604801469399842,0.02289649264182666,0.14810564148051406
0.05779849127595148,0.03642528091990967,0.035952096170434045,0.03905926916933296,0.1164247346457845,0.09693385425921715,0.11741666354752892,0.05779849127595148,0.03642528091990967,0.035952096170434045,0.03905926916933296,0.1164247346457845,0.09693385425921715,0.11741666354752892
0.025611570346091177,0.02624782656623413,0.027420546867349075,0.1079896083160366,0.18677603501448742,0.021762056400542927,0.10421917329985306,0.025611570346091177,0.02624782656623413,0.027420546867349075,0.1079896083160366,0.18677603501448742,0.021762056400542927,0.10421917329985306
0.06665431021693166,0.024259183297544645,0.024408425423491552,0.027067244673444374,0.18773778153378728,0.02200749058978847,0.14789532538786704,0.06665431021693166,0.024259183297544645,0.024408425423491552,0.027067244673444374,0.18773778153378728,0.02200749058978847,0.14789532538786704
0.0249496711108176,0.024380871054876917,0.024529933291558375,0.024859279430783858,0.23056353429539614,0.02193236214268931,0.1488131808079802,0.0249496711108176,0.024380871054876917,0.024529933291558375,0.024859279430783858,0.23056353429539614,0.02193236214268931,0.1488131808079802
0.05742387658309113,0.0579667204780266,0.07696590381498436,0.03780271186641389,0.11740826326266299,0.033350918390225845,0.11908488651178553,0.05742387658309113,0.0579667204780266,0.07696590381498436,0.03780271186641389,0.11740826326266299,0.033350918390225845,0.11908488651178553
0.0,0.0,0.0,0.0,0.0,0.5000000094837471,0.0,0.0,0.0,0.0,0.0,0.0,0.5000000094837471,0.0
0.024159204487919368,0.02398314653862325,0.024919549464915806,0.025174270516698065,0.18828949847932666,0.06691861503814911,0.1466253295478512,0.024159204487919368,0.02398314653862325,0.024919549464915806,0.025174270516698065,0.18828949847932666,0.06691861503814911,0.1466253295478512
0.07782482725191185,0.03686505669356489,0.03631361631940878,0.07948237809100893,0.1183540266095441,0.032826829753982954,0.11961674213164465,0.07782482725191185,0.03686505669356489,0.03631361631940878,0.07948237809100893,0.1183540266095441,0.032826829753982954,0.11961674213164465
0.026817507450512642,0.02786006583244849,0.027817754832828785,0.02813946208164989,0.10366120405098836,0.06052244304116863,0.2251911632467691,0.026817507450512642,0.02786006583244849,0.027817754832828785,0.02813946208164989,0.10366120405098836,0.06052244304116863,0.2251911632467691
0.06600997100859081,0.02533006422337343,0.02141078572839152,0.15148354367086347,0.1059160785564838,0.022560680846574574,0.10729386427211253,0.06600997100859081,0.02533006422337343,0.02141078572839152,0.15148354367086347,0.1059160785564838,0.022560680846574574,0.10729386427211253
0.0669368185545563,0.024901224712055234,0.10861583018031168,0.02670237118016413,0.10539128413194877,0.01981571315881907,0.14767152734707864,0.0669368185545563,0.024901224712055234,0.10861583018031168,0.02670237118016413,0.10539128413194877,0.01981571315881907,0.14767152734707864
0.06522763338568514,0.0662374844189116,0.06636946840243908,0.025655324691477945,0.10504696085943463,0.06389177479824189,0.10760637912620859,0.06522763338568514,0.0662374844189116,0.06636946840243908,0.025655324691477945,0.10504696085943463,0.06389177479824189,0.10760637912620859
0.036219014209790235,0.036012342804150825,0.09922265113372106,0.03736867306174116,0.11718948391598313,0.03286966961209799,0.14112059046824071,0.036219014209790235,0.036012342804150825,0.09922265113372106,0.03736867306174116,0.11718948391598313,0.03286966961209799,0.14112059046824071
0.021470901339203107,0.06874998889939327,0.023628709747830896,0.06719078403249312,0.19052307583170727,0.021352839267431006,0.10750850430913163,0.021470901339203107,0.06874998889939327,0.023628709747830896,0.06719078403249312,0.19052307583170727,0.021352839267431006,0.10750850430913163
0.06715152521400489,0.023510109507076337,0.02406067282791102,0.1097765310262036,0.14643763964135295,0.02193093949074049,0.10718051487918841,0.06715152521400489,0.023510109507076337,0.02406067282791102,0.1097765310262036,0.14643763964135295,0.02193093949074049,0.10718051487918841
0.065867982376531,0.025486902284489053,0.06525879902203797,0.06767584419250294,0.10538284463409585,0.020771095490713643,0.14959057629066025,0.065867982376531,0.025486902284489053,0.06525879902203797,0.06767584419250294,0.10538284463409585,0.020771095490713643,0.14959057629066025
0.05628572481320139,0.05665223636185267,0.035975913770443686,0.038911916384379804,0.11771953156853952,0.05393583667105702,0.14052856988856513,0.05628572481320139,0.05665223636185267,0.035975913770443686,0.038911916384379804,0.11771953156853952,0.05393583667105702,0.14052856988856513
0.03636361502864817,0.05804450198193822,0.03549299079511339,0.03750638541324462,0.11759326911360146,0.05467096260857899,0.16032870525253362,0.03636361502864817,0.05804450198193822,0.03549299079511339,0.03750638541324462,0.11759326911360146,0.05467096260857899,0.16032870525253362
0.05641412114225452,0.03717992935352097,0.05705080489187113,0.07929360135614451,0.11807292673258993,0.03268265082817323,0.11931189173701426,0.05641412114225452,0.03717992935352097,0.05705080489187113,0.07929360135614451,0.11807292673258993,0.03268265082817323,0.11931189173701426
0.05568194459397141,0.03761755438611793,0.0768160510059639,0.03829035711010565,0.11780258733667322,0.05426648212542041,0.11952997186182121,0.05568194459397141,0.03761755438611793,0.0768160510059639,0.03829035711010565,0.11780258733667322,0.05426648212542041,0.11952997186182121
0.022560609205639022,0.06391724324116804,0.10950058799442945,0.06776001554784022,0.10669901498968294,0.020194839405754516,0.10939040987307225,0.022560609205639022,0.06391724324116804,0.10950058799442945,0.06776001554784022,0.10669901498968294,0.020194839405754516,0.10939040987307225
0.05623242999308662,0.03741254035059218,0.03658579042556492,0.05859955078661832,0.13893874490539657,0.053112516934636055,0.11915534532884936,0.05623242999308662,0.03741254035059218,0.03658579042556492,0.05859955078661832,0.13893874490539657,0.053112516934636055,0.11915534532884936
0.024157105150553377,0.06697102663805472,0.06333053840321357,0.07009256021410033,0.10593778190551907,0.06249391144059448,0.10702776687559201,0.024157105150553377,0.06697102663805472,0.06333053840321357,0.07009256021410033,0.10593778190551907,0.06249391144059448,0.10702776687559201
0.02462180896787157,0.0662567182030952,0.14887995939037993,0.02743941853338996,0.10411827507789018,0.021442858892438663,0.10724381681979643,0.02462180896787157,0.0662567182030952,0.14887995939037993,0.02743941853338996,0.10411827507789018,0.021442858892438663,0.10724381681979643
0.0566989594289076,0.03611100500977962,0.03601591108740853,0.09997732253981957,0.11779178734889088,0.034055599475203875,0.11938224645070267,0.0566989594289076,0.03611100500977962,0.03601591108740853,0.09997732253981957,0.11779178734889088,0.034055599475203875,0.11938224645070267
0.1496799251783956,0.06659176736988714,0.024572648717298168,0.02608368060794257,0.10415859717771138,0.021885337647672178,0.10703767103055103,0.1496799251783956,0.06659176736988714,0.024572648717298168,0.02608368060794257,0.10415859717771138,0.021885337647672178,0.10703767103055103
0.025268436182336873,0.025288220102853556,0.10616267167946727,0.025108010703526893,0.147320077882355,0.0215992029499823,0.1492653182421836,0.025268436182336873,0.025288220102853556,0.10616267167946727,0.025108010703526893,0.147320077882355,0.0215992029499823,0.1492653182421836
0.037347634517059476,0.03633857437891092,0.036429905873627384,0.037268711694761814,0.13929640720846453,0.031501099441773046,0.18182241727850393,0.037347634517059476,0.03633857437891092,0.036429905873627384,0.037268711694761814,0.13929640720846453,0.031501099441773046,0.18182241727850393
0.05626699927230384,0.03754021484041465,0.03631486695724098,0.038578078198858994,0.11712001903372075,0.07480510849530309,0.13941597286722002,0.05626699927230384,0.03754021484041465,0.03631486695724098,0.038578078198858994,0.11712001903372075,0.07480510849530309,0.13941597286722002
0.058536598000582495,0.03588647487715322,0.03655577515634903,0.07964652781993942,0.11518452062500943,0.034811753408779386,0.1393825335762955,0.058536598000582495,0.03588647487715322,0.03655577515634903,0.07964652781993942,0.11518452062500943,0.034811753408779386,0.1393825335762955
0.07715513808673884,0.03641052791160455,0.056420604803169336,0.05889242317257195,0.11806796970744332,0.034090703219365075,0.11899419324746827,0.07715513808673884,0.03641052791160455,0.056420604803169336,0.05889242317257195,0.11806796970744332,0.034090703219365075,0.11899419324746827
0.10443165606500016,0.02494884647965408,0.06706020852532538,0.026017301082476626,0.1492785522219491,0.02242653554929258,0.10587657702580576,0.10443165606500016,0.02494884647965408,0.06706020852532538,0.026017301082476626,0.1492785522219491,0.02242653554929258,0.10587657702580576
0.02418325529702069,0.02416548309561743,0.02440464770991678,0.15134599330996223,0.10599349262328428,0.06335113646187705,0.10655897643440083,0.02418325529702069,0.02416548309561743,0.02440464770991678,0.15134599330996223,0.10599349262328428,0.06335113646187705,0.10655897643440083
0.02415942607513003,0.02422509685961105,0.024243413450533338,0.06799157824670823,0.22848605377551046,0.02202821016296925,0.10891359089952862,0.02415942607513003,0.02422509685961105,0.024243413450533338,0.06799157824670823,0.22848605377551046,0.02202821016296925,0.10891359089952862
0.07904060050251027,0.05634207624720764,0.057742046183409196,0.03839479794914475,0.11617437201526509,0.03325623812655031,0.11905272130428622,0.07904060050251027,0.05634207624720764,0.057742046183409196,0.03839479794914475,0.11617437201526509,0.03325623812655031,0.11905272130428622
0.024316290402227003,0.06812830324108904,0.02523797186895853,0.14991345182901505,0.10494837663564391,0.021526353009785577,0.10595792209172546,0.024316290402227003,0.06812830324108904,0.02523797186895853,0.14991345182901505,0.10494837663564391,0.021526353009785577,0.10595792209172546
0.024474591307440643,0.024727421015113788,0.06555105029770583,0.027186669498819465,0.10517166944392393,0.06193995567330488,0.19098282496786975,0.024474591307440643,0.024727421015113788,0.06555105029770583,0.027186669498819465,0.10517166944392393,0.06193995567330488,0.19098282496786975
0.03557691169762527,0.03587891663698457,0.036007150491366366,0.06043509135905318,0.15993128936581558,0.031859938477804696,0.14052878073977174,0.03557691169762527,0.03587891663698457,0.036007150491366366,0.06043509135905318,0.15993128936581558,0.031859938477804696,0.14052878073977174
0.02455489374385927,0.06696927135968991,0.026206638289353382,0.10954464869417359,0.1445315714371936,0.021527395011127447,0.10669814739602103,0.02455489374385927,0.06696927135968991,0.026206638289353382,0.10954464869417359,0.1445315714371936,0.021527395011127447,0.10669814739602103
0.02269102563255008,0.02317473784357004,0.023152589205493585,0.0281130308268914,0.10669892851406472,0.10493096725707467,0.1912729701524903,0.02269102563255008,0.02317473784357004,0.023152589205493585,0.0281130308268914,0.10669892851406472,0.10493096725707467,0.1912729701524903
0.024391439330040187,0.02485666628375584,0.02442845345983745,0.025960305917427914,0.1891223524726606,0.021654338985856485,0.18961309141846702,0.024391439330040187,0.02485666628375584,0.02442845345983745,0.025960305917427914,0.1891223524726606,0.021654338985856485,0.18961309141846702
0.06719987270447914,0.0251914708192162,0.063905991558418,0.0271248661676051,0.10603631412592819,0.06193066963858724,0.14863790496384913,0.06719987270447914,0.0251914708192162,0.063905991558418,0.0271248661676051,0.10603631412592819,0.06193066963858724,0.14863790496384913
0.07801819480291934,0.03612474565790099,0.035927230638932675,0.0366852224215046,0.11739252194075499,0.07660387332165773,0.1192487682289879,0.07801819480291934,0.03612474565790099,0.035927230638932675,0.0366852224215046,0.11739252194075499,0.07660387332165773,0.1192487682289879
0.03633061157888564,0.0772195870142523,0.07793734919476104,0.03764091002590442,0.11747152164151854,0.033905670758161616,0.11952895986953817,0.03633061157888564,0.0772195870142523,0.07793734919476104,0.03764091002590442,0.11747152164151854,0.033905670758161616,0.11952895986953817
0.0676382434838561,0.021691225247239945,0.06694007035673419,0.026352935590927044,0.1049475080870016,0.022086518427451546,0.1903459418945661,0.0676382434838561,0.021691225247239945,0.06694007035673419,0.026352935590927044,0.1049475080870016,0.022086518427451546,0.1903459418945661
0.03504845098242095,0.03629430635535347,0.05826656128334235,0.05905494066929467,0.13881160902692996,0.052890938908693785,0.11967814318526906,0.03504845098242095,0.03629430635535347,0.05826656128334235,0.05905494066929467,0.13881160902692996,0.052890938908693785,0.11967814318526906
0.023802004038771574,0.15083531760307994,0.02510060303022282,0.026029017593206045,0.10438669383303106,0.06275098773803356,0.10712897357917134,0.023802004038771574,0.15083531760307994,0.02510060303022282,0.026029017593206045,0.10438669383303106,0.06275098773803356,0.10712897357917134
0.024207576620322146,0.06572447946371204,0.023884786356899248,0.06933754205801115,0.10451330495706893,0.022182478176400875,0.1901818869333429,0.024207576620322146,0.06572447946371204,0.023884786356899248,0.06933754205801115,0.10451330495706893,0.022182478176400875,0.1901818869333429
0.06716482004474647,0.02488528309264485,0.06702993475665386,0.02724371792405954,0.1059019628665821,0.102383936970964,0.10542753868706603,0.06716482004474647,0.02488528309264485,0.06702993475665386,0.02724371792405954,0.1059019628665821,0.102383936970964,0.10542753868706603
0.034765935799782384,0.03495652391603283,0.05943059995340549,0.05959088567350052,0.11682479370571966,0.0539389745763021,0.14052294095963905,0.034765935799782384,0.03495652391603283,0.05943059995340549,0.05959088567350052,0.11682479370571966,0.0539389745763021,0.14052294095963905
0.03619706654391079,0.03725662341078395,0.03677291386922402,0.0798547779388023,0.11743533011414714,0.05432077179914643,0.13816630488065373,0.03619706654391079,0.03725662341078395,0.03677291386922402,0.0798547779388023,0.11743533011414714,0.05432077179914643,0.13816630488065373
0.03557553922853292,0.03614408713958448,0.07598548627430504,0.03962255996033006,0.11821993988384367,0.05457071275047302,0.13988468857191091,0.03557553922853292,0.03614408713958448,0.07598548627430504,0.03962255996033006,0.11821993988384367,0.05457071275047302,0.13988468857191091
0.03661796950233615,0.07912034141442043,0.03521337805789795,0.03743544217818323,0.11784300908177525,0.07494340088597617,0.11885568850213304,0.03661796950233615,0.07912034141442043,0.03521337805789795,0.03743544217818323,0.11784300908177525,0.07494340088597617,0.11885568850213304
0.06609581160406056,0.019005772129173624,0.06744897677346355,0.025877449625607313,0.15056637134606563,0.020357117836308284,0.15065908625725116,0.06609581160406056,0.019005772129173624,0.06744897677346355,0.025877449625607313,0.15056637134606563,0.020357117836308284,0.15065908625725116
0.0663407642217755,0.02524972976102091,0.02307206407195081,0.025274567962854395,0.10628659164751754,0.06321497623213859,0.1906020340756032,0.0663407642217755,0.02524972976102091,0.02307206407195081,0.025274567962854395,0.10628659164751754,0.06321497623213859,0.1906020340756032
0.03603966521213544,0.05907218547592418,0.035043734656548156,0.07834148947381667,0.13791909162410995,0.03432070570359372,0.1192644074619802,0.03603966521213544,0.05907218547592418,0.035043734656548156,0.07834148947381667,0.13791909162410995,0.03432070570359372,0.1192644074619802
0.02488612901357899,0.0249047737803762,0.1492132801975872,0.025279269299213484,0.10580571616134427,0.06292488197571108,0.10701913604296025,0.02488612901357899,0.0249047737803762,0.1492132801975872,0.025279269299213484,0.10580571616134427,0.06292488197571108,0.10701913604296025
0.0574144932690842,0.03518582622958688,0.057180831036378714,0.03606544662917067,0.13924053778174006,0.032753877290379076,0.1421735051619217,0.0574144932690842,0.03518582622958688,0.057180831036378714,0.03606544662917067,0.13924053778174006,0.032753877290379076,0.1421735051619217
0.02530660465376846,0.02646784983968303,0.026331746903003554,0.028152885025837154,0.14504883848880426,0.14374003517490158,0.10498056827318805,0.02530660465376846,0.02646784983968303,0.026331746903003554,0.028152885025837154,0.14504883848880426,0.14374003517490158,0.10498056827318805
0.024797203563187795,0.06657476576728444,0.10775604990542417,0.026772322285392006,0.10494917651189328,0.021052666649065854,0.1481001262701597,0.024797203563187795,0.06657476576728444,0.10775604990542417,0.026772322285392006,0.10494917651189328,0.021052666649065854,0.1481001262701597
0.03749942594877498,0.037645440945429744,0.056795403322989456,0.038739594014742244,0.11665328726120323,0.09451072335727047,0.11820715594229256,0.03749942594877498,0.037645440945429744,0.056795403322989456,0.038739594014742244,0.11665328726120323,0.09451072335727047,0.11820715594229256
0.02282399209000618,0.06755598943037493,0.02586858730563806,0.025448303042339616,0.10706948378384308,0.10539095602509128,0.14586935903430168,0.02282399209000618,0.06755598943037493,0.02586858730563806,0.025448303042339616,0.10706948378384308,0.10539095602509128,0.14586935903430168
0.05812181726520855,0.03796059481502828,0.0764833741687535,0.037659608595852316,0.13851359279785566,0.032445509905356225,0.11882601051170114,0.05812181726520855,0.03796059481502828,0.0764833741687535,0.037659608595852316,0.13851359279785566,0.032445509905356225,0.11882601051170114
0.03715485517040709,0.036407786859014,0.07687078801796192,0.03739752861079336,0.11742356690997331,0.07468915389453361,0.12008199476512714,0.03715485517040709,0.036407786859014,0.07687078801796192,0.03739752861079336,0.11742356690997331,0.07468915389453361,0.12008199476512714
0.02396889176639946,0.10857105692738422,0.025705813542102586,0.06593809626822233,0.14667651239487461,0.020143024063649127,0.10902729937177516,0.02396889176639946,0.10857105692738422,0.025705813542102586,0.06593809626822233,0.14667651239487461,0.020143024063649127,0.10902729937177516
0.0664498333729179,0.025705609054090233,0.06546621220409393,0.06785383140669918,0.1472313782560305,0.02144498930083887,0.10587667864208043,0.0664498333729179,0.025705609054090233,0.06546621220409393,0.06785383140669918,0.1472313782560305,0.02144498930083887,0.10587667864208043
0.0669214954702419,0.025887174465299895,0.022523637860607054,0.025840053094333734,0.1038343519139981,0.023521451984295585,0.2314823652739122,0.0669214954702419,0.025887174465299895,0.022523637860607054,0.025840053094333734,0.1038343519139981,0.023521451984295585,0.2314823652739122
0.02308177333970313,0.02304981284127366,0.10786469816964256,0.023995604393849897,0.10937632649264133,0.022221581378652162,0.1904177756433237,0.02308177333970313,0.02304981284127366,0.10786469816964256,0.023995604393849897,0.10937632649264133,0.022221581378652162,0.1904177756433237
0.05696505391843965,0.05692223725083993,0.05725484698113603,0.03802699545042759,0.11754579216374979,0.03302750247435207,0.14026109058712988,0.05696505391843965,0.05692223725083993,0.05725484698113603,0.03802699545042759,0.11754579216374979,0.03302750247435207,0.14026109058712988
0.03564545392865885,0.03718233935073989,0.05728935432465597,0.038480955085612195,0.13809122177462674,0.05488050562155532,0.13845326536485844,0.03564545392865885,0.03718233935073989,0.05728935432465597,0.038480955085612195,0.13809122177462674,0.05488050562155532,0.13845326536485844
0.09738598892608441,0.05823844762518768,0.03568791124521826,0.03791355708906824,0.1182403266387146,0.033768238127409006,0.1187739879791357,0.09738598892608441,0.05823844762518768,0.03568791124521826,0.03791355708906824,0.1182403266387146,0.033768238127409006,0.1187739879791357
0.06402054695012896,0.02659634524109956,0.1059064348749275,0.026028243036591143,0.14934133348675124,0.02139606039590991,0.10673845101228588,0.06402054695012896,0.02659634524109956,0.1059064348749275,0.026028243036591143,0.14934133348675124,0.02139606039590991,0.10673845101228588
0.06404679744922753,0.025703550722183346,0.02484418064499246,0.06646660462952816,0.10653124948886906,0.1043668235852706,0.10804431848350676,0.06404679744922753,0.025703550722183346,0.02484418064499246,0.06646660462952816,0.10653124948886906,0.1043668235852706,0.10804431848350676
0.10754878695436144,0.06598279162221958,0.024054834036093927,0.02564120841448333,0.10672273349643628,0.06303576968619282,0.10703854513824371,0.10754878695436144,0.06598279162221958,0.024054834036093927,0.02564120841448333,0.10672273349643628,0.06303576968619282,0.10703854513824371
0.024202781561595207,0.024787616123752274,0.1068384221173893,0.027256031953137517,0.10572560782828302,0.10520761579478612,0.10599406083273664,0.024202781561595207,0.024787616123752274,0.1068384221173893,0.027256031953137517,0.10572560782828302,0.10520761579478612,0.10599406083273664
0.0,0.0,0.0,0.0,0.5000000157712066,0.0,0.0,0.0,0.0,0.0,0.0,0.5000000157712066,0.0,0.0
0.03633846105292815,0.03718089115280735,0.05563373130448996,0.05836393288023226,0.15960873769602432,0.03328456341131478,0.11962309881423173,0.03633846105292815,0.03718089115280735,0.05563373130448996,0.05836393288023226,0.15960873769602432,0.03328456341131478,0.11962309881423173
0.06225777128461131,0.026548394597654557,0.10885411295616562,0.06712897500729671,0.10643855490551317,0.0201641039058783,0.10862180644651123,0.06225777128461131,0.026548394597654557,0.10885411295616562,0.06712897500729671,0.10643855490551317,0.0201641039058783,0.10862180644651123
0.10385144492992074,0.031193971091494015,0.023285482811192706,0.10789673666340809,0.10603709321664938,0.022241699463086496,0.10550379279178754,0.10385144492992074,0.031193971091494015,0.023285482811192706,0.10789673666340809,0.10603709321664938,0.022241699463086496,0.10550379279178754
0.03676828610250141,0.09841602749210993,0.03560251718108364,0.037853899320963426,0.13912235996814257,0.03332767610566714,0.11964943359736659,0.03676828610250141,0.09841602749210993,0.03560251718108364,0.037853899320963426,0.13912235996814257,0.03332767610566714,0.11964943359736659
0.02522752836300439,0.025296679452400987,0.06713012660064831,0.0680074838987442,0.10453876383069091,0.021035008043992786,0.1895180327555007,0.02522752836300439,0.025296679452400987,0.06713012660064831,0.0680074838987442,0.10453876383069091,0.021035008043992786,0.1895180327555007
0.023282585885711166,0.024382876322914467,0.06530030322187524,0.02535933573325618,0.19064403662853202,0.06317261309188284,0.10786686407368627,0.023282585885711166,0.024382876322914467,0.06530030322187524,0.02535933573325618,0.19064403662853202,0.06317261309188284,0.10786686407368627
0.03517308636088585,0.03552989948351332,0.056071461932363544,0.05977900433699404,0.11877786845969651,0.07550809337129549,0.1191640016816552,0.03517308636088585,0.03552989948351332,0.056071461932363544,0.05977900433699404,0.11877786845969651,0.07550809337129549,0.1191640016816552
0.023334395648212512,0.024578712333266972,0.0645971033996214,0.11011871535898089,0.10693948928321265,0.06320498839499995,0.10725396415138286,0.023334395648212512,0.024578712333266972,0.0645971033996214,0.11011871535898089,0.10693948928321265,0.06320498839499995,0.10725396415138286
0.05670271607139984,0.05744944067747936,0.03607799719661543,0.0793637078121923,0.11766128528867344,0.03354967287579715,0.11997960470642842,0.05670271607139984,0.05744944067747936,0.03607799719661543,0.0793637078121923,0.11766128528867344,0.03354967287579715,0.11997960470642842
0.037963296362268875,0.056882266658658476,0.05765790884910492,0.058348876132418244,0.11796671227961851,0.05216375697349336,0.11904858773340252,0.037963296362268875,0.056882266658658476,0.05765790884910492,0.058348876132418244,0.11796671227961851,0.05216375697349336,0.11904858773340252
0.10530917279333848,0.02402666046827149,0.06710925714874369,0.028119709653480002,0.1059453663284132,0.06397738584378175,0.10554203386656145,0.10530917279333848,0.02402666046827149,0.06710925714874369,0.028119709653480002,0.1059453663284132,0.06397738584378175,0.10554203386656145
0.023712676210048512,0.02463598878921455,0.022206446580187292,0.10725168915526155,0.10942295334405386,0.10533558819184047,0.10743699874530822,0.023712676210048512,0.02463598878921455,0.022206446580187292,0.10725168915526155,0.10942295334405386,0.10533558819184047,0.10743699874530822
0.03643344283676297,0.060219028616909864,0.037610476126317384,0.03740174300997075,0.11734814746914253,0.03142596519228286,0.17958769589424703,0.03643344283676297,0.060219028616909864,0.037610476126317384,0.03740174300997075,0.11734814746914253,0.03142596519228286,0.17958769589424703
0.11177901031260314,0.06807019994303411,0.024295827004300972,0.0632701814547078,0.10490298227868748,0.02111910703997204,0.10657690245712331,0.11177901031260314,0.06807019994303411,0.024295827004300972,0.0632701814547078,0.10490298227868748,0.02111910703997204,0.10657690245712331
0.035797467895640964,0.057476634124634,0.035476279430147674,0.05786356203714945,0.13969971172198145,0.05283632790794723,0.12086314664972825,0.035797467895640964,0.057476634124634,0.035476279430147674,0.05786356203714945,0.13969971172198145,0.05283632790794723,0.12086314664972825
0.06429392617608658,0.14903150482246177,0.02605194706783432,0.028576105378160976,0.10378633693286433,0.02198865740613886,0.10631044014941833,0.06429392617608658,0.14903150482246177,0.02605194706783432,0.028576105378160976,0.10378633693286433,0.02198865740613886,0.10631044014941833
0.02468798664778398,0.06608123005461097,0.02429018463692589,0.02557160231234892,0.14729249022907975,0.10499054718749648,0.10711212180162458,0.02468798664778398,0.06608123005461097,0.02429018463692589,0.02557160231234892,0.14729249022907975,0.10499054718749648,0.10711212180162458
0.03625375762176154,0.038295580182894785,0.098721841843483,0.0363420561899489,0.11774635210625492,0.05377636104598186,0.11889644298966219,0.03625375762176154,0.038295580182894785,0.098721841843483,0.0363420561899489,0.11774635210625492,0.05377636104598186,0.11889644298966219
0.05597037623989802,0.037056853708756506,0.035495761939555115,0.07991404287779694,0.11728404668832408,0.05488954188479764,0.11942763379655331,0.05597037623989802,0.037056853708756506,0.035495761939555115,0.07991404287779694,0.11728404668832408,0.05488954188479764,0.11942763379655331
0.14844290673091592,0.02448229559466757,0.024168535257878657,0.026789721308103073,0.14731529604201496,0.021422607720696953,0.10738604831711498,0.14844290673091592,0.02448229559466757,0.024168535257878657,0.026789721308103073,0.14731529604201496,0.021422607720696953,0.10738604831711498
0.024439542183934064,0.024545328565906396,0.024520538265550274,0.19215763056629276,0.10565875065338817,0.021605567459107293,0.10709750818957312,0.024439542183934064,0.024545328565906396,0.024520538265550274,0.19215763056629276,0.10565875065338817,0.021605567459107293,0.10709750818957312
0.02492146744300406,0.06660958706625389,0.06592053556045623,0.027209075348700564,0.10563489747041988,0.10294838266227554,0.10676075393706619,0.02492146744300406,0.06660958706625389,0.06592053556045623,0.027209075348700564,0.10563489747041988,0.10294838266227554,0.10676075393706619
0.07795876001027623,0.0368436808838895,0.03650879945041536,0.03694146415732591,0.13809844309496455,0.03514233517246655,0.13859699347777849,0.07795876001027623,0.0368436808838895,0.03650879945041536,0.03694146415732591,0.13809844309496455,0.03514233517246655,0.13859699347777849
0.0769074834265386,0.03656582440600023,0.03575092189134337,0.03887395084177447,0.11848698613025307,0.05378084953229916,0.14087350459159792,0.0769074834265386,0.03656582440600023,0.03575092189134337,0.03887395084177447,0.11848698613025307,0.05378084953229916,0.14087350459159792
0.023235366953908914,0.10835252569137575,0.025567603914288625,0.026151239616255994,0.10645854068324263,0.018373385685308517,0.191898709391299,0.023235366953908914,0.10835252569137575,0.025567603914288625,0.026151239616255994,0.10645854068324263,0.018373385685308517,0.191898709391299
0.035076391955044965,0.05664788946379494,0.05663363106119658,0.037282579220248864,0.12033310397785092,0.03192620860977292,0.16215444838422333,0.035076391955044965,0.05664788946379494,0.05663363106119658,0.037282579220248864,0.12033310397785092,0.03192620860977292,0.16215444838422333
0.02664532138222407,0.0272096843067825,0.0272981551028434,0.027275147052903265,0.14136657129339095,0.1021398500220933,0.14809040868254764,0.02664532138222407,0.0272096843067825,0.0272981551028434,0.027275147052903265,0.14136657129339095,0.1021398500220933,0.14809040868254764
0.056935744507023496,0.05710551976002898,0.056918819640868,0.05914379185200909,0.11782725936756246,0.03342363843014052,0.11867436431328353,0.056935744507023496,0.05710551976002898,0.056918819640868,0.05914379185200909,0.11782725936756246,0.03342363843014052,0.11867436431328353
0.024626258027713423,0.06470322394900119,0.06694008028249164,0.026352939498494595,0.10494752364843601,0.02208652170240217,0.19034597011873203,0.024626258027713423,0.06470322394900119,0.06694008028249164,0.026352939498494595,0.10494752364843601,0.02208652170240217,0.19034597011873203
0.023013735603873615,0.02406701842806069,0.15039045198370007,0.0248073054307922,0.1477788997387598,0.022278684984794253,0.10766530507918054,0.023013735603873615,0.02406701842806069,0.15039045198370007,0.0248073054307922,0.1477788997387598,0.022278684984794253,0.10766530507918054
0.024072177608837095,0.06675264537631588,0.10788891615237572,0.027199095601719455,0.10481439237624612,0.062255372849498364,0.10704736850600108,0.024072177608837095,0.06675264537631588,0.10788891615237572,0.027199095601719455,0.10481439237624612,0.062255372849498364,0.10704736850600108
0.07833189724639368,0.03556445621772858,0.05719829475919814,0.038919372059915705,0.11787477758406374,0.054348827022135976,0.11777819250151675,0.07833189724639368,0.03556445621772858,0.05719829475919814,0.038919372059915705,0.11787477758406374,0.054348827022135976,0.11777819250151675
0.02652860108314736,0.02695317121800152,0.024878329987021164,0.0263911796802749,0.14588884334665145,0.06075778613961404,0.18860213117225824,0.02652860108314736,0.02695317121800152,0.024878329987021164,0.0263911796802749,0.14588884334665145,0.06075778613961404,0.18860213117225824
0.06523431895713241,0.025199698151679766,0.06591912204178077,0.0674470656313361,0.1055834663730849,0.06361006090209112,0.10701333929422169,0.06523431895713241,0.025199698151679766,0.06591912204178077,0.0674470656313361,0.1055834663730849,0.06361006090209112,0.10701333929422169
0.024462661431849053,0.024072805791126032,0.0654042232715606,0.06704239755437634,0.10626318346560583,0.10541607165979777,0.10738538636938558,0.024462661431849053,0.024072805791126032,0.0654042232715606,0.06704239755437634,0.10626318346560583,0.10541607165979777,0.10738538636938558
0.03532950356316926,0.07823050233670434,0.0562751434870034,0.05883998135796405,0.11795918591695452,0.03397882809368757,0.11939771041332517,0.03532950356316926,0.07823050233670434,0.0562751434870034,0.05883998135796405,0.11795918591695452,0.03397882809368757,0.11939771041332517
0.02369419772388697,0.02385514154316615,0.06751287859285315,0.06834923070321902,0.18913311206632838,0.019861159092555373,0.10763547863116432,0.02369419772388697,0.02385514154316615,0.06751287859285315,0.06834923070321902,0.18913311206632838,0.019861159092555373,0.10763547863116432
0.03503432991962009,0.05653880647421335,0.035818172653801016,0.03771629134315496,0.1607539642139934,0.054387858520228025,0.11975968293680489,0.03503432991962009,0.05653880647421335,0.035818172653801016,0.03771629134315496,0.1607539642139934,0.054387858520228025,0.11975968293680489
0.03648202682564938,0.05781216013027779,0.07606774864959044,0.05858285684023115,0.11765043728158049,0.033951614159529096,0.11945839532282992,0.03648202682564938,0.05781216013027779,0.07606774864959044,0.05858285684023115,0.11765043728158049,0.033951614159529096,0.11945839532282992
0.03586062006272921,0.03696031666468588,0.055866573754131614,0.059161829506064946,0.13809055277232898,0.03333710196951518,0.140746963550926,0.03586062006272921,0.03696031666468588,0.055866573754131614,0.059161829506064946,0.13809055277232898,0.03333710196951518,0.140746963550926
0.02569815318046415,0.02574077637984649,0.18862965257712772,0.02502009427392849,0.10502585977714336,0.020720009471625257,0.10923350930601593,0.02569815318046415,0.02574077637984649,0.18862965257712772,0.02502009427392849,0.10502585977714336,0.020720009471625257,0.10923350930601593
0.0775702575327986,0.03615928115480523,0.03677353563578263,0.03758101252974492,0.11728921074800797,0.032821251844269754,0.16184429154772378,0.0775702575327986,0.03615928115480523,0.03677353563578263,0.03758101252974492,0.11728921074800797,0.032821251844269754,0.16184429154772378
0.0584053286579253,0.03796833751203678,0.03548092203409785,0.03899584507908998,0.15716020282622808,0.032839728628434546,0.13937135660853706,0.0584053286579253,0.03796833751203678,0.03548092203409785,0.03899584507908998,0.15716020282622808,0.032839728628434546,0.13937135660853706
0.06556045730687622,0.10823895698377024,0.024967250943614315,0.026336743736788296,0.10578864247670287,0.021757348124575606,0.14741817507586064,0.06556045730687622,0.10823895698377024,0.024967250943614315,0.026336743736788296,0.10578864247670287,0.021757348124575606,0.14741817507586064
0.0352620731606309,0.03545104776793532,0.05742657163167847,0.03768826808761302,0.15938984816272228,0.03364232744792918,0.14116492598723623,0.0352620731606309,0.03545104776793532,0.05742657163167847,0.03768826808761302,0.15938984816272228,0.03364232744792918,0.14116492598723623
0.07838345488525345,0.037525567405964196,0.03695243080639984,0.05826268485452021,0.13839055529932212,0.031361816753437174,0.11933691405654898,0.07838345488525345,0.037525567405964196,0.03695243080639984,0.05826268485452021,0.13839055529932212,0.031361816753437174,0.11933691405654898
0.0,0.0,0.0,0.5000001058144683,0.0,0.0,0.0,0.0,0.0,0.0,0.5000001058144683,0.0,0.0,0.0
0.05583110509319646,0.03685404181064776,0.03587717756310725,0.05930340824870579,0.13834963437932155,0.033107349581968384,0.14070657360507485,0.05583110509319646,0.03685404181064776,0.03587717756310725,0.05930340824870579,0.13834963437932155,0.033107349581968384,0.14070657360507485
