f_1,f_2,f_3,f_4,f_5,f_6,f_7,f_1_min,f_2_min,f_3_min,f_4_min,f_5_min,f_6_min,f_7_min
0.003623223475102912,0.0012917312357541687,0.001292539294712122,0.0013162990856717509,0.001326927816478763,5.625110043937166e-6,13.992065284042077,0.003623223475102912,0.0012917312357541687,0.001292539294712122,0.0013162990856717509,0.001326927816478763,5.625110043937166e-6,13.992065284042077
0.0013241844179709068,0.0013054300125059338,0.0012944948152885986,0.008259763426227168,0.0013382811645542255,0.0006471556319541761,13.98573930773284,0.0013241844179709068,0.0013054300125059338,0.0012944948152885986,0.008259763426227168,0.0013382811645542255,0.0006471556319541761,13.98573930773284
0.001321988936605411,0.0013214490873034793,0.0013502249983892776,0.0037632741176331992,0.0059533489816305275,0.0006432197680177481,13.985549751088604,0.001321988936605411,0.0013214490873034793,0.0013502249983892776,0.0037632741176331992,0.0059533489816305275,0.0006432197680177481,13.985549751088604
0.004567712070567945,0.0,0.004583714262123367,0.00466892149506653,0.004650419204426402,0.0,13.981028531968207,0.004567712070567945,0.0,0.004583714262123367,0.00466892149506653,0.004650419204426402,0.0,13.981028531968207
0.005898722872187807,0.0013541243267406514,0.001300028317603688,0.0014086132200044408,0.0013180342447895715,0.001690495210295856,13.986976491773783,0.005898722872187807,0.0013541243267406514,0.001300028317603688,0.0014086132200044408,0.0013180342447895715,0.001690495210295856,13.986976491773783
0.0,0.000028595362721246654,0.00459861271320291,1.1024963949826314e-6,0.009281568782599446,0.0,13.98522802451441,0.0,0.000028595362721246654,0.00459861271320291,1.1024963949826314e-6,0.009281568782599446,0.0,13.98522802451441
3.7390762923535104e-6,0.004628791976836846,1.811997055992989e-7,4.89591576048208e-6,0.0,0.0,13.995414448680664,3.7390762923535104e-6,0.004628791976836846,1.811997055992989e-7,4.89591576048208e-6,0.0,0.0,13.995414448680664
0.0013003117580792124,0.001311063696648204,0.0012908764601423425,0.001359191752435202,0.005970901133281457,0.0005609945163331115,13.988233472947478,0.0013003117580792124,0.001311063696648204,0.0012908764601423425,0.001359191752435202,0.005970901133281457,0.0005609945163331115,13.988233472947478
0.009296399321443286,0.004593667925943164,0.0,0.0,0.0,0.000021586138242376036,13.985633791478508,0.009296399321443286,0.004593667925943164,0.0,0.0,0.0,0.000021586138242376036,13.985633791478508
1.2514214535637447e-7,0.004646767253298549,0.0,0.004703517784489098,0.00002478806511167905,0.0,13.9905437729836,1.2514214535637447e-7,0.004646767253298549,0.0,0.004703517784489098,0.00002478806511167905,0.0,13.9905437729836
0.000030407674668118663,0.00008531538215625985,0.004570942572972105,1.1024963949826314e-6,0.009281568782599446,0.0006299624313702745,13.984615591477052,0.000030407674668118663,0.00008531538215625985,0.004570942572972105,1.1024963949826314e-6,0.009281568782599446,0.0006299624313702745,13.984615591477052
0.00131920154092411,0.001262174863591906,0.0012332204974543814,0.00005240981923487157,0.0013379772640953053,0.0022622667113408957,13.992780032708152,0.00131920154092411,0.001262174863591906,0.0012332204974543814,0.00005240981923487157,0.0013379772640953053,0.0022622667113408957,13.992780032708152
0.0013312560515874134,0.001593113112412503,0.001320191576535374,0.0036300929659573156,0.0013411476780677998,0.000634472812139659,13.990239598042612,0.0013312560515874134,0.001593113112412503,0.001320191576535374,0.0036300929659573156,0.0013411476780677998,0.000634472812139659,13.990239598042612
0.004572827715838267,0.004659631137842667,0.004676122108491257,0.004576955409234954,0.0,5.358532676861992e-6,13.981498111288802,0.004572827715838267,0.004659631137842667,0.004676122108491257,0.004576955409234954,0.0,5.358532676861992e-6,13.981498111288802
0.0013393353693625714,0.008300754750183931,0.0013058187705234578,0.0013602243644033334,0.0013328989135415975,0.0006298323032639966,13.985485063021708,0.0013393353693625714,0.008300754750183931,0.0013058187705234578,0.0013602243644033334,0.0013328989135415975,0.0006298323032639966,13.985485063021708
0.004569503176380305,0.009287060126064468,0.0,0.0,0.00461252843487938,0.0,13.980556929998139,0.004569503176380305,0.009287060126064468,0.0,0.0,0.00461252843487938,0.0,13.980556929998139
0.009300242575430242,0.004485240850025215,0.0010809757526074578,0.00003825576243041747,0.0,0.0006335687554444564,13.983734616458205,0.009300242575430242,0.004485240850025215,0.0010809757526074578,0.00003825576243041747,0.0,0.0006335687554444564,13.983734616458205
0.000607367380993535,0.0011563766598908897,0.005878349054442643,0.006166862819542726,0.005926635340328163,0.0006325898734411936,13.979415045113047,0.000607367380993535,0.0011563766598908897,0.005878349054442643,0.006166862819542726,0.005926635340328163,0.0006325898734411936,13.979415045113047
0.004646674653492748,0.000018694415171009206,0.013961085625858405,0.0,0.0,0.0,13.979684316706747,0.004646674653492748,0.000018694415171009206,0.013961085625858405,0.0,0.0,0.0,13.979684316706747
0.000018162528163535863,0.000020135986828312977,0.003617353125323442,0.004740379141107439,1.7352107112903615e-6,0.0007325353621218346,13.990764031151635,0.000018162528163535863,0.000020135986828312977,0.003617353125323442,0.004740379141107439,1.7352107112903615e-6,0.0007325353621218346,13.990764031151635
0.0012906590414833606,0.0013236897451916843,0.003574947427604498,0.0035985230479154205,0.0013333793071230587,0.000628699438448229,13.98837965181282,0.0012906590414833606,0.0013236897451916843,0.003574947427604498,0.0035985230479154205,0.0013333793071230587,0.000628699438448229,13.98837965181282
0.01105981454955892,0.001186574102261197,0.0012876565268131334,0.0013064756408779957,0.0013244860862442233,0.0006592385338194213,13.98245138150701,0.01105981454955892,0.001186574102261197,0.0012876565268131334,0.0013064756408779957,0.0013244860862442233,0.0006592385338194213,13.98245138150701
0.00003256371367844012,0.009235993554873732,0.0013767404273097934,0.0,0.0,0.0005789928457480967,13.989549616427984,0.00003256371367844012,0.009235993554873732,0.0013767404273097934,0.0,0.0,0.0005789928457480967,13.989549616427984
0.004628197881804,0.0013254542986201308,0.0012997406344346322,0.0,0.006046797445844086,0.0,13.986452357737956,0.004628197881804,0.0013254542986201308,0.0012997406344346322,0.0,0.006046797445844086,0.0,13.986452357737956
0.0,0.0,0.0,0.009274506401966923,0.004583048493896345,6.618064519477951e-6,13.985911055457372,0.0,0.0,0.0,0.009274506401966923,0.004583048493896345,6.618064519477951e-6,13.985911055457372
0.008431864643313768,0.0013387452043466634,0.0013946972233011353,0.0005505230774507288,0.0013706783362489906,0.00017818888902915376,13.98639239902658,0.008431864643313768,0.0013387452043466634,0.0013946972233011353,0.0005505230774507288,0.0013706783362489906,0.00017818888902915376,13.98639239902658
0.0013684422037186445,0.001304492279739955,0.00356431375029015,0.0036369741002519676,0.003674032899341208,0.0006794052924857792,13.985638908513861,0.0013684422037186445,0.001304492279739955,0.00356431375029015,0.0036369741002519676,0.003674032899341208,0.0006794052924857792,13.985638908513861
0.0,0.004663843382315678,0.00465760960361122,0.0,0.009353099684842731,6.906635767153541e-7,13.980371244819048,0.0,0.004663843382315678,0.00465760960361122,0.0,0.009353099684842731,6.906635767153541e-7,13.980371244819048
0.004635278852693339,0.0,1.3512526561608798e-7,0.009275290300937981,0.004586873598807061,0.0,13.980621975902814,0.004635278852693339,0.0,1.3512526561608798e-7,0.009275290300937981,0.004586873598807061,0.0,13.980621975902814
0.005844297502175277,0.0036145719787505346,0.0013869709925590876,0.0013406327802430197,0.001292908438050607,0.0006263694310080543,13.98637974995927,0.005844297502175277,0.0036145719787505346,0.0013869709925590876,0.0013406327802430197,0.001292908438050607,0.0006263694310080543,13.98637974995927
0.003623384537310084,0.008282689347833213,0.0013308411241069575,0.0010969263093305245,0.0013268261400984287,9.137408309118223e-6,13.984258105372227,0.003623384537310084,0.008282689347833213,0.0013308411241069575,0.0010969263093305245,0.0013268261400984287,9.137408309118223e-6,13.984258105372227
0.0,0.009298307147424922,0.0,0.0,0.004668850156358421,0.000623505142229269,13.984666845613758,0.0,0.009298307147424922,0.0,0.0,0.004668850156358421,0.000623505142229269,13.984666845613758
0.004663668941618314,0.001348029932109394,0.0,0.0,0.004489749220635291,0.0020899673381403862,13.987399177129307,0.004663668941618314,0.001348029932109394,0.0,0.0,0.004489749220635291,0.0020899673381403862,13.987399177129307
0.0013224583179538148,0.0010822792216596854,0.00006980717234395905,0.011423903549244574,0.0013189374522294458,0.00044664022573467335,13.98368562580609,0.0013224583179538148,0.0010822792216596854,0.00006980717234395905,0.011423903549244574,0.0013189374522294458,0.00044664022573467335,13.98368562580609
0.0045677120705679445,0.0,0.000011228275152588927,0.009638150356362125,0.000029669759963286274,0.0006514830446336939,13.984657428866203,0.0045677120705679445,0.0,0.000011228275152588927,0.009638150356362125,0.000029669759963286274,0.0006514830446336939,13.984657428866203
0.006076004838258179,0.009203183157972975,0.004561631633664548,0.0013352523625647405,0.004633154551681588,0.0006330278881212257,13.972445708954556,0.006076004838258179,0.009203183157972975,0.004561631633664548,0.0013352523625647405,0.004633154551681588,0.0006330278881212257,13.972445708954556
0.0046026603496115235,0.004667220009803397,0.0,0.0,0.0,0.000015076871536335982,13.99127523569402,0.0046026603496115235,0.004667220009803397,0.0,0.0,0.0,0.000015076871536335982,13.99127523569402
0.0037089564972383167,0.0013588368489248388,0.0038484999119920617,0.0012384365100125553,0.0013202625678440634,0.0003568333203904152,13.988085785739557,0.0037089564972383167,0.0013588368489248388,0.0038484999119920617,0.0012384365100125553,0.0013202625678440634,0.0003568333203904152,13.988085785739557
0.0013528305006007572,0.0013264371404849709,0.0013648614242990197,0.0012623139038271218,0.005947403077783775,0.0017340537945750092,13.98709456428657,0.0013528305006007572,0.0013264371404849709,0.0013648614242990197,0.0012623139038271218,0.005947403077783775,0.0017340537945750092,13.98709456428657
0.0013192015409241099,0.0012613390561653434,0.0012357822792432205,0.00597121278310722,0.0013379772640953053,0.0005516615369958356,13.988243314244045,0.0013192015409241099,0.0012613390561653434,0.0012357822792432205,0.00597121278310722,0.0013379772640953053,0.0005516615369958356,13.988243314244045
0.004564383212050471,0.0013266029396792679,0.0035701902865837394,0.003610576295348506,0.005947403077783775,0.0016361319606018724,13.978974158128311,0.004564383212050471,0.0013266029396792679,0.0035701902865837394,0.003610576295348506,0.005947403077783775,0.0016361319606018724,13.978974158128311
0.0013929882731563746,0.00124652570372181,0.0013029918917384362,0.0013313121508710824,0.009868441682129211,4.241652090314406e-6,13.984368977353581,0.0013929882731563746,0.00124652570372181,0.0013029918917384362,0.0013313121508710824,0.009868441682129211,4.241652090314406e-6,13.984368977353581
0.0013241844179709068,0.0035801303633898394,0.001304952633673741,0.008259763426227168,0.0013382811645542257,0.0006472476598386651,13.983294512167463,0.0013241844179709068,0.0035801303633898394,0.001304952633673741,0.008259763426227168,0.0013382811645542257,0.0006472476598386651,13.983294512167463
0.0,0.004498393196727728,0.0,0.01405793502513629,0.00001871115664783254,0.0,13.979750905210164,0.0,0.004498393196727728,0.0,0.01405793502513629,0.00001871115664783254,0.0,13.979750905210164
0.0,0.014014989622622386,0.0,0.0,0.0,0.0,13.98451177166667,0.0,0.014014989622622386,0.0,0.0,0.0,0.0,13.98451177166667
1.251421453556833e-7,0.004656326394876898,0.004641726130961067,0.004704740655190957,0.004759004595198638,9.167802219305723e-8,13.980746994592069,1.251421453556833e-7,0.004656326394876898,0.004641726130961067,0.004704740655190957,0.004759004595198638,9.167802219305723e-8,13.980746994592069
0.005844297502175277,0.0036565931249091157,0.0013869709925590874,0.0013099907863438477,0.0012929084380506068,0.0,13.986934230461708,0.005844297502175277,0.0036565931249091157,0.0013869709925590874,0.0013099907863438477,0.0012929084380506068,0.0,13.986934230461708
0.009268809973049276,0.004537718182516825,0.0,0.004628398180780686,0.0,0.000021956055044397918,13.98106147849753,0.009268809973049276,0.004537718182516825,0.0,0.004628398180780686,0.0,0.000021956055044397918,13.98106147849753
4.1002720889274764e-6,0.009483200719766532,0.000024340471050675233,0.0,0.009279585633735352,3.6351132007585433e-10,13.97964813828641,4.1002720889274764e-6,0.009483200719766532,0.000024340471050675233,0.0,0.009279585633735352,3.6351132007585433e-10,13.97964813828641
0.009226206807393545,0.004662333551199143,0.0046191904318025195,0.00002022208728347115,0.0,4.5280634220905245e-7,13.980973771157949,0.009226206807393545,0.004662333551199143,0.0046191904318025195,0.00002022208728347115,0.0,4.5280634220905245e-7,13.980973771157949
0.0036114408021149054,0.001328828620062535,0.0013771324051170654,0.0036645461782309147,0.001343383646491504,0.000650054920016355,13.98829232057934,0.0036114408021149054,0.001328828620062535,0.0013771324051170654,0.0036645461782309147,0.001343383646491504,0.000650054920016355,13.98829232057934
0.0035824133983587796,0.003530634689730785,0.0035289834336985353,0.001252921749161839,0.0037366849809276825,0.0006074596520562098,13.98378317685014,0.0035824133983587796,0.003530634689730785,0.0035289834336985353,0.001252921749161839,0.0037366849809276825,0.0006074596520562098,13.98378317685014
0.0,0.000010798752417768045,0.004598375932535691,0.000013075543098834547,0.0046688137442207275,2.816470171824896e-9,13.990470113272309,0.0,0.000010798752417768045,0.004598375932535691,0.000013075543098834547,0.0046688137442207275,2.816470171824896e-9,13.990470113272309
0.0013290597536453636,0.0036439029334216443,0.0036146020903734576,0.0036227234268202896,0.0036831593453063344,0.0006255564092334211,13.98335540568233,0.0013290597536453636,0.0036439029334216443,0.0036146020903734576,0.0036227234268202896,0.0036831593453063344,0.0006255564092334211,13.98335540568233
0.0036007661143849,0.0013239614833325149,0.001320161341535655,0.0013078009306177064,0.0013443101424215928,0.0007049365253439597,13.990487939776138,0.0036007661143849,0.0013239614833325149,0.001320161341535655,0.0013078009306177064,0.0013443101424215928,0.0007049365253439597,13.990487939776138
0.0,0.003429273445925383,0.003409381293455735,0.0011622429074998886,0.0036165117472910365,0.000010459540281210927,13.988537536460749,0.0,0.003429273445925383,0.003409381293455735,0.0011622429074998886,0.0036165117472910365,0.000010459540281210927,13.988537536460749
0.0059246741319001345,0.001342003383697612,0.003727461707317161,0.0013369884174787188,0.0036678212242369245,0.00059925025606981,13.983271617077575,0.0059246741319001345,0.001342003383697612,0.003727461707317161,0.0013369884174787188,0.0036678212242369245,0.00059925025606981,13.983271617077575
0.0012820255121458544,0.0013158059023373816,0.0012729627764687355,0.00003427265258376579,0.003588845341016226,9.636690091562711e-7,13.992518972011224,0.0012820255121458544,0.0013158059023373816,0.0012729627764687355,0.00003427265258376579,0.003588845341016226,9.636690091562711e-7,13.992518972011224
0.0,0.0,0.0,0.0047524730682973575,0.004583048493896345,0.0,13.99109609283507,0.0,0.0,0.0,0.0047524730682973575,0.004583048493896345,0.0,13.99109609283507
0.003677780265296467,0.0036735275051988916,0.005970614987529597,0.0013247216646361183,0.001331007465115797,0.0006084132267978974,13.984051908154996,0.003677780265296467,0.0036735275051988916,0.005970614987529597,0.0013247216646361183,0.001331007465115797,0.0006084132267978974,13.984051908154996
0.0,0.009253511930102196,0.004786930813307566,0.0047633463254435635,0.0001038325717871054,1.2245582719925185e-6,13.980296802555825,0.0,0.009253511930102196,0.004786930813307566,0.0047633463254435635,0.0001038325717871054,1.2245582719925185e-6,13.980296802555825
0.003715322877066292,0.001285864643259726,0.0014479473759710787,0.0036650886835314926,0.0035997864258484466,0.00062917637128314,13.986485824127676,0.003715322877066292,0.001285864643259726,0.0014479473759710787,0.0036650886835314926,0.0035997864258484466,0.00062917637128314,13.986485824127676
0.013939022986842391,0.0,0.004654139415362248,0.0,0.0,0.000018475262622603997,13.979577839315546,0.013939022986842391,0.0,0.004654139415362248,0.0,0.0,0.000018475262622603997,13.979577839315546
0.0014074518398120867,0.005983842083089353,0.0013965201255300719,0.0036812216466697457,0.00003419108672074553,0.00023366826188909496,13.987244121757623,0.0014074518398120867,0.005983842083089353,0.0013965201255300719,0.0036812216466697457,0.00003419108672074553,0.00023366826188909496,13.987244121757623
0.0011267771453291981,0.0013046671708898646,0.0013663849334583037,0.008328864573782364,0.004575030130573094,0.000621061382969927,13.9822143552207,0.0011267771453291981,0.0013046671708898646,0.0013663849334583037,0.008328864573782364,0.004575030130573094,0.000621061382969927,13.9822143552207
0.000010503148825838034,0.0,0.0,0.004609059177693348,0.013816175983824876,3.5382029701935824e-9,13.979815385342551,0.000010503148825838034,0.0,0.0,0.004609059177693348,0.013816175983824876,3.5382029701935824e-9,13.979815385342551
0.0013755820329820765,0.0013231163565635782,0.0034331435455530355,0.0014271802073347918,0.0012884280543946174,0.0006802694290797872,13.990826693406438,0.0013755820329820765,0.0013231163565635782,0.0034331435455530355,0.0014271802073347918,0.0012884280543946174,0.0006802694290797872,13.990826693406438
0.009261312216124484,0.0,0.004614613431250468,0.0,0.004658405516468048,1.2825100183244675e-10,13.980700361752179,0.009261312216124484,0.0,0.004614613431250468,0.0,0.004658405516468048,1.2825100183244675e-10,13.980700361752179
0.0,0.000045112131220788505,0.0,0.009011662627177425,1.07682252468988e-7,0.0018538448399227337,13.98860613709941,0.0,0.000045112131220788505,0.0,0.009011662627177425,1.07682252468988e-7,0.0018538448399227337,13.98860613709941
0.0047323569740395,0.0,0.00897281908944732,2.0704099878421367e-6,0.004665666030221546,0.0,13.98139530337341,0.0047323569740395,0.0,0.00897281908944732,2.0704099878421367e-6,0.004665666030221546,0.0,13.98139530337341
0.0035781020799143587,0.0035342014553106163,0.0013374968962340979,0.003624647465461891,0.0013323456909226069,0.0005230871960609963,13.985989278415524,0.0035781020799143587,0.0035342014553106163,0.0013374968962340979,0.003624647465461891,0.0013323456909226069,0.0005230871960609963,13.985989278415524
0.001249624375645594,0.001338057677926264,0.0059878039632478685,0.005944820393712034,0.0013392620077190796,0.0005814091756707066,13.983501894349471,0.001249624375645594,0.001338057677926264,0.0059878039632478685,0.005944820393712034,0.0013392620077190796,0.0005814091756707066,13.983501894349471
0.004682772681197072,0.004543703719215399,3.340628364830436e-7,0.004600914886040893,0.0,1.9783481138137358e-6,13.985933810772742,0.004682772681197072,0.004543703719215399,3.340628364830436e-7,0.004600914886040893,0.0,1.9783481138137358e-6,13.985933810772742
0.0,0.0,1.7981617821067315e-6,0.0045852203758193506,0.0,0.0,13.995420465539723,0.0,0.0,1.7981617821067315e-6,0.0045852203758193506,0.0,0.0,13.995420465539723
0.0012649225321283615,0.001309187031773018,0.008280450126765551,0.0012729319394931544,0.003654055471631443,0.0006125636776208633,13.983448555259834,0.0012649225321283615,0.001309187031773018,0.008280450126765551,0.0012729319394931544,0.003654055471631443,0.0006125636776208633,13.983448555259834
0.0036140551492152393,0.0036607840305545873,0.001315724238738349,0.0011818112066097253,0.003685654990013793,0.0005594779314136878,13.985849091391387,0.0036140551492152393,0.0036607840305545873,0.001315724238738349,0.0011818112066097253,0.003685654990013793,0.0005594779314136878,13.985849091391387
0.0138004462412478,0.0,7.72574105255535e-6,3.1599223885602875e-14,0.00005182829674381179,0.0,13.984775334854897,0.0138004462412478,0.0,7.72574105255535e-6,3.1599223885602875e-14,0.00005182829674381179,0.0,13.984775334854897
0.0036345213738516306,0.0013055071398561549,0.001289077812108583,0.008261475679842947,0.001370975712520742,0.0005877176545817692,13.982989611627398,0.0036345213738516306,0.0013055071398561549,0.001289077812108583,0.008261475679842947,0.001370975712520742,0.0005877176545817692,13.982989611627398
0.0,0.004665328669392946,0.009356388165288257,0.0,0.00456949874242568,2.2653245488647722e-8,13.980531943993949,0.0,0.004665328669392946,0.009356388165288257,0.0,0.00456949874242568,2.2653245488647722e-8,13.980531943993949
0.005898400944109279,0.001501208816155738,0.0013000283433164492,0.0036756236147018335,0.0013180342447895715,0.0006223376349625675,13.985575425574245,0.005898400944109279,0.001501208816155738,0.0013000283433164492,0.0036756236147018335,0.0013180342447895715,0.0006223376349625675,13.985575425574245
0.0,0.0,0.004535918873065942,0.009239157113787233,0.004609667369104604,0.0,13.980694134146448,0.0,0.0,0.004535918873065942,0.009239157113787233,0.004609667369104604,0.0,13.980694134146448
0.003454673400580128,0.0013671417478570286,0.006582154611216298,0.0012745868897931579,0.003596205142266702,0.0000353615821442199,13.98327993122283,0.003454673400580128,0.0013671417478570286,0.006582154611216298,0.0012745868897931579,0.003596205142266702,0.0000353615821442199,13.98327993122283
0.0013040107662690092,0.0014351744235622842,0.0013965201255300719,0.0037181885483660365,0.005889778125906865,0.0002413925433132884,13.985988203520929,0.0013040107662690092,0.0014351744235622842,0.0013965201255300719,0.0037181885483660365,0.005889778125906865,0.0002413925433132884,13.985988203520929
0.00001950042893561531,4.452837081810393e-7,0.0,0.018512548573904847,9.074873837472591e-6,0.0,13.978714125379966,0.00001950042893561531,4.452837081810393e-7,0.0,0.018512548573904847,9.074873837472591e-6,0.0,13.978714125379966
0.004593730351738232,8.1825119148866e-9,0.009293852964835323,0.0,0.0,3.396006024106268e-9,13.985967526773457,0.004593730351738232,8.1825119148866e-9,0.009293852964835323,0.0,0.0,3.396006024106268e-9,13.985967526773457
0.0013168747516294002,0.004604693046393711,0.005928836438851424,0.0012690628001014864,0.0,0.0019167539568428424,13.98483214888844,0.0013168747516294002,0.004604693046393711,0.005928836438851424,0.0012690628001014864,0.0,0.0019167539568428424,13.98483214888844
0.0013192015409241099,0.0012613390561653434,0.0012357762494769609,0.003565218203322868,0.0013379772640953053,0.0022622667113408957,13.989051553738205,0.0013192015409241099,0.0012613390561653434,0.0012357762494769609,0.003565218203322868,0.0013379772640953053,0.0022622667113408957,13.989051553738205
0.0013325552070849534,0.0014035599935579087,0.003535670562736348,0.003658264998477382,0.0036721218962811387,0.0005340219116009834,13.985721295708363,0.0013325552070849534,0.0014035599935579087,0.003535670562736348,0.003658264998477382,0.0036721218962811387,0.0005340219116009834,13.985721295708363
0.0013614007999418675,0.006003718370346886,0.004560868182848812,0.00113659245844274,0.0012800584312899887,0.0,13.985462080649222,0.0013614007999418675,0.006003718370346886,0.004560868182848812,0.00113659245844274,0.0012800584312899887,0.0,13.985462080649222
5.6097482982465615e-6,0.000010663368766778564,0.00005279037384205165,0.004558109849101906,0.0013316675822130646,0.0006242712975510045,13.993795621622265,5.6097482982465615e-6,0.000010663368766778564,0.00005279037384205165,0.004558109849101906,0.0013316675822130646,0.0006242712975510045,13.993795621622265
0.004586994137359109,0.000028491937379854668,0.004620257617710684,1.1024963949826314e-6,0.009281568782599446,0.0,13.980419095836508,0.004586994137359109,0.000028491937379854668,0.004620257617710684,1.1024963949826314e-6,0.009281568782599446,0.0,13.980419095836508
0.0012181244514574095,0.006010529473545752,0.0013083860338056748,0.0013521529121881797,0.0012800584312899885,0.0006333085043740115,13.988247306959247,0.0012181244514574095,0.006010529473545752,0.0013083860338056748,0.0013521529121881797,0.0012800584312899885,0.0006333085043740115,13.988247306959247
0.000057171909153345014,0.0,0.0003700894239991514,0.0,0.0,0.0006929486766022176,13.999134986734996,0.000057171909153345014,0.0,0.0003700894239991514,0.0,0.0,0.0006929486766022176,13.999134986734996
0.0003093025492435907,0.008056432945184544,0.0035608795557469726,0.004571684618284052,0.0,0.0018918825834597975,13.98117312666709,0.0003093025492435907,0.008056432945184544,0.0035608795557469726,0.004571684618284052,0.0,0.0018918825834597975,13.98117312666709
0.0058978948297699185,0.0013309102157079598,0.0012717918638282257,0.0013493112574842828,0.0013623475865867601,0.0006552780478606295,13.988066100209622,0.0058978948297699185,0.0013309102157079598,0.0012717918638282257,0.0013493112574842828,0.0013623475865867601,0.0006552780478606295,13.988066100209622
0.0,0.000011627845442558107,0.004598375932535691,0.00001307554309883368,0.013921195085431624,2.816470171824049e-9,13.979692818518759,0.0,0.000011627845442558107,0.004598375932535691,0.00001307554309883368,0.013921195085431624,2.816470171824049e-9,13.979692818518759
0.0013649625419844148,0.0036473435562563647,0.001364759523599415,0.0013419193953481678,0.006690971182380534,0.0,13.985802127727153,0.0013649625419844148,0.0036473435562563647,0.001364759523599415,0.0013419193953481678,0.006690971182380534,0.0,13.985802127727153
0.000054938165843553335,0.004628791976836846,0.0,0.000011472057926251796,0.0,0.0006433417830682398,13.994748437777329,0.000054938165843553335,0.004628791976836846,0.0,0.000011472057926251796,0.0,0.0006433417830682398,13.994748437777329
0.0014145736165754362,0.0034961882783945287,0.001282833617795521,0.0058789401211230665,0.0037235674404683563,0.0,13.983862298780979,0.0014145736165754362,0.0034961882783945287,0.001282833617795521,0.0058789401211230665,0.0037235674404683563,0.0,13.983862298780979
0.0983557533222747,0.09702848003459816,0.10635254506559612,0.10052169748960765,0.858313909814266,0.003732817818356027,11.57448382067669,0.0983557533222747,0.09702848003459816,0.10635254506559612,0.10052169748960765,0.858313909814266,0.003732817818356027,11.57448382067669
0.10418501212204667,0.09795566417092946,0.09777198483439162,0.8600404155832491,0.1090503862582036,0.004467894671310407,11.557615282666774,0.10418501212204667,0.09795566417092946,0.09777198483439162,0.8600404155832491,0.1090503862582036,0.004467894671310407,11.557615282666774
0.0013649625419844148,0.00375470562331393,0.0013647595235994148,0.0013226053080520484,0.006066256052613824,0.0006717385338587984,13.985424012098726,0.0013649625419844148,0.00375470562331393,0.0013647595235994148,0.0013226053080520484,0.006066256052613824,0.0006717385338587984,13.985424012098726
0.00003986062058090791,5.0068148369970256e-8,0.009323979902010678,0.004665936562799019,0.004550086028387134,0.0,13.980505357637485,0.00003986062058090791,5.0068148369970256e-8,0.009323979902010678,0.004665936562799019,0.004550086028387134,0.0,13.980505357637485
0.0012938307485817644,0.0012704765025760133,0.0012312364375509008,0.003654466647050843,0.003678916881210892,0.00002963219312944308,13.988983101606754,0.0012938307485817644,0.0012704765025760133,0.0012312364375509008,0.003654466647050843,0.003678916881210892,0.00002963219312944308,13.988983101606754
0.0012915175159542269,0.003652987340541215,0.0012379044840924165,0.001343997027438374,0.003643514811754695,0.0016033776443761497,13.987322400622674,0.0012915175159542269,0.003652987340541215,0.0012379044840924165,0.001343997027438374,0.003643514811754695,0.0016033776443761497,13.987322400622674
0.00131553768078086,0.00009663798901690364,0.0,0.004530426388966804,0.004598591864417641,0.0006493845967159882,13.988736532156844,0.00131553768078086,0.00009663798901690364,0.0,0.004530426388966804,0.004598591864417641,0.0006493845967159882,13.988736532156844
0.0013697592039601022,0.004595493475312766,0.00131490977045981,0.0036774573262142625,0.0036749475816344602,0.0000281669537308689,13.985148669091773,0.0013697592039601022,0.004595493475312766,0.00131490977045981,0.0036774573262142625,0.0036749475816344602,0.0000281669537308689,13.985148669091773
0.0058325963903147005,0.001291693614175607,0.0059509441776885615,0.001268984743987462,0.0012929084380506068,0.0,13.985732433736283,0.0058325963903147005,0.001291693614175607,0.0059509441776885615,0.001268984743987462,0.0012929084380506068,0.0,13.985732433736283
0.004682890168389928,0.009211277268041978,2.3200115032498414e-6,1.5244897201232123e-6,0.0,0.0005907047590067271,13.985441710385688,0.004682890168389928,0.009211277268041978,2.3200115032498414e-6,1.5244897201232123e-6,0.0,0.0005907047590067271,13.985441710385688
0.009161063159225293,0.004668434478075686,9.367691757033308e-6,0.0,0.004703722817991227,0.0,13.981309207816375,0.009161063159225293,0.004668434478075686,9.367691757033308e-6,0.0,0.004703722817991227,0.0,13.981309207816375
0.005861029078977854,0.0013867668905479212,0.0036843538282926944,0.0013343211633631245,0.0012653629911281855,0.0006506077547502865,13.986248047128196,0.005861029078977854,0.0013867668905479212,0.0036843538282926944,0.0013343211633631245,0.0012653629911281855,0.0006506077547502865,13.986248047128196
0.0,0.0,0.013779706663478029,0.0,0.000014504450815633666,0.0005755297897879481,13.984425619679918,0.0,0.0,0.013779706663478029,0.0,0.000014504450815633666,0.0005755297897879481,13.984425619679918
0.00594227285985754,0.00007378871229202027,0.003848499911992062,0.001239129907567145,0.0013202625678440634,0.00035703250432819267,13.987051004290864,0.00594227285985754,0.00007378871229202027,0.003848499911992062,0.001239129907567145,0.0013202625678440634,0.00035703250432819267,13.987051004290864
0.004734103436626224,3.939541938834199e-6,0.0,0.004691072973199463,0.0,0.0018589654651043743,13.988810244331738,0.004734103436626224,3.939541938834199e-6,0.0,0.004691072973199463,0.0,0.0018589654651043743,13.988810244331738
0.005878722283099615,0.0035342014553106163,0.0012102004556052166,0.003624647465461891,0.0013329800174563646,0.0005230871960609964,13.983689758805557,0.005878722283099615,0.0035342014553106163,0.0012102004556052166,0.003624647465461891,0.0013329800174563646,0.0005230871960609964,13.983689758805557
0.0003598973371401375,0.0,0.009148853161482538,0.00003026089758018178,0.004642319498838679,0.0006510472917625801,13.98448080566333,0.0003598973371401375,0.0,0.009148853161482538,0.00003026089758018178,0.004642319498838679,0.0006510472917625801,13.98448080566333
0.004571459182958085,0.0,0.004676122108491257,0.004600935339157581,4.326343045702031e-10,3.077990888425766e-9,13.98625372686973,0.004571459182958085,0.0,0.004676122108491257,0.004600935339157581,4.326343045702031e-10,3.077990888425766e-9,13.98625372686973
0.0,0.004665328669392946,0.009267317242364372,0.004647943139990592,0.00456949874242568,0.0018338422445789008,13.973913720512925,0.0,0.004665328669392946,0.009267317242364372,0.004647943139990592,0.00456949874242568,0.0018338422445789008,13.973913720512925
0.0012970516516046097,0.008348223940973915,0.0013214693850541978,0.0036642295740845236,0.008167599041717889,0.00004666979244737925,13.976145369185001,0.0012970516516046097,0.008348223940973915,0.0013214693850541978,0.0036642295740845236,0.008167599041717889,0.00004666979244737925,13.976145369185001
0.0013981024139733307,0.003713130933127872,0.0037542179704317946,0.001314898939139357,0.001343730229606749,0.0005486544700737707,13.987960393770111,0.0013981024139733307,0.003713130933127872,0.0037542179704317946,0.001314898939139357,0.001343730229606749,0.0005486544700737707,13.987960393770111
0.0,0.0,0.0,8.31649590652718e-7,0.018353664060796516,0.0,13.97882505668902,0.0,0.0,0.0,8.31649590652718e-7,0.018353664060796516,0.0,13.97882505668902
0.0,0.013839883684928882,0.0,0.0045360188735122375,0.0,0.0,13.993056626516536,0.0,0.013839883684928882,0.0,0.0045360188735122375,0.0,0.0,13.993056626516536
0.00006402760707534076,0.004694642499228989,0.0,0.0045463933486540545,0.004661177921478197,0.0,13.98563764507589,0.00006402760707534076,0.004694642499228989,0.0,0.0045463933486540545,0.004661177921478197,0.0,13.98563764507589
0.004528463824953977,0.00002255676321688202,0.004628639465195587,0.0,0.000018963495281249052,2.8428262683049405e-7,13.990850014247277,0.004528463824953977,0.00002255676321688202,0.004628639465195587,0.0,0.000018963495281249052,2.8428262683049405e-7,13.990850014247277
0.0,0.004618621280667952,0.014088164912004493,0.000014117788996320223,0.0,0.0,13.979500927851811,0.0,0.004618621280667952,0.014088164912004493,0.000014117788996320223,0.0,0.0,13.979500927851811
0.0013337658577687074,0.0036511503056517918,0.0013314871297398084,0.001305644083280386,0.0012644703357309775,0.0006367401978833033,13.990517689819256,0.0013337658577687074,0.0036511503056517918,0.0013314871297398084,0.001305644083280386,0.0012644703357309775,0.0006367401978833033,13.990517689819256
0.005865003882664945,0.001342052989607532,0.0013358875731139888,0.0036737982509753367,0.003592217387630589,0.0,13.984532647415184,0.005865003882664945,0.001342052989607532,0.0013358875731139888,0.0036737982509753367,0.003592217387630589,0.0,13.984532647415184
0.0036744838716002244,0.004647538236327267,0.0036150644162185504,0.0025457744875675378,0.0013273965858729558,0.0005517856363058438,13.983704393509948,0.0036744838716002244,0.004647538236327267,0.0036150644162185504,0.0025457744875675378,0.0013273965858729558,0.0005517856363058438,13.983704393509948
0.0,0.0,0.014062771806982653,0.004648004647829155,0.0,0.0,13.979602427297062,0.0,0.0,0.014062771806982653,0.004648004647829155,0.0,0.0,13.979602427297062
0.017253001058042092,0.0,0.0,0.0,0.0,3.327987047321749e-6,13.980926932549737,0.017253001058042092,0.0,0.0,0.0,0.0,3.327987047321749e-6,13.980926932549737
0.0013277905741395232,0.001358620678352634,0.0037663323742304117,0.0013072634959002353,0.00828508476629104,0.0006415055811192585,13.982915627930478,0.0013277905741395232,0.001358620678352634,0.0037663323742304117,0.0013072634959002353,0.00828508476629104,0.0006415055811192585,13.982915627930478
0.004604222676149268,0.004646913500551516,0.0,0.004628432602894634,0.004668125744109345,0.0,13.983346477889357,0.004604222676149268,0.004646913500551516,0.0,0.004628432602894634,0.004668125744109345,0.0,13.983346477889357
0.003706696644757229,0.0013224412080229328,0.0,0.0013212146044119105,0.00119975530745778,0.0018301533518919376,13.991014953902505,0.003706696644757229,0.0013224412080229328,0.0,0.0013212146044119105,0.00119975530745778,0.0018301533518919376,13.991014953902505
0.001329270783686474,0.00369637499877192,0.00373444929521812,0.0014827248187154426,0.003683039821036905,0.0006280118009579358,13.985477773222227,0.001329270783686474,0.00369637499877192,0.00373444929521812,0.0014827248187154426,0.003683039821036905,0.0006280118009579358,13.985477773222227
0.0013606967742097733,0.001333479103822686,0.003648048914776938,0.003651084051190883,0.0013429417500087203,0.000549557484106681,13.98850326815635,0.0013606967742097733,0.001333479103822686,0.003648048914776938,0.003651084051190883,0.0013429417500087203,0.000549557484106681,13.98850326815635
0.0014280729293202207,0.0013121432705421152,0.0012876565268131331,0.0013060109916873666,0.008203338133168326,0.0006592385338194213,13.985523174716587,0.0014280729293202207,0.0013121432705421152,0.0012876565268131331,0.0013060109916873666,0.008203338133168326,0.0006592385338194213,13.985523174716587
0.003602013347719741,0.003652987340541215,0.0012788113836570076,0.0013439970274383738,0.0013853050792407265,0.0007049365253439595,13.988163826757662,0.003602013347719741,0.003652987340541215,0.0012788113836570076,0.0013439970274383738,0.0013853050792407265,0.0007049365253439595,13.988163826757662
0.09084685171474988,0.8603373040728695,0.10715948244883655,0.0983102172945049,0.10106806718054906,0.006598247124091551,11.58272212821329,0.09084685171474988,0.8603373040728695,0.10715948244883655,0.0983102172945049,0.10106806718054906,0.006598247124091551,11.58272212821329
0.0,2.5009768561679024e-13,0.009210581180553108,0.004600359294831992,0.0,0.0,13.985442368078354,0.0,2.5009768561679024e-13,0.009210581180553108,0.004600359294831992,0.0,0.0,13.985442368078354
0.0,0.000027224200440506595,0.000016944058149440198,0.008848759420244002,0.00662591789170121,0.0006276437405833915,13.983705665664944,0.0,0.000027224200440506595,0.000016944058149440198,0.008848759420244002,0.00662591789170121,0.0006276437405833915,13.983705665664944
0.004230186141131482,0.0,0.0037746457773060282,0.0045577024935951945,0.0,0.0006496844763798239,13.986747498920968,0.004230186141131482,0.0,0.0037746457773060282,0.0045577024935951945,0.0,0.0006496844763798239,13.986747498920968
0.0013163387271863981,0.0013556662056365119,0.0060197111890307785,0.0013030536213344004,0.003546870381793422,0.0006415055811192585,13.985571228125469,0.0013163387271863981,0.0013556662056365119,0.0060197111890307785,0.0013030536213344004,0.003546870381793422,0.0006415055811192585,13.985571228125469
0.009240325299686984,0.0,0.0,0.00004288001879815262,0.009327413813271453,0.0,13.979909506329193,0.009240325299686984,0.0,0.0,0.00004288001879815262,0.009327413813271453,0.0,13.979909506329193
0.008294881362428338,0.00004515295630746745,0.0,0.004137593732714407,0.01380002771680798,0.0018341693768119094,13.969504003875263,0.008294881362428338,0.00004515295630746745,0.0,0.004137593732714407,0.01380002771680798,0.0018341693768119094,13.969504003875263
0.0013336452089337937,0.001322571112719182,0.003597631713070318,0.005988094248691012,0.0013275168446651251,0.0006296736137741419,13.986149755077195,0.0013336452089337937,0.001322571112719182,0.003597631713070318,0.005988094248691012,0.0013275168446651251,0.0006296736137741419,13.986149755077195
0.0013241718478084748,0.001333134890089876,0.0036480489147769383,0.0013126709781639857,0.0013429417500087203,0.0005495574841066807,13.990687404971368,0.0013241718478084748,0.001333134890089876,0.0036480489147769383,0.0013126709781639857,0.0013429417500087203,0.0005495574841066807,13.990687404971368
0.0,0.014014989622622386,0.0,0.0,0.0,0.0015604249078711606,13.982908132310085,0.0,0.014014989622622386,0.0,0.0,0.0,0.0015604249078711606,13.982908132310085
0.0035824133983587796,0.0013179592827877937,0.003652369708874836,0.001252921749161839,0.0037366849809276825,0.0006084010605822577,13.986156427268927,0.0035824133983587796,0.0013179592827877937,0.003652369708874836,0.001252921749161839,0.0037366849809276825,0.0006084010605822577,13.986156427268927
0.0046343071788019,0.010685170705887488,0.008965907870752242,0.000023219047117712813,0.0,0.19759124164818054,13.58703809711667,0.0046343071788019,0.010685170705887488,0.008965907870752242,0.000023219047117712813,0.0,0.19759124164818054,13.58703809711667
0.004672530195077138,0.0013474821455975615,0.0036506046667995175,0.0035128083840879963,0.0013429417500087203,0.000549557484106681,13.984698561944473,0.004672530195077138,0.0013474821455975615,0.0036506046667995175,0.0035128083840879963,0.0013429417500087203,0.000549557484106681,13.984698561944473
0.0013337658577687083,0.0036404840420536863,0.0013311483219421599,0.003661849110546936,0.0012715773907366426,0.000629434231413247,13.988053508955202,0.0013337658577687083,0.0036404840420536863,0.0013311483219421599,0.003661849110546936,0.0012715773907366426,0.000629434231413247,13.988053508955202
0.00137848195530121,0.0013236102196164104,0.003603043188958659,0.001339971430328417,0.006084520284900215,0.0006579361927308655,13.98539261820683,0.00137848195530121,0.0013236102196164104,0.003603043188958659,0.001339971430328417,0.006084520284900215,0.0006579361927308655,13.98539261820683
0.0012999752496783154,0.003668778068543665,0.0013204626099281177,0.0014087450806884434,0.0035725022740101453,0.0005594779314136878,13.988481654083708,0.0012999752496783154,0.003668778068543665,0.0013204626099281177,0.0014087450806884434,0.0035725022740101453,0.0005594779314136878,13.988481654083708
0.006028083025906456,0.0013147290921532479,0.0036952724370121906,0.0036242063483576583,0.0013424399267131372,0.0006220529151118707,13.983508490087747,0.006028083025906456,0.0013147290921532479,0.0036952724370121906,0.0036242063483576583,0.0013424399267131372,0.0006220529151118707,13.983508490087747
0.0013380634161227934,0.003668778068543665,0.0013157242387383493,0.0013349254929836008,0.003768553076475704,0.0006422126097476468,13.988014716197169,0.0013380634161227934,0.003668778068543665,0.0013157242387383493,0.0013349254929836008,0.003768553076475704,0.0006422126097476468,13.988014716197169
2.746493988558911e-6,0.00923599355487373,0.004732321259048258,0.0,0.0,0.0005789928457480968,13.98593920090111,2.746493988558911e-6,0.00923599355487373,0.004732321259048258,0.0,0.0,0.0005789928457480968,13.98593920090111
0.0013606067839268682,0.0036464237169071267,0.008315390563759377,0.0013663576295188115,0.0012926505233400876,0.0006229307983104942,13.982973529933975,0.0013606067839268682,0.0036464237169071267,0.008315390563759377,0.0013663576295188115,0.0012926505233400876,0.0006229307983104942,13.982973529933975
0.0,0.004630912018217488,0.008200058225739854,0.0001313698442782395,0.00023100707029273873,0.0007011355170647,13.985681435395826,0.0,0.004630912018217488,0.008200058225739854,0.0001313698442782395,0.00023100707029273873,0.0007011355170647,13.985681435395826
0.0045828375510654044,4.966207199858311e-7,0.0,0.004688447253373561,0.009182937727545875,0.0,13.9805659597084,0.0045828375510654044,4.966207199858311e-7,0.0,0.004688447253373561,0.009182937727545875,0.0,13.9805659597084
0.004638900788794162,0.003631169264773011,0.0003765228016353983,0.000017769537531326903,0.00126815165647932,0.00033393726692508476,13.98964837484489,0.004638900788794162,0.003631169264773011,0.0003765228016353983,0.000017769537531326903,0.00126815165647932,0.00033393726692508476,13.98964837484489
0.00459499962276691,0.0,0.0,0.004603996211406057,0.0,0.0,13.990544735579144,0.00459499962276691,0.0,0.0,0.004603996211406057,0.0,0.0,13.990544735579144
0.0013401963359263476,0.001322239690678142,0.006013257637775428,0.0013460427980124872,0.005988406524318941,0.0006365838156625677,13.982951428493067,0.0013401963359263476,0.001322239690678142,0.006013257637775428,0.0013460427980124872,0.005988406524318941,0.0006365838156625677,13.982951428493067
0.0045677149602953125,0.013839883684928883,0.0,0.0,4.3371006405506715e-7,2.053147242585978e-6,13.980105778848468,0.0045677149602953125,0.013839883684928883,0.0,0.0,4.3371006405506715e-7,2.053147242585978e-6,13.980105778848468
0.0013996473080298713,0.003650093320104594,0.0036591982945230173,0.0014024748910929177,0.0013407202331604546,0.0006667759967206822,13.988071646950225,0.0013996473080298713,0.003650093320104594,0.0036591982945230173,0.0014024748910929177,0.0013407202331604546,0.0006667759967206822,13.988071646950225
0.0012645116960367392,0.001727250568284542,0.008280450126765551,0.0012729319394931544,0.0012853708236389763,0.0006125636776208633,13.985538673710398,0.0012645116960367392,0.001727250568284542,0.008280450126765551,0.0012729319394931544,0.0012853708236389763,0.0006125636776208633,13.985538673710398
0.003581916436204117,0.001308533124935063,0.008397943616154317,0.0014196658660750087,0.0012910688125759896,0.0005526620885473488,13.9833006195016,0.003581916436204117,0.001308533124935063,0.008397943616154317,0.0014196658660750087,0.0012910688125759896,0.0005526620885473488,13.9833006195016
0.0,0.0,0.004499054100780817,0.003835548198849568,0.00001865485330542361,0.0020193373044951643,13.98959347200663,0.0,0.0,0.004499054100780817,0.003835548198849568,0.00001865485330542361,0.0020193373044951643,13.98959347200663
2.746493988559128e-6,0.00923599355487373,0.004732713744266447,0.0,0.0,0.0,13.986350122954477,2.746493988559128e-6,0.00923599355487373,0.004732713744266447,0.0,0.0,0.0,13.986350122954477
0.0,0.0,0.004629009555480739,0.009239157113787233,0.00010797422039342773,0.0,13.985384390287319,0.0,0.0,0.004629009555480739,0.009239157113787233,0.00010797422039342773,0.0,13.985384390287319
0.0013459215398648127,0.003631518878053609,0.0059142905636768335,0.0013236605464684332,0.001252920053851407,0.0006203684733477651,13.985862843289405,0.0013459215398648127,0.003631518878053609,0.0059142905636768335,0.0013236605464684332,0.001252920053851407,0.0006203684733477651,13.985862843289405
0.0,0.0,0.0,8.980628827867851e-7,0.00458538115277524,1.2994625100869214e-6,13.995362079154456,0.0,0.0,0.0,8.980628827867851e-7,0.00458538115277524,1.2994625100869214e-6,13.995362079154456
0.00456811550106273,0.00023836538255206374,0.00039572807348718306,0.0,0.00002579800216129984,0.0005768687198860751,13.994718424443839,0.00456811550106273,0.00023836538255206374,0.00039572807348718306,0.0,0.00002579800216129984,0.0005768687198860751,13.994718424443839
0.0045724761439332046,0.0,0.0,8.980628827867851e-7,0.00458538115277524,1.2760434149582936e-6,13.99062209121025,0.0045724761439332046,0.0,0.0,8.980628827867851e-7,0.00458538115277524,1.2760434149582936e-6,13.99062209121025
0.0036798707828105135,0.001321269614484942,0.0013817621005807398,0.001404694976482334,0.0036323719074997513,0.0006508796496644033,13.988121244562086,0.0036798707828105135,0.001321269614484942,0.0013817621005807398,0.001404694976482334,0.0036323719074997513,0.0006508796496644033,13.988121244562086
0.0138004462412478,0.0,9.638724992782136e-7,0.0,0.0000179350461987375,0.0006203761371852742,13.984872981097716,0.0138004462412478,0.0,9.638724992782136e-7,0.0,0.0000179350461987375,0.0006203761371852742,13.984872981097716
0.0013129893616856834,0.0013313697969594266,0.005915589758544712,0.0013583276435403281,0.0013409395007587684,0.000655721608677635,13.988031909983492,0.0013129893616856834,0.0013313697969594266,0.005915589758544712,0.0013583276435403281,0.0013409395007587684,0.000655721608677635,13.988031909983492
0.0,0.014014989622622386,0.0,0.011258088909914225,0.0,0.0015604249078711606,13.970469114672689,0.0,0.014014989622622386,0.0,0.011258088909914225,0.0,0.0015604249078711606,13.970469114672689
0.005898401309919471,0.00132317142189271,0.001299908226538412,0.003630301605280146,0.0013180342447895715,0.0,13.986502419751558,0.005898401309919471,0.00132317142189271,0.001299908226538412,0.003630301605280146,0.0013180342447895715,0.0,13.986502419751558
0.000018162528163535646,0.001151427837541047,0.00460926099073699,0.009316222734201744,0.00005430836299431847,0.0007325353621218346,13.983408667123559,0.000018162528163535646,0.001151427837541047,0.00460926099073699,0.009316222734201744,0.00005430836299431847,0.0007325353621218346,13.983408667123559
0.000018162528163535646,0.0012996613142380918,0.000017394090415649038,0.00926349751467704,0.000011738699616538708,0.000718246600703999,13.988194789708686,0.000018162528163535646,0.0012996613142380918,0.000017394090415649038,0.00926349751467704,0.000011738699616538708,0.000718246600703999,13.988194789708686
0.0035825855525759478,0.0013217293734963526,0.0014675448013018637,0.005930849961468577,0.003646923552067423,0.0005526620885473487,13.983611491202,0.0035825855525759478,0.0013217293734963526,0.0014675448013018637,0.005930849961468577,0.003646923552067423,0.0005526620885473487,13.983611491202
0.0013937414604212623,0.003554026160509277,0.0037512830220765587,0.003671458591719583,0.001337186285357216,0.0005760755117930243,13.98563532423989,0.0013937414604212623,0.003554026160509277,0.0037512830220765587,0.003671458591719583,0.001337186285357216,0.0005760755117930243,13.98563532423989
0.0046026603496115235,0.004667220009803397,0.0010063920898276475,0.0,0.0,0.002140363917914511,13.988131843969294,0.0046026603496115235,0.004667220009803397,0.0010063920898276475,0.0,0.0,0.002140363917914511,13.988131843969294
0.004768533606834453,0.004673613973935932,0.000020638750804394474,0.0059769684354752765,0.000018444618564056152,0.0016341645174947413,13.98237977535897,0.004768533606834453,0.004673613973935932,0.000020638750804394474,0.0059769684354752765,0.000018444618564056152,0.0016341645174947413,13.98237977535897
0.0,0.0046563134190384745,0.000023726893205846047,0.004687909358596339,0.00927955959748324,1.6116769736215667e-6,13.983127328005876,0.0,0.0046563134190384745,0.000023726893205846047,0.004687909358596339,0.00927955959748324,1.6116769736215667e-6,13.983127328005876
0.005864821055477174,0.001317572369259983,0.0014522743634141483,0.005930168904155308,0.0012932224681050939,0.000629151772268332,13.983109413637369,0.005864821055477174,0.001317572369259983,0.0014522743634141483,0.005930168904155308,0.0012932224681050939,0.000629151772268332,13.983109413637369
0.001326414193643109,0.003639850585874634,0.001271894615410869,0.003624907370763207,0.0013755480623414626,0.0001744418403354934,13.988788141730188,0.001326414193643109,0.003639850585874634,0.001271894615410869,0.003624907370763207,0.0013755480623414626,0.0001744418403354934,13.988788141730188
0.0045677120705679445,0.0,0.004583714262123367,0.0,0.004624822443286972,0.0,13.986197128066234,0.0045677120705679445,0.0,0.004583714262123367,0.0,0.004624822443286972,0.0,13.986197128066234
0.000026795924005083273,0.004635101379005494,0.009247084277978726,6.538827039906722e-6,0.0,0.0,13.98639659726902,0.000026795924005083273,0.004635101379005494,0.009247084277978726,6.538827039906722e-6,0.0,0.0,13.98639659726902
0.00132187069535034,0.0014141993042659545,0.0012379349453672424,0.005964340938268328,0.0036718703201809,0.0016215604603491015,13.984996431870831,0.00132187069535034,0.0014141993042659545,0.0012379349453672424,0.005964340938268328,0.0036718703201809,0.0016215604603491015,13.984996431870831
0.00004253997035706127,0.0,0.014020901073557728,0.000051811292794338385,0.004722981030238392,0.0,13.979874594183729,0.00004253997035706127,0.0,0.014020901073557728,0.000051811292794338385,0.004722981030238392,0.0,13.979874594183729
0.005861029078977854,0.0037065171306311442,0.003689467157997603,0.0013406327802430197,0.0012501934040390743,0.0006095439412228043,13.983620047318638,0.005861029078977854,0.0037065171306311442,0.003689467157997603,0.0013406327802430197,0.0012501934040390743,0.0006095439412228043,13.983620047318638
0.004615265793121794,0.0,0.009395675231634554,0.0045577024935951945,0.0,0.0,13.980496255248012,0.004615265793121794,0.0,0.009395675231634554,0.0045577024935951945,0.0,0.0,13.980496255248012
0.005939551267978068,0.006028825514006024,0.0013142437249250164,0.0013522055315142506,0.0012801930998291855,0.0006219905939608707,13.983564969735635,0.005939551267978068,0.006028825514006024,0.0013142437249250164,0.0013522055315142506,0.0012801930998291855,0.0006219905939608707,13.983564969735635
0.0012161895425768455,0.0036473435562563647,0.0013647595235994148,0.0013419193953481678,0.0010195713005828767,0.000010108611009551682,13.991595269639342,0.0012161895425768455,0.0036473435562563647,0.0013647595235994148,0.0013419193953481678,0.0010195713005828767,0.000010108611009551682,13.991595269639342
0.003629977276889937,0.0013236897451916843,0.003574947427604498,0.003605121065551921,0.0013333793071230585,0.000628699438448229,13.985984615260087,0.003629977276889937,0.0013236897451916843,0.003574947427604498,0.003605121065551921,0.0013333793071230585,0.000628699438448229,13.985984615260087
0.001289694180076759,0.003668778068543665,0.0010701359985366876,0.0037616795485016976,0.0037685530764757034,0.0006422126097476468,13.985721448713067,0.001289694180076759,0.003668778068543665,0.0010701359985366876,0.0037616795485016976,0.0037685530764757034,0.0006422126097476468,13.985721448713067
2.746493988558911e-6,0.00923599355487373,0.0,0.0,0.0,0.0,13.990391543535681,2.746493988558911e-6,0.00923599355487373,0.0,0.0,0.0,0.0,13.990391543535681
0.0092781510602533,0.0,0.000012509229308888675,1.7145939516205705e-9,0.0,0.0020892629143783557,13.988253716257393,0.0092781510602533,0.0,0.000012509229308888675,1.7145939516205705e-9,0.0,0.0020892629143783557,13.988253716257393
0.004593503706546039,0.004668434478075686,0.004626545912958337,0.0,0.004619014661856355,0.0,13.981830200427591,0.004593503706546039,0.004668434478075686,0.004626545912958337,0.0,0.004619014661856355,0.0,13.981830200427591
0.013902291271621616,0.004663047614557301,8.976499741174824e-6,0.0,0.0,0.0,13.979732816668562,0.013902291271621616,0.004663047614557301,8.976499741174824e-6,0.0,0.0,0.0,13.979732816668562
0.01105981454955892,0.001186574102261197,0.0060259541651697095,0.001306475640877996,0.0013244860862442233,0.0006592385338194213,13.977484263936258,0.01105981454955892,0.001186574102261197,0.0060259541651697095,0.001306475640877996,0.0013244860862442233,0.0006592385338194213,13.977484263936258
2.7583551338167256e-6,0.000011532160716513744,0.00004410399036139278,0.0,0.013799277239568822,0.0005769224460583613,13.984305372642678,2.7583551338167256e-6,0.000011532160716513744,0.00004410399036139278,0.0,0.013799277239568822,0.0005769224460583613,13.984305372642678
0.009123687688984704,4.889825671712762e-10,0.009269013889179258,0.000020546915865457017,0.0,0.000016945594021829536,13.980401301954757,0.009123687688984704,4.889825671712762e-10,0.009269013889179258,0.000020546915865457017,0.0,0.000016945594021829536,13.980401301954757
0.00594227285985754,0.0012004991312282182,0.0012114222298487693,0.001339534746537788,0.003651517176374129,0.0006264927905078829,13.986217144221635,0.00594227285985754,0.0012004991312282182,0.0012114222298487693,0.001339534746537788,0.003651517176374129,0.0006264927905078829,13.986217144221635
0.0013454736280216107,0.0013318177529912292,0.0035879728566676717,0.006001207178984582,0.003662639228914256,5.895660624049724e-6,13.983811264359112,0.0013454736280216107,0.0013318177529912292,0.0035879728566676717,0.006001207178984582,0.003662639228914256,5.895660624049724e-6,13.983811264359112
0.0013782567685138693,0.0012613030719781527,0.0013424113050488663,0.00603775587333037,0.0061808672964820295,0.00024366835630933593,13.983001438325099,0.0013782567685138693,0.0012613030719781527,0.0013424113050488663,0.00603775587333037,0.0061808672964820295,0.00024366835630933593,13.983001438325099
0.004729839956578399,3.939541938834199e-6,0.0045312675673702865,0.00001320429735436092,0.0,0.0018353340641932988,13.988977111561734,0.004729839956578399,3.939541938834199e-6,0.0045312675673702865,0.00001320429735436092,0.0,0.0018353340641932988,13.988977111561734
0.0012965090608449681,0.008348223940973915,0.0013214693850541978,0.0036642295740845236,0.0013434283960546208,0.0000466697924473792,13.983690152976312,0.0012965090608449681,0.008348223940973915,0.0013214693850541978,0.0036642295740845236,0.0013434283960546208,0.0000466697924473792,13.983690152976312
0.003587821781632251,0.0036348063027316704,0.0013285502300740405,0.0013454229594462089,0.00586602484717848,0.000015908193095180332,13.983938661520076,0.003587821781632251,0.0036348063027316704,0.0013285502300740405,0.0013454229594462089,0.00586602484717848,0.000015908193095180332,13.983938661520076
0.009243518012317316,0.0,0.000010250083287653743,0.00003064199389917269,0.004750872969569338,0.0006536683984109614,13.984653482974077,0.009243518012317316,0.0,0.000010250083287653743,0.00003064199389917269,0.004750872969569338,0.0006536683984109614,13.984653482974077
0.009243518012317316,0.0,0.0,0.0,0.004740036133182912,0.0,13.985262347209662,0.009243518012317316,0.0,0.0,0.0,0.004740036133182912,0.0,13.985262347209662
0.0013214121779703278,0.003635684178272245,0.0013314871297398084,0.0048707560069960135,0.0011910074576179821,0.0018265498314425379,13.985704365194671,0.0013214121779703278,0.003635684178272245,0.0013314871297398084,0.0048707560069960135,0.0011910074576179821,0.0018265498314425379,13.985704365194671
0.004411849660539813,0.009393192194624127,0.004690613690467532,0.0,0.0,1.5748409850279907e-7,13.980629710473549,0.004411849660539813,0.009393192194624127,0.004690613690467532,0.0,0.0,1.5748409850279907e-7,13.980629710473549
0.003677780265296467,0.001252965280563288,0.005970614987529597,0.00135953345514103,0.001331007465115797,6.1824019522781866e-6,13.99235419070837,0.003677780265296467,0.001252965280563288,0.005970614987529597,0.00135953345514103,0.001331007465115797,6.1824019522781866e-6,13.99235419070837
0.009160614432892344,0.0,1.84255318452526e-6,0.0045852203758193506,0.0,0.0006322300018278628,13.984981988646995,0.009160614432892344,0.0,1.84255318452526e-6,0.0045852203758193506,0.0,0.0006322300018278628,13.984981988646995
0.003682354413394087,0.001321269614484942,0.0012616616587201087,0.001404694976482334,0.0035604262598465247,3.322928227370936e-6,13.991506612828193,0.003682354413394087,0.001321269614484942,0.0012616616587201087,0.001404694976482334,0.0035604262598465247,3.322928227370936e-6,13.991506612828193
0.0037153228770662916,0.0036404840420536863,0.0014479473759710783,0.005962272455876884,0.0013371393551382012,0.0006286817025685727,13.983410043348995,0.0037153228770662916,0.0036404840420536863,0.0014479473759710783,0.005962272455876884,0.0013371393551382012,0.0006286817025685727,13.983410043348995
0.0037477178888273618,0.004485240850025215,0.003628749622786109,0.002428835946725708,0.0,0.0006335687554444564,13.98506717912818,0.0037477178888273618,0.004485240850025215,0.003628749622786109,0.002428835946725708,0.0,0.0006335687554444564,13.98506717912818
0.0012209077723021738,0.01063613388248319,0.0013092232103241279,0.001330942516257397,0.0010992250853369514,0.000018541646575906284,13.983513583811646,0.0012209077723021738,0.01063613388248319,0.0013092232103241279,0.001330942516257397,0.0010992250853369514,0.000018541646575906284,13.983513583811646
0.00012361074753224202,0.0,0.009309846925549637,0.0,0.009277854620861028,0.0,13.979891014501032,0.00012361074753224202,0.0,0.009309846925549637,0.0,0.009277854620861028,0.0,13.979891014501032
0.0013996473080298713,0.001323116356563578,0.003658512278707683,0.001426693799341299,0.003688184668334746,0.0006665980705172454,13.987844707513402,0.0013996473080298713,0.001323116356563578,0.003658512278707683,0.001426693799341299,0.003688184668334746,0.0006665980705172454,13.987844707513402
0.0036533228560174562,0.0013236102196164104,0.0012879222058211218,0.0013204567147554079,0.00588780495349144,0.0006590764357514914,13.985743320035644,0.0036533228560174562,0.0013236102196164104,0.0012879222058211218,0.0013204567147554079,0.00588780495349144,0.0006590764357514914,13.985743320035644
0.013791693610158395,0.0,0.0,0.0,0.004669868740919781,0.0,13.979866926491535,0.013791693610158395,0.0,0.0,0.0,0.004669868740919781,0.0,13.979866926491535
0.004625238391556506,0.004662205383593573,0.009293556984308405,1.0233835577230788e-7,0.0,0.000019493117962516475,13.980504746347915,0.004625238391556506,0.004662205383593573,0.009293556984308405,1.0233835577230788e-7,0.0,0.000019493117962516475,13.980504746347915
0.00132838543708875,0.0011614519155916715,0.006492211555762255,0.003624778693186597,0.003688243716455434,0.0005159445161150231,13.98304173491883,0.00132838543708875,0.0011614519155916715,0.006492211555762255,0.003624778693186597,0.003688243716455434,0.0005159445161150231,13.98304173491883
0.0081148501900218,0.001275317612111148,0.0013390989185860613,0.0012722748967295,0.0035962013101829703,0.00003150634247809351,13.983897110243547,0.0081148501900218,0.001275317612111148,0.0013390989185860613,0.0012722748967295,0.0035962013101829703,0.00003150634247809351,13.983897110243547
0.0045765349229339,0.0,0.0,0.004612273944130944,0.0046256951218054815,0.0,13.985830408718588,0.0045765349229339,0.0,0.0,0.004612273944130944,0.0046256951218054815,0.0,13.985830408718588
0.0,2.975929294032118e-8,0.004636502232815041,0.0046785148228217985,0.009246510236449752,2.4676380276005822e-8,13.980745529436424,0.0,2.975929294032118e-8,0.004636502232815041,0.0046785148228217985,0.009246510236449752,2.4676380276005822e-8,13.980745529436424
0.003621557774025657,0.0013236102196164095,0.0012844312172087733,0.015810861403244097,0.0,0.0022263486930405047,13.973366265952247,0.003621557774025657,0.0013236102196164095,0.0012844312172087733,0.015810861403244097,0.0,0.0022263486930405047,13.973366265952247
0.005835603673586431,0.0013169060431264968,0.0012127502098139894,0.0012898173175479612,0.000165411838333926,0.0004672484076418701,13.989687322356184,0.005835603673586431,0.0013169060431264968,0.0012127502098139894,0.0012898173175479612,0.000165411838333926,0.0004672484076418701,13.989687322356184
0.0,0.004646540867234732,0.004658948094407282,0.004676188989994023,0.0,0.0,13.98565799024947,0.0,0.004646540867234732,0.004658948094407282,0.004676188989994023,0.0,0.0,13.98565799024947
0.0000427597414490399,0.004811049783703234,0.000024340471050675327,0.0,0.009251552943096682,0.0,13.98494189287422,0.0000427597414490399,0.004811049783703234,0.000024340471050675327,0.0,0.009251552943096682,0.0,13.98494189287422
0.009336949681969176,0.000018994353487526835,0.004688651096487299,0.004684831119782847,0.0,0.0,13.981035008175468,0.009336949681969176,0.000018994353487526835,0.004688651096487299,0.004684831119782847,0.0,0.0,13.981035008175468
0.0013225519072747071,0.0012862907418083182,0.0036480489147769383,0.004081845710945676,0.0013429417500087203,0.0016798062295745298,13.986743464875454,0.0013225519072747071,0.0012862907418083182,0.0036480489147769383,0.004081845710945676,0.0013429417500087203,0.0016798062295745298,13.986743464875454
0.0036020133477197413,0.003831661815604799,0.0012213445399481947,0.0012971859011806823,0.003663676974894739,0.0007034436980626722,13.989600695570102,0.0036020133477197413,0.003831661815604799,0.0012213445399481947,0.0012971859011806823,0.003663676974894739,0.0007034436980626722,13.989600695570102
0.003637540379018281,0.001352722978255722,0.0037006296050068298,0.0012981551394997855,0.006006484358386321,0.0005691191401098943,13.983613040019415,0.003637540379018281,0.001352722978255722,0.0037006296050068298,0.0012981551394997855,0.006006484358386321,0.0005691191401098943,13.983613040019415
0.0012938307485817644,0.0012704765025760133,0.001231236437550901,0.003654466647050843,0.003678916881210892,0.00062942007496563,13.988322206116905,0.0012938307485817644,0.0012704765025760133,0.001231236437550901,0.003654466647050843,0.003678916881210892,0.00062942007496563,13.988322206116905
0.005934608826645427,0.003622038136089375,0.0013126473277017417,0.0013272345363808309,0.0036411489219203824,0.0005953482493178402,13.983700669615809,0.005934608826645427,0.003622038136089375,0.0013126473277017417,0.0013272345363808309,0.0036411489219203824,0.0005953482493178402,13.983700669615809
0.0,0.00921771224699603,0.0,0.006039169065238473,0.0,0.0,13.984210633355074,0.0,0.00921771224699603,0.0,0.006039169065238473,0.0,0.0,13.984210633355074
0.0013459215398648127,0.0046394477612533005,0.0059142905636768335,0.0013236605464684332,0.0010081074742448945,0.0,13.985403086248702,0.0013459215398648127,0.0046394477612533005,0.0059142905636768335,0.0013236605464684332,0.0010081074742448945,0.0,13.985403086248702
0.00003867253639885193,0.004652905928231291,0.00004370314169703766,0.004718147719314143,0.004616111108738923,0.0017802837316616216,13.983709774810322,0.00003867253639885193,0.004652905928231291,0.00004370314169703766,0.004718147719314143,0.004616111108738923,0.0017802837316616216,13.983709774810322
0.0,0.009191405409868037,0.0,0.0,0.004650429990654513,2.0551874329317443e-6,13.985493531697434,0.0,0.009191405409868037,0.0,0.0,0.004650429990654513,2.0551874329317443e-6,13.985493531697434
0.009277930584558933,0.009190488376827472,9.359322628089044e-6,0.0,0.0,0.0,13.981011516018283,0.009277930584558933,0.009190488376827472,9.359322628089044e-6,0.0,0.0,0.0,13.981011516018283
0.003653951919107838,0.0013415178637640125,0.0012937771559927563,0.0059790445876350354,0.0013382701833203994,0.0005689176494235558,13.985748845941213,0.003653951919107838,0.0013415178637640125,0.0012937771559927563,0.0059790445876350354,0.0013382701833203994,0.0005689176494235558,13.985748845941213
0.000043063461278631913,0.01398867524231967,0.004617269888134969,3.1847120457189235e-12,0.00005400798137981076,0.00001770737266637047,13.979456415329738,0.000043063461278631913,0.01398867524231967,0.004617269888134969,3.1847120457189235e-12,0.00005400798137981076,0.00001770737266637047,13.979456415329738
0.0013206607758805087,0.0013313694223396782,0.0036364433792115064,0.008290296083396924,0.0015057459125398017,0.000011105212326572309,13.983775232045765,0.0013206607758805087,0.0013313694223396782,0.0036364433792115064,0.008290296083396924,0.0015057459125398017,0.000011105212326572309,13.983775232045765
0.0013214121779703278,0.0036404840420536863,0.0013314871297398078,0.0060157518946528325,0.0012644703357309775,0.000629434231413247,13.985688011151527,0.0013214121779703278,0.0036404840420536863,0.0013314871297398078,0.0060157518946528325,0.0012644703357309775,0.000629434231413247,13.985688011151527
0.0013394495598461256,0.008249917333493294,0.0037542179704317946,0.0013148989391393569,0.001343730229606749,0.0005486544700737706,13.983009589030488,0.0013394495598461256,0.008249917333493294,0.0037542179704317946,0.0013148989391393569,0.001343730229606749,0.0005486544700737706,13.983009589030488
0.0012858465593045389,0.001308533124935063,0.00831440658689331,0.0038154360159640775,0.0033456361490475147,0.0005526620885473489,13.981119925436666,0.0012858465593045389,0.001308533124935063,0.00831440658689331,0.0038154360159640775,0.0033456361490475147,0.0005526620885473489,13.981119925436666
0.013889860878042472,0.00002015814258717274,7.725741052556218e-6,0.004811124843116847,0.00005736724553847839,0.0,13.97960976148849,0.013889860878042472,0.00002015814258717274,7.725741052556218e-6,0.004811124843116847,0.00005736724553847839,0.0,13.97960976148849
0.004628197881804,0.004642786095672882,3.066028701701742e-7,0.0,0.009198894453685873,6.496772702328378e-6,13.980831544287492,0.004628197881804,0.004642786095672882,3.066028701701742e-7,0.0,0.009198894453685873,6.496772702328378e-6,13.980831544287492
0.0013423750400763524,0.0013517762239393027,0.00139100965819917,0.0011662844605387112,0.0013070898033272042,0.004741288430124873,13.988865498720445,0.0013423750400763524,0.0013517762239393027,0.00139100965819917,0.0011662844605387112,0.0013070898033272042,0.004741288430124873,13.988865498720445
0.0,0.0,0.0,0.0,0.0,0.0,14.000204401903208,0.0,0.0,0.0,0.0,0.0,0.0,14.000204401903208
0.0036300099931989164,0.00132298054475253,0.0035988216903439056,0.005825120086697428,0.0013275168446651251,0.0006225101076578192,13.983897060603608,0.0036300099931989164,0.00132298054475253,0.0035988216903439056,0.005825120086697428,0.0013275168446651251,0.0006225101076578192,13.983897060603608
0.0013312560515874134,0.001583312175511418,0.0013201915765353742,0.0036300929659573156,0.0013433994861124432,0.000018812967063035007,13.990866537847321,0.0013312560515874134,0.001583312175511418,0.0013201915765353742,0.0036300929659573156,0.0013433994861124432,0.000018812967063035007,13.990866537847321
0.004666759424558498,0.004500991824013128,0.0,0.0,0.004577806355719526,0.0,13.986029600995261,0.004666759424558498,0.004500991824013128,0.0,0.0,0.004577806355719526,0.0,13.986029600995261
0.0036304747809461965,0.0058691962710107366,0.0036772247233911055,0.0012950884585119654,0.001339539580162312,0.0006096772942915233,13.985269649790434,0.0036304747809461965,0.0058691962710107366,0.0036772247233911055,0.0012950884585119654,0.001339539580162312,0.0006096772942915233,13.985269649790434
0.0013279687429183318,0.0013311983112947925,0.001271910313155783,0.00132917880439776,0.0012890175347269,0.00018896618552812524,13.993551487995775,0.0013279687429183318,0.0013311983112947925,0.001271910313155783,0.00132917880439776,0.0012890175347269,0.00018896618552812524,13.993551487995775
0.0035871010148965034,0.0012963886081391427,0.0012783128088100192,0.0016382651435046594,0.008333600665059539,3.0283966832923056e-6,13.985055453126352,0.0035871010148965034,0.0012963886081391427,0.0012783128088100192,0.0016382651435046594,0.008333600665059539,3.0283966832923056e-6,13.985055453126352
0.0,0.0,0.0,0.009301559774608356,0.009301916622289103,6.614966442616049e-6,13.980170625612924,0.0,0.0,0.0,0.009301559774608356,0.009301916622289103,6.614966442616049e-6,13.980170625612924
0.004230186141131482,0.0,0.000029081362012769616,0.0045577024935951945,0.0,0.0006082723416354969,13.990648142626478,0.004230186141131482,0.0,0.000029081362012769616,0.0045577024935951945,0.0,0.0006082723416354969,13.990648142626478
0.0013003821865161518,0.003618231926039367,0.0036578366193895854,0.00132688586435932,0.005912170670682201,0.0005719050724220799,13.983221554353841,0.0013003821865161518,0.003618231926039367,0.0036578366193895854,0.00132688586435932,0.005912170670682201,0.0005719050724220799,13.983221554353841
0.0035934453642836725,0.008304974583384408,0.008397943616154317,0.0013588407817607677,0.001331689451587206,0.000554184716076311,13.975518624475834,0.0035934453642836725,0.008304974583384408,0.008397943616154317,0.0013588407817607677,0.001331689451587206,0.000554184716076311,13.975518624475834
0.0013351711002161717,0.005902066988670267,0.0013584945103098912,0.005945063598757782,0.0013749483572213753,0.0005816520911810405,13.983081655604865,0.0013351711002161717,0.005902066988670267,0.0013584945103098912,0.005945063598757782,0.0013749483572213753,0.0005816520911810405,13.983081655604865
0.0008591696282540915,0.0013217293734963526,0.0061022819608873066,0.0015095448867836333,0.003646923552067423,0.0005526565457256647,13.98612278853607,0.0008591696282540915,0.0013217293734963526,0.0061022819608873066,0.0015095448867836333,0.003646923552067423,0.0005526565457256647,13.98612278853607
0.0013755133122241995,0.003673038097418758,0.0013204658900034555,0.0012867181527053124,0.00834867792048285,0.0006208981078601756,13.983764578936569,0.0013755133122241995,0.003673038097418758,0.0013204658900034555,0.0012867181527053124,0.00834867792048285,0.0006208981078601756,13.983764578936569
0.00929105928386041,0.0,0.0,0.0046317516672420775,0.0046500157838562355,0.0,13.980684019671884,0.00929105928386041,0.0,0.0,0.0046317516672420775,0.0046500157838562355,0.0,13.980684019671884
0.0012084742515603595,0.001252633781390026,0.0012905647444897373,0.0013581169900335052,0.005875517749344873,0.0006582856948485823,13.988264303977152,0.0012084742515603595,0.001252633781390026,0.0012905647444897373,0.0013581169900335052,0.005875517749344873,0.0006582856948485823,13.988264303977152
0.0036405119402087593,0.00363457415139486,0.0013875653007413438,0.001325184654126814,0.0013140442608430283,0.0017109320715973928,13.987223985811717,0.0036405119402087593,0.00363457415139486,0.0013875653007413438,0.001325184654126814,0.0013140442608430283,0.0017109320715973928,13.987223985811717
0.000024963819068435056,0.0,7.476524257339449e-12,0.0,0.003833640302312504,0.002175355870225364,13.99408931152893,0.000024963819068435056,0.0,7.476524257339449e-12,0.0,0.003833640302312504,0.002175355870225364,13.99408931152893
0.0013187738282833357,0.0036169593665556755,0.005915589758544712,0.0012982184805073438,0.003629138066372219,0.000010459540281210927,13.984120717416102,0.0013187738282833357,0.0036169593665556755,0.005915589758544712,0.0012982184805073438,0.003629138066372219,0.000010459540281210927,13.984120717416102
0.004625222494569037,0.009161269986919945,0.0,0.004575376905160694,0.000033518482145583075,0.0,13.980796341908498,0.004625222494569037,0.009161269986919945,0.0,0.004575376905160694,0.000033518482145583075,0.0,13.980796341908498
0.000026795924005083198,0.004616578478614259,0.00924980644759363,0.004567820531780401,0.0,0.0,13.980689033216056,0.000026795924005083198,0.004616578478614259,0.00924980644759363,0.004567820531780401,0.0,0.0,13.980689033216056
0.0013426526294884305,0.0013179856659140945,0.0059525981824190876,0.0035724877281464824,0.001341059650531544,0.0,13.986750118301506,0.0013426526294884305,0.0013179856659140945,0.0059525981824190876,0.0035724877281464824,0.001341059650531544,0.0,13.986750118301506
0.0012501059336670472,0.0013352845614620368,0.00145514318414843,0.005879542066446243,0.0037235674404683568,0.0,13.98616450984662,0.0012501059336670472,0.0013352845614620368,0.00145514318414843,0.005879542066446243,0.0037235674404683568,0.0,13.98616450984662
0.0,5.996278278531594e-6,0.004701700183330996,0.004633450991765339,0.004628576699473159,0.0,13.986020988021325,0.0,5.996278278531594e-6,0.004701700183330996,0.004633450991765339,0.004628576699473159,0.0,13.986020988021325
0.00001950042893561531,0.0,0.00007207695118777559,0.01406230903432996,0.004584222065863913,6.499350776109636e-6,13.979438165783186,0.00001950042893561531,0.0,0.00007207695118777559,0.01406230903432996,0.004584222065863913,6.499350776109636e-6,13.979438165783186
0.0012929494660759357,0.005983842083089353,0.004625591731711118,0.003681221646669746,0.001289289698964597,0.00016790588774650753,13.982757675950902,0.0012929494660759357,0.005983842083089353,0.004625591731711118,0.003681221646669746,0.001289289698964597,0.00016790588774650753,13.982757675950902
0.00458380371389046,0.0,0.0,0.01396839735715525,0.0,0.0,13.98957432558595,0.00458380371389046,0.0,0.0,0.01396839735715525,0.0,0.0,13.98957432558595
0.0036808279813921986,0.003695307331574957,0.0013259008163709189,0.0036294553076610518,0.0035929361146868873,0.0005339962564911837,13.983465857402502,0.0036808279813921986,0.003695307331574957,0.0013259008163709189,0.0036294553076610518,0.0035929361146868873,0.0005339962564911837,13.983465857402502
0.000025072791685262533,0.0,0.0,0.0,0.004542415218659825,0.000671199388592464,13.994816709566866,0.000025072791685262533,0.0,0.0,0.0,0.004542415218659825,0.000671199388592464,13.994816709566866
0.0001242728873338734,0.0,0.009239499208874888,0.0,0.004642319498838679,0.0,13.985198859863099,0.0001242728873338734,0.0,0.009239499208874888,0.0,0.004642319498838679,0.0,13.985198859863099
9.812925698757767e-6,0.0,0.0,0.013739285441156057,0.000018711156647832974,0.0,13.984632544762444,9.812925698757767e-6,0.0,0.0,0.013739285441156057,0.000018711156647832974,0.0,13.984632544762444
0.0013393353693625714,0.008301131285603362,0.0013059716267696275,0.0013044344072792936,0.003670889286526584,0.0005961560291973071,13.983178222638976,0.0013393353693625714,0.008301131285603362,0.0013059716267696275,0.0013044344072792936,0.003670889286526584,0.0005961560291973071,13.983178222638976
0.003653322856017456,0.004658937749739204,0.0012879222058211216,0.005969795207325394,0.00588780495349144,0.0006579361927308654,13.977063861069004,0.003653322856017456,0.004658937749739204,0.0012879222058211216,0.005969795207325394,0.00588780495349144,0.0006579361927308654,13.977063861069004
1.4757997373238043e-7,0.0,0.0,0.004646115266706427,0.00007876266476984032,0.0017936655544697438,13.993598677017191,1.4757997373238043e-7,0.0,0.0,0.004646115266706427,0.00007876266476984032,0.0017936655544697438,13.993598677017191
0.0013325552070849536,0.0014035599935579087,0.0036559702271910677,0.0036511717875321397,0.005912170670682201,0.0005340219116009834,13.983177671690909,0.0013325552070849536,0.0014035599935579087,0.0036559702271910677,0.0036511717875321397,0.005912170670682201,0.0005340219116009834,13.983177671690909
0.0,0.01392123830878805,0.0,0.0,0.004675880618119072,0.0,13.979614882387919,0.0,0.01392123830878805,0.0,0.0,0.004675880618119072,0.0,13.979614882387919
0.0046000276928191,0.0,0.004659089113222628,0.009295988620698182,0.0,0.0,13.980486076872317,0.0046000276928191,0.0,0.004659089113222628,0.009295988620698182,0.0,0.0,13.980486076872317
0.001344854456376127,0.0013120012101418997,0.004704949197733453,0.0012721614181062523,0.00001192156560420217,0.0036354655987747963,13.987991866037847,0.001344854456376127,0.0013120012101418997,0.004704949197733453,0.0012721614181062523,0.00001192156560420217,0.0036354655987747963,13.987991866037847
0.000024975515112844954,4.572632765379478e-6,0.009312495857415361,0.0002822334186282421,0.0,0.002104666638454107,13.987767573556168,0.000024975515112844954,4.572632765379478e-6,0.009312495857415361,0.0002822334186282421,0.0,0.002104666638454107,13.987767573556168
0.004684652782947725,0.004691694616921874,7.6865114967406e-11,0.00924273029173717,0.0,0.0,13.980915490723941,0.004684652782947725,0.004691694616921874,7.6865114967406e-11,0.00924273029173717,0.0,0.0,13.980915490723941
0.0046026603496115235,0.00002596795592216478,0.0,0.0,0.0,0.0018202184660821297,13.994320140229904,0.0046026603496115235,0.00002596795592216478,0.0,0.0,0.0,0.0018202184660821297,13.994320140229904
0.008203831061829373,0.0012030034521959589,0.0037169105793095816,0.0013213795579242417,0.0012470441399812962,0.000012122166775476611,13.98390045551066,0.008203831061829373,0.0012030034521959589,0.0037169105793095816,0.0013213795579242417,0.0012470441399812962,0.000012122166775476611,13.98390045551066
0.0,0.009203183157972975,0.004573729001861142,0.0,0.004633154551681589,0.0,13.980591174941667,0.0,0.009203183157972975,0.004573729001861142,0.0,0.004633154551681589,0.0,13.980591174941667
0.004647017493904342,0.0,4.065614466939281e-7,3.409203065692307e-6,0.009286270264921579,0.0,13.985311226054089,0.004647017493904342,0.0,4.065614466939281e-7,3.409203065692307e-6,0.009286270264921579,0.0,13.985311226054089
0.0046000276928191,0.0,0.0,0.009295988620698182,0.0,0.0,13.985340224544801,0.0046000276928191,0.0,0.0,0.009295988620698182,0.0,0.0,13.985340224544801
0.0013221317171452068,0.003650040242858922,0.005916020671332007,0.003680293071683399,0.0013124599847118513,0.0006217136083030803,13.98327106432723,0.0013221317171452068,0.003650040242858922,0.005916020671332007,0.003680293071683399,0.0013124599847118513,0.0006217136083030803,13.98327106432723
0.0,0.0,0.004658948094407282,0.0045422235679603695,0.0,0.000021734630518515253,13.990803143770334,0.0,0.0,0.004658948094407282,0.0045422235679603695,0.0,0.000021734630518515253,13.990803143770334
3.7390762923535104e-6,0.004551195493944485,0.0,0.0045993732423361515,0.0012875003014586326,0.0006388061892815666,13.98874855345181,3.7390762923535104e-6,0.004551195493944485,0.0,0.0045993732423361515,0.0012875003014586326,0.0006388061892815666,13.98874855345181
0.00470100404435665,0.00924847168956081,3.340628364830436e-7,0.0,0.0,1.9783481138137358e-6,13.985338541705685,0.00470100404435665,0.00924847168956081,3.340628364830436e-7,0.0,0.0,1.9783481138137358e-6,13.985338541705685
0.0013026134355406363,0.0012704765025760133,0.0034856985112491734,0.0013209951847340646,0.003678916881210892,0.00002974843868101167,13.98901889732274,0.0013026134355406363,0.0012704765025760133,0.0034856985112491734,0.0013209951847340646,0.003678916881210892,0.00002974843868101167,13.98901889732274
0.0014174879551656725,0.005983842083089353,0.0013965201255300719,0.000024197351442750226,0.000034191086720745424,0.00023366826188909496,13.990860817692216,0.0014174879551656725,0.005983842083089353,0.0013965201255300719,0.000024197351442750226,0.000034191086720745424,0.00023366826188909496,13.990860817692216
0.0036744962669853836,0.001253152725498345,0.005970934146010287,0.0014470198638361087,0.001331007465115797,0.000652317349568424,13.991448656065016,0.0036744962669853836,0.001253152725498345,0.005970934146010287,0.0014470198638361087,0.001331007465115797,0.000652317349568424,13.991448656065016
0.0036743061959513324,0.0013590978997474086,0.0037706925770176094,0.00142042893098433,0.001479916538471281,0.0007049365253439597,13.98784274756596,0.0036743061959513324,0.0013590978997474086,0.0037706925770176094,0.00142042893098433,0.001479916538471281,0.0007049365253439597,13.98784274756596
0.0,0.003540112839234664,0.0010036729120288515,0.0,0.00014613774629317587,0.00216885354254651,13.993177454309093,0.0,0.003540112839234664,0.0010036729120288515,0.0,0.00014613774629317587,0.00216885354254651,13.993177454309093
0.00002441065188363116,0.0,1.0149095547381828e-9,0.0,0.009177950340682174,0.0006439680415281544,13.989630552636555,0.00002441065188363116,0.0,1.0149095547381828e-9,0.0,0.009177950340682174,0.0006439680415281544,13.989630552636555
0.0045706087759971245,0.000011665870475123519,0.0,3.28291234990888e-7,0.013901970731950614,0.0,13.979889859069408,0.0045706087759971245,0.000011665870475123519,0.0,3.28291234990888e-7,0.013901970731950614,0.0,13.979889859069408
0.8554895537880374,0.09786507155489531,0.09812987364940905,0.11461272330634717,0.10030741349919667,0.0022850157582645723,11.55581661202712,0.8554895537880374,0.09786507155489531,0.09812987364940905,0.11461272330634717,0.10030741349919667,0.0022850157582645723,11.55581661202712
0.009160614432892344,0.0,1.84255318452526e-6,0.0045852203758193506,0.0,0.0,13.985504387623806,0.009160614432892344,0.0,1.84255318452526e-6,0.0045852203758193506,0.0,0.0,13.985504387623806
0.0,0.004694642499228989,0.0,0.00938064126815336,0.004625213006397881,0.0,13.980384841605192,0.0,0.004694642499228989,0.0,0.00938064126815336,0.004625213006397881,0.0,13.980384841605192
0.0013153105943496516,0.0013328468691751463,0.0,0.0013492537097091152,0.004489749220635291,0.0020899673381403862,13.989623874764412,0.0013153105943496516,0.0013328468691751463,0.0,0.0013492537097091152,0.004489749220635291,0.0020899673381403862,13.989623874764412
0.0,0.0045364800752477515,0.000025499775803438426,0.0,0.004604568704629141,8.52612323637748e-10,13.990751552763195,0.0,0.0045364800752477515,0.000025499775803438426,0.0,0.004604568704629141,8.52612323637748e-10,13.990751552763195
0.0012984085412268392,0.0,0.004659089113222628,0.005984132699114807,0.0013233260795429687,0.0005546527503811208,13.98584715941479,0.0012984085412268392,0.0,0.004659089113222628,0.005984132699114807,0.0013233260795429687,0.0005546527503811208,13.98584715941479
0.0013287742972610491,0.0012538126305364381,0.0013325154666145268,0.0036618695589629765,0.008268640890968446,0.000018378619097125445,13.983731146095677,0.0013287742972610491,0.0012538126305364381,0.0013325154666145268,0.0036618695589629765,0.008268640890968446,0.000018378619097125445,13.983731146095677
8.907359221521291e-7,0.00921771224699603,0.0,0.009166019088059536,0.00001223683883373424,0.0,13.980375505886572,8.907359221521291e-7,0.00921771224699603,0.0,0.009166019088059536,0.00001223683883373424,0.0,13.980375505886572
0.008156256854819622,0.0036304729965039246,0.001291559745466758,0.0012855223935137993,0.0013390954040714172,0.0006770213393428202,13.983088197150504,0.008156256854819622,0.0036304729965039246,0.001291559745466758,0.0012855223935137993,0.0013390954040714172,0.0006770213393428202,13.983088197150504
0.0001261165072800395,0.009237287354489976,0.0,0.004665936562799019,0.004668668610974111,0.0,13.980613544804388,0.0001261165072800395,0.009237287354489976,0.0,0.004665936562799019,0.004668668610974111,0.0,13.980613544804388
0.0013214121779703278,0.0036404840420536863,0.0036061130971656984,0.0060157518946528325,0.0013233530861945333,0.00062917637128314,13.983755364615051,0.0013214121779703278,0.0036404840420536863,0.0036061130971656984,0.0060157518946528325,0.0013233530861945333,0.00062917637128314,13.983755364615051
0.009341621377305239,0.000021410024357900164,3.176786684794264e-6,0.009300967962485387,2.3454039841309925e-6,0.0,13.980273643486216,0.009341621377305239,0.000021410024357900164,3.176786684794264e-6,0.009300967962485387,2.3454039841309925e-6,0.0,13.980273643486216
0.001427530338560579,0.0013121432705421147,0.0012876565268131334,0.0013060109916873666,0.0013791674875050577,0.0006592385338194213,13.993074920548542,0.001427530338560579,0.0013121432705421147,0.0012876565268131334,0.0013060109916873666,0.0013791674875050577,0.0006592385338194213,13.993074920548542
0.004655120801527485,0.004630912018217488,5.889265181163511e-6,0.00013036346415191882,0.004622863514648089,0.0007011355170647,13.985017600998267,0.004655120801527485,0.004630912018217488,5.889265181163511e-6,0.00013036346415191882,0.004622863514648089,0.0007011355170647,13.985017600998267
0.0,0.004685765273994225,0.0,0.0,0.01394429833996106,4.792406179625949e-6,13.97985337188776,0.0,0.004685765273994225,0.0,0.0,0.01394429833996106,4.792406179625949e-6,13.97985337188776
0.009167838471675122,0.0,4.4391402418528395e-8,0.0,0.0,0.0,13.990279680095556,0.009167838471675122,0.0,4.4391402418528395e-8,0.0,0.0,0.0,13.990279680095556
0.001277902054846027,0.005945976751815797,0.001207603352027633,0.003696130612123165,0.0037904911704919036,0.0006342895479837192,13.985883245819396,0.001277902054846027,0.005945976751815797,0.001207603352027633,0.003696130612123165,0.0037904911704919036,0.0006342895479837192,13.985883245819396
0.0,0.01846306984769531,0.0,0.0,0.00001890515126202249,0.0,13.978557693781996,0.0,0.01846306984769531,0.0,0.0,0.00001890515126202249,0.0,13.978557693781996
0.006035571980930115,0.0013235688306248677,0.001313862493733278,0.0013084911697129034,0.006039212052540165,0.0006305113411892763,13.983068390759962,0.006035571980930115,0.0013235688306248677,0.001313862493733278,0.0013084911697129034,0.006039212052540165,0.0006305113411892763,13.983068390759962
0.004574779674591372,9.58953738400617e-6,0.0,0.004604122461480028,0.0036934925654181837,0.0006235711824048231,13.986355780105027,0.004574779674591372,9.58953738400617e-6,0.0,0.004604122461480028,0.0036934925654181837,0.0006235711824048231,13.986355780105027
0.003622877344606583,0.0013061706699676013,0.003597596692544865,0.003636974100251967,0.003674032899341208,0.0006495574221227684,13.983289466471414,0.003622877344606583,0.0013061706699676013,0.003597596692544865,0.003636974100251967,0.003674032899341208,0.0006495574221227684,13.983289466471414
0.003710482685233779,0.0,0.004599739513026564,3.746669106300532e-8,0.0,0.0012834277518625522,13.990427532709296,0.003710482685233779,0.0,0.004599739513026564,3.746669106300532e-8,0.0,0.0012834277518625522,13.990427532709296
0.0,0.0,0.004598216014147094,0.01395490555447667,0.000018711156647832974,9.158208154684227e-8,13.979575209815422,0.0,0.0,0.004598216014147094,0.01395490555447667,0.000018711156647832974,9.158208154684227e-8,13.979575209815422
0.001350233547526362,0.006006293380878902,0.0035949144147759283,0.0013635188116133583,0.003690379802209969,0.0006274884091452614,13.98322444019143,0.001350233547526362,0.006006293380878902,0.0035949144147759283,0.0013635188116133583,0.003690379802209969,0.0006274884091452614,13.98322444019143
0.0013204989382951892,0.0013737248415274202,0.003646712188922433,0.0013069195324282423,0.0,0.002049015623201267,13.990633688155286,0.0013204989382951892,0.0013737248415274202,0.003646712188922433,0.0013069195324282423,0.0,0.002049015623201267,13.990633688155286
0.0013393686311773472,0.0013181731108491514,0.0059529173408997774,0.0036599741368415605,0.0013410596505315441,0.0006435970245470654,13.985843362946671,0.0013393686311773472,0.0013181731108491514,0.0059529173408997774,0.0036599741368415605,0.0013410596505315441,0.0006435970245470654,13.985843362946671
0.0020645725631933368,0.008300754750183931,0.0013058187705234578,0.0012720521699136034,0.0,0.003599029458516525,13.982892045242139,0.0020645725631933368,0.008300754750183931,0.0013058187705234578,0.0012720521699136034,0.0,0.003599029458516525,13.982892045242139
0.008431864643313768,0.001338745204346663,0.0012718808519060986,0.0036166293046020394,0.0013755480623414626,0.00017726504961051038,13.983443048441972,0.008431864643313768,0.001338745204346663,0.0012718808519060986,0.0036166293046020394,0.0013755480623414626,0.00017726504961051038,13.983443048441972
0.0,0.0,4.065614466939281e-7,3.40920306569209e-6,0.00925268025165743,0.0,13.990123394770327,0.0,0.0,4.065614466939281e-7,3.40920306569209e-6,0.00925268025165743,0.0,13.990123394770327
0.0013221712177586783,0.005858990179532224,0.0013638562889120606,0.0014202211760577228,9.93986306504146e-6,0.0016983366879168799,13.9885129968437,0.0013221712177586783,0.005858990179532224,0.0013638562889120606,0.0014202211760577228,9.93986306504146e-6,0.0016983366879168799,13.9885129968437
0.0,0.0,0.0,0.0,0.0,0.0022060349011545615,13.998745481991568,0.0,0.0,0.0,0.0,0.0,0.0022060349011545615,13.998745481991568
0.0036323665271158533,0.0014141993042659543,0.0012788418449318334,0.005964340938268328,0.0014136605876669314,0.0007231193413169113,13.98580709647862,0.0036323665271158533,0.0014141993042659543,0.0012788418449318334,0.005964340938268328,0.0014136605876669314,0.0007231193413169113,13.98580709647862
0.0013646784213189522,0.005984714830890445,0.001291139674721383,0.003619463410795578,0.0012661569404434905,0.0006349469645847768,13.986293939402156,0.0013646784213189522,0.005984714830890445,0.001291139674721383,0.003619463410795578,0.0012661569404434905,0.0006349469645847768,13.986293939402156
0.003621592969198575,0.009228312655525232,0.000025401638782421472,0.0013250177270221967,8.09895945954361e-6,0.0022100591904933766,13.983098069633842,0.003621592969198575,0.009228312655525232,0.000025401638782421472,0.0013250177270221967,8.09895945954361e-6,0.0022100591904933766,13.983098069633842
0.0035998330566866417,0.0012732982984655263,0.003503048714481912,0.0012524051254760092,0.0036983135328458525,0.0,13.986733582783328,0.0035998330566866417,0.0012732982984655263,0.003503048714481912,0.0012524051254760092,0.0036983135328458525,0.0,13.986733582783328
0.0036286360956881147,0.006001755328358196,0.001291139674721383,0.003636684977975488,0.0013166777666721798,0.0006349469645847769,13.98353343197434,0.0036286360956881147,0.006001755328358196,0.001291139674721383,0.003636684977975488,0.0013166777666721798,0.0006349469645847769,13.98353343197434
0.00002829259015565055,0.000021346172455400677,0.004599739513026564,3.746669106291622e-8,0.003623273332615886,0.0012895496544123182,13.990507691345409,0.00002829259015565055,0.000021346172455400677,0.004599739513026564,3.746669106291622e-8,0.003623273332615886,0.0012895496544123182,13.990507691345409
0.11237339290613382,0.10200562471976925,0.8587601284299559,0.0394438494295887,0.009551242379060446,0.0006514737025396706,11.846508692938885,0.11237339290613382,0.10200562471976925,0.8587601284299559,0.0394438494295887,0.009551242379060446,0.0006514737025396706,11.846508692938885
0.0043972841272839555,0.004643673682989173,0.004714101200093565,0.0,0.0,0.0006076583831112245,13.985580338450857,0.0043972841272839555,0.004643673682989173,0.004714101200093565,0.0,0.0,0.0006076583831112245,13.985580338450857
0.0035871304096901906,0.0035778088660208714,0.0013374968962340979,0.0037987954115164526,0.0013323456909226069,0.0006133642757579949,13.985545477994215,0.0035871304096901906,0.0035778088660208714,0.0013374968962340979,0.0037987954115164526,0.0013323456909226069,0.0006133642757579949,13.985545477994215
0.00470100404435665,0.0,0.0,0.0,0.0,7.573477146830595e-6,13.995315740191806,0.00470100404435665,0.0,0.0,0.0,0.0,7.573477146830595e-6,13.995315740191806
6.445952388400671e-6,0.003604518014278539,0.001386546592899942,0.0013256084679596717,0.001341607445278106,0.001543741130787275,13.991059562908978,6.445952388400671e-6,0.003604518014278539,0.001386546592899942,0.0013256084679596717,0.001341607445278106,0.001543741130787275,13.991059562908978
0.0,0.0,0.013779706663478029,0.0,0.0,4.273382682572437e-8,13.984624513715739,0.0,0.0,0.013779706663478029,0.0,0.0,4.273382682572437e-8,13.984624513715739
0.0,0.004564030984112667,0.0047152975237895745,0.0,0.0,0.0,13.990511201763196,0.0,0.004564030984112667,0.0047152975237895745,0.0,0.0,0.0,13.990511201763196
0.0,0.000011532160716514394,0.00004458755298948885,0.0,0.013813785532587577,4.828109465605541e-7,13.98463112733891,0.0,0.000011532160716514394,0.00004458755298948885,0.0,0.013813785532587577,4.828109465605541e-7,13.98463112733891
0.0013726680038128483,0.0013231163565635782,0.010480699462295491,0.0014271802073347914,0.0013300292811049795,0.0006667847832757517,13.98300580596533,0.0013726680038128483,0.0013231163565635782,0.010480699462295491,0.0014271802073347914,0.0013300292811049795,0.0006667847832757517,13.98300580596533
1.8339609169845672e-8,0.0,0.003897376308538347,4.679984381051119e-6,0.001338128055232347,0.00206736139860495,13.992757795219525,1.8339609169845672e-8,0.0,0.003897376308538347,4.679984381051119e-6,0.001338128055232347,0.00206736139860495,13.992757795219525
0.0,0.004602712087653341,0.0045991644473597285,0.00006551931453663143,0.0046612433674732175,0.0,13.985773928158029,0.0,0.004602712087653341,0.0045991644473597285,0.00006551931453663143,0.0046612433674732175,0.0,13.985773928158029
0.0013218706953503402,0.0014141993042659543,0.0012379349453672424,0.005964340938268328,0.0036718703201809,0.0005992880184756239,13.985801837622574,0.0013218706953503402,0.0014141993042659543,0.0012379349453672424,0.005964340938268328,0.0036718703201809,0.0005992880184756239,13.985801837622574
0.0045677120705679445,0.0,0.00458090017213152,0.0,0.004624822443286972,0.0006469884886278913,13.985550959871677,0.0045677120705679445,0.0,0.00458090017213152,0.0,0.004624822443286972,0.0006469884886278913,13.985550959871677
1.9269700716781726e-7,0.009339046854118148,0.009276535480903954,1.9383694190025556e-6,0.0,0.0,13.980110871553695,1.9269700716781726e-7,0.009339046854118148,0.009276535480903954,1.9383694190025556e-6,0.0,0.0,13.980110871553695
0.008990395457778336,0.0013129851790724485,0.0013158721072706345,0.001291337846109167,0.0013733440280618812,0.0005787077655404595,13.984629359899907,0.008990395457778336,0.0013129851790724485,0.0013158721072706345,0.001291337846109167,0.0013733440280618812,0.0005787077655404595,13.984629359899907
0.0035997396902543288,0.0012917976026434476,0.0059411055902465395,0.0036235357355740485,0.0013436700849678218,0.0006155715782145101,13.983458073156356,0.0035997396902543288,0.0012917976026434476,0.0059411055902465395,0.0036235357355740485,0.0013436700849678218,0.0006155715782145101,13.983458073156356
0.0,5.027745572902001e-14,0.009210581180553108,0.00007291506848094986,0.0,2.2018871004281237e-8,13.990260329295854,0.0,5.027745572902001e-14,0.009210581180553108,0.00007291506848094986,0.0,2.2018871004281237e-8,13.990260329295854
0.004645290761937381,0.005754212863756835,0.0003918772431684824,0.0,0.0012198823052070361,0.0006115677440340941,13.987201155252627,0.004645290761937381,0.005754212863756835,0.0003918772431684824,0.0,0.0012198823052070361,0.0006115677440340941,13.987201155252627
0.0046237599965938715,0.004662205383593572,0.004628639465195587,0.0,0.0,3.924653650426088e-7,13.98601804412186,0.0046237599965938715,0.004662205383593572,0.004628639465195587,0.0,0.0,3.924653650426088e-7,13.98601804412186
0.0013528305006007572,0.0013170683058354848,0.0013648614242990197,0.0012623139038271218,0.0,0.0017446139157224292,13.993314832658367,0.0013528305006007572,0.0013170683058354848,0.0013648614242990197,0.0012623139038271218,0.0,0.0017446139157224292,13.993314832658367
0.0,0.004628354537557145,0.004644642840657727,0.009324424630723926,4.2320776521188035e-10,0.0,13.980491113705774,0.0,0.004628354537557145,0.004644642840657727,0.009324424630723926,4.2320776521188035e-10,0.0,13.980491113705774
0.0036533228560174562,0.0013236102196164106,0.0012879222058211216,0.0036946578962157857,0.00588780495349144,0.0006579361927308655,13.983184886976355,0.0036533228560174562,0.0013236102196164106,0.0012879222058211216,0.0036946578962157857,0.00588780495349144,0.0006579361927308655,13.983184886976355
0.004616120370655083,0.0,0.001351868843715331,0.003744487018697872,0.0034664650294199224,0.000534043927559863,13.994715689527084,0.004616120370655083,0.0,0.001351868843715331,0.003744487018697872,0.0034664650294199224,0.000534043927559863,13.994715689527084
0.00008557896700332485,0.0,0.0046000875142748416,7.015606686950314e-7,0.0,0.0,13.995501020636944,0.00008557896700332485,0.0,0.0046000875142748416,7.015606686950314e-7,0.0,0.0,13.995501020636944
0.0,2.8804645112118393e-11,0.009210581180553108,0.00922185420349756,0.0,2.2018871004281237e-8,13.980253262455607,0.0,2.8804645112118393e-11,0.009210581180553108,0.00922185420349756,0.0,2.2018871004281237e-8,13.980253262455607
0.0036614171832755928,0.0,0.00011593141476511776,8.98062882786696e-7,0.00367648015959227,0.0006648986440585876,13.991875250868683,0.0036614171832755928,0.0,0.00011593141476511776,8.98062882786696e-7,0.00367648015959227,0.0006648986440585876,13.991875250868683
1.6220819580725637e-7,0.004568030620389589,1.2832964570070109e-8,0.009353349838775105,0.0,0.0,13.985331847646103,1.6220819580725637e-7,0.004568030620389589,1.2832964570070109e-8,0.009353349838775105,0.0,0.0,13.985331847646103
0.0012975487531471821,0.0013158059023373816,0.0012729627764687355,0.0013411093183494892,0.0036360396280931294,0.0006267600573142077,13.99070100052008,0.0012975487531471821,0.0013158059023373816,0.0012729627764687355,0.0013411093183494892,0.0036360396280931294,0.0006267600573142077,13.99070100052008
0.0035998330566866417,0.0013231100366408086,0.0006907851060350069,0.003669468506321159,0.0014842123698363592,0.0,13.98942531166143,0.0035998330566866417,0.0013231100366408086,0.0006907851060350069,0.003669468506321159,0.0014842123698363592,0.0,13.98942531166143
0.0013219205006357012,0.0013608602813710683,0.0012437531878357598,0.006091606666906687,0.0013227252107647926,0.0006225246056549082,13.988675318094334,0.0013219205006357012,0.0013608602813710683,0.0012437531878357598,0.006091606666906687,0.0013227252107647926,0.0006225246056549082,13.988675318094334
0.0014667467878632869,0.004614733589175355,0.0012717918638282255,0.001352699572441096,0.001334283316290537,0.0019116320828714548,13.98795565380253,0.0014667467878632869,0.004614733589175355,0.0012717918638282255,0.001352699572441096,0.001334283316290537,0.0019116320828714548,13.98795565380253
0.0,0.003540112839234664,0.0010036729120288515,9.413702788971332e-6,0.004675749373434023,0.00216885354254651,13.98857282636774,0.0,0.003540112839234664,0.0010036729120288515,9.413702788971332e-6,0.004675749373434023,0.00216885354254651,13.98857282636774
0.00917538884383276,0.0,0.004618915303120176,0.000020395345697810097,0.0,0.0000169367791004911,13.98549148405202,0.00917538884383276,0.0,0.004618915303120176,0.000020395345697810097,0.0,0.0000169367791004911,13.98549148405202
0.0,0.0,0.0,0.009301559774608356,0.000039894799485774846,6.614966442615878e-6,13.990091698812456,0.0,0.0,0.0,0.009301559774608356,0.000039894799485774846,6.614966442615878e-6,13.990091698812456
0.001372668003812848,0.0,0.01062373385044768,0.004805296213550911,5.670386076275704e-6,0.0007213571112483757,13.981524035279339,0.001372668003812848,0.0,0.01062373385044768,0.004805296213550911,5.670386076275704e-6,0.0007213571112483757,13.981524035279339
0.0013528281767997909,0.000020677136591367535,0.018589805713091424,0.0009531458479077443,0.000053134559512841694,0.0006138064266878285,13.975521412151448,0.0013528281767997909,0.000020677136591367535,0.018589805713091424,0.0009531458479077443,0.000053134559512841694,0.0006138064266878285,13.975521412151448
0.0,2.9759292940285606e-8,0.0,0.0046785148228217985,0.009363558093690976,1.8599690052941873e-6,13.985265595043305,0.0,2.9759292940285606e-8,0.0,0.0046785148228217985,0.009363558093690976,1.8599690052941873e-6,13.985265595043305
3.7390762923535104e-6,0.004551195493944485,0.0,0.0045993732423361515,0.000015120327173244095,2.1405146462658464e-6,13.990696875652626,3.7390762923535104e-6,0.004551195493944485,0.0,0.0045993732423361515,0.000015120327173244095,2.1405146462658464e-6,13.990696875652626
0.006301958642447357,0.0,0.003594750399147209,0.0,0.004633154551681588,0.0006330278881212257,13.984699081225784,0.006301958642447357,0.0,0.003594750399147209,0.0,0.004633154551681588,0.0006330278881212257,13.984699081225784
0.003536622692081051,0.0036348063027316704,0.0013285502300740405,0.0013388468172804394,0.00586602484717848,0.000011372599308507117,13.983965442782635,0.003536622692081051,0.0036348063027316704,0.0013285502300740405,0.0013388468172804394,0.00586602484717848,0.000011372599308507117,13.983965442782635
0.001482073550074558,0.0013147290921532479,0.0036952724370121906,0.0036363822415905692,0.0013424399267131372,0.0006220529151118707,13.988319752697297,0.001482073550074558,0.0013147290921532479,0.0036952724370121906,0.0036363822415905692,0.0013424399267131372,0.0006220529151118707,13.988319752697297
0.0046026603496115235,0.009507800558374819,0.001006392089827647,0.0,0.0,0.0021602046965211235,13.98265802911598,0.0046026603496115235,0.009507800558374819,0.001006392089827647,0.0,0.0,0.0021602046965211235,13.98265802911598
0.009351024889923672,0.0,3.176786684794264e-6,0.009300967962485387,8.507419521604567e-7,0.000619275231353697,13.979555810083157,0.009351024889923672,0.0,3.176786684794264e-6,0.009300967962485387,8.507419521604567e-7,0.000619275231353697,13.979555810083157
0.001326187155492786,0.0013110636966482039,0.0012908764601423425,0.00469483871104118,0.004655832988717536,0.0005609945163331115,13.986127201047456,0.001326187155492786,0.0013110636966482039,0.0012908764601423425,0.00469483871104118,0.004655832988717536,0.0005609945163331115,13.986127201047456
0.009161063159225293,0.004668434478075686,0.0013042705349205167,0.0012843974786388907,0.00826612637696711,0.0,13.974763099847305,0.009161063159225293,0.004668434478075686,0.0013042705349205167,0.0012843974786388907,0.00826612637696711,0.0,13.974763099847305
0.0013401963359263476,0.001322239690678142,0.006013257637775428,0.0013460427980124872,0.009705066965766384,0.000636724532789748,13.978667471150052,0.0013401963359263476,0.001322239690678142,0.006013257637775428,0.0013460427980124872,0.009705066965766384,0.000636724532789748,13.978667471150052
0.0013727464324173638,0.00004302257768722508,0.01062373385044768,0.004805296213550912,0.000026929342489365182,0.0007213571112483757,13.981447017014542,0.0013727464324173638,0.00004302257768722508,0.01062373385044768,0.004805296213550912,0.000026929342489365182,0.0007213571112483757,13.981447017014542
0.000019500428935614877,0.009051579894903872,0.015469387394726475,0.018559782541351856,9.13965401151519e-6,0.0,13.950985005343519,0.000019500428935614877,0.009051579894903872,0.015469387394726475,0.018559782541351856,9.13965401151519e-6,0.0,13.950985005343519
0.004569177505329625,0.0,0.004676122108491257,0.004566096709691529,4.3263430511697454e-10,0.0,13.986392088369625,0.004569177505329625,0.0,0.004676122108491257,0.004566096709691529,4.3263430511697454e-10,0.0,13.986392088369625
0.002078421177141302,0.0013110636966481987,0.10141263917256131,0.09808362812346566,0.005966040513501334,0.0036086375174876517,13.802764669476018,0.002078421177141302,0.0013110636966481987,0.10141263917256131,0.09808362812346566,0.005966040513501334,0.0036086375174876517,13.802764669476018
0.008962491156626253,0.00004348851502343075,0.0012510777615947666,0.001291337846109167,0.001509018398749673,0.0,13.986704390063549,0.008962491156626253,0.00004348851502343075,0.0012510777615947666,0.001291337846109167,0.001509018398749673,0.0,13.986704390063549
0.004564383212050471,0.001326602939679268,0.003570190286583739,0.00454713144931373,0.005947403077783775,0.00001392564584605765,13.979542008256617,0.004564383212050471,0.001326602939679268,0.003570190286583739,0.00454713144931373,0.005947403077783775,0.00001392564584605765,13.979542008256617
0.0013310999639068613,9.58953738400617e-6,0.0,0.004604122461480028,0.0012458724019336048,0.0006235711824048231,13.99234176449151,0.0013310999639068613,9.58953738400617e-6,0.0,0.004604122461480028,0.0012458724019336048,0.0006235711824048231,13.99234176449151
0.001321920500635701,0.0014141993042659541,0.0012358027703985052,0.005964340938268328,0.0013227252107647924,0.0005992880184756238,13.988245324760378,0.001321920500635701,0.0014141993042659541,0.0012358027703985052,0.005964340938268328,0.0013227252107647924,0.0005992880184756238,13.988245324760378
0.004549234317910016,0.005838214471143355,0.001291139674721383,0.003603092630565161,0.0013166777666721796,0.000634919983496921,13.982628641453884,0.004549234317910016,0.005838214471143355,0.001291139674721383,0.003603092630565161,0.0013166777666721796,0.000634919983496921,13.982628641453884
0.003653951919107838,0.0013415178637640125,0.0012707634001236459,0.0059790445876350354,0.0013318720059252087,0.0005689176494235559,13.985799787593464,0.003653951919107838,0.0013415178637640125,0.0012707634001236459,0.0059790445876350354,0.0013318720059252087,0.0005689176494235559,13.985799787593464
0.003664735303556216,0.003695307331574957,0.0,0.00918095690966136,0.00012647108526696467,0.0,13.982710840986073,0.003664735303556216,0.003695307331574957,0.0,0.00918095690966136,0.00012647108526696467,0.0,13.982710840986073
0.00460211955003002,0.009102997130808225,0.008191048053182923,0.0014187888540213899,0.0036471472290820987,0.0005520664521524573,13.971410175740127,0.00460211955003002,0.009102997130808225,0.008191048053182923,0.0014187888540213899,0.0036471472290820987,0.0005520664521524573,13.971410175740127
0.003602013347719741,0.003652987340541215,0.0012213445399481956,0.0012971859011806821,0.0013853050792407267,0.0007049365253439595,13.992133493928623,0.003602013347719741,0.003652987340541215,0.0012213445399481956,0.0012971859011806821,0.0013853050792407267,0.0007049365253439595,13.992133493928623
0.0,7.405028212266115e-6,0.004565662938612613,1.1024963949826314e-6,0.009281568782599446,0.0005570488960894668,13.984764667696034,0.0,7.405028212266115e-6,0.004565662938612613,1.1024963949826314e-6,0.009281568782599446,0.0005570488960894668,13.984764667696034
0.001278458695898724,0.0035249695171551574,0.008315390563759377,0.0037949987201670327,0.003459670061540463,0.0006795596381590275,13.978470582952424,0.001278458695898724,0.0035249695171551574,0.008315390563759377,0.0037949987201670327,0.003459670061540463,0.0006795596381590275,13.978470582952424
6.700235812722355e-6,0.000046065949278968014,0.004595171481182674,0.000014935474388733582,0.014181312715099398,2.8164701718850355e-9,13.979334961253032,6.700235812722355e-6,0.000046065949278968014,0.004595171481182674,0.000014935474388733582,0.014181312715099398,2.8164701718850355e-9,13.979334961253032
0.0013500051699501534,0.0013878893986381071,0.0036480489147769383,0.0005052270789135116,0.0013429417500087203,0.0005523844360959286,13.991508974407221,0.0013500051699501534,0.0013878893986381071,0.0036480489147769383,0.0005052270789135116,0.0013429417500087203,0.0005523844360959286,13.991508974407221
0.014000078304639237,0.0014351744235622842,0.0013965201255300719,0.0,0.005889778125906865,0.00024139254331328842,13.97534305288728,0.014000078304639237,0.0014351744235622842,0.0013965201255300719,0.0,0.005889778125906865,0.00024139254331328842,13.97534305288728
0.001340994453902666,0.008186879720470016,0.0036591982945230177,0.0014024748910929177,0.0013407202331604546,0.0006667759967206822,13.983128407967945,0.001340994453902666,0.008186879720470016,0.0036591982945230177,0.0014024748910929177,0.0013407202331604546,0.0006667759967206822,13.983128407967945
0.004604222676149268,0.004646913500551516,0.000025800628843211428,0.00459140809001714,0.004668125744109344,0.0,13.98087600991046,0.004604222676149268,0.004646913500551516,0.000025800628843211428,0.00459140809001714,0.004668125744109344,0.0,13.98087600991046
0.005861029078977854,0.0037065171306311442,0.0036734294018993816,0.0013406327802430197,9.81224067098151e-6,9.309546967419696e-7,13.985414206450633,0.005861029078977854,0.0037065171306311442,0.0036734294018993816,0.0013406327802430197,9.81224067098151e-6,9.309546967419696e-7,13.985414206450633
0.0013755820329820765,0.0013231163565635782,0.0034331435455530355,0.0014757476149656514,0.0012885518244884157,0.0006802694290797872,13.990540248113744,0.0013755820329820765,0.0013231163565635782,0.0034331435455530355,0.0014757476149656514,0.0012885518244884157,0.0006802694290797872,13.990540248113744
0.001429486186151466,0.0,0.003657201403302619,0.0,0.004542415218659825,0.000671199388592464,13.989595280852624,0.001429486186151466,0.0,0.003657201403302619,0.0,0.004542415218659825,0.000671199388592464,13.989595280852624
0.0013283854370887498,0.0011614519155916715,0.006492211555762255,0.003624778693186597,0.00857122003153105,0.0005159445161150231,13.977596487012379,0.0013283854370887498,0.0011614519155916715,0.006492211555762255,0.003624778693186597,0.00857122003153105,0.0005159445161150231,13.977596487012379
0.00358241339835878,0.0037473237570716687,0.0035888633382462946,0.0012775201573335237,0.0037495696967157904,0.0006078708665346339,13.983456072431865,0.00358241339835878,0.0037473237570716687,0.0035888633382462946,0.0012775201573335237,0.0037495696967157904,0.0006078708665346339,13.983456072431865
0.0013302002293706936,0.0015833121755114178,0.001321371079252556,0.0036699571133336174,0.0014619359935022303,0.000018812967063035007,13.99082026878203,0.0013302002293706936,0.0015833121755114178,0.001321371079252556,0.0036699571133336174,0.0014619359935022303,0.000018812967063035007,13.99082026878203
0.003677425612495228,0.0036404840420536863,0.005865121753617501,0.0019085728635942507,0.0013371393551382012,0.0006082279546109723,13.982990579826057,0.003677425612495228,0.0036404840420536863,0.005865121753617501,0.0019085728635942507,0.0013371393551382012,0.0006082279546109723,13.982990579826057
0.004684500838618165,0.0013465351372004934,3.3406283648303343e-7,0.0,0.0,1.9783481138137358e-6,13.994058105731668,0.004684500838618165,0.0013465351372004934,3.3406283648303343e-7,0.0,0.0,1.9783481138137358e-6,13.994058105731668
0.0036299772768899367,0.001323689745191684,0.0012059288730851315,0.0046454729760851046,0.0013333793071230587,0.0006284203930503304,13.987260766733005,0.0036299772768899367,0.001323689745191684,0.0012059288730851315,0.0046454729760851046,0.0013333793071230587,0.0006284203930503304,13.987260766733005
0.004836734154364544,0.0012613390561653434,0.0,0.004644952331426346,0.0013379772640953053,0.0022922581681668113,13.985397625302598,0.004836734154364544,0.0012613390561653434,0.0,0.004644952331426346,0.0013379772640953053,0.0022922581681668113,13.985397625302598
0.000026795924005083273,0.004616578478614259,0.009247084277978726,0.0045513764588956725,0.0,0.0,13.980799488344035,0.000026795924005083273,0.004616578478614259,0.009247084277978726,0.0045513764588956725,0.0,0.0,13.980799488344035
0.00458434104107044,0.0013757447182952142,0.0013648614242990197,0.0012623139038271218,0.0,0.0017446139157224292,13.989748557430415,0.00458434104107044,0.0013757447182952142,0.0013648614242990197,0.0012623139038271218,0.0,0.0017446139157224292,13.989748557430415
0.004630427060116815,0.009300777081548186,0.0,0.0,0.003661935364180978,0.0006247811825454362,13.98091168108975,0.004630427060116815,0.009300777081548186,0.0,0.0,0.003661935364180978,0.0006247811825454362,13.98091168108975
0.0013171881176903468,0.0036473435562563647,0.001364759523599415,0.00005081523872381324,0.006718113735880278,3.65510582857783e-10,13.987124754322846,0.0013171881176903468,0.0036473435562563647,0.001364759523599415,0.00005081523872381324,0.006718113735880278,3.65510582857783e-10,13.987124754322846
0.009240325299686984,0.0013946136243524927,0.003548385431044975,0.00004288001879815262,0.0091128791205618,0.0,13.975121788050084,0.009240325299686984,0.0013946136243524927,0.003548385431044975,0.00004288001879815262,0.0091128791205618,0.0,13.975121788050084
