f_1,f_2,f_3,f_4,f_5,f_6,f_7,f_1_min,f_2_min,f_3_min,f_4_min,f_5_min,f_6_min,f_7_min
0.0,0.0795708725172942,0.07554272654896697,0.004126757867677747,0.008159595554491417,0.07466971801527572,13.650321889069668,0.0,0.0795708725172942,0.07554272654896697,0.004126757867677747,0.008159595554491417,0.07466971801527572,13.650321889069668
0.004630602972835352,0.06656414042359593,0.05991307325375081,0.0045972082149050575,0.007650861126342397,0.04978392856082734,13.779750516930436,0.004630602972835352,0.06656414042359593,0.05991307325375081,0.0045972082149050575,0.007650861126342397,0.04978392856082734,13.779750516930436
0.00006690540534388945,0.016848291717770164,0.006853339216289302,0.04274333066903356,0.00018828397901520509,0.03610616730695927,13.87803858331803,0.00006690540534388945,0.016848291717770164,0.006853339216289302,0.04274333066903356,0.00018828397901520509,0.03610616730695927,13.87803858331803
0.07488567706574825,0.07121263941622706,0.0,0.0005437805822855885,0.0006664924108603417,0.0364372995323779,13.750008142387625,0.07488567706574825,0.07121263941622706,0.0,0.0005437805822855885,0.0006664924108603417,0.0364372995323779,13.750008142387625
0.07003120100249685,0.007316842097977783,0.006367109224996101,0.0763821871010171,0.07190588219487354,0.04725687329070818,13.639732231190395,0.07003120100249685,0.007316842097977783,0.006367109224996101,0.0763821871010171,0.07190588219487354,0.04725687329070818,13.639732231190395
0.0,0.08124538574943274,0.0,0.01598849697545314,0.0115836280797296,0.07874126096165338,13.797982189841175,0.0,0.08124538574943274,0.0,0.01598849697545314,0.0115836280797296,0.07874126096165338,13.797982189841175
0.0000684365521506331,0.05166178195249671,0.006853339216289306,0.0004969171832994966,0.00018713196279222967,0.03611956636629137,13.880069106788296,0.0000684365521506331,0.05166178195249671,0.006853339216289306,0.0004969171832994966,0.00018713196279222967,0.03611956636629137,13.880069106788296
0.02034795467238809,0.06672857114662402,0.06948464590435177,0.06975260466284228,0.07247960359996382,0.07272399163969252,13.517377104067744,0.02034795467238809,0.06672857114662402,0.06948464590435177,0.06975260466284228,0.07247960359996382,0.07272399163969252,13.517377104067744
0.02038843960161868,0.06985628673051039,0.0017249273695546102,0.0023363712316115635,0.07355643799714684,0.073202140641003,13.65786747857703,0.02038843960161868,0.06985628673051039,0.0017249273695546102,0.0023363712316115635,0.07355643799714684,0.073202140641003,13.65786747857703
0.0,0.0,0.0,0.0,0.0,0.0,14.000589153336236,0.0,0.0,0.0,0.0,0.0,0.0,14.000589153336236
0.08412923725480911,0.007362361047989055,0.09386052825366945,0.0006217868140012026,0.08006732034955816,0.07787947962531386,13.610393919067665,0.08412923725480911,0.007362361047989055,0.09386052825366945,0.0006217868140012026,0.08006732034955816,0.07787947962531386,13.610393919067665
0.06680661697361351,0.06178609024506282,0.0021246796145254106,0.01722089544071778,0.0,0.03634676778453498,13.741892898362941,0.06680661697361351,0.06178609024506282,0.0021246796145254106,0.01722089544071778,0.0,0.03634676778453498,13.741892898362941
0.07920486358062567,0.0811341514501884,0.07150806395994275,0.08595558854240672,0.027253754913162086,0.07458578487606815,13.31670419295549,0.07920486358062567,0.0811341514501884,0.07150806395994275,0.08595558854240672,0.027253754913162086,0.07458578487606815,13.31670419295549
0.06387223902731534,0.0007767756858717834,0.05951111247799218,0.00011014175649032287,0.06776715536542235,0.033071617942377354,13.822828399825594,0.06387223902731534,0.0007767756858717834,0.05951111247799218,0.00011014175649032287,0.06776715536542235,0.033071617942377354,13.822828399825594
0.0038725474535765813,0.0005243276092431887,0.0698460520086078,0.0,0.06715068950250314,0.04692035434139405,13.712938981455242,0.0038725474535765813,0.0005243276092431887,0.0698460520086078,0.0,0.06715068950250314,0.04692035434139405,13.712938981455242
0.0871062548565473,0.018360584480593495,0.07638960371717589,0.8568981894753617,0.0036547272652057844,0.2907116205083825,11.628488215577745,0.0871062548565473,0.018360584480593495,0.07638960371717589,0.8568981894753617,0.0036547272652057844,0.2907116205083825,11.628488215577745
0.060554969573696854,0.0012559107179617723,0.008755444337731361,0.07535971319202286,0.003846257475926179,0.046194584851491555,13.718030557192264,0.060554969573696854,0.0012559107179617723,0.008755444337731361,0.07535971319202286,0.003846257475926179,0.046194584851491555,13.718030557192264
0.0,0.052660151009705225,0.008062775834084601,0.06923555086572207,0.0,0.02858881739617703,13.794126279340029,0.0,0.052660151009705225,0.008062775834084601,0.06923555086572207,0.0,0.02858881739617703,13.794126279340029
0.06842695827067988,0.07139157047893718,0.0001825085760236156,0.07223016475378966,0.0018048318079327136,0.028679792517375072,13.65780888123405,0.06842695827067988,0.07139157047893718,0.0001825085760236156,0.07223016475378966,0.0018048318079327136,0.028679792517375072,13.65780888123405
0.07301314195075549,0.0,0.07460076140628585,0.0755642916059302,0.06447791630292865,0.050851370693691514,13.653986047279945,0.07301314195075549,0.0,0.07460076140628585,0.0755642916059302,0.06447791630292865,0.050851370693691514,13.653986047279945
0.11042660224389561,0.1021518891324674,0.09607946121092537,0.8699496120972432,0.11102026647696712,0.0006975073941344903,11.540758958360167,0.11042660224389561,0.1021518891324674,0.09607946121092537,0.8699496120972432,0.11102026647696712,0.0006975073941344903,11.540758958360167
0.06251537907317051,0.00023955886640909482,0.04978421432664382,0.07474546668083605,0.06639413951128487,0.030078129247065453,13.738769836142875,0.06251537907317051,0.00023955886640909482,0.04978421432664382,0.07474546668083605,0.06639413951128487,0.030078129247065453,13.738769836142875
0.05907515825866379,0.00015411141184060867,0.025819783443485025,0.0,0.06447791630292865,0.050665053921631065,13.822926997401252,0.05907515825866379,0.00015411141184060867,0.025819783443485025,0.0,0.06447791630292865,0.050665053921631065,13.822926997401252
0.0019651612144377184,0.004424406675629447,0.0,0.05923656094591269,0.05637141379344171,0.04849007790213207,13.794050994926534,0.0019651612144377184,0.004424406675629447,0.0,0.05923656094591269,0.05637141379344171,0.04849007790213207,13.794050994926534
0.06688824804647023,0.0704856916747009,0.00015977200881914233,0.07335964977102073,0.0734435233499073,0.05023743429953173,13.59446745249112,0.06688824804647023,0.0704856916747009,0.00015977200881914233,0.07335964977102073,0.0734435233499073,0.05023743429953173,13.59446745249112
0.06998880183891346,0.002577654779921383,0.0714918715711546,0.07478970548641614,0.07330170174294301,0.028963156448281912,13.554379978017923,0.06998880183891346,0.002577654779921383,0.0714918715711546,0.07478970548641614,0.07330170174294301,0.028963156448281912,13.554379978017923
0.06387223902731534,0.0007767756858717799,0.059490227117574165,0.00011014175649032287,0.06576495979915091,0.028999558460146527,13.83090045353714,0.06387223902731534,0.0007767756858717799,0.059490227117574165,0.00011014175649032287,0.06576495979915091,0.028999558460146527,13.83090045353714
0.0,0.0,0.05807908499962664,0.0,0.07133147563468066,0.07358576725793067,13.679788331549057,0.0,0.0,0.05807908499962664,0.0,0.07133147563468066,0.07358576725793067,13.679788331549057
0.0,0.0,0.0,0.015303672270989471,0.02414809885454912,0.04706659234578862,13.917412065699315,0.0,0.0,0.0,0.015303672270989471,0.02414809885454912,0.04706659234578862,13.917412065699315
0.02974313842926455,0.0038688908787297208,0.00001703885346437256,0.03594452165152007,0.00023227228844883985,0.03299943720819971,13.883012647229892,0.02974313842926455,0.0038688908787297208,0.00001703885346437256,0.03594452165152007,0.00023227228844883985,0.03299943720819971,13.883012647229892
0.0000531425707010532,0.021114352284165444,0.0012409283748057373,0.0011096271937811094,0.0,0.028035777110266703,13.945703373677699,0.0000531425707010532,0.021114352284165444,0.0012409283748057373,0.0011096271937811094,0.0,0.028035777110266703,13.945703373677699
0.0009878437480749895,0.0677984554603196,0.06033272443335953,0.06807449116286879,0.005760076250858566,0.03762590046482613,13.780864634412653,0.0009878437480749895,0.0677984554603196,0.06033272443335953,0.06807449116286879,0.005760076250858566,0.03762590046482613,13.780864634412653
0.07243063384814219,0.0,0.0009176881291106491,0.00023426359388520335,0.00011025326980013128,0.07584497647075894,13.807128905866666,0.07243063384814219,0.0,0.0009176881291106491,0.00023426359388520335,0.00011025326980013128,0.07584497647075894,13.807128905866666
0.0,0.0007767756858717834,0.05951111247799218,0.00011014175649032287,0.06854286461952817,0.033056945026116946,13.831996868134947,0.0,0.0007767756858717834,0.05951111247799218,0.00011014175649032287,0.06854286461952817,0.033056945026116946,13.831996868134947
0.07672943617029282,0.048657362036838236,0.000010234289219469362,0.014978146827171617,0.07315098982768625,0.07183787458129325,13.579629421960904,0.07672943617029282,0.048657362036838236,0.000010234289219469362,0.014978146827171617,0.07315098982768625,0.07183787458129325,13.579629421960904
0.0,0.05280228028460261,0.0023028774620907494,0.0,0.05208596861076226,0.0362072722735327,13.828190768583342,0.0,0.05280228028460261,0.0023028774620907494,0.0,0.05208596861076226,0.0362072722735327,13.828190768583342
0.017583406414543118,0.06179317345926327,0.06083575292944807,0.00032132893801594536,0.06775131666571711,0.03306644286666666,13.861078925833512,0.017583406414543118,0.06179317345926327,0.06083575292944807,0.00032132893801594536,0.06775131666571711,0.03306644286666666,13.861078925833512
0.0015115926546170472,0.0029276396057442006,0.024842470923187518,0.016836014719695074,0.00041149245766691767,0.05647126179335885,13.878518743046929,0.0015115926546170472,0.0029276396057442006,0.024842470923187518,0.016836014719695074,0.00041149245766691767,0.05647126179335885,13.878518743046929
0.0502240196171313,0.06328780947185425,0.0017986053039576039,0.013580912755939784,0.03768132968241683,0.03050471083914472,13.78031331287266,0.0502240196171313,0.06328780947185425,0.0017986053039576039,0.013580912755939784,0.03768132968241683,0.03050471083914472,13.78031331287266
0.06998770159014012,0.07125185770081695,0.07147247830280924,0.07508569493389625,0.05358174477052066,0.029147860199201743,13.4490240231935,0.06998770159014012,0.07125185770081695,0.07147247830280924,0.07508569493389625,0.05358174477052066,0.029147860199201743,13.4490240231935
0.0,0.0,0.0,0.09098116217591948,0.03048576034584307,0.07722641303554628,13.74150003214565,0.0,0.0,0.0,0.09098116217591948,0.03048576034584307,0.07722641303554628,13.74150003214565
0.0735548499939223,0.06806185048220398,0.0701349692046069,0.012792113196719856,0.011792535393927994,0.028028257636783124,13.715260509207159,0.0735548499939223,0.06806185048220398,0.0701349692046069,0.012792113196719856,0.011792535393927994,0.028028257636783124,13.715260509207159
0.0,0.08190164844187646,0.0046713383648458034,0.0,0.07277330337259619,0.037981453878224186,13.795802352910124,0.0,0.08190164844187646,0.0046713383648458034,0.0,0.07277330337259619,0.037981453878224186,13.795802352910124
0.0020047484859816167,0.005720519259140553,0.06370583874672298,0.07497607362837806,0.07082454023733196,0.03149922340945098,13.639865892366073,0.0020047484859816167,0.005720519259140553,0.06370583874672298,0.07497607362837806,0.07082454023733196,0.03149922340945098,13.639865892366073
0.008782998137899928,0.002539218683079253,0.06829855457107337,0.0759231499658946,0.055542521005816095,0.07466492980980902,13.560395031544491,0.008782998137899928,0.002539218683079253,0.06829855457107337,0.0759231499658946,0.055542521005816095,0.07466492980980902,13.560395031544491
0.0004410725359340478,0.048806732513900594,0.07256951881129875,0.08565164207990186,0.07104186107024721,0.07148245980977769,13.475356856485437,0.0004410725359340478,0.048806732513900594,0.07256951881129875,0.08565164207990186,0.07104186107024721,0.07148245980977769,13.475356856485437
0.014284926289672617,0.0006125901539988376,0.0,0.0,0.024092523949094117,0.04926397702912726,13.884605834229564,0.014284926289672617,0.0006125901539988376,0.0,0.0,0.024092523949094117,0.04926397702912726,13.884605834229564
0.0071109520052712125,0.06986607639285942,0.00012960329731703107,0.0022873882000877394,0.08289671945390367,0.073202140641003,13.710249934203475,0.0071109520052712125,0.06986607639285942,0.00012960329731703107,0.0022873882000877394,0.08289671945390367,0.073202140641003,13.710249934203475
0.021949229874925928,0.0026426938366481273,0.007733808217935916,0.0,0.001223581194003391,0.031121951222980688,13.93456049076814,0.021949229874925928,0.0026426938366481273,0.007733808217935916,0.0,0.001223581194003391,0.031121951222980688,13.93456049076814
0.00967595924872204,0.08128747293786205,0.07787026917734513,0.08646675513300814,0.0,0.07664757088928316,13.49175236099769,0.00967595924872204,0.08128747293786205,0.07787026917734513,0.08646675513300814,0.0,0.07664757088928316,13.49175236099769
0.008782998137899928,0.002539218683079254,0.0728418250914557,0.07591573591057912,0.055542521005816095,0.07466492980980902,13.582535594662215,0.008782998137899928,0.002539218683079254,0.0728418250914557,0.07591573591057912,0.055542521005816095,0.07466492980980902,13.582535594662215
0.07137904654114341,0.06434227033957894,0.0020594589283944448,0.076360301215842,0.07311884995046428,0.0737522357500422,13.493465093954535,0.07137904654114341,0.06434227033957894,0.0020594589283944448,0.076360301215842,0.07311884995046428,0.0737522357500422,13.493465093954535
0.06535695177765811,0.06656414042359593,0.06110147522062022,0.003741621601736668,0.0028800798562786806,0.030807226807237673,13.741981781844988,0.06535695177765811,0.06656414042359593,0.06110147522062022,0.003741621601736668,0.0028800798562786806,0.030807226807237673,13.741981781844988
0.0006960156629114145,0.006531090524339533,0.06165531056705281,0.0010023556501100564,0.0000756883870777162,0.04681336053763453,13.933855801782553,0.0006960156629114145,0.006531090524339533,0.06165531056705281,0.0010023556501100564,0.0000756883870777162,0.04681336053763453,13.933855801782553
0.0,0.0029276396057442006,0.024985677225474474,0.01621847495047414,0.00041149245766691767,0.03984464289994682,13.922592517834,0.0,0.0029276396057442006,0.024985677225474474,0.01621847495047414,0.00041149245766691767,0.03984464289994682,13.922592517834
0.06254923806463779,0.006531090524339533,0.06165531056705281,0.0010661705019138973,0.0000756883870777162,0.04681336053763453,13.865426722255457,0.06254923806463779,0.006531090524339533,0.06165531056705281,0.0010661705019138973,0.0000756883870777162,0.04681336053763453,13.865426722255457
0.0,0.01691561640833504,0.024260295648037597,0.007426914189011646,0.004215786451054679,0.03610616730695927,13.936649347840358,0.0,0.01691561640833504,0.024260295648037597,0.007426914189011646,0.004215786451054679,0.03610616730695927,13.936649347840358
0.0820286038968579,0.06693070138803639,0.0,0.014879105030127612,0.090265239641656,0.07673933071091824,13.580752674022564,0.0820286038968579,0.06693070138803639,0.0,0.014879105030127612,0.090265239641656,0.07673933071091824,13.580752674022564
0.07645474954903315,0.00024203398925786747,0.0770553018816528,0.024111127203199648,0.07813627369761794,0.033420248920518564,13.609114624056971,0.07645474954903315,0.00024203398925786747,0.0770553018816528,0.024111127203199648,0.07813627369761794,0.033420248920518564,13.609114624056971
0.06230518303442453,0.00010173443685040917,0.056125817920283975,0.058723763069409435,0.00014398578355967473,0.030837450535909125,13.747632291196144,0.06230518303442453,0.00010173443685040917,0.056125817920283975,0.058723763069409435,0.00014398578355967473,0.030837450535909125,13.747632291196144
0.0,0.06700656844155262,0.06350178785852921,0.07609068043254061,0.001013603792350446,0.03149922340945098,13.64488976066839,0.0,0.06700656844155262,0.06350178785852921,0.07609068043254061,0.001013603792350446,0.03149922340945098,13.64488976066839
0.09629023858244357,0.1043238442209258,0.1067602674939282,0.0995189257841959,0.8618699316170109,0.0032677040851566315,11.564362341546277,0.09629023858244357,0.1043238442209258,0.1067602674939282,0.0995189257841959,0.8618699316170109,0.0032677040851566315,11.564362341546277
0.0010910955402287578,0.07093182968894245,0.004981633764358385,0.07490288106597567,0.07645488981415106,0.03124682594133483,13.657623751698294,0.0010910955402287578,0.07093182968894245,0.004981633764358385,0.07490288106597567,0.07645488981415106,0.03124682594133483,13.657623751698294
0.0,0.0,0.02484247092318751,0.015303672270989457,0.024036699388684853,0.039866982147703824,13.883091109485553,0.0,0.0,0.02484247092318751,0.015303672270989457,0.024036699388684853,0.039866982147703824,13.883091109485553
0.0,0.016848291717770164,0.0,0.007369642360926597,0.02324729395757085,0.028748904160984027,13.952118548683176,0.0,0.016848291717770164,0.0,0.007369642360926597,0.02324729395757085,0.028748904160984027,13.952118548683176
0.06959793739710446,0.006749474048896528,0.007617589464379411,0.07489095002208798,0.07692328849021862,0.02894203495610593,13.71086793502355,0.06959793739710446,0.006749474048896528,0.007617589464379411,0.07489095002208798,0.07692328849021862,0.02894203495610593,13.71086793502355
0.012950405457120263,0.06341551491351963,0.0711085098130636,0.015695932045060104,0.003186806933680744,0.07474797713520098,13.699193327497433,0.012950405457120263,0.06341551491351963,0.0711085098130636,0.015695932045060104,0.003186806933680744,0.07474797713520098,13.699193327497433
0.08305594838927818,0.08108904411137388,0.0697423266081012,0.08653557014326653,1.2278073091981367e-6,0.06454292761958952,13.370244985735061,0.08305594838927818,0.08108904411137388,0.0697423266081012,0.08653557014326653,1.2278073091981367e-6,0.06454292761958952,13.370244985735061
0.07446023228765378,0.04399344083879554,0.07787076794877562,0.021627303992494504,0.07798225400774023,0.07416642086720203,13.465590112432617,0.07446023228765378,0.04399344083879554,0.07787076794877562,0.021627303992494504,0.07798225400774023,0.07416642086720203,13.465590112432617
0.0007589611478465499,0.059658684552137214,0.06033803441211655,0.013662840558365603,0.028217280375781795,0.03004034666156612,13.777689575537641,0.0007589611478465499,0.059658684552137214,0.06033803441211655,0.013662840558365603,0.028217280375781795,0.03004034666156612,13.777689575537641
0.08151109323586253,0.055291015955622996,0.0851828175789411,0.01574287249314133,0.0,0.07918521188315841,13.6697267095708,0.08151109323586253,0.055291015955622996,0.0851828175789411,0.01574287249314133,0.0,0.07918521188315841,13.6697267095708
0.019271604550444334,0.0,0.05754337743124981,0.06947344559844104,0.02418129156721268,0.0288005421575176,13.880508535249588,0.019271604550444334,0.0,0.05754337743124981,0.06947344559844104,0.02418129156721268,0.0288005421575176,13.880508535249588
0.07312895120259999,0.07118681132264694,0.003247783405377498,0.004415149158456205,0.0744221625034373,0.03833043923168747,13.590645293075152,0.07312895120259999,0.07118681132264694,0.003247783405377498,0.004415149158456205,0.0744221625034373,0.03833043923168747,13.590645293075152
0.0698028796879602,0.07165448510233846,0.07148528168147797,0.006814991364717915,0.002152315082680857,0.028588336501541807,13.619635470864356,0.0698028796879602,0.07165448510233846,0.07148528168147797,0.006814991364717915,0.002152315082680857,0.028588336501541807,13.619635470864356
0.0,0.0001285085630248206,0.002230466048119349,0.01497814682717162,0.07129555791642947,0.07277486015017763,13.848461940470079,0.0,0.0001285085630248206,0.002230466048119349,0.01497814682717162,0.07129555791642947,0.07277486015017763,13.848461940470079
0.00021816260211926508,0.0,0.0,0.0,0.00042455646511707634,0.04706861277107187,13.938406549190105,0.00021816260211926508,0.0,0.0,0.0,0.00042455646511707634,0.04706861277107187,13.938406549190105
0.09352002234669007,0.8587918937087061,0.10137029714928178,0.10476843046080482,0.10177539974041008,0.0004198818981784938,11.58136708213413,0.09352002234669007,0.8587918937087061,0.10137029714928178,0.10476843046080482,0.10177539974041008,0.0004198818981784938,11.58136708213413
0.09593690896704743,0.10417326400612233,0.8587962532257101,0.09522579901863479,0.1105577115597738,0.0015514831294403467,11.5710155489239,0.09593690896704743,0.10417326400612233,0.8587962532257101,0.09522579901863479,0.1105577115597738,0.0015514831294403467,11.5710155489239
0.06254923806463777,0.006531090524339533,0.07529099135046224,0.0010661705019138976,0.00014890794123427996,0.04681336053763453,13.860089168227292,0.06254923806463777,0.006531090524339533,0.07529099135046224,0.0010661705019138976,0.00014890794123427996,0.04681336053763453,13.860089168227292
0.000931480529352921,0.029345553580374273,0.06824557691867295,0.07500373331704094,0.07134517244181539,0.03296602655922745,13.588395729247623,0.000931480529352921,0.029345553580374273,0.06824557691867295,0.07500373331704094,0.07134517244181539,0.03296602655922745,13.588395729247623
0.07337799101234424,0.006928866413630784,0.005523621602756981,0.06555721363986211,0.0,0.07034305584671202,13.713669883223986,0.07337799101234424,0.006928866413630784,0.005523621602756981,0.06555721363986211,0.0,0.07034305584671202,13.713669883223986
0.00006690540534388945,0.016848291717770164,0.006853339216289306,0.015129096402433142,0.00018828397901519967,0.0354641940046722,13.916754442321038,0.00006690540534388945,0.016848291717770164,0.006853339216289306,0.015129096402433142,0.00018828397901519967,0.0354641940046722,13.916754442321038
0.01853833249280562,0.0795708725172942,0.06844992058408861,0.092773196015443,0.008159595554491417,0.07467989711954212,13.449376341338255,0.01853833249280562,0.0795708725172942,0.06844992058408861,0.092773196015443,0.008159595554491417,0.07467989711954212,13.449376341338255
0.07875723723643996,0.06723858699670207,0.06064558646607733,0.0801616218472562,0.0,0.07351286952526997,13.493192664966175,0.07875723723643996,0.06723858699670207,0.06064558646607733,0.0801616218472562,0.0,0.07351286952526997,13.493192664966175
0.06885162005084762,0.07154748510174148,0.0011838578021214994,0.07836843116443593,0.001109883249836355,0.03256185348193173,13.691990140022327,0.06885162005084762,0.07154748510174148,0.0011838578021214994,0.07836843116443593,0.001109883249836355,0.03256185348193173,13.691990140022327
0.00021816260211926855,0.0,0.0,0.015303672270989471,0.0004245564651170833,0.04706659234578861,13.945335225083419,0.00021816260211926855,0.0,0.0,0.015303672270989471,0.0004245564651170833,0.04706659234578861,13.945335225083419
0.06158911436469093,0.06489824381922549,0.06077619629130367,0.014284859664447203,0.06813342839561806,0.028793167983270442,13.644050971396862,0.06158911436469093,0.06489824381922549,0.06077619629130367,0.014284859664447203,0.06813342839561806,0.028793167983270442,13.644050971396862
0.02151226740688915,0.06962971262205733,0.0,0.0803594552339418,0.07248679795310231,0.059927706366188674,13.676804754893151,0.02151226740688915,0.06962971262205733,0.0,0.0803594552339418,0.07248679795310231,0.059927706366188674,13.676804754893151
0.00021132647584858549,0.0,0.0,0.015303672270989471,0.004016570465130716,0.04761900142922941,13.9336198115202,0.00021132647584858549,0.0,0.0,0.015303672270989471,0.004016570465130716,0.04761900142922941,13.9336198115202
0.059605764468098524,0.0,0.07258479655086149,0.0768505699803457,0.0015683582038595982,0.04719290303077892,13.65146220370053,0.059605764468098524,0.0,0.07258479655086149,0.0768505699803457,0.0015683582038595982,0.04719290303077892,13.65146220370053
0.0684136769294778,0.0715842388070071,0.013479725040652563,0.07417844015679084,0.0,0.07459525201326923,13.609301031403419,0.0684136769294778,0.0715842388070071,0.013479725040652563,0.07417844015679084,0.0,0.07459525201326923,13.609301031403419
0.08610625823623085,0.0031768111047968117,0.07124539015312256,0.0163587763554187,0.07793369316046786,0.07758736471036265,13.595864633279561,0.08610625823623085,0.0031768111047968117,0.07124539015312256,0.0163587763554187,0.07793369316046786,0.07758736471036265,13.595864633279561
0.07137904654114341,0.06434227033957894,0.0008351791071464637,0.076360301215842,0.07653237664816027,0.0737522357500422,13.658120934963645,0.07137904654114341,0.06434227033957894,0.0008351791071464637,0.076360301215842,0.07653237664816027,0.0737522357500422,13.658120934963645
0.0,0.016848291717770164,0.006853339216289302,0.007426914189011653,0.0016422854838987872,0.03610616730695927,13.960248895002396,0.0,0.016848291717770164,0.006853339216289302,0.007426914189011653,0.0016422854838987872,0.03610616730695927,13.960248895002396
0.0,0.0,0.060957552321769554,0.06668392723079447,0.05659237317471649,0.06743052034290362,13.664228450136125,0.0,0.0,0.060957552321769554,0.06668392723079447,0.05659237317471649,0.06743052034290362,13.664228450136125
0.062304765153511986,0.06688220108846053,0.06077619629130367,0.014284859664447199,0.06836191066365402,0.028793167983270446,13.636750357726688,0.062304765153511986,0.06688220108846053,0.06077619629130367,0.014284859664447199,0.06836191066365402,0.028793167983270446,13.636750357726688
0.0,0.0,0.0010298679182758584,0.015097162843659912,0.0,0.06713608576774849,13.900841004507983,0.0,0.0,0.0010298679182758584,0.015097162843659912,0.0,0.06713608576774849,13.900841004507983
0.0,0.07165692845317971,0.06838658687929007,0.0,0.07401424668951095,0.0362072722735327,13.66790297876716,0.0,0.07165692845317971,0.06838658687929007,0.0,0.07401424668951095,0.0362072722735327,13.66790297876716
0.0002287277632711665,0.0,0.0,0.012341089448090876,0.0004245564651170833,0.04706659234578861,13.947845135250313,0.0002287277632711665,0.0,0.0,0.012341089448090876,0.0004245564651170833,0.04706659234578861,13.947845135250313
0.00018255572844440987,0.0712622802135868,0.07090950629402906,0.004454677628389787,0.07158471649313466,0.03410549665036536,13.614142898083623,0.00018255572844440987,0.0712622802135868,0.07090950629402906,0.004454677628389787,0.07158471649313466,0.03410549665036536,13.614142898083623
0.0,0.0,0.014777813014244221,0.015450610247467748,0.02406311778180739,0.039857642957601885,13.910488310371862,0.0,0.0,0.014777813014244221,0.015450610247467748,0.02406311778180739,0.039857642957601885,13.910488310371862
0.018897427386503452,0.08257613912468599,0.007087012932140438,0.012898316726965984,0.006139319460986288,0.0733135567116443,13.719514560538553,0.018897427386503452,0.08257613912468599,0.007087012932140438,0.012898316726965984,0.006139319460986288,0.0733135567116443,13.719514560538553
0.8626535498423527,0.1021518891324674,0.09649011710955406,0.11516922057196805,0.1066030183779155,0.0012871988319601779,11.534322756725622,0.8626535498423527,0.1021518891324674,0.09649011710955406,0.11516922057196805,0.1066030183779155,0.0012871988319601779,11.534322756725622
0.000931480529352921,0.06679273373935977,0.07258479655086149,0.07610983515314766,0.0015449017716957988,0.03296602655922744,13.651807361511802,0.000931480529352921,0.06679273373935977,0.07258479655086149,0.07610983515314766,0.0015449017716957988,0.03296602655922744,13.651807361511802
0.047110002552928965,0.0015888587339913784,0.0,0.015303672270989471,0.037617721758753886,0.046990860365193884,13.835601381007374,0.047110002552928965,0.0015888587339913784,0.0,0.015303672270989471,0.037617721758753886,0.046990860365193884,13.835601381007374
0.06246645216210792,0.00006474726956688193,0.05612581792028398,0.058723763069409435,0.00014398578355967473,0.04587528708139173,13.721199407678528,0.06246645216210792,0.00006474726956688193,0.05612581792028398,0.058723763069409435,0.00014398578355967473,0.04587528708139173,13.721199407678528
0.0,0.0016389625000187286,0.0,0.0043951446658437865,0.0248506008072401,0.028715639975822535,13.936047026574622,0.0,0.0016389625000187286,0.0,0.0043951446658437865,0.0248506008072401,0.028715639975822535,13.936047026574622
0.0639762029260765,0.002063979199221154,0.002320461827694624,0.06127807016923578,0.00007817627366468738,0.038268654741365093,13.916953153074218,0.0639762029260765,0.002063979199221154,0.002320461827694624,0.06127807016923578,0.00007817627366468738,0.038268654741365093,13.916953153074218
0.00785348853307421,0.07078311997900838,0.0935449275089647,0.08200154548838856,0.09751249772700898,0.07814879260710657,13.325672092450302,0.00785348853307421,0.07078311997900838,0.0935449275089647,0.08200154548838856,0.09751249772700898,0.07814879260710657,13.325672092450302
0.0,0.06671896481890675,0.020542642143725365,0.0023939163148358478,0.00163072897988744,0.07260999933967863,13.954984248024337,0.0,0.06671896481890675,0.020542642143725365,0.0023939163148358478,0.00163072897988744,0.07260999933967863,13.954984248024337
0.006236263052812878,0.06458387623908203,0.0,0.06314005397652436,0.06523501844848781,0.0328844869578018,13.736793498579098,0.006236263052812878,0.06458387623908203,0.0,0.06314005397652436,0.06523501844848781,0.0328844869578018,13.736793498579098
0.0,0.0,0.0,0.015303672270989471,0.03761772175875388,0.04706659234578861,13.877580506459793,0.0,0.0,0.0,0.015303672270989471,0.03761772175875388,0.04706659234578861,13.877580506459793
0.0,0.05120196958402826,0.006853339216289306,0.04253852572629473,0.000187131962792228,0.03601926186964191,13.839250173898245,0.0,0.05120196958402826,0.006853339216289306,0.04253852572629473,0.000187131962792228,0.03601926186964191,13.839250173898245
0.06254923806463777,0.006531090524339533,0.06165531056705281,0.07512189119591547,0.00007568838707771447,0.04681336053763453,13.759268133877974,0.06254923806463777,0.006531090524339533,0.06165531056705281,0.07512189119591547,0.00007568838707771447,0.04681336053763453,13.759268133877974
0.07657141749127117,0.0795708725172942,0.07554272654896697,0.004126757867677747,0.020791623285751015,0.07372404736129273,13.472512945453142,0.07657141749127117,0.0795708725172942,0.07554272654896697,0.004126757867677747,0.020791623285751015,0.07372404736129273,13.472512945453142
0.02539723335178538,0.07080428348590564,0.06847309469722257,0.07711461006834436,0.075089528904423,0.03008314575803732,13.503405299380498,0.02539723335178538,0.07080428348590564,0.06847309469722257,0.07711461006834436,0.075089528904423,0.03008314575803732,13.503405299380498
0.059092288771676826,0.0023285814510269134,0.003739966734485796,0.0,0.004460972825242581,0.050803074741759616,13.898708034480755,0.059092288771676826,0.0023285814510269134,0.003739966734485796,0.0,0.004460972825242581,0.050803074741759616,13.898708034480755
0.0698028796879602,0.07141866310638775,0.07507141249956342,0.006814991364717915,0.07327558528709113,0.036221186344288725,13.483523966023476,0.0698028796879602,0.07141866310638775,0.07507141249956342,0.006814991364717915,0.07327558528709113,0.036221186344288725,13.483523966023476
0.07657529844035077,0.07921733199712194,0.05770036545854174,0.023536111915830785,0.03106789221686493,0.07895899956873709,13.739148926949683,0.07657529844035077,0.07921733199712194,0.05770036545854174,0.023536111915830785,0.03106789221686493,0.07895899956873709,13.739148926949683
0.02034795467238809,0.06985650482070879,0.00385598778367386,0.06975260466284228,0.07177805113687655,0.07273045603078396,13.620671192650539,0.02034795467238809,0.06985650482070879,0.00385598778367386,0.06975260466284228,0.07177805113687655,0.07273045603078396,13.620671192650539
0.07544201694493521,0.07921185977535161,0.0,0.023388362625417273,0.011583628079729597,0.033275798912542204,13.774494831741897,0.07544201694493521,0.07921185977535161,0.0,0.023388362625417273,0.011583628079729597,0.033275798912542204,13.774494831741897
0.07337799101234425,0.007118923292440335,0.005497495274241315,0.086704098839343,0.0,0.07887542477034468,13.699531004153656,0.07337799101234425,0.007118923292440335,0.005497495274241315,0.086704098839343,0.0,0.07887542477034468,13.699531004153656
0.0502240196171313,0.07441395723784366,0.11139627171321045,0.012940754371861391,0.07132426002433696,0.03134827035540061,13.504106871838289,0.0502240196171313,0.07441395723784366,0.11139627171321045,0.012940754371861391,0.07132426002433696,0.03134827035540061,13.504106871838289
0.013053916655249275,0.07037718830974032,0.059095908214595545,0.08320969484449284,0.07449651334687815,0.040450510568326555,13.545530739105295,0.013053916655249275,0.07037718830974032,0.059095908214595545,0.08320969484449284,0.07449651334687815,0.040450510568326555,13.545530739105295
0.010592365263869752,0.006734099946865663,0.059520347123109475,0.05904763611787295,0.0017650249687487657,0.039650223414098275,13.787989407434662,0.010592365263869752,0.006734099946865663,0.059520347123109475,0.05904763611787295,0.0017650249687487657,0.039650223414098275,13.787989407434662
0.001764161561851895,0.07126230614346224,0.0032163464931084657,0.07444245607189975,0.07158310784663689,0.038232133560221274,13.66940862008968,0.001764161561851895,0.07126230614346224,0.0032163464931084657,0.07444245607189975,0.07158310784663689,0.038232133560221274,13.66940862008968
0.0023241697708375753,0.05188371292293073,0.07233379406984959,0.07589453793679983,0.07985202550714912,0.03042729722673698,13.630905723051443,0.0023241697708375753,0.05188371292293073,0.07233379406984959,0.07589453793679983,0.07985202550714912,0.03042729722673698,13.630905723051443
0.06183535283429177,0.0017767375203082691,0.007085934320345738,0.07539990701454627,0.006906440219110008,0.03076924860219712,13.741060565581208,0.06183535283429177,0.0017767375203082691,0.007085934320345738,0.07539990701454627,0.006906440219110008,0.03076924860219712,13.741060565581208
0.0002287277632711694,0.0,0.0,0.013661213606700546,0.0004245564651170833,0.04706659234578861,13.947016130718843,0.0002287277632711694,0.0,0.0,0.013661213606700546,0.0004245564651170833,0.04706659234578861,13.947016130718843
0.0748480920587488,0.07131404085394566,0.07155845265153629,0.08500909939848147,0.004610173184707696,0.02814372288384452,13.532060893158919,0.0748480920587488,0.07131404085394566,0.07155845265153629,0.08500909939848147,0.004610173184707696,0.02814372288384452,13.532060893158919
0.05977660797845207,0.0026413398232762236,0.002472870099871176,0.016179028158216216,0.06994294421593641,0.028836261864841506,13.836261802382746,0.05977660797845207,0.0026413398232762236,0.002472870099871176,0.016179028158216216,0.06994294421593641,0.028836261864841506,13.836261802382746
0.06741147927107957,0.07081259908678719,0.071485281681478,0.07508569493389625,0.07627500079978593,0.029132629865474477,13.441778580799895,0.06741147927107957,0.07081259908678719,0.071485281681478,0.07508569493389625,0.07627500079978593,0.029132629865474477,13.441778580799895
0.07816628503952743,0.05570302764610138,0.07674191233094238,0.07706110945925676,0.07700669822832391,0.026135347805828657,13.567722027953879,0.07816628503952743,0.05570302764610138,0.07674191233094238,0.07706110945925676,0.07700669822832391,0.026135347805828657,13.567722027953879
0.0029159852954544208,0.06699758401052835,0.059428161259508186,0.057825622824595635,0.002660110746150062,0.03302402634771314,13.680220894316124,0.0029159852954544208,0.06699758401052835,0.059428161259508186,0.057825622824595635,0.002660110746150062,0.03302402634771314,13.680220894316124
0.07041273941046,0.07417790941846411,0.060957552321769554,0.06717923876117683,0.07629800773317393,0.028685730256974466,13.417443966017986,0.07041273941046,0.07417790941846411,0.060957552321769554,0.06717923876117683,0.07629800773317393,0.028685730256974466,13.417443966017986
0.00967595924872204,0.08128747293786205,0.07706777955362747,0.08748731414725594,0.0,0.07664757088928316,13.487945250942712,0.00967595924872204,0.08128747293786205,0.07706777955362747,0.08748731414725594,0.0,0.07664757088928316,13.487945250942712
0.8156003211582383,0.0022171655917835797,0.047572796617001756,0.11991229586182678,0.00042455646511707634,0.07992469471443508,12.122356318873116,0.8156003211582383,0.0022171655917835797,0.047572796617001756,0.11991229586182678,0.00042455646511707634,0.07992469471443508,12.122356318873116
0.0,0.05678192143973956,0.00580042906503507,0.051142572753061236,0.004930817408104339,0.07332056217200739,13.89069265385538,0.0,0.05678192143973956,0.00580042906503507,0.051142572753061236,0.004930817408104339,0.07332056217200739,13.89069265385538
0.08631042345813822,0.0023726997245778897,0.07456466459739297,0.10975359719538119,0.030485523984942475,0.07628821473600973,13.51693782315168,0.08631042345813822,0.0023726997245778897,0.07456466459739297,0.10975359719538119,0.030485523984942475,0.07628821473600973,13.51693782315168
0.0014637064402565694,0.0003859264952282976,0.0008295586012796521,0.010313784162135034,0.9091393111496061,0.07129355322585548,12.639489191967586,0.0014637064402565694,0.0003859264952282976,0.0008295586012796521,0.010313784162135034,0.9091393111496061,0.07129355322585548,12.639489191967586
0.07444320530704103,0.04399344083879554,0.05024760156399724,0.0541921621447294,0.07793265612521003,0.03322484271744758,13.59005702886118,0.07444320530704103,0.04399344083879554,0.05024760156399724,0.0541921621447294,0.07793265612521003,0.03322484271744758,13.59005702886118
0.07799141382858339,0.0811341514501884,0.07150806395994275,0.08595558854240672,0.02729374141020477,0.036328715626290725,13.402610806215158,0.07799141382858339,0.0811341514501884,0.07150806395994275,0.08595558854240672,0.02729374141020477,0.036328715626290725,13.402610806215158
0.011090037721919424,0.06723858699670207,0.07611525897949642,0.0783589597386044,0.0,0.07377006549782314,13.723194257134061,0.011090037721919424,0.06723858699670207,0.07611525897949642,0.0783589597386044,0.0,0.07377006549782314,13.723194257134061
0.00461266903582995,0.0022541692181044792,0.07158579748092761,0.09979520353562982,0.10613611543218043,0.0792374770012136,13.442160844267335,0.00461266903582995,0.0022541692181044792,0.07158579748092761,0.09979520353562982,0.10613611543218043,0.0792374770012136,13.442160844267335
0.07301314195075549,0.00015411141184060173,0.07460076140628585,0.07558233542640647,0.06447791630292865,0.05085137069369151,13.577539776470262,0.07301314195075549,0.00015411141184060173,0.07460076140628585,0.07558233542640647,0.06447791630292865,0.05085137069369151,13.577539776470262
0.07968094113839837,0.07498442534538119,0.0255591577065741,0.06249152300637845,0.00006641379024531491,0.03129459915964526,13.685821295524716,0.07968094113839837,0.07498442534538119,0.0255591577065741,0.06249152300637845,0.00006641379024531491,0.03129459915964526,13.685821295524716
0.00022872776327116943,0.0,0.0009566182373444351,0.013661213606700544,0.02497659882478223,0.03006641168538593,13.94743881021826,0.00022872776327116943,0.0,0.0009566182373444351,0.013661213606700544,0.02497659882478223,0.03006641168538593,13.94743881021826
0.07835067062653986,0.0658081844079414,0.06374637558630034,0.08732532861813934,0.08217691356385931,0.033220407327814214,13.550175790265355,0.07835067062653986,0.0658081844079414,0.06374637558630034,0.08732532861813934,0.08217691356385931,0.033220407327814214,13.550175790265355
0.06959793739710446,0.006749474048896528,0.00760780802452321,0.0764678036183734,0.07692328849021862,0.02892293546432665,13.728543651478045,0.06959793739710446,0.006749474048896528,0.00760780802452321,0.0764678036183734,0.07692328849021862,0.02892293546432665,13.728543651478045
0.00836023429347596,0.07078311997900838,0.03396819457614127,0.08222106495427137,0.09751249772700898,0.07814879260710657,13.390751327474035,0.00836023429347596,0.07078311997900838,0.03396819457614127,0.08222106495427137,0.09751249772700898,0.07814879260710657,13.390751327474035
0.07808961495571302,0.0,0.006968190297865141,0.07448030871173461,0.0058863410381346775,0.03380113326409166,13.723554196291692,0.07808961495571302,0.0,0.006968190297865141,0.07448030871173461,0.0058863410381346775,0.03380113326409166,13.723554196291692
0.08373379024924803,0.07040897386812635,0.8480613197463569,0.024922421799096553,0.001967701002822342,0.0872632402891502,12.019983188658875,0.08373379024924803,0.07040897386812635,0.8480613197463569,0.024922421799096553,0.001967701002822342,0.0872632402891502,12.019983188658875
0.0864257697605479,0.0023425982615533567,0.07582911569648931,0.08746163313289507,0.03048552398494247,0.07895018111856826,13.56112399367803,0.0864257697605479,0.0023425982615533567,0.07582911569648931,0.08746163313289507,0.03048552398494247,0.07895018111856826,13.56112399367803
0.014592314119984483,0.07031384523706977,0.07817759391971335,0.07274528474464936,0.000707566227695175,0.030775170416275227,13.592759639211181,0.014592314119984483,0.07031384523706977,0.07817759391971335,0.07274528474464936,0.000707566227695175,0.030775170416275227,13.592759639211181
0.079362229969829,0.08489891534947044,0.07124539015312256,0.016358776355418703,0.0772874832363503,0.03810970715298916,13.487648611626847,0.079362229969829,0.08489891534947044,0.07124539015312256,0.016358776355418703,0.0772874832363503,0.03810970715298916,13.487648611626847
0.07875723723643996,0.07180765855177143,0.06064558646607733,0.0801616218472562,0.0,0.07351286952526997,13.484321808076116,0.07875723723643996,0.07180765855177143,0.06064558646607733,0.0801616218472562,0.0,0.07351286952526997,13.484321808076116
0.00020941958997233723,0.0746510845959813,0.07734061959634003,0.04319960878122425,0.07993838917237572,0.04843737057293602,13.566905921796794,0.00020941958997233723,0.0746510845959813,0.07734061959634003,0.04319960878122425,0.07993838917237572,0.04843737057293602,13.566905921796794
0.015187184976525377,0.06989519342334741,0.07769953683785413,0.06752260927314736,0.07539009653698606,0.03074849319624627,13.481734825571774,0.015187184976525377,0.06989519342334741,0.07769953683785413,0.06752260927314736,0.07539009653698606,0.03074849319624627,13.481734825571774
0.017253048434189372,0.06179317345926327,0.060814867569030054,0.0032169870835251912,0.0656518134139127,0.02899438338443583,13.860890854867945,0.017253048434189372,0.06179317345926327,0.060814867569030054,0.0032169870835251912,0.0656518134139127,0.02899438338443583,13.860890854867945
0.07323360881796159,0.06779540511563384,0.0724780139779167,0.0734485847604186,0.07177903818218573,0.028495922483725344,13.535842123923626,0.07323360881796159,0.06779540511563384,0.0724780139779167,0.0734485847604186,0.07177903818218573,0.028495922483725344,13.535842123923626
0.07657518227127058,0.00024203398925787267,0.0770553018816528,0.024239437108596468,0.07860079655393448,0.03342024892051855,13.576299910373855,0.07657518227127058,0.00024203398925787267,0.0770553018816528,0.024239437108596468,0.07860079655393448,0.03342024892051855,13.576299910373855
0.0,0.07289000709401561,0.058702916987882936,0.0017085149246625023,0.07757455346339466,0.04996282202493494,13.756618836956834,0.0,0.07289000709401561,0.058702916987882936,0.0017085149246625023,0.07757455346339466,0.04996282202493494,13.756618836956834
0.07296790968083215,0.000021770515865864406,0.05475689814812451,0.02316799620972773,0.07136548782094718,0.031133017962022044,13.719106020349873,0.07296790968083215,0.000021770515865864406,0.05475689814812451,0.02316799620972773,0.07136548782094718,0.031133017962022044,13.719106020349873
0.0004884989133706789,0.0,0.07011335940650881,0.0,0.07993548472082748,0.0367294603994663,13.77838090908933,0.0004884989133706789,0.0,0.07011335940650881,0.0,0.07993548472082748,0.0367294603994663,13.77838090908933
0.005449471693049181,0.07032483472123502,0.0,0.07336292704044572,0.006015468553550181,0.05007838222838292,13.744459780041227,0.005449471693049181,0.07032483472123502,0.0,0.07336292704044572,0.006015468553550181,0.05007838222838292,13.744459780041227
0.062479632448109515,0.0002486950912244934,0.07227750251175424,0.08716377142431049,0.0,0.05023743429953174,13.581082432121281,0.062479632448109515,0.0002486950912244934,0.07227750251175424,0.08716377142431049,0.0,0.05023743429953174,13.581082432121281
0.12538334694828368,0.10217070037059192,0.04921380658577714,0.01743227003643386,0.10544043191277871,0.007017653252797176,13.3570108949994,0.12538334694828368,0.10217070037059192,0.04921380658577714,0.01743227003643386,0.10544043191277871,0.007017653252797176,13.3570108949994
0.00008216831436981542,0.00184650683216055,0.08380751225776104,0.013754171522963713,0.0,0.07918521188315841,13.897380686423249,0.00008216831436981542,0.00184650683216055,0.08380751225776104,0.013754171522963713,0.0,0.07918521188315841,13.897380686423249
0.08338200553905215,0.08096909262088145,0.07207544994714937,0.0860867174943434,0.025544394638493936,0.06344310349845098,13.359691648408154,0.08338200553905215,0.08096909262088145,0.07207544994714937,0.0860867174943434,0.025544394638493936,0.06344310349845098,13.359691648408154
0.03854336611113515,0.058186047203689015,0.05458112531309964,0.07558182559936244,0.005956036499062747,0.030538989085074398,13.670549563542338,0.03854336611113515,0.058186047203689015,0.05458112531309964,0.07558182559936244,0.005956036499062747,0.030538989085074398,13.670549563542338
0.062479632448109515,0.0002486950912244934,0.07227750251175424,0.07336292704044572,0.07056955715716501,0.05023743429953173,13.505474857576802,0.062479632448109515,0.0002486950912244934,0.07227750251175424,0.07336292704044572,0.07056955715716501,0.05023743429953173,13.505474857576802
0.0018272075103013983,0.08108374482283331,0.07710122584823115,0.08573729883866224,0.07499897416929292,0.0645300066534048,13.473558093450276,0.0018272075103013983,0.08108374482283331,0.07710122584823115,0.08573729883866224,0.07499897416929292,0.0645300066534048,13.473558093450276
0.0017741242899391996,0.07611819631670974,0.07787419012623152,0.08573729883866224,0.0003184943679418977,0.035948969416109325,13.661007591612297,0.0017741242899391996,0.07611819631670974,0.07787419012623152,0.08573729883866224,0.0003184943679418977,0.035948969416109325,13.661007591612297
0.007412371204987841,0.07078082515906205,0.09393897201801957,0.08222106495427137,0.07120695710044732,0.07814879260710657,13.347233973015568,0.007412371204987841,0.07078082515906205,0.09393897201801957,0.08222106495427137,0.07120695710044732,0.07814879260710657,13.347233973015568
0.08053917778509917,0.003432506978373384,0.06077789624649297,0.06327466314343469,0.07252921729481838,0.07263489660638696,13.494811608956425,0.08053917778509917,0.003432506978373384,0.06077789624649297,0.06327466314343469,0.07252921729481838,0.07263489660638696,13.494811608956425
0.000987843748074986,0.06799670078276904,0.06812918838412224,0.06807449116286879,0.005760076250858573,0.03923785738583167,13.636844237131983,0.000987843748074986,0.06799670078276904,0.06812918838412224,0.06807449116286879,0.005760076250858573,0.03923785738583167,13.636844237131983
0.0634152553637711,0.06719611569753844,0.004779669341579668,0.07523671379320027,0.07647807981168782,0.05808049745768962,13.460450136052202,0.0634152553637711,0.06719611569753844,0.004779669341579668,0.07523671379320027,0.07647807981168782,0.05808049745768962,13.460450136052202
0.07685085754921048,0.07108714104147915,0.06863711905388761,0.0005437805822855885,0.012052149930827004,0.02805260034055858,13.697043106578354,0.07685085754921048,0.07108714104147915,0.06863711905388761,0.0005437805822855885,0.012052149930827004,0.02805260034055858,13.697043106578354
0.020101594910540414,0.0667698053957418,0.0778230297884919,0.08684048662040927,0.06446269974355387,0.03320341799804277,13.496331071786456,0.020101594910540414,0.0667698053957418,0.0778230297884919,0.08684048662040927,0.06446269974355387,0.03320341799804277,13.496331071786456
0.08229699600581442,0.07005863506212116,0.004150587747091795,0.014879105030127602,0.1317546682472181,0.07674579510200967,13.483938369063178,0.08229699600581442,0.07005863506212116,0.004150587747091795,0.014879105030127602,0.1317546682472181,0.07674579510200967,13.483938369063178
0.07857665688164615,0.07105718325675757,0.0,0.00048227772189051376,0.07646034342552313,0.02624886121523072,13.622503308464497,0.07857665688164615,0.07105718325675757,0.0,0.00048227772189051376,0.07646034342552313,0.02624886121523072,13.622503308464497
0.06247963244810952,0.07164712806081919,0.07227793676913187,0.08356391252855346,0.011265370731947288,0.05023743429953173,13.465973830458008,0.06247963244810952,0.07164712806081919,0.07227793676913187,0.08356391252855346,0.011265370731947288,0.05023743429953173,13.465973830458008
0.007743600849789194,0.06964923824642996,0.00012960329731703107,0.0023414824529744693,0.03834641201204467,0.073202140641003,13.822825134170206,0.007743600849789194,0.06964923824642996,0.00012960329731703107,0.0023414824529744693,0.03834641201204467,0.073202140641003,13.822825134170206
0.05417515482318243,0.06697532893865853,0.0,0.0006278715215439629,0.08007007850985615,0.07675927087641453,13.651080500772439,0.05417515482318243,0.06697532893865853,0.0,0.0006278715215439629,0.08007007850985615,0.07675927087641453,13.651080500772439
0.0,0.029559388282567118,0.06370583874672299,0.07497716454111843,0.07081387446247003,0.03149922340945098,13.60432128576091,0.0,0.029559388282567118,0.06370583874672299,0.07497716454111843,0.07081387446247003,0.03149922340945098,13.60432128576091
0.07695961822900366,0.06945322614441184,0.0761174443623752,0.0077468851945301925,0.0016501884983913273,0.07913024291722023,13.625819637199461,0.07695961822900366,0.06945322614441184,0.0761174443623752,0.0077468851945301925,0.0016501884983913273,0.07913024291722023,13.625819637199461
0.0,0.08241385395035458,0.05932312475062678,0.0023939163148358547,0.07129555791642944,0.07361642305205215,13.715697517719494,0.0,0.08241385395035458,0.05932312475062678,0.0023939163148358547,0.07129555791642944,0.07361642305205215,13.715697517719494
0.07374654941656544,0.07918051879742541,0.07353655303063698,0.0,0.00018828397901519967,0.03610616730695927,13.588692879718998,0.07374654941656544,0.07918051879742541,0.07353655303063698,0.0,0.00018828397901519967,0.03610616730695927,13.588692879718998
0.0215391015833014,0.06984938187543113,0.05758541664992647,0.00038792593909066364,0.06460774501220025,0.05663108416734655,13.734498740658546,0.0215391015833014,0.06984938187543113,0.05758541664992647,0.00038792593909066364,0.06460774501220025,0.05663108416734655,13.734498740658546
0.007416749305236191,0.07118681132264694,0.0017103426003274788,0.006221653413836646,0.07988732536638468,0.03833043923168747,13.724718999745122,0.007416749305236191,0.07118681132264694,0.0017103426003274788,0.006221653413836646,0.07988732536638468,0.03833043923168747,13.724718999745122
0.07016353926818422,0.07352746633415333,0.057902441512646056,0.08554793851106424,0.05434570157457703,0.028653567065358328,13.493123388381578,0.07016353926818422,0.07352746633415333,0.057902441512646056,0.08554793851106424,0.05434570157457703,0.028653567065358328,13.493123388381578
0.08223650679923813,0.07376641582456783,0.08690044883352638,0.04300683343378744,0.07982492707561342,0.031110500551989922,13.416972594320843,0.08223650679923813,0.07376641582456783,0.08690044883352638,0.04300683343378744,0.07982492707561342,0.031110500551989922,13.416972594320843
0.012950405457120256,0.06341551491351963,0.07219357602096312,0.015695932045060104,0.003186806933680744,0.07474797713520098,13.656762536943994,0.012950405457120256,0.06341551491351963,0.07219357602096312,0.015695932045060104,0.003186806933680744,0.07474797713520098,13.656762536943994
0.08229699600581442,0.06693070138803639,0.07713445076972264,0.014879105030127612,0.090265239641656,0.07673933071091824,13.467419542425256,0.08229699600581442,0.06693070138803639,0.07713445076972264,0.014879105030127612,0.090265239641656,0.07673933071091824,13.467419542425256
0.07301314195075548,0.0,0.0016405147604045545,0.07558233542640647,0.06447791630292865,0.033562074611717674,13.727335102521224,0.07301314195075548,0.0,0.0016405147604045545,0.07558233542640647,0.06447791630292865,0.033562074611717674,13.727335102521224
0.0871062548565473,0.018360584480593495,0.013043919842389229,0.8568981894753617,0.0036547272652057844,0.2907116205083825,11.729746470340897,0.0871062548565473,0.018360584480593495,0.013043919842389229,0.8568981894753617,0.0036547272652057844,0.2907116205083825,11.729746470340897
0.08051171726646864,0.003432506978373384,0.05953356540729127,0.0635679383471667,0.07805077417887869,0.07263489660638696,13.508139660642133,0.08051171726646864,0.003432506978373384,0.05953356540729127,0.0635679383471667,0.07805077417887869,0.07263489660638696,13.508139660642133
0.07096134660715482,0.0641727859700169,0.0012593477835879385,0.076360301215842,0.07115114894764193,0.029114551968113207,13.777827058919376,0.07096134660715482,0.0641727859700169,0.0012593477835879385,0.076360301215842,0.07115114894764193,0.029114551968113207,13.777827058919376
0.09752819030969485,0.08208965867397307,0.07295683054744229,0.024723913285094018,0.08063034247610003,0.032666979354342096,13.410438561959975,0.09752819030969485,0.08208965867397307,0.07295683054744229,0.024723913285094018,0.08063034247610003,0.032666979354342096,13.410438561959975
0.0,0.0,0.0,0.004395144665843815,0.02414809885454912,0.028715639975822535,13.961736268470656,0.0,0.0,0.0,0.004395144665843815,0.02414809885454912,0.028715639975822535,13.961736268470656
0.021949229874925928,0.0026426938366481264,0.007617719594956398,0.0,0.0003463242002884753,0.03113316625412757,13.951199036456988,0.021949229874925928,0.0026426938366481264,0.007617719594956398,0.0,0.0003463242002884753,0.03113316625412757,13.951199036456988
1.2094506149203858e-6,0.0,0.0,0.015303672270989471,0.003982615888490068,0.04706659234578861,13.991495862184324,1.2094506149203858e-6,0.0,0.0,0.015303672270989471,0.003982615888490068,0.04706659234578861,13.991495862184324
0.06998770159014012,0.07165448510233846,0.071485281681478,0.07508569493389625,0.07414313646230236,0.02914786019920174,13.406562957285653,0.06998770159014012,0.07165448510233846,0.071485281681478,0.07508569493389625,0.07414313646230236,0.02914786019920174,13.406562957285653
0.0011414847483175936,0.1046342767301949,0.0015908090240598777,0.9245242504340252,0.09153710887802582,0.031118348020693742,12.488435601602173,0.0011414847483175936,0.1046342767301949,0.0015908090240598777,0.9245242504340252,0.09153710887802582,0.031118348020693742,12.488435601602173
0.09387857268173005,0.8661979747741664,0.10137029714928178,0.004780417043248712,0.020186507318918093,0.00041988189817848687,11.977016840434809,0.09387857268173005,0.8661979747741664,0.10137029714928178,0.004780417043248712,0.020186507318918093,0.00041988189817848687,11.977016840434809
0.06338058996905452,0.0018170910817307032,0.061054282420752684,0.04812566717173658,0.07136300482326804,0.021690888327137312,13.722350986093234,0.06338058996905452,0.0018170910817307032,0.061054282420752684,0.04812566717173658,0.07136300482326804,0.021690888327137312,13.722350986093234
0.013169480181708323,0.082576139124686,0.07406524819423488,0.02783841220547824,0.07713953746471183,0.03797578002050389,13.518889588091202,0.013169480181708323,0.082576139124686,0.07406524819423488,0.02783841220547824,0.07713953746471183,0.03797578002050389,13.518889588091202
0.0,0.0017586943009529968,0.00035036087935112065,1.1793581848870951e-7,0.0006386817435798699,0.028670943015799116,13.973345234102354,0.0,0.0017586943009529968,0.00035036087935112065,1.1793581848870951e-7,0.0006386817435798699,0.028670943015799116,13.973345234102354
0.07315721589751042,0.00002496328699645332,0.0,0.09086113837158133,0.0764217644496152,0.07722641303554628,13.56463345806386,0.07315721589751042,0.00002496328699645332,0.0,0.09086113837158133,0.0764217644496152,0.07722641303554628,13.56463345806386
0.021949229874925928,0.08156430556885846,0.007617719594956399,0.07087563770678026,0.0003463242002884753,0.03113316625412757,13.700312080066196,0.021949229874925928,0.08156430556885846,0.007617719594956399,0.07087563770678026,0.0003463242002884753,0.03113316625412757,13.700312080066196
0.0000531425707010532,0.0026225496963783734,0.0,0.01722089544071778,0.0,0.029060606069251076,13.949986167652433,0.0000531425707010532,0.0026225496963783734,0.0,0.01722089544071778,0.0,0.029060606069251076,13.949986167652433
0.06229728660280976,0.00010173443685040917,0.05614992518432727,0.058723763069409435,0.00014398578355967473,0.030837450535909125,13.792412865894741,0.06229728660280976,0.00010173443685040917,0.05614992518432727,0.058723763069409435,0.00014398578355967473,0.030837450535909125,13.792412865894741
0.05043903472770235,0.0804520170363659,0.0053842585196628295,0.07661211000126357,0.014063964804141533,0.03568582779458608,13.600867010311143,0.05043903472770235,0.0804520170363659,0.0053842585196628295,0.07661211000126357,0.014063964804141533,0.03568582779458608,13.600867010311143
0.06181719997943036,0.00015566305933866203,0.06176040184080317,0.07554719068968103,0.07159663421045545,0.05077503881607959,13.596606599565833,0.06181719997943036,0.00015566305933866203,0.06176040184080317,0.07554719068968103,0.07159663421045545,0.05077503881607959,13.596606599565833
0.0,0.002391513015225416,0.07567732051323445,0.02423943710859647,0.07809827083750609,0.03342321934009926,13.761779685214707,0.0,0.002391513015225416,0.07567732051323445,0.02423943710859647,0.07809827083750609,0.03342321934009926,13.761779685214707
0.07952051313730397,0.06958521197581646,0.07189403701034022,0.06737719500265847,0.07181954819619397,0.030816342658047068,13.464747045531816,0.07952051313730397,0.06958521197581646,0.07189403701034022,0.06737719500265847,0.07181954819619397,0.030816342658047068,13.464747045531816
0.06798405335293183,0.029585642229912845,0.071485281681478,0.07479079639915652,0.07408753758628774,0.028963034875130474,13.546712733087801,0.06798405335293183,0.029585642229912845,0.071485281681478,0.07479079639915652,0.07408753758628774,0.028963034875130474,13.546712733087801
0.06230518303442453,0.0,0.06105690325523186,0.016179028158216216,0.07068155073822427,0.028842912156785055,13.774375798842966,0.06230518303442453,0.0,0.06105690325523186,0.016179028158216216,0.07068155073822427,0.028842912156785055,13.774375798842966
0.08223650679923813,0.07376641582456783,0.08026111030680541,0.004414038695919702,0.08093072430584139,0.036036582037822736,13.528283198220036,0.08223650679923813,0.07376641582456783,0.08026111030680541,0.004414038695919702,0.08093072430584139,0.036036582037822736,13.528283198220036
0.0,0.08124538574943274,0.061636384004909284,0.016392650465437565,0.06553652553545451,0.07874126096165338,13.60671917062577,0.0,0.08124538574943274,0.061636384004909284,0.016392650465437565,0.06553652553545451,0.07874126096165338,13.60671917062577
0.06779063368828425,0.07131404085394566,0.07402064999694587,0.0836889752398718,0.011792535393928001,0.02802628351704215,13.508985511220116,0.06779063368828425,0.07131404085394566,0.07402064999694587,0.0836889752398718,0.011792535393928001,0.02802628351704215,13.508985511220116
0.01877777088029073,0.06656414042359593,0.003393714650770714,0.001933221828186088,0.0802382130131836,0.04049361185147703,13.71354727105105,0.01877777088029073,0.06656414042359593,0.003393714650770714,0.001933221828186088,0.0802382130131836,0.04049361185147703,13.71354727105105
0.0076897814122261245,0.07070989467975461,0.05896879682381294,0.08222106495427137,0.07642980522722087,0.07813096239010181,13.42810763906271,0.0076897814122261245,0.07070989467975461,0.05896879682381294,0.08222106495427137,0.07642980522722087,0.07813096239010181,13.42810763906271
0.008585855857847116,0.0010117856759312288,0.060860037402108276,0.1000037904793799,0.07885077554820086,0.031173938914629502,13.60117422807669,0.008585855857847116,0.0010117856759312288,0.060860037402108276,0.1000037904793799,0.07885077554820086,0.031173938914629502,13.60117422807669
0.0,0.08241385395035458,0.05932312475062679,0.0023939163148358547,0.07129555791642944,0.073141193851401,13.671941581885138,0.0,0.08241385395035458,0.05932312475062679,0.0023939163148358547,0.07129555791642944,0.073141193851401,13.671941581885138
0.08331609031525944,0.07023948949856432,0.8480613197463569,0.024922421799096553,0.0,0.07654354987669892,12.044222334937109,0.08331609031525944,0.07023948949856432,0.8480613197463569,0.024922421799096553,0.0,0.07654354987669892,12.044222334937109
0.0,0.07742930951107317,0.08652052993745432,0.07956290514771575,0.07685807273904842,0.03930135215892029,13.471976335704001,0.0,0.07742930951107317,0.08652052993745432,0.07956290514771575,0.07685807273904842,0.03930135215892029,13.471976335704001
0.06230518303442453,0.07250143193211189,0.06105690325523186,0.016179028158216216,0.07068155073822427,0.02379896079553364,13.85610468083396,0.06230518303442453,0.07250143193211189,0.06105690325523186,0.016179028158216216,0.07068155073822427,0.02379896079553364,13.85610468083396
0.0,0.08300011344140916,0.07440481562526415,0.015303672270989471,0.0018186502254287223,0.04871186143142524,13.708498702590107,0.0,0.08300011344140916,0.07440481562526415,0.015303672270989471,0.0018186502254287223,0.04871186143142524,13.708498702590107
0.07960221618785383,0.0,0.0,0.07448030871173461,0.0006228984284476721,0.07208158013680685,13.656593252035185,0.07960221618785383,0.0,0.0,0.07448030871173461,0.0006228984284476721,0.07208158013680685,13.656593252035185
0.07722193551068246,0.012180770653761386,0.007096049083903058,0.07471885920101543,0.07191654001180756,0.07674249456582102,13.683410443372837,0.07722193551068246,0.012180770653761386,0.007096049083903058,0.07471885920101543,0.07191654001180756,0.07674249456582102,13.683410443372837
0.07171082396465836,0.06684622374554612,0.07146996865991123,0.0778373591463473,0.046548287519734555,0.03127674282052084,13.436143353841649,0.07171082396465836,0.06684622374554612,0.07146996865991123,0.0778373591463473,0.046548287519734555,0.03127674282052084,13.436143353841649
0.08229699600581442,0.06693070138803639,0.06977924586776971,0.014879105030127605,0.090265239641656,0.07673933071091824,13.480172494843249,0.08229699600581442,0.06693070138803639,0.06977924586776971,0.014879105030127605,0.090265239641656,0.07673933071091824,13.480172494843249
0.07210290979970366,0.0,0.003235866550193569,0.004520775101563582,0.07642195228028319,0.03833043923168747,13.737581410938304,0.07210290979970366,0.0,0.003235866550193569,0.004520775101563582,0.07642195228028319,0.03833043923168747,13.737581410938304
0.0,0.0005965666633471478,0.06350178785852921,0.06448629766206222,0.001013603792350451,0.03242777658020021,13.781827365297561,0.0,0.0005965666633471478,0.06350178785852921,0.06448629766206222,0.001013603792350451,0.03242777658020021,13.781827365297561
0.009389037830922261,0.08128747293786204,0.0014300083980573058,0.07710544247768523,0.07934656690171099,0.0764829519328357,13.502252963245553,0.009389037830922261,0.08128747293786204,0.0014300083980573058,0.07710544247768523,0.07934656690171099,0.0764829519328357,13.502252963245553
0.07722193551068246,0.01218077065376139,0.00538853107129629,0.07471885920101544,0.07220965027949826,0.035677263128106186,13.69618548509806,0.07722193551068246,0.01218077065376139,0.00538853107129629,0.07471885920101544,0.07220965027949826,0.035677263128106186,13.69618548509806
0.007851617381530562,0.07078183058614598,0.09393897201801957,0.08222106495427137,0.07642980522722087,0.07814879260710657,13.333882178773017,0.007851617381530562,0.07078183058614598,0.09393897201801957,0.08222106495427137,0.07642980522722087,0.07814879260710657,13.333882178773017
0.06998770159014012,0.07165448510233846,0.071485281681478,0.07508569493389625,0.07415251527925058,0.029132629865474477,13.420723961451687,0.06998770159014012,0.07165448510233846,0.071485281681478,0.07508569493389625,0.07415251527925058,0.029132629865474477,13.420723961451687
0.06230518303442453,0.0,0.07219530007987457,0.058540278957106784,0.07069116224407229,0.028491196651121275,13.594278020768536,0.06230518303442453,0.0,0.07219530007987457,0.058540278957106784,0.07069116224407229,0.028491196651121275,13.594278020768536
0.008782998137899931,0.0,0.06829855457107337,0.08314877190297969,0.05554252100581609,0.07466492980980902,13.54789394307962,0.008782998137899931,0.0,0.06829855457107337,0.08314877190297969,0.05554252100581609,0.07466492980980902,13.54789394307962
0.015753296417089155,0.06724760700222025,0.0778288114598151,0.06384847734821114,0.0,0.07351139209363665,13.529106226544435,0.015753296417089155,0.06724760700222025,0.0778288114598151,0.06384847734821114,0.0,0.07351139209363665,13.529106226544435
0.07823852586499774,0.08172902298138124,0.07014227109364853,0.0749759930446952,0.014110307065831666,0.02868831510612313,13.52633365257265,0.07823852586499774,0.08172902298138124,0.07014227109364853,0.0749759930446952,0.014110307065831666,0.02868831510612313,13.52633365257265
0.019222700476789558,0.06952054895129442,0.07249144330267485,0.07335221394654565,0.0,0.02799112989861422,13.663035003965907,0.019222700476789558,0.06952054895129442,0.07249144330267485,0.07335221394654565,0.0,0.02799112989861422,13.663035003965907
0.009338378469828934,0.0000370036263208993,0.09513781251115999,0.09979520353562982,0.10613611543218043,0.00209961977504064,13.62268938746475,0.009338378469828934,0.0000370036263208993,0.09513781251115999,0.09979520353562982,0.10613611543218043,0.00209961977504064,13.62268938746475
0.00006690540534388945,0.0026434806855386433,0.0073184574908654355,0.0,0.00018828397901519967,0.03610616730695927,13.961039334955174,0.00006690540534388945,0.0026434806855386433,0.0073184574908654355,0.0,0.00018828397901519967,0.03610616730695927,13.961039334955174
0.02194922987492593,0.002642693836648127,0.007607938155100196,0.0,0.00034632420028847706,0.03111406676234829,13.938519401463699,0.02194922987492593,0.002642693836648127,0.007607938155100196,0.0,0.00034632420028847706,0.03111406676234829,13.938519401463699
0.06137156721367998,0.0000208465096374499,0.07075223908931351,0.07539990701454627,0.07323767077221435,0.03089212172477081,13.803146115025134,0.06137156721367998,0.0000208465096374499,0.07075223908931351,0.07539990701454627,0.07323767077221435,0.03089212172477081,13.803146115025134
0.011090037721919424,0.06723858699670207,0.07643950181907648,0.0783589597386044,0.0,0.07351286952526997,13.731291517471462,0.011090037721919424,0.06723858699670207,0.07643950181907648,0.0783589597386044,0.0,0.07351286952526997,13.731291517471462
0.07214091546382795,0.006977514064277386,0.004714442495349906,0.07488099841533773,0.07710812952688442,0.02851395398010398,13.748333284167524,0.07214091546382795,0.006977514064277386,0.004714442495349906,0.07488099841533773,0.07710812952688442,0.02851395398010398,13.748333284167524
0.07364913706492625,0.0012559107179617723,0.06965739404736472,0.07535971319202286,0.003846257475926179,0.02745796880293899,13.769619924271549,0.07364913706492625,0.0012559107179617723,0.06965739404736472,0.07535971319202286,0.003846257475926179,0.02745796880293899,13.769619924271549
0.00006470150490386906,0.10035442567994912,0.0040590002814015445,0.8699496120972432,0.11102026647696711,0.289445515732877,11.524602118069494,0.00006470150490386906,0.10035442567994912,0.0040590002814015445,0.8699496120972432,0.11102026647696711,0.289445515732877,11.524602118069494
0.07424117084730242,0.07126228021358678,0.07090950629402906,0.004520775101563582,0.0715791282261981,0.034110981181860275,13.495437634426876,0.07424117084730242,0.07126228021358678,0.07090950629402906,0.004520775101563582,0.0715791282261981,0.034110981181860275,13.495437634426876
0.07799141382858339,0.0811341514501884,0.07255021046226301,0.08595639694646637,0.07236869620963979,0.036328715626290725,13.375245068879364,0.07799141382858339,0.0811341514501884,0.07255021046226301,0.08595639694646637,0.07236869620963979,0.036328715626290725,13.375245068879364
0.006824107314192945,0.06677959505809083,0.07622770571625431,0.08684048662040927,0.06446269974355387,0.03320341799804277,13.571634170453631,0.006824107314192945,0.06677959505809083,0.07622770571625431,0.08684048662040927,0.06446269974355387,0.03320341799804277,13.571634170453631
0.06192497329258685,0.0010675273446006939,0.00008295706827639998,0.012471602131802179,0.07159756566132074,0.028642510433844727,13.741056897394227,0.06192497329258685,0.0010675273446006939,0.00008295706827639998,0.012471602131802179,0.07159756566132074,0.028642510433844727,13.741056897394227
0.0053112955610380465,0.06707544100170491,0.07799544742018594,0.07320003496491584,0.08485676319993829,0.026616540864940055,13.62399500534042,0.0053112955610380465,0.06707544100170491,0.07799544742018594,0.07320003496491584,0.08485676319993829,0.026616540864940055,13.62399500534042
0.06884673275621017,0.08180643871050192,0.00513004359836082,0.07853054071799763,0.0003196317915971368,0.027380696606872756,13.629768477294913,0.06884673275621017,0.08180643871050192,0.00513004359836082,0.07853054071799763,0.0003196317915971368,0.027380696606872756,13.629768477294913
0.07857287484778627,0.07149896034018581,0.0,0.000028887541764333058,0.07646034342552314,0.026248861215230724,13.66598222025847,0.07857287484778627,0.07149896034018581,0.0,0.000028887541764333058,0.07646034342552314,0.026248861215230724,13.66598222025847
0.07965211748346179,0.8700795624066272,0.07630093232126248,0.08027915815479197,0.07987376852740123,0.028163657447240767,11.782440088200453,0.07965211748346179,0.8700795624066272,0.07630093232126248,0.08027915815479197,0.07987376852740123,0.028163657447240767,11.782440088200453
0.0021945789830105714,0.06751635653573489,0.06790840189707151,3.0652990908539295e-6,0.005819877078041352,0.030783950263690442,13.75531041048072,0.0021945789830105714,0.06751635653573489,0.06790840189707151,3.0652990908539295e-6,0.005819877078041352,0.030783950263690442,13.75531041048072
0.8341225363813116,0.0675701543053568,0.0945380794896948,0.06809980307968411,0.0018092363947009374,0.028496878207083666,11.925449951798914,0.8341225363813116,0.0675701543053568,0.0945380794896948,0.06809980307968411,0.0018092363947009374,0.028496878207083666,11.925449951798914
0.08305594838927818,0.0,0.08681210749313104,0.08627260327172245,0.0,0.031216302833518547,13.597124919948188,0.08305594838927818,0.0,0.08681210749313104,0.08627260327172245,0.0,0.031216302833518547,13.597124919948188
0.07621286715623118,0.07216479145183402,0.07554272654896696,0.10411477128523386,0.102380515707243,0.07372404736129273,13.139995500968979,0.07621286715623118,0.07216479145183402,0.07554272654896696,0.10411477128523386,0.102380515707243,0.07372404736129273,13.139995500968979
0.07755817790433531,0.07895427648718212,0.05847023579224753,0.06382797574978785,0.07900751623149362,0.02859204302668733,13.463543003839744,0.07755817790433531,0.07895427648718212,0.05847023579224753,0.06382797574978785,0.07900751623149362,0.02859204302668733,13.463543003839744
0.004725996961548823,0.07032483472123502,0.00015977200881914233,0.07336292704044572,0.0734435233499073,0.05023743429953172,13.645673520761417,0.004725996961548823,0.07032483472123502,0.00015977200881914233,0.07336292704044572,0.0734435233499073,0.05023743429953172,13.645673520761417
0.08076210435441547,0.003432506978373384,0.05953356540729127,0.0635679383471667,0.07805077417887868,0.07263489660638696,13.531393424493293,0.08076210435441547,0.003432506978373384,0.05953356540729127,0.0635679383471667,0.07805077417887868,0.07263489660638696,13.531393424493293
0.08589126788478008,0.00015566305933866278,0.06176040184080318,0.08368401572687106,0.07159663421045545,0.05077503881607959,13.498276582953274,0.08589126788478008,0.00015566305933866278,0.06176040184080318,0.08368401572687106,0.07159663421045545,0.05077503881607959,13.498276582953274
0.02038843960161868,0.06985628673051039,0.0017249273695546137,0.0022873882000877394,0.0735620262640834,0.073202140641003,13.65551529988741,0.02038843960161868,0.06985628673051039,0.0017249273695546137,0.0022873882000877394,0.0735620262640834,0.073202140641003,13.65551529988741
0.08013138265966448,0.0006269367760342176,0.07072605163328122,0.06451931998249325,0.0,0.03830481361190807,13.672917989769402,0.08013138265966448,0.0006269367760342176,0.07072605163328122,0.06451931998249325,0.0,0.03830481361190807,13.672917989769402
0.0010339411968194462,0.07172058913534006,0.07278884743905528,0.016527430000223983,0.07935972170093727,0.029132294490138988,13.717100150745804,0.0010339411968194462,0.07172058913534006,0.07278884743905528,0.016527430000223983,0.07935972170093727,0.029132294490138988,13.717100150745804
0.06230669968973359,0.0012928978852452997,0.007085934320345742,0.07539990701454627,0.006906440219110008,0.030770916677985732,13.739690138482418,0.06230669968973359,0.0012928978852452997,0.007085934320345742,0.07539990701454627,0.006906440219110008,0.030770916677985732,13.739690138482418
0.0017741242899391926,0.08108374482283331,0.07710122584823115,0.08573729883866224,0.0003164438600020457,0.0645300066534048,13.596472583919798,0.0017741242899391926,0.08108374482283331,0.07710122584823115,0.08573729883866224,0.0003164438600020457,0.0645300066534048,13.596472583919798
0.07789967416093041,0.0698685922513082,0.06064558646607733,0.0819023099409192,0.0,0.07351286952526997,13.501863505705796,0.07789967416093041,0.0698685922513082,0.06064558646607733,0.0819023099409192,0.0,0.07351286952526997,13.501863505705796
0.0023241697708375753,0.05188371292293074,0.07234419443798992,0.07592700487670369,0.07985202550714912,0.030660684399911334,13.620251763408733,0.0023241697708375753,0.05188371292293074,0.07234419443798992,0.07592700487670369,0.07985202550714912,0.030660684399911334,13.620251763408733
0.0502240196171313,0.06296772017684331,0.0014006840745320812,0.013580912755939784,0.03768132968241683,0.026755991060330088,13.790342380531918,0.0502240196171313,0.06296772017684331,0.0014006840745320812,0.013580912755939784,0.03768132968241683,0.026755991060330088,13.790342380531918
0.008834022845047324,0.07417790941846411,0.06831456566982366,0.06625202390828182,0.07623315934742028,0.030058717358322988,13.743530650171197,0.008834022845047324,0.07417790941846411,0.06831456566982366,0.06625202390828182,0.07623315934742028,0.030058717358322988,13.743530650171197
0.07502342583294926,0.07195031054802806,0.0701349692046069,0.08368897523987182,0.011792535393928001,0.03302368774762677,13.490032245879561,0.07502342583294926,0.07195031054802806,0.0701349692046069,0.08368897523987182,0.011792535393928001,0.03302368774762677,13.490032245879561
0.0698028796879602,0.07141866310638777,0.07507141249956342,0.006814991364717915,0.057134314271578585,0.03622118634428873,13.524360388544572,0.0698028796879602,0.07141866310638777,0.07507141249956342,0.006814991364717915,0.057134314271578585,0.03622118634428873,13.524360388544572
0.06343258417198977,0.07178573134006239,0.07182062333657727,0.07713921736046533,0.07155466856544677,0.034110981181860275,13.3884880306724,0.06343258417198977,0.07178573134006239,0.07182062333657727,0.07713921736046533,0.07155466856544677,0.034110981181860275,13.3884880306724
0.0831511992792582,0.0015394899258887595,0.003739966734485789,0.08709974911130738,0.004460972825242581,0.050803074741759616,13.643006987702947,0.0831511992792582,0.0015394899258887595,0.003739966734485789,0.08709974911130738,0.004460972825242581,0.050803074741759616,13.643006987702947
0.025193446009202584,0.00023955886640909807,0.04921380658577713,0.07709405030577979,0.06639413951128487,0.03007815943346348,13.735905810826964,0.025193446009202584,0.00023955886640909807,0.04921380658577713,0.07709405030577979,0.06639413951128487,0.03007815943346348,13.735905810826964
0.007903303350586678,0.010275131594637305,0.07438907058854628,0.08222106495427137,0.07924373866331347,0.07814879260710657,13.561310356107288,0.007903303350586678,0.010275131594637305,0.07438907058854628,0.08222106495427137,0.07924373866331347,0.07814879260710657,13.561310356107288
0.0,0.0,0.0012219269716629982,0.01615795713414041,0.0,0.03334145683516504,13.982990407829309,0.0,0.0,0.0012219269716629982,0.01615795713414041,0.0,0.03334145683516504,13.982990407829309
0.0,0.01393075752352635,0.0046713383648458034,0.0,0.07223084626722674,0.03807078959457075,13.920112856120456,0.0,0.01393075752352635,0.0046713383648458034,0.0,0.07223084626722674,0.03807078959457075,13.920112856120456
0.0,0.0,0.11212136302011522,0.10385457584313894,0.0,0.040679079010232266,13.588656985734737,0.0,0.0,0.11212136302011522,0.10385457584313894,0.0,0.040679079010232266,13.588656985734737
0.02151226740688915,0.06962971262205733,0.060745999463191064,0.0803594552339418,0.07248679795310231,0.02890888064038318,13.592746300532443,0.02151226740688915,0.06962971262205733,0.060745999463191064,0.0803594552339418,0.07248679795310231,0.02890888064038318,13.592746300532443
0.06998880183891344,0.005746773206486276,0.071485281681478,0.07478970548641614,0.07409820336114965,0.028963034875130474,13.520676065059357,0.06998880183891344,0.005746773206486276,0.071485281681478,0.07478970548641614,0.07409820336114965,0.028963034875130474,13.520676065059357
0.07374654941656544,0.07918051879742541,0.07185104100506817,0.0,0.00018828397901519967,0.03610616730695927,13.596353183016676,0.07374654941656544,0.07918051879742541,0.07185104100506817,0.0,0.00018828397901519967,0.03610616730695927,13.596353183016676
0.04159865851601277,0.0007722785452005639,0.059533565407291336,0.055867382538034804,0.0754652273674592,0.03316780656317684,13.733777937150832,0.04159865851601277,0.0007722785452005639,0.059533565407291336,0.055867382538034804,0.0754652273674592,0.03316780656317684,13.733777937150832
0.0006974996274963161,0.07560236554641984,0.02606912093285481,0.06249152300637845,0.0,0.031002544182601295,13.731774972076318,0.0006974996274963161,0.07560236554641984,0.02606912093285481,0.06249152300637845,0.0,0.031002544182601295,13.731774972076318
0.069734447131933,0.03731844708703369,0.0015770318803765108,0.0,0.0026269956688817694,0.036286846103709296,13.903237973335337,0.069734447131933,0.03731844708703369,0.0015770318803765108,0.0,0.0026269956688817694,0.036286846103709296,13.903237973335337
0.08533410802198862,0.007362361047989055,0.09386052825366945,0.0006248521130920565,0.08006732034955816,0.07754147866602361,13.622256334234077,0.08533410802198862,0.007362361047989055,0.09386052825366945,0.0006248521130920565,0.08006732034955816,0.07754147866602361,13.622256334234077
0.08642576976054789,0.002342598261553357,0.07582911569648931,0.08746163313289507,0.02997481624410088,0.07895018111856826,13.516822887231559,0.08642576976054789,0.002342598261553357,0.07582911569648931,0.08746163313289507,0.02997481624410088,0.07895018111856826,13.516822887231559
0.06998770159014012,0.07164235770914398,0.071485281681478,0.07508569493389625,0.8533908358968574,0.0040434227987960585,11.883732740008966,0.06998770159014012,0.07164235770914398,0.071485281681478,0.07508569493389625,0.8533908358968574,0.0040434227987960585,11.883732740008966
0.0634152553637711,0.0717651872526078,0.004779669341579668,0.07523671379320028,0.07641717931206787,0.05808049745768962,13.451715503935706,0.0634152553637711,0.0717651872526078,0.004779669341579668,0.07523671379320028,0.07641717931206787,0.05808049745768962,13.451715503935706
0.0787531116153112,0.06764123257932325,0.06065439077518564,0.06357543931229322,0.0,0.033217825728063956,13.769162893431234,0.0787531116153112,0.06764123257932325,0.06065439077518564,0.06357543931229322,0.0,0.033217825728063956,13.769162893431234
0.014482594104763873,0.07031384523706977,0.07817759391971332,0.0,0.07536251325582105,0.049503922732541075,13.557542051420974,0.014482594104763873,0.07031384523706977,0.07817759391971332,0.0,0.07536251325582105,0.049503922732541075,13.557542051420974
0.0002723612504502784,0.07514605425295624,0.060785606375749736,0.0432686291299207,0.07993838917237572,0.04678809342191066,13.708052125911756,0.0002723612504502784,0.07514605425295624,0.060785606375749736,0.0432686291299207,0.07993838917237572,0.04678809342191066,13.708052125911756
0.02273823884708971,0.0,0.055048812041116724,0.030283008231024477,0.08353372326946562,0.07682321837286549,13.78787042353047,0.02273823884708971,0.0,0.055048812041116724,0.030283008231024477,0.08353372326946562,0.07682321837286549,13.78787042353047
0.03278747065125931,0.07613864272901258,0.13382241194873246,0.9342811477794821,0.030484499694196525,0.031076233701850066,12.362584516881569,0.03278747065125931,0.07613864272901258,0.13382241194873246,0.9342811477794821,0.030484499694196525,0.031076233701850066,12.362584516881569
0.05918670738921844,0.05537917192090211,0.00020944758634310057,0.08174365206541023,0.08379531638024823,0.03606894497438301,13.627356479395988,0.05918670738921844,0.05537917192090211,0.00020944758634310057,0.08174365206541023,0.08379531638024823,0.03606894497438301,13.627356479395988
0.07887859935216186,0.0658081844079414,0.06373120536279424,0.08732532861813934,0.08217691356385931,0.033220407327814214,13.487303286683508,0.07887859935216186,0.0658081844079414,0.06373120536279424,0.08732532861813934,0.08217691356385931,0.033220407327814214,13.487303286683508
0.0054532422156605455,0.07027047702023023,0.0,0.07582039205272388,0.006249777264927952,0.050078382228382914,13.831003780749326,0.0054532422156605455,0.07027047702023023,0.0,0.07582039205272388,0.006249777264927952,0.050078382228382914,13.831003780749326
0.0,0.06422529562635612,0.06998113026619893,0.08396614419825829,0.06660743076181581,0.03235645072874131,13.537502988703395,0.0,0.06422529562635612,0.06998113026619893,0.08396614419825829,0.06660743076181581,0.03235645072874131,13.537502988703395
0.07657518227127058,0.00024203398925787267,0.07785779150537046,0.02321887809434866,0.07860079655393448,0.03342024892051855,13.579239124023456,0.07657518227127058,0.00024203398925787267,0.07785779150537046,0.02321887809434866,0.07860079655393448,0.03342024892051855,13.579239124023456
0.07628213317609675,0.054988727034164735,0.003235866550193575,0.08051786184800927,0.07642100900731057,0.03619478439915287,13.492718946509846,0.07628213317609675,0.054988727034164735,0.003235866550193575,0.08051786184800927,0.07642100900731057,0.03619478439915287,13.492718946509846
0.013468499710995074,0.06370649374520251,0.07219357602096312,0.01590073698779893,0.003186806933680744,0.07484828163185045,13.639936252080677,0.013468499710995074,0.06370649374520251,0.07219357602096312,0.01590073698779893,0.003186806933680744,0.07484828163185045,13.639936252080677
0.07615129135689988,0.0038332482874385773,0.07224327145642764,0.0,0.06710468571512113,0.02728793536460416,13.643998582488022,0.07615129135689988,0.0038332482874385773,0.07224327145642764,0.0,0.06710468571512113,0.02728793536460416,13.643998582488022
0.08089309697071469,0.07118681132264693,0.07685957209352456,0.07793646174238081,0.07988742293733725,0.03833043923168747,13.399486470567982,0.08089309697071469,0.07118681132264693,0.07685957209352456,0.07793646174238081,0.07988742293733725,0.03833043923168747,13.399486470567982
0.06688824804647023,0.0704856916747009,0.00015977200881914233,0.07335964977102073,0.05730225233439476,0.05023743429953173,13.6346540906041,0.06688824804647023,0.0704856916747009,0.00015977200881914233,0.07335964977102073,0.05730225233439476,0.05023743429953173,13.6346540906041
0.07012039315548918,0.08100558379687549,0.04818268688770801,0.07573755160415874,0.0006968060044214575,0.022326621332507318,13.609481019514806,0.07012039315548918,0.08100558379687549,0.04818268688770801,0.07573755160415874,0.0006968060044214575,0.022326621332507318,13.609481019514806
0.8159857182929924,0.07289000709401561,0.008031693324438718,0.005359526334860138,0.07757455346339466,0.030213274686792618,12.35494527995436,0.8159857182929924,0.07289000709401561,0.008031693324438718,0.005359526334860138,0.07757455346339466,0.030213274686792618,12.35494527995436
0.08159059652261846,0.0045047009576430624,0.0018748814134339903,0.041884719109561167,0.06375003533262714,0.028850955634604464,13.79806970044642,0.08159059652261846,0.0045047009576430624,0.0018748814134339903,0.041884719109561167,0.06375003533262714,0.028850955634604464,13.79806970044642
8.325833447482469e-7,0.04603660878357907,0.0013559755626856435,0.09019971734438115,0.10041458506377422,0.024738999945517558,13.810290634672421,8.325833447482469e-7,0.04603660878357907,0.0013559755626856435,0.09019971734438115,0.10041458506377422,0.024738999945517558,13.810290634672421
0.06741147927107957,0.06955532487678395,0.071485281681478,0.06339801758356545,0.07628915871635616,0.029132629865474477,13.509349970587436,0.06741147927107957,0.06955532487678395,0.071485281681478,0.06339801758356545,0.07628915871635616,0.029132629865474477,13.509349970587436
0.01602554176510757,0.07118681132264693,0.0,0.006858066802773998,0.07988732536638468,0.03833043923168747,13.74224603026356,0.01602554176510757,0.07118681132264693,0.0,0.006858066802773998,0.07988732536638468,0.03833043923168747,13.74224603026356
0.005107694965469076,0.06924896584647447,0.07223424662167247,0.07263410440971517,0.005376778877007923,0.031084928529081825,13.777711965131301,0.005107694965469076,0.06924896584647447,0.07223424662167247,0.07263410440971517,0.005376778877007923,0.031084928529081825,13.777711965131301
0.001942158464678878,0.004424406675629447,0.0,0.05930558129460914,0.05637141379344171,0.046840800751106706,13.793909572163285,0.001942158464678878,0.004424406675629447,0.0,0.05930558129460914,0.05637141379344171,0.046840800751106706,13.793909572163285
0.0613893186033967,0.07619374190058166,0.07150535943065506,0.06672336218816442,0.07233830465436965,0.02808571918022472,13.420566908379563,0.0613893186033967,0.07619374190058166,0.07150535943065506,0.06672336218816442,0.07233830465436965,0.02808571918022472,13.420566908379563
0.06338058996905453,0.0018170910817307032,0.06087770609337211,0.04812566717173658,0.07136548782094716,0.031163473426424886,13.771386811075441,0.06338058996905453,0.0018170910817307032,0.06087770609337211,0.04812566717173658,0.07136548782094716,0.031163473426424886,13.771386811075441
0.07634661963730918,0.062432273065452036,0.07712648582016104,0.07991776984799778,0.07221007556910167,0.0360473576224464,13.47908908210548,0.07634661963730918,0.062432273065452036,0.07712648582016104,0.07991776984799778,0.07221007556910167,0.0360473576224464,13.47908908210548
0.07277356430834592,0.0067606759178479164,0.004714442495349906,0.07493509266822446,0.07714366196651143,0.02851395398010398,13.704704805065957,0.07277356430834592,0.0067606759178479164,0.004714442495349906,0.07493509266822446,0.07714366196651143,0.02851395398010398,13.704704805065957
0.0,0.0828519740144385,0.0,0.07131272486736126,0.0003500729074779052,0.03981536653738388,13.895899184450563,0.0,0.0828519740144385,0.0,0.07131272486736126,0.0003500729074779052,0.03981536653738388,13.895899184450563
0.0034049169461763396,0.06730751578004099,0.07227750251175424,0.07336292704044572,0.07987019493387165,0.050087274014820916,13.517826800919629,0.0034049169461763396,0.06730751578004099,0.07227750251175424,0.07336292704044572,0.07987019493387165,0.050087274014820916,13.517826800919629
0.006824107314192945,0.06423474403480879,0.07622770571625431,0.08686672244063728,0.06446269974355387,0.03320341799804277,13.66268319396181,0.006824107314192945,0.06423474403480879,0.07622770571625431,0.08686672244063728,0.06446269974355387,0.03320341799804277,13.66268319396181
0.06236997011046705,0.07084095010064544,0.061064089730988355,0.07711240155945123,0.07192714351074754,0.030078063050321874,13.477458132045834,0.06236997011046705,0.07084095010064544,0.061064089730988355,0.07711240155945123,0.07192714351074754,0.030078063050321874,13.477458132045834
0.00427626883960304,0.06702314846604215,0.062460252985101335,0.07842831309938458,0.04106894413994508,0.027699639931408112,13.669382265092644,0.00427626883960304,0.06702314846604215,0.062460252985101335,0.07842831309938458,0.04106894413994508,0.027699639931408112,13.669382265092644
0.07043241191672332,0.07417790941846411,0.060957552321769554,0.06668392723079447,0.07629800773317394,0.029223885911807104,13.4200639806328,0.07043241191672332,0.07417790941846411,0.060957552321769554,0.06668392723079447,0.07629800773317394,0.029223885911807104,13.4200639806328
0.02034795467238809,0.06985650482070879,0.0017249273695546102,0.01783257737903944,0.07166339420416055,0.073202140641003,13.641551930757327,0.02034795467238809,0.06985650482070879,0.0017249273695546102,0.01783257737903944,0.07166339420416055,0.073202140641003,13.641551930757327
0.0684136769294778,0.07158423880700711,0.013479725040652564,0.07508569493389625,0.0018048318079327136,0.07459525201326923,13.538076559724749,0.0684136769294778,0.07158423880700711,0.013479725040652564,0.07508569493389625,0.0018048318079327136,0.07459525201326923,13.538076559724749
0.011736955705077982,0.06341551491351963,0.0711085098130636,0.015695932045060104,0.0032267934307234278,0.03649090788542356,13.783964941500717,0.011736955705077982,0.06341551491351963,0.0711085098130636,0.015695932045060104,0.0032267934307234278,0.03649090788542356,13.783964941500717
0.0,0.052333182632142566,0.06548477413196566,0.07459479012293282,0.07806701207807754,0.036392583772722316,13.567947674780749,0.0,0.052333182632142566,0.06548477413196566,0.07459479012293282,0.07806701207807754,0.036392583772722316,13.567947674780749
0.07875491577708509,0.06724760700222025,0.06065439077518563,0.06384847734821113,0.0,0.07351139209363665,13.619112268619986,0.07875491577708509,0.06724760700222025,0.06065439077518563,0.06384847734821113,0.0,0.07351139209363665,13.619112268619986
0.07134492847286435,0.077560797711752,0.07278532127160306,0.02716121435398554,0.1093338262385952,0.028929451336651976,13.368653000149834,0.07134492847286435,0.077560797711752,0.07278532127160306,0.02716121435398554,0.1093338262385952,0.028929451336651976,13.368653000149834
0.06964442934081187,0.8694161708546383,0.07630093232126248,0.08027915815479197,0.07987376852740123,0.028163657447240767,11.78959575680454,0.06964442934081187,0.8694161708546383,0.07630093232126248,0.08027915815479197,0.07987376852740123,0.028163657447240767,11.78959575680454
0.00018255572844440987,0.07126228021358678,0.07090950629402906,0.004503660659913611,0.07157912822619811,0.034105496650365365,13.616702781467211,0.00018255572844440987,0.07126228021358678,0.07090950629402906,0.004503660659913611,0.07157912822619811,0.034105496650365365,13.616702781467211
0.07024279425096755,0.06754001897637052,0.05774823385824863,0.06809980307968411,0.0015285919378967353,0.028496878207083666,13.593092717195727,0.07024279425096755,0.06754001897637052,0.05774823385824863,0.06809980307968411,0.0015285919378967353,0.028496878207083666,13.593092717195727
0.02087502193231578,0.06985628673051039,0.0,0.002287388200087781,0.07379391033286048,0.0,13.774799378238951,0.02087502193231578,0.06985628673051039,0.0,0.002287388200087781,0.07379391033286048,0.0,13.774799378238951
0.00006470150490386906,0.06667928209784417,0.07034666168514668,0.8771568969632105,0.11183417251671035,0.08033815909233437,11.840580487533975,0.00006470150490386906,0.06667928209784417,0.07034666168514668,0.8771568969632105,0.11183417251671035,0.08033815909233437,11.840580487533975
0.0,0.0,0.001029867918275855,0.015097162843659917,0.0,0.04059776068049906,13.970055333837516,0.0,0.0,0.001029867918275855,0.015097162843659917,0.0,0.04059776068049906,13.970055333837516
0.0781784844775778,0.06740828422785633,0.06131528325739097,0.07417971853515412,0.07344352334990728,0.049979342003937,13.44242044880717,0.0781784844775778,0.06740828422785633,0.06131528325739097,0.07417971853515412,0.07344352334990728,0.049979342003937,13.44242044880717
0.062479632448109515,0.0002486950912244934,0.07227750251175424,0.08724451080333756,0.0,0.05023743429953173,13.58122827477348,0.062479632448109515,0.0002486950912244934,0.07227750251175424,0.08724451080333756,0.0,0.05023743429953173,13.58122827477348
0.0,0.00005996312664166906,0.0743729469554153,0.07470606427165467,0.056381880658358766,0.06504291164299647,13.78739115067163,0.0,0.00005996312664166906,0.0743729469554153,0.07470606427165467,0.056381880658358766,0.06504291164299647,13.78739115067163
0.061041409422816655,0.07080428348590564,0.06825339376148076,0.07711461006834436,0.00027712443469822545,0.0472092718600904,13.553615484430507,0.061041409422816655,0.07080428348590564,0.06825339376148076,0.07711461006834436,0.00027712443469822545,0.0472092718600904,13.553615484430507
0.08051171726646864,0.003567555029704213,0.05645174702233469,0.06326070043872582,0.07810875756205934,0.07259234979341714,13.583922203510983,0.08051171726646864,0.003567555029704213,0.05645174702233469,0.06326070043872582,0.07810875756205934,0.07259234979341714,13.583922203510983
0.017619936398630603,0.0,0.1103535297278551,0.05856635765179367,0.07286980701128884,0.03599781827290871,13.66932730986601,0.017619936398630603,0.0,0.1103535297278551,0.05856635765179367,0.07286980701128884,0.03599781827290871,13.66932730986601
0.00858585585784712,0.0010117856759312236,0.06086003740210828,0.002830538057072604,0.07247301732776666,0.031173938914629502,13.777966050386544,0.00858585585784712,0.0010117856759312236,0.06086003740210828,0.002830538057072604,0.07247301732776666,0.031173938914629502,13.777966050386544
0.08223650679923813,0.07376641582456783,0.08690044883352638,0.04300683343378743,0.08023184078882001,0.030464041531091397,13.5814660581827,0.08223650679923813,0.07376641582456783,0.08690044883352638,0.04300683343378743,0.08023184078882001,0.030464041531091397,13.5814660581827
0.0,0.001276589323104867,0.0,0.000011926475445789286,0.0,0.028670943015799113,13.97428470937399,0.0,0.001276589323104867,0.0,0.000011926475445789286,0.0,0.028670943015799113,13.97428470937399
0.07422582545917783,0.07125955548832331,0.07090950629402906,0.010906814209713914,0.07107891562692566,0.034110981181860275,13.558769776357423,0.07422582545917783,0.07125955548832331,0.07090950629402906,0.010906814209713914,0.07107891562692566,0.034110981181860275,13.558769776357423
0.06149494559833098,0.0036023348520532565,0.001843698877126862,0.003471733373764647,0.07635463168914533,0.03833043923168747,13.735593207638015,0.06149494559833098,0.0036023348520532565,0.001843698877126862,0.003471733373764647,0.07635463168914533,0.03833043923168747,13.735593207638015
0.0634152553637711,0.07163952752510551,0.004779669341579668,0.07478816180608817,0.07650916716604558,0.05786332858322866,13.590566221222666,0.0634152553637711,0.07163952752510551,0.004779669341579668,0.07478816180608817,0.07650916716604558,0.05786332858322866,13.590566221222666
0.007452626008025825,0.06989419034513773,0.09393897201801957,0.0813652199686829,0.0712069571004473,0.07814879260710657,13.34905665618879,0.007452626008025825,0.06989419034513773,0.09393897201801957,0.0813652199686829,0.0712069571004473,0.07814879260710657,13.34905665618879
0.07210290979970366,0.0,0.08405065197910054,0.0006335670947641408,0.08010775601640452,0.03833043923168747,13.58992183423035,0.07210290979970366,0.0,0.08405065197910054,0.0006335670947641408,0.08010775601640452,0.03833043923168747,13.58992183423035
0.0,0.0,0.0,0.015303672270989471,0.00398261588849007,0.04706659234578861,13.93898267466843,0.0,0.0,0.0,0.015303672270989471,0.00398261588849007,0.04706659234578861,13.93898267466843
0.007851617381530548,0.07078311997900838,0.06965530663769379,0.08200154548838857,0.09751249772700898,0.07814879260710657,13.382764760679857,0.007851617381530548,0.07078311997900838,0.06965530663769379,0.08200154548838857,0.09751249772700898,0.07814879260710657,13.382764760679857
0.07401031072651662,0.0,0.0016405147604045545,0.07558233542640647,0.06450433469605119,0.033552735421615736,13.736073482237115,0.07401031072651662,0.0,0.0016405147604045545,0.07558233542640647,0.06450433469605119,0.033552735421615736,13.736073482237115
0.07657518227127058,0.00024203398925786725,0.0770553018816528,0.024239437108596468,0.07813627369761794,0.03342024892051856,13.581488436274181,0.07657518227127058,0.00024203398925786725,0.0770553018816528,0.024239437108596468,0.07813627369761794,0.03342024892051856,13.581488436274181
0.06884673275621017,0.08180643871050193,0.000519017672103205,0.07853859687920701,0.00021338487349132447,0.027380696606872756,13.627174823119175,0.06884673275621017,0.08180643871050193,0.000519017672103205,0.07853859687920701,0.00021338487349132447,0.027380696606872756,13.627174823119175
0.0781507118521536,0.08172902298138124,0.07402795188598749,0.0749759930446952,0.014110307065831666,0.028688266746018015,13.520875353234294,0.0781507118521536,0.08172902298138124,0.07402795188598749,0.0749759930446952,0.014110307065831666,0.028688266746018015,13.520875353234294
0.09629023858244357,0.06731287911820483,0.00033569485562345847,0.8693419641893882,0.9091393111496061,0.07130895127587371,10.520234718419127,0.09629023858244357,0.06731287911820483,0.00033569485562345847,0.8693419641893882,0.9091393111496061,0.07130895127587371,10.520234718419127
0.0006732128821569788,0.08554065421557354,0.0722817836102816,0.0,0.07158229527403918,0.03401847426657967,13.703684399942263,0.0006732128821569788,0.08554065421557354,0.0722817836102816,0.0,0.07158229527403918,0.03401847426657967,13.703684399942263
0.07483631908932556,0.07131404085394566,0.0701349692046069,0.08368897523987184,0.011792535393928001,0.028026331877147266,13.494266413085114,0.07483631908932556,0.07131404085394566,0.0701349692046069,0.08368897523987184,0.011792535393928001,0.028026331877147266,13.494266413085114
0.07803238158562317,0.07149896034018581,0.0,0.0,0.0716916666766451,0.07081145793025866,13.589591369323404,0.07803238158562317,0.07149896034018581,0.0,0.0,0.0716916666766451,0.07081145793025866,13.589591369323404
0.039035903338517045,0.06962971262205733,0.07494038246613026,0.07621178662747657,0.07692271304159073,0.030896056528601223,13.460612901201872,0.039035903338517045,0.06962971262205733,0.07494038246613026,0.07621178662747657,0.07692271304159073,0.030896056528601223,13.460612901201872
0.08642576976054789,0.0023425982615533636,0.07574186311931473,0.08025434826692768,0.029160910204357675,0.27773599327803006,13.19186793796031,0.08642576976054789,0.0023425982615533636,0.07574186311931473,0.08025434826692768,0.029160910204357675,0.27773599327803006,13.19186793796031
0.0811232985410341,0.10174443955775411,0.8346130161417742,0.8829877414133076,0.013666651763305861,0.03302716012294984,10.32033458617561,0.0811232985410341,0.10174443955775411,0.8346130161417742,0.8829877414133076,0.013666651763305861,0.03302716012294984,10.32033458617561
0.0,0.0712543010516582,0.06837378350062132,0.0,0.053452854997729254,0.0362072722735327,13.711313293493404,0.0,0.0712543010516582,0.06837378350062132,0.0,0.053452854997729254,0.0362072722735327,13.711313293493404
0.013053916655249275,0.05946916399653274,0.059095908214595545,0.08320969484449284,0.03868596889521275,0.06698883565557598,13.734443545188102,0.013053916655249275,0.05946916399653274,0.059095908214595545,0.08320969484449284,0.03868596889521275,0.06698883565557598,13.734443545188102
0.00044319505404071327,0.06640722528265988,0.06038633375604889,0.07548565433267104,0.002638631551400983,0.031282633985145185,13.734819711204016,0.00044319505404071327,0.06640722528265988,0.06038633375604889,0.07548565433267104,0.002638631551400983,0.031282633985145185,13.734819711204016
0.00006116131247968856,0.1013162487044545,0.003859749375680309,0.8699496120972432,0.07913468498856661,0.289445515732877,11.713523097100847,0.00006116131247968856,0.1013162487044545,0.003859749375680309,0.8699496120972432,0.07913468498856661,0.289445515732877,11.713523097100847
0.008504752291545271,0.08489891534947044,0.0,0.0163587763554187,0.07728748323635032,0.0382335591030541,13.760000740845241,0.008504752291545271,0.08489891534947044,0.0,0.0163587763554187,0.07728748323635032,0.0382335591030541,13.760000740845241
0.08013138265966448,0.0006269367760342176,0.07072605163328122,0.06451931998249325,0.001013603792350451,0.03830481361190807,13.624808650163365,0.08013138265966448,0.0006269367760342176,0.07072605163328122,0.06451931998249325,0.001013603792350451,0.03830481361190807,13.624808650163365
0.07981256570625295,0.07736474266793805,0.05952697551761466,0.0024611048377982947,0.07778073012979694,0.07263489660638696,13.527008775102502,0.07981256570625295,0.07736474266793805,0.05952697551761466,0.0024611048377982947,0.07778073012979694,0.07263489660638696,13.527008775102502
0.06236997011046705,0.07080428348590564,0.06856708340846561,0.07711461006834436,0.0750359211942052,0.030078063050321877,13.436725832270387,0.06236997011046705,0.07080428348590564,0.06856708340846561,0.07711461006834436,0.0750359211942052,0.030078063050321877,13.436725832270387
0.06230518303442453,0.07120414703949471,0.0,0.01628507364957995,0.07068155073822427,0.024044822050491087,13.78969288534977,0.06230518303442453,0.07120414703949471,0.0,0.01628507364957995,0.07068155073822427,0.024044822050491087,13.78969288534977
0.0301551648017796,0.003394280675116261,0.0005393225701305071,0.03594452165152007,0.00023227228844883985,0.03299943720819971,13.882013097752242,0.0301551648017796,0.003394280675116261,0.0005393225701305071,0.03594452165152007,0.00023227228844883985,0.03299943720819971,13.882013097752242
0.07036171470331261,0.00023836538255206374,0.06094154122301926,0.0840759867558747,0.05560736939156974,0.07329194270846048,13.458019366195577,0.07036171470331261,0.00023836538255206374,0.06094154122301926,0.0840759867558747,0.05560736939156974,0.07329194270846048,13.458019366195577
0.08151109323586253,0.055273712592460375,0.0863517367370347,0.01581584092883237,0.07986625689911975,0.07918521188315841,13.386926645800036,0.08151109323586253,0.055273712592460375,0.0863517367370347,0.01581584092883237,0.07986625689911975,0.07918521188315841,13.386926645800036
0.0781784844775778,0.06740828422785633,0.06131528325739097,0.07697851433533173,0.07527559073740159,0.049979342003937,13.396974396230517,0.0781784844775778,0.06740828422785633,0.06131528325739097,0.07697851433533173,0.07527559073740159,0.049979342003937,13.396974396230517
0.08610625823623085,0.0031768111047968117,0.07124539015312256,0.0163587763554187,0.07992514306302981,0.07758736471036265,13.5582501730801,0.08610625823623085,0.0031768111047968117,0.07124539015312256,0.0163587763554187,0.07992514306302981,0.07758736471036265,13.5582501730801
0.012942992993108325,0.082576139124686,0.007087012932140438,0.05163567167861974,0.002196586345414926,0.07331740742562731,13.704323621409143,0.012942992993108325,0.082576139124686,0.007087012932140438,0.05163567167861974,0.002196586345414926,0.07331740742562731,13.704323621409143
0.05417515482318243,0.06697532893865851,0.0,0.0006278715215439629,0.07342154766423095,0.07690943116112534,13.6807975197669,0.05417515482318243,0.06697532893865851,0.0,0.0006278715215439629,0.07342154766423095,0.07690943116112534,13.6807975197669
0.0016289009705888792,0.002640078157786397,0.01215787864772793,0.016832826617998543,0.0653352281475829,0.0288362618648415,13.925310749701877,0.0016289009705888792,0.002640078157786397,0.01215787864772793,0.016832826617998543,0.0653352281475829,0.0288362618648415,13.925310749701877
0.0,0.05551610729688336,0.07522845077946869,0.08027716954818834,0.07987376852740123,0.03619335716130447,13.544243280945869,0.0,0.05551610729688336,0.07522845077946869,0.08027716954818834,0.07987376852740123,0.03619335716130447,13.544243280945869
0.07634661963730918,0.0,0.07712648582016104,0.07920167267465378,0.07221007556910167,0.05054359458771206,13.520865321728953,0.07634661963730918,0.0,0.07712648582016104,0.07920167267465378,0.07221007556910167,0.05054359458771206,13.520865321728953
0.09629023858244357,0.1043238442209258,0.1623254483830905,0.002345673361888602,0.8554921733965767,0.0032677040851566332,11.61611797609273,0.09629023858244357,0.1043238442209258,0.1623254483830905,0.002345673361888602,0.8554921733965767,0.0032677040851566332,11.61611797609273
0.07734333545266851,0.0557030276461014,0.07580464459594465,0.07706110945925676,0.07717077381781401,0.029137410634105132,13.430479788019563,0.07734333545266851,0.0557030276461014,0.07580464459594465,0.07706110945925676,0.07717077381781401,0.029137410634105132,13.430479788019563
0.00427626883960304,0.07027699372845482,0.06246025298510133,0.07842831309938458,0.023548873456865786,0.02767888070536412,13.69066191128847,0.00427626883960304,0.07027699372845482,0.06246025298510133,0.07842831309938458,0.023548873456865786,0.02767888070536412,13.69066191128847
0.018814139013216977,0.0669083746326215,0.06843529893789485,0.09358565308081687,0.08020266106017503,0.0733115910718733,13.345459011069867,0.018814139013216977,0.0669083746326215,0.06843529893789485,0.09358565308081687,0.08020266106017503,0.0733115910718733,13.345459011069867
0.043434202657237006,0.08133028048968866,0.07295683054744233,0.024723913285094018,0.08059108751981825,0.032666979354342096,13.527856891321404,0.043434202657237006,0.08133028048968866,0.07295683054744233,0.024723913285094018,0.08059108751981825,0.032666979354342096,13.527856891321404
0.08051171726646864,0.003432506978373385,0.05953356540729127,0.06315686377083787,0.07810875756205934,0.07259234979341714,13.469257325665582,0.08051171726646864,0.003432506978373385,0.05953356540729127,0.06315686377083787,0.07810875756205934,0.07259234979341714,13.469257325665582
0.0006194514063153286,0.08180256342165206,0.006747885590119462,0.07853054071799763,0.00031963179159713584,0.033949953131162516,13.722621916147776,0.0006194514063153286,0.08180256342165206,0.006747885590119462,0.07853054071799763,0.00031963179159713584,0.033949953131162516,13.722621916147776
0.08712276711596262,0.0011400781463287227,0.06053533309379883,0.07008062320857736,0.0797166905671299,0.024395628333307898,13.633042109052868,0.08712276711596262,0.0011400781463287227,0.06053533309379883,0.07008062320857736,0.0797166905671299,0.024395628333307898,13.633042109052868
0.05241208622567849,0.06688239354657674,0.08068342232065775,0.08255102245930424,0.08202950507667035,0.02904886051808194,13.383767445888777,0.05241208622567849,0.06688239354657674,0.08068342232065775,0.08255102245930424,0.08202950507667035,0.02904886051808194,13.383767445888777
0.0,0.07586766745725804,0.004158142385743302,0.06385041079887638,0.07229269716265992,0.289445515732877,13.380643761145397,0.0,0.07586766745725804,0.004158142385743302,0.06385041079887638,0.07229269716265992,0.289445515732877,13.380643761145397
0.0,0.07918051879742541,0.07541217412748326,0.0,0.021102496916842083,0.035972871437198614,13.915022553056076,0.0,0.07918051879742541,0.07541217412748326,0.0,0.021102496916842083,0.035972871437198614,13.915022553056076
0.0006910985420917788,0.0029899674573909685,0.06043727554091484,0.0,0.07660113879168255,0.033424157773470936,13.958720549017006,0.0006910985420917788,0.0029899674573909685,0.06043727554091484,0.0,0.07660113879168255,0.033424157773470936,13.958720549017006
0.0,0.0,0.0584269925606491,0.0023939163148358512,0.07129555791642944,0.07361642305205214,13.84978537052098,0.0,0.0,0.0584269925606491,0.0023939163148358512,0.07129555791642944,0.07361642305205214,13.84978537052098
0.005519964471383559,0.0005493413953169288,0.07753756161807401,0.07124213630218648,0.05588451034360951,0.03130709503618287,13.71720887309296,0.005519964471383559,0.0005493413953169288,0.07753756161807401,0.07124213630218648,0.05588451034360951,0.03130709503618287,13.71720887309296
0.07016353926818422,0.07352746633415333,0.05790244151264605,0.08554793851106424,0.054345701574577035,0.028677612727007758,13.534569636275561,0.07016353926818422,0.07352746633415333,0.05790244151264605,0.08554793851106424,0.054345701574577035,0.028677612727007758,13.534569636275561
0.01671034416018381,0.06179317345926327,0.060814867569030054,0.00687216437296544,0.06638443597612029,0.028994383384435825,13.87657645024065,0.01671034416018381,0.06179317345926327,0.060814867569030054,0.00687216437296544,0.06638443597612029,0.028994383384435825,13.87657645024065
0.054175154823182435,0.06697532893865854,0.08455891284087186,0.0062246728222885555,0.07989719791694178,0.03754823144207839,13.489852242081259,0.054175154823182435,0.06697532893865854,0.08455891284087186,0.0062246728222885555,0.07989719791694178,0.03754823144207839,13.489852242081259
0.01316331702557335,0.06723858699670207,0.06064558646607733,0.07835895973860439,0.0005286912545207634,0.07351286952526997,13.758845320004834,0.01316331702557335,0.06723858699670207,0.06064558646607733,0.07835895973860439,0.0005286912545207634,0.07351286952526997,13.758845320004834
0.0009061977038834126,0.07362811800800881,0.08049769874147072,0.08255102245930424,0.0,0.02907485133755574,13.597417276429638,0.0009061977038834126,0.07362811800800881,0.08049769874147072,0.08255102245930424,0.0,0.02907485133755574,13.597417276429638
0.08388235817196113,0.07219768208043495,0.004456999072571924,0.081916518409163,0.0019073040359088786,0.059684987978176895,13.623212232191742,0.08388235817196113,0.07219768208043495,0.004456999072571924,0.081916518409163,0.0019073040359088786,0.059684987978176895,13.623212232191742
0.8203260305922373,0.0,0.09491880252844538,0.11991229586182679,0.00042455646511707634,0.0027868374882621186,12.051753544723168,0.8203260305922373,0.0,0.09491880252844538,0.11991229586182679,0.00042455646511707634,0.0027868374882621186,12.051753544723168
0.08230726746695785,0.07248032501655395,0.002483766185395142,0.07504173650512021,0.07170938502711562,0.027164408088495483,13.497573869928026,0.08230726746695785,0.07248032501655395,0.002483766185395142,0.07504173650512021,0.07170938502711562,0.027164408088495483,13.497573869928026
0.013281433702113586,0.0022541692181044792,0.0,0.07799252127458836,0.08696757920957163,0.02338696849189611,13.79837033474137,0.013281433702113586,0.0022541692181044792,0.0,0.07799252127458836,0.08696757920957163,0.02338696849189611,13.79837033474137
0.0,0.0005243276092431887,0.06981712055092737,0.08098563699542702,0.06715068950250314,0.04692035434139405,13.57991737617152,0.0,0.0005243276092431887,0.06981712055092737,0.08098563699542702,0.06715068950250314,0.04692035434139405,13.57991737617152
0.09664665501305947,0.1073872618619689,0.07233179324053385,0.0,0.11145207759461409,0.050158427474886816,13.336155423677823,0.09664665501305947,0.1073872618619689,0.07233179324053385,0.0,0.11145207759461409,0.050158427474886816,13.336155423677823
0.0004825885353231321,0.07974781835493368,0.0,0.02338836262541727,0.010576574152112335,0.024607195936325238,13.935869570848077,0.0004825885353231321,0.07974781835493368,0.0,0.02338836262541727,0.010576574152112335,0.024607195936325238,13.935869570848077
0.07422384203908375,0.07124173612613222,0.0038685522990314566,0.0026182715342985274,0.0764416389728192,0.05808049745768962,13.55261855198819,0.07422384203908375,0.07124173612613222,0.0038685522990314566,0.0026182715342985274,0.0764416389728192,0.05808049745768962,13.55261855198819
0.025472941732237873,0.0,0.05770036545854175,0.024228951711191635,0.06521230307917504,0.03352044876479961,13.802402995569983,0.025472941732237873,0.0,0.05770036545854175,0.024228951711191635,0.06521230307917504,0.03352044876479961,13.802402995569983
0.050086676291011996,0.07723437380206256,0.0740279518859875,0.07713842798462514,0.014110307065831669,0.02869201909953691,13.523459232065749,0.050086676291011996,0.07723437380206256,0.0740279518859875,0.07713842798462514,0.014110307065831669,0.02869201909953691,13.523459232065749
0.06992997470914478,0.008301428980148823,0.07148528168147797,0.006814991364717915,0.00325583499380272,0.02868740770376345,13.849387208886508,0.06992997470914478,0.008301428980148823,0.07148528168147797,0.006814991364717915,0.00325583499380272,0.02868740770376345,13.849387208886508
0.0,0.004399392889555707,0.12325260713497466,0.08098563699542702,0.0670311406954959,0.04706971098896888,13.568612642472422,0.0,0.004399392889555707,0.12325260713497466,0.08098563699542702,0.0670311406954959,0.04706971098896888,13.568612642472422
0.0,0.07742930951107317,0.08652052993745432,0.0748867849636861,0.07665269886517324,0.06518448671640575,13.496223981045338,0.0,0.07742930951107317,0.08652052993745432,0.0748867849636861,0.07665269886517324,0.06518448671640575,13.496223981045338
0.06998880183891344,0.007316842097977783,0.007617589464379411,0.0750209850915847,0.0720562868214489,0.028942034956105925,13.695864513348951,0.06998880183891344,0.007316842097977783,0.007617589464379411,0.0750209850915847,0.0720562868214489,0.028942034956105925,13.695864513348951
0.059075158258663794,0.0030292410356167476,0.025819783443485025,0.0007160971733439978,0.06447791630292865,0.03616881695636541,13.919041413212351,0.059075158258663794,0.0030292410356167476,0.025819783443485025,0.0007160971733439978,0.06447791630292865,0.03616881695636541,13.919041413212351
0.06841367692947782,0.07158423880700711,0.001260983751146541,0.07508569493389625,0.0018048318079327136,0.029147860199201743,13.835836163910425,0.06841367692947782,0.07158423880700711,0.001260983751146541,0.07508569493389625,0.0018048318079327136,0.029147860199201743,13.835836163910425
0.00006470150490386906,0.1013162487044545,0.003924274417379102,0.8699496120972432,0.11102026647696712,0.289445515732877,11.640633635562498,0.00006470150490386906,0.1013162487044545,0.003924274417379102,0.8699496120972432,0.11102026647696712,0.289445515732877,11.640633635562498
0.06360878107465631,0.0009805520699649982,0.05847023579224753,0.06382797574978785,0.07900751623149362,0.028592043026687334,13.644610496462056,0.06360878107465631,0.0009805520699649982,0.05847023579224753,0.06382797574978785,0.07900751623149362,0.028592043026687334,13.644610496462056
0.07594731082712791,0.07120536793704134,0.08237264963011715,0.003309667298215871,0.0765483065846205,0.03610616730695927,13.59559765385204,0.07594731082712791,0.07120536793704134,0.08237264963011715,0.003309667298215871,0.0765483065846205,0.03610616730695927,13.59559765385204
0.0817911594798606,0.8508127260507441,0.06840658630442908,0.002853320297793782,0.05766705878847767,0.04315117749949479,12.253783903441299,0.0817911594798606,0.8508127260507441,0.06840658630442908,0.002853320297793782,0.05766705878847767,0.04315117749949479,12.253783903441299
0.0,0.10168320452633536,0.09398033522775298,0.8699496120972432,0.11102026647696712,0.0006975073941344889,11.83733511937722,0.0,0.10168320452633536,0.09398033522775298,0.8699496120972432,0.11102026647696712,0.0006975073941344889,11.83733511937722
