f_1,f_2,f_3,f_4,f_5,f_6,f_7,f_1_min,f_2_min,f_3_min,f_4_min,f_5_min,f_6_min,f_7_min
0.07957936625140061,0.03835855228116609,0.038283784168489224,0.026310422878781874,0.11994584980104701,0.03531698798041292,0.16220982392904418,0.07957936625140061,0.03835855228116609,0.038283784168489224,0.026310422878781874,0.11994584980104701,0.03531698798041292,0.16220982392904418
0.049626322852721325,0.050005015746831555,0.049737167364745614,0.03646327978294929,0.13246207236140423,0.09004496708842533,0.09166511645117488,0.049626322852721325,0.050005015746831555,0.049737167364745614,0.03646327978294929,0.13246207236140423,0.09004496708842533,0.09166511645117488
0.038491399018104444,0.0384019302897339,0.12100429954787366,0.024809645843916518,0.12046027514968931,0.036347260838084094,0.12048750547177368,0.038491399018104444,0.0384019302897339,0.12100429954787366,0.024809645843916518,0.12046027514968931,0.036347260838084094,0.12048750547177368
0.07041830116235662,0.05059055516337454,0.04996983110150674,0.03756559273014836,0.110851479995955,0.06887720895797148,0.1117314186741112,0.07041830116235662,0.05059055516337454,0.04996983110150674,0.03756559273014836,0.110851479995955,0.06887720895797148,0.1117314186741112
0.07041693916405009,0.05045786964932655,0.07068448766445726,0.03719241272346392,0.13204325607949718,0.047977190811470304,0.09123077397214804,0.07041693916405009,0.05045786964932655,0.07068448766445726,0.03719241272346392,0.13204325607949718,0.047977190811470304,0.09123077397214804
0.09153519071442505,0.07101510789302554,0.0714749083355354,0.03685901677954127,0.09011758178859192,0.047889723711778506,0.09113070605139073,0.09153519071442505,0.07101510789302554,0.0714749083355354,0.03685901677954127,0.09011758178859192,0.047889723711778506,0.09113070605139073
0.037689714195529536,0.08001789237024347,0.07965306376185335,0.06700399048009731,0.07877310702037783,0.03594784972955465,0.12091621443641144,0.037689714195529536,0.08001789237024347,0.07965306376185335,0.06700399048009731,0.07877310702037783,0.03594784972955465,0.12091621443641144
0.049788660082938516,0.07094306422548455,0.0500012706554987,0.03731030603654738,0.09053492304387166,0.06900619526747244,0.1324156394506928,0.049788660082938516,0.07094306422548455,0.0500012706554987,0.03731030603654738,0.09053492304387166,0.06900619526747244,0.1324156394506928
0.037770101513584266,0.07999378795548807,0.03790205718469395,0.10877162849530708,0.07842388195125681,0.07780299749832878,0.07933777622913021,0.037770101513584266,0.07999378795548807,0.03790205718469395,0.10877162849530708,0.07842388195125681,0.07780299749832878,0.07933777622913021
0.04955457853226731,0.050388392631924524,0.049860735104593025,0.058126682215282194,0.09049396529525182,0.0686514139370501,0.13292460246969065,0.04955457853226731,0.050388392631924524,0.049860735104593025,0.058126682215282194,0.09049396529525182,0.0686514139370501,0.13292460246969065
0.07038750932308134,0.05037025901159501,0.07074835966911278,0.03722438591925076,0.11120978034680949,0.04808010622174053,0.11198223408381236,0.07038750932308134,0.05037025901159501,0.07074835966911278,0.03722438591925076,0.11120978034680949,0.04808010622174053,0.11198223408381236
0.07043925681631484,0.07095566456362301,0.04986382340811243,0.037123797605367666,0.09031472898261593,0.08993911272619712,0.09136367155826743,0.07043925681631484,0.07095566456362301,0.04986382340811243,0.037123797605367666,0.09031472898261593,0.08993911272619712,0.09136367155826743
0.12143122504771434,0.08025556981731523,0.03795787766475871,0.06700866079689775,0.07797779878098392,0.036235548320631895,0.07913978488904626,0.12143122504771434,0.08025556981731523,0.03795787766475871,0.06700866079689775,0.07797779878098392,0.036235548320631895,0.07913978488904626
0.07948810237137617,0.0801952763223247,0.0377160115665282,0.02544452010600452,0.16167720469137314,0.03608943127662909,0.07941241709820863,0.07948810237137617,0.0801952763223247,0.0377160115665282,0.02544452010600452,0.16167720469137314,0.03608943127662909,0.07941241709820863
0.038556934974362175,0.08025763427694783,0.037963694292513395,0.025252855498031915,0.16172809973251373,0.03536429014031901,0.12091805286803844,0.038556934974362175,0.08025763427694783,0.037963694292513395,0.025252855498031915,0.16172809973251373,0.03536429014031901,0.12091805286803844
0.07029597499200882,0.05043159538242321,0.07092538899341204,0.03720753397638782,0.090473414392318,0.06869504433639502,0.11197347504933605,0.07029597499200882,0.05043159538242321,0.07092538899341204,0.03720753397638782,0.090473414392318,0.06869504433639502,0.11197347504933605
0.12136702461065448,0.03852105179861958,0.07984306609110525,0.024494070521571817,0.11987825124478836,0.03653038605110321,0.07937031811508949,0.12136702461065448,0.03852105179861958,0.07984306609110525,0.024494070521571817,0.11987825124478836,0.03653038605110321,0.07937031811508949
0.1625381399821231,0.0379744824419944,0.038083607855693695,0.025099050633527322,0.07943556212587241,0.03596552406074688,0.12090592426123181,0.1625381399821231,0.0379744824419944,0.038083607855693695,0.025099050633527322,0.07943556212587241,0.03596552406074688,0.12090592426123181
0.07045582807311956,0.07076639537389925,0.05000306086809818,0.057963956793968326,0.11155916526741087,0.047806770591990226,0.09145813698545294,0.07045582807311956,0.07076639537389925,0.05000306086809818,0.057963956793968326,0.11155916526741087,0.047806770591990226,0.09145813698545294
0.09138324741777983,0.05025370379156572,0.050043064657298235,0.03729647542395599,0.0901475413599511,0.04795761431886319,0.1329220932065771,0.09138324741777983,0.05025370379156572,0.050043064657298235,0.03729647542395599,0.0901475413599511,0.04795761431886319,0.1329220932065771
0.04954113860867154,0.05020526577286058,0.049771534676558926,0.12067952055216564,0.0904722614389965,0.04814438197344425,0.09119461522964484,0.04954113860867154,0.05020526577286058,0.049771534676558926,0.12067952055216564,0.0904722614389965,0.04814438197344425,0.09119461522964484
0.12134165006959909,0.037719137736850136,0.03835735394238044,0.025930006768571632,0.12027793866296806,0.0359316878500842,0.12044272678386987,0.12134165006959909,0.037719137736850136,0.03835735394238044,0.025930006768571632,0.12027793866296806,0.0359316878500842,0.12044272678386987
0.037445822674273356,0.0800190038436448,0.07973367604560207,0.025203863780195918,0.12010890095869768,0.07810332272213823,0.07940491275030967,0.037445822674273356,0.0800190038436448,0.07973367604560207,0.025203863780195918,0.12010890095869768,0.07810332272213823,0.07940491275030967
0.09138741806692875,0.049800314164413675,0.09196781747661885,0.03732055405473734,0.09049830581564501,0.04800836556463606,0.09102060251361918,0.09138741806692875,0.049800314164413675,0.09196781747661885,0.03732055405473734,0.09049830581564501,0.04800836556463606,0.09102060251361918
0.03747466332511224,0.03798587514866788,0.037999305299847685,0.1505973665704783,0.07852029107471825,0.036290084247086844,0.12114197735921611,0.03747466332511224,0.03798587514866788,0.037999305299847685,0.1505973665704783,0.07852029107471825,0.036290084247086844,0.12114197735921611
0.12093198371295334,0.0796739583748485,0.03800183767096764,0.025695782101944533,0.07861113425019493,0.07775904979784598,0.07933446300879078,0.12093198371295334,0.0796739583748485,0.03800183767096764,0.025695782101944533,0.07861113425019493,0.07775904979784598,0.07933446300879078
0.03784849178269271,0.03846662889605108,0.038230939407115576,0.10828282564772951,0.07834999071209793,0.07799815440803697,0.12082549436511025,0.03784849178269271,0.03846662889605108,0.038230939407115576,0.10828282564772951,0.07834999071209793,0.07799815440803697,0.12082549436511025
0.04963336549532754,0.0501574869284946,0.05006829833764524,0.058205435811140606,0.13197238732294977,0.04801517569731818,0.11195020087343453,0.04963336549532754,0.0501574869284946,0.05006829833764524,0.058205435811140606,0.13197238732294977,0.04801517569731818,0.11195020087343453
0.0501351093337034,0.05013556508602498,0.050114937092890804,0.07900623957426817,0.11110501915122474,0.068449272116997,0.09105454510569028,0.0501351093337034,0.05013556508602498,0.050114937092890804,0.07900623957426817,0.11110501915122474,0.068449272116997,0.09105454510569028
0.09123084240022965,0.05055162025731262,0.049841181655201114,0.037288622309608166,0.13181483240464262,0.04809862390959855,0.0911768330897756,0.09123084240022965,0.05055162025731262,0.049841181655201114,0.037288622309608166,0.13181483240464262,0.04809862390959855,0.0911768330897756
0.049651884558664,0.09165111246380532,0.07063127128638876,0.03764062537721895,0.09039199552074027,0.048277411764315145,0.11176222191572042,0.049651884558664,0.09165111246380532,0.07063127128638876,0.03764062537721895,0.09039199552074027,0.048277411764315145,0.11176222191572042
0.04983706717296198,0.05062401230898837,0.04992990364389173,0.03742647213085563,0.13175427408320056,0.06856614308841881,0.11186369337530301,0.04983706717296198,0.05062401230898837,0.04992990364389173,0.03742647213085563,0.13175427408320056,0.06856614308841881,0.11186369337530301
0.05089741564684988,0.051272728139713904,0.06997013786732809,0.03709954759046507,0.15197354451088688,0.04784879819851968,0.09100395938926041,0.05089741564684988,0.051272728139713904,0.06997013786732809,0.03709954759046507,0.15197354451088688,0.04784879819851968,0.09100395938926041
0.12144715108240409,0.03827898021398855,0.08011081616344005,0.025441998277635162,0.07832761136643694,0.07710539595347292,0.07929245143352762,0.12144715108240409,0.03827898021398855,0.08011081616344005,0.025441998277635162,0.07832761136643694,0.07710539595347292,0.07929245143352762
0.049588583712302375,0.07105044635831892,0.07074712462892338,0.03759668432075512,0.11124027625777035,0.06878586864422148,0.09099143389486705,0.049588583712302375,0.07105044635831892,0.07074712462892338,0.03759668432075512,0.11124027625777035,0.06878586864422148,0.09099143389486705
0.2040544993128565,0.038154151185637544,0.03776559270067553,0.02699920768314375,0.07823740603079257,0.03547863194948643,0.07931318354081737,0.2040544993128565,0.038154151185637544,0.03776559270067553,0.02699920768314375,0.07823740603079257,0.03547863194948643,0.07931318354081737
0.07028201446347741,0.050201685672054595,0.09161674452895732,0.03710540680472359,0.09046624011829728,0.048192074325714374,0.11213865889072173,0.07028201446347741,0.050201685672054595,0.09161674452895732,0.03710540680472359,0.09046624011829728,0.048192074325714374,0.11213865889072173
0.04977079055359946,0.049749973838367295,0.07080160515672387,0.037061568926286696,0.13255674187985886,0.06890933703229851,0.09115258022467985,0.04977079055359946,0.049749973838367295,0.07080160515672387,0.037061568926286696,0.13255674187985886,0.06890933703229851,0.09115258022467985
0.07926241065815473,0.16377203125395634,0.03779151180906347,0.02538705289139371,0.07851336128211117,0.03620170274599703,0.07908293146357347,0.07926241065815473,0.16377203125395634,0.03779151180906347,0.02538705289139371,0.07851336128211117,0.03620170274599703,0.07908293146357347
0.03745236400028369,0.16310777636708296,0.07969007547804009,0.025632442353027984,0.07868217907858954,0.03619966914686598,0.07923573876726603,0.03745236400028369,0.16310777636708296,0.07969007547804009,0.025632442353027984,0.07868217907858954,0.03619966914686598,0.07923573876726603
0.04959527206405192,0.07100359368343281,0.11258427866274642,0.037141496010377896,0.09059901843235077,0.04798719223237671,0.09109032844917794,0.04959527206405192,0.07100359368343281,0.11258427866274642,0.037141496010377896,0.09059901843235077,0.04798719223237671,0.09109032844917794
0.0795776737834248,0.1216742043561204,0.038166856077966334,0.025378755971839813,0.1197561778797009,0.036178041347704366,0.07926941723650294,0.0795776737834248,0.1216742043561204,0.038166856077966334,0.025378755971839813,0.1197561778797009,0.036178041347704366,0.07926941723650294
0.07959464611738698,0.03859531077034536,0.03787178027843527,0.025456310528215346,0.07845725700607917,0.03632271057483537,0.20370571897689885,0.07959464611738698,0.03859531077034536,0.03787178027843527,0.025456310528215346,0.07845725700607917,0.03632271057483537,0.20370571897689885
0.16257923144427874,0.037744368785926415,0.0382479890032493,0.02491753447112355,0.07882255241212928,0.07828579014957698,0.07940334885275467,0.16257923144427874,0.037744368785926415,0.0382479890032493,0.02491753447112355,0.07882255241212928,0.07828579014957698,0.07940334885275467
0.049785579369613586,0.07135424579343007,0.07074751758754665,0.03730152187887348,0.09031998805344348,0.0685031688964424,0.11202019236891482,0.049785579369613586,0.07135424579343007,0.07074751758754665,0.03730152187887348,0.09031998805344348,0.0685031688964424,0.11202019236891482
0.050315056564877364,0.050654000312742475,0.06928682660485734,0.099952602212213,0.09066484348326609,0.047986218750322,0.09114252644164206,0.050315056564877364,0.050654000312742475,0.06928682660485734,0.099952602212213,0.09066484348326609,0.047986218750322,0.09114252644164206
0.03774808828203935,0.038608293254511664,0.038144764731494814,0.025504680327439837,0.11959353300909929,0.11870785539938487,0.1216974963994753,0.03774808828203935,0.038608293254511664,0.038144764731494814,0.025504680327439837,0.11959353300909929,0.11870785539938487,0.1216974963994753
0.07036350995175913,0.05017236114857618,0.049850738411551875,0.07897947932141862,0.09039315099009827,0.06918278091720122,0.09106791776932087,0.07036350995175913,0.05017236114857618,0.049850738411551875,0.07897947932141862,0.09039315099009827,0.06918278091720122,0.09106791776932087
0.12048694599800314,0.03900748607820398,0.12131596372995171,0.026181584245358505,0.07835689779960013,0.035627886158533385,0.07906498515269858,0.12048694599800314,0.03900748607820398,0.12131596372995171,0.026181584245358505,0.07835689779960013,0.035627886158533385,0.07906498515269858
0.049566231217532807,0.05007095713091648,0.09181897584769677,0.037093304719753535,0.09034951940805142,0.048121958740831174,0.13298209290331725,0.049566231217532807,0.05007095713091648,0.09181897584769677,0.037093304719753535,0.09034951940805142,0.048121958740831174,0.13298209290331725
0.07968253139899815,0.03830929193509173,0.037845369119308504,0.06733220099746368,0.07839463793661633,0.1192961437950634,0.07914171107882752,0.07968253139899815,0.03830929193509173,0.037845369119308504,0.06733220099746368,0.07839463793661633,0.1192961437950634,0.07914171107882752
0.04952054861058544,0.0501416082128524,0.07128683006399357,0.05829674892177731,0.11081553645591934,0.048006227334353224,0.11196949360972577,0.04952054861058544,0.0501416082128524,0.07128683006399357,0.05829674892177731,0.11081553645591934,0.048006227334353224,0.11196949360972577
0.03756225156264995,0.08010745450640386,0.07993734272967505,0.025563849437330907,0.0788579759319719,0.03590130781008619,0.16207952233825487,0.03756225156264995,0.08010745450640386,0.07993734272967505,0.025563849437330907,0.0788579759319719,0.03590130781008619,0.16207952233825487
0.11272754261676075,0.05031007669330882,0.04954937615613133,0.037164369107330994,0.09060688104410436,0.06886230210563458,0.09078854817143324,0.11272754261676075,0.05031007669330882,0.04954937615613133,0.037164369107330994,0.09060688104410436,0.06886230210563458,0.09078854817143324
0.037878702448209886,0.16330184083786,0.03836680912362102,0.02538381627136499,0.07835180721707892,0.07755406689734624,0.07916360657116829,0.037878702448209886,0.16330184083786,0.03836680912362102,0.02538381627136499,0.07835180721707892,0.07755406689734624,0.07916360657116829
0.049505128319820325,0.07094741718089181,0.07088613933060048,0.05827336546913349,0.09032205789090093,0.048118957710770655,0.11199734244884237,0.049505128319820325,0.07094741718089181,0.07088613933060048,0.05827336546913349,0.09032205789090093,0.048118957710770655,0.11199734244884237
0.07064108039894787,0.05042029520905212,0.09145739887159944,0.03807886353572987,0.11030841599255618,0.04814929905383613,0.09094626595728608,0.07064108039894787,0.05042029520905212,0.09145739887159944,0.03807886353572987,0.11030841599255618,0.04814929905383613,0.09094626595728608
0.16247983992703458,0.03587491467222759,0.036762199968376,0.07092808018481248,0.07840846683842594,0.03580796163159472,0.07976859830608406,0.16247983992703458,0.03587491467222759,0.036762199968376,0.07092808018481248,0.07840846683842594,0.03580796163159472,0.07976859830608406
0.11224499931076536,0.07106784791141409,0.04979781866045116,0.03750389026896676,0.09033323799643318,0.047992571479487524,0.09105973828482729,0.11224499931076536,0.07106784791141409,0.04979781866045116,0.03750389026896676,0.09033323799643318,0.047992571479487524,0.09105973828482729
0.03796343373398852,0.20480502995217634,0.03775015257130392,0.025410397665943926,0.07838268007110183,0.03643294926055861,0.07928651338392897,0.03796343373398852,0.20480502995217634,0.03775015257130392,0.025410397665943926,0.07838268007110183,0.03643294926055861,0.07928651338392897
0.050034450546263376,0.05020099384924936,0.07078741875509062,0.05792165737727457,0.09038179690452304,0.08966987114463135,0.09100672746037924,0.050034450546263376,0.05020099384924936,0.07078741875509062,0.05792165737727457,0.09038179690452304,0.08966987114463135,0.09100672746037924
0.04966298895158447,0.05025859761901806,0.049997647507172754,0.07882631669939479,0.09031930677433381,0.06905441844646397,0.11188110643602774,0.04966298895158447,0.05025859761901806,0.049997647507172754,0.07882631669939479,0.09031930677433381,0.06905441844646397,0.11188110643602774
0.07928425510564654,0.12179870929588389,0.038019008069915906,0.025368883905353863,0.07849975312491586,0.03553193664250664,0.12149888252389444,0.07928425510564654,0.12179870929588389,0.038019008069915906,0.025368883905353863,0.07849975312491586,0.03553193664250664,0.12149888252389444
0.16287300652314163,0.03866802188562186,0.07955432431311212,0.02538611910978789,0.07801403558812713,0.036342281767175404,0.07916238270708852,0.16287300652314163,0.03866802188562186,0.07955432431311212,0.02538611910978789,0.07801403558812713,0.036342281767175404,0.07916238270708852
0.037831285696138396,0.038547866278486706,0.038224544296137315,0.1079974084070744,0.12040284878113029,0.0361530210989431,0.12084519885966905,0.037831285696138396,0.038547866278486706,0.038224544296137315,0.1079974084070744,0.12040284878113029,0.0361530210989431,0.12084519885966905
0.04950973953784462,0.07120199770138973,0.050002111206353825,0.037221651548055436,0.11138900690858305,0.06887934353682616,0.11181985885694033,0.04950973953784462,0.07120199770138973,0.050002111206353825,0.037221651548055436,0.11138900690858305,0.06887934353682616,0.11181985885694033
0.09116131389937958,0.0710168204684506,0.05026519236355828,0.03711245821916997,0.09082497533020742,0.06879694357802062,0.09082326432217118,0.09116131389937958,0.0710168204684506,0.05026519236355828,0.03711245821916997,0.09082497533020742,0.06879694357802062,0.09082326432217118
0.03815140074831004,0.03896901042782601,0.12078324155972094,0.0669192315235533,0.11947061129675177,0.0362662950962506,0.07944101483037894,0.03815140074831004,0.03896901042782601,0.12078324155972094,0.0669192315235533,0.11947061129675177,0.0362662950962506,0.07944101483037894
0.037178101379660794,0.12118989083351711,0.03785331619875883,0.10948525157984397,0.07834393024496158,0.036542051888605445,0.07941151425956908,0.037178101379660794,0.12118989083351711,0.03785331619875883,0.10948525157984397,0.07834393024496158,0.036542051888605445,0.07941151425956908
0.04952927462682959,0.09168366674442754,0.07113459177181897,0.03708389562758359,0.09053330690635833,0.06891574356141401,0.0911208771048723,0.04952927462682959,0.09168366674442754,0.07113459177181897,0.03708389562758359,0.09053330690635833,0.06891574356141401,0.0911208771048723
0.07064609321734931,0.049947142092005056,0.07103851434762726,0.05798340747636678,0.0904082383611521,0.04787322995665231,0.1121082779282386,0.07064609321734931,0.049947142092005056,0.07103851434762726,0.05798340747636678,0.0904082383611521,0.04787322995665231,0.1121082779282386
0.09209723859890454,0.04998890999689985,0.0495288277628377,0.03749608769861979,0.1114225941305151,0.04792682317375199,0.11155111124094899,0.09209723859890454,0.04998890999689985,0.0495288277628377,0.03749608769861979,0.1114225941305151,0.04792682317375199,0.11155111124094899
0.1206480409952755,0.03763377804153707,0.0381289819465787,0.06716553799491604,0.0794574225087485,0.036120023561614485,0.12085193697196482,0.1206480409952755,0.03763377804153707,0.0381289819465787,0.06716553799491604,0.0794574225087485,0.036120023561614485,0.12085193697196482
0.07953668493187944,0.08026827910125436,0.03772829023712391,0.10869469353866229,0.07871820082876392,0.03583431425101081,0.07925167848757689,0.07953668493187944,0.08026827910125436,0.03772829023712391,0.10869469353866229,0.07871820082876392,0.03583431425101081,0.07925167848757689
0.049456318154950926,0.050024748961775604,0.05022865710745782,0.03703993800320682,0.11168448855891167,0.11032260626783522,0.09126996807867983,0.049456318154950926,0.050024748961775604,0.05022865710745782,0.03703993800320682,0.11168448855891167,0.11032260626783522,0.09126996807867983
0.0497822758340983,0.07090702731864121,0.049981228071866814,0.0578885110026906,0.09036421214555039,0.08971129863149777,0.09137198415562384,0.0497822758340983,0.07090702731864121,0.049981228071866814,0.0578885110026906,0.09036421214555039,0.08971129863149777,0.09137198415562384
0.07923797611314697,0.0800165196605209,0.07983506692073937,0.025320384582812303,0.12018636072832646,0.036248966724632986,0.07915638776711639,0.07923797611314697,0.0800165196605209,0.07983506692073937,0.025320384582812303,0.12018636072832646,0.036248966724632986,0.07915638776711639
0.03846617380617994,0.03866196192207953,0.03819061902754556,0.1085710280874644,0.11911691268358002,0.0776707359347701,0.07932643052559936,0.03846617380617994,0.03866196192207953,0.03819061902754556,0.1085710280874644,0.11911691268358002,0.0776707359347701,0.07932643052559936
0.0792837651015388,0.03826243178283165,0.038191122585911126,0.025352561403924508,0.1617292687380787,0.03668598988076004,0.12049634096333492,0.0792837651015388,0.03826243178283165,0.038191122585911126,0.025352561403924508,0.1617292687380787,0.03668598988076004,0.12049634096333492
0.04951822206734432,0.05025592232692207,0.04987159045091521,0.03713942537863911,0.13202541437817922,0.048107595306022495,0.13308280806137193,0.04951822206734432,0.05025592232692207,0.04987159045091521,0.03713942537863911,0.13202541437817922,0.048107595306022495,0.13308280806137193
0.0494890313733793,0.07110005080953892,0.049642582710418805,0.05781872471948635,0.11129003116050885,0.04833133741111573,0.11233028791302128,0.0494890313733793,0.07110005080953892,0.049642582710418805,0.05781872471948635,0.11129003116050885,0.04833133741111573,0.11233028791302128
0.0704018248054384,0.050193478100778226,0.049915331437843755,0.05821970129607051,0.09060536646711775,0.08965760077861884,0.0910104864064791,0.0704018248054384,0.050193478100778226,0.049915331437843755,0.05821970129607051,0.09060536646711775,0.08965760077861884,0.0910104864064791
0.04971563435194936,0.07116485492496655,0.09190813864396372,0.037875873879675157,0.0899108141609602,0.06858322670646401,0.09085258939085133,0.04971563435194936,0.07116485492496655,0.09190813864396372,0.037875873879675157,0.0899108141609602,0.06858322670646401,0.09085258939085133
0.037741423842994885,0.038357688728534185,0.038438918359048974,0.0670923817424535,0.12004007516296016,0.036592014571074735,0.16174418803717666,0.037741423842994885,0.038357688728534185,0.038438918359048974,0.0670923817424535,0.12004007516296016,0.036592014571074735,0.16174418803717666
0.07957381706826956,0.03849178912003267,0.12121758379361786,0.025383786472392807,0.07849945633023298,0.07750010381650135,0.07934370004554983,0.07957381706826956,0.03849178912003267,0.12121758379361786,0.025383786472392807,0.07849945633023298,0.07750010381650135,0.07934370004554983
0.07910607632559619,0.08040413318427952,0.03777434746185425,0.025455225706065805,0.07865214716576652,0.07762454964089445,0.12098681405813744,0.07910607632559619,0.08040413318427952,0.03777434746185425,0.025455225706065805,0.07865214716576652,0.07762454964089445,0.12098681405813744
0.0701204214672015,0.0708817664052893,0.05019412956271229,0.05839271519812401,0.0904717966521549,0.04804291660462515,0.11194638009641002,0.0701204214672015,0.0708817664052893,0.05019412956271229,0.05839271519812401,0.0904717966521549,0.04804291660462515,0.11194638009641002
0.03748003504521843,0.12141761690164841,0.0799901346919393,0.025451353551621717,0.12017584280971692,0.03607360698638865,0.07941177968709161,0.03748003504521843,0.12141761690164841,0.0799901346919393,0.025451353551621717,0.12017584280971692,0.03607360698638865,0.07941177968709161
0.5000018694156889,0.0,0.0,0.0,0.0,0.0,0.0,0.5000018694156889,0.0,0.0,0.0,0.0,0.0,0.0
0.12096387055505856,0.037898741343034115,0.03794132620764175,0.02537653264239824,0.1623021138493569,0.03607130364963481,0.07946796135646869,0.12096387055505856,0.037898741343034115,0.03794132620764175,0.02537653264239824,0.1623021138493569,0.03607130364963481,0.07946796135646869
0.04936020080052606,0.07112327408074254,0.049961698214196264,0.03721988916281315,0.09054801648969009,0.08970270954911438,0.1120922001433156,0.04936020080052606,0.07112327408074254,0.049961698214196264,0.03721988916281315,0.09054801648969009,0.08970270954911438,0.1120922001433156
0.03789930335378267,0.03844107842083638,0.07981798478930276,0.06694631322699186,0.07840455100933762,0.07776220515284764,0.12074006636417749,0.03789930335378267,0.03844107842083638,0.07981798478930276,0.06694631322699186,0.07840455100933762,0.07776220515284764,0.12074006636417749
0.04967446176374544,0.09162471145633319,0.05010645204896367,0.07913524858415544,0.0902117310528079,0.04814616351987812,0.09110300373715481,0.04967446176374544,0.09162471145633319,0.05010645204896367,0.07913524858415544,0.0902117310528079,0.04814616351987812,0.09110300373715481
0.0497795847670554,0.050556587816133744,0.07049679534293625,0.03714345891332769,0.11105547067395333,0.0481108048472504,0.13286087702635221,0.0497795847670554,0.050556587816133744,0.07049679534293625,0.03714345891332769,0.11105547067395333,0.0481108048472504,0.13286087702635221
0.07935125952645479,0.08018162156986333,0.03844496167172401,0.06732365091628653,0.11938650164703446,0.03600551271381247,0.07933850326287324,0.07935125952645479,0.08018162156986333,0.03844496167172401,0.06732365091628653,0.11938650164703446,0.03600551271381247,0.07933850326287324
0.07025852073945452,0.09198935660054931,0.04954642031268767,0.0585901779706114,0.09010520045881401,0.04826721765410154,0.09124565189641953,0.07025852073945452,0.09198935660054931,0.04954642031268767,0.0585901779706114,0.09010520045881401,0.04826721765410154,0.09124565189641953
0.05002573785801382,0.0708610542303802,0.050205342869738816,0.03613106626980068,0.13232128772180513,0.06903479869873273,0.09142292866941339,0.05002573785801382,0.0708610542303802,0.050205342869738816,0.03613106626980068,0.13232128772180513,0.06903479869873273,0.09142292866941339
0.03767641679196774,0.03845437379151336,0.12097257015530871,0.02558668088879631,0.16136185140374884,0.036552097548284306,0.07939873134373407,0.03767641679196774,0.03845437379151336,0.12097257015530871,0.02558668088879631,0.16136185140374884,0.036552097548284306,0.07939873134373407
0.07913543891384929,0.03842577863742657,0.03847102872751752,0.06650404476295571,0.1618781658562104,0.036255583514061746,0.07933338127970871,0.07913543891384929,0.03842577863742657,0.03847102872751752,0.06650404476295571,0.1618781658562104,0.036255583514061746,0.07933338127970871
0.12130670644843364,0.03839895265093777,0.03782903844672281,0.10868873173512782,0.0782801514358314,0.036099782780455565,0.07944462518804966,0.12130670644843364,0.03839895265093777,0.03782903844672281,0.10868873173512782,0.0782801514358314,0.036099782780455565,0.07944462518804966
0.0496263844985885,0.11262513560604503,0.04995235538267035,0.037450792668854385,0.09049499445495379,0.06886469773719534,0.0909922852486542,0.0496263844985885,0.11262513560604503,0.04995235538267035,0.037450792668854385,0.09049499445495379,0.06886469773719534,0.0909922852486542
0.04979725515151908,0.050507606034361024,0.0914724990999277,0.03688864722614912,0.13249191911638095,0.04796459728611701,0.09090899285296321,0.04979725515151908,0.050507606034361024,0.0914724990999277,0.03688864722614912,0.13249191911638095,0.04796459728611701,0.09090899285296321
0.04963995310771651,0.09162033350825421,0.09175172200816274,0.03691507997277004,0.09035956727449336,0.04843368246290454,0.09130296601246203,0.04963995310771651,0.09162033350825421,0.09175172200816274,0.03691507997277004,0.09035956727449336,0.04843368246290454,0.09130296601246203
0.038253461648855756,0.03856429590237044,0.038213977655969913,0.06675457765567192,0.11989181189497053,0.07781160565323914,0.12052331508187483,0.038253461648855756,0.03856429590237044,0.038213977655969913,0.06675457765567192,0.11989181189497053,0.07781160565323914,0.12052331508187483
0.03832676747633646,0.12137427986983976,0.03798997329119754,0.06710502043062057,0.12041741095603643,0.03556301528965228,0.07923025069513283,0.03832676747633646,0.12137427986983976,0.03798997329119754,0.06710502043062057,0.12041741095603643,0.03556301528965228,0.07923025069513283
0.04952452624946448,0.050102598040169505,0.09161490818661884,0.07882401421708625,0.09051030481846079,0.04807322544071304,0.09136193127297076,0.04952452624946448,0.050102598040169505,0.09161490818661884,0.07882401421708625,0.09051030481846079,0.04807322544071304,0.09136193127297076
0.07038898609507362,0.05063282692395864,0.050107239176342,0.07869703131807185,0.09021206655435558,0.04800429458717655,0.1119591890044073,0.07038898609507362,0.05063282692395864,0.050107239176342,0.07869703131807185,0.09021206655435558,0.04800429458717655,0.1119591890044073
0.037197169015740515,0.07991841535653692,0.0375304439431432,0.15069988628714534,0.07910733018660297,0.036248575854609,0.07930095049083279,0.037197169015740515,0.07991841535653692,0.0375304439431432,0.15069988628714534,0.07910733018660297,0.036248575854609,0.07930095049083279
0.049721972989058304,0.050659520183369035,0.0707711465500638,0.037593052498898126,0.0897917354410093,0.11036935268401557,0.09109732252083186,0.049721972989058304,0.050659520183369035,0.0707711465500638,0.037593052498898126,0.0897917354410093,0.11036935268401557,0.09109732252083186
0.03772588085706962,0.03835616097179173,0.2047975776623653,0.025140959237632453,0.07848651969409505,0.0360696984531198,0.07942926021444408,0.03772588085706962,0.03835616097179173,0.2047975776623653,0.025140959237632453,0.07848651969409505,0.0360696984531198,0.07942926021444408
0.04967092573009527,0.05029778250437892,0.049839018890196346,0.037218089544767075,0.11144639343020105,0.08942145601359101,0.11211043342592293,0.04967092573009527,0.05029778250437892,0.049839018890196346,0.037218089544767075,0.11144639343020105,0.08942145601359101,0.11211043342592293
0.03818267524109345,0.03841167258618092,0.12132973153710322,0.1087795540154794,0.07801439509653821,0.03618689921679676,0.07909902834301778,0.03818267524109345,0.03841167258618092,0.12132973153710322,0.1087795540154794,0.07801439509653821,0.03618689921679676,0.07909902834301778
0.07940182495407509,0.03855182021469685,0.0794930711732106,0.025462567905487357,0.07840309991059277,0.11939313623566199,0.0792966433403561,0.07940182495407509,0.03855182021469685,0.0794930711732106,0.025462567905487357,0.07840309991059277,0.11939313623566199,0.0792966433403561
0.049775909120339044,0.07134233153017329,0.049820846205586536,0.07873510471156685,0.09039226670079661,0.06877860427700923,0.09116001549917985,0.049775909120339044,0.07134233153017329,0.049820846205586536,0.07873510471156685,0.09039226670079661,0.06877860427700923,0.09116001549917985
0.04978270772245365,0.05043719022451382,0.07011048644345401,0.037114520801124415,0.09031258675504146,0.04853414474388776,0.15370905622209666,0.04978270772245365,0.05043719022451382,0.07011048644345401,0.037114520801124415,0.09031258675504146,0.04853414474388776,0.15370905622209666
0.07904861470058293,0.038667136898737124,0.07933193782111553,0.025615701049224084,0.07817553414539186,0.03669881936732015,0.16246380263956994,0.07904861470058293,0.038667136898737124,0.07933193782111553,0.025615701049224084,0.07817553414539186,0.03669881936732015,0.16246380263956994
0.0791327391147887,0.03839237220055792,0.03769772151742124,0.025647060088031314,0.2034238157458101,0.03615896803025838,0.07955799189811759,0.0791327391147887,0.03839237220055792,0.03769772151742124,0.025647060088031314,0.2034238157458101,0.03615896803025838,0.07955799189811759
0.12156448692008105,0.03903395578720093,0.07972587555530523,0.024752147664817915,0.07815292755958947,0.03574923385785731,0.1210302063674875,0.12156448692008105,0.03903395578720093,0.07972587555530523,0.024752147664817915,0.07815292755958947,0.03574923385785731,0.1210302063674875
0.07964468224960448,0.03869993805067941,0.03792480493045602,0.02440148908980729,0.07855472460514429,0.07772535866240408,0.16305202654413795,0.07964468224960448,0.03869993805067941,0.03792480493045602,0.02440148908980729,0.07855472460514429,0.07772535866240408,0.16305202654413795
0.09091598254925325,0.07113845866635893,0.05047840433685884,0.03706518767006575,0.11159425458173423,0.047779227436528654,0.0910315615348346,0.09091598254925325,0.07113845866635893,0.05047840433685884,0.03706518767006575,0.11159425458173423,0.047779227436528654,0.0910315615348346
0.049725903831169385,0.05031862255563748,0.07076345850077856,0.037550950953068915,0.09010575016485069,0.06878232323869769,0.1327553382968033,0.049725903831169385,0.05031862255563748,0.07076345850077856,0.037550950953068915,0.09010575016485069,0.06878232323869769,0.1327553382968033
0.03740715269792293,0.07985956400502653,0.12124508947256273,0.025597293320689544,0.07907613261456964,0.03599740349380644,0.12082049443640412,0.03740715269792293,0.07985956400502653,0.12124508947256273,0.025597293320689544,0.07907613261456964,0.03599740349380644,0.12082049443640412
0.04963700265363428,0.05029485825552877,0.07064008226422173,0.03723239680116404,0.09033820013554411,0.08971964472322265,0.11213848287719352,0.04963700265363428,0.05029485825552877,0.07064008226422173,0.03723239680116404,0.09033820013554411,0.08971964472322265,0.11213848287719352
0.03844853306859312,0.03843273673710023,0.03857990362406289,0.02567650383584669,0.07838768858164055,0.07666275251546317,0.20381433932841064,0.03844853306859312,0.03843273673710023,0.03857990362406289,0.02567650383584669,0.07838768858164055,0.07666275251546317,0.20381433932841064
0.049690944548454644,0.07109201248003985,0.09184707981197597,0.03808070703386398,0.11015108188069564,0.048321216560503304,0.09081795495833009,0.049690944548454644,0.07109201248003985,0.09184707981197597,0.03808070703386398,0.11015108188069564,0.048321216560503304,0.09081795495833009
0.0503248226205021,0.13399147065752892,0.048605068735068195,0.03688669497188078,0.09049208523600742,0.04804441208585672,0.09165978103342041,0.0503248226205021,0.13399147065752892,0.048605068735068195,0.03688669497188078,0.09049208523600742,0.04804441208585672,0.09165978103342041
0.07941436082847314,0.038365726362816294,0.12151657434908521,0.025285596291345344,0.11994162156200787,0.03612584737978691,0.07936066778156857,0.07941436082847314,0.038365726362816294,0.12151657434908521,0.025285596291345344,0.11994162156200787,0.03612584737978691,0.07936066778156857
0.12072747067014228,0.0797604115844705,0.03788342236830304,0.025403112157069977,0.07894765965257138,0.03629596147311423,0.12098353343023442,0.12072747067014228,0.0797604115844705,0.03788342236830304,0.025403112157069977,0.07894765965257138,0.03629596147311423,0.12098353343023442
0.03781177330863738,0.03813919813767516,0.07967320024507352,0.025589594730336517,0.1612406927962913,0.03681998301577176,0.12072736967950042,0.03781177330863738,0.03813919813767516,0.07967320024507352,0.025589594730336517,0.1612406927962913,0.03681998301577176,0.12072736967950042
0.07068684223221028,0.07084066736773113,0.07065881891816435,0.05802474090818279,0.09056828011770116,0.04808551813061646,0.09114025882315348,0.07068684223221028,0.07084066736773113,0.07065881891816435,0.05802474090818279,0.09056828011770116,0.04808551813061646,0.09114025882315348
0.09120655448473738,0.07089881787623983,0.050247623261477935,0.037083672338895944,0.09053526071649667,0.04790222285734959,0.11212639352106944,0.09120655448473738,0.07089881787623983,0.050247623261477935,0.037083672338895944,0.09053526071649667,0.04790222285734959,0.11212639352106944
0.13324766645781969,0.05020684964089344,0.05008329005940969,0.03714587539928866,0.09036025708338795,0.04814275140407166,0.09081440211322618,0.13324766645781969,0.05020684964089344,0.05008329005940969,0.03714587539928866,0.09036025708338795,0.04814275140407166,0.09081440211322618
0.0705493201344297,0.05021839791940275,0.050071021542205774,0.05803113017157315,0.09039682026027199,0.06885629425422633,0.11188015943602055,0.0705493201344297,0.05021839791940275,0.050071021542205774,0.05803113017157315,0.09039682026027199,0.06885629425422633,0.11188015943602055
0.04966956463588759,0.07098075115898635,0.07070690536501208,0.03736311359591746,0.09035973999675852,0.08948839563015766,0.0914316898862784,0.04966956463588759,0.07098075115898635,0.07070690536501208,0.03736311359591746,0.09035973999675852,0.08948839563015766,0.0914316898862784
0.037688576279516224,0.08036295590149917,0.03771712729969121,0.0670443427405465,0.07828560640445875,0.11943923322130168,0.07946555435359609,0.037688576279516224,0.08036295590149917,0.03771712729969121,0.0670443427405465,0.07828560640445875,0.11943923322130168,0.07946555435359609
0.049714474719239246,0.05002343135084721,0.04990503052008141,0.07919004639039093,0.13224824074957375,0.0479193312727807,0.09100670658184244,0.049714474719239246,0.05002343135084721,0.04990503052008141,0.07919004639039093,0.13224824074957375,0.0479193312727807,0.09100670658184244
0.04965853119422349,0.09221718658913479,0.0499831097816002,0.03711712400028552,0.09030910587173653,0.0477943806613557,0.13292315228317308,0.04965853119422349,0.09221718658913479,0.0499831097816002,0.03711712400028552,0.09030910587173653,0.0477943806613557,0.13292315228317308
0.049495757248803396,0.07062682504185233,0.09148151036621452,0.058317881385975566,0.0912898985447277,0.047740136320310926,0.0910604070662755,0.049495757248803396,0.07062682504185233,0.09148151036621452,0.058317881385975566,0.0912898985447277,0.047740136320310926,0.0910604070662755
0.0493455325157518,0.07088689404630284,0.09149771895221417,0.038040309382206226,0.09036928963194574,0.04787416329139969,0.1119960296080379,0.0493455325157518,0.07088689404630284,0.09149771895221417,0.038040309382206226,0.09036928963194574,0.04787416329139969,0.1119960296080379
0.11254253430992232,0.049283284910683685,0.07157996496979846,0.037306679036414735,0.09041464235446646,0.04770131647902931,0.09117237718870753,0.11254253430992232,0.049283284910683685,0.07157996496979846,0.037306679036414735,0.09041464235446646,0.04770131647902931,0.09117237718870753
0.07030271007652152,0.05009620841718131,0.0500011615189101,0.03696730973918206,0.1321070105889969,0.04836932569236997,0.11216051465361768,0.07030271007652152,0.05009620841718131,0.0500011615189101,0.03696730973918206,0.1321070105889969,0.04836932569236997,0.11216051465361768
0.049767472039954144,0.05012761980704284,0.05026153454740529,0.0581448868887693,0.13183919456954182,0.06877597525274827,0.09111849950545187,0.049767472039954144,0.05012761980704284,0.05026153454740529,0.0581448868887693,0.13183919456954182,0.06877597525274827,0.09111849950545187
0.049801302341838494,0.0708704040122421,0.050069081471467894,0.037234575767452885,0.1530460394534588,0.04799749145784488,0.09098242560935782,0.049801302341838494,0.0708704040122421,0.050069081471467894,0.037234575767452885,0.1530460394534588,0.04799749145784488,0.09098242560935782
0.03876793978205566,0.039161244639844155,0.07880204990701695,0.025136068094039895,0.11953173845588261,0.07778277421554355,0.12082084340716943,0.03876793978205566,0.039161244639844155,0.07880204990701695,0.025136068094039895,0.11953173845588261,0.07778277421554355,0.12082084340716943
0.037777227076558687,0.12142902331059162,0.03833631662215309,0.025268445577759997,0.07824620601819264,0.119782252718565,0.07916373138418888,0.037777227076558687,0.12142902331059162,0.03833631662215309,0.025268445577759997,0.07824620601819264,0.119782252718565,0.07916373138418888
0.0377627782760224,0.03806451515197853,0.07952046172501334,0.025157870930182354,0.07829943914858768,0.036240114782051094,0.2049580011691261,0.0377627782760224,0.03806451515197853,0.07952046172501334,0.025157870930182354,0.07829943914858768,0.036240114782051094,0.2049580011691261
0.03801100540078445,0.07978279991779484,0.03790759185291485,0.025083384346218356,0.1200453293436652,0.07751026434432072,0.12166177288032179,0.03801100540078445,0.07978279991779484,0.03790759185291485,0.025083384346218356,0.1200453293436652,0.07751026434432072,0.12166177288032179
0.07065488215305706,0.05007511936680776,0.07068230222374834,0.03723491226366613,0.09049798697934365,0.04823619901895617,0.13264457565235677,0.07065488215305706,0.05007511936680776,0.07068230222374834,0.03723491226366613,0.09049798697934365,0.04823619901895617,0.13264457565235677
0.049505863747316865,0.0917630425808754,0.049716392898972485,0.05850475132878735,0.09044757208655703,0.04840985086569327,0.11165896213714753,0.049505863747316865,0.0917630425808754,0.049716392898972485,0.05850475132878735,0.09044757208655703,0.04840985086569327,0.11165896213714753
0.049502749389763574,0.07125372207253416,0.0707817894615115,0.057882122108564506,0.11140944573100323,0.047781836718481456,0.09139312766610899,0.049502749389763574,0.07125372207253416,0.0707817894615115,0.057882122108564506,0.11140944573100323,0.047781836718481456,0.09139312766610899
0.07042703223742089,0.05029587714470575,0.0707620490918398,0.03712051575903573,0.11118142681543888,0.06882354711017669,0.09139121251875566,0.07042703223742089,0.05029587714470575,0.0707620490918398,0.03712051575903573,0.11118142681543888,0.06882354711017669,0.09139121251875566
0.09144223298779665,0.05029397755133497,0.04989482973921906,0.07890121289702014,0.09011757211613966,0.04822389034474791,0.09112816518350822,0.09144223298779665,0.05029397755133497,0.04989482973921906,0.07890121289702014,0.09011757211613966,0.04822389034474791,0.09112816518350822
0.07064338077333253,0.09214133019866963,0.04971035579957995,0.037094333315074876,0.11112297176361255,0.04809788464393684,0.0911937896430411,0.07064338077333253,0.09214133019866963,0.04971035579957995,0.037094333315074876,0.11112297176361255,0.04809788464393684,0.0911937896430411
0.0,0.0,0.0,0.0,0.0,0.0,0.5000000000326406,0.0,0.0,0.0,0.0,0.0,0.0,0.5000000000326406
0.07049180924927152,0.09143064724438064,0.05049582798500545,0.036932914020197175,0.09050797334566003,0.06887663779126045,0.0912749638007676,0.07049180924927152,0.09143064724438064,0.05049582798500545,0.036932914020197175,0.09050797334566003,0.06887663779126045,0.0912749638007676
0.03784609992070772,0.03828332265198127,0.038505632722883154,0.025210904076337196,0.20306388643778334,0.07764922300281543,0.07944584986806583,0.03784609992070772,0.03828332265198127,0.038505632722883154,0.025210904076337196,0.20306388643778334,0.07764922300281543,0.07944584986806583
0.049952217097454926,0.07086308882653625,0.07088640985094163,0.03718579333035735,0.13189523204259535,0.04816603807054317,0.09106221531836342,0.049952217097454926,0.07086308882653625,0.07088640985094163,0.03718579333035735,0.13189523204259535,0.04816603807054317,0.09106221531836342
0.07915150523316525,0.03755076022061162,0.0800678132670904,0.06690820728492285,0.07925509134097554,0.036188825127898616,0.12088667245270651,0.07915150523316525,0.03755076022061162,0.0800678132670904,0.06690820728492285,0.07925509134097554,0.036188825127898616,0.12088667245270651
0.038235924833074614,0.0387763851341558,0.079681945972337,0.025653542559907927,0.16091188787190003,0.0774771167277857,0.07929902908477002,0.038235924833074614,0.0387763851341558,0.079681945972337,0.025653542559907927,0.16091188787190003,0.0774771167277857,0.07929902908477002
0.037893497438955544,0.12204124608569412,0.0378748251309098,0.025773036113365115,0.11923044227794384,0.0362031693479899,0.12098598004821351,0.037893497438955544,0.12204124608569412,0.0378748251309098,0.025773036113365115,0.11923044227794384,0.0362031693479899,0.12098598004821351
0.07907963127782011,0.0801181119021199,0.07957141026076275,0.06716246287243166,0.07845830274287656,0.03617511984205011,0.07943783272470072,0.07907963127782011,0.0801181119021199,0.07957141026076275,0.06716246287243166,0.07845830274287656,0.03617511984205011,0.07943783272470072
0.0379071151741535,0.1213728204213669,0.07984414071579969,0.025240867604397435,0.07824281102970666,0.03642953740356656,0.12096321661250439,0.0379071151741535,0.1213728204213669,0.07984414071579969,0.025240867604397435,0.07824281102970666,0.03642953740356656,0.12096321661250439
0.04934380130489405,0.050174032985989866,0.11283398976616815,0.03727373981127951,0.09045520337884264,0.04796331072308166,0.11195889924066635,0.04934380130489405,0.050174032985989866,0.11283398976616815,0.03727373981127951,0.09045520337884264,0.04796331072308166,0.11195889924066635
0.037924213340923746,0.16328399354230483,0.03814991506517122,0.02526790758342717,0.12028256024331704,0.035935359351159844,0.07915735159718064,0.037924213340923746,0.16328399354230483,0.03814991506517122,0.02526790758342717,0.12028256024331704,0.035935359351159844,0.07915735159718064
0.03768833229103872,0.03855116413633197,0.03800913472782537,0.02454086928759422,0.07869194502885359,0.1615231945978987,0.12102737597032112,0.03768833229103872,0.03855116413633197,0.03800913472782537,0.02454086928759422,0.07869194502885359,0.1615231945978987,0.12102737597032112
0.0706690493818489,0.07094679697922461,0.049922752403816224,0.058086476212250854,0.09031588575938657,0.0688764134291286,0.09118665080896445,0.0706690493818489,0.07094679697922461,0.049922752403816224,0.058086476212250854,0.09031588575938657,0.0688764134291286,0.09118665080896445
0.037801365090373566,0.12121649993645385,0.07944792304795907,0.026640494158427442,0.0777230241263902,0.07792850507727213,0.07924243058916738,0.037801365090373566,0.12121649993645385,0.07944792304795907,0.026640494158427442,0.0777230241263902,0.07792850507727213,0.07924243058916738
0.07050011836299276,0.07120926786912656,0.050068657346897735,0.03709748296943677,0.09037041136217917,0.04783529523148857,0.13292194335765278,0.07050011836299276,0.07120926786912656,0.050068657346897735,0.03709748296943677,0.09037041136217917,0.04783529523148857,0.13292194335765278
0.07025705615502988,0.050279878738634036,0.11245139428964382,0.03710582072113512,0.0904450138938184,0.04792719338015091,0.0915355087021934,0.07025705615502988,0.050279878738634036,0.11245139428964382,0.03710582072113512,0.0904450138938184,0.04792719338015091,0.0915355087021934
0.09083035725510996,0.07075899741189749,0.04934848647001221,0.05873207050196358,0.09127009474738224,0.04800218797044795,0.09106047106737901,0.09083035725510996,0.07075899741189749,0.04934848647001221,0.05873207050196358,0.09127009474738224,0.04800218797044795,0.09106047106737901
0.112324925081446,0.049962617424442586,0.050110927895554574,0.03737420233805797,0.11120453871118768,0.048035420130592414,0.09100995682883896,0.112324925081446,0.049962617424442586,0.050110927895554574,0.03737420233805797,0.11120453871118768,0.048035420130592414,0.09100995682883896
0.12106688565468657,0.038444763297046686,0.037557283788334235,0.025445501292298025,0.0782823866640877,0.07721840246342107,0.1219956162053533,0.12106688565468657,0.038444763297046686,0.037557283788334235,0.025445501292298025,0.0782823866640877,0.07721840246342107,0.1219956162053533
0.04972418291834066,0.050168559021213956,0.09176798426742416,0.058012321207279574,0.11115659645855377,0.048140163577025205,0.09109334695484626,0.04972418291834066,0.050168559021213956,0.09176798426742416,0.058012321207279574,0.11115659645855377,0.048140163577025205,0.09109334695484626
0.12084632688956995,0.1217821978475598,0.03772839226275095,0.02541428541257615,0.0783323620922402,0.03661882521134352,0.07927819050511943,0.12084632688956995,0.1217821978475598,0.03772839226275095,0.02541428541257615,0.0783323620922402,0.03661882521134352,0.07927819050511943
0.03710099447805098,0.0801122159580908,0.07977363384676935,0.024792456138104303,0.162251187631453,0.03621441552696429,0.07976979401761783,0.03710099447805098,0.0801122159580908,0.07977363384676935,0.024792456138104303,0.162251187631453,0.03621441552696429,0.07976979401761783
0.12117084674339235,0.037283632153306226,0.03769356035503122,0.06726744532314413,0.12108193660661122,0.03634310566124887,0.07916407097690212,0.12117084674339235,0.037283632153306226,0.03769356035503122,0.06726744532314413,0.12108193660661122,0.03634310566124887,0.07916407097690212
0.03798598864686271,0.03853007156113525,0.0797175320865735,0.06710945767551739,0.16152699772286427,0.03582197907026832,0.07931571562852852,0.03798598864686271,0.03853007156113525,0.0797175320865735,0.06710945767551739,0.16152699772286427,0.03582197907026832,0.07931571562852852
0.03786158521772891,0.07949643421989896,0.12133431375535085,0.025301450312929283,0.07867929100335633,0.07791687886593399,0.07941244094807468,0.03786158521772891,0.07949643421989896,0.12133431375535085,0.025301450312929283,0.07867929100335633,0.07791687886593399,0.07941244094807468
0.038293420925399106,0.038795733666207886,0.16304168590863075,0.02584359592242144,0.07772909951725396,0.07706289821995657,0.07924226784249343,0.038293420925399106,0.038795733666207886,0.16304168590863075,0.02584359592242144,0.07772909951725396,0.07706289821995657,0.07924226784249343
0.07041286291489872,0.07124707743086749,0.07077217788014326,0.03696755997838166,0.11149892272619143,0.047976727697600995,0.09115467548084716,0.07041286291489872,0.07124707743086749,0.07077217788014326,0.03696755997838166,0.11149892272619143,0.047976727697600995,0.09115467548084716
0.0380500906387834,0.03853469412930305,0.038277502651446825,0.06602745516656948,0.12014419695594482,0.1196098908952099,0.0793597113029769,0.0380500906387834,0.03853469412930305,0.038277502651446825,0.06602745516656948,0.12014419695594482,0.1196098908952099,0.0793597113029769
0.07942312447958849,0.12178674793308822,0.03790089072119603,0.025167019091847348,0.07872291441658173,0.07790383506283288,0.07910022968148363,0.07942312447958849,0.12178674793308822,0.03790089072119603,0.025167019091847348,0.07872291441658173,0.07790383506283288,0.07910022968148363
0.0378104189706561,0.03847234783206296,0.03830922293071347,0.06644023853713805,0.07862527833753845,0.07794309291893967,0.16240319794741953,0.0378104189706561,0.03847234783206296,0.03830922293071347,0.06644023853713805,0.07862527833753845,0.07794309291893967,0.16240319794741953
0.09152399660601486,0.05009819827521495,0.07086226493723428,0.03725858157751799,0.09052764363390944,0.047903594464803474,0.11183201311835789,0.09152399660601486,0.05009819827521495,0.07086226493723428,0.03725858157751799,0.09052764363390944,0.047903594464803474,0.11183201311835789
0.04965453332302285,0.07091143142119444,0.05018175976373694,0.0372853640807156,0.13209226934407262,0.047952335622476874,0.11193031589725969,0.04965453332302285,0.07091143142119444,0.05018175976373694,0.0372853640807156,0.13209226934407262,0.047952335622476874,0.11193031589725969
0.03742627016744004,0.0379621743410421,0.1627554955850679,0.025876276932627586,0.12014404014454065,0.03653610812419263,0.07930122855547408,0.03742627016744004,0.0379621743410421,0.1627554955850679,0.025876276932627586,0.12014404014454065,0.03653610812419263,0.07930122855547408
0.0,0.0,0.0,0.5000000020377477,0.0,0.0,0.0,0.0,0.0,0.0,0.5000000020377477,0.0,0.0,0.0
0.049485287187987476,0.049966382319455285,0.04991927628804845,0.09938514124572183,0.11163207815420878,0.04825828510142856,0.09135793117504606,0.049485287187987476,0.049966382319455285,0.04991927628804845,0.09938514124572183,0.11163207815420878,0.04825828510142856,0.09135793117504606
0.03699966839858585,0.03828675212825697,0.07959586853065999,0.025509710743730554,0.07883235440049281,0.11959054394742728,0.12120104560782789,0.03699966839858585,0.03828675212825697,0.07959586853065999,0.025509710743730554,0.07883235440049281,0.11959054394742728,0.12120104560782789
0.07910853069400195,0.03844006800325719,0.03808307743467005,0.06738525073142625,0.07882067938184074,0.03539561086180892,0.16276702103236979,0.07910853069400195,0.03844006800325719,0.03808307743467005,0.06738525073142625,0.07882067938184074,0.03539561086180892,0.16276702103236979
0.038062007302751194,0.03864436210812298,0.12170295852005596,0.025374463334705367,0.07898774009983665,0.07645922814212847,0.12077266895950958,0.038062007302751194,0.03864436210812298,0.12170295852005596,0.025374463334705367,0.07898774009983665,0.07645922814212847,0.12077266895950958
0.03721700537486005,0.07996452975192961,0.03773248301397219,0.025247429835435514,0.20410645629840052,0.03643590622820652,0.07930631155270051,0.03721700537486005,0.07996452975192961,0.03773248301397219,0.025247429835435514,0.20410645629840052,0.03643590622820652,0.07930631155270051
0.04954108036588134,0.050321617910826205,0.04963354030172709,0.03720476160944925,0.11128734357413836,0.06925196432270592,0.13276118225436837,0.04954108036588134,0.050321617910826205,0.04963354030172709,0.03720476160944925,0.11128734357413836,0.06925196432270592,0.13276118225436837
0.07957915106395694,0.03872002790834199,0.07924455879812926,0.06693848712486337,0.12042002411370639,0.035825557439858956,0.07928606091311295,0.07957915106395694,0.03872002790834199,0.07924455879812926,0.06693848712486337,0.12042002411370639,0.035825557439858956,0.07928606091311295
0.07924049130131182,0.07969285087961914,0.03812669915730914,0.0668914384926728,0.07876512309601418,0.03640243070385279,0.12088404172954212,0.07924049130131182,0.07969285087961914,0.03812669915730914,0.0668914384926728,0.07876512309601418,0.03640243070385279,0.12088404172954212
0.07066008581957235,0.05029566452258371,0.049682078126074676,0.03726378975764824,0.13217161191261634,0.0689254856620698,0.0910020519862912,0.07066008581957235,0.05029566452258371,0.049682078126074676,0.03726378975764824,0.13217161191261634,0.0689254856620698,0.0910020519862912
0.04962086019177242,0.09189489714784513,0.07096841069132959,0.03687440147207038,0.1109731381783157,0.04813805533888399,0.09153507285561595,0.04962086019177242,0.09189489714784513,0.07096841069132959,0.03687440147207038,0.1109731381783157,0.04813805533888399,0.09153507285561595
0.07048570927077355,0.050319224288069474,0.05004577378898787,0.03727614320795331,0.09063741109493438,0.06875404288218678,0.13248680557272216,0.07048570927077355,0.050319224288069474,0.05004577378898787,0.03727614320795331,0.09063741109493438,0.06875404288218678,0.13248680557272216
0.03809137388276479,0.08080116882223497,0.03778388541085977,0.025312354758881023,0.07844747282653265,0.07756892394847463,0.16199708510983205,0.03809137388276479,0.08080116882223497,0.03778388541085977,0.025312354758881023,0.07844747282653265,0.07756892394847463,0.16199708510983205
0.035815960776660674,0.16404941266137654,0.03807695086097981,0.06763125597944417,0.07845028887460154,0.03645509738986995,0.07953026883681712,0.035815960776660674,0.16404941266137654,0.03807695086097981,0.06763125597944417,0.07845028887460154,0.03645509738986995,0.07953026883681712
0.0378155547468969,0.1214935334847778,0.038429568056251966,0.025854468656232664,0.11993096760564068,0.07728040024974679,0.07919688206405394,0.0378155547468969,0.1214935334847778,0.038429568056251966,0.025854468656232664,0.11993096760564068,0.07728040024974679,0.07919688206405394
0.0382738818033841,0.12141022733138909,0.037716184091208936,0.025444636497094855,0.16167794425282112,0.036089596360829444,0.079412780355121,0.0382738818033841,0.12141022733138909,0.037716184091208936,0.025444636497094855,0.16167794425282112,0.036089596360829444,0.079412780355121
0.037743996617440614,0.03826498502991718,0.12110498742941432,0.06722694418626232,0.07830748951538304,0.07797981964409748,0.07937586711836875,0.037743996617440614,0.03826498502991718,0.12110498742941432,0.06722694418626232,0.07830748951538304,0.07797981964409748,0.07937586711836875
0.12095143894212848,0.03820215438360426,0.03800354126849723,0.025251604401292378,0.07851774070801476,0.03646540139188666,0.1626120804022839,0.12095143894212848,0.03820215438360426,0.03800354126849723,0.025251604401292378,0.07851774070801476,0.03646540139188666,0.1626120804022839
0.04988410239104166,0.05043202221255932,0.04958277863368964,0.037071347302184504,0.09077609356454247,0.04793410790387782,0.17432191964018248,0.04988410239104166,0.05043202221255932,0.04958277863368964,0.037071347302184504,0.09077609356454247,0.04793410790387782,0.17432191964018248
0.07917128455541862,0.03925384271570714,0.12103205844270673,0.025519943637062708,0.0785625112657705,0.03507568789961537,0.12139599204842678,0.07917128455541862,0.03925384271570714,0.12103205844270673,0.025519943637062708,0.0785625112657705,0.03507568789961537,0.12139599204842678
0.05002029697793864,0.050249154161090825,0.05014152393217406,0.03773033510452718,0.11044316139049966,0.04815295517736718,0.15326572720799125,0.05002029697793864,0.050249154161090825,0.05014152393217406,0.03773033510452718,0.11044316139049966,0.04815295517736718,0.15326572720799125
0.049820233862646716,0.05041669669688999,0.07091047419869288,0.03735725971180317,0.1109862074689608,0.0896303580590819,0.09088442601900144,0.049820233862646716,0.05041669669688999,0.07091047419869288,0.03735725971180317,0.1109862074689608,0.0896303580590819,0.09088442601900144
0.03816492809349659,0.08023371122828771,0.03750003980583438,0.0668171633701793,0.11998225129095161,0.07790334823452919,0.07940536119484337,0.03816492809349659,0.08023371122828771,0.03750003980583438,0.0668171633701793,0.11998225129095161,0.07790334823452919,0.07940536119484337
0.037541084037457324,0.0382255480450548,0.03790327893701502,0.06756715413148934,0.07803057939077367,0.16168571468250886,0.07904951472873213,0.037541084037457324,0.0382255480450548,0.03790327893701502,0.06756715413148934,0.07803057939077367,0.16168571468250886,0.07904951472873213
0.049663884135733805,0.05023005460222489,0.112451635600142,0.037083553546287916,0.09053560687533997,0.06891574337546623,0.09112087685901092,0.049663884135733805,0.05023005460222489,0.112451635600142,0.037083553546287916,0.09053560687533997,0.06891574337546623,0.09112087685901092
0.04970408702388294,0.1131707846556917,0.050022495316035455,0.05778704909001651,0.09020564725528848,0.047945093619102715,0.09116684290603276,0.04970408702388294,0.1131707846556917,0.050022495316035455,0.05778704909001651,0.09020564725528848,0.047945093619102715,0.09116684290603276
0.0497021619645655,0.05060513313322922,0.07082196463814146,0.07869712675964587,0.09021217596104453,0.04800435280545186,0.1119593247854024,0.0497021619645655,0.05060513313322922,0.07082196463814146,0.07869712675964587,0.09021217596104453,0.04800435280545186,0.1119593247854024
0.03762855623487738,0.03762041995927012,0.08109024481275197,0.026429672827820227,0.07876851663484613,0.07593809902605222,0.16252946783741656,0.03762855623487738,0.03762041995927012,0.08109024481275197,0.026429672827820227,0.07876851663484613,0.07593809902605222,0.16252946783741656
0.03783101314552214,0.03829643907229391,0.07969868863790813,0.06688121760365795,0.07845342387042872,0.11942962532371043,0.07940985832474036,0.03783101314552214,0.03829643907229391,0.07969868863790813,0.06688121760365795,0.07845342387042872,0.11942962532371043,0.07940985832474036
0.04960364596139147,0.07087620080977303,0.07104715818334713,0.0374221846816763,0.11063465206800618,0.04835498632826684,0.11206192595321295,0.04960364596139147,0.07087620080977303,0.07104715818334713,0.0374221846816763,0.11063465206800618,0.04835498632826684,0.11206192595321295
0.03752945795635586,0.12172316262518078,0.07961337795547516,0.06703824753478772,0.07845128345305394,0.0363115196957609,0.0793347968422438,0.03752945795635586,0.12172316262518078,0.07961337795547516,0.06703824753478772,0.07845128345305394,0.0363115196957609,0.0793347968422438
0.0795828472781333,0.08017467738425865,0.037846610439991865,0.025272809907506417,0.07851054823241696,0.11952693833079259,0.07909166835341963,0.0795828472781333,0.08017467738425865,0.037846610439991865,0.025272809907506417,0.07851054823241696,0.11952693833079259,0.07909166835341963
0.07027703245918504,0.05040924955821499,0.04968259670451641,0.05786532902537327,0.11137973557165834,0.04825777214758031,0.11215664134028537,0.07027703245918504,0.05040924955821499,0.04968259670451641,0.05786532902537327,0.11137973557165834,0.04825777214758031,0.11215664134028537
0.0912198623595171,0.04995357075505952,0.04962732463225139,0.03832143472271247,0.09039192445330195,0.08946652921928111,0.09102328082858063,0.0912198623595171,0.04995357075505952,0.04962732463225139,0.03832143472271247,0.09039192445330195,0.08946652921928111,0.09102328082858063
0.03990988991664511,0.1613860744739337,0.03864890000920535,0.025620970115080518,0.07852902537467298,0.03740130287039773,0.11850786030869845,0.03990988991664511,0.1613860744739337,0.03864890000920535,0.025620970115080518,0.07852902537467298,0.03740130287039773,0.11850786030869845
0.07039916618109181,0.05014194368456273,0.050150193761091616,0.03719485770518364,0.09040094931927586,0.08962529358726497,0.11208821577881138,0.07039916618109181,0.05014194368456273,0.050150193761091616,0.03719485770518364,0.09040094931927586,0.08962529358726497,0.11208821577881138
0.07932520372409733,0.038382564093893644,0.07924129081808427,0.025051522912491336,0.16241307436153757,0.03624610943026431,0.07935499454050457,0.07932520372409733,0.038382564093893644,0.07924129081808427,0.025051522912491336,0.16241307436153757,0.03624610943026431,0.07935499454050457
0.07936844428521557,0.07994856455574398,0.08016320681535645,0.025446286608472216,0.07849956717158488,0.03631250044526425,0.1202622964458613,0.07936844428521557,0.07994856455574398,0.08016320681535645,0.025446286608472216,0.07849956717158488,0.03631250044526425,0.1202622964458613
0.04940247213901999,0.05030516707769825,0.07104661746959601,0.07869945003467431,0.11107249065183444,0.04821039377345341,0.09126552583546908,0.04940247213901999,0.05030516707769825,0.07104661746959601,0.07869945003467431,0.11107249065183444,0.04821039377345341,0.09126552583546908
0.07055581196562172,0.07127427180741575,0.050016198916683643,0.03700842007237855,0.09047018275814218,0.06887032007487787,0.11180891143928255,0.07055581196562172,0.07127427180741575,0.050016198916683643,0.03700842007237855,0.09047018275814218,0.06887032007487787,0.11180891143928255
0.07942270431050182,0.038201837067665036,0.03692722883893537,0.02548934880105857,0.07867644830416197,0.12026523337139622,0.12102541063070145,0.07942270431050182,0.038201837067665036,0.03692722883893537,0.02548934880105857,0.07867644830416197,0.12026523337139622,0.12102541063070145
0.0795661205124435,0.038590044517414074,0.038281360834740125,0.026050773242160204,0.1197886286945194,0.07737979538095605,0.12036560225917337,0.0795661205124435,0.038590044517414074,0.038281360834740125,0.026050773242160204,0.1197886286945194,0.07737979538095605,0.12036560225917337
0.04953616319218733,0.050235349966340694,0.04951914362177357,0.05790142277363567,0.15320940458039997,0.0480931595751494,0.09150625781261483,0.04953616319218733,0.050235349966340694,0.04951914362177357,0.05790142277363567,0.15320940458039997,0.0480931595751494,0.09150625781261483
0.04974808941394002,0.05023623871029643,0.049693956206668034,0.09968037123909804,0.09051500800054296,0.06899500312620675,0.09114072707363154,0.04974808941394002,0.05023623871029643,0.049693956206668034,0.09968037123909804,0.09051500800054296,0.06899500312620675,0.09114072707363154
0.037600395052549314,0.08017320814540893,0.0376221192243106,0.0251854018619324,0.0792289760542942,0.11909648754026715,0.12110023533216702,0.037600395052549314,0.08017320814540893,0.0376221192243106,0.0251854018619324,0.0792289760542942,0.11909648754026715,0.12110023533216702
0.04976835031502721,0.05036083465497581,0.07066042114921697,0.05795980167261159,0.09007328747432299,0.06888081749736162,0.11232223251825693,0.04976835031502721,0.05036083465497581,0.07066042114921697,0.05795980167261159,0.09007328747432299,0.06888081749736162,0.11232223251825693
0.0494736827594053,0.05023177042600866,0.049882412852283876,0.09982742874288497,0.09042865177259062,0.04791867048520769,0.11224781802536535,0.0494736827594053,0.05023177042600866,0.049882412852283876,0.09982742874288497,0.09042865177259062,0.04791867048520769,0.11224781802536535
0.0703701834915198,0.05051271847874827,0.050199952317979836,0.03755634318240812,0.11087127636936689,0.04777212196200132,0.132718755862445,0.0703701834915198,0.05051271847874827,0.050199952317979836,0.03755634318240812,0.11087127636936689,0.04777212196200132,0.132718755862445
0.12127276354210766,0.03748553823686048,0.03824068718633612,0.025380195278356152,0.07907485440736485,0.1191312920384377,0.07941564683637509,0.12127276354210766,0.03748553823686048,0.03824068718633612,0.025380195278356152,0.07907485440736485,0.1191312920384377,0.07941564683637509
0.037635087360107386,0.03821304349953754,0.0794545442372907,0.025171402658843052,0.07831730077425562,0.16180426837447176,0.07940620459773433,0.037635087360107386,0.03821304349953754,0.0794545442372907,0.025171402658843052,0.07831730077425562,0.16180426837447176,0.07940620459773433
0.049815095103338,0.050445486841712475,0.05011702613921648,0.058142026871498755,0.09055763883713598,0.04638027349195239,0.1545488316523022,0.049815095103338,0.050445486841712475,0.05011702613921648,0.058142026871498755,0.09055763883713598,0.04638027349195239,0.1545488316523022
0.03766829184763559,0.03832609429796964,0.0379878782721617,0.02545963096652571,0.07900909335464779,0.03487088784080602,0.24667934320719168,0.03766829184763559,0.03832609429796964,0.0379878782721617,0.02545963096652571,0.07900909335464779,0.03487088784080602,0.24667934320719168
0.04963171957631405,0.05023383222040876,0.05014379974726975,0.07884160564414365,0.11125459136707748,0.0480594766867598,0.11184190714944298,0.04963171957631405,0.05023383222040876,0.05014379974726975,0.07884160564414365,0.11125459136707748,0.0480594766867598,0.11184190714944298
0.0704167378200536,0.07093857254545456,0.09173392941956018,0.037152059796075484,0.09046468067190565,0.04809513425846837,0.09120985151807767,0.0704167378200536,0.07093857254545456,0.09173392941956018,0.037152059796075484,0.09046468067190565,0.04809513425846837,0.09120985151807767
0.07952602521191561,0.03800283150669842,0.16285239434803414,0.02586098663808496,0.07867851326346988,0.035969973928549816,0.07911704365651448,0.07952602521191561,0.03800283150669842,0.16285239434803414,0.02586098663808496,0.07867851326346988,0.035969973928549816,0.07911704365651448
0.0496573370531295,0.050272790688580024,0.05004903469598156,0.05807156752821223,0.11103964766436808,0.08977026047811365,0.09113937357453628,0.0496573370531295,0.050272790688580024,0.05004903469598156,0.05807156752821223,0.11103964766436808,0.08977026047811365,0.09113937357453628
0.04959768609608161,0.0918920657133268,0.04979511156374711,0.05777631998979696,0.11142493791567089,0.04826114047781018,0.09125452453259429,0.04959768609608161,0.0918920657133268,0.04979511156374711,0.05777631998979696,0.11142493791567089,0.04826114047781018,0.09125452453259429
0.03780114053477495,0.08007677730898648,0.0795362536622657,0.0254583709499196,0.0783901768492613,0.11942902579604256,0.07931042701075076,0.03780114053477495,0.08007677730898648,0.0795362536622657,0.0254583709499196,0.0783901768492613,0.11942902579604256,0.07931042701075076
0.0381139045536323,0.03850632424549433,0.07927837731892276,0.06633024701544218,0.07827662786811582,0.03665635574274889,0.16284098043204698,0.0381139045536323,0.03850632424549433,0.07927837731892276,0.06633024701544218,0.07827662786811582,0.03665635574274889,0.16284098043204698
0.04941195455532889,0.0499972517728314,0.049768898471944226,0.0375241126260876,0.09051401080928365,0.11051916638205793,0.11226588927439242,0.04941195455532889,0.0499972517728314,0.049768898471944226,0.0375241126260876,0.09051401080928365,0.11051916638205793,0.11226588927439242
0.0375401985520829,0.08015306023416102,0.03795094910073702,0.10875643852527488,0.07848448470640262,0.03627571126186744,0.12083922701169941,0.0375401985520829,0.08015306023416102,0.03795094910073702,0.10875643852527488,0.07848448470640262,0.03627571126186744,0.12083922701169941
0.04929932504792196,0.09219567793652018,0.07053059443463694,0.05814942585780866,0.09055619831156707,0.04808208826525678,0.09118797354207803,0.04929932504792196,0.09219567793652018,0.07053059443463694,0.05814942585780866,0.09055619831156707,0.04808208826525678,0.09118797354207803
0.07954480876431452,0.07993750996642379,0.03778086385897168,0.06714781809276309,0.07852228546808797,0.07765223433408443,0.07941598152116312,0.07954480876431452,0.07993750996642379,0.03778086385897168,0.06714781809276309,0.07852228546808797,0.07765223433408443,0.07941598152116312
0.07979290450538903,0.03857184460791415,0.03778053783624303,0.02540098222089007,0.11961331322964773,0.11978319156935173,0.07906178859653375,0.07979290450538903,0.03857184460791415,0.03778053783624303,0.02540098222089007,0.11961331322964773,0.11978319156935173,0.07906178859653375
0.0791561237728399,0.038006987947753375,0.07951415296841802,0.10881126746931134,0.07861738827216155,0.036074195061580466,0.07982022251626779,0.0791561237728399,0.038006987947753375,0.07951415296841802,0.10881126746931134,0.07861738827216155,0.036074195061580466,0.07982022251626779
0.09141172691347617,0.09199389724228109,0.049837980165815844,0.037176667301592,0.09028653216267549,0.048095309508256315,0.09121090220142887,0.09141172691347617,0.09199389724228109,0.049837980165815844,0.037176667301592,0.09028653216267549,0.048095309508256315,0.09121090220142887
0.049717621024664066,0.05018402485309445,0.07077627936445341,0.037306735065873294,0.1321172602939497,0.047943101865583614,0.1119563190390206,0.049717621024664066,0.05018402485309445,0.07077627936445341,0.037306735065873294,0.1321172602939497,0.047943101865583614,0.1119563190390206
0.07014681286419017,0.05040172943453763,0.05029386475759478,0.07902932549360711,0.11126507026122258,0.047822288479189734,0.09104333208338193,0.07014681286419017,0.05040172943453763,0.05029386475759478,0.07902932549360711,0.11126507026122258,0.047822288479189734,0.09104333208338193
0.07974172487962573,0.03824271688796997,0.03824386841498247,0.10930938431236564,0.11947860421038277,0.035627686155718805,0.07936902740080039,0.07974172487962573,0.03824271688796997,0.03824386841498247,0.10930938431236564,0.11947860421038277,0.035627686155718805,0.07936902740080039
0.07946337149908617,0.08013845961422568,0.038049674764906796,0.02492875001003047,0.0784376979133134,0.03617559355914596,0.16280801928748054,0.07946337149908617,0.08013845961422568,0.038049674764906796,0.02492875001003047,0.0784376979133134,0.03617559355914596,0.16280801928748054
0.05002454022365023,0.05050795835403081,0.07068699650681803,0.07898877131071796,0.08993351833107745,0.0687353808536136,0.09112336771359017,0.05002454022365023,0.05050795835403081,0.07068699650681803,0.07898877131071796,0.08993351833107745,0.0687353808536136,0.09112336771359017
0.04962519730349736,0.05020034566250957,0.07079795885428708,0.05796747406032453,0.13211419937756413,0.04805741647569536,0.0912415239660362,0.04962519730349736,0.05020034566250957,0.07079795885428708,0.05796747406032453,0.13211419937756413,0.04805741647569536,0.0912415239660362
0.11262667289533661,0.05034358314974794,0.049650790814921235,0.058447934434470925,0.09035456247775675,0.047384568975169586,0.09119365176357871,0.11262667289533661,0.05034358314974794,0.049650790814921235,0.058447934434470925,0.09035456247775675,0.047384568975169586,0.09119365176357871
0.03771506537317359,0.038056761630721275,0.07963754664461671,0.10810553075754649,0.07894564130020812,0.07830782944268941,0.0792363688068504,0.03771506537317359,0.038056761630721275,0.07963754664461671,0.10810553075754649,0.07894564130020812,0.07830782944268941,0.0792363688068504
0.03789036316388582,0.03827586822287537,0.07981208640998266,0.10866516464823575,0.12000646865526876,0.03621810223795045,0.07914060358506834,0.03789036316388582,0.03827586822287537,0.07981208640998266,0.10866516464823575,0.12000646865526876,0.03621810223795045,0.07914060358506834
0.07915575075123228,0.1213919312710708,0.07952462822326259,0.025753250183320277,0.07823130376423629,0.03682474774865572,0.07911854186700994,0.07915575075123228,0.1213919312710708,0.07952462822326259,0.025753250183320277,0.07823130376423629,0.03682474774865572,0.07911854186700994
0.037573026439650735,0.038219795552989454,0.1627434134688885,0.02585270940136875,0.07841140747053071,0.036412933548573445,0.12078936239692789,0.037573026439650735,0.038219795552989454,0.1627434134688885,0.02585270940136875,0.07841140747053071,0.036412933548573445,0.12078936239692789
0.03745967614558703,0.07981607141939392,0.07993264981503953,0.025239531537205852,0.12043811413016965,0.036296526941646985,0.12082047352906121,0.03745967614558703,0.07981607141939392,0.07993264981503953,0.025239531537205852,0.12043811413016965,0.036296526941646985,0.12082047352906121
0.04955706473450436,0.050358127083187515,0.04994786933197252,0.03726456144589431,0.09035361654284442,0.06871059371737401,0.1538083411199012,0.04955706473450436,0.050358127083187515,0.04994786933197252,0.03726456144589431,0.09035361654284442,0.06871059371737401,0.1538083411199012
0.049864618563007855,0.05022915899524832,0.05022772311940834,0.036676350287542105,0.09041241674126763,0.1314784387993592,0.09111199040691634,0.049864618563007855,0.05022915899524832,0.05022772311940834,0.036676350287542105,0.09041241674126763,0.1314784387993592,0.09111199040691634
0.03785441863027936,0.038280943887075335,0.038094776947679286,0.02516446880655468,0.0783274636311425,0.11941726940629213,0.1628709117969854,0.03785441863027936,0.038280943887075335,0.038094776947679286,0.02516446880655468,0.0783274636311425,0.11941726940629213,0.1628709117969854
0.0,0.0,0.0,0.0,0.500000001597078,0.0,0.0,0.0,0.0,0.0,0.0,0.500000001597078,0.0,0.0
0.07046105586912021,0.07098324281820696,0.04996465390634722,0.03739969921080979,0.1110683760380511,0.04801782065596131,0.11212298138755991,0.07046105586912021,0.07098324281820696,0.04996465390634722,0.03739969921080979,0.1110683760380511,0.04801782065596131,0.11212298138755991
0.037297700751487375,0.03823708652176787,0.07961567907420775,0.15054576831272548,0.07852979337015685,0.036223811626994604,0.07955571863821723,0.037297700751487375,0.03823708652176787,0.07961567907420775,0.15054576831272548,0.07852979337015685,0.036223811626994604,0.07955571863821723
0.04991857002388599,0.05007827879824698,0.04981343642886433,0.03744981652737654,0.0905867655773436,0.08932127718167329,0.13283303112013617,0.04991857002388599,0.05007827879824698,0.04981343642886433,0.03744981652737654,0.0905867655773436,0.08932127718167329,0.13283303112013617
0.03806990797094103,0.0798530531466858,0.03804103821969176,0.06706030048417866,0.1616803060525759,0.035983337629785644,0.07931277365123206,0.03806990797094103,0.0798530531466858,0.03804103821969176,0.06706030048417866,0.1616803060525759,0.035983337629785644,0.07931277365123206
0.04982222935486032,0.05030644070193564,0.1125122598806412,0.03750842284726497,0.11089729806612277,0.047874341994747466,0.09108014123570099,0.04982222935486032,0.05030644070193564,0.1125122598806412,0.03750842284726497,0.11089729806612277,0.047874341994747466,0.09108014123570099
0.04938634109721246,0.09225026112838228,0.05012286073143319,0.03715364290623078,0.09038137519618136,0.08988043028869423,0.0908260971992002,0.04938634109721246,0.09225026112838228,0.05012286073143319,0.03715364290623078,0.09038137519618136,0.08988043028869423,0.0908260971992002
0.04973579912587317,0.05000983782888712,0.049912430051269684,0.03715640683596764,0.17342222357330273,0.04859409069727031,0.09117012764512125,0.04973579912587317,0.05000983782888712,0.049912430051269684,0.03715640683596764,0.17342222357330273,0.04859409069727031,0.09117012764512125
0.03774307753965467,0.0385653821199152,0.03785806656176749,0.025412283832270663,0.11998250323335549,0.1603174369804433,0.08012182274960482,0.03774307753965467,0.0385653821199152,0.03785806656176749,0.025412283832270663,0.11998250323335549,0.1603174369804433,0.08012182274960482
0.09116752167716533,0.049856178741953874,0.0708828599195643,0.03709781528130035,0.09059172433414238,0.06922795705538273,0.09117763740647634,0.09116752167716533,0.049856178741953874,0.0708828599195643,0.03709781528130035,0.09059172433414238,0.06922795705538273,0.09117763740647634
0.04995158914312238,0.11209953610296175,0.05017824069834414,0.037349058673405475,0.11139060387936596,0.04803586396287507,0.09100095056700959,0.04995158914312238,0.11209953610296175,0.05017824069834414,0.037349058673405475,0.11139060387936596,0.04803586396287507,0.09100095056700959
0.04959899566043057,0.05025097639985563,0.09174511778649427,0.05817585615483975,0.09021196939668492,0.04808312551704258,0.11193550430487069,0.04959899566043057,0.05025097639985563,0.09174511778649427,0.05817585615483975,0.09021196939668492,0.04808312551704258,0.11193550430487069
0.09141843174260307,0.05015912233371724,0.04999978313729776,0.03713767969818451,0.09030703489676799,0.06889189068573132,0.11208877925465766,0.09141843174260307,0.05015912233371724,0.04999978313729776,0.03713767969818451,0.09030703489676799,0.06889189068573132,0.11208877925465766
0.04971990603872188,0.0506799450686025,0.07019777374388592,0.05802831697525387,0.09031486857266509,0.04800641981625727,0.1330629253793786,0.04971990603872188,0.0506799450686025,0.07019777374388592,0.05802831697525387,0.09031486857266509,0.04800641981625727,0.1330629253793786
0.049612996967920604,0.09190322872632563,0.050129705548656554,0.03729295919049849,0.1318542823598528,0.04797560205897417,0.09123249101025324,0.049612996967920604,0.09190322872632563,0.050129705548656554,0.03729295919049849,0.1318542823598528,0.04797560205897417,0.09123249101025324
0.03779133837229627,0.03847925313752178,0.03874294747411085,0.10725057298129816,0.07879098123599074,0.11954654751730678,0.07941117951301845,0.03779133837229627,0.03847925313752178,0.03874294747411085,0.10725057298129816,0.07879098123599074,0.11954654751730678,0.07941117951301845
0.04957248371747353,0.05007725624791642,0.09183054206305398,0.03722060457617495,0.1110504298237843,0.06917271567982046,0.09108256225274478,0.04957248371747353,0.05007725624791642,0.09183054206305398,0.03722060457617495,0.1110504298237843,0.06917271567982046,0.09108256225274478
0.07062083074782079,0.05020018101991085,0.07073558486902456,0.03743837909107808,0.09029567150802625,0.08956878305771579,0.091177223850588,0.07062083074782079,0.05020018101991085,0.07073558486902456,0.03743837909107808,0.09029567150802625,0.08956878305771579,0.091177223850588
0.037554614190397226,0.03818585778881039,0.03729860265921277,0.02654660707838173,0.0785924555128457,0.20230910925418744,0.07951327413087166,0.037554614190397226,0.03818585778881039,0.03729860265921277,0.02654660707838173,0.0785924555128457,0.20230910925418744,0.07951327413087166
0.04958992782878485,0.05018110791432134,0.09166584563099171,0.058245774447192915,0.09039526209773897,0.06891634740437406,0.09101835641953586,0.04958992782878485,0.05018110791432134,0.09166584563099171,0.058245774447192915,0.09039526209773897,0.06891634740437406,0.09101835641953586
0.04945535431960797,0.0502183426898037,0.07079592201163326,0.05800284434086296,0.11127215556755764,0.06878993268778433,0.09146578158732518,0.04945535431960797,0.0502183426898037,0.07079592201163326,0.05800284434086296,0.11127215556755764,0.06878993268778433,0.09146578158732518
0.037820600311144155,0.038087685704322166,0.12128538742965973,0.06698149835982088,0.07796088738243546,0.03634582471139606,0.12152806449435305,0.037820600311144155,0.038087685704322166,0.12128538742965973,0.06698149835982088,0.07796088738243546,0.03634582471139606,0.12152806449435305
0.049473998462508585,0.09189496562444771,0.04991634971787531,0.05798264890484383,0.09047518590859234,0.06871789657520089,0.09154103180115208,0.049473998462508585,0.09189496562444771,0.04991634971787531,0.05798264890484383,0.09047518590859234,0.06871789657520089,0.09154103180115208
0.07897971182370739,0.03827581598967033,0.12131532725606234,0.06697184055300617,0.07896066509724946,0.03626990574431318,0.07923662137835823,0.07897971182370739,0.03827581598967033,0.12131532725606234,0.06697184055300617,0.07896066509724946,0.03626990574431318,0.07923662137835823
0.04963833612501851,0.05057645513550377,0.05009498218775181,0.03764598459224202,0.1523378910145923,0.06879752282203025,0.09091080225980411,0.04963833612501851,0.05057645513550377,0.05009498218775181,0.03764598459224202,0.1523378910145923,0.06879752282203025,0.09091080225980411
0.03792228879471041,0.07966901303438521,0.037691645529388564,0.02528508551332197,0.0786290148356919,0.03656188347668122,0.20428319926677088,0.03792228879471041,0.07966901303438521,0.037691645529388564,0.02528508551332197,0.0786290148356919,0.03656188347668122,0.20428319926677088
0.037340495771256595,0.08009845763846736,0.07970332844708028,0.066992472417496,0.07883858599742877,0.0776277716139273,0.07940002079784625,0.037340495771256595,0.08009845763846736,0.07970332844708028,0.066992472417496,0.07883858599742877,0.0776277716139273,0.07940002079784625
0.07054646341234891,0.0504185264281134,0.049796727059863995,0.057966264593391076,0.11139659968171771,0.06865268667688298,0.0912346355111324,0.07054646341234891,0.0504185264281134,0.049796727059863995,0.057966264593391076,0.11139659968171771,0.06865268667688298,0.0912346355111324
0.07956784880486414,0.038439574530862636,0.03759902126589931,0.025572623482838088,0.07849477747960816,0.1608936431133035,0.07943589854139625,0.07956784880486414,0.038439574530862636,0.03759902126589931,0.025572623482838088,0.07849477747960816,0.1608936431133035,0.07943589854139625
0.03766607389058867,0.038019857206153064,0.03798394051160091,0.15063243909449417,0.078309696478137,0.07777976595044578,0.07960846194396176,0.03766607389058867,0.038019857206153064,0.03798394051160091,0.15063243909449417,0.078309696478137,0.07777976595044578,0.07960846194396176
0.12189778878388745,0.037078026767669615,0.038263885730778616,0.025248145705688167,0.11981464718162384,0.07707456413301299,0.08063236654819463,0.12189778878388745,0.037078026767669615,0.038263885730778616,0.025248145705688167,0.11981464718162384,0.07707456413301299,0.08063236654819463
0.04941578115759179,0.07126490205094718,0.05031444297879899,0.03660721915891043,0.11152419119404633,0.08950344895762952,0.0913709628466786,0.04941578115759179,0.07126490205094718,0.05031444297879899,0.03660721915891043,0.11152419119404633,0.08950344895762952,0.0913709628466786
0.03754018419767788,0.03816448712303312,0.03806032460975275,0.19290173744153707,0.07813679235719799,0.03610209617482498,0.07909729781382152,0.03754018419767788,0.03816448712303312,0.03806032460975275,0.19290173744153707,0.07813679235719799,0.03610209617482498,0.07909729781382152
0.04939228806512831,0.11282298089518425,0.05014492719720176,0.037363158888190154,0.09041212500519555,0.04816151976341779,0.11171214634178132,0.04939228806512831,0.11282298089518425,0.05014492719720176,0.037363158888190154,0.09041212500519555,0.04816151976341779,0.11171214634178132
0.037667445989758026,0.038156310940002415,0.1635601047544789,0.06701564109197015,0.07847052313408767,0.03607846098228318,0.07907888425476826,0.037667445989758026,0.038156310940002415,0.1635601047544789,0.06701564109197015,0.07847052313408767,0.03607846098228318,0.07907888425476826
0.04978209314106971,0.07091587997837875,0.07108484977985549,0.05801321982820492,0.09030696938456817,0.06895485521651147,0.09094530643688416,0.04978209314106971,0.07091587997837875,0.07108484977985549,0.05801321982820492,0.09030696938456817,0.06895485521651147,0.09094530643688416
0.03866212173460113,0.03900839972147099,0.03826318706555978,0.025205030460215504,0.16118038934792747,0.07691462251582652,0.1207746924378932,0.03866212173460113,0.03900839972147099,0.03826318706555978,0.025205030460215504,0.16118038934792747,0.07691462251582652,0.1207746924378932
0.03779971204496122,0.08006416974716352,0.03798013296231699,0.025754330317524804,0.1200036204302522,0.03584748032651229,0.1625506555821931,0.03779971204496122,0.08006416974716352,0.03798013296231699,0.025754330317524804,0.1200036204302522,0.03584748032651229,0.1625506555821931
0.04956094732312771,0.07114090596023663,0.049983263971390295,0.03678909034386727,0.09036449993154866,0.11077572148450526,0.09138583848317024,0.04956094732312771,0.07114090596023663,0.049983263971390295,0.03678909034386727,0.09036449993154866,0.11077572148450526,0.09138583848317024
0.04945808094755858,0.05028641285616478,0.13294567965170875,0.037319713817295735,0.09071123235359718,0.047842949863922485,0.09143890789688935,0.04945808094755858,0.05028641285616478,0.13294567965170875,0.037319713817295735,0.09071123235359718,0.047842949863922485,0.09143890789688935
0.04988091699231505,0.050280395642905366,0.04980208835356287,0.057884479971458416,0.11127752539319855,0.06887118125439548,0.11201107918119015,0.04988091699231505,0.050280395642905366,0.04980208835356287,0.057884479971458416,0.11127752539319855,0.06887118125439548,0.11201107918119015
0.03762494071077866,0.03827545050771348,0.0797484093794995,0.02521211842154086,0.20381306270700544,0.03619474868736162,0.07913187368620372,0.03762494071077866,0.03827545050771348,0.0797484093794995,0.02521211842154086,0.20381306270700544,0.03619474868736162,0.07913187368620372
0.04961481763634191,0.07096371544709985,0.05001517101737655,0.057991818963941365,0.11132721864456498,0.06871808194075849,0.09137404371775897,0.04961481763634191,0.07096371544709985,0.05001517101737655,0.057991818963941365,0.11132721864456498,0.06871808194075849,0.09137404371775897
0.07996458584658024,0.08056116563499409,0.12118527085731155,0.025055743567288256,0.07850631962818287,0.03560442811725782,0.07912694637642091,0.07996458584658024,0.08056116563499409,0.12118527085731155,0.025055743567288256,0.07850631962818287,0.03560442811725782,0.07912694637642091
0.03825427942492931,0.038554301464761825,0.03840316021937952,0.06661643012590644,0.07809626694964762,0.03638224332505986,0.20369515812582603,0.03825427942492931,0.038554301464761825,0.03840316021937952,0.06661643012590644,0.07809626694964762,0.03638224332505986,0.20369515812582603
0.03766094928562668,0.03821419079123332,0.07962887899733713,0.06709502123982697,0.1204824243121989,0.036311106764942695,0.12061868355207835,0.03766094928562668,0.03821419079123332,0.07962887899733713,0.06709502123982697,0.1204824243121989,0.036311106764942695,0.12061868355207835
0.04951650624374818,0.07106688848924464,0.0502918588958175,0.07882861680587233,0.11117197974974662,0.04797437548719879,0.09115068594666394,0.04951650624374818,0.07106688848924464,0.0502918588958175,0.07882861680587233,0.11117197974974662,0.04797437548719879,0.09115068594666394
0.03770828600205659,0.07971005012012418,0.038073330916277646,0.06686210235789736,0.12090055696176767,0.03568319465166833,0.12106345829520088,0.03770828600205659,0.07971005012012418,0.038073330916277646,0.06686210235789736,0.12090055696176767,0.03568319465166833,0.12106345829520088
0.03777211941347007,0.03829561013564344,0.03812357828274542,0.025672557697899057,0.11980447624944218,0.07756451348663178,0.1627835641290784,0.03777211941347007,0.03829561013564344,0.03812357828274542,0.025672557697899057,0.11980447624944218,0.07756451348663178,0.1627835641290784
0.03782500431439969,0.07972152055405048,0.16287687599947576,0.026015681807571033,0.07793509993736644,0.03620671002709578,0.07941961303740748,0.03782500431439969,0.07972152055405048,0.16287687599947576,0.026015681807571033,0.07793509993736644,0.03620671002709578,0.07941961303740748
0.037800419993136644,0.07970472407272623,0.03831966839724911,0.02560883965351932,0.16154041698502808,0.07793264753135903,0.0791607939517041,0.037800419993136644,0.07970472407272623,0.03831966839724911,0.02560883965351932,0.16154041698502808,0.07793264753135903,0.0791607939517041
0.07916647824721619,0.03820582901861134,0.038134625311526976,0.025657884486977273,0.16179619337888435,0.07746081827263979,0.07957964715468095,0.07916647824721619,0.03820582901861134,0.038134625311526976,0.025657884486977273,0.16179619337888435,0.07746081827263979,0.07957964715468095
0.03762710421306608,0.038308398823657504,0.03786758040012603,0.1504440106415472,0.12042214631124315,0.03581849240005879,0.0795214270539848,0.03762710421306608,0.038308398823657504,0.03786758040012603,0.1504440106415472,0.12042214631124315,0.03581849240005879,0.0795214270539848
0.049552239156440026,0.05005904017510203,0.05042912662320368,0.07864697326649442,0.09032296184171153,0.04798894984149564,0.1330092084596541,0.049552239156440026,0.05005904017510203,0.05042912662320368,0.07864697326649442,0.09032296184171153,0.04798894984149564,0.1330092084596541
0.03755112434919166,0.08013589883893223,0.08016784448190563,0.025531363768985703,0.07831271560619057,0.0775055240006634,0.1208277067653908,0.03755112434919166,0.08013589883893223,0.08016784448190563,0.025531363768985703,0.07831271560619057,0.0775055240006634,0.1208277067653908
0.04974256467471434,0.05032263009251311,0.050170850532126735,0.058127288812985484,0.09027538877212005,0.08935465647046724,0.11201360138328277,0.04974256467471434,0.05032263009251311,0.050170850532126735,0.058127288812985484,0.09027538877212005,0.08935465647046724,0.11201360138328277
0.07983938661800756,0.03753474017092084,0.03824014563108512,0.0670733905719792,0.11996707032982705,0.07802038067751961,0.07933174757654583,0.07983938661800756,0.03753474017092084,0.03824014563108512,0.0670733905719792,0.11996707032982705,0.07802038067751961,0.07933174757654583
0.04958088328479469,0.1129862995100006,0.07090004911055514,0.037001278725302976,0.09035684819855985,0.04801474343503368,0.09118417711732496,0.04958088328479469,0.1129862995100006,0.07090004911055514,0.037001278725302976,0.09035684819855985,0.04801474343503368,0.09118417711732496
0.04966711947643427,0.05017287272067149,0.09200586632493994,0.03700833824762134,0.09046998354769142,0.06887016798041076,0.11180866451844952,0.04966711947643427,0.05017287272067149,0.09200586632493994,0.03700833824762134,0.09046998354769142,0.06887016798041076,0.11180866451844952
0.037790198112236884,0.07993554724739883,0.038192614095170704,0.06726447058003367,0.07816410700909555,0.035919032155167334,0.1627438983256943,0.037790198112236884,0.07993554724739883,0.038192614095170704,0.06726447058003367,0.07816410700909555,0.035919032155167334,0.1627438983256943
0.07937797928390315,0.03852849548718467,0.03804151948801594,0.06698606619225561,0.07872428896513453,0.0774312363857285,0.12091499079958619,0.07937797928390315,0.03852849548718467,0.03804151948801594,0.06698606619225561,0.07872428896513453,0.0774312363857285,0.12091499079958619
0.16295825028039215,0.07965638331258014,0.03772623220949126,0.025346102064916946,0.07873470580701628,0.036243410932776915,0.07936503944256987,0.16295825028039215,0.07965638331258014,0.03772623220949126,0.025346102064916946,0.07873470580701628,0.036243410932776915,0.07936503944256987
0.07971790459308546,0.03829328491893259,0.03815833849603734,0.06694162697449797,0.12089665696050544,0.03493554099385958,0.12108571130431754,0.07971790459308546,0.03829328491893259,0.03815833849603734,0.06694162697449797,0.12089665696050544,0.03493554099385958,0.12108571130431754
0.07953145043521731,0.12133287891066263,0.03791149226170598,0.06726117493004019,0.07846904436489077,0.03616998849319058,0.07933248131731574,0.07953145043521731,0.12133287891066263,0.03791149226170598,0.06726117493004019,0.07846904436489077,0.03616998849319058,0.07933248131731574
0.0372505083700933,0.0803093849130889,0.03810625386063579,0.10891605165979948,0.12042537387674498,0.035626878688398964,0.07936722857795364,0.0372505083700933,0.0803093849130889,0.03810625386063579,0.10891605165979948,0.12042537387674498,0.035626878688398964,0.07936722857795364
0.07921594882293186,0.03816993331054568,0.07990216238475203,0.025362864022727725,0.07884223949319094,0.07769323556324138,0.12082133173684852,0.07921594882293186,0.03816993331054568,0.07990216238475203,0.025362864022727725,0.07884223949319094,0.07769323556324138,0.12082133173684852
0.037755052765467104,0.03846419660830351,0.07994900177615433,0.06697828354184163,0.11984474593530171,0.07776954169593404,0.07926802299784072,0.037755052765467104,0.03846419660830351,0.07994900177615433,0.06697828354184163,0.11984474593530171,0.07776954169593404,0.07926802299784072
0.070507373367226,0.09139808021319305,0.050364980168483814,0.03727928917862652,0.09048258533322755,0.04814691114273152,0.11184721995987688,0.070507373367226,0.09139808021319305,0.050364980168483814,0.03727928917862652,0.09048258533322755,0.04814691114273152,0.11184721995987688
0.0,0.0,0.0,0.0,0.0,0.5000000004734879,0.0,0.0,0.0,0.0,0.0,0.0,0.5000000004734879,0.0
0.03767905738699374,0.03807484022158135,0.07951541068939487,0.025244916247186746,0.12032618849954962,0.03650537733262122,0.16265719856318978,0.03767905738699374,0.03807484022158135,0.07951541068939487,0.025244916247186746,0.12032618849954962,0.03650537733262122,0.16265719856318978
0.09161445186150963,0.049661360371207344,0.07074978511834236,0.05814942583915379,0.0905561982825158,0.048082088249831595,0.0911879735128241,0.09161445186150963,0.049661360371207344,0.07074978511834236,0.05814942583915379,0.0905561982825158,0.048082088249831595,0.0911879735128241
0.07945546016273898,0.038384095993385034,0.038163686141898454,0.14981033099470784,0.07888312806711377,0.03620407467267282,0.07910000271090842,0.07945546016273898,0.038384095993385034,0.038163686141898454,0.14981033099470784,0.07888312806711377,0.03620407467267282,0.07910000271090842
0.03806905442992879,0.07992010842169672,0.12108001408589675,0.025339011969419043,0.12049436221134253,0.035956681815156176,0.07914634376006693,0.03806905442992879,0.07992010842169672,0.12108001408589675,0.025339011969419043,0.12049436221134253,0.035956681815156176,0.07914634376006693
0.04977228610830321,0.0502484441828604,0.049973160978493227,0.07899723112348388,0.09021126191555465,0.08961269351701125,0.09118832492952651,0.04977228610830321,0.0502484441828604,0.049973160978493227,0.07899723112348388,0.09021126191555465,0.08961269351701125,0.09118832492952651
0.03827839419907508,0.038581843491623705,0.03833133048193105,0.06597756025356051,0.07884455050302808,0.1188001884247447,0.12119896861463601,0.03827839419907508,0.038581843491623705,0.03833133048193105,0.06597756025356051,0.07884455050302808,0.1188001884247447,0.12119896861463601
0.09136768087525954,0.050213872400687476,0.07073301632441191,0.03753953328764104,0.11104455161320956,0.04797673481912536,0.09115468901157912,0.09136768087525954,0.050213872400687476,0.07073301632441191,0.03753953328764104,0.11104455161320956,0.04797673481912536,0.09115468901157912
0.04961967283276669,0.07128931694133417,0.0497829612191802,0.05783472560679311,0.09042127281871601,0.04818533013053272,0.1328701694101951,0.04961967283276669,0.07128931694133417,0.0497829612191802,0.05783472560679311,0.09042127281871601,0.04818533013053272,0.1328701694101951
0.07056794038062968,0.05031223003852813,0.05007175844882877,0.03685390922715471,0.11131492078944887,0.08980891379599332,0.09107055223985437,0.07056794038062968,0.05031223003852813,0.05007175844882877,0.03685390922715471,0.11131492078944887,0.08980891379599332,0.09107055223985437
0.037842669280804785,0.03850722900489413,0.03806333308245465,0.0251874628147217,0.12004429380665045,0.03616266226024856,0.20419364959476885,0.037842669280804785,0.03850722900489413,0.03806333308245465,0.0251874628147217,0.12004429380665045,0.03616266226024856,0.20419364959476885
0.07050964819858883,0.07123702829308955,0.049972599480079566,0.037098204412279456,0.11133150350544756,0.06862461955411933,0.09123210316189495,0.07050964819858883,0.07123702829308955,0.049972599480079566,0.037098204412279456,0.11133150350544756,0.06862461955411933,0.09123210316189495
0.03770339177140822,0.07988535428062832,0.07980302166850972,0.06703619386438181,0.12045096177596754,0.03575624381054796,0.07936612184345124,0.03770339177140822,0.07988535428062832,0.07980302166850972,0.06703619386438181,0.12045096177596754,0.03575624381054796,0.07936612184345124
0.07042926096617036,0.09162617524691777,0.07081434012025081,0.037392918732004655,0.09064833762255302,0.048142750550049324,0.09095483639315183,0.07042926096617036,0.09162617524691777,0.07081434012025081,0.037392918732004655,0.09064833762255302,0.048142750550049324,0.09095483639315183
0.0378144316653742,0.03807806692135613,0.0378705854366063,0.025205003973302317,0.20360227120189128,0.03629532949594601,0.12113467467929925,0.0378144316653742,0.03807806692135613,0.0378705854366063,0.025205003973302317,0.20360227120189128,0.03629532949594601,0.12113467467929925
0.04945750392579854,0.09189815709104852,0.0500211828912198,0.037102933571664734,0.09050834714266019,0.06909057955415183,0.11192284266504454,0.04945750392579854,0.09189815709104852,0.0500211828912198,0.037102933571664734,0.09050834714266019,0.06909057955415183,0.11192284266504454
0.07026791789210247,0.050384456743521,0.07063637463043825,0.07894474439663203,0.09077363414591717,0.04789105850502983,0.09113295483077793,0.07026791789210247,0.050384456743521,0.07063637463043825,0.07894474439663203,0.09077363414591717,0.04789105850502983,0.09113295483077793
0.03806083841413778,0.03845495251851293,0.038064032815240546,0.10862520160934498,0.07822896726197986,0.03610181901990562,0.16247161513420796,0.03806083841413778,0.03845495251851293,0.038064032815240546,0.10862520160934498,0.07822896726197986,0.03610181901990562,0.16247161513420796
0.049772506676792595,0.04999682541226501,0.09164368140128112,0.03726561376400028,0.11129427590415031,0.04803933023834417,0.11198899545969418,0.049772506676792595,0.04999682541226501,0.09164368140128112,0.03726561376400028,0.11129427590415031,0.04803933023834417,0.11198899545969418
0.07942313944134578,0.0803213204641028,0.07981711401237193,0.025389428779973126,0.07798214382778662,0.07798657606238132,0.07908075570042505,0.07942313944134578,0.0803213204641028,0.07981711401237193,0.025389428779973126,0.07798214382778662,0.07798657606238132,0.07908075570042505
0.037799158782712894,0.03838623155132233,0.03795121142816995,0.0670292895130269,0.20365398861381484,0.03581721218137039,0.0793647370669576,0.037799158782712894,0.03838623155132233,0.03795121142816995,0.0670292895130269,0.20365398861381484,0.03581721218137039,0.0793647370669576
0.07951602470362107,0.038366047926429156,0.07983968888726849,0.02541438959759505,0.1198688735941729,0.07763458666155473,0.07936583961981764,0.07951602470362107,0.038366047926429156,0.07983968888726849,0.02541438959759505,0.1198688735941729,0.07763458666155473,0.07936583961981764
0.07045277703353058,0.05019842691666579,0.05023707847578582,0.03731281244107925,0.15282837356074858,0.047957399830585064,0.09101617831704133,0.07045277703353058,0.05019842691666579,0.05023707847578582,0.03731281244107925,0.15282837356074858,0.047957399830585064,0.09101617831704133
0.07048594047097474,0.07102390967929013,0.05005128467168718,0.07906380355820712,0.09012892176573255,0.048148458497588024,0.09110080427368954,0.07048594047097474,0.07102390967929013,0.05005128467168718,0.07906380355820712,0.09012892176573255,0.048148458497588024,0.09110080427368954
0.037813599117133195,0.0800935841750392,0.03778299607626331,0.025392845901601766,0.1201713325843243,0.11946410555621087,0.07930474203206149,0.037813599117133195,0.0800935841750392,0.03778299607626331,0.025392845901601766,0.1201713325843243,0.11946410555621087,0.07930474203206149
0.049467055495709185,0.07096918634166602,0.0706831043323213,0.07879459261723969,0.0907574905781465,0.04812980691797099,0.09119986728804746,0.049467055495709185,0.07096918634166602,0.0706831043323213,0.07879459261723969,0.0907574905781465,0.04812980691797099,0.09119986728804746
0.038415296090032934,0.03896518349652189,0.07951422451396904,0.025272853555726317,0.11997448090931653,0.1194237507489083,0.07843750597609875,0.038415296090032934,0.03896518349652189,0.07951422451396904,0.025272853555726317,0.11997448090931653,0.1194237507489083,0.07843750597609875
0.038183798309288496,0.03864930474020855,0.038351609953671664,0.0247014223332367,0.16190334369608786,0.11895197909121036,0.0792637562557135,0.038183798309288496,0.03864930474020855,0.038351609953671664,0.0247014223332367,0.16190334369608786,0.11895197909121036,0.0792637562557135
0.07002932556402931,0.05041048395678915,0.09158084031730969,0.05837248427274813,0.09040725895659411,0.04800784576953611,0.09119214418998144,0.07002932556402931,0.05041048395678915,0.09158084031730969,0.05837248427274813,0.09040725895659411,0.04800784576953611,0.09119214418998144
0.12076462415080391,0.038900561493541215,0.07970050441347262,0.06705811863584586,0.07801053718208978,0.036057148058294464,0.0795143448932405,0.12076462415080391,0.038900561493541215,0.07970050441347262,0.06705811863584586,0.07801053718208978,0.036057148058294464,0.0795143448932405
0.04999672558899551,0.04993482375070865,0.11241885655130018,0.05797569356233973,0.09089565813846148,0.047564425894041196,0.09121495132919522,0.04999672558899551,0.04993482375070865,0.11241885655130018,0.05797569356233973,0.09089565813846148,0.047564425894041196,0.09121495132919522
0.038374345427043016,0.12196236727634896,0.12071673877738885,0.025458952197517527,0.07858167567938025,0.03566054934182893,0.07928251837493111,0.038374345427043016,0.12196236727634896,0.12071673877738885,0.025458952197517527,0.07858167567938025,0.03566054934182893,0.07928251837493111
0.04953495948078203,0.05010506092826719,0.0498214613624592,0.05812054915091183,0.09016170746234908,0.11098087087676424,0.09127953231252789,0.04953495948078203,0.05010506092826719,0.0498214613624592,0.05812054915091183,0.09016170746234908,0.11098087087676424,0.09127953231252789
0.07947391206621277,0.03799231750967669,0.03761983973413714,0.10900865557461252,0.07889658525109805,0.07771292991171894,0.07929936130460491,0.07947391206621277,0.03799231750967669,0.03761983973413714,0.10900865557461252,0.07889658525109805,0.07771292991171894,0.07929936130460491
0.03752938709589886,0.08012571525499634,0.03818648246440071,0.025435081733002324,0.07873711769195567,0.16084067368070487,0.07914698504612039,0.03752938709589886,0.08012571525499634,0.03818648246440071,0.025435081733002324,0.07873711769195567,0.16084067368070487,0.07914698504612039
0.09152903352811684,0.05045914693290294,0.0496810128686435,0.05789647474050358,0.09010432165046654,0.06890926410222255,0.09142363294263739,0.09152903352811684,0.05045914693290294,0.0496810128686435,0.05789647474050358,0.09010432165046654,0.06890926410222255,0.09142363294263739
0.05019616230257083,0.07115023528416614,0.04940079772874096,0.03694609354773209,0.09031619912063706,0.04851795718844528,0.15347515129812409,0.05019616230257083,0.07115023528416614,0.04940079772874096,0.03694609354773209,0.09031619912063706,0.04851795718844528,0.15347515129812409
0.03775308641061153,0.03830016640028925,0.03823656204820151,0.06728576183008687,0.16195561841138223,0.03568973971114572,0.12078271478610683,0.03775308641061153,0.03830016640028925,0.03823656204820151,0.06728576183008687,0.16195561841138223,0.03568973971114572,0.12078271478610683
0.037438203897061796,0.0378237611433822,0.1217535960893458,0.025328643156234818,0.07886105097520847,0.11972774664258164,0.07906900710305723,0.037438203897061796,0.0378237611433822,0.1217535960893458,0.025328643156234818,0.07886105097520847,0.11972774664258164,0.07906900710305723
0.09159759623507634,0.04998003942013156,0.049652126283333424,0.05776385347170099,0.11109832323054986,0.04849102663178058,0.09142142305135373,0.09159759623507634,0.04998003942013156,0.049652126283333424,0.05776385347170099,0.11109832323054986,0.04849102663178058,0.09142142305135373
0.07922741330270468,0.08009817136643808,0.03819173697742725,0.02590241112294219,0.11983222684384605,0.07755336185544044,0.07919703802251477,0.07922741330270468,0.08009817136643808,0.03819173697742725,0.02590241112294219,0.11983222684384605,0.07755336185544044,0.07919703802251477
0.03759755872065344,0.12136849312769134,0.03838631808988708,0.067248968626769,0.0790857700950184,0.07667291297773762,0.07966975931106127,0.03759755872065344,0.12136849312769134,0.03838631808988708,0.067248968626769,0.0790857700950184,0.07667291297773762,0.07966975931106127
0.0,0.0,0.500000005863976,0.0,0.0,0.0,0.0,0.0,0.0,0.500000005863976,0.0,0.0,0.0,0.0
0.11233411322773483,0.05015078580886818,0.05031595697726812,0.036652906545232414,0.09053491581791939,0.04790417120886963,0.11213179874073162,0.11233411322773483,0.05015078580886818,0.05031595697726812,0.036652906545232414,0.09053491581791939,0.04790417120886963,0.11213179874073162
0.04946821982263281,0.0712354756574681,0.07031312082275894,0.03734994524327758,0.09081740687661387,0.047958076088338714,0.13286033383773335,0.04946821982263281,0.0712354756574681,0.07031312082275894,0.03734994524327758,0.09081740687661387,0.047958076088338714,0.13286033383773335
0.12037010527013012,0.03935548262950652,0.03719183948030156,0.06712541875549512,0.07855380420994154,0.07788749632090405,0.07951651603152884,0.12037010527013012,0.03935548262950652,0.03719183948030156,0.06712541875549512,0.07855380420994154,0.07788749632090405,0.07951651603152884
0.07037803161872788,0.11272211718680043,0.04990499484104832,0.03738683400150064,0.09046308343181492,0.048097502905961376,0.09104861802432503,0.07037803161872788,0.11272211718680043,0.04990499484104832,0.03738683400150064,0.09046308343181492,0.048097502905961376,0.09104861802432503
0.037901332554595005,0.037840075485586835,0.12167018497615403,0.024996922891982756,0.12011150032673658,0.07809658967823192,0.07940944093787765,0.037901332554595005,0.037840075485586835,0.12167018497615403,0.024996922891982756,0.12011150032673658,0.07809658967823192,0.07940944093787765
0.07027763407951303,0.05018441656529669,0.09160394355190031,0.03693830745120541,0.09092329031801845,0.06876623997220237,0.09133232669459035,0.07027763407951303,0.05018441656529669,0.09160394355190031,0.03693830745120541,0.09092329031801845,0.06876623997220237,0.09133232669459035
0.03761897414707561,0.1214226129050462,0.03752484328462963,0.026055211345129312,0.07817567781021034,0.07721857450815459,0.12198588248013932,0.03761897414707561,0.1214226129050462,0.03752484328462963,0.026055211345129312,0.07817567781021034,0.07721857450815459,0.12198588248013932
0.07053149525328786,0.05010037451543328,0.07100138415207519,0.057828822857156216,0.1113073457485174,0.04804660082695811,0.09118836615150924,0.07053149525328786,0.05010037451543328,0.07100138415207519,0.057828822857156216,0.1113073457485174,0.04804660082695811,0.09118836615150924
0.07965127939653537,0.03832264666288898,0.03814904136978463,0.10909097190386693,0.07828497064717858,0.0360008844926707,0.1205023225002494,0.07965127939653537,0.03832264666288898,0.03814904136978463,0.10909097190386693,0.07828497064717858,0.0360008844926707,0.1205023225002494
0.0706485523615213,0.05018286633044097,0.04958461356643153,0.03700952089533289,0.09022558250568073,0.04866849393752584,0.1536835016891416,0.0706485523615213,0.05018286633044097,0.04958461356643153,0.03700952089533289,0.09022558250568073,0.04866849393752584,0.1536835016891416
0.07041113205701234,0.04976597155034147,0.050342964694555445,0.05800193632645952,0.09041947489886949,0.04800652053226433,0.13306320454134452,0.07041113205701234,0.04976597155034147,0.050342964694555445,0.05800193632645952,0.09041947489886949,0.04800652053226433,0.13306320454134452
0.04984333219261042,0.0918560617832527,0.049969545079254815,0.03734758143949224,0.11108443930546019,0.06854020882187425,0.09135949976082673,0.04984333219261042,0.0918560617832527,0.049969545079254815,0.03734758143949224,0.11108443930546019,0.06854020882187425,0.09135949976082673
0.03718912286654604,0.12213136276165132,0.03788844360116933,0.06694137742003047,0.07884186837964145,0.036165158027738384,0.12084686023822314,0.03718912286654604,0.12213136276165132,0.03788844360116933,0.06694137742003047,0.07884186837964145,0.036165158027738384,0.12084686023822314
0.07035087756658522,0.05013571818098138,0.049961560537099096,0.05824860991368573,0.13208062938400528,0.047976529013967935,0.0912470793502901,0.07035087756658522,0.05013571818098138,0.049961560537099096,0.05824860991368573,0.13208062938400528,0.047976529013967935,0.0912470793502901
0.07047347037292818,0.0502152229635391,0.050154110881893275,0.09977348692184172,0.0901892319152282,0.04806876028584044,0.0911282080936097,0.07047347037292818,0.0502152229635391,0.050154110881893275,0.09977348692184172,0.0901892319152282,0.04806876028584044,0.0911282080936097
0.07036696511496447,0.07091582569693494,0.07069592929420987,0.037654192402405355,0.09035929341598227,0.04791654127645767,0.11209155279347474,0.07036696511496447,0.07091582569693494,0.07069592929420987,0.037654192402405355,0.09035929341598227,0.04791654127645767,0.11209155279347474
0.09128266089516938,0.05011023582603527,0.04985963650685724,0.03754117778087518,0.1113715499996549,0.06882688299894976,0.09101230013591147,0.09128266089516938,0.05011023582603527,0.04985963650685724,0.03754117778087518,0.1113715499996549,0.06882688299894976,0.09101230013591147
0.07914193608588013,0.03805341101558697,0.07985389758107746,0.0670741902042344,0.07880586936518749,0.07761780460575632,0.07945404283954814,0.07914193608588013,0.03805341101558697,0.07985389758107746,0.0670741902042344,0.07880586936518749,0.07761780460575632,0.07945404283954814
0.03737029720273485,0.03801651433724867,0.03816455541374347,0.02355365275925057,0.24689201027650387,0.03674513125623228,0.07926146587870929,0.03737029720273485,0.03801651433724867,0.03816455541374347,0.02355365275925057,0.24689201027650387,0.03674513125623228,0.07926146587870929
0.037744087120941044,0.03822982650161994,0.037928002076993456,0.1084734919159861,0.16161063053125962,0.036973392180791695,0.07904339739499759,0.037744087120941044,0.03822982650161994,0.037928002076993456,0.1084734919159861,0.16161063053125962,0.036973392180791695,0.07904339739499759
0.07038029473495547,0.07117435041173453,0.07071868257434946,0.037269411819523146,0.090402739136669,0.0689095054461858,0.0911513551928101,0.07038029473495547,0.07117435041173453,0.07071868257434946,0.037269411819523146,0.090402739136669,0.0689095054461858,0.0911513551928101
0.04988093987059122,0.05065952495826743,0.07064033229737979,0.03707016844116485,0.11120206915203115,0.06886309094378551,0.11168742558509771,0.04988093987059122,0.05065952495826743,0.07064033229737979,0.03707016844116485,0.11120206915203115,0.06886309094378551,0.11168742558509771
0.037605478544043294,0.03838081593745462,0.12138096139376613,0.025617499774264224,0.07897277192947923,0.035970564358374785,0.1620785199039588,0.037605478544043294,0.03838081593745462,0.12138096139376613,0.025617499774264224,0.07897277192947923,0.035970564358374785,0.1620785199039588
0.1624950064951013,0.038315485786543695,0.038037851002002604,0.025918235083220224,0.11983249905466319,0.03599812445519692,0.07941290407814502,0.1624950064951013,0.038315485786543695,0.038037851002002604,0.025918235083220224,0.11983249905466319,0.03599812445519692,0.07941290407814502
0.049708676852448896,0.05010428751243982,0.04983032719024676,0.037188776587968646,0.15293716602246793,0.048010717597381354,0.11225149457111669,0.049708676852448896,0.05010428751243982,0.04983032719024676,0.037188776587968646,0.15293716602246793,0.048010717597381354,0.11225149457111669
0.07052161782606435,0.05007819511822051,0.04993218032618673,0.037189171908061966,0.09056783941348133,0.11058310311765623,0.09112831059603009,0.07052161782606435,0.05007819511822051,0.04993218032618673,0.037189171908061966,0.09056783941348133,0.11058310311765623,0.09112831059603009
0.07047573794150377,0.07100710879664837,0.05011788162364506,0.0372841630256677,0.13179923339052343,0.04795962610894931,0.0913587816838821,0.07047573794150377,0.07100710879664837,0.05011788162364506,0.0372841630256677,0.13179923339052343,0.04795962610894931,0.0913587816838821
0.12101917939199154,0.07995313332036315,0.03797495849224394,0.025464492631101267,0.12051695554339244,0.03571140505913385,0.07936874891529241,0.12101917939199154,0.07995313332036315,0.03797495849224394,0.025464492631101267,0.12051695554339244,0.03571140505913385,0.07936874891529241
0.04996219553255016,0.0709117866084431,0.049747210312487605,0.037483628360939145,0.11110194313674929,0.0480326730513573,0.1327811003162079,0.04996219553255016,0.0709117866084431,0.049747210312487605,0.037483628360939145,0.11110194313674929,0.0480326730513573,0.1327811003162079
0.037937090181625846,0.03826971120915858,0.07968401487076894,0.10830855559749743,0.07885526725259212,0.03608382295434391,0.12088675085238848,0.037937090181625846,0.03826971120915858,0.07968401487076894,0.10830855559749743,0.07885526725259212,0.03608382295434391,0.12088675085238848
0.0798929313215925,0.07975078142002068,0.03780590489649236,0.025451742553339138,0.11985458576087428,0.03625847602832731,0.12098624608384635,0.0798929313215925,0.07975078142002068,0.03780590489649236,0.025451742553339138,0.11985458576087428,0.03625847602832731,0.12098624608384635
0.037718367690336235,0.1212742565743938,0.038569841050274535,0.025703118144763053,0.07884963422663586,0.03612490872505548,0.1617808284139714,0.037718367690336235,0.1212742565743938,0.038569841050274535,0.025703118144763053,0.07884963422663586,0.03612490872505548,0.1617808284139714
0.12153079806078301,0.0797254761460902,0.07967527667787803,0.024975288313863808,0.07835018615242426,0.03618508037466877,0.07956047702252941,0.12153079806078301,0.0797254761460902,0.07967527667787803,0.024975288313863808,0.07835018615242426,0.03618508037466877,0.07956047702252941
0.07970156557867426,0.03860964059668268,0.0798274089079718,0.025400898295800743,0.12011445479755006,0.03581391495522155,0.12053481777866079,0.07970156557867426,0.03860964059668268,0.0798274089079718,0.025400898295800743,0.12011445479755006,0.03581391495522155,0.12053481777866079
0.04971895116793739,0.07096809655154611,0.05015530015867897,0.09977322041572229,0.09018899100972361,0.048068631888816694,0.09112796467999493,0.04971895116793739,0.07096809655154611,0.05015530015867897,0.09977322041572229,0.09018899100972361,0.048068631888816694,0.09112796467999493
0.09140479553786539,0.05014160557797706,0.0497832977306366,0.05788352771191273,0.09034721514479187,0.048433547303020984,0.11201268243324072,0.09140479553786539,0.05014160557797706,0.0497832977306366,0.05788352771191273,0.09034721514479187,0.048433547303020984,0.11201268243324072
0.03752260563185639,0.08030238781885546,0.12147320919097197,0.06699166079684166,0.07847553564312768,0.03606865306090503,0.0791692201080012,0.03752260563185639,0.08030238781885546,0.12147320919097197,0.06699166079684166,0.07847553564312768,0.03606865306090503,0.0791692201080012
0.04996276368538732,0.07116936784151424,0.04974812852151025,0.05802142954865843,0.09022122726333844,0.06877868024497981,0.11210418765172933,0.04996276368538732,0.07116936784151424,0.04974812852151025,0.05802142954865843,0.09022122726333844,0.06877868024497981,0.11210418765172933
0.0704847653546549,0.05021909490576173,0.07083377342480925,0.058273109265070275,0.09019729828365813,0.0689778450240483,0.09101763469348334,0.0704847653546549,0.05021909490576173,0.07083377342480925,0.058273109265070275,0.09019729828365813,0.0689778450240483,0.09101763469348334
0.049748089984524395,0.0502971778061546,0.09172936012668842,0.037430265561357694,0.09017919548696819,0.08948065556363212,0.09113800096406276,0.049748089984524395,0.0502971778061546,0.09172936012668842,0.037430265561357694,0.09017919548696819,0.08948065556363212,0.09113800096406276
0.03792784824625381,0.038042721048150166,0.038212587920065995,0.06720151202107387,0.16185594768832515,0.07759143376272254,0.07920558079076497,0.03792784824625381,0.038042721048150166,0.038212587920065995,0.06720151202107387,0.16185594768832515,0.07759143376272254,0.07920558079076497
0.03749940194307572,0.08044802441520524,0.03811937058802555,0.06663531195213063,0.07888440617345858,0.0773751549016741,0.12103925514392389,0.03749940194307572,0.08044802441520524,0.03811937058802555,0.06663531195213063,0.07888440617345858,0.0773751549016741,0.12103925514392389
0.03749658387562654,0.03799719864154426,0.03757715828756339,0.024690389884024496,0.16283986191150857,0.03566343095614222,0.16373757988049012,0.03749658387562654,0.03799719864154426,0.03757715828756339,0.024690389884024496,0.16283986191150857,0.03566343095614222,0.16373757988049012
0.0378038863295254,0.08013120259232563,0.08004090034931412,0.10845323040467754,0.07834121397546741,0.03608406155002324,0.0791538218519794,0.0378038863295254,0.08013120259232563,0.08004090034931412,0.10845323040467754,0.07834121397546741,0.03608406155002324,0.0791538218519794
0.04964811235551072,0.07086514515067158,0.050185043639827426,0.07881085206820106,0.09029198676823735,0.04827541408021526,0.11192998724203454,0.04964811235551072,0.07086514515067158,0.050185043639827426,0.07881085206820106,0.09029198676823735,0.04827541408021526,0.11192998724203454
0.0496963127604287,0.07094400021614822,0.050142556568886686,0.058036527637784295,0.1319101740413714,0.04826787310923364,0.0910035107255564,0.0496963127604287,0.07094400021614822,0.050142556568886686,0.058036527637784295,0.1319101740413714,0.04826787310923364,0.0910035107255564
0.049614957664477016,0.05005209046103046,0.04997243988340488,0.0585582247649778,0.11058754145749233,0.04814876250146166,0.1330739731392531,0.049614957664477016,0.05005209046103046,0.04997243988340488,0.0585582247649778,0.11058754145749233,0.04814876250146166,0.1330739731392531
0.049673147109275624,0.09169476835432117,0.050028617392628684,0.03739617211972868,0.11120099225819105,0.048078019506574345,0.11193048457751928,0.049673147109275624,0.09169476835432117,0.050028617392628684,0.03739617211972868,0.11120099225819105,0.048078019506574345,0.11193048457751928
0.0,0.5000000016588952,0.0,0.0,0.0,0.0,0.0,0.0,0.5000000016588952,0.0,0.0,0.0,0.0,0.0
