f_1,f_2,f_3,f_4,f_5,f_6,f_7,f_1_min,f_2_min,f_3_min,f_4_min,f_5_min,f_6_min,f_7_min
0.015701220547790263,0.015869878639641948,0.04496411115399587,0.4340128321410752,0.04940384296307618,0.43756855896373065,0.7959513311526597,0.015701220547790263,0.015869878639641948,0.04496411115399587,0.4340128321410752,0.04940384296307618,0.43756855896373065,0.7959513311526597
0.015731001063791827,0.044766560949415626,0.04566699791144351,0.40105168980635697,0.0163076857375205,0.43106546923351324,0.8122747384482188,0.015731001063791827,0.044766560949415626,0.04566699791144351,0.40105168980635697,0.0163076857375205,0.43106546923351324,0.8122747384482188
0.017568244456704848,0.10535409172421048,0.015209854308740884,0.4071731115885137,0.01566412698661093,0.4402648955759244,0.8029505314950701,0.017568244456704848,0.10535409172421048,0.015209854308740884,0.4071731115885137,0.01566412698661093,0.4402648955759244,0.8029505314950701
7.633378445903788e-18,0.12466253047357724,0.0,0.39883154439025575,0.11868404996993354,0.3972605826740157,0.8157081417319367,7.633378445903788e-18,0.12466253047357724,0.0,0.39883154439025575,0.11868404996993354,0.3972605826740157,0.8157081417319367
0.046113604587015196,0.016981848244551723,0.045362648079946485,0.4310050158673657,0.0164347479799423,0.398110742505242,0.8134964265488047,0.046113604587015196,0.016981848244551723,0.045362648079946485,0.4310050158673657,0.0164347479799423,0.398110742505242,0.8134964265488047
6.787941345828493e-18,0.11085549483417623,0.0,0.3731340167546524,0.0,0.37168957505170913,0.8562079157972714,6.787941345828493e-18,0.11085549483417623,0.0,0.3731340167546524,0.0,0.37168957505170913,0.8562079157972714
0.1857709959834385,0.0,0.0016776426578006631,0.4039694796695918,0.0638098423114231,0.40233079084410367,0.8069320085894373,0.1857709959834385,0.0,0.0016776426578006631,0.4039694796695918,0.0638098423114231,0.40233079084410367,0.8069320085894373
0.07735507956067847,0.039961569961746594,0.010289513698290266,0.4416975322585728,0.019248414579901226,0.409999644023607,0.801295311778565,0.07735507956067847,0.039961569961746594,0.010289513698290266,0.4416975322585728,0.019248414579901226,0.409999644023607,0.801295311778565
0.06941172684944126,0.07979489724390458,0.0183934429358633,0.4139279550597894,0.014309775927034757,0.413430665192815,0.807791188302549,0.06941172684944126,0.07979489724390458,0.0183934429358633,0.4139279550597894,0.014309775927034757,0.413430665192815,0.807791188302549
0.059004532336526,0.06006709147416477,0.06166207115681622,0.45858339196969483,0.0008696783072139903,0.3990640404522793,0.7958439936582844,0.059004532336526,0.06006709147416477,0.06166207115681622,0.45858339196969483,0.0008696783072139903,0.3990640404522793,0.7958439936582844
0.08017505292167021,0.04118577832565877,0.01620700541490867,0.40843473085846366,0.007622656541870569,0.4023205547241236,0.8219010778291819,0.08017505292167021,0.04118577832565877,0.01620700541490867,0.40843473085846366,0.007622656541870569,0.4023205547241236,0.8219010778291819
0.0487956093510642,0.05900402651843368,0.01283185465922146,0.39463018822162527,0.04276250710175699,0.39099492733598784,0.8335610273563444,0.0487956093510642,0.05900402651843368,0.01283185465922146,0.39463018822162527,0.04276250710175699,0.39099492733598784,0.8335610273563444
0.00012496078720517517,0.00012164534256802622,0.00009226662331036406,0.3540927451773549,0.050325650579500204,0.35553729336280315,0.8711639404339057,0.00012496078720517517,0.00012164534256802622,0.00009226662331036406,0.3540927451773549,0.050325650579500204,0.35553729336280315,0.8711639404339057
0.021227867994048622,0.01964650957410242,0.07465933702302179,0.40544377832332984,0.046938207111249054,0.4018450728778615,0.8235659916205157,0.021227867994048622,0.01964650957410242,0.07465933702302179,0.40544377832332984,0.046938207111249054,0.4018450728778615,0.8235659916205157
8.048053516681023e-18,0.1314346883082435,0.061652969401713276,0.45625463489149837,1.8647359448556594e-8,0.3984447635040317,0.7929258181851497,8.048053516681023e-18,0.1314346883082435,0.061652969401713276,0.45625463489149837,1.8647359448556594e-8,0.3984447635040317,0.7929258181851497
0.06018845074862857,0.0001774316483382533,0.0,0.3953310655475333,0.19238608663986262,0.40078511368760067,0.8119264114756457,0.06018845074862857,0.0001774316483382533,0.0,0.3953310655475333,0.19238608663986262,0.40078511368760067,0.8119264114756457
0.012995125862079373,0.014605981307595361,0.04475998616124595,0.4208752979316651,0.047668064094361605,0.40718365977258003,0.8159116134587413,0.012995125862079373,0.014605981307595361,0.04475998616124595,0.4208752979316651,0.047668064094361605,0.40718365977258003,0.8159116134587413
0.00018798593575890217,0.00002554367521505524,0.00003062416457148294,0.4924589016877339,0.057020117635132574,0.4355218607217515,0.7584165475853776,0.00018798593575890217,0.00002554367521505524,0.00003062416457148294,0.4924589016877339,0.057020117635132574,0.4355218607217515,0.7584165475853776
0.012254055465876112,0.017276030456488328,0.04865243354424071,0.4012719649224297,0.04559321061838435,0.43219598527974384,0.8138026383784838,0.012254055465876112,0.017276030456488328,0.04865243354424071,0.4012719649224297,0.04559321061838435,0.43219598527974384,0.8138026383784838
1.7334418227361163e-17,6.98851312288179e-18,1.687631371135318e-17,0.41125268942385884,3.2536315894904395e-6,0.4102925276382497,0.8210644660024436,1.7334418227361163e-17,6.98851312288179e-18,1.687631371135318e-17,0.41125268942385884,3.2536315894904395e-6,0.4102925276382497,0.8210644660024436
1.1062011958573592e-17,1.7409739044929423e-19,2.3127477309554772e-17,0.4186912631366089,0.0,0.4734728568923123,0.7831867275083495,1.1062011958573592e-17,1.7409739044929423e-19,2.3127477309554772e-17,0.4186912631366089,0.0,0.4734728568923123,0.7831867275083495
0.11038816552160532,0.0,0.00046659774170062373,0.5067916091746667,0.000693360863398441,0.383802974936333,0.7725038800280201,0.11038816552160532,0.0,0.00046659774170062373,0.5067916091746667,0.000693360863398441,0.383802974936333,0.7725038800280201
0.05753997111314662,0.055102329288669954,0.04798121991660391,0.4405995968311629,0.01873424542432003,0.41000518647167145,0.8022930226036108,0.05753997111314662,0.055102329288669954,0.04798121991660391,0.4405995968311629,0.01873424542432003,0.41000518647167145,0.8022930226036108
0.0007893304404588722,0.05190386184128156,0.012453877602382778,0.5096649538119747,0.05803734914904509,0.3897277861730873,0.7737881796297366,0.0007893304404588722,0.05190386184128156,0.012453877602382778,0.5096649538119747,0.05803734914904509,0.3897277861730873,0.7737881796297366
0.0439622716375687,0.040870194773014026,0.013527357768889366,0.42904205792767713,0.016649758534730878,0.40135812031291584,0.8134159760722051,0.0439622716375687,0.040870194773014026,0.013527357768889366,0.42904205792767713,0.016649758534730878,0.40135812031291584,0.8134159760722051
0.00025617084289509916,0.0007400358096877843,0.061799434685398565,0.546737384186665,6.766653994526291e-6,0.3734402128878422,0.7554445626349219,0.00025617084289509916,0.0007400358096877843,0.061799434685398565,0.546737384186665,6.766653994526291e-6,0.3734402128878422,0.7554445626349219
0.0539211343416021,0.0,0.05706695392203065,0.4003768108375571,0.05759875016852546,0.45568895111674507,0.798126667155564,0.0539211343416021,0.0,0.05706695392203065,0.4003768108375571,0.05759875016852546,0.45568895111674507,0.798126667155564
7.22224796406073e-18,0.1179482601692037,0.05762348922742152,0.3873738988573702,0.0,0.39539955503230634,0.8317657514069412,7.22224796406073e-18,0.1179482601692037,0.05762348922742152,0.3873738988573702,0.0,0.39539955503230634,0.8317657514069412
0.017025762637126452,0.04800504970589019,0.04639706092113175,0.40558702039069233,0.04621545397901837,0.4437554076408214,0.8010431243454176,0.017025762637126452,0.04800504970589019,0.04639706092113175,0.40558702039069233,0.04621545397901837,0.4437554076408214,0.8010431243454176
0.03554225737443656,0.04333912199128417,0.0125047892169891,0.40017894346767374,0.014547075118780587,0.4288242962979437,0.8118961777884204,0.03554225737443656,0.04333912199128417,0.0125047892169891,0.40017894346767374,0.014547075118780587,0.4288242962979437,0.8118961777884204
4.0358150688407324e-21,1.1262696223765545e-17,0.18393379960154024,0.40605485959131793,0.06272643255036366,0.40094944188313947,0.8080078783227634,4.0358150688407324e-21,1.1262696223765545e-17,0.18393379960154024,0.40605485959131793,0.06272643255036366,0.40094944188313947,0.8080078783227634
0.0014265320981623447,0.05651856110450026,0.0000947341719050661,0.38954389539576906,0.06019288276037891,0.5060419582136588,0.7755684325877199,0.0014265320981623447,0.05651856110450026,0.0000947341719050661,0.38954389539576906,0.06019288276037891,0.5060419582136588,0.7755684325877199
3.753037460923918e-18,0.06129175307585711,0.0001629474529645752,0.3521857052192911,0.0000619642067247041,0.3528402944365306,0.8711962710201157,3.753037460923918e-18,0.06129175307585711,0.0001629474529645752,0.3521857052192911,0.0000619642067247041,0.3528402944365306,0.8711962710201157
3.890883800959612e-18,0.063542954648942,0.0,0.3854948352551485,0.11897967375603555,0.38998945397454154,0.8335225497526125,3.890883800959612e-18,0.063542954648942,0.0,0.3854948352551485,0.11897967375603555,0.38998945397454154,0.8335225497526125
0.06992986604740788,0.014180965118648785,0.011410045588703463,0.4043092747029746,0.04807814533346277,0.4391233773262724,0.8017887731468919,0.06992986604740788,0.014180965118648785,0.011410045588703463,0.4043092747029746,0.04807814533346277,0.4391233773262724,0.8017887731468919
0.04006891398725324,0.04821721147181065,0.019082464396812316,0.3989873575113625,0.013530479643886328,0.3908817281878202,0.8299190144480223,0.04006891398725324,0.04821721147181065,0.019082464396812316,0.3989873575113625,0.013530479643886328,0.3908817281878202,0.8299190144480223
2.1168651572498392e-18,1.1665368462201057e-17,1.9777231753548827e-17,0.3765761536432372,0.05833977598332694,0.5458662981701067,0.7535407202952049,2.1168651572498392e-18,1.1665368462201057e-17,1.9777231753548827e-17,0.3765761536432372,0.05833977598332694,0.5458662981701067,0.7535407202952049
1.0881732706189741e-17,0.177712181402279,0.004032119753995508,0.38850408807834996,0.0,0.45877677151635715,0.7883809894311283,1.0881732706189741e-17,0.177712181402279,0.004032119753995508,0.38850408807834996,0.0,0.45877677151635715,0.7883809894311283
0.07907207661192817,0.032923625944167506,0.01655334258979231,0.40783795404108225,0.02000220837957306,0.440936020775597,0.8023441348704969,0.07907207661192817,0.032923625944167506,0.01655334258979231,0.40783795404108225,0.02000220837957306,0.440936020775597,0.8023441348704969
0.013330227723370426,0.07718416206953477,0.07384158006648937,0.4101129621084026,0.015930181159538707,0.41281603404704215,0.8126276431738522,0.013330227723370426,0.07718416206953477,0.07384158006648937,0.4101129621084026,0.015930181159538707,0.41281603404704215,0.8126276431738522
0.00003571949624403362,0.060665681856912054,0.00021806362989040237,0.4538670434013145,0.11809023331592054,0.3935932438275406,0.7967362861221136,0.00003571949624403362,0.060665681856912054,0.00021806362989040237,0.4538670434013145,0.11809023331592054,0.3935932438275406,0.7967362861221136
0.017158096266906855,0.01656500837140826,0.04860457075462114,0.40395731716442784,0.04616149771143068,0.46219932263046887,0.7946734297720798,0.017158096266906855,0.01656500837140826,0.04860457075462114,0.40395731716442784,0.04616149771143068,0.46219932263046887,0.7946734297720798
0.025617068735147297,0.014941814773459986,0.07232600197484836,0.412662884203798,0.04856236841317319,0.44861551185082604,0.7965812218524452,0.025617068735147297,0.014941814773459986,0.07232600197484836,0.412662884203798,0.04856236841317319,0.44861551185082604,0.7965812218524452
0.01828414419216247,0.02078060262006568,0.02110112337791572,0.48401415036534473,0.0478647711489329,0.40143659344803434,0.783348596681377,0.01828414419216247,0.02078060262006568,0.02110112337791572,0.48401415036534473,0.0478647711489329,0.40143659344803434,0.783348596681377
0.0004180405204644628,0.07655033468560825,0.182471375363354,0.39943647117846026,0.0026905644768129683,0.40066906499774413,0.8087908068839565,0.0004180405204644628,0.07655033468560825,0.182471375363354,0.39943647117846026,0.0026905644768129683,0.40066906499774413,0.8087908068839565
3.7445796946694005e-18,0.06115362727076121,0.055361231405352936,0.45975862622108077,0.05468411306733231,0.4036689602919853,0.7968402334592234,3.7445796946694005e-18,0.06115362727076121,0.055361231405352936,0.45975862622108077,0.05468411306733231,0.4036689602919853,0.7968402334592234
0.08077603440461714,0.016145899792957417,0.04801518848394162,0.4136153934128037,0.04731615058329931,0.41496172639209344,0.8105898801275002,0.08077603440461714,0.016145899792957417,0.04801518848394162,0.4136153934128037,0.04731615058329931,0.41496172639209344,0.8105898801275002
0.01767516996344838,0.04744512014090078,0.012974823909928301,0.4322727545174555,0.0744482195558493,0.41255648625079494,0.8030453236305984,0.01767516996344838,0.04744512014090078,0.012974823909928301,0.4322727545174555,0.0744482195558493,0.41255648625079494,0.8030453236305984
0.059821755449924345,0.00009739880763256185,0.00041505251505120623,0.37585007285237276,0.0533378762434764,0.36835581573769466,0.8556417472727206,0.059821755449924345,0.00009739880763256185,0.00041505251505120623,0.37585007285237276,0.0533378762434764,0.36835581573769466,0.8556417472727206
0.01682093555899866,0.008369215331413021,0.040194114938013184,0.48461494690886553,0.015032402960049865,0.4015834804525477,0.7832427207761,0.01682093555899866,0.008369215331413021,0.040194114938013184,0.48461494690886553,0.015032402960049865,0.4015834804525477,0.7832427207761
0.05229309299874082,0.05961221745414338,0.0,0.3736723208042946,7.842455969623783e-7,0.43740785613944083,0.8210814845036375,0.05229309299874082,0.05961221745414338,0.0,0.3736723208042946,7.842455969623783e-7,0.43740785613944083,0.8210814845036375
3.502588762970711e-18,0.05720161544388717,0.05845900718294556,0.44922397748230475,0.000544252539741687,0.4446311989897918,0.7769863318169148,3.502588762970711e-18,0.05720161544388717,0.05845900718294556,0.44922397748230475,0.000544252539741687,0.4446311989897918,0.7769863318169148
0.11679554159148935,0.0,0.00039101685949978883,0.39010642127281225,0.12159179957849646,0.4094298077285057,0.8155344362229187,0.11679554159148935,0.0,0.00039101685949978883,0.39010642127281225,0.12159179957849646,0.4094298077285057,0.8155344362229187
0.045731015919572494,0.017767333734786943,0.011927045754098404,0.4269352806004329,0.015617107355823064,0.4262730872053914,0.803573696189971,0.045731015919572494,0.017767333734786943,0.011927045754098404,0.4269352806004329,0.015617107355823064,0.4262730872053914,0.803573696189971
2.3104207865010837e-19,2.3956731774746292e-17,2.895233837425209e-19,0.3912898838161747,0.1771379233230659,0.39026624589224823,0.8228301859631832,2.3104207865010837e-19,2.3956731774746292e-17,2.895233837425209e-19,0.3912898838161747,0.1771379233230659,0.39026624589224823,0.8228301859631832
0.11688818720123975,0.11354096741657033,7.182397037753433e-7,0.4170388987889296,0.000051064981304492374,0.40927404124656375,0.8017873394014814,0.11688818720123975,0.11354096741657033,7.182397037753433e-7,0.4170388987889296,0.000051064981304492374,0.40927404124656375,0.8017873394014814
0.015180105252476844,0.015766703160348425,0.04790531318083797,0.4307286916658502,0.01685436076605672,0.4603324748649399,0.7854709543102967,0.015180105252476844,0.015766703160348425,0.04790531318083797,0.4307286916658502,0.01685436076605672,0.4603324748649399,0.7854709543102967
0.10898053304369697,0.022640385053776937,0.050670100969266565,0.4135882025915799,0.011981195653528379,0.4153599833470081,0.807319477041597,0.10898053304369697,0.022640385053776937,0.050670100969266565,0.4135882025915799,0.011981195653528379,0.4153599833470081,0.807319477041597
0.07786316399591041,0.11680957254792362,0.0,0.41526567624753347,0.06135722325252963,0.4022846405133545,0.8101048890314095,0.07786316399591041,0.11680957254792362,0.0,0.41526567624753347,0.06135722325252963,0.4022846405133545,0.8101048890314095
3.4075110077652453e-18,2.0721695452297154e-20,0.05564990682633572,0.4196488331049326,0.002367263064324961,0.3645738691080253,0.839234683202893,3.4075110077652453e-18,2.0721695452297154e-20,0.05564990682633572,0.4196488331049326,0.002367263064324961,0.3645738691080253,0.839234683202893
0.06409882590934737,0.18413212432181994,0.0009226666042732298,0.4085591994762327,0.0008506867934814434,0.4028992577249606,0.8027586053739952,0.06409882590934737,0.18413212432181994,0.0009226666042732298,0.4085591994762327,0.0008506867934814434,0.4028992577249606,0.8027586053739952
0.07412167281751192,0.015453582887139937,0.017745858114391576,0.40704591297270887,0.046043488015257705,0.4054384549795598,0.8238296230481384,0.07412167281751192,0.015453582887139937,0.017745858114391576,0.40704591297270887,0.046043488015257705,0.4054384549795598,0.8238296230481384
3.8013419268993205e-6,0.0011402100984223506,0.10992265450891042,0.3700140277595974,0.00016084647320598516,0.36858169586833067,0.8532027137965932,3.8013419268993205e-6,0.0011402100984223506,0.10992265450891042,0.3700140277595974,0.00016084647320598516,0.36858169586833067,0.8532027137965932
0.01724816048809702,0.04441696676032424,0.012496967937626852,0.4349731724014981,0.04884720020265085,0.435198512691088,0.7915895100904328,0.01724816048809702,0.04441696676032424,0.012496967937626852,0.4349731724014981,0.04884720020265085,0.435198512691088,0.7915895100904328
0.07711745915854394,0.018129333768047783,0.012905957219088215,0.3981557969768395,0.014874167287796853,0.4326900723417128,0.8127705772830425,0.07711745915854394,0.018129333768047783,0.012905957219088215,0.3981557969768395,0.014874167287796853,0.4326900723417128,0.8127705772830425
0.048555007664763374,0.01705872543718002,0.1047655371696019,0.42548572857661915,0.0166690128716669,0.4181459184662871,0.8023555356947121,0.048555007664763374,0.01705872543718002,0.1047655371696019,0.42548572857661915,0.0166690128716669,0.4181459184662871,0.8023555356947121
0.0004517584467829907,0.00009574280424790642,0.05837682394273543,0.4544423794362948,0.12005781818353384,0.3981996101009257,0.7931477201603095,0.0004517584467829907,0.00009574280424790642,0.05837682394273543,0.4544423794362948,0.12005781818353384,0.3981996101009257,0.7931477201603095
0.019638540057259922,0.01979111573088662,0.017095239652575294,0.4662084237463061,0.07142535482270393,0.40142438422687504,0.7937029128114401,0.019638540057259922,0.01979111573088662,0.017095239652575294,0.4662084237463061,0.07142535482270393,0.40142438422687504,0.7937029128114401
0.013358374602821846,0.015020464819708144,0.016473704230603542,0.39354832328253553,0.04446835565163609,0.4493288314802802,0.8071433743727647,0.013358374602821846,0.015020464819708144,0.016473704230603542,0.39354832328253553,0.04446835565163609,0.4493288314802802,0.8071433743727647
0.016697325553990398,0.04601335263275864,0.014621306393979521,0.4002646481202415,0.0451676593318183,0.43469044281599706,0.8152670011008776,0.016697325553990398,0.04601335263275864,0.014621306393979521,0.4002646481202415,0.0451676593318183,0.43469044281599706,0.8152670011008776
0.04542167418679814,0.017794671845568745,0.052461707520994,0.40758864190729766,0.04775518427548048,0.40381396188299395,0.8222606460669815,0.04542167418679814,0.017794671845568745,0.052461707520994,0.40758864190729766,0.04775518427548048,0.40381396188299395,0.8222606460669815
0.05336987499933298,0.05130410777399158,0.0445852711791577,0.4094846534078083,0.01749534375637195,0.44186194481334534,0.8017109256184329,0.05336987499933298,0.05130410777399158,0.0445852711791577,0.4094846534078083,0.01749534375637195,0.44186194481334534,0.8017109256184329
0.001107022829734325,0.0009257154883190017,0.05737991240274876,0.4944546860474085,0.00030868331349968,0.4364171238447659,0.758665432991071,0.001107022829734325,0.0009257154883190017,0.05737991240274876,0.4944546860474085,0.00030868331349968,0.4364171238447659,0.758665432991071
0.015200591752104168,0.04312074361288962,0.07860781342202386,0.40683793311179856,0.017591107679909606,0.44109879592792967,0.80389830732923,0.015200591752104168,0.04312074361288962,0.07860781342202386,0.40683793311179856,0.017591107679909606,0.44109879592792967,0.80389830732923
0.048788531163327924,0.016865531466348498,0.012211507886102422,0.4387195974755194,0.07547996406215811,0.40639266492963627,0.8039285523935281,0.048788531163327924,0.016865531466348498,0.012211507886102422,0.4387195974755194,0.07547996406215811,0.40639266492963627,0.8039285523935281
0.04827748764776094,0.055074388904768984,0.0009307859276098859,0.4401192247470393,0.00020514617320737137,0.383501991458427,0.8181521574098153,0.04827748764776094,0.055074388904768984,0.0009307859276098859,0.4401192247470393,0.00020514617320737137,0.383501991458427,0.8181521574098153
0.11599836838938932,0.00008288988939273531,0.0006212786764463603,0.3865185796506969,0.05678891095627729,0.3904909936854484,0.8337403735475332,0.11599836838938932,0.00008288988939273531,0.0006212786764463603,0.3865185796506969,0.05678891095627729,0.3904909936854484,0.8337403735475332
0.016989388532753003,0.015718200163216105,0.07228751201788129,0.4292790722776867,0.01714577499630336,0.3981734629785808,0.8133443012132294,0.016989388532753003,0.015718200163216105,0.07228751201788129,0.4292790722776867,0.01714577499630336,0.3981734629785808,0.8133443012132294
0.039952666007270675,0.044782839804740314,0.08687628707466914,0.409928800898525,0.013621469401192996,0.40954814971363346,0.8151721078204528,0.039952666007270675,0.044782839804740314,0.08687628707466914,0.409928800898525,0.013621469401192996,0.40954814971363346,0.8151721078204528
0.11890933179993601,0.0018801342513407526,0.0008240762054920044,0.39316672772443284,0.05897370040314314,0.45500164950201,0.7959893033285157,0.11890933179993601,0.0018801342513407526,0.0008240762054920044,0.39316672772443284,0.05897370040314314,0.45500164950201,0.7959893033285157
0.05283616124528559,0.0,0.0648981950376997,0.40772481179524744,0.11991063986149385,0.4051564047234432,0.814387786542963,0.05283616124528559,0.0,0.0648981950376997,0.40772481179524744,0.11991063986149385,0.4051564047234432,0.814387786542963
0.05052213359495455,0.015131853296012616,0.014885916463258203,0.4568477167747445,0.016885002805103407,0.4324082936975587,0.7826610555618465,0.05052213359495455,0.015131853296012616,0.014885916463258203,0.4568477167747445,0.016885002805103407,0.4324082936975587,0.7826610555618465
0.01384829883651386,0.015973451101481132,0.04032109241737064,0.3985738854702361,0.016032397161825706,0.45606557329033803,0.8031688905424038,0.01384829883651386,0.015973451101481132,0.04032109241737064,0.3985738854702361,0.016032397161825706,0.45606557329033803,0.8031688905424038
1.7756564542118927e-20,3.4808200744478245e-18,2.106811724654483e-17,0.34873295337372484,0.0,0.4014696517989728,0.854853014916528,1.7756564542118927e-20,3.4808200744478245e-18,2.106811724654483e-17,0.34873295337372484,0.0,0.4014696517989728,0.854853014916528
0.11595493079852955,0.0,0.0,0.3867174272770665,0.0,0.5044162854371718,0.7720000953161331,0.11595493079852955,0.0,0.0,0.3867174272770665,0.0,0.5044162854371718,0.7720000953161331
0.017111854050092974,0.019026610926039553,0.08312714915364687,0.4595191155207086,0.01761724049134178,0.4045186104182118,0.793275224815389,0.017111854050092974,0.019026610926039553,0.08312714915364687,0.4595191155207086,0.01761724049134178,0.4045186104182118,0.793275224815389
0.00006600877238968014,0.18420981607123005,0.0009158944626674038,0.40666925009869415,0.06406896442844726,0.40138793647593657,0.8085060624675179,0.00006600877238968014,0.18420981607123005,0.0009158944626674038,0.40666925009869415,0.06406896442844726,0.40138793647593657,0.8085060624675179
8.265460388721322e-18,2.598023899031216e-17,4.777753116825585e-18,0.4520295824374901,0.17861826340658704,0.3918548997377219,0.786498531248834,8.265460388721322e-18,2.598023899031216e-17,4.777753116825585e-18,0.4520295824374901,0.17861826340658704,0.3918548997377219,0.786498531248834
0.015563123954295915,0.02071430363533615,0.0449270506268166,0.45867915479697646,0.01804922204729469,0.43188814768661193,0.7812365836126546,0.015563123954295915,0.02071430363533615,0.0449270506268166,0.45867915479697646,0.01804922204729469,0.43188814768661193,0.7812365836126546
0.021713831300004975,0.02485761194800757,0.10227663219203766,0.4098710632093751,0.015871084807978837,0.4082514474587929,0.8154409275917485,0.021713831300004975,0.02485761194800757,0.10227663219203766,0.4098710632093751,0.015871084807978837,0.4082514474587929,0.8154409275917485
0.04668234349143602,0.050860171379443236,0.012684862616001212,0.41421709696061243,0.0772446585836733,0.41399989286732347,0.8108549978141619,0.04668234349143602,0.050860171379443236,0.012684862616001212,0.41421709696061243,0.0772446585836733,0.41399989286732347,0.8108549978141619
0.014720837070905955,0.018331092465395993,0.01661442202643475,0.4515275888955704,0.018329932020356092,0.41896780631052805,0.7960336994382469,0.014720837070905955,0.018331092465395993,0.01661442202643475,0.4515275888955704,0.018329932020356092,0.41896780631052805,0.7960336994382469
6.034777906206272e-6,0.00211440788018147,0.06284916082723027,0.3925989133502062,0.1185754154614649,0.4546018859968691,0.7973522322851239,6.034777906206272e-6,0.00211440788018147,0.06284916082723027,0.3925989133502062,0.1185754154614649,0.4546018859968691,0.7973522322851239
3.0703895540984785e-18,6.152630765085415e-17,1.006051245688532,0.0,0.0,0.0,0.0,3.0703895540984785e-18,6.152630765085415e-17,1.006051245688532,0.0,0.0,0.0,0.0
0.04447185270793169,0.015702889925705562,0.01824465947931607,0.3960348888083236,0.014428121929532845,0.45413141659677514,0.8024717161400599,0.04447185270793169,0.015702889925705562,0.01824465947931607,0.3960348888083236,0.014428121929532845,0.45413141659677514,0.8024717161400599
0.0707235574934896,0.11047247458712409,0.00005753190380588571,0.3923773776206461,0.00016615986855504004,0.45537656691763895,0.7962689260762743,0.0707235574934896,0.11047247458712409,0.00005753190380588571,0.3923773776206461,0.00016615986855504004,0.45537656691763895,0.7962689260762743
0.0033856970464219353,0.1215124792279983,0.00007360360539933391,0.45543822613752355,0.059246464524939056,0.3972578813759194,0.7944086134893059,0.0033856970464219353,0.1215124792279983,0.00007360360539933391,0.45543822613752355,0.059246464524939056,0.3972578813759194,0.7944086134893059
0.07009120783534314,0.020671612388694152,0.015857809578555294,0.4300416460176075,0.01589562234289244,0.40151852451206477,0.812810515563357,0.07009120783534314,0.020671612388694152,0.015857809578555294,0.4300416460176075,0.01589562234289244,0.40151852451206477,0.812810515563357
0.06921006758369085,0.006962052245730511,0.11134836049299536,0.3909570449595339,0.0013048792678728642,0.46375042496536134,0.7965601082777141,0.06921006758369085,0.006962052245730511,0.11134836049299536,0.3909570449595339,0.0013048792678728642,0.46375042496536134,0.7965601082777141
0.047802752406530584,0.1204734446690151,0.0003785012697760425,0.37926247995967155,0.000791130094263478,0.3879740190124291,0.8393875397016458,0.047802752406530584,0.1204734446690151,0.0003785012697760425,0.37926247995967155,0.000791130094263478,0.3879740190124291,0.8393875397016458
0.0596860190812014,0.0006397028568100702,0.0003046429673241846,0.4506946033359612,0.0644972673465942,0.45377874983112004,0.7712509047367334,0.0596860190812014,0.0006397028568100702,0.0003046429673241846,0.4506946033359612,0.0644972673465942,0.45377874983112004,0.7712509047367334
0.002640066665788966,0.1766457061683999,0.0,0.4517311402215314,0.0005898071924448055,0.3921862437946525,0.7918630858986698,0.002640066665788966,0.1766457061683999,0.0,0.4517311402215314,0.0005898071924448055,0.3921862437946525,0.7918630858986698
0.0004470837811072863,0.11872041564091346,0.05752340446409059,0.3991516180939385,1.4375775246932556e-6,0.456037913404717,0.795359581545965,0.0004470837811072863,0.11872041564091346,0.05752340446409059,0.3991516180939385,1.4375775246932556e-6,0.456037913404717,0.795359581545965
0.046943605836568265,0.01241208711324176,0.015955015546997214,0.45172982249190674,0.018308489042852254,0.39810273438155724,0.8029198942971576,0.046943605836568265,0.01241208711324176,0.015955015546997214,0.45172982249190674,0.018308489042852254,0.39810273438155724,0.8029198942971576
0.0025091506469034105,0.00035092592660601173,0.17484513581468258,0.4528501542947191,0.0,0.3912764232671987,0.7913662361895437,0.0025091506469034105,0.00035092592660601173,0.17484513581468258,0.4528501542947191,0.0,0.3912764232671987,0.7913662361895437
0.019079160526165866,0.01734032961983075,0.014758466049801534,0.4351628303929058,0.06921375245703101,0.43302311434597257,0.793957148310179,0.019079160526165866,0.01734032961983075,0.014758466049801534,0.4351628303929058,0.06921375245703101,0.43302311434597257,0.793957148310179
0.1150247853613093,0.0,0.06252900179285052,0.3808645739091695,0.0009643780215234694,0.38518404962697195,0.8377411709631071,0.1150247853613093,0.0,0.06252900179285052,0.3808645739091695,0.0009643780215234694,0.38518404962697195,0.8377411709631071
3.730931202770531e-18,0.0,0.06093073048275064,0.38169562885417996,0.05745149401564374,0.4348990576633268,0.8188850776418224,3.730931202770531e-18,0.0,0.06093073048275064,0.38169562885417996,0.05745149401564374,0.4348990576633268,0.8188850776418224
0.0507548047953365,0.00017436594057147203,0.054944178573174664,0.45157929701840444,0.0645471161282206,0.40623799842898084,0.7960442534968294,0.0507548047953365,0.00017436594057147203,0.054944178573174664,0.45157929701840444,0.0645471161282206,0.40623799842898084,0.7960442534968294
0.014885940203304089,0.019772440196121177,0.043033471183927224,0.4197090024517075,0.015560363375111932,0.39539506240263517,0.8221041909403036,0.014885940203304089,0.019772440196121177,0.043033471183927224,0.4197090024517075,0.015560363375111932,0.39539506240263517,0.8221041909403036
0.044824810592799615,0.04907822248662078,0.015363208604359253,0.40657240438524667,0.047123187815269356,0.44406503126593455,0.8023530197423944,0.044824810592799615,0.04907822248662078,0.015363208604359253,0.40657240438524667,0.047123187815269356,0.44406503126593455,0.8023530197423944
0.10705147596375711,0.015211135944304873,0.015723046296733073,0.40586092752541336,0.0161577616103818,0.43933220992810773,0.8010832600021549,0.10705147596375711,0.015211135944304873,0.015723046296733073,0.40586092752541336,0.0161577616103818,0.43933220992810773,0.8010832600021549
0.015320522068887411,0.018668666843058422,0.01674428871542268,0.3979545612486985,0.0702367236736524,0.4284498218095222,0.8142306382286522,0.015320522068887411,0.018668666843058422,0.01674428871542268,0.3979545612486985,0.0702367236736524,0.4284498218095222,0.8142306382286522
0.02056713880964843,0.07673315880170245,0.01611699775996344,0.41445461731553396,0.07746906707657858,0.4137590427494329,0.8108666070914976,0.02056713880964843,0.07673315880170245,0.01611699775996344,0.41445461731553396,0.07746906707657858,0.4137590427494329,0.8108666070914976
0.07955480715559428,0.007431116144518183,0.017802495957702814,0.4398768104868216,0.04510464205815,0.4091656499934293,0.8022310543647801,0.07955480715559428,0.007431116144518183,0.017802495957702814,0.4398768104868216,0.04510464205815,0.4091656499934293,0.8022310543647801
0.038540148727441624,0.04689480856978383,0.014031605080502317,0.4605076333166777,0.01781109165595427,0.40598485378472365,0.7940982063459202,0.038540148727441624,0.04689480856978383,0.014031605080502317,0.4605076333166777,0.01781109165595427,0.40598485378472365,0.7940982063459202
0.020081890290884544,0.02318369199057966,0.01560168171172544,0.39187249354923326,0.04520617349915275,0.4209528291997359,0.8230591715937097,0.020081890290884544,0.02318369199057966,0.01560168171172544,0.39187249354923326,0.04520617349915275,0.4209528291997359,0.8230591715937097
0.04933375860231444,0.11147237750296098,0.018141260772257393,0.40744061392782654,0.018259268110715716,0.4107124611216426,0.8137180763301417,0.04933375860231444,0.11147237750296098,0.018141260772257393,0.40744061392782654,0.018259268110715716,0.4107124611216426,0.8137180763301417
0.000059300244138800306,1.538468035176948e-6,0.12102543780396259,0.39653216737901675,0.060561446738722886,0.4559757990106433,0.7920559593385803,0.000059300244138800306,1.538468035176948e-6,0.12102543780396259,0.39653216737901675,0.060561446738722886,0.4559757990106433,0.7920559593385803
0.12186074447721597,0.0005106852455132664,0.1211211885346927,0.3995788380924175,0.0,0.4116400246066542,0.8091550172822526,0.12186074447721597,0.0005106852455132664,0.1211211885346927,0.3995788380924175,0.0,0.4116400246066542,0.8091550172822526
1.433959935715536e-17,2.1762148549214392e-17,1.0425009038505621e-19,0.42562420961660236,0.00003216126811706327,0.5354869955836348,0.736817753155669,1.433959935715536e-17,2.1762148549214392e-17,1.0425009038505621e-19,0.42562420961660236,0.00003216126811706327,0.5354869955836348,0.736817753155669
0.044364913667743394,0.04460123527522542,0.016031256822338986,0.4079221368626611,0.016495118363297843,0.465138915133685,0.7908161642376105,0.044364913667743394,0.04460123527522542,0.016031256822338986,0.4079221368626611,0.016495118363297843,0.465138915133685,0.7908161642376105
0.07532067503705508,0.023687979187074836,0.01624424816397395,0.41319657925211933,0.07686614080366862,0.41240248385848244,0.8131332086197962,0.07532067503705508,0.023687979187074836,0.01624424816397395,0.41319657925211933,0.07686614080366862,0.41240248385848244,0.8131332086197962
0.04123630535086096,0.049791665775975415,0.015162786508819972,0.39930407329313317,0.04605921679599427,0.4036111309270017,0.8291409461837671,0.04123630535086096,0.049791665775975415,0.015162786508819972,0.39930407329313317,0.04605921679599427,0.4036111309270017,0.8291409461837671
0.07440221402599494,0.016619638492768537,0.045710112602641344,0.43466197780224974,0.02000964067764244,0.40992035766875445,0.8011931777578513,0.07440221402599494,0.016619638492768537,0.045710112602641344,0.43466197780224974,0.02000964067764244,0.40992035766875445,0.8011931777578513
0.0015483777900005687,0.11937330158067538,0.0008272578391514679,0.39390829443303194,0.05909470393874182,0.4556785965426753,0.7973774670607464,0.0015483777900005687,0.11937330158067538,0.0008272578391514679,0.39390829443303194,0.05909470393874182,0.4556785965426753,0.7973774670607464
1.3816409530006405e-17,1.7607384670623634e-17,1.3701519561421312e-17,0.42856508059471454,0.05644042893926198,0.4296319064771818,0.8013298407103595,1.3816409530006405e-17,1.7607384670623634e-17,1.3701519561421312e-17,0.42856508059471454,0.05644042893926198,0.4296319064771818,0.8013298407103595
7.731741283591924e-19,1.9628545095715308e-17,9.816971322940204e-18,0.35863732807691423,0.0,0.46499587429958106,0.8174801187819846,7.731741283591924e-19,1.9628545095715308e-17,9.816971322940204e-18,0.35863732807691423,0.0,0.46499587429958106,0.8174801187819846
0.01696247914532768,0.04813157708568909,0.07785170294510849,0.40589253022082367,0.044026073695686056,0.40547444636270574,0.818877568875727,0.01696247914532768,0.04813157708568909,0.07785170294510849,0.40589253022082367,0.044026073695686056,0.40547444636270574,0.818877568875727
0.1768066463591248,0.0,0.000011112387579232519,0.39193685643779075,0.00017843142002619652,0.45372615279282813,0.7881781330611891,0.1768066463591248,0.0,0.000011112387579232519,0.39193685643779075,0.00017843142002619652,0.45372615279282813,0.7881781330611891
0.1146660370962159,0.0,0.0,0.3799030016143762,0.0,0.43496880853996944,0.816078182713235,0.1146660370962159,0.0,0.0,0.3799030016143762,0.0,0.43496880853996944,0.816078182713235
0.02712111426359789,0.041970566748404145,0.010804614344594456,0.43014853351401316,0.041539622206212594,0.40268257804349217,0.8126349527701663,0.02712111426359789,0.041970566748404145,0.010804614344594456,0.43014853351401316,0.041539622206212594,0.40268257804349217,0.8126349527701663
0.12547315560915376,0.0,0.059639163241619365,0.400451129675821,0.0,0.4506291584430554,0.7927274252202845,0.12547315560915376,0.0,0.059639163241619365,0.400451129675821,0.0,0.4506291584430554,0.7927274252202845
0.059707778347347584,0.00016507902036178037,2.4777404556919223e-7,0.45329636203022683,0.11778687613459579,0.39297268866653406,0.7961304893530928,0.059707778347347584,0.00016507902036178037,2.4777404556919223e-7,0.45329636203022683,0.11778687613459579,0.39297268866653406,0.7961304893530928
0.12086463253016587,0.000011445536510881967,0.00009322282830274015,0.4528343564416907,0.059124144086990536,0.3969200448491571,0.7938870922422545,0.12086463253016587,0.000011445536510881967,0.00009322282830274015,0.4528343564416907,0.059124144086990536,0.3969200448491571,0.7938870922422545
0.0162379489163261,0.048691029788829526,0.017114491283024228,0.4282976718075277,0.016602914510920753,0.45676599865020207,0.7874952562681603,0.0162379489163261,0.048691029788829526,0.017114491283024228,0.4282976718075277,0.016602914510920753,0.45676599865020207,0.7874952562681603
0.1899034591204272,0.0,0.050073193549720195,0.4051876945188278,0.0009749226497514466,0.40078307822962256,0.8050749041744409,0.1899034591204272,0.0,0.050073193549720195,0.4051876945188278,0.0009749226497514466,0.40078307822962256,0.8050749041744409
0.17644319218266133,0.0018955960195001075,0.00015865013654318768,0.4498024865502005,0.0,0.3906714374865051,0.7911660709979935,0.17644319218266133,0.0018955960195001075,0.00015865013654318768,0.4498024865502005,0.0,0.3906714374865051,0.7911660709979935
0.017286731827839498,0.019860435003395713,0.015384441309851633,0.4174633778198382,0.041720871137095064,0.3905458073113951,0.8269543886516235,0.017286731827839498,0.019860435003395713,0.015384441309851633,0.4174633778198382,0.041720871137095064,0.3905458073113951,0.8269543886516235
0.015358006565762337,0.017170284189584592,0.016260812194277153,0.4051092590745204,0.10358291225534248,0.40288023660424277,0.819827700293276,0.015358006565762337,0.017170284189584592,0.016260812194277153,0.4051092590745204,0.10358291225534248,0.40288023660424277,0.819827700293276
0.04981132517593085,0.01870935213323133,0.022353135189902836,0.41363056282556354,0.10592235464665173,0.4131766047401533,0.8097179341127964,0.04981132517593085,0.01870935213323133,0.022353135189902836,0.41363056282556354,0.10592235464665173,0.4131766047401533,0.8097179341127964
0.01993084280484271,0.07610027500924098,0.01753850328268479,0.4172664171832725,0.04916902945061728,0.44290679959266216,0.7958444677383824,0.01993084280484271,0.07610027500924098,0.01753850328268479,0.4172664171832725,0.04916902945061728,0.44290679959266216,0.7958444677383824
0.028239525824644625,0.03853675527810321,0.011301863319124122,0.4060390389406727,0.06985740378006558,0.4408083772732976,0.8042897394598966,0.028239525824644625,0.03853675527810321,0.011301863319124122,0.4060390389406727,0.06985740378006558,0.4408083772732976,0.8042897394598966
0.001992236885815916,0.0008130314638181673,0.06154369980908591,0.40506449638096903,0.19011793522045353,0.4069977430533306,0.8014885867530875,0.001992236885815916,0.0008130314638181673,0.06154369980908591,0.40506449638096903,0.19011793522045353,0.4069977430533306,0.8014885867530875
0.11220031201837466,0.0,0.000020099369180520385,0.4341773815136451,0.0,0.37980480549233203,0.817398685285009,0.11220031201837466,0.0,0.000020099369180520385,0.4341773815136451,0.0,0.37980480549233203,0.817398685285009
0.018162787389111017,0.014546828922269675,0.016444701477383805,0.3887224500934612,0.014266675709387699,0.47552196499244037,0.7951834095956499,0.018162787389111017,0.014546828922269675,0.016444701477383805,0.3887224500934612,0.014266675709387699,0.47552196499244037,0.7951834095956499
0.05276178441754476,0.0208954441481467,0.01385468060392641,0.3840606053692626,0.01588721931898486,0.38381822014213024,0.8448020883264304,0.05276178441754476,0.0208954441481467,0.01385468060392641,0.3840606053692626,0.01588721931898486,0.38381822014213024,0.8448020883264304
0.009367320535188284,0.010877622089615043,0.010777257008234602,0.41083431515308755,0.13618701978592246,0.40974312638066845,0.8111359027697775,0.009367320535188284,0.010877622089615043,0.010777257008234602,0.41083431515308755,0.13618701978592246,0.40974312638066845,0.8111359027697775
0.015580300354044698,0.01883788345792224,0.01294759338100756,0.423376133655041,0.046642182043441706,0.42121193844752736,0.8073277987523034,0.015580300354044698,0.01883788345792224,0.01294759338100756,0.423376133655041,0.046642182043441706,0.42121193844752736,0.8073277987523034
0.06817589025571447,0.0,0.00021334022766697478,0.427957479597371,0.0,0.42676088093827663,0.8018477461047908,0.06817589025571447,0.0,0.00021334022766697478,0.427957479597371,0.0,0.42676088093827663,0.8018477461047908
7.144744977547148e-18,1.8141783237534372e-19,0.11672014939717454,0.4460336621503011,0.00005498090017950066,0.44545995332997873,0.7750080187247371,7.144744977547148e-18,1.8141783237534372e-19,0.11672014939717454,0.4460336621503011,0.00005498090017950066,0.44545995332997873,0.7750080187247371
0.020015036570871295,0.017211041445301053,0.013259946811893802,0.42007148563446883,0.015977265463291528,0.4480870105619542,0.795302283337072,0.020015036570871295,0.017211041445301053,0.013259946811893802,0.42007148563446883,0.015977265463291528,0.4480870105619542,0.795302283337072
0.0452663180112412,0.018041108175375957,0.0432350422134785,0.3994447979383599,0.016263485086150255,0.3944133889101739,0.831154661274249,0.0452663180112412,0.018041108175375957,0.0432350422134785,0.3994447979383599,0.016263485086150255,0.3944133889101739,0.831154661274249
3.632266226902193e-18,0.05931940914606755,0.0004437136132477715,0.3728818644398802,0.053118928296583684,0.37080623582135436,0.8563297970400121,3.632266226902193e-18,0.05931940914606755,0.0004437136132477715,0.3728818644398802,0.053118928296583684,0.37080623582135436,0.8563297970400121
0.01623013162285862,0.046947453769279106,0.016201825783394245,0.46093344781563317,0.01567116670081925,0.4270526461418638,0.7850217079709039,0.01623013162285862,0.046947453769279106,0.016201825783394245,0.46093344781563317,0.01567116670081925,0.4270526461418638,0.7850217079709039
6.016940682977554e-17,1.2687043678729264e-18,8.772388014820494e-18,1.8062620321722805e-18,8.915134564579793e-18,1.7777398454356982e-18,1.004712987698241,6.016940682977554e-17,1.2687043678729264e-18,8.772388014820494e-18,1.8062620321722805e-18,8.915134564579793e-18,1.7777398454356982e-18,1.004712987698241
0.0180549869459106,0.10969476174539257,0.01638056849961532,0.4352812620061317,0.018821925962459064,0.40917641352977424,0.8011856747423108,0.0180549869459106,0.10969476174539257,0.01638056849961532,0.4352812620061317,0.018821925962459064,0.40917641352977424,0.8011856747423108
0.0035465041148542023,0.05750223724043829,0.0,0.49629340241286973,0.0,0.43544775399210206,0.7569391366490353,0.0035465041148542023,0.05750223724043829,0.0,0.49629340241286973,0.0,0.43544775399210206,0.7569391366490353
4.333429125516667e-18,0.0707702682689208,0.10990109215484946,0.385734166235601,0.00015537979931709112,0.393137553323897,0.8309612817808232,4.333429125516667e-18,0.0707702682689208,0.10990109215484946,0.385734166235601,0.00015537979931709112,0.393137553323897,0.8309612817808232
0.0019114147069655605,0.00042238010830142754,0.00016883416640963824,0.4355887914356035,0.061304103332842544,0.4948817653167374,0.7589399421422233,0.0019114147069655605,0.00042238010830142754,0.00016883416640963824,0.4355887914356035,0.061304103332842544,0.4948817653167374,0.7589399421422233
5.067895421712458e-18,5.511912480105065e-18,0.12228243058765177,0.4021823021022189,0.12206583713444161,0.39978741110882354,0.814231331930243,5.067895421712458e-18,5.511912480105065e-18,0.12228243058765177,0.4021823021022189,0.12206583713444161,0.39978741110882354,0.814231331930243
0.0008911069794322488,0.0025286499648156167,0.05692894299717845,0.4484199895290616,0.06341591658971164,0.44159982216112853,0.7797062045025901,0.0008911069794322488,0.0025286499648156167,0.05692894299717845,0.4484199895290616,0.06341591658971164,0.44159982216112853,0.7797062045025901
0.0017858634100102755,0.11314930903681192,0.0,0.43722394504195833,0.0007693203728995564,0.3825169813926956,0.8158545017103266,0.0017858634100102755,0.11314930903681192,0.0,0.43722394504195833,0.0007693203728995564,0.3825169813926956,0.8158545017103266
0.026735722253270335,0.07866859359384094,0.04670551726463805,0.4141980011754459,0.04687580944799886,0.4144174323235203,0.8100804558156607,0.026735722253270335,0.07866859359384094,0.04670551726463805,0.4141980011754459,0.04687580944799886,0.4144174323235203,0.8100804558156607
1.1640709938286618e-17,0.19010722024327883,0.05395798554645252,0.4059053853109406,0.0015845939272017427,0.40174406816000974,0.8058521132504025,1.1640709938286618e-17,0.19010722024327883,0.05395798554645252,0.4059053853109406,0.0015845939272017427,0.40174406816000974,0.8058521132504025
0.015539153386877686,0.022400483884052337,0.014098312530673368,0.5178988036504096,0.016113755387047558,0.38708795463830675,0.7730879686716936,0.015539153386877686,0.022400483884052337,0.014098312530673368,0.5178988036504096,0.016113755387047558,0.38708795463830675,0.7730879686716936
3.662994214540559e-18,0.05982123526703174,0.0006157803020013089,0.4089552149185977,0.1826759741126023,0.40756070147578904,0.8020063923082388,3.662994214540559e-18,0.05982123526703174,0.0006157803020013089,0.4089552149185977,0.1826759741126023,0.40756070147578904,0.8020063923082388
0.042747521308004736,0.012566658921756459,0.07382882285509629,0.4084717433755978,0.0164312205789854,0.4425093116195826,0.7998088363244671,0.042747521308004736,0.012566658921756459,0.07382882285509629,0.4084717433755978,0.0164312205789854,0.4425093116195826,0.7998088363244671
0.052201118821707373,0.07357181743518519,0.018300543005603107,0.4148335155266426,0.04788243395136071,0.40958493179276695,0.8138163109947154,0.052201118821707373,0.07357181743518519,0.018300543005603107,0.4148335155266426,0.04788243395136071,0.40958493179276695,0.8138163109947154
6.18200826184479e-17,1.0095985660761855,0.0,0.0,0.0,0.0,0.0,6.18200826184479e-17,1.0095985660761855,0.0,0.0,0.0,0.0,0.0
0.05615170052676968,0.0005475317845098982,0.000036980585942196606,0.41959659510219033,0.000054696474716304656,0.36212964049662033,0.837453050603433,0.05615170052676968,0.0005475317845098982,0.000036980585942196606,0.41959659510219033,0.000054696474716304656,0.36212964049662033,0.837453050603433
3.2417120008387646e-18,0.05294117459982373,0.06502718202319892,0.40698709779587044,0.11971211911852658,0.40883535637491897,0.8139397737913096,3.2417120008387646e-18,0.05294117459982373,0.06502718202319892,0.40698709779587044,0.11971211911852658,0.40883535637491897,0.8139397737913096
0.11027403767476206,0.052112257072722865,0.0008440297220161572,0.39496914511290226,0.0001660197248274457,0.4553244579213387,0.7957778572194322,0.11027403767476206,0.052112257072722865,0.0008440297220161572,0.39496914511290226,0.0001660197248274457,0.4553244579213387,0.7957778572194322
7.00108486405878e-18,8.495917087394013e-18,0.1797889195147837,0.3910409903579975,0.0,0.44938330549203864,0.7907246777064286,7.00108486405878e-18,8.495917087394013e-18,0.1797889195147837,0.3910409903579975,0.0,0.44938330549203864,0.7907246777064286
0.01627548635731296,0.07358263580881866,0.01675005483522885,0.43817098589329934,0.01635283578790685,0.432063523142621,0.7928974532268144,0.01627548635731296,0.07358263580881866,0.01675005483522885,0.43817098589329934,0.01635283578790685,0.432063523142621,0.7928974532268144
0.00045433333593004183,0.05887463141219906,0.05770096874316537,0.39019067288560266,0.0008650083345475135,0.5048662915550272,0.7781688253942419,0.00045433333593004183,0.05887463141219906,0.05770096874316537,0.39019067288560266,0.0008650083345475135,0.5048662915550272,0.7781688253942419
1.0633876916304527e-17,3.2614038085509437e-19,0.17374604826973034,0.3830206156903986,0.0008481845521081673,0.3885962521913313,0.8257194271055237,1.0633876916304527e-17,3.2614038085509437e-19,0.17374604826973034,0.3830206156903986,0.0008481845521081673,0.3885962521913313,0.8257194271055237
7.16081325746804e-18,0.11694495527124515,0.0002230279593457506,0.4512306777961296,0.0,0.4534199340748466,0.7675558647189631,7.16081325746804e-18,0.11694495527124515,0.0002230279593457506,0.4512306777961296,0.0,0.4534199340748466,0.7675558647189631
3.849820915695628e-6,0.00013958001428903815,0.05451600802223776,0.5081590295438694,0.05821549926602243,0.38861819096125927,0.7718711422482115,3.849820915695628e-6,0.00013958001428903815,0.05451600802223776,0.5081590295438694,0.05821549926602243,0.38861819096125927,0.7718711422482115
0.014644605281031444,0.01933843936543305,0.012207521759643437,0.39880128131521125,0.013666120808003342,0.505604501619228,0.7695305030706927,0.014644605281031444,0.01933843936543305,0.012207521759643437,0.39880128131521125,0.013666120808003342,0.505604501619228,0.7695305030706927
0.01924278359711538,0.050570725310793006,0.021136627788491947,0.4543641401711127,0.018384081295338566,0.3958350795597773,0.8029294849667625,0.01924278359711538,0.050570725310793006,0.021136627788491947,0.4543641401711127,0.018384081295338566,0.3958350795597773,0.8029294849667625
0.07080250536224363,0.0,0.12824245539571383,0.4599838241979531,0.0,0.3937037294276675,0.7969871682606129,0.07080250536224363,0.0,0.12824245539571383,0.4599838241979531,0.0,0.3937037294276675,0.7969871682606129
2.751996802633874e-20,2.7144967230179302e-17,2.485591189058397e-18,0.445165790257941,0.11721958178641767,0.44478820388141127,0.7741399345633927,2.751996802633874e-20,2.7144967230179302e-17,2.485591189058397e-18,0.445165790257941,0.11721958178641767,0.44478820388141127,0.7741399345633927
0.057627723206310405,0.0003569950115038363,0.0003692102844331051,0.4935747541622384,0.0,0.43610079761709647,0.7570180859358933,0.057627723206310405,0.0003569950115038363,0.0003692102844331051,0.4935747541622384,0.0,0.43610079761709647,0.7570180859358933
0.0874583046704061,0.03433348817947274,0.0508739331545861,0.41683616021093434,0.015350502979551558,0.412902234765428,0.8106415103648189,0.0874583046704061,0.03433348817947274,0.0508739331545861,0.41683616021093434,0.015350502979551558,0.412902234765428,0.8106415103648189
0.05365807198652709,0.00007412426487984206,0.0,0.37325051395589365,0.0001529502323521876,0.48643443097263156,0.7951433693318972,0.05365807198652709,0.00007412426487984206,0.0,0.37325051395589365,0.0001529502323521876,0.48643443097263156,0.7951433693318972
0.0007142028048630394,0.05943500577451966,0.0615033400830976,0.38111278191955844,0.007264025153332669,0.4301920858403917,0.8242445133553357,0.0007142028048630394,0.05943500577451966,0.0615033400830976,0.38111278191955844,0.007264025153332669,0.4301920858403917,0.8242445133553357
0.012924685725474146,0.04799360624075288,0.04730251789642999,0.44148514150904833,0.04271516457706046,0.40997497162861024,0.8027669829335312,0.012924685725474146,0.04799360624075288,0.04730251789642999,0.44148514150904833,0.04271516457706046,0.40997497162861024,0.8027669829335312
0.01637546671670534,0.04732585396649425,0.07811401149702328,0.4035305097199081,0.013417781756710954,0.4092139902074836,0.8200822036054043,0.01637546671670534,0.04732585396649425,0.07811401149702328,0.4035305097199081,0.013417781756710954,0.4092139902074836,0.8200822036054043
0.004698568738219921,0.07074339897802172,0.00002551866150756296,0.5409601270241208,0.0,0.382801966778454,0.7542516380155087,0.004698568738219921,0.07074339897802172,0.00002551866150756296,0.5409601270241208,0.0,0.382801966778454,0.7542516380155087
0.01661868674299095,0.04436241360881125,0.019484394460132476,0.4145664323691952,0.10450037111755602,0.412961450932324,0.8092912612923708,0.01661868674299095,0.04436241360881125,0.019484394460132476,0.4145664323691952,0.10450037111755602,0.412961450932324,0.8092912612923708
0.11980223044961466,0.0,0.061082175383852175,0.4083209972964921,0.0645503633157698,0.41131291087472543,0.808617067778933,0.11980223044961466,0.0,0.061082175383852175,0.4083209972964921,0.0645503633157698,0.41131291087472543,0.808617067778933
1.013245165085074,0.0,0.0,0.0,0.0,0.0,0.0,1.013245165085074,0.0,0.0,0.0,0.0,0.0,0.0
0.02300242220769011,0.026250812064681547,0.04896514398934525,0.39848748663922173,0.01386427254674997,0.4841594851413972,0.7843295415647814,0.02300242220769011,0.026250812064681547,0.04896514398934525,0.39848748663922173,0.01386427254674997,0.4841594851413972,0.7843295415647814
0.020050390761578482,0.04556791476833631,0.04688078148612771,0.40584858970914023,0.015513162556461449,0.46296303558019436,0.7923598922903341,0.020050390761578482,0.04556791476833631,0.04688078148612771,0.40584858970914023,0.015513162556461449,0.46296303558019436,0.7923598922903341
0.049259562328926386,0.06127739214176884,0.0008729380310303402,0.3997006302758544,0.05780482945152047,0.45287266635150497,0.8012416448697738,0.049259562328926386,0.06127739214176884,0.0008729380310303402,0.3997006302758544,0.05780482945152047,0.45287266635150497,0.8012416448697738
0.07698744911157117,0.018757633452742343,0.07470210825997539,0.4139209704202727,0.016080531664747176,0.41669529356602475,0.8097895966167659,0.07698744911157117,0.018757633452742343,0.07470210825997539,0.4139209704202727,0.016080531664747176,0.41669529356602475,0.8097895966167659
0.04610803125016653,0.012220605167216627,0.018628077704173518,0.43041222497874243,0.042735540559608556,0.402563870905362,0.8121570256168147,0.04610803125016653,0.012220605167216627,0.018628077704173518,0.43041222497874243,0.042735540559608556,0.402563870905362,0.8121570256168147
0.024570046044317208,0.022996733968891615,0.0763082817023145,0.4393089463570982,0.039866899044687897,0.4092675937788424,0.80184669035986,0.024570046044317208,0.022996733968891615,0.0763082817023145,0.4393089463570982,0.039866899044687897,0.4092675937788424,0.80184669035986
3.3189599117895163e-18,6.132911543777377e-18,0.11388402017122456,0.43664341684203045,0.0,0.37910200259768567,0.8154204261097234,3.3189599117895163e-18,6.132911543777377e-18,0.11388402017122456,0.43664341684203045,0.0,0.37910200259768567,0.8154204261097234
0.003230909938001385,0.24801737167678364,0.0,0.3885192829513476,0.0,0.3973121477276497,0.7997314029402849,0.003230909938001385,0.24801737167678364,0.0,0.3885192829513476,0.0,0.3973121477276497,0.7997314029402849
0.05723372292835644,0.0009160215039389931,0.0003964653734591781,0.38255363333574455,0.05405788584042729,0.43490508777294506,0.8188091889844767,0.05723372292835644,0.0009160215039389931,0.0003964653734591781,0.38255363333574455,0.05405788584042729,0.43490508777294506,0.8188091889844767
0.022724465582536203,0.047734246111342596,0.01309353005757828,0.40406413193503554,0.04577680439787585,0.46166951876700124,0.7944928910050992,0.022724465582536203,0.047734246111342596,0.01309353005757828,0.40406413193503554,0.04577680439787585,0.46166951876700124,0.7944928910050992
0.015651113964042836,0.022509122846812706,0.04443114789528911,0.3856263495311359,0.01636915790000731,0.3878963789694839,0.8447399984498752,0.015651113964042836,0.022509122846812706,0.04443114789528911,0.3856263495311359,0.01636915790000731,0.3878963789694839,0.8447399984498752
0.1263391904488612,0.05097571381082145,0.000959302779170553,0.46088130441397485,0.00008643324815857945,0.394170747771045,0.7920593396516928,0.1263391904488612,0.05097571381082145,0.000959302779170553,0.46088130441397485,0.00008643324815857945,0.394170747771045,0.7920593396516928
0.022199867261682917,0.02102233296313108,0.07232342726917064,0.4055953139267334,0.015529485676207197,0.4649315723936452,0.7898681323699047,0.022199867261682917,0.02102233296313108,0.07232342726917064,0.4055953139267334,0.015529485676207197,0.4649315723936452,0.7898681323699047
0.010885229946748667,0.01507473343920792,0.10610955604938534,0.4130584117196097,0.04637036206993788,0.4143883457204765,0.8104962391680999,0.010885229946748667,0.01507473343920792,0.10610955604938534,0.4130584117196097,0.04637036206993788,0.4143883457204765,0.8104962391680999
0.05713066939855037,0.05598337896541579,0.0004958746073560703,0.4979968112761495,0.0009142852007214012,0.38204399990661314,0.7822377694527173,0.05713066939855037,0.05598337896541579,0.0004958746073560703,0.4979968112761495,0.0009142852007214012,0.38204399990661314,0.7822377694527173
0.11847909718169276,0.05789374498564964,0.0003763616606163491,0.4057775768960024,0.06028517939375513,0.4149732093265026,0.8106186681154584,0.11847909718169276,0.05789374498564964,0.0003763616606163491,0.4057775768960024,0.06028517939375513,0.4149732093265026,0.8106186681154584
0.016783370252332352,0.04656877409772787,0.012519472916915944,0.42582964633765613,0.01465549693831883,0.42622877260604325,0.8027328704019339,0.016783370252332352,0.04656877409772787,0.012519472916915944,0.42582964633765613,0.01465549693831883,0.42622877260604325,0.8027328704019339
0.04613657877503653,0.015717358724955513,0.012782209881971159,0.42205336470004784,0.015809107331112644,0.39391594087738,0.8215563453414968,0.04613657877503653,0.015717358724955513,0.012782209881971159,0.42205336470004784,0.015809107331112644,0.39391594087738,0.8215563453414968
0.007684908385811953,0.008913386571273059,0.071965444138511,0.41768651017159575,0.07738990676367877,0.41595453684996475,0.8135595299999441,0.007684908385811953,0.008913386571273059,0.071965444138511,0.41768651017159575,0.07738990676367877,0.41595453684996475,0.8135595299999441
1.4198273295120493e-17,6.488293178901026e-18,2.3739305652593236e-17,0.4640036903423029,7.512848959508836e-7,0.35344267734587675,0.8189460008617192,1.4198273295120493e-17,6.488293178901026e-18,2.3739305652593236e-17,0.4640036903423029,7.512848959508836e-7,0.35344267734587675,0.8189460008617192
0.015668018151436192,0.0713764049264582,0.01489253778375618,0.43097212683751757,0.01632311968132242,0.3988354498797155,0.8126743376028103,0.015668018151436192,0.0713764049264582,0.01489253778375618,0.43097212683751757,0.01632311968132242,0.3988354498797155,0.8126743376028103
0.015306416537182455,0.018662092074089545,0.015442794080608063,0.4726962611798988,0.013965057334683891,0.3951645837743555,0.7992820771225544,0.015306416537182455,0.018662092074089545,0.015442794080608063,0.4726962611798988,0.013965057334683891,0.3951645837743555,0.7992820771225544
0.17358539545477336,0.0,0.00017363306849628866,0.380897919794599,0.00017370725363369642,0.39401193729773365,0.8266906526145026,0.17358539545477336,0.0,0.00017363306849628866,0.380897919794599,0.00017370725363369642,0.39401193729773365,0.8266906526145026
0.020288380546059914,0.07284343169081246,0.017722546742617255,0.4065112079984348,0.047141907058105295,0.40500922405165385,0.8242383199459176,0.020288380546059914,0.07284343169081246,0.017722546742617255,0.4065112079984348,0.047141907058105295,0.40500922405165385,0.8242383199459176
6.7277621254287505e-18,2.1693768137455525e-18,0.11544347249899194,0.3816131150907971,0.056838831573614274,0.39146095208131404,0.8338538576633806,6.7277621254287505e-18,2.1693768137455525e-18,0.11544347249899194,0.3816131150907971,0.056838831573614274,0.39146095208131404,0.8338538576633806
0.051881290870092675,0.0,0.002024198047628479,0.4352360129729107,0.00013977382933743894,0.49668039316733154,0.7587690491223106,0.051881290870092675,0.0,0.002024198047628479,0.4352360129729107,0.00013977382933743894,0.49668039316733154,0.7587690491223106
0.05833355732198383,0.0007305053666301947,0.05899288746191493,0.5064719783218818,0.00004731104053200787,0.3988127874557661,0.768857624262991,0.05833355732198383,0.0007305053666301947,0.05899288746191493,0.5064719783218818,0.00004731104053200787,0.3988127874557661,0.768857624262991
0.039490703321962466,0.019634554420683237,0.04184007094149419,0.46742623085457424,0.01854734235859356,0.4033658286692945,0.7928509520154944,0.039490703321962466,0.019634554420683237,0.04184007094149419,0.46742623085457424,0.01854734235859356,0.4033658286692945,0.7928509520154944
0.10237697114522543,0.024943672259631865,0.012278836414351433,0.40321899862111105,0.017500637902019812,0.4060217260981807,0.8202946810600349,0.10237697114522543,0.024943672259631865,0.012278836414351433,0.40321899862111105,0.017500637902019812,0.4060217260981807,0.8202946810600349
0.0019205988487471987,0.05895886891415412,0.05946198880760241,0.4401884214567389,0.0,0.37946469540719413,0.8178395462490939,0.0019205988487471987,0.05895886891415412,0.05946198880760241,0.4401884214567389,0.0,0.37946469540719413,0.8178395462490939
0.04509157328765077,0.0,0.04829797673927224,0.3696790437300817,0.0,0.3667757829183892,0.8584820811810068,0.04509157328765077,0.0,0.04829797673927224,0.3696790437300817,0.0,0.3667757829183892,0.8584820811810068
0.05919145943766494,9.006772505837055e-7,0.003151978617612938,0.38867268615506684,0.11588118876513434,0.3860339976151563,0.8345993492810094,0.05919145943766494,9.006772505837055e-7,0.003151978617612938,0.38867268615506684,0.11588118876513434,0.3860339976151563,0.8345993492810094
8.711527396001026e-18,2.4132055964315262e-17,0.0,0.41899952788797,0.05171253239695606,0.3630980920524141,0.8374052723725868,8.711527396001026e-18,2.4132055964315262e-17,0.0,0.41899952788797,0.05171253239695606,0.3630980920524141,0.8374052723725868
3.87898257710791e-18,0.0633485929136239,0.000022588900584345672,0.40024597103426346,0.1234039339349876,0.4574663472700272,0.7936505121890385,3.87898257710791e-18,0.0633485929136239,0.000022588900584345672,0.40024597103426346,0.1234039339349876,0.4574663472700272,0.7936505121890385
0.0012776301424592964,0.10654806431794925,0.00022326818242959892,0.5067559394173594,0.0,0.38318314701759404,0.7720837115855619,0.0012776301424592964,0.10654806431794925,0.00022326818242959892,0.5067559394173594,0.0,0.38318314701759404,0.7720837115855619
0.07855684409293648,0.04791777663646192,0.015464815659483098,0.41341170214258716,0.047885382419824346,0.4143883384393573,0.8114831538500306,0.07855684409293648,0.04791777663646192,0.015464815659483098,0.41341170214258716,0.047885382419824346,0.4143883384393573,0.8114831538500306
1.4433078899164323e-17,1.6231823023898914e-17,4.667932000524864e-18,0.36282392078264075,0.0,0.5260162466786228,0.7765893133154943,1.4433078899164323e-17,1.6231823023898914e-17,4.667932000524864e-18,0.36282392078264075,0.0,0.5260162466786228,0.7765893133154943
0.04405380359469579,0.021784422986675916,0.01629566206722019,0.39811202289689646,0.01591683476615904,0.48600192440797196,0.7856198355864998,0.04405380359469579,0.021784422986675916,0.01629566206722019,0.39811202289689646,0.01591683476615904,0.48600192440797196,0.7856198355864998
0.05078182246704083,0.07594015111923008,0.01709965898668854,0.43785145355988964,0.019239530251210942,0.41210745246021097,0.8004197714413913,0.05078182246704083,0.07594015111923008,0.01709965898668854,0.43785145355988964,0.019239530251210942,0.41210745246021097,0.8004197714413913
0.02102314714699163,0.06169816657164538,0.10392525821447927,0.4136978542048096,0.014624696165258386,0.4140238181080614,0.8094948839038336,0.02102314714699163,0.06169816657164538,0.10392525821447927,0.4136978542048096,0.014624696165258386,0.4140238181080614,0.8094948839038336
0.003272639596443726,0.018415938752787787,0.017633388779826096,0.4228582926430489,0.01595215075387198,0.4144644541562846,0.8138487642741069,0.003272639596443726,0.018415938752787787,0.017633388779826096,0.4228582926430489,0.01595215075387198,0.4144644541562846,0.8138487642741069
0.000029792661328972737,0.000011686064746975345,0.056323243813656505,0.3779993734703588,0.0,0.5474808828600942,0.7557964054666089,0.000029792661328972737,0.000011686064746975345,0.056323243813656505,0.3779993734703588,0.0,0.5474808828600942,0.7557964054666089
0.018348247989654093,0.05238623727728003,0.013630944823950001,0.4608520080490353,0.052691019505880086,0.4070062368558158,0.7946270392272269,0.018348247989654093,0.05238623727728003,0.013630944823950001,0.4608520080490353,0.052691019505880086,0.4070062368558158,0.7946270392272269
0.018184783216741846,0.0205703256922781,0.01821724732257025,0.41251849605714647,0.10681885311138256,0.4417344595115427,0.7969943795107474,0.018184783216741846,0.0205703256922781,0.01821724732257025,0.41251849605714647,0.10681885311138256,0.4417344595115427,0.7969943795107474
6.037115390878784e-17,0.0,1.2080198862671918e-17,1.0054802597086123,0.0,0.0,0.0,6.037115390878784e-17,0.0,1.2080198862671918e-17,1.0054802597086123,0.0,0.0,0.0
0.1275551860090192,0.001250092526892744,0.054015868366835924,0.46088332633668866,0.0,0.393046266464628,0.7929637855568423,0.1275551860090192,0.001250092526892744,0.054015868366835924,0.46088332633668866,0.0,0.393046266464628,0.7929637855568423
0.04904109743658637,0.05275152694313544,0.0,0.44528774996961923,0.0,0.4421932270691024,0.7834529470919721,0.04904109743658637,0.05275152694313544,0.0,0.44528774996961923,0.0,0.4421932270691024,0.7834529470919721
0.11757916630849187,0.00092787723842605,0.0,0.44584584411855416,0.0006589672496745662,0.44592921196489005,0.7756401269981511,0.11757916630849187,0.00092787723842605,0.0,0.44584584411855416,0.0006589672496745662,0.44592921196489005,0.7756401269981511
0.000380351082613002,0.054620518622998514,0.05651859904012508,0.3995620040690617,0.05746680390363061,0.45266655913300846,0.8016122365317303,0.000380351082613002,0.054620518622998514,0.05651859904012508,0.3995620040690617,0.05746680390363061,0.45266655913300846,0.8016122365317303
3.395084662413955e-18,0.0554459402462448,0.0,0.3630658633827571,0.0015623186081677575,0.4192593439473788,0.8367112800808592,3.395084662413955e-18,0.0554459402462448,0.0,0.3630658633827571,0.0015623186081677575,0.4192593439473788,0.8367112800808592
0.0495111582947127,0.05340229966417644,0.045533734412582516,0.40854150983782495,0.01643110343463297,0.40147404603681486,0.8222754607445738,0.0495111582947127,0.05340229966417644,0.045533734412582516,0.40854150983782495,0.01643110343463297,0.40147404603681486,0.8222754607445738
3.934163885139767e-18,6.193125398656771e-18,0.11982328104446614,0.45568674683026006,0.06002041496947101,0.3977911973002016,0.7942444450126973,3.934163885139767e-18,6.193125398656771e-18,0.11982328104446614,0.45568674683026006,0.06002041496947101,0.3977911973002016,0.7942444450126973
0.04619524536943189,0.015994776019903015,0.04844333847298541,0.4053562026415731,0.0164777533827464,0.46075341333188025,0.7929373191577174,0.04619524536943189,0.015994776019903015,0.04844333847298541,0.4053562026415731,0.0164777533827464,0.46075341333188025,0.7929373191577174
0.026253910418912327,0.1360909626949785,0.019837561115064278,0.406389180764392,0.016162207101407436,0.41415937723805885,0.8090789949090654,0.026253910418912327,0.1360909626949785,0.019837561115064278,0.406389180764392,0.016162207101407436,0.41415937723805885,0.8090789949090654
1.2019004754475585e-17,8.435870662250484e-20,1.8698936585067195e-17,0.36302174905302087,0.05520769242710044,0.4167380422958586,0.8392324798499198,1.2019004754475585e-17,8.435870662250484e-20,1.8698936585067195e-17,0.36302174905302087,0.05520769242710044,0.4167380422958586,0.8392324798499198
2.1476980583815344e-18,6.756588689178974e-18,0.11578387739521455,0.5024187320822975,0.0007017139133955399,0.3875107495093436,0.7730088479816775,2.1476980583815344e-18,6.756588689178974e-18,0.11578387739521455,0.5024187320822975,0.0007017139133955399,0.3875107495093436,0.7730088479816775
0.04708045164532392,0.015976517128610868,0.0473157688132107,0.44160881532452884,0.042727130432500274,0.4101676040517628,0.8030611465028843,0.04708045164532392,0.015976517128610868,0.0473157688132107,0.44160881532452884,0.042727130432500274,0.4101676040517628,0.8030611465028843
0.0018294386668128552,0.07624028877847622,0.11303527869644218,0.41066398450333935,0.06531944346268155,0.39937348910929393,0.8129144057340096,0.0018294386668128552,0.07624028877847622,0.11303527869644218,0.41066398450333935,0.06531944346268155,0.39937348910929393,0.8129144057340096
0.017311514764561494,0.044580114870743835,0.014109662334580919,0.4212671591477797,0.01595437579800176,0.3962847783613986,0.8200428728914748,0.017311514764561494,0.044580114870743835,0.014109662334580919,0.4212671591477797,0.01595437579800176,0.3962847783613986,0.8200428728914748
1.2599672974822338e-17,1.8473322550443468e-17,6.896154966742524e-19,0.36535686246715626,2.6975539282852697e-6,0.5857688301443424,0.7302853022239553,1.2599672974822338e-17,1.8473322550443468e-17,6.896154966742524e-19,0.36535686246715626,2.6975539282852697e-6,0.5857688301443424,0.7302853022239553
0.10445111067285115,0.03122108562213075,0.022092733290379182,0.4114023368500053,0.047455145624841065,0.410871267473923,0.813867528105062,0.10445111067285115,0.03122108562213075,0.022092733290379182,0.4114023368500053,0.047455145624841065,0.410871267473923,0.813867528105062
0.02618005766437774,0.07421517005606021,0.044784684021833936,0.4050953483431908,0.017515760732609277,0.44287169187160275,0.8039890276228634,0.02618005766437774,0.07421517005606021,0.044784684021833936,0.4050953483431908,0.017515760732609277,0.44287169187160275,0.8039890276228634
0.012383914011626451,0.018159449191545614,0.016850532444165303,0.4026474806078352,0.04591895798933103,0.4869430038982941,0.7846317896800725,0.012383914011626451,0.018159449191545614,0.016850532444165303,0.4026474806078352,0.04591895798933103,0.4869430038982941,0.7846317896800725
0.012860116952118255,0.07701417788519883,0.020546728467231677,0.4383890225825191,0.045489803212637285,0.40789710576158406,0.8047150954676818,0.012860116952118255,0.07701417788519883,0.020546728467231677,0.4383890225825191,0.045489803212637285,0.40789710576158406,0.8047150954676818
0.052174208462283045,0.04818207563218127,0.04139634339251653,0.41542536798650714,0.05416402644900071,0.414857982057462,0.8103335633904188,0.052174208462283045,0.04818207563218127,0.04139634339251653,0.41542536798650714,0.05416402644900071,0.414857982057462,0.8103335633904188
0.01651395954010443,0.019067789355749057,0.014012006209411012,0.4562774698449441,0.04507034691258599,0.3986920969695646,0.8019610087036979,0.01651395954010443,0.019067789355749057,0.014012006209411012,0.4562774698449441,0.04507034691258599,0.3986920969695646,0.8019610087036979
6.301807917101319e-18,2.83744654020563e-17,3.898085806719964e-18,5.410828312527201e-17,1.0050978230968113,0.0,0.0,6.301807917101319e-18,2.83744654020563e-17,3.898085806719964e-18,5.410828312527201e-17,1.0050978230968113,0.0,0.0
0.015119045402427296,0.04306935507020939,0.015126638170586446,0.39983909559693087,0.017800579266850636,0.48380627844162505,0.7864788781263481,0.015119045402427296,0.04306935507020939,0.015126638170586446,0.39983909559693087,0.017800579266850636,0.48380627844162505,0.7864788781263481
0.0745142987470981,0.01492359347112663,0.012299199757683444,0.39634795103325005,0.016649170029340677,0.3938801952521858,0.832593059406428,0.0745142987470981,0.01492359347112663,0.012299199757683444,0.39634795103325005,0.016649170029340677,0.3938801952521858,0.832593059406428
0.019810930165900322,0.02207809600796308,0.014522009203430141,0.4290627001795722,0.07148241380168874,0.4017618486998357,0.8124611350729868,0.019810930165900322,0.02207809600796308,0.014522009203430141,0.4290627001795722,0.07148241380168874,0.4017618486998357,0.8124611350729868
0.00911712332595306,0.023960292493518595,0.04197688858517844,0.40679575899179804,0.07006090855072888,0.4394357825792421,0.8036797521478218,0.00911712332595306,0.023960292493518595,0.04197688858517844,0.40679575899179804,0.07006090855072888,0.4394357825792421,0.8036797521478218
4.2958651321102305e-18,0.07015680170153843,0.12776930025081967,0.4577044084829303,0.0,0.3917527598050177,0.7965183139197292,4.2958651321102305e-18,0.07015680170153843,0.12776930025081967,0.4577044084829303,0.0,0.3917527598050177,0.7965183139197292
0.0722550755988567,0.014024501769575301,0.04435739645213118,0.40617197205481015,0.016142895535533497,0.40434267108565947,0.823457513563106,0.0722550755988567,0.014024501769575301,0.04435739645213118,0.40617197205481015,0.016142895535533497,0.40434267108565947,0.823457513563106
0.060806573165674345,0.0006547800777754297,0.00031036254728959966,0.3912470337650445,0.057318063090276504,0.5065377021095487,0.7711346894968636,0.060806573165674345,0.0006547800777754297,0.00031036254728959966,0.3912470337650445,0.057318063090276504,0.5065377021095487,0.7711346894968636
0.05710247948346551,0.0703856289645174,0.05188923425924589,0.4049685008263347,0.0701838372325295,0.40794147300857725,0.8155530201695025,0.05710247948346551,0.0703856289645174,0.05188923425924589,0.4049685008263347,0.0701838372325295,0.40794147300857725,0.8155530201695025
0.010092084699546497,0.012867299331174448,0.01596426291082112,0.38917189542168606,0.016383152754445303,0.4433779896338834,0.8178535814838146,0.010092084699546497,0.012867299331174448,0.01596426291082112,0.38917189542168606,0.016383152754445303,0.4433779896338834,0.8178535814838146
0.016115411175759094,0.0425302964624872,0.011552060076213684,0.4059052528592239,0.07241556232702821,0.4045243031839052,0.8213155388487474,0.016115411175759094,0.0425302964624872,0.011552060076213684,0.4059052528592239,0.07241556232702821,0.4045243031839052,0.8213155388487474
0.022208824593083695,0.10576223937576482,0.045983069559246074,0.4070548411246866,0.018880419194816818,0.4123336599472097,0.8155111658768031,0.022208824593083695,0.10576223937576482,0.045983069559246074,0.4070548411246866,0.018880419194816818,0.4123336599472097,0.8155111658768031
0.04346743224288539,0.0164509803091119,0.008450958924281613,0.4126319649757556,0.07446371142096941,0.44770364243298383,0.7970175762538801,0.04346743224288539,0.0164509803091119,0.008450958924281613,0.4126319649757556,0.07446371142096941,0.44770364243298383,0.7970175762538801
0.04621816720859266,0.05625254224963098,0.0016727614436430778,0.3772088763363162,0.0000773760027011775,0.3697415626566836,0.8534641097610394,0.04621816720859266,0.05625254224963098,0.0016727614436430778,0.3772088763363162,0.0000773760027011775,0.3697415626566836,0.8534641097610394
0.03730078246813513,0.0759443106566949,0.048751279066798846,0.41805238704817627,0.01707342809590689,0.41416372406239643,0.8118028046034734,0.03730078246813513,0.0759443106566949,0.048751279066798846,0.41805238704817627,0.01707342809590689,0.41416372406239643,0.8118028046034734
0.009845638375500438,0.013934377422550692,0.023620002556197946,0.3998625867957483,0.07027743096227262,0.4625946155653771,0.7962075157842872,0.009845638375500438,0.013934377422550692,0.023620002556197946,0.3998625867957483,0.07027743096227262,0.4625946155653771,0.7962075157842872
0.07272111141817046,0.0,0.11742811394669923,0.41744338631496586,0.06101873208175788,0.4040001232969791,0.8071305832475798,0.07272111141817046,0.0,0.11742811394669923,0.41744338631496586,0.06101873208175788,0.4040001232969791,0.8071305832475798
0.056091148274332606,0.0,0.0001899846503361622,0.48444382377336587,0.0,0.3693595276226825,0.7995877417989857,0.056091148274332606,0.0,0.0001899846503361622,0.48444382377336587,0.0,0.3693595276226825,0.7995877417989857
0.0002529472414525761,0.05794916145801049,0.0,0.4357021017821784,0.0,0.4955301475432871,0.7564965088349257,0.0002529472414525761,0.05794916145801049,0.0,0.4357021017821784,0.0,0.4955301475432871,0.7564965088349257
0.0225763111161854,0.01925961918480317,0.019397530063489238,0.4319956545184564,0.11212956485431846,0.40751850336103035,0.8034060393360857,0.0225763111161854,0.01925961918480317,0.019397530063489238,0.4319956545184564,0.11212956485431846,0.40751850336103035,0.8034060393360857
0.00006599157299381364,3.5271519355551845e-6,0.000039006547584205266,0.5023721961617371,0.12068664560608618,0.3856190937964429,0.7715548126661185,0.00006599157299381364,3.5271519355551845e-6,0.000039006547584205266,0.5023721961617371,0.12068664560608618,0.3856190937964429,0.7715548126661185
3.455441059339296e-18,0.05643163501092901,0.000052443804960685645,0.3709975273208232,0.0015817133162293379,0.48518182949031136,0.7961330574151476,3.455441059339296e-18,0.05643163501092901,0.000052443804960685645,0.3709975273208232,0.0015817133162293379,0.48518182949031136,0.7961330574151476
1.1986790911276272e-18,3.1955644498119733e-18,0.055738268020364475,0.4280012613750172,0.0,0.42861506340263833,0.799777171033318,1.1986790911276272e-18,3.1955644498119733e-18,0.055738268020364475,0.4280012613750172,0.0,0.42861506340263833,0.799777171033318
0.016238140647299677,0.01784718291660409,0.020281231591553633,0.43293752580428935,0.0445507480485152,0.45651427608869966,0.7825728935038949,0.016238140647299677,0.01784718291660409,0.020281231591553633,0.43293752580428935,0.0445507480485152,0.45651427608869966,0.7825728935038949
0.059472749162042496,0.003088829387586192,0.05679452313969811,0.4494665026415501,0.001347187727797944,0.45089038748506655,0.7833289962901144,0.059472749162042496,0.003088829387586192,0.05679452313969811,0.4494665026415501,0.001347187727797944,0.45089038748506655,0.7833289962901144
0.0017079711784679433,0.05577578029014109,0.00006173986121456514,0.4839812884364223,0.00010805850018029738,0.3721416617347433,0.8012765828172226,0.0017079711784679433,0.05577578029014109,0.00006173986121456514,0.4839812884364223,0.00010805850018029738,0.3721416617347433,0.8012765828172226
0.00012986046306943326,0.05935563759284305,0.0,0.45202925480617534,0.060197800492199256,0.45416565970275846,0.7718880274245474,0.00012986046306943326,0.05935563759284305,0.0,0.45202925480617534,0.060197800492199256,0.45416565970275846,0.7718880274245474
0.021519409910036875,0.04810561519993029,0.050804867472079275,0.4653417189866973,0.014147472527272822,0.4028898592670106,0.7920384483170547,0.021519409910036875,0.04810561519993029,0.050804867472079275,0.4653417189866973,0.014147472527272822,0.4028898592670106,0.7920384483170547
0.058651344809164965,0.0,0.00013994186361249112,0.35254508495483083,0.0001175440940928742,0.350447366124477,0.8738234384013297,0.058651344809164965,0.0,0.00013994186361249112,0.35254508495483083,0.0001175440940928742,0.350447366124477,0.8738234384013297
0.0018328826016788136,0.058139608860785785,0.06026860736538532,0.50916180635506,0.0001577732113297934,0.39402711137555774,0.7666758604015352,0.0018328826016788136,0.058139608860785785,0.06026860736538532,0.50916180635506,0.0001577732113297934,0.39402711137555774,0.7666758604015352
0.0708568560847998,0.015552886905667942,0.04352435352363688,0.4089575900745926,0.010685369660686136,0.43703028253504583,0.8028858879028035,0.0708568560847998,0.015552886905667942,0.04352435352363688,0.4089575900745926,0.010685369660686136,0.43703028253504583,0.8028858879028035
0.06175255345032177,0.00024433193821767307,0.06047488650146098,0.4390167567842376,0.0003254307533485445,0.38005545947748115,0.8173542691458812,0.06175255345032177,0.00024433193821767307,0.06047488650146098,0.4390167567842376,0.0003254307533485445,0.38005545947748115,0.8173542691458812
0.1389669757550774,0.0015574086655537492,0.019867690135748604,0.4074804581155118,0.017585125352065124,0.4153235505407442,0.809074139203228,0.1389669757550774,0.0015574086655537492,0.019867690135748604,0.4074804581155118,0.017585125352065124,0.4153235505407442,0.809074139203228
0.1102847453091783,0.0,0.00011254346072031541,0.37247418209786626,0.0,0.36881792586609485,0.85301751636035,0.1102847453091783,0.0,0.00011254346072031541,0.37247418209786626,0.0,0.36881792586609485,0.85301751636035
0.06139905446987591,0.0,0.054662066968818646,0.389133761885457,0.001407247279509004,0.5023194939850906,0.7758220004876133,0.06139905446987591,0.0,0.054662066968818646,0.389133761885457,0.001407247279509004,0.5023194939850906,0.7758220004876133
0.02055520045955846,0.07327640908585326,0.012317133674073135,0.3969258805859926,0.017793569953887717,0.3912597398491868,0.8341255804365159,0.02055520045955846,0.07327640908585326,0.012317133674073135,0.3969258805859926,0.017793569953887717,0.3912597398491868,0.8341255804365159
0.25547505284991384,0.008126000606745582,0.00053335231084173,0.38980659189530104,0.0,0.3989017601378852,0.7971938083769489,0.25547505284991384,0.008126000606745582,0.00053335231084173,0.38980659189530104,0.0,0.3989017601378852,0.7971938083769489
0.019077248477815917,0.0138727399194965,0.0177518407834075,0.37825743079578106,0.014450023489633283,0.38379037916308734,0.852519556049244,0.019077248477815917,0.0138727399194965,0.0177518407834075,0.37825743079578106,0.014450023489633283,0.38379037916308734,0.852519556049244
0.013235584894821179,0.04827719853883822,0.05147169415916846,0.40766512949286887,0.047633359025058,0.40462054090869054,0.8224627947981019,0.013235584894821179,0.04827719853883822,0.05147169415916846,0.40766512949286887,0.047633359025058,0.40462054090869054,0.8224627947981019
0.018868186532624762,0.10745343635898283,0.015447875339203767,0.41140611852778314,0.041706995455888546,0.4098885822191018,0.8120795518084778,0.018868186532624762,0.10745343635898283,0.015447875339203767,0.41140611852778314,0.041706995455888546,0.4098885822191018,0.8120795518084778
7.989120817837632e-21,3.2089519139799927e-17,6.910363375401546e-20,0.5240628491848809,0.00004363636743131597,0.3636446140053329,0.777133842421095,7.989120817837632e-21,3.2089519139799927e-17,6.910363375401546e-20,0.5240628491848809,0.00004363636743131597,0.3636446140053329,0.777133842421095
0.01945844725303763,0.022335702497480132,0.016430482428014603,0.46098031593580524,0.04607137051787714,0.4310114390195893,0.783421074474291,0.01945844725303763,0.022335702497480132,0.016430482428014603,0.46098031593580524,0.04607137051787714,0.4310114390195893,0.783421074474291
0.0006359005843130801,0.003296283156170368,0.13981866669793544,0.40594305253935087,0.016144464461819108,0.41370471900256195,0.8087496078974211,0.0006359005843130801,0.003296283156170368,0.13981866669793544,0.40594305253935087,0.016144464461819108,0.41370471900256195,0.8087496078974211
7.187009600646804e-18,0.11737277402187603,0.0004998037819600122,0.38530528981331735,0.055247798720412446,0.3886628866848871,0.8356686215164497,7.187009600646804e-18,0.11737277402187603,0.0004998037819600122,0.38530528981331735,0.055247798720412446,0.3886628866848871,0.8356686215164497
0.04932120517501777,0.11521956697680284,0.07088739001639274,0.4135339779025293,0.000018474765165956396,0.4018802763695406,0.8116252855911895,0.04932120517501777,0.11521956697680284,0.07088739001639274,0.4135339779025293,0.000018474765165956396,0.4018802763695406,0.8116252855911895
0.07510732763964657,0.01672990376566851,0.01631603914295871,0.4387706640127255,0.014910289280193447,0.4306473691148408,0.7915775444200741,0.07510732763964657,0.01672990376566851,0.01631603914295871,0.4387706640127255,0.014910289280193447,0.4306473691148408,0.7915775444200741
0.011670400019905363,0.019534048192181727,0.04082691765987398,0.39464600655973886,0.045856071788658845,0.3969257120789876,0.8348261935347464,0.011670400019905363,0.019534048192181727,0.04082691765987398,0.39464600655973886,0.045856071788658845,0.3969257120789876,0.8348261935347464
3.0861791623520082e-18,0.05040113058721463,0.0006893467995217383,0.4369500354013312,0.05948938475687006,0.38333561482881995,0.8171374217035712,3.0861791623520082e-18,0.05040113058721463,0.0006893467995217383,0.4369500354013312,0.05948938475687006,0.38333561482881995,0.8171374217035712
0.0034281540333484088,0.11491641308482779,0.00024249558239286133,0.38301392594525274,0.0,0.43469583122801086,0.8149182032122171,0.0034281540333484088,0.11491641308482779,0.00024249558239286133,0.38301392594525274,0.0,0.43469583122801086,0.8149182032122171
0.016528166285707625,0.01869545597136091,0.01947261591658502,0.3960933975252517,0.07221148868707473,0.3952886842124351,0.8329382759338685,0.016528166285707625,0.01869545597136091,0.01947261591658502,0.3960933975252517,0.07221148868707473,0.3952886842124351,0.8329382759338685
0.11160870357357852,0.056943410582451184,0.06358976286745896,0.4080692839935528,0.00041525470234496056,0.40743558328708834,0.8131196922684257,0.11160870357357852,0.056943410582451184,0.06358976286745896,0.4080692839935528,0.00041525470234496056,0.40743558328708834,0.8131196922684257
0.04932809112976178,0.014438246295347349,0.07865053191719493,0.4387830078938292,0.017626698109752485,0.4101000312153899,0.8007067273716365,0.04932809112976178,0.014438246295347349,0.07865053191719493,0.4387830078938292,0.017626698109752485,0.4101000312153899,0.8007067273716365
5.913696224335771e-18,3.293442432394741e-17,4.0806239961993174e-20,0.5464623460390857,0.05579189670513453,0.37587203511927814,0.7520082877466351,5.913696224335771e-18,3.293442432394741e-17,4.0806239961993174e-20,0.5464623460390857,0.05579189670513453,0.37587203511927814,0.7520082877466351
3.279976238349952e-17,0.0,2.7528715805593645e-20,0.5356609588774036,0.000017141878449570173,0.424358934730902,0.7369797975367638,3.279976238349952e-17,0.0,2.7528715805593645e-20,0.5356609588774036,0.000017141878449570173,0.424358934730902,0.7369797975367638
0.0148993624208726,0.016659840721093607,0.07966743516314119,0.43015025571691984,0.017574839463437925,0.4333839255926467,0.7935302745617165,0.0148993624208726,0.016659840721093607,0.07966743516314119,0.43015025571691984,0.017574839463437925,0.4333839255926467,0.7935302745617165
0.0004800776721878314,0.00015568048382020306,0.00048013707544085175,0.36630894190598684,0.11084571512629925,0.3635003795829779,0.8588531656945666,0.0004800776721878314,0.00015568048382020306,0.00048013707544085175,0.36630894190598684,0.11084571512629925,0.3635003795829779,0.8588531656945666
0.05580234766889613,0.0,0.0,0.37669131245520254,0.0,0.5474761826983447,0.7534116568634175,0.05580234766889613,0.0,0.0,0.37669131245520254,0.0,0.5474761826983447,0.7534116568634175
0.017739051673702894,0.04485199853219112,0.012725450510135074,0.39376541402146414,0.01531513353620501,0.42329878716361463,0.8208673040032166,0.017739051673702894,0.04485199853219112,0.012725450510135074,0.39376541402146414,0.01531513353620501,0.42329878716361463,0.8208673040032166
2.903097208807483e-17,0.0,2.0067006801403738e-19,0.4741230801137053,0.0,0.4178836759131051,0.7811890510303429,2.903097208807483e-17,0.0,2.0067006801403738e-19,0.4741230801137053,0.0,0.4178836759131051,0.7811890510303429
0.01922684414301069,0.07689614457546963,0.016798012160117004,0.465857825348335,0.017379445002387525,0.40491713410810165,0.7907608859097448,0.01922684414301069,0.07689614457546963,0.016798012160117004,0.465857825348335,0.017379445002387525,0.40491713410810165,0.7907608859097448
0.04265888931179417,0.01578236615831027,0.011552985206716113,0.4059377592111679,0.07242136162560502,0.4045566989444344,0.8213813127498606,0.04265888931179417,0.01578236615831027,0.011552985206716113,0.4059377592111679,0.07242136162560502,0.4045566989444344,0.8213813127498606
0.022225435734630632,0.04567636258088394,0.04121062310318432,0.3930227446516286,0.01601007445022447,0.3971436032887906,0.8339073245601338,0.022225435734630632,0.04567636258088394,0.04121062310318432,0.3930227446516286,0.01601007445022447,0.3971436032887906,0.8339073245601338
0.0669950595148383,0.0006471581986100224,0.00029397968986237457,0.5108593054596484,0.05890678390951628,0.3865374686917821,0.7713741526018095,0.0669950595148383,0.0006471581986100224,0.00029397968986237457,0.5108593054596484,0.05890678390951628,0.3865374686917821,0.7713741526018095
0.10656053678745761,0.022108392736898987,0.01603564930349101,0.43599030371223596,0.016617010481324156,0.40919000806475875,0.8012122934483853,0.10656053678745761,0.022108392736898987,0.01603564930349101,0.43599030371223596,0.016617010481324156,0.40919000806475875,0.8012122934483853
0.014609888845343524,0.016527145407010484,0.016315077332430004,0.452889803084284,0.011332264046692523,0.4581765968300997,0.7723751806226684,0.014609888845343524,0.016527145407010484,0.016315077332430004,0.452889803084284,0.011332264046692523,0.4581765968300997,0.7723751806226684
0.1146440667298462,0.061397578000135095,0.0,0.37822980499629516,0.0014441477630192682,0.3875615640915132,0.838251356663005,0.1146440667298462,0.061397578000135095,0.0,0.37822980499629516,0.0014441477630192682,0.3875615640915132,0.838251356663005
0.01786144097790154,0.020127661952008276,0.10262336638833452,0.4382930632071652,0.016965538398564975,0.4107153447833139,0.8001352441484191,0.01786144097790154,0.020127661952008276,0.10262336638833452,0.4382930632071652,0.016965538398564975,0.4107153447833139,0.8001352441484191
0.017233646730748224,0.019323200283590285,0.010108796411150879,0.4116372894124684,0.016686098107718823,0.3815334292440246,0.8339312502584343,0.017233646730748224,0.019323200283590285,0.010108796411150879,0.4116372894124684,0.016686098107718823,0.3815334292440246,0.8339312502584343
0.012529408439326716,0.07241744574493515,0.045584415577113416,0.40724760519954195,0.016386126512966722,0.4027919358814113,0.8224136102028008,0.012529408439326716,0.07241744574493515,0.045584415577113416,0.40724760519954195,0.016386126512966722,0.4027919358814113,0.8224136102028008
0.01795490125017129,0.044956756981716466,0.045272811832954035,0.4340457002769292,0.017008694816108172,0.4058582683621404,0.8100380097095593,0.01795490125017129,0.044956756981716466,0.045272811832954035,0.4340457002769292,0.017008694816108172,0.4058582683621404,0.8100380097095593
0.01776053830932806,0.021918784681489917,0.04323793839694837,0.426745620013136,0.016183220667298003,0.42448566821013844,0.8061836461231726,0.01776053830932806,0.021918784681489917,0.04323793839694837,0.426745620013136,0.016183220667298003,0.42448566821013844,0.8061836461231726
0.015144914088468122,0.020908851741677822,0.0455608109045348,0.45509696724942056,0.014157905510267913,0.39959670426264093,0.8008339552544389,0.015144914088468122,0.020908851741677822,0.0455608109045348,0.45509696724942056,0.014157905510267913,0.39959670426264093,0.8008339552544389
0.048419114005377406,0.01859102241985213,0.07804359631892376,0.4064342749027083,0.013156284707427158,0.40336773361121153,0.8207799369846789,0.048419114005377406,0.01859102241985213,0.07804359631892376,0.4064342749027083,0.013156284707427158,0.40336773361121153,0.8207799369846789
4.029860972701401e-19,3.528785300198111e-18,0.05800400904901481,0.43690932113433045,0.0007994962162059383,0.49559856007586167,0.7583687773406093,4.029860972701401e-19,3.528785300198111e-18,0.05800400904901481,0.43690932113433045,0.0007994962162059383,0.49559856007586167,0.7583687773406093
0.04737624267117121,0.010019604811118351,0.016294904780573483,0.48337113914432794,0.014621475334864511,0.40109599592591694,0.7831423568678253,0.04737624267117121,0.010019604811118351,0.016294904780573483,0.48337113914432794,0.014621475334864511,0.40109599592591694,0.7831423568678253
0.09850433869022976,0.0390054178294097,0.01499682340581312,0.4179572598604197,0.01547770617202124,0.4140009344905526,0.8091906181661236,0.09850433869022976,0.0390054178294097,0.01499682340581312,0.4179572598604197,0.01547770617202124,0.4140009344905526,0.8091906181661236
0.018130318117298174,0.04491191251246293,0.016371077987201676,0.4847247970020042,0.01454506051986523,0.40131310881589055,0.7838968513498333,0.018130318117298174,0.04491191251246293,0.016371077987201676,0.4847247970020042,0.01454506051986523,0.40131310881589055,0.7838968513498333
0.04576299291757398,0.017901676107832387,0.01980924677214332,0.3999658360668004,0.047919345209730534,0.4296071635585625,0.8140989400144167,0.04576299291757398,0.017901676107832387,0.01980924677214332,0.3999658360668004,0.047919345209730534,0.4296071635585625,0.8140989400144167
2.2073538814274336e-20,3.6095826469820804e-18,0.05895006040249662,0.388132082500724,0.11655433241935782,0.38462537242502903,0.8341509012909507,2.2073538814274336e-20,3.6095826469820804e-18,0.05895006040249662,0.388132082500724,0.11655433241935782,0.38462537242502903,0.8341509012909507
0.0004916457737028855,7.636379006070208e-7,0.054802198186611285,0.3745286839349344,0.0001600519415824877,0.4861801959868516,0.796138440611818,0.0004916457737028855,7.636379006070208e-7,0.054802198186611285,0.3745286839349344,0.0001600519415824877,0.4861801959868516,0.796138440611818
0.013346920375970935,0.019222911286486802,0.01819321263882692,0.3835427158727504,0.014118631099402807,0.40856413536714625,0.8355480318194474,0.013346920375970935,0.019222911286486802,0.01819321263882692,0.3835427158727504,0.014118631099402807,0.40856413536714625,0.8355480318194474
0.013370310379275831,0.014903272350240904,0.07328511214039495,0.3923698164147982,0.015243570303665377,0.3963407223681451,0.8341175964291853,0.013370310379275831,0.014903272350240904,0.07328511214039495,0.3923698164147982,0.015243570303665377,0.3963407223681451,0.8341175964291853
0.06046090282908415,0.06569041367337412,0.0008613400654274654,0.46166026831404466,0.05926374030196087,0.39742099092883465,0.7959118750585193,0.06046090282908415,0.06569041367337412,0.0008613400654274654,0.46166026831404466,0.05926374030196087,0.39742099092883465,0.7959118750585193
0.0006205084041583785,0.05722759760804135,0.000050192716442895024,0.38247716374878143,0.06117918370909855,0.43435162183107273,0.8183582132966742,0.0006205084041583785,0.05722759760804135,0.000050192716442895024,0.38247716374878143,0.06117918370909855,0.43435162183107273,0.8183582132966742
0.0009817166431249618,0.00001088138419441709,0.06082998195232059,0.3914208355877629,0.05733809624150823,0.5067617342131723,0.7714757478740498,0.0009817166431249618,0.00001088138419441709,0.06082998195232059,0.3914208355877629,0.05733809624150823,0.5067617342131723,0.7714757478740498
3.5681275189315955e-18,2.9839866231928068e-21,0.058271964931498436,0.43612775385635166,0.05831490974934037,0.3798078110983413,0.8182948113229827,3.5681275189315955e-18,2.9839866231928068e-21,0.058271964931498436,0.43612775385635166,0.05831490974934037,0.3798078110983413,0.8182948113229827
0.04070165443474029,0.05056393870777028,0.01540120525747835,0.4352911719569024,0.017696402972670337,0.4357564445658481,0.7947865152011593,0.04070165443474029,0.05056393870777028,0.01540120525747835,0.4352911719569024,0.017696402972670337,0.4357564445658481,0.7947865152011593
0.0629441585523254,0.000498307751833869,0.002763301920799104,0.5442893944598771,0.0007692476232711767,0.37742135670429416,0.7558451785741033,0.0629441585523254,0.000498307751833869,0.002763301920799104,0.5442893944598771,0.0007692476232711767,0.37742135670429416,0.7558451785741033
3.466816817501292e-18,0.05661741524029663,0.054715188242922284,0.37090415390062387,0.0009108954431537515,0.3742603909897826,0.8556847909388802,3.466816817501292e-18,0.05661741524029663,0.054715188242922284,0.37090415390062387,0.0009108954431537515,0.3742603909897826,0.8556847909388802
0.04864053321604838,0.016842364399321953,0.047204348222972765,0.439705812090453,0.016736732512989023,0.43372973010058774,0.7926608443730948,0.04864053321604838,0.016842364399321953,0.047204348222972765,0.439705812090453,0.016736732512989023,0.43372973010058774,0.7926608443730948
0.015858569139866618,0.0445478121572423,0.018292479338703097,0.39707290942562556,0.014636039379106215,0.45532873412229247,0.8044977098670085,0.015858569139866618,0.0445478121572423,0.018292479338703097,0.39707290942562556,0.014636039379106215,0.45532873412229247,0.8044977098670085
0.00015474813748926568,0.0009751865510080404,0.00004299330888689482,0.3991306481006358,0.24039345388725833,0.40023937217709216,0.7962335948239098,0.00015474813748926568,0.0009751865510080404,0.00004299330888689482,0.3991306481006358,0.24039345388725833,0.40023937217709216,0.7962335948239098
0.015540893179955911,0.02114402492526293,0.04550983148151356,0.4385543450182288,0.0759526110532585,0.4066164345110247,0.8039882455029035,0.015540893179955911,0.02114402492526293,0.04550983148151356,0.4385543450182288,0.0759526110532585,0.4066164345110247,0.8039882455029035
0.06188619075175348,0.055507214317688014,0.0025078760069693574,0.3926670636278622,0.011826644127175701,0.5052051119006122,0.7701126462337414,0.06188619075175348,0.055507214317688014,0.0025078760069693574,0.3926670636278622,0.011826644127175701,0.5052051119006122,0.7701126462337414
0.01497015046187884,0.01783282699538915,0.10762071992283552,0.4151965208309233,0.01627668981539225,0.4444065803460372,0.7942512005755981,0.01497015046187884,0.01783282699538915,0.10762071992283552,0.4151965208309233,0.01627668981539225,0.4444065803460372,0.7942512005755981
0.002856275986209176,0.11903285415902434,0.06156475118592601,0.4045109382536477,0.06389587670053033,0.4066230618102524,0.8127329350668985,0.002856275986209176,0.11903285415902434,0.06156475118592601,0.4045109382536477,0.06389587670053033,0.4066230618102524,0.8127329350668985
0.05574811577838756,0.007449016790219271,0.05574107409229895,0.3834466155482656,0.000185070189378004,0.4407731822453757,0.8156788298324186,0.05574811577838756,0.007449016790219271,0.05574107409229895,0.3834466155482656,0.000185070189378004,0.4407731822453757,0.8156788298324186
0.0010912000317773584,0.11564215042879679,0.0002759404638852157,0.38572671859849006,0.0,0.5047960825755323,0.7722696146757916,0.0010912000317773584,0.11564215042879679,0.0002759404638852157,0.38572671859849006,0.0,0.5047960825755323,0.7722696146757916
2.122864195450665e-17,6.35517987338192e-18,1.0598733072847827e-17,0.4011561080601892,0.0010903146181951743,0.3481618747636613,0.8534885148392002,2.122864195450665e-17,6.35517987338192e-18,1.0598733072847827e-17,0.4011561080601892,0.0010903146181951743,0.3481618747636613,0.8534885148392002
0.0029966673567880923,0.05710159551225429,0.05889533972324659,0.38855920869480487,0.05668587967007079,0.3901085912773147,0.8369042035137652,0.0029966673567880923,0.05710159551225429,0.05889533972324659,0.38855920869480487,0.05668587967007079,0.3901085912773147,0.8369042035137652
0.0023140387449004604,0.11876372616463629,0.12026367956359492,0.392343389521327,0.0,0.4101881147797173,0.8125997060489378,0.0023140387449004604,0.11876372616463629,0.12026367956359492,0.392343389521327,0.0,0.4101881147797173,0.8125997060489378
0.04710603002794722,0.07147290288432206,0.0169686379299113,0.40796968288606233,0.020008668954859848,0.4408990667035605,0.802371489776014,0.04710603002794722,0.07147290288432206,0.0169686379299113,0.40796968288606233,0.020008668954859848,0.4408990667035605,0.802371489776014
0.013251159619110046,0.015059162875273003,0.014837000274603157,0.42351183833935785,0.017157518910687553,0.48565275215850034,0.7713624089760399,0.013251159619110046,0.015059162875273003,0.014837000274603157,0.42351183833935785,0.017157518910687553,0.48565275215850034,0.7713624089760399
0.016952963465468453,0.04521826102092172,0.0126613823704256,0.38994404958658463,0.0203569892977794,0.391600062468665,0.8398217294077801,0.016952963465468453,0.04521826102092172,0.0126613823704256,0.38994404958658463,0.0203569892977794,0.391600062468665,0.8398217294077801
0.02316170476116563,0.07319615792703989,0.017503629258239305,0.4058197734681298,0.017510255155981366,0.4640510332629691,0.791210305803139,0.02316170476116563,0.07319615792703989,0.017503629258239305,0.4058197734681298,0.017510255155981366,0.4640510332629691,0.791210305803139
0.0008127367195439408,0.05139265264916329,0.0004918638455319903,0.43397175460429993,0.0006082791452800483,0.4257654026309713,0.8012755646465275,0.0008127367195439408,0.05139265264916329,0.0004918638455319903,0.43397175460429993,0.0006082791452800483,0.4257654026309713,0.8012755646465275
0.01631704849344808,0.018564067717330386,0.010807312829659627,0.4814229571011065,0.018066336451235808,0.42839799056360406,0.7720509284947732,0.01631704849344808,0.018564067717330386,0.010807312829659627,0.4814229571011065,0.018066336451235808,0.42839799056360406,0.7720509284947732
0.014708303260396344,0.018864289416606086,0.014804911920686913,0.4426006036814095,0.016869630770256945,0.3871712758423756,0.8159161777842451,0.014708303260396344,0.018864289416606086,0.014804911920686913,0.4426006036814095,0.016869630770256945,0.3871712758423756,0.8159161777842451
0.019563325893993292,0.048772819132856485,0.04440838358977487,0.4373032588039929,0.016619833920552097,0.4318669893874556,0.7935294021398178,0.019563325893993292,0.048772819132856485,0.04440838358977487,0.4373032588039929,0.016619833920552097,0.4318669893874556,0.7935294021398178
0.00002054145846491746,0.17849909577055773,0.004034087974473998,0.3846280820712774,0.0,0.38642071469990324,0.8290823932079028,0.00002054145846491746,0.17849909577055773,0.004034087974473998,0.3846280820712774,0.0,0.38642071469990324,0.8290823932079028
0.0019740011864007303,0.0,0.05637495588218439,0.354513217928963,0.0012661940624121698,0.3543102489863141,0.8715809559758393,0.0019740011864007303,0.0,0.05637495588218439,0.354513217928963,0.0012661940624121698,0.3543102489863141,0.8715809559758393
0.07928228029085771,0.006655692299722855,0.18222437423290747,0.403215755000523,0.002020238333481915,0.40409233572178893,0.8035770639316884,0.07928228029085771,0.006655692299722855,0.18222437423290747,0.403215755000523,0.002020238333481915,0.40409233572178893,0.8035770639316884
3.885735920291638e-18,0.06345888337759162,0.11027559155683243,0.4022477278839859,0.0,0.4564958877164282,0.7984563532010303,3.885735920291638e-18,0.06345888337759162,0.11027559155683243,0.4022477278839859,0.0,0.4564958877164282,0.7984563532010303
2.981255734683153e-18,0.04868760097619688,0.009580876009907112,0.4214842516526871,0.0,0.3642704591768534,0.8382266764280389,2.981255734683153e-18,0.04868760097619688,0.009580876009907112,0.4214842516526871,0.0,0.3642704591768534,0.8382266764280389
2.5246201696853473e-18,6.528395264841474e-18,1.7606129237602823e-18,6.00531836293314e-17,1.0652778457765122e-17,1.0030040371290951,0.0,2.5246201696853473e-18,6.528395264841474e-18,1.7606129237602823e-18,6.00531836293314e-17,1.0652778457765122e-17,1.0030040371290951,0.0
0.0010998055239793854,0.002031079093519908,0.055309116642567595,0.48326387286911476,9.008929960671293e-6,0.3715584559650636,0.7997615971337477,0.0010998055239793854,0.002031079093519908,0.055309116642567595,0.48326387286911476,9.008929960671293e-6,0.3715584559650636,0.7997615971337477
0.061465422420454746,0.0,0.0007814038569484548,0.4003529489882889,0.12035660988272599,0.4569652225675822,0.790231022032044,0.061465422420454746,0.0,0.0007814038569484548,0.4003529489882889,0.12035660988272599,0.4569652225675822,0.790231022032044
0.019975909325219945,0.02227503188577899,0.04514089354384788,0.4095818952359578,0.07233841163508972,0.40244500391199006,0.8223615518548398,0.019975909325219945,0.02227503188577899,0.04514089354384788,0.4095818952359578,0.07233841163508972,0.40244500391199006,0.8223615518548398
0.052106662960393256,0.11553731072594176,0.016578349576113753,0.4651538694097479,0.0002093333028765385,0.39192102113816313,0.7921558952476887,0.052106662960393256,0.11553731072594176,0.016578349576113753,0.4651538694097479,0.0002093333028765385,0.39192102113816313,0.7921558952476887
0.03983772063271519,0.07974853091856456,0.015690898841856975,0.4068645133980183,0.016676421865069374,0.4051894807736479,0.823720216637771,0.03983772063271519,0.07974853091856456,0.015690898841856975,0.4068645133980183,0.016676421865069374,0.4051894807736479,0.823720216637771
0.0765925783588849,0.017060738351076264,0.01662980081515273,0.4629467869411706,0.01736700228851492,0.40348301372497325,0.7906337792870964,0.0765925783588849,0.017060738351076264,0.01662980081515273,0.4629467869411706,0.01736700228851492,0.40348301372497325,0.7906337792870964
0.05124231371695226,0.018964188331696375,0.04880966775831641,0.4105818984013531,0.04981904546123162,0.44013216423993323,0.803044535407075,0.05124231371695226,0.018964188331696375,0.04880966775831641,0.4105818984013531,0.04981904546123162,0.44013216423993323,0.803044535407075
0.056017620854886575,0.06316311400689331,0.1315643827015846,0.3990816935838737,0.0,0.41010475264723856,0.813187616953029,0.056017620854886575,0.06316311400689331,0.1315643827015846,0.3990816935838737,0.0,0.41010475264723856,0.813187616953029
0.04445077140233756,0.020576546400912055,0.011004117942098754,0.4579801314615777,0.05243835905384852,0.40629515429333546,0.7960716066155332,0.04445077140233756,0.020576546400912055,0.011004117942098754,0.4579801314615777,0.05243835905384852,0.40629515429333546,0.7960716066155332
1.9365112965220414e-17,7.732697891917434e-18,9.267116716922715e-18,0.37265357172721325,0.05690156054055619,0.4851838353714397,0.7970019814961712,1.9365112965220414e-17,7.732697891917434e-18,9.267116716922715e-18,0.37265357172721325,0.05690156054055619,0.4851838353714397,0.7970019814961712
6.628624700976957e-8,1.9492924952754553e-9,9.506002524669189e-7,0.48482188157626593,0.05692908115230827,0.37132942277601216,0.7966406763294093,6.628624700976957e-8,1.9492924952754553e-9,9.506002524669189e-7,0.48482188157626593,0.05692908115230827,0.37132942277601216,0.7966406763294093
0.046098075247425215,0.021697031609128455,0.012311937807596953,0.4299851217728239,0.01683622505833488,0.46024860674346113,0.7848241150294055,0.046098075247425215,0.021697031609128455,0.012311937807596953,0.4299851217728239,0.01683622505833488,0.46024860674346113,0.7848241150294055
0.017268690863776227,0.10521702175860988,0.015367490280287976,0.404051920467487,0.015631869367487252,0.40291541964164906,0.8214694777820879,0.017268690863776227,0.10521702175860988,0.015367490280287976,0.404051920467487,0.015631869367487252,0.40291541964164906,0.8214694777820879
0.012260922711557263,0.013613670961366665,0.047780121551836245,0.41495411369442564,0.10277232756837212,0.4129148639349166,0.8091999635457979,0.012260922711557263,0.013613670961366665,0.047780121551836245,0.41495411369442564,0.10277232756837212,0.4129148639349166,0.8091999635457979
2.5348230404508492e-17,7.901020343243947e-18,1.1245953555777348e-18,0.43400053395939087,0.11344946601013015,0.3771229951873578,0.8159482878056171,2.5348230404508492e-17,7.901020343243947e-18,1.1245953555777348e-18,0.43400053395939087,0.11344946601013015,0.3771229951873578,0.8159482878056171
0.00013523113803935738,0.0002966728698750888,2.425576398640801e-8,0.37962471340436177,0.11414353384816023,0.4363746785146601,0.8142260544341025,0.00013523113803935738,0.0002966728698750888,2.425576398640801e-8,0.37962471340436177,0.11414353384816023,0.4363746785146601,0.8142260544341025
0.056520585613505106,0.06838648930767836,0.0,0.4061626646568856,0.12332895153302378,0.4103313956129401,0.8129360715662884,0.056520585613505106,0.06838648930767836,0.0,0.4061626646568856,0.12332895153302378,0.4103313956129401,0.8129360715662884
0.012356873005987958,0.04651722639500891,0.07934597950215956,0.43959588007270084,0.017683222862360858,0.40913731526803526,0.8021768748876058,0.012356873005987958,0.04651722639500891,0.07934597950215956,0.43959588007270084,0.017683222862360858,0.40913731526803526,0.8021768748876058
0.046378853532865805,0.015413097081314527,0.01154133793179346,0.43477966632589543,0.04468044303385437,0.4346572692688754,0.7932162087437993,0.046378853532865805,0.015413097081314527,0.01154133793179346,0.43477966632589543,0.04468044303385437,0.4346572692688754,0.7932162087437993
3.156017415968004e-18,1.1951065807574177e-18,0.05511333730325268,0.36336215116367726,0.0015833044074843577,0.4192500194129018,0.8375308177882484,3.156017415968004e-18,1.1951065807574177e-18,0.05511333730325268,0.36336215116367726,0.0015833044074843577,0.4192500194129018,0.8375308177882484
1.4769200464841434e-17,8.005355411744262e-20,0.24120289100211909,0.3973305668907863,0.0005042411468651999,0.4020350846903478,0.798354532917838,1.4769200464841434e-17,8.005355411744262e-20,0.24120289100211909,0.3973305668907863,0.0005042411468651999,0.4020350846903478,0.798354532917838
2.1670477058890046e-6,0.05642884972009922,0.0,0.3797193731299127,0.00018072538828612674,0.5511192204787794,0.7529406656986067,2.1670477058890046e-6,0.05642884972009922,0.0,0.3797193731299127,0.00018072538828612674,0.5511192204787794,0.7529406656986067
6.98877680538261e-18,1.5431785868484474e-18,0.11688467937989178,0.38727717878430873,0.0,0.5039276944459936,0.7729735991009022,6.98877680538261e-18,1.5431785868484474e-18,0.11688467937989178,0.38727717878430873,0.0,0.5039276944459936,0.7729735991009022
0.01981579903457715,0.0739300137065989,0.015528226439661244,0.40031799440287474,0.019209460885547872,0.4303956069416121,0.8130263995549905,0.01981579903457715,0.0739300137065989,0.015528226439661244,0.40031799440287474,0.019209460885547872,0.4303956069416121,0.8130263995549905
0.013384289800995387,0.01774073761146908,0.016380398194391348,0.3857026893241346,0.04306993205606732,0.38969066399403435,0.842920267138387,0.013384289800995387,0.01774073761146908,0.016380398194391348,0.3857026893241346,0.04306993205606732,0.38969066399403435,0.842920267138387
0.018604258376646327,0.014505999232883636,0.04792447988953964,0.4652722270824661,0.052693666050558675,0.4053784910078956,0.7919700577214817,0.018604258376646327,0.014505999232883636,0.04792447988953964,0.4652722270824661,0.052693666050558675,0.4053784910078956,0.7919700577214817
0.05515919656900561,0.0,0.00020796574255083465,0.36272627731537754,0.001256491155294098,0.4189706182474991,0.837823921633829,0.05515919656900561,0.0,0.00020796574255083465,0.36272627731537754,0.001256491155294098,0.4189706182474991,0.837823921633829
0.015254649739953052,0.0184677689635331,0.07438500091463676,0.3996648939146888,0.017189002476266795,0.4317198461681326,0.814479737506234,0.015254649739953052,0.0184677689635331,0.07438500091463676,0.3996648939146888,0.017189002476266795,0.4317198461681326,0.814479737506234
0.049042006647555994,0.01847301531771582,0.07033564938151012,0.41137451686245197,0.0475523977863529,0.4160918581540819,0.8123000401277773,0.049042006647555994,0.01847301531771582,0.07033564938151012,0.41137451686245197,0.0475523977863529,0.4160918581540819,0.8123000401277773
0.05854696413593858,0.00004896219568478348,0.002900665792502695,0.43872356036041593,0.058661996630816664,0.3767920914228533,0.8183792051956024,0.05854696413593858,0.00004896219568478348,0.002900665792502695,0.43872356036041593,0.058661996630816664,0.3767920914228533,0.8183792051956024
0.0156856727051575,0.04845076404639049,0.048377807283115234,0.4145123021234909,0.07743841586493735,0.41308984046042063,0.8103986585785419,0.0156856727051575,0.04845076404639049,0.048377807283115234,0.4145123021234909,0.07743841586493735,0.41308984046042063,0.8103986585785419
0.04967117113757489,0.0007415245933579968,0.05024307406339363,0.3895000792858442,0.05917585244265527,0.38754681311312206,0.8384720980893353,0.04967117113757489,0.0007415245933579968,0.05024307406339363,0.3895000792858442,0.05917585244265527,0.38754681311312206,0.8384720980893353
0.049714016737854846,0.018681256656803796,0.011897480956147273,0.4032116387496323,0.04570603972966064,0.460709899386925,0.7928462639830585,0.049714016737854846,0.018681256656803796,0.011897480956147273,0.4032116387496323,0.04570603972966064,0.460709899386925,0.7928462639830585
0.05170814348823834,0.01940112871387012,0.04379462155977029,0.4179817630067123,0.07536756382146403,0.4163308244656454,0.80845889917639,0.05170814348823834,0.01940112871387012,0.04379462155977029,0.4179817630067123,0.07536756382146403,0.4163308244656454,0.80845889917639
0.0003577643788280804,0.0009215936118366886,0.00001254552324649954,0.5850840139802119,0.000020328864156716555,0.36446739448097265,0.732584537872539,0.0003577643788280804,0.0009215936118366886,0.00001254552324649954,0.5850840139802119,0.000020328864156716555,0.36446739448097265,0.732584537872539
0.0007764039094823857,0.0022050364580499344,0.04963858878508995,0.3751421752219065,0.05342233032636508,0.3689423962769415,0.853539819971698,0.0007764039094823857,0.0022050364580499344,0.04963858878508995,0.3751421752219065,0.05342233032636508,0.3689423962769415,0.853539819971698
5.775651771039128e-18,1.622276996410192e-17,2.402818897840999e-17,0.48277814249104883,0.0,0.4811582173518313,0.7399930465685358,5.775651771039128e-18,1.622276996410192e-17,2.402818897840999e-17,0.48277814249104883,0.0,0.4811582173518313,0.7399930465685358
0.0006419046822727591,5.8428209441368745e-6,8.192961242309171e-6,0.34225062946426615,0.00013568245367778298,0.33928473147571403,0.8862652887660124,0.0006419046822727591,5.8428209441368745e-6,8.192961242309171e-6,0.34225062946426615,0.00013568245367778298,0.33928473147571403,0.8862652887660124
1.753725183454904e-18,6.7945678987165524e-18,0.11460028158191486,0.38058933311139753,0.0008279811589133184,0.43669008095993406,0.813755098553277,1.753725183454904e-18,6.7945678987165524e-18,0.11460028158191486,0.38058933311139753,0.0008279811589133184,0.43669008095993406,0.813755098553277
0.04698046098869315,0.01388232408100069,0.02057988510645912,0.39955208963003136,0.04330353901284961,0.3968646564667676,0.8405956654688613,0.04698046098869315,0.01388232408100069,0.02057988510645912,0.39955208963003136,0.04330353901284961,0.3968646564667676,0.8405956654688613
0.020194383228482115,0.07621839605704914,0.048011122066193346,0.43757750873580575,0.020312974634932784,0.40742374796377245,0.8035535003700286,0.020194383228482115,0.07621839605704914,0.048011122066193346,0.43757750873580575,0.020312974634932784,0.40742374796377245,0.8035535003700286
0.012918136619791248,0.04786141776980117,0.011626914096356494,0.3975255530002182,0.04582022919835296,0.3996440459864063,0.8325361480710926,0.012918136619791248,0.04786141776980117,0.011626914096356494,0.3975255530002182,0.04582022919835296,0.3996440459864063,0.8325361480710926
0.05978221382760499,0.06737523907642241,0.04252964367153303,0.39061468601655885,0.0,0.38792423636912826,0.8383518840979217,0.05978221382760499,0.06737523907642241,0.04252964367153303,0.39061468601655885,0.0,0.38792423636912826,0.8383518840979217
0.047922029622757316,0.0439536310560905,0.01513372930820819,0.4422347473302737,0.04404820500981264,0.409671096194453,0.8011064602638881,0.047922029622757316,0.0439536310560905,0.01513372930820819,0.4422347473302737,0.04404820500981264,0.409671096194453,0.8011064602638881
0.06181239369761093,0.02140210284718117,0.02183867052304566,0.4061751844809066,0.016511045042490454,0.4620707770143945,0.7935639850859418,0.06181239369761093,0.02140210284718117,0.02183867052304566,0.4061751844809066,0.016511045042490454,0.4620707770143945,0.7935639850859418
0.17594695414604852,0.06012511237311596,0.00114257423433366,0.41098948571105887,0.0,0.411176173638349,0.8025310237963577,0.17594695414604852,0.06012511237311596,0.00114257423433366,0.41098948571105887,0.0,0.411176173638349,0.8025310237963577
0.04528995283050146,0.016747051313137452,0.045633936392113356,0.3986033061994463,0.016299237376793625,0.43263096022004793,0.8137679069196038,0.04528995283050146,0.016747051313137452,0.045633936392113356,0.3986033061994463,0.016299237376793625,0.43263096022004793,0.8137679069196038
0.013891446248879141,0.018451490899622808,0.040158508209076856,0.3916692508568903,0.01490246884403068,0.42350774589404216,0.8225093229933252,0.013891446248879141,0.018451490899622808,0.040158508209076856,0.3916692508568903,0.01490246884403068,0.42350774589404216,0.8225093229933252
0.047829783086596585,0.04741578305030517,0.04810346936264094,0.40055558185210405,0.00019309314243308727,0.4598427179825395,0.7979505724119395,0.047829783086596585,0.04741578305030517,0.04810346936264094,0.40055558185210405,0.00019309314243308727,0.4598427179825395,0.7979505724119395
1.8406840942974894e-17,9.154942343565594e-18,1.1703226906927853e-17,0.3863262568445687,0.1158542091564852,0.5016902858621235,0.7713587826947544,1.8406840942974894e-17,9.154942343565594e-18,1.1703226906927853e-17,0.3863262568445687,0.1158542091564852,0.5016902858621235,0.7713587826947544
0.051637914169655165,0.0035497942258792973,0.122299389227934,0.3806767177244544,0.001458473061190816,0.3865613215853426,0.8378675250439759,0.051637914169655165,0.0035497942258792973,0.122299389227934,0.3806767177244544,0.001458473061190816,0.3865613215853426,0.8378675250439759
1.3298956791837359e-17,7.439634925890752e-21,2.037742668915521e-17,0.39739037493524,0.18676210758800127,0.45884498559956227,0.7879986076767261,1.3298956791837359e-17,7.439634925890752e-21,2.037742668915521e-17,0.39739037493524,0.18676210758800127,0.45884498559956227,0.7879986076767261
0.048551058525021305,0.018803377808359008,0.01628338570822693,0.391563078128601,0.01661672340024038,0.42261279789944156,0.8226056827157497,0.048551058525021305,0.018803377808359008,0.01628338570822693,0.391563078128601,0.01661672340024038,0.42261279789944156,0.8226056827157497
