f_1,f_2,f_3,f_4,f_5,f_6,f_7,f_1_min,f_2_min,f_3_min,f_4_min,f_5_min,f_6_min,f_7_min
0.05515413803943013,0.0645582891757027,0.12296761964080391,0.1791699333688952,0.7156523785013351,2.7917663078178547,0.7302155878707889,0.05515413803943013,0.0645582891757027,0.12296761964080391,0.1791699333688952,0.7156523785013351,2.7917663078178547,0.7302155878707889
0.11498087565194538,0.02859394465220814,0.14829063032213205,0.1911408990651208,0.5698647522010138,2.5857805544208707,1.9259850937100178,0.11498087565194538,0.02859394465220814,0.14829063032213205,0.1911408990651208,0.5698647522010138,2.5857805544208707,1.9259850937100178
0.10151186793477063,0.1024141544437822,0.1850983805906283,0.19723715717995952,0.6904781490530064,3.005759559686981,0.7557876504837687,0.10151186793477063,0.1024141544437822,0.1850983805906283,0.19723715717995952,0.6904781490530064,3.005759559686981,0.7557876504837687
0.061466843784987436,0.062196127563876276,0.20343581277654885,0.25486942513027094,0.6746463966591918,3.0398397109006225,0.7838247307265116,0.061466843784987436,0.062196127563876276,0.20343581277654885,0.25486942513027094,0.6746463966591918,3.0398397109006225,0.7838247307265116
0.07131365611002735,0.07153347718725697,0.10996770210154633,0.2843917893534228,0.6671598468447688,3.093188853267414,1.0920314533369426,0.07131365611002735,0.07153347718725697,0.10996770210154633,0.2843917893534228,0.6671598468447688,3.093188853267414,1.0920314533369426
0.08395822184259574,0.06088224026567937,0.11166797640737111,0.14573401221998447,0.7116792367867011,3.0505061087595857,0.9853838764729332,0.08395822184259574,0.06088224026567937,0.11166797640737111,0.14573401221998447,0.7116792367867011,3.0505061087595857,0.9853838764729332
0.04832841172102152,0.04087105550540843,0.1541802240360004,0.29107014625566113,0.6721803952893122,2.9794282434162045,0.8190588714436373,0.04832841172102152,0.04087105550540843,0.1541802240360004,0.29107014625566113,0.6721803952893122,2.9794282434162045,0.8190588714436373
0.09624951074700988,0.050870775082716216,0.14191927080922678,0.21292991699509586,0.7079699803244751,3.0351803041378465,0.6659246002989279,0.09624951074700988,0.050870775082716216,0.14191927080922678,0.21292991699509586,0.7079699803244751,3.0351803041378465,0.6659246002989279
0.08416833064460082,0.04343652142571625,0.18149393758331045,0.1747713061895513,0.7059173239287235,2.9711655868207747,0.742104880075809,0.08416833064460082,0.04343652142571625,0.18149393758331045,0.1747713061895513,0.7059173239287235,2.9711655868207747,0.742104880075809
0.19915135388454097,0.22983633816535504,0.3988373920384693,0.461808729946465,0.2891528585368222,2.720368738413127,0.8849018762179959,0.19915135388454097,0.22983633816535504,0.3988373920384693,0.461808729946465,0.2891528585368222,2.720368738413127,0.8849018762179959
0.09618948872372336,0.062473136593801805,0.2119492487659522,0.22680599071353452,0.6717556737621766,2.860815174750764,0.8164061496161581,0.09618948872372336,0.062473136593801805,0.2119492487659522,0.22680599071353452,0.6717556737621766,2.860815174750764,0.8164061496161581
0.055204190341696734,0.039146036221097365,0.13107883050220895,0.25656122357256217,0.6519242555485304,2.886439625542765,1.2617921928528115,0.055204190341696734,0.039146036221097365,0.13107883050220895,0.25656122357256217,0.6519242555485304,2.886439625542765,1.2617921928528115
0.0755175447785194,0.040891312123242436,0.16930626802550544,0.2154906611901871,0.6876936122427582,2.9352796760883675,0.9626933350261497,0.0755175447785194,0.040891312123242436,0.16930626802550544,0.2154906611901871,0.6876936122427582,2.9352796760883675,0.9626933350261497
0.06863651789946659,0.08438694524471818,0.2781240004975087,0.1538039451537568,0.6768156762341874,3.087701232430342,0.7777672023507652,0.06863651789946659,0.08438694524471818,0.2781240004975087,0.1538039451537568,0.6768156762341874,3.087701232430342,0.7777672023507652
0.08481985259846662,0.07632035150488703,0.14955751738820142,0.2080275611099731,0.6959593694170252,2.8538903271907134,0.7901589603630289,0.08481985259846662,0.07632035150488703,0.14955751738820142,0.2080275611099731,0.6959593694170252,2.8538903271907134,0.7901589603630289
0.07906781801935941,0.04068249158799114,0.12114364700109805,0.1335561464841554,0.7272967305462673,3.077258548902685,0.7930565115236229,0.07906781801935941,0.04068249158799114,0.12114364700109805,0.1335561464841554,0.7272967305462673,3.077258548902685,0.7930565115236229
0.06724608637191747,0.03316626777038624,0.21554828260435885,0.1858133015120158,0.680510788588469,2.8723937580836987,0.9311655909720964,0.06724608637191747,0.03316626777038624,0.21554828260435885,0.1858133015120158,0.680510788588469,2.8723937580836987,0.9311655909720964
0.06311591826941557,0.03290511143018154,0.11602440841401383,0.15164609339961752,0.6996572526696856,2.9033875564832288,1.1399949845382231,0.06311591826941557,0.03290511143018154,0.11602440841401383,0.15164609339961752,0.6996572526696856,2.9033875564832288,1.1399949845382231
5.8828552996988006e-18,2.2597891660898935e-18,1.100762376000298e-17,1.2015319856129541e-17,4.36659550630805e-17,1.2310595295022869e-16,2.152197221289401,5.8828552996988006e-18,2.2597891660898935e-18,1.100762376000298e-17,1.2015319856129541e-17,4.36659550630805e-17,1.2310595295022869e-16,2.152197221289401
0.05182631884168282,0.051209113829973334,0.1310112663465144,0.16039370133313519,0.7193391487612116,2.8446736816316167,0.7585208496430537,0.05182631884168282,0.051209113829973334,0.1310112663465144,0.16039370133313519,0.7193391487612116,2.8446736816316167,0.7585208496430537
0.04240215098837026,0.04190563471083407,0.18220848610932597,0.32446253492412835,0.6349627546048203,2.9538293317360034,1.0050135994003075,0.04240215098837026,0.04190563471083407,0.18220848610932597,0.32446253492412835,0.6349627546048203,2.9538293317360034,1.0050135994003075
0.059887555619932815,0.0313101737022754,0.1280337264455583,0.20844265326340042,0.696836830690512,2.9313269676799334,0.9515765687094517,0.059887555619932815,0.0313101737022754,0.1280337264455583,0.20844265326340042,0.696836830690512,2.9313269676799334,0.9515765687094517
0.08632261821392147,0.044246981138465695,0.19766891098632267,0.22403531563619491,0.6878539562540066,3.084144346055585,0.7697114250064678,0.08632261821392147,0.044246981138465695,0.19766891098632267,0.22403531563619491,0.6878539562540066,3.084144346055585,0.7697114250064678
0.09525032370142926,0.04751098583403074,0.14921114496049856,0.293736805114017,0.6565247467125569,3.03819798806219,0.9813190189380581,0.09525032370142926,0.04751098583403074,0.14921114496049856,0.293736805114017,0.6565247467125569,3.03819798806219,0.9813190189380581
0.08631836414630749,0.031032236565833315,0.21899958158191143,0.1720774185701997,0.6945923550615701,3.042379422191327,0.7929659331363118,0.08631836414630749,0.031032236565833315,0.21899958158191143,0.1720774185701997,0.6945923550615701,3.042379422191327,0.7929659331363118
0.06194462217370064,0.07373715774241921,0.13254568047833448,0.24205407128434245,0.7005451359129983,3.1425083439018926,0.731128076298159,0.06194462217370064,0.07373715774241921,0.13254568047833448,0.24205407128434245,0.7005451359129983,3.1425083439018926,0.731128076298159
0.06975719378123588,0.07936015899138855,0.14577600807278254,0.22462751054184454,0.6421305340553507,2.7350656835735356,1.323411539234881,0.06975719378123588,0.07936015899138855,0.14577600807278254,0.22462751054184454,0.6421305340553507,2.7350656835735356,1.323411539234881
0.12576300479227598,0.08889111641860441,0.48602763585718084,0.4246565747528161,0.33600528601676993,2.84158441059277,0.8861109309932694,0.12576300479227598,0.08889111641860441,0.48602763585718084,0.4246565747528161,0.33600528601676993,2.84158441059277,0.8861109309932694
0.07132643487202613,0.03618580120089075,0.1304338325667294,0.1572361700461303,0.7162554145395683,2.8459715276512276,0.8070427155692536,0.07132643487202613,0.03618580120089075,0.1304338325667294,0.1572361700461303,0.7162554145395683,2.8459715276512276,0.8070427155692536
0.06114584885320804,0.043103234803240825,0.10111659606487879,0.22470278747257702,0.669977555468064,3.0245926454116785,1.3315515143549135,0.06114584885320804,0.043103234803240825,0.10111659606487879,0.22470278747257702,0.669977555468064,3.0245926454116785,1.3315515143549135
0.11342799684181239,0.08359939301965666,0.1888144699189548,0.2246907852117789,0.6821787415948019,2.707135517618635,0.7078361538183422,0.11342799684181239,0.08359939301965666,0.1888144699189548,0.2246907852117789,0.6821787415948019,2.707135517618635,0.7078361538183422
0.08963825788298509,0.04841232469321176,0.14396114660046552,0.1417334584740787,0.7198996238307158,3.021745847511747,0.7760146629206205,0.08963825788298509,0.04841232469321176,0.14396114660046552,0.1417334584740787,0.7198996238307158,3.021745847511747,0.7760146629206205
0.050486566248105366,0.016028482807557493,0.16955688240597996,0.13570325537232844,0.6933358500156334,3.02965111073448,1.1874227999632714,0.050486566248105366,0.016028482807557493,0.16955688240597996,0.13570325537232844,0.6933358500156334,3.02965111073448,1.1874227999632714
0.06760336754702959,0.048836289930675875,0.14676158351809096,0.18779513579215054,0.7101186600311654,2.935616477905587,0.762477237176606,0.06760336754702959,0.048836289930675875,0.14676158351809096,0.18779513579215054,0.7101186600311654,2.935616477905587,0.762477237176606
0.05511514444205532,0.051483345137525165,0.11325946592801105,0.15046429019975088,0.7134437446908136,3.025957463533182,0.9842080468726453,0.05511514444205532,0.051483345137525165,0.11325946592801105,0.15046429019975088,0.7134437446908136,3.025957463533182,0.9842080468726453
0.0520047274683243,0.036888634615467396,0.12320469117184259,0.1472991488693405,0.7141640500239044,3.071004845654708,0.9927990941811352,0.0520047274683243,0.036888634615467396,0.12320469117184259,0.1472991488693405,0.7141640500239044,3.071004845654708,0.9927990941811352
0.030660552182457498,0.02163927985462237,0.12746806822574983,0.23446380265011368,0.643757409109827,2.9170585948797014,1.5042993059250094,0.030660552182457498,0.02163927985462237,0.12746806822574983,0.23446380265011368,0.643757409109827,2.9170585948797014,1.5042993059250094
0.12764843505009632,0.07401834036628953,0.15756803449046564,0.23006175922821517,0.6836352083576042,2.9766012842839924,0.7892128061951093,0.12764843505009632,0.07401834036628953,0.15756803449046564,0.23006175922821517,0.6836352083576042,2.9766012842839924,0.7892128061951093
0.1698775391167414,0.20178933710179744,0.3814625238563582,0.5133756046453914,0.2683431997038491,2.7971650554590854,0.8996612689647158,0.1698775391167414,0.20178933710179744,0.3814625238563582,0.5133756046453914,0.2683431997038491,2.7971650554590854,0.8996612689647158
0.10309456650693308,0.04261626621627757,0.15682837030484484,0.16352803954731934,0.6996289435037771,2.975914286092309,0.9702100890020289,0.10309456650693308,0.04261626621627757,0.15682837030484484,0.16352803954731934,0.6996289435037771,2.975914286092309,0.9702100890020289
0.0859777239979138,0.0726785614673523,0.2750541494013304,0.1549502395909274,0.6731266886589728,3.0002521580475063,0.8136422305739063,0.0859777239979138,0.0726785614673523,0.2750541494013304,0.1549502395909274,0.6731266886589728,3.0002521580475063,0.8136422305739063
0.15022645527624567,0.050613891220355325,0.21406753100533354,0.18898113451542933,0.6792699517713717,3.1510850069161167,0.8326985566907927,0.15022645527624567,0.050613891220355325,0.21406753100533354,0.18898113451542933,0.6792699517713717,3.1510850069161167,0.8326985566907927
0.10483011689264624,0.043815143978750686,0.1659284395503258,0.23152844784989782,0.6843555548405467,3.0828686733699944,0.8757407710095663,0.10483011689264624,0.043815143978750686,0.1659284395503258,0.23152844784989782,0.6843555548405467,3.0828686733699944,0.8757407710095663
0.10262954924577396,0.033864732148580406,0.20102098759584683,0.18113319349086682,0.652901070576137,2.819821257979696,1.2414966233298486,0.10262954924577396,0.033864732148580406,0.20102098759584683,0.18113319349086682,0.652901070576137,2.819821257979696,1.2414966233298486
0.06645726567538472,0.03412699918926911,0.15492964004667995,0.16408210107259996,0.7140847076424683,2.930068565821031,0.7812461750631403,0.06645726567538472,0.03412699918926911,0.15492964004667995,0.16408210107259996,0.7140847076424683,2.930068565821031,0.7812461750631403
0.0565259728202384,0.04100994459604295,0.1300193851663312,0.15133592485075392,0.7112493400426404,2.9157236627483116,0.9390531747547003,0.0565259728202384,0.04100994459604295,0.1300193851663312,0.15133592485075392,0.7112493400426404,2.9157236627483116,0.9390531747547003
0.09908904372076847,0.050893461866343415,0.1542931611048988,0.18782778356222748,0.7068243142467153,3.014460364448404,0.7522787410599747,0.09908904372076847,0.050893461866343415,0.1542931611048988,0.18782778356222748,0.7068243142467153,3.014460364448404,0.7522787410599747
0.08107863154763217,0.06048967551414103,0.17727295697112236,0.21861124439050192,0.651392594903826,2.7206435182889304,1.1950209979249673,0.08107863154763217,0.06048967551414103,0.17727295697112236,0.21861124439050192,0.651392594903826,2.7206435182889304,1.1950209979249673
0.0769801955997566,0.09104593172484587,0.1587105216573772,0.19560420615281798,0.6970619189854727,2.923208323999999,0.8081478682310446,0.0769801955997566,0.09104593172484587,0.1587105216573772,0.19560420615281798,0.6970619189854727,2.923208323999999,0.8081478682310446
0.09253875741015115,0.060535168940940916,0.21379214310192302,0.26511690647608244,0.6615276554323926,2.7243286948200933,0.7170371895898888,0.09253875741015115,0.060535168940940916,0.21379214310192302,0.26511690647608244,0.6615276554323926,2.7243286948200933,0.7170371895898888
0.11456084867675462,0.030819280776366934,0.22087714618468948,0.21486148839512936,0.6755969223312118,2.938652883456076,0.792491610610727,0.11456084867675462,0.030819280776366934,0.22087714618468948,0.21486148839512936,0.6755969223312118,2.938652883456076,0.792491610610727
0.0459136043423506,0.030515230754904706,0.14423534811012062,0.20646134053827161,0.7112265091984441,3.0233739732796585,0.747379558009137,0.0459136043423506,0.030515230754904706,0.14423534811012062,0.20646134053827161,0.7112265091984441,3.0233739732796585,0.747379558009137
0.15530248584057585,0.09081714110393964,0.1920122619004316,0.19868309408406837,0.6608957827178501,2.9838092869909376,1.032253745665304,0.15530248584057585,0.09081714110393964,0.1920122619004316,0.19868309408406837,0.6608957827178501,2.9838092869909376,1.032253745665304
0.06865637069038469,0.03553249868458205,0.22209622584212887,0.19609863710025943,0.6911548737615568,3.131277446338512,0.7861015570903315,0.06865637069038469,0.03553249868458205,0.22209622584212887,0.19609863710025943,0.6911548737615568,3.131277446338512,0.7861015570903315
0.12943198152052426,0.03691603160352788,0.10591556613884452,0.1563341298740216,0.7128702242693976,2.628236672704068,0.7220056883842683,0.12943198152052426,0.03691603160352788,0.10591556613884452,0.1563341298740216,0.7128702242693976,2.628236672704068,0.7220056883842683
0.06586206674708693,0.042229790666293315,0.1567194128226044,0.13873125753635665,0.7074906299037497,3.00839980885855,0.974520093051568,0.06586206674708693,0.042229790666293315,0.1567194128226044,0.13873125753635665,0.7074906299037497,3.00839980885855,0.974520093051568
0.07029750380363553,0.045965880112602026,0.258246242558228,0.2374492811555545,0.6607128970936904,2.7551762568105476,0.7224727428951611,0.07029750380363553,0.045965880112602026,0.258246242558228,0.2374492811555545,0.6607128970936904,2.7551762568105476,0.7224727428951611
0.05577395978636877,0.06623131319617306,0.17266092642492098,0.16488657757556527,0.6837226137542226,2.741407477993502,1.0370921290826434,0.05577395978636877,0.06623131319617306,0.17266092642492098,0.16488657757556527,0.6837226137542226,2.741407477993502,1.0370921290826434
0.06646542022937933,0.07899463736710273,0.1590197216603631,0.27908324329518025,0.6798801885961951,3.0762314627638094,0.712348274665586,0.06646542022937933,0.07899463736710273,0.1590197216603631,0.27908324329518025,0.6798801885961951,3.0762314627638094,0.712348274665586
0.06212966968977409,0.039522035674274175,0.15099174416879757,0.2454186449478706,0.6809087568529735,2.943711428158074,0.9344016005305558,0.06212966968977409,0.039522035674274175,0.15099174416879757,0.2454186449478706,0.6809087568529735,2.943711428158074,0.9344016005305558
0.09224394591101666,0.03539719090248401,0.1635818620631574,0.21224031498530915,0.6758405621942349,2.9427718382547328,1.0647173333130333,0.09224394591101666,0.03539719090248401,0.1635818620631574,0.21224031498530915,0.6758405621942349,2.9427718382547328,1.0647173333130333
0.06700123263903221,0.031117370199959086,0.10987536011411093,0.1578331835310154,0.662292348562822,2.755923615726151,1.4392349942933538,0.06700123263903221,0.031117370199959086,0.10987536011411093,0.1578331835310154,0.662292348562822,2.755923615726151,1.4392349942933538
0.08651837729730316,0.057617799686138206,0.15241073770894617,0.24749331063823005,0.6907641698344308,3.12877587828412,0.7719289532615067,0.08651837729730316,0.057617799686138206,0.15241073770894617,0.24749331063823005,0.6907641698344308,3.12877587828412,0.7719289532615067
0.08811664492260919,0.0633105473409623,0.1597096203312195,0.17926792181452375,0.6617642921674886,2.7945177342961243,1.2642621198909632,0.08811664492260919,0.0633105473409623,0.1597096203312195,0.17926792181452375,0.6617642921674886,2.7945177342961243,1.2642621198909632
0.0653126690611588,0.06797034407829211,0.13751864674160813,0.20121709836964496,0.6940158539559248,2.9700535426384365,0.9654222338639032,0.0653126690611588,0.06797034407829211,0.13751864674160813,0.20121709836964496,0.6940158539559248,2.9700535426384365,0.9654222338639032
0.1109270399308639,0.07350280568464687,0.08126663181424128,0.1916127633737077,0.6997016638816166,2.9263924592587496,0.9425081575586766,0.1109270399308639,0.07350280568464687,0.08126663181424128,0.1916127633737077,0.6997016638816166,2.9263924592587496,0.9425081575586766
0.05460069631484961,0.054706396276694456,0.16831359913815164,0.18957984073768647,0.7120760869028894,2.910767503076976,0.6438177023795248,0.05460069631484961,0.054706396276694456,0.16831359913815164,0.18957984073768647,0.7120760869028894,2.910767503076976,0.6438177023795248
0.05241469695652415,0.05524735024609314,0.10664871308484752,0.1566118069255546,0.724734327838415,3.133665407906462,0.8413389851655234,0.05241469695652415,0.05524735024609314,0.10664871308484752,0.1566118069255546,0.724734327838415,3.133665407906462,0.8413389851655234
0.07912948186141112,0.058786385537712246,0.17426241508606644,0.21462236360877396,0.6524329014352939,2.807319423792442,1.2305148087034594,0.07912948186141112,0.058786385537712246,0.17426241508606644,0.21462236360877396,0.6524329014352939,2.807319423792442,1.2305148087034594
0.15119406781478545,0.1732409482289556,0.41697954298079126,0.4473160982537737,0.3487446102003826,2.4631569493675913,0.7848690955334681,0.15119406781478545,0.1732409482289556,0.41697954298079126,0.4473160982537737,0.3487446102003826,2.4631569493675913,0.7848690955334681
0.11090839763818305,0.061732672123046416,0.17755808473539264,0.19695051939717861,0.672184720728983,2.97619066540531,1.0817114124272422,0.11090839763818305,0.061732672123046416,0.17755808473539264,0.19695051939717861,0.672184720728983,2.97619066540531,1.0817114124272422
0.05741342059745335,0.03054359243993282,0.1223904061158494,0.15724583875998085,0.7216860364559193,2.71243617721181,0.722487345426604,0.05741342059745335,0.03054359243993282,0.1223904061158494,0.15724583875998085,0.7216860364559193,2.71243617721181,0.722487345426604
0.09913216955976273,0.08863912165711392,0.17522647293881224,0.22366944494988772,0.6825439521616699,2.9776735586067864,0.8223131532477748,0.09913216955976273,0.08863912165711392,0.17522647293881224,0.22366944494988772,0.6825439521616699,2.9776735586067864,0.8223131532477748
0.06605393591490905,0.0462101753863479,0.1639316749292089,0.32383771667666755,0.6469276538375498,3.056655165682047,0.992225655499175,0.06605393591490905,0.0462101753863479,0.1639316749292089,0.32383771667666755,0.6469276538375498,3.056655165682047,0.992225655499175
0.07476546158655924,0.02303051642035767,0.2498165407918546,0.19707691274926648,0.6623331461389239,3.0589508917752233,1.0567955757745877,0.07476546158655924,0.02303051642035767,0.2498165407918546,0.19707691274926648,0.6623331461389239,3.0589508917752233,1.0567955757745877
0.1575942704435173,0.04673311015253167,0.1872264263389069,0.22280659261612062,0.6491188883855973,2.462116427806367,0.9096239851691001,0.1575942704435173,0.04673311015253167,0.1872264263389069,0.22280659261612062,0.6491188883855973,2.462116427806367,0.9096239851691001
0.0544089315582567,0.03719038620259297,0.11620291960144387,0.1942841728527858,0.7205901337517125,2.8722297852334697,0.6609552843392472,0.0544089315582567,0.03719038620259297,0.11620291960144387,0.1942841728527858,0.7205901337517125,2.8722297852334697,0.6609552843392472
0.0708192786713848,0.036520035309680954,0.163599001112818,0.19860856043836195,0.7078798523923667,2.972967465755191,0.7165641566205332,0.0708192786713848,0.036520035309680954,0.163599001112818,0.19860856043836195,0.7078798523923667,2.972967465755191,0.7165641566205332
0.04771409032057732,0.02985065639526271,0.1002968418235248,0.1273535343193088,0.6432168446872752,2.6228285361178423,1.6322368962281202,0.04771409032057732,0.02985065639526271,0.1002968418235248,0.1273535343193088,0.6432168446872752,2.6228285361178423,1.6322368962281202
0.05554523275308413,0.060176744191120214,0.19765806143800443,0.23512527360798244,0.6815999365621669,2.9304263674970694,0.7877036275091471,0.05554523275308413,0.060176744191120214,0.19765806143800443,0.23512527360798244,0.6815999365621669,2.9304263674970694,0.7877036275091471
0.06374230273687347,0.04119477549905053,0.1370480085864072,0.2606097976712067,0.6935552188240369,2.98812187524064,0.714478777866936,0.06374230273687347,0.04119477549905053,0.1370480085864072,0.2606097976712067,0.6935552188240369,2.98812187524064,0.714478777866936
0.06869543550034461,0.035574019150686614,0.11791884734810443,0.1565949559036929,0.7227705080832267,2.9526814645863215,0.7820883448161534,0.06869543550034461,0.035574019150686614,0.11791884734810443,0.1565949559036929,0.7227705080832267,2.9526814645863215,0.7820883448161534
0.05541787016447285,0.053250963984237114,0.14621708896429397,0.2426555796075617,0.6990188163482114,3.0707558837914988,0.7238233818423492,0.05541787016447285,0.053250963984237114,0.14621708896429397,0.2426555796075617,0.6990188163482114,3.0707558837914988,0.7238233818423492
0.09850833680345836,0.06647781712130194,0.24166925287729285,0.1436528209027847,0.6964162788486562,2.86119235205727,0.6239079285608933,0.09850833680345836,0.06647781712130194,0.24166925287729285,0.1436528209027847,0.6964162788486562,2.86119235205727,0.6239079285608933
0.12334273167012502,0.048603186016538985,0.17778377447218965,0.20125394324349785,0.7010380024880736,2.995612909388427,0.6425881200829124,0.12334273167012502,0.048603186016538985,0.17778377447218965,0.20125394324349785,0.7010380024880736,2.995612909388427,0.6425881200829124
0.058960061386270225,0.03800694402115058,0.22517889468459096,0.26035573231742837,0.6664826303720169,2.883907742353458,0.7562148804391666,0.058960061386270225,0.03800694402115058,0.22517889468459096,0.26035573231742837,0.6664826303720169,2.883907742353458,0.7562148804391666
0.2182782635589744,0.09267624352423774,0.4352332251405386,0.45135919308641137,0.3466921674730777,2.6761133012966902,0.6760134973832242,0.2182782635589744,0.09267624352423774,0.4352332251405386,0.45135919308641137,0.3466921674730777,2.6761133012966902,0.6760134973832242
0.04310749691328436,0.023380869388802288,0.15950746891023496,0.16882401664350724,0.7175085669757296,3.029627938332477,0.7569407960599854,0.04310749691328436,0.023380869388802288,0.15950746891023496,0.16882401664350724,0.7175085669757296,3.029627938332477,0.7569407960599854
0.07985244874950302,0.025617650279711718,0.1485803684859976,0.13484134792573188,0.681676016964703,2.9393226747390835,1.291048938437317,0.07985244874950302,0.025617650279711718,0.1485803684859976,0.13484134792573188,0.681676016964703,2.9393226747390835,1.291048938437317
0.07026820150742803,0.07869176597484516,0.1533304844797598,0.1772939620173485,0.6783730121752092,2.7942792076815226,1.1081829883738925,0.07026820150742803,0.07869176597484516,0.1533304844797598,0.1772939620173485,0.6783730121752092,2.7942792076815226,1.1081829883738925
0.060330211545367246,0.04341120875001519,0.14755493731587815,0.18367317844658904,0.7124551587683962,3.020912616645291,0.7836465033858814,0.060330211545367246,0.04341120875001519,0.14755493731587815,0.18367317844658904,0.7124551587683962,3.020912616645291,0.7836465033858814
0.08230712631664473,0.03410683127385181,0.14613588037837186,0.17982741498216867,0.7010830517699544,3.0114246445281108,0.9715892211136259,0.08230712631664473,0.03410683127385181,0.14613588037837186,0.17982741498216867,0.7010830517699544,3.0114246445281108,0.9715892211136259
0.06876868395643349,0.07633892245029208,0.1926866008219225,0.22245934035744405,0.6962553027982546,3.0314164921060445,0.6194937122759602,0.06876868395643349,0.07633892245029208,0.1926866008219225,0.22245934035744405,0.6962553027982546,3.0314164921060445,0.6194937122759602
0.10045026480221363,0.07520983560215115,0.1709725789089848,0.27707394042442113,0.6759374117044323,3.088276549921801,0.6806882794180943,0.10045026480221363,0.07520983560215115,0.1709725789089848,0.27707394042442113,0.6759374117044323,3.088276549921801,0.6806882794180943
0.047208071800144316,0.05362460334775724,0.12983509269383833,0.16596726570512715,0.6684058172296,2.752928610752551,1.3243606407439785,0.047208071800144316,0.05362460334775724,0.12983509269383833,0.16596726570512715,0.6684058172296,2.752928610752551,1.3243606407439785
0.09079717400218058,0.10656486018480861,0.2078615612545343,0.20327822437377296,0.6844894123153101,2.8569407141875804,0.718510025612262,0.09079717400218058,0.10656486018480861,0.2078615612545343,0.20327822437377296,0.6844894123153101,2.8569407141875804,0.718510025612262
0.06893682019233299,0.050202531356986865,0.2093215854451143,0.4041451185362318,0.5795975658349409,2.9079278721719213,0.9380689601776233,0.06893682019233299,0.050202531356986865,0.2093215854451143,0.4041451185362318,0.5795975658349409,2.9079278721719213,0.9380689601776233
0.11800249014862751,0.06914862297474673,0.18955227525746227,0.21075748601447625,0.6861911398820357,2.8388488704227655,0.7120935839172556,0.11800249014862751,0.06914862297474673,0.18955227525746227,0.21075748601447625,0.6861911398820357,2.8388488704227655,0.7120935839172556
0.23431856861931577,0.06567737861302163,0.3600331105105558,0.5152725477159764,0.26997980569248636,2.877365716945468,1.1418127112426693,0.23431856861931577,0.06567737861302163,0.3600331105105558,0.5152725477159764,0.26997980569248636,2.877365716945468,1.1418127112426693
0.05163545003724548,0.044285641857938714,0.16454045865777514,0.25891912659762756,0.6950916154043,3.0218080457432426,0.6149504670548273,0.05163545003724548,0.044285641857938714,0.16454045865777514,0.25891912659762756,0.6950916154043,3.0218080457432426,0.6149504670548273
0.08063453269078436,0.041384000190288796,0.2823238976026056,0.21319667809673273,0.6760155212900401,2.8358959369633747,0.7441164779472733,0.08063453269078436,0.041384000190288796,0.2823238976026056,0.21319667809673273,0.6760155212900401,2.8358959369633747,0.7441164779472733
0.05175926855261421,0.059674524587052837,0.22291426440201306,0.1968907674275859,0.6914623762609814,2.9971461254356266,0.7255538955696348,0.05175926855261421,0.059674524587052837,0.22291426440201306,0.1968907674275859,0.6914623762609814,2.9971461254356266,0.7255538955696348
0.2296040008598562,0.11557666042459838,0.34440653568735224,0.4734773108228667,0.3095393599120152,2.6420458080143594,1.208391804718765,0.2296040008598562,0.11557666042459838,0.34440653568735224,0.4734773108228667,0.3095393599120152,2.6420458080143594,1.208391804718765
0.20457995708953816,0.11078235726257638,0.46797321466280534,0.44310432694294954,0.28222429984163516,2.78792952267664,0.9048625811145155,0.20457995708953816,0.11078235726257638,0.46797321466280534,0.44310432694294954,0.28222429984163516,2.78792952267664,0.9048625811145155
0.062192638415184257,0.027140433932276713,0.2039506673201781,0.21231341467548479,0.6442695154855884,2.7498541811585997,1.2471381989641612,0.062192638415184257,0.027140433932276713,0.2039506673201781,0.21231341467548479,0.6442695154855884,2.7498541811585997,1.2471381989641612
0.08940695267256615,0.06254104001098774,0.14096986305117926,0.33029642695449046,0.6529117592378669,3.090340198469485,0.8238201557556455,0.08940695267256615,0.06254104001098774,0.14096986305117926,0.33029642695449046,0.6529117592378669,3.090340198469485,0.8238201557556455
0.08405618036841318,0.057157242494823055,0.20509852203783874,0.18942570182291912,0.679707003188135,2.7589875815343956,0.8929905574949768,0.08405618036841318,0.057157242494823055,0.20509852203783874,0.18942570182291912,0.679707003188135,2.7589875815343956,0.8929905574949768
0.062011812680399646,0.03212196279076753,0.21599458224538956,0.16346283630037156,0.7156108077964328,2.8092902546364513,0.7363816158663569,0.062011812680399646,0.03212196279076753,0.21599458224538956,0.16346283630037156,0.7156108077964328,2.8092902546364513,0.7363816158663569
0.09515315909355916,0.06659566741844791,0.236224008423959,0.27017418299270984,0.6527264948078103,3.0803242498293577,0.8067393764474325,0.09515315909355916,0.06659566741844791,0.236224008423959,0.27017418299270984,0.6527264948078103,3.0803242498293577,0.8067393764474325
0.0689441493091929,0.043714213960461136,0.15701185826119338,0.1812138145185767,0.6990129953725847,2.9902968135545764,0.9479372779071523,0.0689441493091929,0.043714213960461136,0.15701185826119338,0.1812138145185767,0.6990129953725847,2.9902968135545764,0.9479372779071523
0.07736513370927978,0.04277063411528925,0.14512484857322425,0.2638555791083969,0.6870415470343968,2.9967573459520054,0.7541929777904032,0.07736513370927978,0.04277063411528925,0.14512484857322425,0.2638555791083969,0.6870415470343968,2.9967573459520054,0.7541929777904032
0.08395139283777865,0.04684438516549999,0.17469520756704465,0.14670098447855298,0.722966201063475,2.7843279885921697,0.5108706495546976,0.08395139283777865,0.04684438516549999,0.17469520756704465,0.14670098447855298,0.722966201063475,2.7843279885921697,0.5108706495546976
0.06575016190863406,0.03535923337949651,0.189937436732294,0.09679674264331574,0.6920034606602464,2.5631154894652024,0.9779717076441737,0.06575016190863406,0.03535923337949651,0.189937436732294,0.09679674264331574,0.6920034606602464,2.5631154894652024,0.9779717076441737
0.09182940307588797,0.03483897943041061,0.1624514239032527,0.22875400058985695,0.6755173426082942,2.9528424393456287,1.00956442768741,0.09182940307588797,0.03483897943041061,0.1624514239032527,0.22875400058985695,0.6755173426082942,2.9528424393456287,1.00956442768741
0.13536921609589653,0.0985322467007852,0.2724856498311703,0.33494820250847773,0.5796181550060376,2.918019049850217,0.9411295497064504,0.13536921609589653,0.0985322467007852,0.2724856498311703,0.33494820250847773,0.5796181550060376,2.918019049850217,0.9411295497064504
0.024298254487963765,0.024636888358754862,0.06850725386932953,0.16332674346819226,0.6799436385617154,2.7747133896317435,1.3888582820339117,0.024298254487963765,0.024636888358754862,0.06850725386932953,0.16332674346819226,0.6799436385617154,2.7747133896317435,1.3888582820339117
0.1918362429434505,0.19901632827124136,0.3983103040602389,0.44771449086925486,0.3398504661155776,2.7096309781215453,0.8572884851015612,0.1918362429434505,0.19901632827124136,0.3983103040602389,0.44771449086925486,0.3398504661155776,2.7096309781215453,0.8572884851015612
0.22701032377494523,0.14664675998575746,0.28034393845636824,0.6066533890749215,0.3472309990632407,2.8224798934849873,0.6213698826139743,0.22701032377494523,0.14664675998575746,0.28034393845636824,0.6066533890749215,0.3472309990632407,2.8224798934849873,0.6213698826139743
0.0656522693026012,0.04163688545665518,0.14938431551578465,0.18793708459878297,0.6977663810788841,2.9818263290064757,0.9637780225957292,0.0656522693026012,0.04163688545665518,0.14938431551578465,0.18793708459878297,0.6977663810788841,2.9818263290064757,0.9637780225957292
0.060026032368379396,0.022619117425603633,0.14729868863634782,0.28525107560247454,0.6777658639795566,2.7559966292154296,0.718428673987751,0.060026032368379396,0.022619117425603633,0.14729868863634782,0.28525107560247454,0.6777658639795566,2.7559966292154296,0.718428673987751
0.03927062593628279,0.04552720859939944,0.14438669202741275,0.30315514152825357,1.018122400142435,2.857727543459391,0.6919587900192169,0.03927062593628279,0.04552720859939944,0.14438669202741275,0.30315514152825357,1.018122400142435,2.857727543459391,0.6919587900192169
0.04569271235371973,0.012575796153120414,0.14800470580269012,0.21325234714547162,0.961840843944629,2.740258843942106,0.7307528779142559,0.04569271235371973,0.012575796153120414,0.14800470580269012,0.21325234714547162,0.961840843944629,2.740258843942106,0.7307528779142559
0.2131039636028801,0.11028499656338843,0.4520505437867125,0.49050658808509845,0.2744093114604077,2.916903818876177,0.6395659665180722,0.2131039636028801,0.11028499656338843,0.4520505437867125,0.49050658808509845,0.2744093114604077,2.916903818876177,0.6395659665180722
0.12356893883050205,0.04589811217597049,0.1721936225425917,0.0830903870737789,0.6901989982312835,2.46674253736214,0.9440238425721886,0.12356893883050205,0.04589811217597049,0.1721936225425917,0.0830903870737789,0.6901989982312835,2.46674253736214,0.9440238425721886
0.08244574385647728,0.05067806768967678,0.14192210834100455,0.19400908972828365,0.6613495028797538,2.633649265179739,1.2033262001611493,0.08244574385647728,0.05067806768967678,0.14192210834100455,0.19400908972828365,0.6613495028797538,2.633649265179739,1.2033262001611493
0.04540637037652047,0.028777824360162046,0.12390938120805431,0.20938512790259686,0.7099455852512828,3.0973982496359063,0.8401180402779953,0.04540637037652047,0.028777824360162046,0.12390938120805431,0.20938512790259686,0.7099455852512828,3.0973982496359063,0.8401180402779953
0.07437442143965119,0.08683116497196401,0.15139912200432373,0.23508588367812813,0.6790774739731897,3.07410754730981,0.9792783228951482,0.07437442143965119,0.08683116497196401,0.15139912200432373,0.23508588367812813,0.6790774739731897,3.07410754730981,0.9792783228951482
0.04516765294143445,0.03824139348366221,0.17530414169097758,0.270007404367648,0.6846561397063836,2.7702544419881843,0.6173344278220813,0.04516765294143445,0.03824139348366221,0.17530414169097758,0.270007404367648,0.6846561397063836,2.7702544419881843,0.6173344278220813
0.0818330009101417,0.08018475933906868,0.21889626010155025,0.2037000484987014,0.6866040707551011,2.952691956387616,0.6972691594019081,0.0818330009101417,0.08018475933906868,0.21889626010155025,0.2037000484987014,0.6866040707551011,2.952691956387616,0.6972691594019081
0.03581655092089597,0.041799553852029166,0.13557762056578315,0.2640621297944965,0.6783052973574324,3.053113188418446,0.9834334592370283,0.03581655092089597,0.041799553852029166,0.13557762056578315,0.2640621297944965,0.6783052973574324,3.053113188418446,0.9834334592370283
0.0927427475234315,0.034868696692075034,0.12777629082217537,0.26057527116950924,0.697453135838326,2.7593962234205596,0.7125377249510005,0.0927427475234315,0.034868696692075034,0.12777629082217537,0.26057527116950924,0.697453135838326,2.7593962234205596,0.7125377249510005
0.058633489270623444,0.06933254135516927,0.23948477384773598,0.2187892511635278,0.6664712930997191,2.741093094688148,0.8570553240622836,0.058633489270623444,0.06933254135516927,0.23948477384773598,0.2187892511635278,0.6664712930997191,2.741093094688148,0.8570553240622836
0.24545536793585584,0.17367352234190514,0.40012284705259543,0.4206708405177188,0.3543057323278003,2.823464045799783,0.8808150337451677,0.24545536793585584,0.17367352234190514,0.40012284705259543,0.4206708405177188,0.3543057323278003,2.823464045799783,0.8808150337451677
0.06569630194468463,0.07707379790802411,0.15062166772441993,0.14729998157890584,0.6773984439534996,2.6910277113808485,1.1840158972374883,0.06569630194468463,0.07707379790802411,0.15062166772441993,0.14729998157890584,0.6773984439534996,2.6910277113808485,1.1840158972374883
0.06723675701699226,0.07221572495204247,0.18342491930772195,0.21252344838843884,0.670049685179236,2.871755819248242,1.0459212129034103,0.06723675701699226,0.07221572495204247,0.18342491930772195,0.21252344838843884,0.670049685179236,2.871755819248242,1.0459212129034103
0.03732256049684432,0.053154615576417596,0.10745608470282185,0.14842840784648945,0.7319054414561253,3.1410571256472437,0.7625915750384609,0.03732256049684432,0.053154615576417596,0.10745608470282185,0.14842840784648945,0.7319054414561253,3.1410571256472437,0.7625915750384609
0.07013489492407564,0.08263712221828755,0.1163062449594522,0.1191545950866125,0.714763243638265,2.963259667038477,0.9587680393034257,0.07013489492407564,0.08263712221828755,0.1163062449594522,0.1191545950866125,0.714763243638265,2.963259667038477,0.9587680393034257
0.11117612619514501,0.07616170156490007,0.18249764986997152,0.20274735804428942,0.6933720113672601,2.802117337933863,0.656437055120701,0.11117612619514501,0.07616170156490007,0.18249764986997152,0.20274735804428942,0.6933720113672601,2.802117337933863,0.656437055120701
0.06147897693316002,0.021734383252626693,0.11597605141644474,0.10904658801617048,0.6407264915611247,2.59604378550917,1.636249088119293,0.06147897693316002,0.021734383252626693,0.11597605141644474,0.10904658801617048,0.6407264915611247,2.59604378550917,1.636249088119293
0.17504147782988783,0.17155459576989318,0.46446378062822047,0.4479833963716283,0.2683730157900114,2.8170313828050206,0.9212793295007063,0.17504147782988783,0.17155459576989318,0.46446378062822047,0.4479833963716283,0.2683730157900114,2.8170313828050206,0.9212793295007063
0.047771449979112215,0.05910281124693017,0.12265655341095762,0.15130733462987356,0.694590688436153,2.777821683972742,1.1009905259196062,0.047771449979112215,0.05910281124693017,0.12265655341095762,0.15130733462987356,0.694590688436153,2.777821683972742,1.1009905259196062
0.048619671485737086,0.03443762998714472,0.11558603073757076,0.22700781706857245,0.6663550462268182,2.9075994985077505,1.2726282122040786,0.048619671485737086,0.03443762998714472,0.11558603073757076,0.22700781706857245,0.6663550462268182,2.9075994985077505,1.2726282122040786
0.072167525228089,0.037091044357847505,0.19104960244532204,0.2310572751180244,0.6932160099947339,3.032273218827636,0.6829380815217578,0.072167525228089,0.037091044357847505,0.19104960244532204,0.2310572751180244,0.6932160099947339,3.032273218827636,0.6829380815217578
0.10129272668834768,0.11983507594108271,0.48275527628923265,0.4240103515679231,0.33900819374847607,2.747537756803344,0.8586522829786714,0.10129272668834768,0.11983507594108271,0.48275527628923265,0.4240103515679231,0.33900819374847607,2.747537756803344,0.8586522829786714
0.0842288288826283,0.026674047605525154,0.14126606802556674,0.1533163300421855,0.7076044316453914,2.9083455896984507,0.9224387628541174,0.0842288288826283,0.026674047605525154,0.14126606802556674,0.1533163300421855,0.7076044316453914,2.9083455896984507,0.9224387628541174
0.0529985511576386,0.05354945774835179,0.19259801858520462,0.2093381239082486,0.6334427290295633,2.7224953158912135,1.3732480047076194,0.0529985511576386,0.05354945774835179,0.19259801858520462,0.2093381239082486,0.6334427290295633,2.7224953158912135,1.3732480047076194
0.18966455763311307,0.08637511970547894,0.3989067108878615,0.5303974940181287,0.2573271731061313,2.986754697042952,0.9701323386511064,0.18966455763311307,0.08637511970547894,0.3989067108878615,0.5303974940181287,0.2573271731061313,2.986754697042952,0.9701323386511064
0.1112236829744038,0.05696412416844733,0.1793185485394856,0.22238529499450096,0.6985408669560595,3.1204670305256057,0.5974718411525504,0.1112236829744038,0.05696412416844733,0.1793185485394856,0.22238529499450096,0.6985408669560595,3.1204670305256057,0.5974718411525504
0.2565690770876521,0.11600312114682515,0.36448379540600606,0.5197973574030437,0.3074940035306642,2.7814593311055877,0.6068120113173835,0.2565690770876521,0.11600312114682515,0.36448379540600606,0.5197973574030437,0.3074940035306642,2.7814593311055877,0.6068120113173835
0.1484926698900221,0.17282342796938566,0.24490723848475104,0.6086188965213885,0.2625246918477132,3.094994144147904,0.998970652235285,0.1484926698900221,0.17282342796938566,0.24490723848475104,0.6086188965213885,0.2625246918477132,3.094994144147904,0.998970652235285
0.19885148934980587,0.1366069755978945,0.48718010437288845,0.4497938419562092,0.2803316391097063,2.829691364003394,0.6416926491557585,0.19885148934980587,0.1366069755978945,0.48718010437288845,0.4497938419562092,0.2803316391097063,2.829691364003394,0.6416926491557585
0.11902556739667192,0.039303985744420684,0.22423863208498757,0.22114664160026623,0.6689286446971504,2.5952819053794856,0.705783489174535,0.11902556739667192,0.039303985744420684,0.22423863208498757,0.22114664160026623,0.6689286446971504,2.5952819053794856,0.705783489174535
0.10120201650660296,0.07120195801607712,0.17319593820270313,0.19380191269944513,0.705671875469576,2.990223099686914,0.6226915697290767,0.10120201650660296,0.07120195801607712,0.17319593820270313,0.19380191269944513,0.705671875469576,2.990223099686914,0.6226915697290767
0.07893078208879606,0.033065573871222616,0.1691494492952573,0.21572876956972725,0.7004910316732089,3.004070764847908,0.8043634516662737,0.07893078208879606,0.033065573871222616,0.1691494492952573,0.21572876956972725,0.7004910316732089,3.004070764847908,0.8043634516662737
0.22564890740529586,0.11337018435115488,0.37127165634126974,0.5032948446086555,0.2691974177289494,2.897536081731502,1.1493487541564267,0.22564890740529586,0.11337018435115488,0.37127165634126974,0.5032948446086555,0.2691974177289494,2.897536081731502,1.1493487541564267
0.2566476592198185,0.1305129772272506,0.38681221333398724,0.42150999981832105,0.306904218248031,2.5721451952938645,1.176326296886519,0.2566476592198185,0.1305129772272506,0.38681221333398724,0.42150999981832105,0.306904218248031,2.5721451952938645,1.176326296886519
0.12258057035566002,0.06391439885689139,0.2670238395007465,0.23668499680314461,0.7905594001677848,2.7205412056274145,0.16060006808685448,0.12258057035566002,0.06391439885689139,0.2670238395007465,0.23668499680314461,0.7905594001677848,2.7205412056274145,0.16060006808685448
0.08659951139263514,0.04363760118797881,0.11072685300769278,0.1502688102110917,0.729932016240981,3.005434169711263,0.6743813234778194,0.08659951139263514,0.04363760118797881,0.11072685300769278,0.1502688102110917,0.729932016240981,3.005434169711263,0.6743813234778194
0.06291025052271175,0.0672236435304604,0.19014101723870458,0.23214591974260623,0.6835021408538894,2.924573116159172,0.7850676397158364,0.06291025052271175,0.0672236435304604,0.19014101723870458,0.23214591974260623,0.6835021408538894,2.924573116159172,0.7850676397158364
0.04682629155529221,0.025004009409505614,0.15120133935618907,0.1281961622591237,0.7266006436081681,3.107689154776214,0.7965828556836126,0.04682629155529221,0.025004009409505614,0.15120133935618907,0.1281961622591237,0.7266006436081681,3.107689154776214,0.7965828556836126
0.08650633422709395,0.07309483836411315,0.2797099759405881,0.1556846007870475,0.6828892789884669,3.099896427933581,0.639459717471729,0.08650633422709395,0.07309483836411315,0.2797099759405881,0.1556846007870475,0.6828892789884669,3.099896427933581,0.639459717471729
0.07269605354497786,0.051342743200752855,0.135438420563228,0.26831537147196804,0.6189265563120976,2.670309226606462,1.392429881718982,0.07269605354497786,0.051342743200752855,0.135438420563228,0.26831537147196804,0.6189265563120976,2.670309226606462,1.392429881718982
0.03943953605883948,0.044762286993143885,0.09425460288112684,0.19420403294057637,0.673537905385959,2.6379667331654053,1.2107548512026092,0.03943953605883948,0.044762286993143885,0.09425460288112684,0.19420403294057637,0.673537905385959,2.6379667331654053,1.2107548512026092
0.1881462543653679,0.059268741168178415,0.3130417603375954,0.5525309384662537,0.28598439670028664,2.5105993047382724,1.0053374034001503,0.1881462543653679,0.059268741168178415,0.3130417603375954,0.5525309384662537,0.28598439670028664,2.5105993047382724,1.0053374034001503
0.07276959601554084,0.02541466404732361,0.20246935642026306,0.11322882966641133,0.7058611098469286,2.7242410212629684,0.8129466645860642,0.07276959601554084,0.02541466404732361,0.20246935642026306,0.11322882966641133,0.7058611098469286,2.7242410212629684,0.8129466645860642
0.039129850603278026,0.029551549065053098,0.15741760187387563,0.16656126295398901,0.7182483152844682,2.973487318011601,0.7424560515797654,0.039129850603278026,0.029551549065053098,0.15741760187387563,0.16656126295398901,0.7182483152844682,2.973487318011601,0.7424560515797654
0.12060388505646841,0.030289364696012518,0.0963664619844187,0.14122023166853295,0.7215483825586674,2.993665830389514,0.8130074728966408,0.12060388505646841,0.030289364696012518,0.0963664619844187,0.14122023166853295,0.7215483825586674,2.993665830389514,0.8130074728966408
0.084222564453332,0.05939007062948873,0.06070399853425588,0.18443237527575485,0.7048890417185969,2.970475767128028,1.0116373763339408,0.084222564453332,0.05939007062948873,0.06070399853425588,0.18443237527575485,0.7048890417185969,2.970475767128028,1.0116373763339408
0.06904872729663795,0.043753882217825474,0.11845665666722625,0.22867892436001278,0.7074239142300347,2.8699041759805497,0.6769678617063146,0.06904872729663795,0.043753882217825474,0.11845665666722625,0.22867892436001278,0.7074239142300347,2.8699041759805497,0.6769678617063146
0.07948124589834801,0.051245111674299536,0.13643639923973738,0.1339303939644664,0.7109770843193455,2.8709520698101647,0.9244732407153916,0.07948124589834801,0.051245111674299536,0.13643639923973738,0.1339303939644664,0.7109770843193455,2.8709520698101647,0.9244732407153916
0.14564614315870658,0.07546946047638121,0.25072437621947546,0.15856850844133638,0.6775580610586371,2.9591457007429285,0.6987968646140869,0.14564614315870658,0.07546946047638121,0.25072437621947546,0.15856850844133638,0.6775580610586371,2.9591457007429285,0.6987968646140869
0.05620020387599287,0.06628373225723617,0.20301935659944098,0.2543262121901947,0.6752032498071198,3.068729119545635,0.7907106663734471,0.05620020387599287,0.06628373225723617,0.20301935659944098,0.2543262121901947,0.6752032498071198,3.068729119545635,0.7907106663734471
0.1883526009553334,0.1949650997431562,0.2494906610822074,0.5750580758689486,0.2711465721438788,3.0283570967987554,1.084077657810451,0.1883526009553334,0.1949650997431562,0.2494906610822074,0.5750580758689486,0.2711465721438788,3.0283570967987554,1.084077657810451
0.08451495094923439,0.05784623135640525,0.13879036282331206,0.24998083700370144,0.6936949871934083,2.815391256211477,0.6593400781078432,0.08451495094923439,0.05784623135640525,0.13879036282331206,0.24998083700370144,0.6936949871934083,2.815391256211477,0.6593400781078432
0.06583156977948425,0.04642069938980265,0.16397620862158993,0.3238441307101526,0.6469163608825594,3.0560493034681815,0.9920397624284195,0.06583156977948425,0.04642069938980265,0.16397620862158993,0.3238441307101526,0.6469163608825594,3.0560493034681815,0.9920397624284195
0.05625586622881981,0.06384730732522276,0.11632051876445768,0.18037053551002769,0.6637922917183885,2.5724361952394728,1.2496380527416775,0.05625586622881981,0.06384730732522276,0.11632051876445768,0.18037053551002769,0.6637922917183885,2.5724361952394728,1.2496380527416775
0.058342077088013845,0.04178307868274847,0.14350766432369078,0.18215248475223753,0.714413696747137,3.121856345904173,0.8083464269788123,0.058342077088013845,0.04178307868274847,0.14350766432369078,0.18215248475223753,0.714413696747137,3.121856345904173,0.8083464269788123
0.12155227625718193,0.07923672365527341,0.1639708178117494,0.25903568209893574,0.6721694714703182,3.031023348595629,0.8308550427480135,0.12155227625718193,0.07923672365527341,0.1639708178117494,0.25903568209893574,0.6721694714703182,3.031023348595629,0.8308550427480135
0.09352779610754235,0.10980980397463419,0.18513769300182029,0.19729668430541156,0.69043794458769,3.003491647407639,0.7551129987568054,0.09352779610754235,0.10980980397463419,0.18513769300182029,0.19729668430541156,0.69043794458769,3.003491647407639,0.7551129987568054
0.23174679151688127,0.23207123374359834,0.4153491393508704,0.4468365440200039,0.29726343144000356,2.705112930331247,0.6841565498981892,0.23174679151688127,0.23207123374359834,0.4153491393508704,0.4468365440200039,0.29726343144000356,2.705112930331247,0.6841565498981892
0.15114628441585526,0.17492581018362482,0.4191154373640795,0.44475102004557066,0.3486747689193604,2.4649547971176413,0.7853957383080731,0.15114628441585526,0.17492581018362482,0.4191154373640795,0.44475102004557066,0.3486747689193604,2.4649547971176413,0.7853957383080731
0.059376360053147725,0.04030474441729998,0.20712367816809674,0.24135475082062835,0.6831982385788552,2.791865532480581,0.6564274324341802,0.059376360053147725,0.04030474441729998,0.20712367816809674,0.24135475082062835,0.6831982385788552,2.791865532480581,0.6564274324341802
0.04404443832959989,0.04839501133102384,0.12322833328808899,0.15924374833329782,0.7270962327459168,2.794510586108538,0.6530194109094786,0.04404443832959989,0.04839501133102384,0.12322833328808899,0.15924374833329782,0.7270962327459168,2.794510586108538,0.6530194109094786
0.049132792662193614,0.020335705622548887,0.1583439804416994,0.18594040027214198,0.7121299000401632,3.092779615957965,0.8236643766949298,0.049132792662193614,0.020335705622548887,0.1583439804416994,0.18594040027214198,0.7121299000401632,3.092779615957965,0.8236643766949298
3.530525365353563e-18,1.7306635460992449e-18,1.1427640817039221e-17,9.642254276610581e-18,4.502442645844238e-17,1.8892020180627065e-16,3.1817456458176925,3.530525365353563e-18,1.7306635460992449e-18,1.1427640817039221e-17,9.642254276610581e-18,4.502442645844238e-17,1.8892020180627065e-16,3.1817456458176925
0.07788089215104678,0.09522434394530656,0.17267945179844651,0.19144054060094026,0.7068754453257018,3.0474749866642106,0.6339069493619179,0.07788089215104678,0.09522434394530656,0.17267945179844651,0.19144054060094026,0.7068754453257018,3.0474749866642106,0.6339069493619179
0.17959671090939225,0.04616560833289096,0.21556996517893948,0.263351999756229,0.6319340537820116,2.883794827196594,0.9371865258475511,0.17959671090939225,0.04616560833289096,0.21556996517893948,0.263351999756229,0.6319340537820116,2.883794827196594,0.9371865258475511
0.11533427808009705,0.06177115354182772,0.2302497302366301,0.20561877184785154,0.6847686836120839,2.528382392344207,0.465967755626772,0.11533427808009705,0.06177115354182772,0.2302497302366301,0.20561877184785154,0.6847686836120839,2.528382392344207,0.465967755626772
0.09271091173947606,0.06355813842103862,0.22410688429888626,0.20945674284298846,0.6837263328326821,2.7907473271050143,0.6560295388424674,0.09271091173947606,0.06355813842103862,0.22410688429888626,0.20945674284298846,0.6837263328326821,2.7907473271050143,0.6560295388424674
0.12969312991955054,0.07434732597627308,0.4309803056206125,0.49274886810406576,0.3624491956914587,2.9382378531382995,0.7634588238351302,0.12969312991955054,0.07434732597627308,0.4309803056206125,0.49274886810406576,0.3624491956914587,2.9382378531382995,0.7634588238351302
0.06901097041019179,0.05842527970607881,0.21685554604435975,0.12331533219469622,0.7032492758364939,2.938487954370342,0.7978717022333824,0.06901097041019179,0.05842527970607881,0.21685554604435975,0.12331533219469622,0.7032492758364939,2.938487954370342,0.7978717022333824
0.03948962902254918,0.055874832873103276,0.1651311738304676,0.18056463941049422,0.7127848372693569,2.9973764930344577,0.7280905874984009,0.03948962902254918,0.055874832873103276,0.1651311738304676,0.18056463941049422,0.7127848372693569,2.9973764930344577,0.7280905874984009
0.06118016831615756,0.06852586537976817,0.09876492585555813,0.21653286103648445,0.679276320231724,2.838230335152129,1.124536158747201,0.06118016831615756,0.06852586537976817,0.09876492585555813,0.21653286103648445,0.679276320231724,2.838230335152129,1.124536158747201
0.07672335506654991,0.032096661303371486,0.11201713789618566,0.0984835080044495,0.7345764740451145,3.264814024972193,0.8611050952165626,0.07672335506654991,0.032096661303371486,0.11201713789618566,0.0984835080044495,0.7345764740451145,3.264814024972193,0.8611050952165626
0.1301352073685001,0.07350129089209716,0.4412758102099007,0.4326632385929863,0.3404156758304384,2.878650401568321,1.3054587837635412,0.1301352073685001,0.07350129089209716,0.4412758102099007,0.4326632385929863,0.3404156758304384,2.878650401568321,1.3054587837635412
0.0921309157271833,0.06628552118345783,0.16277137422771162,0.28813499171149953,0.673716529578966,2.9321164171320353,0.6613257629782987,0.0921309157271833,0.06628552118345783,0.16277137422771162,0.28813499171149953,0.673716529578966,2.9321164171320353,0.6613257629782987
0.1953257330962265,0.07420325517652669,0.397943690434101,0.5286963054637099,0.26055213321347825,2.9086620897656355,0.9473523404356872,0.1953257330962265,0.07420325517652669,0.397943690434101,0.5286963054637099,0.26055213321347825,2.9086620897656355,0.9473523404356872
0.05880915312521896,0.06489635134009143,0.1595226752791201,0.19411000144789725,0.6920670625160701,2.7805643152953086,0.8966012236468955,0.05880915312521896,0.06489635134009143,0.1595226752791201,0.19411000144789725,0.6920670625160701,2.7805643152953086,0.8966012236468955
0.09874015816980693,0.06830575904260124,0.15443488966675775,0.2201229518756371,0.69907599111772,2.6477323020782757,0.5807514804327626,0.09874015816980693,0.06830575904260124,0.15443488966675775,0.2201229518756371,0.69907599111772,2.6477323020782757,0.5807514804327626
0.053904678185895546,0.018393775283722696,0.17760901117742567,0.25184901593134884,0.6669641991503092,2.98754379353291,1.0385432445077825,0.053904678185895546,0.018393775283722696,0.17760901117742567,0.25184901593134884,0.6669641991503092,2.98754379353291,1.0385432445077825
0.06121874255227212,0.02728824149571593,0.10892611396293939,0.19388405308890577,0.6999789787439549,2.741290265836063,0.933844042517991,0.06121874255227212,0.02728824149571593,0.10892611396293939,0.19388405308890577,0.6999789787439549,2.741290265836063,0.933844042517991
0.06596271324133494,0.03726723807528694,0.1250103595583284,0.16944527003906473,0.7092771617740201,2.9620499061852397,0.9305294854437086,0.06596271324133494,0.03726723807528694,0.1250103595583284,0.16944527003906473,0.7092771617740201,2.9620499061852397,0.9305294854437086
0.054605701590091316,0.022504539520828794,0.13631329187951408,0.17127027115695995,0.7136928952734949,3.1003036885932387,0.899822438385761,0.054605701590091316,0.022504539520828794,0.13631329187951408,0.17127027115695995,0.7136928952734949,3.1003036885932387,0.899822438385761
0.09857131243591306,0.06755448919964024,0.24096324982544523,0.14512167506508014,0.6958834368757314,2.8060860283111655,0.6126732572546493,0.09857131243591306,0.06755448919964024,0.24096324982544523,0.14512167506508014,0.6958834368757314,2.8060860283111655,0.6126732572546493
0.08253962019917621,0.02911287780014846,0.12080139133376765,0.23334951953730715,0.6864508482469743,2.6469677578765785,0.8611925854082851,0.08253962019917621,0.02911287780014846,0.12080139133376765,0.23334951953730715,0.6864508482469743,2.6469677578765785,0.8611925854082851
0.11126573701617655,0.03135427566001163,0.1270767817141761,0.153157132245121,0.7136788234017499,2.6610383022196724,0.7298359469493553,0.11126573701617655,0.03135427566001163,0.1270767817141761,0.153157132245121,0.7136788234017499,2.6610383022196724,0.7298359469493553
0.03804442110343125,0.038117081429192005,0.16104244601346954,0.276740640102124,0.6816481796747391,2.7824769510435963,0.7493830444853381,0.03804442110343125,0.038117081429192005,0.16104244601346954,0.276740640102124,0.6816481796747391,2.7824769510435963,0.7493830444853381
0.08614800239616602,0.07263230224958504,0.27281022667139687,0.1611456105029359,0.6724559584502675,2.942617409586449,0.8075501391221307,0.08614800239616602,0.07263230224958504,0.27281022667139687,0.1611456105029359,0.6724559584502675,2.942617409586449,0.8075501391221307
0.13967298697235447,0.09003357628507326,0.2544740201350852,0.15996858417241666,0.6752371357559995,2.947043940851321,0.6961116954131411,0.13967298697235447,0.09003357628507326,0.2544740201350852,0.15996858417241666,0.6752371357559995,2.947043940851321,0.6961116954131411
0.08267713765016667,0.0711373675461612,0.21058603531736525,0.19168102084735275,0.6973095904308172,2.8401167470822353,0.5961703355039251,0.08267713765016667,0.0711373675461612,0.21058603531736525,0.19168102084735275,0.6973095904308172,2.8401167470822353,0.5961703355039251
0.13758252825732814,0.16153771638706463,0.4307818268899891,0.5105857549165169,0.27181135889022695,2.744705577746496,0.7314943465757635,0.13758252825732814,0.16153771638706463,0.4307818268899891,0.5105857549165169,0.27181135889022695,2.744705577746496,0.7314943465757635
0.07606884483464649,0.02651793994568122,0.21037042358649094,0.19018489170892194,0.6976542595260892,2.4135740322613235,0.5222697527810953,0.07606884483464649,0.02651793994568122,0.21037042358649094,0.19018489170892194,0.6976542595260892,2.4135740322613235,0.5222697527810953
0.160098137643877,0.1687006849487508,0.46814757597992523,0.4431462173693955,0.28200576088184137,2.7930554911446497,0.906418916822299,0.160098137643877,0.1687006849487508,0.46814757597992523,0.4431462173693955,0.28200576088184137,2.7930554911446497,0.906418916822299
0.113697874220232,0.0371939343588503,0.21327187511336052,0.20494180847869195,0.6677900574380283,2.5406763524756846,0.8214920447350897,0.113697874220232,0.0371939343588503,0.21327187511336052,0.20494180847869195,0.6677900574380283,2.5406763524756846,0.8214920447350897
0.0670948004545993,0.03446048770363015,0.15327719123953112,0.2637514281711263,0.6874639620662631,3.0649034906006043,0.7651648228355977,0.0670948004545993,0.03446048770363015,0.15327719123953112,0.2637514281711263,0.6874639620662631,3.0649034906006043,0.7651648228355977
0.097910841371887,0.04879352329409128,0.1766378352217777,0.17856371348979033,0.6984920077416972,2.6511269592461,0.7198389868129058,0.097910841371887,0.04879352329409128,0.1766378352217777,0.17856371348979033,0.6984920077416972,2.6511269592461,0.7198389868129058
0.08485222222969303,0.056672372574511985,0.19315826995231758,0.2956215771169928,0.6614982837203044,2.5774248553319645,0.6731425518977956,0.08485222222969303,0.056672372574511985,0.19315826995231758,0.2956215771169928,0.6614982837203044,2.5774248553319645,0.6731425518977956
0.05984163782697057,0.070041652313334,0.16578619245108114,0.1612752294236826,0.7001338602655446,2.8830950094643,0.9408224495706838,0.05984163782697057,0.070041652313334,0.16578619245108114,0.1612752294236826,0.7001338602655446,2.8830950094643,0.9408224495706838
6.39387494370387e-18,3.927796654464624e-18,1.1087304151706398e-17,1.0838059810073883e-17,4.432714762412281e-17,1.795358217581466e-16,3.0331604386261954,6.39387494370387e-18,3.927796654464624e-18,1.1087304151706398e-17,1.0838059810073883e-17,4.432714762412281e-17,1.795358217581466e-16,3.0331604386261954
0.24668753794886947,0.1757294336141971,0.4103235429187736,0.4233045253160122,0.26674226720755867,3.0564659338278886,1.3587451554093226,0.24668753794886947,0.1757294336141971,0.4103235429187736,0.4233045253160122,0.26674226720755867,3.0564659338278886,1.3587451554093226
0.037269821707968165,0.04423672038930391,0.14718319027729204,0.13576167410973325,0.6948551420452215,2.789972529071645,1.1055059407398045,0.037269821707968165,0.04423672038930391,0.14718319027729204,0.13576167410973325,0.6948551420452215,2.789972529071645,1.1055059407398045
0.07677993498563572,0.0895169033865818,0.16200216442714463,0.088609872870728,0.6961627038008038,2.67999908128184,1.0194903717821497,0.07677993498563572,0.0895169033865818,0.16200216442714463,0.088609872870728,0.6961627038008038,2.67999908128184,1.0194903717821497
0.05023285662465437,0.0159604156205968,0.16872467481647624,0.13301882514118127,0.7049830885675555,3.0693869299063734,1.062022989423141,0.05023285662465437,0.0159604156205968,0.16872467481647624,0.13301882514118127,0.7049830885675555,3.0693869299063734,1.062022989423141
0.07437570418145362,0.08715966612813388,0.1555823507847599,0.2295587094017686,0.6961692970782636,2.948843910877439,0.6893188450911076,0.07437570418145362,0.08715966612813388,0.1555823507847599,0.2295587094017686,0.6961692970782636,2.948843910877439,0.6893188450911076
0.10258926912350981,0.07009874104366944,0.18457217536145934,0.18068495431601425,0.7074678376474972,2.8491602805182845,0.5917296353068905,0.10258926912350981,0.07009874104366944,0.18457217536145934,0.18068495431601425,0.7074678376474972,2.8491602805182845,0.5917296353068905
0.11981565958456229,0.05526232256563597,0.21054490519885918,0.37412756122475793,0.5834339391973641,2.549535786069996,0.8729716599822824,0.11981565958456229,0.05526232256563597,0.21054490519885918,0.37412756122475793,0.5834339391973641,2.549535786069996,0.8729716599822824
0.06145478258693215,0.0443189313897263,0.14964370198372806,0.18633976781349643,0.7109663280101525,2.9753635303973693,0.7721787828314793,0.06145478258693215,0.0443189313897263,0.14964370198372806,0.18633976781349643,0.7109663280101525,2.9753635303973693,0.7721787828314793
0.19131014654898748,0.21350462315962182,0.4759859083309019,0.408500194462206,0.35300949325594605,3.0533424449037763,0.5812162777216988,0.19131014654898748,0.21350462315962182,0.4759859083309019,0.408500194462206,0.35300949325594605,3.0533424449037763,0.5812162777216988
0.06440976951530657,0.026756310438472063,0.17115032359136848,0.24978488506734983,0.6687849804924104,3.0109805722804373,1.0404079638211794,0.06440976951530657,0.026756310438472063,0.17115032359136848,0.24978488506734983,0.6687849804924104,3.0109805722804373,1.0404079638211794
0.05506309112572953,0.02259279552195783,0.15866436827035538,0.17935086903183234,0.7128407333345054,2.7637963390033358,0.6937277495615387,0.05506309112572953,0.02259279552195783,0.15866436827035538,0.17935086903183234,0.7128407333345054,2.7637963390033358,0.6937277495615387
0.09469864042324769,0.05015090640013315,0.15342226862939567,0.19583322622109148,0.6964287821786813,2.660513202139481,0.7696878622002167,0.09469864042324769,0.05015090640013315,0.15342226862939567,0.19583322622109148,0.6964287821786813,2.660513202139481,0.7696878622002167
0.05494451074724562,0.022850130107556866,0.15633847485259678,0.1926325870629834,0.7100925560656339,3.0645431692107996,0.7896924824906524,0.05494451074724562,0.022850130107556866,0.15633847485259678,0.1926325870629834,0.7100925560656339,3.0645431692107996,0.7896924824906524
0.0870697864798658,0.030345756456171352,0.1752650232926576,0.22383420386933608,0.6802527543658275,2.644164681704152,0.8731015259157587,0.0870697864798658,0.030345756456171352,0.1752650232926576,0.22383420386933608,0.6802527543658275,2.644164681704152,0.8731015259157587
0.08128405397456867,0.08040274997999651,0.218434872149328,0.20434175846003697,0.6865985746231429,2.9524354212092847,0.6972122456786229,0.08128405397456867,0.08040274997999651,0.218434872149328,0.20434175846003697,0.6865985746231429,2.9524354212092847,0.6972122456786229
0.314150058085428,0.1277959192213159,0.4460856152068954,0.4102085703576942,0.2865257250632105,2.681183661851574,0.7155741869333174,0.314150058085428,0.1277959192213159,0.4460856152068954,0.4102085703576942,0.2865257250632105,2.681183661851574,0.7155741869333174
0.07768618362660598,0.057323607806375715,0.13007109813370962,0.15435704516850068,0.7292987878970724,2.8314409174364146,0.6354836028744567,0.07768618362660598,0.057323607806375715,0.13007109813370962,0.15435704516850068,0.7292987878970724,2.8314409174364146,0.6354836028744567
0.04653672904524685,0.050378687431298856,0.20427766525960922,0.2365960184842357,0.6802501660543506,2.8686678332100883,0.7721177077266754,0.04653672904524685,0.050378687431298856,0.20427766525960922,0.2365960184842357,0.6802501660543506,2.8686678332100883,0.7721177077266754
0.1903216907285238,0.08752860892571296,0.39773408806366667,0.5288021775709298,0.2604842937847086,2.9112212583514383,0.9470123551594607,0.1903216907285238,0.08752860892571296,0.39773408806366667,0.5288021775709298,0.2604842937847086,2.9112212583514383,0.9470123551594607
0.11446391807343605,0.07277976319956915,0.08172372789146663,0.19211643696918268,0.7258508532181132,3.1893702519324343,0.5512183495105368,0.11446391807343605,0.07277976319956915,0.08172372789146663,0.19211643696918268,0.7258508532181132,3.1893702519324343,0.5512183495105368
0.06111328021735005,0.044728268245969614,0.13571152874307588,0.18530682632826734,0.6863880269293283,2.5369290386888728,0.9687108050666589,0.06111328021735005,0.044728268245969614,0.13571152874307588,0.18530682632826734,0.6863880269293283,2.5369290386888728,0.9687108050666589
0.09256402510283085,0.035660700423880864,0.1639495598829545,0.2128275530793177,0.6753972749744873,2.9210721074688792,1.0573184950302104,0.09256402510283085,0.035660700423880864,0.1639495598829545,0.2128275530793177,0.6753972749744873,2.9210721074688792,1.0573184950302104
0.080061780226533,0.09217292306060446,0.23163898451791043,0.37585261833139255,0.595868618502594,2.9270919127238386,0.7965249040862723,0.080061780226533,0.09217292306060446,0.23163898451791043,0.37585261833139255,0.595868618502594,2.9270919127238386,0.7965249040862723
0.07456103726880672,0.034749027107438504,0.12175319007775003,0.17494601101099536,0.7258578226978701,2.976459327852243,0.6385483236803123,0.07456103726880672,0.034749027107438504,0.12175319007775003,0.17494601101099536,0.7258578226978701,2.976459327852243,0.6385483236803123
0.11853871530329654,0.12477153107187365,0.189142528967822,0.21648983706901914,0.6641267329578128,2.6705533735656495,0.8695601256191611,0.11853871530329654,0.12477153107187365,0.189142528967822,0.21648983706901914,0.6641267329578128,2.6705533735656495,0.8695601256191611
0.03929683474952809,0.043203475808544944,0.1250599530625435,0.15765978125500252,0.7279502269527585,2.8310787963808877,0.6609960335343548,0.03929683474952809,0.043203475808544944,0.1250599530625435,0.15765978125500252,0.7279502269527585,2.8310787963808877,0.6609960335343548
0.071003869521368,0.034517511620867414,0.12890909780766058,0.15798002130907518,0.7076789535040576,2.771887403655774,0.9029926482420486,0.071003869521368,0.034517511620867414,0.12890909780766058,0.15798002130907518,0.7076789535040576,2.771887403655774,0.9029926482420486
0.07192212142243522,0.052303729406133447,0.16461380321201452,0.2108191734645024,0.656991739678368,2.4627367664223856,1.0733494798326835,0.07192212142243522,0.052303729406133447,0.16461380321201452,0.2108191734645024,0.656991739678368,2.4627367664223856,1.0733494798326835
0.08172696435772812,0.05954414411208114,0.06008380654831287,0.2141110260786668,0.7925710519644469,2.9868701330653633,1.019856298253198,0.08172696435772812,0.05954414411208114,0.06008380654831287,0.2141110260786668,0.7925710519644469,2.9868701330653633,1.019856298253198
0.1007097498112961,0.0520117336506634,0.16252357305303103,0.2876566464037692,0.6738406334260041,2.928235686894971,0.6629505533780784,0.1007097498112961,0.0520117336506634,0.16252357305303103,0.2876566464037692,0.6738406334260041,2.928235686894971,0.6629505533780784
0.060462959658043665,0.04313869559529711,0.10919411565303899,0.2300844693200477,0.662699955236852,2.788558911148436,1.2395911279880352,0.060462959658043665,0.04313869559529711,0.10919411565303899,0.2300844693200477,0.662699955236852,2.788558911148436,1.2395911279880352
0.05198876169770718,0.06073271509711886,0.08666453167989453,0.23803908094807308,0.6928283335484613,2.994457446561079,0.968280719119545,0.05198876169770718,0.06073271509711886,0.08666453167989453,0.23803908094807308,0.6928283335484613,2.994457446561079,0.968280719119545
0.052116643504801566,0.018180325024626895,0.09877496719232116,0.12537932731888443,0.6418579813173753,2.6538079566558785,1.6704904512731793,0.052116643504801566,0.018180325024626895,0.09877496719232116,0.12537932731888443,0.6418579813173753,2.6538079566558785,1.6704904512731793
0.036371379654281964,0.04458873943188107,0.18393479950071864,0.16967541569264366,0.7246448246575335,3.1202609525964125,0.4928697361109705,0.036371379654281964,0.04458873943188107,0.18393479950071864,0.16967541569264366,0.7246448246575335,3.1202609525964125,0.4928697361109705
0.04782231758271221,0.054390339085569395,0.12995446971853936,0.1265981018017841,0.7150108111009992,2.8478229331480187,0.952923946615425,0.04782231758271221,0.054390339085569395,0.12995446971853936,0.1265981018017841,0.7150108111009992,2.8478229331480187,0.952923946615425
0.20882466965445806,0.24348536187109476,0.45615095362895314,0.4090434464609779,0.3503173285157936,3.106489458587881,0.590748217932724,0.20882466965445806,0.24348536187109476,0.45615095362895314,0.4090434464609779,0.3503173285157936,3.106489458587881,0.590748217932724
0.06275167124174978,0.040638643452303475,0.22973782924384653,0.29183108831499055,0.6354246891683172,2.9771649499927,1.0126006071053504,0.06275167124174978,0.040638643452303475,0.22973782924384653,0.29183108831499055,0.6354246891683172,2.9771649499927,1.0126006071053504
0.0936899932074221,0.0681494635480371,0.21577731666491903,0.21821030235443656,0.6533850226547575,2.6226516167629,0.9660444290146034,0.0936899932074221,0.0681494635480371,0.21577731666491903,0.21821030235443656,0.6533850226547575,2.6226516167629,0.9660444290146034
0.040771221328693916,0.028698544291465053,0.09563714636698716,0.17675605639076525,0.6614804184426605,2.5679702949332963,1.3424176032369723,0.040771221328693916,0.028698544291465053,0.09563714636698716,0.17675605639076525,0.6614804184426605,2.5679702949332963,1.3424176032369723
0.08066499444347397,0.04914714513889894,0.13951670387461607,0.19070576944482756,0.663768062263198,2.7367391013574007,1.2473542340741972,0.08066499444347397,0.04914714513889894,0.13951670387461607,0.19070576944482756,0.663768062263198,2.7367391013574007,1.2473542340741972
0.11368231975611136,0.07282074541260687,0.2165924451707474,0.3081592815343217,0.666801554243895,3.1189024716414533,0.01776990134588426,0.11368231975611136,0.07282074541260687,0.2165924451707474,0.3081592815343217,0.666801554243895,3.1189024716414533,0.01776990134588426
0.055257923664904,0.05288936726749837,0.13300937840402527,0.1631893588505908,0.66164702288656,2.612913820917473,1.3304909849524629,0.055257923664904,0.05288936726749837,0.13300937840402527,0.1631893588505908,0.66164702288656,2.612913820917473,1.3304909849524629
0.08151588534160224,0.08104708150968158,0.12994466093278575,0.2878787195665789,0.6723025858262685,3.05092190099072,0.835913674748108,0.08151588534160224,0.08104708150968158,0.12994466093278575,0.2878787195665789,0.6723025858262685,3.05092190099072,0.835913674748108
0.09340189709907827,0.06403057590561664,0.146542747432151,0.20897600919570136,0.6994312299257165,2.75176234678355,0.7101826808508973,0.09340189709907827,0.06403057590561664,0.146542747432151,0.20897600919570136,0.6994312299257165,2.75176234678355,0.7101826808508973
0.15785314252106275,0.0894099217371284,0.32462289239129083,0.28760921130450273,0.6014659714613038,2.6564389594415436,0.487771122442049,0.15785314252106275,0.0894099217371284,0.32462289239129083,0.28760921130450273,0.6014659714613038,2.6564389594415436,0.487771122442049
0.06252312136179317,0.028808545222671515,0.12268652906099763,0.21411020043416917,0.7011763174520004,2.1131280781688124,0.5713440610604682,0.06252312136179317,0.028808545222671515,0.12268652906099763,0.21411020043416917,0.7011763174520004,2.1131280781688124,0.5713440610604682
0.0786140511579693,0.0332802032001869,0.11459919612122589,0.1012725381502457,0.7331824921752266,3.17503178961593,0.8386194250247201,0.0786140511579693,0.0332802032001869,0.11459919612122589,0.1012725381502457,0.7331824921752266,3.17503178961593,0.8386194250247201
0.22334255160579566,0.1478781969127157,0.36661943818907894,0.5121166701801108,0.32814445368001094,2.7269488495803085,0.5995340323554247,0.22334255160579566,0.1478781969127157,0.36661943818907894,0.5121166701801108,0.32814445368001094,2.7269488495803085,0.5995340323554247
0.049334445412562176,0.012963753696831727,0.16327157215816368,0.18896614955894475,0.9699468754665583,2.829040285431556,0.7615033296373062,0.049334445412562176,0.012963753696831727,0.16327157215816368,0.18896614955894475,0.9699468754665583,2.829040285431556,0.7615033296373062
0.025603339260896574,0.01075006603699976,0.09156032199737332,0.14955106162210086,0.7325531171479887,3.2355510881658756,0.8592022703963632,0.025603339260896574,0.01075006603699976,0.09156032199737332,0.14955106162210086,0.7325531171479887,3.2355510881658756,0.8592022703963632
0.20639805244755316,0.15865178275297367,0.36176915393526005,0.5048976148462224,0.309878622648049,2.9353567932870352,0.9558003513827134,0.20639805244755316,0.15865178275297367,0.36176915393526005,0.5048976148462224,0.309878622648049,2.9353567932870352,0.9558003513827134
0.11106984320270606,0.05822682615725092,0.22492241115099068,0.19839274063134998,0.6909628466846934,2.6751144041414783,0.4908692060179282,0.11106984320270606,0.05822682615725092,0.22492241115099068,0.19839274063134998,0.6909628466846934,2.6751144041414783,0.4908692060179282
0.08848015563369456,0.04523904477989235,0.14499835931077287,0.184594545064898,0.6962651734169151,2.9143491796953453,0.9473991676167016,0.08848015563369456,0.04523904477989235,0.14499835931077287,0.184594545064898,0.6962651734169151,2.9143491796953453,0.9473991676167016
0.08544081138719918,0.07692355096332025,0.15046372671291783,0.209289310394003,0.6950408338935111,2.820099903072278,0.7813987801379574,0.08544081138719918,0.07692355096332025,0.15046372671291783,0.209289310394003,0.6950408338935111,2.820099903072278,0.7813987801379574
0.14867507846119482,0.07586502251625643,0.49178047218414955,0.43081131892058183,0.2352349831569265,3.079618018338506,1.368519908571783,0.14867507846119482,0.07586502251625643,0.49178047218414955,0.43081131892058183,0.2352349831569265,3.079618018338506,1.368519908571783
0.12195174340719786,0.12758224105927246,0.28742075289866165,0.5561447528829278,0.26921886277879836,2.687089488400177,1.2964437111011493,0.12195174340719786,0.12758224105927246,0.28742075289866165,0.5561447528829278,0.26921886277879836,2.687089488400177,1.2964437111011493
0.18045915956586137,0.053840863941705806,0.45789855250695993,0.4519106775709612,0.31865541622759225,2.970728297993209,0.9613776347708166,0.18045915956586137,0.053840863941705806,0.45789855250695993,0.4519106775709612,0.31865541622759225,2.970728297993209,0.9613776347708166
0.03631103949292783,0.0187821315713096,0.11757311243605709,0.1508776043934889,0.7178965788497325,3.087482492400708,0.9722803090762597,0.03631103949292783,0.0187821315713096,0.11757311243605709,0.1508776043934889,0.7178965788497325,3.087482492400708,0.9722803090762597
0.06575817536363632,0.0726581578898855,0.20021704656732017,0.22655720719983702,0.698039296204207,3.1514458299482246,0.5562972929112655,0.06575817536363632,0.0726581578898855,0.20021704656732017,0.22655720719983702,0.698039296204207,3.1514458299482246,0.5562972929112655
0.15009230517929215,0.06565721631479753,0.21787184983087493,0.19414573788805514,0.6850699425850816,2.9836401249911906,0.6097756712349598,0.15009230517929215,0.06565721631479753,0.21787184983087493,0.19414573788805514,0.6850699425850816,2.9836401249911906,0.6097756712349598
0.05537524321669586,0.061140291471376625,0.16090250537690443,0.19290514647604326,0.6929098906059148,2.8139318822048547,0.9066652473746836,0.05537524321669586,0.061140291471376625,0.16090250537690443,0.19290514647604326,0.6929098906059148,2.8139318822048547,0.9066652473746836
0.11615805876999263,0.06015817836739323,0.18679089072031765,0.2319737971969187,0.6918610221341358,3.0252988071645417,0.5802775609825194,0.11615805876999263,0.06015817836739323,0.18679089072031765,0.2319737971969187,0.6918610221341358,3.0252988071645417,0.5802775609825194
0.05739354001234597,0.06204818580789795,0.14872532623097123,0.277224605071917,0.682049369552324,2.7822929716063634,0.6738703272592974,0.05739354001234597,0.06204818580789795,0.14872532623097123,0.277224605071917,0.682049369552324,2.7822929716063634,0.6738703272592974
0.040607418674271596,0.013139167664318085,0.1354225364789199,0.10900455723300331,0.7143535535486216,3.083080602242756,1.084309465815045,0.040607418674271596,0.013139167664318085,0.1354225364789199,0.10900455723300331,0.7143535535486216,3.083080602242756,1.084309465815045
0.048905129978066154,0.05543951708229813,0.13293519194599454,0.16881926003283054,0.666271257322475,2.656847241804344,1.2809664008778465,0.048905129978066154,0.05543951708229813,0.13293519194599454,0.16881926003283054,0.666271257322475,2.656847241804344,1.2809664008778465
0.05430217955529887,0.038258477033222715,0.1742272341029849,0.1326885235443974,0.7195535352169162,2.9761365791234438,0.7512349123949374,0.05430217955529887,0.038258477033222715,0.1742272341029849,0.1326885235443974,0.7195535352169162,2.9761365791234438,0.7512349123949374
0.06666785993524638,0.016544703836639033,0.08593366203178945,0.11192457309875722,0.6121967926646648,2.580956256882264,1.9076007461329423,0.06666785993524638,0.016544703836639033,0.08593366203178945,0.11192457309875722,0.6121967926646648,2.580956256882264,1.9076007461329423
0.09379495978676926,0.045426772746322376,0.11542492308953917,0.2902966141232887,0.6691557646638292,2.919251825816299,0.9433733972596197,0.09379495978676926,0.045426772746322376,0.11542492308953917,0.2902966141232887,0.6691557646638292,2.919251825816299,0.9433733972596197
0.06184658583379009,0.03130662193645154,0.10961508033105712,0.14647334915921678,0.6640541660615974,2.4930476975824627,1.309032395598573,0.06184658583379009,0.03130662193645154,0.10961508033105712,0.14647334915921678,0.6640541660615974,2.4930476975824627,1.309032395598573
0.15251176849363876,0.0955055945723541,0.316079064056416,0.4458712093022821,0.3330178908116148,2.608078094395343,1.631104245229579,0.15251176849363876,0.0955055945723541,0.316079064056416,0.4458712093022821,0.3330178908116148,2.608078094395343,1.631104245229579
0.053149270687244135,0.05385049669452249,0.08559652342765117,0.20147911298101215,0.7149576582318631,3.0508156500988517,0.8376287580356552,0.053149270687244135,0.05385049669452249,0.08559652342765117,0.20147911298101215,0.7149576582318631,3.0508156500988517,0.8376287580356552
0.04441107344801223,0.0470825751417292,0.1742587627091265,0.19824260653264056,0.7040277555361252,2.807214542493925,0.7038960355147685,0.04441107344801223,0.0470825751417292,0.1742587627091265,0.19824260653264056,0.7040277555361252,2.807214542493925,0.7038960355147685
0.08093618093883491,0.09619335846701856,0.40425053671708805,0.5129076528271779,0.3338175040229377,2.913439197165117,0.907125826841672,0.08093618093883491,0.09619335846701856,0.40425053671708805,0.5129076528271779,0.3338175040229377,2.913439197165117,0.907125826841672
0.22011891050178925,0.2592825254512056,0.36492204327180267,0.47732648156652213,0.2712663303012197,2.951248504503255,0.9551070510821823,0.22011891050178925,0.2592825254512056,0.36492204327180267,0.47732648156652213,0.2712663303012197,2.951248504503255,0.9551070510821823
0.052696417597603275,0.06234766867146671,0.18945350131682345,0.15729468525835444,0.6902824384793013,2.685024797713882,0.9127454978182965,0.052696417597603275,0.06234766867146671,0.18945350131682345,0.15729468525835444,0.6902824384793013,2.685024797713882,0.9127454978182965
0.22451065530418632,0.09163685332450776,0.44748293312796045,0.44414270182898513,0.33200781326084744,2.6396849387142653,0.6895411110614766,0.22451065530418632,0.09163685332450776,0.44748293312796045,0.44414270182898513,0.33200781326084744,2.6396849387142653,0.6895411110614766
0.030696148731236366,0.031095910254056305,0.08781164871797738,0.1435662271855716,0.6822854029260706,2.900843759290064,1.4483262359982385,0.030696148731236366,0.031095910254056305,0.08781164871797738,0.1435662271855716,0.6822854029260706,2.900843759290064,1.4483262359982385
0.2759053690623645,0.08092258702863431,0.40913264838189234,0.44993604638118245,0.3419804662679918,3.0241288994245026,0.7810744001919677,0.2759053690623645,0.08092258702863431,0.40913264838189234,0.44993604638118245,0.3419804662679918,3.0241288994245026,0.7810744001919677
0.05925389806848663,0.06890070519564798,0.11942016914169766,0.26765962202392035,0.675003329443248,2.881761864700143,0.9336716088603524,0.05925389806848663,0.06890070519564798,0.11942016914169766,0.26765962202392035,0.675003329443248,2.881761864700143,0.9336716088603524
0.07960545184289543,0.026399722650662844,0.11293731557012211,0.09943452334364838,0.7341005925079815,3.2336220411268597,0.8533630378483944,0.07960545184289543,0.026399722650662844,0.11293731557012211,0.09943452334364838,0.7341005925079815,3.2336220411268597,0.8533630378483944
0.08367313489536332,0.053978692381542244,0.18587149493574393,0.22646964076095707,0.6846437358719161,2.9550641827318747,0.8417717274464517,0.08367313489536332,0.053978692381542244,0.18587149493574393,0.22646964076095707,0.6846437358719161,2.9550641827318747,0.8417717274464517
0.07380738336270774,0.0625120230112385,0.12545455652787327,0.1309375422821839,0.7332390209734484,2.9328962210086886,0.614577131492407,0.07380738336270774,0.0625120230112385,0.12545455652787327,0.1309375422821839,0.7332390209734484,2.9328962210086886,0.614577131492407
0.06128157989735733,0.03943943052416385,0.09975071294227504,0.14056866791156333,0.7188759988760243,2.9173490879024784,0.9274273149947184,0.06128157989735733,0.03943943052416385,0.09975071294227504,0.14056866791156333,0.7188759988760243,2.9173490879024784,0.9274273149947184
0.05161073907786838,0.03475915675238819,0.08096148604374921,0.18815333827669972,0.7219344001395758,3.032419380982045,0.8064033980807006,0.05161073907786838,0.03475915675238819,0.08096148604374921,0.18815333827669972,0.7219344001395758,3.032419380982045,0.8064033980807006
0.06236684879400433,0.04417805875524842,0.10260916986376244,0.2266079136282608,0.6660313008476776,2.9266288273683214,1.2904847624325915,0.06236684879400433,0.04417805875524842,0.10260916986376244,0.2266079136282608,0.6660313008476776,2.9266288273683214,1.2904847624325915
0.05694894948819951,0.05985567835787266,0.07709713746355143,0.1753687746632455,0.7102759724273993,2.9411785401774577,0.9733027891244626,0.05694894948819951,0.05985567835787266,0.07709713746355143,0.1753687746632455,0.7102759724273993,2.9411785401774577,0.9733027891244626
0.08752517291581081,0.08915353333340655,0.18527028160683467,0.1816832073359675,0.7074968483253986,2.8267077337879813,0.573028006153906,0.08752517291581081,0.08915353333340655,0.18527028160683467,0.1816832073359675,0.7074968483253986,2.8267077337879813,0.573028006153906
0.06497255916708668,0.07468814805677518,0.17428080441714416,0.2183187785648115,0.6792146454427849,2.7780052591154734,0.9012126249860386,0.06497255916708668,0.07468814805677518,0.17428080441714416,0.2183187785648115,0.6792146454427849,2.7780052591154734,0.9012126249860386
0.11620842273203709,0.07469061821126677,0.1931748847058151,0.2690798341360947,0.6844304916982586,3.1028556740410895,0.357376850736467,0.11620842273203709,0.07469061821126677,0.1931748847058151,0.2690798341360947,0.6844304916982586,3.1028556740410895,0.357376850736467
0.17899388138762545,0.22958689119845657,0.5522824844509612,0.4594510340783718,0.37681908868551484,3.0082562849695367,0.5773766298845311,0.17899388138762545,0.22958689119845657,0.5522824844509612,0.4594510340783718,0.37681908868551484,3.0082562849695367,0.5773766298845311
0.12496884838318735,0.05454364436349964,0.19309808189732208,0.21272579913752718,0.6841732508816925,2.9363728180992092,0.7510149170009378,0.12496884838318735,0.05454364436349964,0.19309808189732208,0.21272579913752718,0.6841732508816925,2.9363728180992092,0.7510149170009378
0.06717107159257031,0.056903757192239335,0.21174546133770472,0.11991210644325657,0.7056771580350725,2.9084255475726817,0.7879121946130945,0.06717107159257031,0.056903757192239335,0.21174546133770472,0.11991210644325657,0.7056771580350725,2.9084255475726817,0.7879121946130945
0.08224646226784069,0.04826363053514618,0.128792849791216,0.18164885495601774,0.7201884941850029,2.971000313401641,0.6603021693104892,0.08224646226784069,0.04826363053514618,0.128792849791216,0.18164885495601774,0.7201884941850029,2.971000313401641,0.6603021693104892
0.13298345629598723,0.06802333472819323,0.1993414118965361,0.2157987326725007,0.6873252283415482,2.6519592666193423,0.664013336510799,0.13298345629598723,0.06802333472819323,0.1993414118965361,0.2157987326725007,0.6873252283415482,2.6519592666193423,0.664013336510799
0.16165415780874942,0.08086709227542442,0.5181985999618509,0.44702036252271626,0.2734794991239403,2.9276908859983104,0.6662476848942452,0.16165415780874942,0.08086709227542442,0.5181985999618509,0.44702036252271626,0.2734794991239403,2.9276908859983104,0.6662476848942452
0.08687735082581592,0.07355420176490454,0.2752305927840251,0.1563521033125354,0.6721608002174079,2.936818462871842,0.7974456901992625,0.08687735082581592,0.07355420176490454,0.2752305927840251,0.1563521033125354,0.6721608002174079,2.936818462871842,0.7974456901992625
0.040927891103813695,0.043887034521444365,0.14508911210796732,0.28136772087661194,0.6908108391306943,2.97159492198274,0.609800677503799,0.040927891103813695,0.043887034521444365,0.14508911210796732,0.28136772087661194,0.6908108391306943,2.97159492198274,0.609800677503799
0.04664461533729758,0.05009783244038829,0.20453175523003425,0.2368509298360285,0.6819453613366692,2.885322493821967,0.7497711661651827,0.04664461533729758,0.05009783244038829,0.20453175523003425,0.2368509298360285,0.6819453613366692,2.885322493821967,0.7497711661651827
0.06671822017615171,0.07357539007366591,0.1996611509225009,0.2265745924030549,0.6854861185327127,2.966897345848721,0.7421759164473921,0.06671822017615171,0.07357539007366591,0.1996611509225009,0.2265745924030549,0.6854861185327127,2.966897345848721,0.7421759164473921
0.07380381464309901,0.05495810887387095,0.18088892594845868,0.21701404596558002,0.6561901734451615,2.7846309464987486,1.1636037866647178,0.07380381464309901,0.05495810887387095,0.18088892594845868,0.21701404596558002,0.6561901734451615,2.7846309464987486,1.1636037866647178
0.08230391226161707,0.04284056442371566,0.26382582583219266,0.21505382070312234,0.7459134800020505,2.749407028264797,0.1706916592998607,0.08230391226161707,0.04284056442371566,0.26382582583219266,0.21505382070312234,0.7459134800020505,2.749407028264797,0.1706916592998607
0.10925187903623432,0.029250954170638863,0.12115289651154586,0.14732783973014782,0.7172857448848616,2.804160446951873,0.7658525990713622,0.10925187903623432,0.029250954170638863,0.12115289651154586,0.14732783973014782,0.7172857448848616,2.804160446951873,0.7658525990713622
0.057173758481929314,0.04199903415591779,0.14751341059123352,0.17430844666401116,0.7136485692198898,2.89415599776399,0.7686675661775405,0.057173758481929314,0.04199903415591779,0.14751341059123352,0.17430844666401116,0.7136485692198898,2.89415599776399,0.7686675661775405
0.06089726251610228,0.025962217940330698,0.17314808295518958,0.1325031895019279,0.7095047921120397,2.913440643744115,0.8909895811731144,0.06089726251610228,0.025962217940330698,0.17314808295518958,0.1325031895019279,0.7095047921120397,2.913440643744115,0.8909895811731144
0.05608383515539918,0.06567958775349611,0.08794624700562503,0.17644911947136957,0.7089519050589449,2.8307960518877144,0.9244526836968346,0.05608383515539918,0.06567958775349611,0.08794624700562503,0.17644911947136957,0.7089519050589449,2.8307960518877144,0.9244526836968346
0.08545165475446784,0.05794519541133152,0.20945685933135333,0.19468548095757607,0.6975303076779735,2.8697125135275736,0.62246379623159,0.08545165475446784,0.05794519541133152,0.20945685933135333,0.19468548095757607,0.6975303076779735,2.8697125135275736,0.62246379623159
0.08446470963485739,0.03201827379727365,0.23204213221959422,0.18127025192427976,0.6960088508407615,2.7216349430369275,0.709590823192785,0.08446470963485739,0.03201827379727365,0.23204213221959422,0.18127025192427976,0.6960088508407615,2.7216349430369275,0.709590823192785
0.07715478285806175,0.020497498264268436,0.1405395901741033,0.14361237556298392,0.7038361176232316,2.7715032314997554,0.9617233468003402,0.07715478285806175,0.020497498264268436,0.1405395901741033,0.14361237556298392,0.7038361176232316,2.7715032314997554,0.9617233468003402
0.04790876192775417,0.02082414739416088,0.1625067948672142,0.2716514673668429,0.6865738056885696,2.953763517564923,0.6954977975521939,0.04790876192775417,0.02082414739416088,0.1625067948672142,0.2716514673668429,0.6865738056885696,2.953763517564923,0.6954977975521939
0.18600793144297736,0.12445640887258977,0.2562325522654638,0.5066064879272232,0.41638926682996286,2.5379697966533743,0.8372493148319855,0.18600793144297736,0.12445640887258977,0.2562325522654638,0.5066064879272232,0.41638926682996286,2.5379697966533743,0.8372493148319855
0.09229341080932006,0.029383276857486873,0.13292755024017192,0.12887102887642105,0.7293828514804206,2.758330154538142,0.7587189944030069,0.09229341080932006,0.029383276857486873,0.13292755024017192,0.12887102887642105,0.7293828514804206,2.758330154538142,0.7587189944030069
0.03276649036991831,0.0408028673951272,0.13850848222944212,0.2365923698817681,0.7181067064749906,2.966006178857775,0.518256699675005,0.03276649036991831,0.0408028673951272,0.13850848222944212,0.2365923698817681,0.7181067064749906,2.966006178857775,0.518256699675005
4.5051365403099756e-18,1.5276438411091835e-18,8.822811761836729e-18,1.2452429548717089e-17,4.4465730353128595e-17,1.4042104595200198e-16,2.4196044941076105,4.5051365403099756e-18,1.5276438411091835e-18,8.822811761836729e-18,1.2452429548717089e-17,4.4465730353128595e-17,1.4042104595200198e-16,2.4196044941076105
0.09955873755572553,0.09969924964385313,0.17878418214957006,0.1919276256252321,0.692735947711522,2.7503972899145825,0.6948090185240952,0.09955873755572553,0.09969924964385313,0.17878418214957006,0.1919276256252321,0.692735947711522,2.7503972899145825,0.6948090185240952
0.22340951756304994,0.14725979611187634,0.36745450499824783,0.5136113452555322,0.32590814496422255,2.7852349589722585,0.6114555902101277,0.22340951756304994,0.14725979611187634,0.36745450499824783,0.5136113452555322,0.32590814496422255,2.7852349589722585,0.6114555902101277
0.12734716111515446,0.09250869865323215,0.09887287644623527,0.211300508036904,0.657842799833246,2.480344754521196,1.075509845938839,0.12734716111515446,0.09250869865323215,0.09887287644623527,0.211300508036904,0.657842799833246,2.480344754521196,1.075509845938839
0.08334359619470094,0.05691518071987465,0.1368571794391279,0.24778224462829254,0.6956245826234939,2.901398700190338,0.6781704594872082,0.08334359619470094,0.05691518071987465,0.1368571794391279,0.24778224462829254,0.6956245826234939,2.901398700190338,0.6781704594872082
0.09672249791900828,0.08138707573096345,0.14436112165101392,0.19604129034701845,0.6982423635055381,2.651002196305188,0.7217456459606448,0.09672249791900828,0.08138707573096345,0.14436112165101392,0.19604129034701845,0.6982423635055381,2.651002196305188,0.7217456459606448
0.08109060003824303,0.08062197230875892,0.12934267955985662,0.2872396514649936,0.6729720559089795,3.086828939136266,0.8452018850697963,0.08109060003824303,0.08062197230875892,0.12934267955985662,0.2872396514649936,0.6729720559089795,3.086828939136266,0.8452018850697963
0.08190786486864723,0.09168593040510302,0.13212933869279106,0.19772937886810216,0.7078930358285531,2.9251508822594507,0.7029143308050417,0.08190786486864723,0.09168593040510302,0.13212933869279106,0.19772937886810216,0.7078930358285531,2.9251508822594507,0.7029143308050417
0.05897382583106197,0.030642130190444247,0.12668135815324563,0.2066259021375029,0.6979512097126329,2.9885509489458584,0.9700746979799747,0.05897382583106197,0.030642130190444247,0.12668135815324563,0.2066259021375029,0.6979512097126329,2.9885509489458584,0.9700746979799747
0.17556297782201682,0.20653600462364125,0.47276479233732327,0.38590523006917216,0.3521543286250748,2.609727775482946,0.6369716476158165,0.17556297782201682,0.20653600462364125,0.47276479233732327,0.38590523006917216,0.3521543286250748,2.609727775482946,0.6369716476158165
0.07286728645788206,0.07312801551350258,0.11620398410442545,0.2142315864529521,0.993379215959815,2.796247837041384,0.47059969028850707,0.07286728645788206,0.07312801551350258,0.11620398410442545,0.2142315864529521,0.993379215959815,2.796247837041384,0.47059969028850707
0.08263326881332722,0.02749846465266702,0.15277511306502414,0.13974319712056874,0.6785842062326521,2.785085796880097,1.2271141934492713,0.08263326881332722,0.02749846465266702,0.15277511306502414,0.13974319712056874,0.6785842062326521,2.785085796880097,1.2271141934492713
0.03561065800294618,0.041565841449201696,0.134967750870313,0.2641658041689577,0.6784477650771772,3.060652517988478,0.9857289340289033,0.03561065800294618,0.041565841449201696,0.134967750870313,0.2641658041689577,0.6784477650771772,3.060652517988478,0.9857289340289033
0.06305173897568746,0.028437602130704943,0.11158605163520449,0.19779711819271412,0.7005299013486849,2.6710098457766036,0.8778644912068571,0.06305173897568746,0.028437602130704943,0.11158605163520449,0.19779711819271412,0.7005299013486849,2.6710098457766036,0.8778644912068571
0.05403778411877314,0.06224743184998151,0.2696819687832238,0.26049677472614363,0.6364183398582554,2.880307152878252,0.9077146880257344,0.05403778411877314,0.06224743184998151,0.2696819687832238,0.26049677472614363,0.6364183398582554,2.880307152878252,0.9077146880257344
0.12065974580502127,0.06818551146263108,0.18865189758637613,0.19220486638592543,0.6942242359805403,2.8349411867951395,0.6646241701374369,0.12065974580502127,0.06818551146263108,0.18865189758637613,0.19220486638592543,0.6942242359805403,2.8349411867951395,0.6646241701374369
0.07894729145497512,0.05369310109781287,0.13003547047528652,0.2352560729249998,0.660495882370049,2.766711162866989,1.1655452910212194,0.07894729145497512,0.05369310109781287,0.13003547047528652,0.2352560729249998,0.660495882370049,2.766711162866989,1.1655452910212194
0.10112802253397592,0.07590121467339025,0.17182860179616227,0.2780940179278682,0.6748088734769281,3.029197056401844,0.6684037167945496,0.10112802253397592,0.07590121467339025,0.17182860179616227,0.2780940179278682,0.6748088734769281,3.029197056401844,0.6684037167945496
0.19416392700380655,0.12551794914248032,0.31779559854766487,0.6038452990865729,0.34749589040177287,2.813203834016382,0.6194654703568317,0.19416392700380655,0.12551794914248032,0.31779559854766487,0.6038452990865729,0.34749589040177287,2.813203834016382,0.6194654703568317
0.0824680689357136,0.04131456909163645,0.1335873937456262,0.1856396339871909,0.7268992281570744,3.067616766837732,0.5130340669554125,0.0824680689357136,0.04131456909163645,0.1335873937456262,0.1856396339871909,0.7268992281570744,3.067616766837732,0.5130340669554125
0.1368313567891214,0.06996812852250331,0.2532914373131514,0.36233065918173907,0.5853492264556622,2.9311362939833616,0.8310413602235517,0.1368313567891214,0.06996812852250331,0.2532914373131514,0.36233065918173907,0.5853492264556622,2.9311362939833616,0.8310413602235517
0.07989584022698044,0.029799709504675677,0.19922690244629349,0.15682006053036682,0.7043510172501376,2.8603306615692974,0.7414816078408613,0.07989584022698044,0.029799709504675677,0.19922690244629349,0.15682006053036682,0.7043510172501376,2.8603306615692974,0.7414816078408613
0.13642257217845857,0.11294062287395834,0.2019479689020917,0.27464417232947735,0.6548276044460993,2.9348777264923456,0.661703400413823,0.13642257217845857,0.11294062287395834,0.2019479689020917,0.27464417232947735,0.6548276044460993,2.9348777264923456,0.661703400413823
0.0895441631300742,0.027132975043664496,0.12446987820663082,0.13246256165326353,0.713325031577042,3.0181589985521664,0.9777146861794356,0.0895441631300742,0.027132975043664496,0.12446987820663082,0.13246256165326353,0.713325031577042,3.0181589985521664,0.9777146861794356
0.20630522616255026,0.15970320556218734,0.3593354526302512,0.5013892902580289,0.3157428116570495,2.7667404429861158,0.9042093906528333,0.20630522616255026,0.15970320556218734,0.3593354526302512,0.5013892902580289,0.3157428116570495,2.7667404429861158,0.9042093906528333
0.20367367367333694,0.09707984168800922,0.4273424731644194,0.520526962248689,0.2736548030217846,2.9414169579747993,0.6446541168977656,0.20367367367333694,0.09707984168800922,0.4273424731644194,0.520526962248689,0.2736548030217846,2.9414169579747993,0.6446541168977656
0.08892105639339869,0.0611314046360797,0.2026672452376336,0.19210913150128026,0.6769489552287339,2.7424935937145007,0.8984636617338706,0.08892105639339869,0.0611314046360797,0.2026672452376336,0.19210913150128026,0.6769489552287339,2.7424935937145007,0.8984636617338706
0.13174839177729225,0.06588731610215207,0.1982892863574544,0.2130217069417223,0.6909019273279133,2.813286232677023,0.701518536539538,0.13174839177729225,0.06588731610215207,0.1982892863574544,0.2130217069417223,0.6909019273279133,2.813286232677023,0.701518536539538
0.19419484221699274,0.08891996687403098,0.402188994049617,0.5348634539048225,0.23910815274029412,2.8928948214209447,0.9413369171194558,0.19419484221699274,0.08891996687403098,0.402188994049617,0.5348634539048225,0.23910815274029412,2.8928948214209447,0.9413369171194558
0.04732759838201465,0.03471298544404244,0.17895870077145407,0.20062127847100597,0.7007776098112185,2.926299575178978,0.7732045040972675,0.04732759838201465,0.03471298544404244,0.17895870077145407,0.20062127847100597,0.7007776098112185,2.926299575178978,0.7732045040972675
0.12586403742777544,0.06019618226050803,0.29045895104966674,0.6115367708283015,0.2705322047060021,3.0218987250568254,0.9742924102522963,0.12586403742777544,0.06019618226050803,0.29045895104966674,0.6115367708283015,0.2705322047060021,3.0218987250568254,0.9742924102522963
0.05762015711972439,0.03097451858715511,0.1043332614939651,0.18431692506778705,0.692161726504808,2.6432124689438035,1.047063571485288,0.05762015711972439,0.03097451858715511,0.1043332614939651,0.18431692506778705,0.692161726504808,2.6432124689438035,1.047063571485288
0.11612376820468483,0.0794627856827715,0.1909718644357453,0.1866690470730249,0.7038005335490601,2.977174533854726,0.5310422083754067,0.11612376820468483,0.0794627856827715,0.1909718644357453,0.1866690470730249,0.7038005335490601,2.977174533854726,0.5310422083754067
0.08814787532524297,0.07468412145482597,0.27800098164630255,0.15853909427492857,0.6700513288329417,2.908227423535629,0.7901520800429116,0.08814787532524297,0.07468412145482597,0.27800098164630255,0.15853909427492857,0.6700513288329417,2.908227423535629,0.7901520800429116
0.052044919826194184,0.037415136288721444,0.08475641911483621,0.18337579123570957,0.6815179178634736,2.659530874291776,1.1795061100048116,0.052044919826194184,0.037415136288721444,0.08475641911483621,0.18337579123570957,0.6815179178634736,2.659530874291776,1.1795061100048116
0.11370585157985004,0.06179192277538176,0.22937340335323733,0.2039879352433606,0.685705368985526,2.57072841885482,0.4821803038450044,0.11370585157985004,0.06179192277538176,0.22937340335323733,0.2039879352433606,0.685705368985526,2.57072841885482,0.4821803038450044
0.0728303428292732,0.054596430171009985,0.15796974460796245,0.17149772301339727,0.6691719390094303,2.6300988528452773,1.1576140980693679,0.0728303428292732,0.054596430171009985,0.15796974460796245,0.17149772301339727,0.6691719390094303,2.6300988528452773,1.1576140980693679
0.22373966468006698,0.14689305620608814,0.36864265115198736,0.5143759830922664,0.3239103789890801,2.8385876784496,0.6223795590591488,0.22373966468006698,0.14689305620608814,0.36864265115198736,0.5143759830922664,0.3239103789890801,2.8385876784496,0.6223795590591488
0.05156581312893816,0.06131043410552648,0.1903978527524882,0.15651366244653736,0.7103390075054854,2.885165146672459,0.7024620753985169,0.05156581312893816,0.06131043410552648,0.1903978527524882,0.15651366244653736,0.7103390075054854,2.885165146672459,0.7024620753985169
0.04300439888735436,0.04933386415331982,0.21172919997331163,0.22445839754246713,0.6867113577382493,3.0127267844131786,0.7519665520573781,0.04300439888735436,0.04933386415331982,0.21172919997331163,0.22445839754246713,0.6867113577382493,3.0127267844131786,0.7519665520573781
0.10385437555314424,0.032955623313495414,0.17334416514196815,0.17687739982053524,0.7003345954103504,2.7267482122311333,0.7389024902870452,0.10385437555314424,0.032955623313495414,0.17334416514196815,0.17687739982053524,0.7003345954103504,2.7267482122311333,0.7389024902870452
0.1477911304371459,0.0446609017345316,0.24811565575578845,0.25166409916810156,0.653649435540558,2.873316226986786,0.6466315807460534,0.1477911304371459,0.0446609017345316,0.24811565575578845,0.25166409916810156,0.653649435540558,2.873316226986786,0.6466315807460534
0.045756502843054915,0.053603506122730134,0.1323442339889853,0.21486370098684562,0.7071881851174349,2.8994119675088084,0.7433314001889556,0.045756502843054915,0.053603506122730134,0.1323442339889853,0.21486370098684562,0.7071881851174349,2.8994119675088084,0.7433314001889556
0.09475072808317764,0.09600987742058179,0.15273886588596525,0.10547625017781125,0.7165865078658739,3.1067130290283753,0.840949835593921,0.09475072808317764,0.09600987742058179,0.15273886588596525,0.10547625017781125,0.7165865078658739,3.1067130290283753,0.840949835593921
0.06812194484132784,0.07948208480443134,0.1532934711477877,0.21348759635795542,0.703448005089393,2.891214167342647,0.6663994114936751,0.06812194484132784,0.07948208480443134,0.1532934711477877,0.21348759635795542,0.703448005089393,2.891214167342647,0.6663994114936751
0.0812336123363485,0.051875724504476806,0.14183812802435264,0.19108043436322483,0.6963398339823259,2.8875139856256906,0.9260335436289376,0.0812336123363485,0.051875724504476806,0.14183812802435264,0.19108043436322483,0.6963398339823259,2.8875139856256906,0.9260335436289376
0.08708208804964573,0.032939014130262685,0.16860535989061454,0.23267684816093068,0.6865220866005167,3.0171386808783045,0.8514424601424483,0.08708208804964573,0.032939014130262685,0.16860535989061454,0.23267684816093068,0.6865220866005167,3.0171386808783045,0.8514424601424483
0.12355890791043259,0.048771445363922014,0.1780599571821431,0.2013513072587497,0.7007965830661416,2.985896241519567,0.6406443360676475,0.12355890791043259,0.048771445363922014,0.1780599571821431,0.2013513072587497,0.7007965830661416,2.985896241519567,0.6406443360676475
0.07655022127325319,0.0330923932201626,0.112246772316147,0.09879445696672728,0.7344070287329745,3.245116622486725,0.8561700088604296,0.07655022127325319,0.0330923932201626,0.112246772316147,0.09879445696672728,0.7344070287329745,3.245116622486725,0.8561700088604296
0.05950488848997519,0.046418286474561095,0.18474551227407204,0.10356140105068298,0.7284847457501835,3.0436471420108253,0.6285116860318958,0.05950488848997519,0.046418286474561095,0.18474551227407204,0.10356140105068298,0.7284847457501835,3.0436471420108253,0.6285116860318958
0.0756697273572824,0.05140541175913512,0.18493634305449333,0.17066215999087112,0.6814139612792633,2.7394296316915656,1.0020575020099205,0.0756697273572824,0.05140541175913512,0.18493634305449333,0.17066215999087112,0.6814139612792633,2.7394296316915656,1.0020575020099205
0.23220812206231506,0.23253819755016875,0.4177190037702472,0.44757709040713695,0.29343072184053165,2.791872249522707,0.7045749629139769,0.23220812206231506,0.23253819755016875,0.4177190037702472,0.44757709040713695,0.29343072184053165,2.791872249522707,0.7045749629139769
0.07868630154660816,0.06010978934177924,0.1461604404919207,0.2628284104509933,0.6350391846318256,1.8953334815763503,0.8431690352593458,0.07868630154660816,0.06010978934177924,0.1461604404919207,0.2628284104509933,0.6350391846318256,1.8953334815763503,0.8431690352593458
0.06733280601953726,0.027774885786579537,0.14313268680426064,0.2646077449129067,0.6663893479792657,2.874999061633085,1.02327901278863,0.06733280601953726,0.027774885786579537,0.14313268680426064,0.2646077449129067,0.6663893479792657,2.874999061633085,1.02327901278863
0.08605632056717408,0.03914703056488487,0.13858985783173464,0.25232716175924724,0.6777107672105853,3.066049670941494,0.9895822727788481,0.08605632056717408,0.03914703056488487,0.13858985783173464,0.25232716175924724,0.6777107672105853,3.066049670941494,0.9895822727788481
0.06078819613366157,0.03949971204914375,0.2254508737240191,0.26133567613348435,0.6654538869793587,2.836732913030725,0.7446238273090646,0.06078819613366157,0.03949971204914375,0.2254508737240191,0.26133567613348435,0.6654538869793587,2.836732913030725,0.7446238273090646
0.07226426204598832,0.07941270925694051,0.1956399627565939,0.22717535711450124,0.6838267829688903,2.7414109243416798,0.6892557506108261,0.07226426204598832,0.07941270925694051,0.1956399627565939,0.22717535711450124,0.6838267829688903,2.7414109243416798,0.6892557506108261
0.17249188566571783,0.1691267539482638,0.45093861426922105,0.43655819145835617,0.28767347589564246,2.6625905770556413,0.9783746825199279,0.17249188566571783,0.1691267539482638,0.45093861426922105,0.43655819145835617,0.28767347589564246,2.6625905770556413,0.9783746825199279
0.03932268974122558,0.040963138546619086,0.17628747217465474,0.2189166137559193,0.902793807417147,2.559067787493056,1.000164209670661,0.03932268974122558,0.040963138546619086,0.17628747217465474,0.2189166137559193,0.902793807417147,2.559067787493056,1.000164209670661
0.08490598907078267,0.044693347262721936,0.2022847815704082,0.2704100524842834,0.6660202945594424,2.657417371717966,0.6825842900092995,0.08490598907078267,0.044693347262721936,0.2022847815704082,0.2704100524842834,0.6660202945594424,2.657417371717966,0.6825842900092995
0.037500695327175274,0.024025301144005324,0.08935976200106578,0.1660705172866272,0.7162447641590564,3.020777995767887,0.9783045484610725,0.037500695327175274,0.024025301144005324,0.08935976200106578,0.1660705172866272,0.7162447641590564,3.020777995767887,0.9783045484610725
0.059622925615941846,0.044688807647581805,0.13017106360913996,0.160636816492416,0.6631959297224878,2.6557092484563567,1.3523838045357581,0.059622925615941846,0.044688807647581805,0.13017106360913996,0.160636816492416,0.6631959297224878,2.6557092484563567,1.3523838045357581
0.044955008880648184,0.023687228858588413,0.09627426962473792,0.17381873507482803,0.7243250155706006,2.7915705587680044,0.7298495505955317,0.044955008880648184,0.023687228858588413,0.09627426962473792,0.17381873507482803,0.7243250155706006,2.7915705587680044,0.7298495505955317
0.0769442588470662,0.07908508007896616,0.141680670940243,0.18931937464454843,0.6951615854094108,2.802326923754293,0.8890110748315182,0.0769442588470662,0.07908508007896616,0.141680670940243,0.18931937464454843,0.6951615854094108,2.802326923754293,0.8890110748315182
0.06133945880216514,0.04388442722330928,0.11243401435419716,0.23233239311254442,0.6624060771107667,2.7243800472256265,1.19765103015147,0.06133945880216514,0.04388442722330928,0.11243401435419716,0.23233239311254442,0.6624060771107667,2.7243800472256265,1.19765103015147
0.06310473110834858,0.029820949472627416,0.14560413039650372,0.1732429336332981,0.7154501253000076,2.954191151096712,0.7873462300531137,0.06310473110834858,0.029820949472627416,0.14560413039650372,0.1732429336332981,0.7154501253000076,2.954191151096712,0.7873462300531137
0.08881703253889349,0.10691998270993952,0.18897050932906603,0.1927241616765121,0.6938013257392731,2.8173450218696874,0.6607685737230448,0.08881703253889349,0.10691998270993952,0.18897050932906603,0.1927241616765121,0.6938013257392731,2.8173450218696874,0.6607685737230448
0.18634543709930207,0.19513857537120982,0.2517360997818694,0.5725495493253028,0.27450761954574054,2.937793746029338,1.0534523006176548,0.18634543709930207,0.19513857537120982,0.2517360997818694,0.5725495493253028,0.27450761954574054,2.937793746029338,1.0534523006176548
0.03759651041351753,0.040998031866391844,0.15962671698863418,0.2754444127851822,0.6782975725905559,2.78159806242004,0.7489130796777996,0.03759651041351753,0.040998031866391844,0.15962671698863418,0.2754444127851822,0.6782975725905559,2.78159806242004,0.7489130796777996
0.05762652156926118,0.06055060341645249,0.07803365119442787,0.17698830119249984,0.7098993858254041,2.9043063464848933,0.9559997112936507,0.05762652156926118,0.06055060341645249,0.07803365119442787,0.17698830119249984,0.7098993858254041,2.9043063464848933,0.9559997112936507
0.056717191297997654,0.06711207503358112,0.23294027452312788,0.21253847614192523,0.6673722217140825,2.765420201088267,0.863869147157399,0.056717191297997654,0.06711207503358112,0.23294027452312788,0.21253847614192523,0.6673722217140825,2.765420201088267,0.863869147157399
0.07708592827743402,0.06629612779317794,0.17909681307485265,0.224338461357293,0.6985469989008123,2.8619029689268127,0.5829227622864774,0.07708592827743402,0.06629612779317794,0.17909681307485265,0.224338461357293,0.6985469989008123,2.8619029689268127,0.5829227622864774
0.0960298425893165,0.0653606465088479,0.15097087993808403,0.22658759231461348,0.6920854115409559,2.9762708412279153,0.79428751184629,0.0960298425893165,0.0653606465088479,0.15097087993808403,0.22658759231461348,0.6920854115409559,2.9762708412279153,0.79428751184629
0.053016623915795,0.01795311244205088,0.17660148233692105,0.2507356615969617,0.6680021435980313,3.042236365254907,1.0564938325074074,0.053016623915795,0.01795311244205088,0.17660148233692105,0.2507356615969617,0.6680021435980313,3.042236365254907,1.0564938325074074
0.0832532756038211,0.032030171618704965,0.20180036465982795,0.16259942171335615,0.7004736439751005,2.7155253212125143,0.7128618343534664,0.0832532756038211,0.032030171618704965,0.20180036465982795,0.16259942171335615,0.7004736439751005,2.7155253212125143,0.7128618343534664
6.37546713611495e-18,3.922276840188259e-18,1.1069271973596983e-17,1.0812737203879623e-17,4.434834933295388e-17,1.8034699107992476e-16,3.045996720665528,6.37546713611495e-18,3.922276840188259e-18,1.1069271973596983e-17,1.0812737203879623e-17,4.434834933295388e-17,1.8034699107992476e-16,3.045996720665528
0.049710461501243315,0.01741115383970211,0.15720330289448567,0.13574480870202066,0.6280190065707523,2.625817290385797,1.6538929152667534,0.049710461501243315,0.01741115383970211,0.15720330289448567,0.13574480870202066,0.6280190065707523,2.625817290385797,1.6538929152667534
0.06615812115192421,0.03475687934477578,0.19981357208796868,0.11035375885167666,0.7078792141807353,2.805084365053488,0.8354458869156683,0.06615812115192421,0.03475687934477578,0.19981357208796868,0.11035375885167666,0.7078792141807353,2.805084365053488,0.8354458869156683
0.0765061847170344,0.026055159893846602,0.1570641670198816,0.2036146079727994,0.6810087395663482,2.4988431711893315,0.8990966237285961,0.0765061847170344,0.026055159893846602,0.1570641670198816,0.2036146079727994,0.6810087395663482,2.4988431711893315,0.8990966237285961
0.05692806331482131,0.04555365130443953,0.14021958680566302,0.1485662379057172,0.7274434759384174,3.0289359251203654,0.6924228209102455,0.05692806331482131,0.04555365130443953,0.14021958680566302,0.1485662379057172,0.7274434759384174,3.0289359251203654,0.6924228209102455
0.05484258766339125,0.03986130377330672,0.12419869170288315,0.15680062934881478,0.711323016494154,2.919238070010146,0.9401177209838019,0.05484258766339125,0.03986130377330672,0.12419869170288315,0.15680062934881478,0.711323016494154,2.919238070010146,0.9401177209838019
0.05357403680762238,0.06068120263889297,0.14516609105377934,0.1843405797659033,0.7205631935900815,2.8360832938083873,0.5716014418560311,0.05357403680762238,0.06068120263889297,0.14516609105377934,0.1843405797659033,0.7205631935900815,2.8360832938083873,0.5716014418560311
0.10222952246221603,0.03349921339997505,0.13629606394258448,0.13766222736490516,0.6799104817821559,2.8487258310933017,1.253472125033288,0.10222952246221603,0.03349921339997505,0.13629606394258448,0.13766222736490516,0.6799104817821559,2.8487258310933017,1.253472125033288
0.16982407561146257,0.09125891841617165,0.49060930463637403,0.446386921109407,0.2698424757863637,2.8340884771563575,0.9146250693695129,0.16982407561146257,0.09125891841617165,0.49060930463637403,0.446386921109407,0.2698424757863637,2.8340884771563575,0.9146250693695129
0.07964729803433095,0.025721561916831382,0.11090440280684946,0.1740391300855925,0.7195830057216476,2.8176622657114905,0.7302710237393697,0.07964729803433095,0.025721561916831382,0.11090440280684946,0.1740391300855925,0.7195830057216476,2.8176622657114905,0.7302710237393697
0.05797335177882088,0.0367952909772677,0.13103344912124465,0.2146486997442227,0.7071353983798451,2.927530976503173,0.760106204359466,0.05797335177882088,0.0367952909772677,0.13103344912124465,0.2146486997442227,0.7071353983798451,2.927530976503173,0.760106204359466
0.14867038896780185,0.10530718011410528,0.5052066442900071,0.4008966323126354,0.3173314475195246,2.9665921994173043,0.9685088657175105,0.14867038896780185,0.10530718011410528,0.5052066442900071,0.4008966323126354,0.3173314475195246,2.9665921994173043,0.9685088657175105
0.05148732865121378,0.05762188654453123,0.11229466168405552,0.21802869138338746,0.6783291930168318,2.792325096273278,1.1074559599848077,0.05148732865121378,0.05762188654453123,0.11229466168405552,0.21802869138338746,0.6783291930168318,2.792325096273278,1.1074559599848077
0.08401658960030096,0.03436245467248073,0.2366539864952265,0.18133716811794798,0.6768025183930585,2.896628895939311,0.886158462245707,0.08401658960030096,0.03436245467248073,0.2366539864952265,0.18133716811794798,0.6768025183930585,2.896628895939311,0.886158462245707
0.035416514553165614,0.02488577906180646,0.11815145697492684,0.20684200417460377,0.6495669694297305,2.5943105658993946,1.3552680291326067,0.035416514553165614,0.02488577906180646,0.11815145697492684,0.20684200417460377,0.6495669694297305,2.5943105658993946,1.3552680291326067
0.03536796881261762,0.04165371255301107,0.13431995683397058,0.2635211625941801,0.6789642247428532,3.0883489168216967,0.9941639992506209,0.03536796881261762,0.04165371255301107,0.13431995683397058,0.2635211625941801,0.6789642247428532,3.0883489168216967,0.9941639992506209
0.07200465523245196,0.0540187661540391,0.12062608116007058,0.17231444150492015,0.7173886111430503,2.821512848552493,0.749205749583676,0.07200465523245196,0.0540187661540391,0.12062608116007058,0.17231444150492015,0.7173886111430503,2.821512848552493,0.749205749583676
0.08545166712697014,0.04337760089292745,0.12856299484824435,0.13855168458698677,0.6866914708290842,2.5481039188603734,1.1602820724011105,0.08545166712697014,0.04337760089292745,0.12856299484824435,0.13855168458698677,0.6866914708290842,2.5481039188603734,1.1602820724011105
0.08507844298740161,0.06292381108218031,0.16391504970012222,0.22023611618727718,0.6500848761720965,2.2403471583309296,0.9795845777698359,0.08507844298740161,0.06292381108218031,0.16391504970012222,0.22023611618727718,0.6500848761720965,2.2403471583309296,0.9795845777698359
0.0869855302661584,0.11391804984928189,0.3225317237668589,0.578842073145976,0.30005382339790493,2.685709137817151,0.8659430048931741,0.0869855302661584,0.11391804984928189,0.3225317237668589,0.578842073145976,0.30005382339790493,2.685709137817151,0.8659430048931741
0.05083083884518232,0.02582224749101703,0.10587078243767149,0.18035429041080372,0.6766741589605328,2.5444665666089086,1.157787884201156,0.05083083884518232,0.02582224749101703,0.10587078243767149,0.18035429041080372,0.6766741589605328,2.5444665666089086,1.157787884201156
