f_1,f_2,f_3,f_4,f_5,f_6,f_7,f_1_min,f_2_min,f_3_min,f_4_min,f_5_min,f_6_min,f_7_min
0.04178875685681332,0.04155496426004827,0.0,0.0416673708791557,2.774214570196951e-6,0.37502141894013086,0.00001303728169268409,0.04178875685681332,0.04155496426004827,0.0,0.0416673708791557,2.774214570196951e-6,0.37502141894013086,0.00001303728169268409
0.012288648506184554,0.03281384998503021,0.03257994413678383,0.011603201953545568,0.011597861149968745,0.3872012009553381,0.012002089794484614,0.012288648506184554,0.03281384998503021,0.03257994413678383,0.011603201953545568,0.011597861149968745,0.3872012009553381,0.012002089794484614
0.0,0.0,0.12502255678674115,0.0,0.0,0.3750263272115748,0.0,0.0,0.0,0.12502255678674115,0.0,0.0,0.3750263272115748,0.0
0.0,0.0,3.275947789541321e-7,0.08333655459443302,0.04148997079515219,0.3336146649352986,0.041571067739119026,0.0,0.0,3.275947789541321e-7,0.08333655459443302,0.04148997079515219,0.3336146649352986,0.041571067739119026
3.634577215372704e-6,0.04172742940359564,0.04169276892361967,0.041911610322960625,0.00008587000490126234,0.37464030840824875,1.0590333072065425e-8,3.634577215372704e-6,0.04172742940359564,0.04169276892361967,0.041911610322960625,0.00008587000490126234,0.37464030840824875,1.0590333072065425e-8
0.0,0.0,0.0,0.5000026043803114,0.0,0.0,0.0,0.0,0.0,0.0,0.5000026043803114,0.0,0.0,0.0
0.041564527032909686,0.0,0.04161447112583679,0.0,0.00007259146331736295,0.37516515885233237,0.041636510449008575,0.041564527032909686,0.0,0.04161447112583679,0.0,0.00007259146331736295,0.37516515885233237,0.041636510449008575
0.052733516340469626,0.010885231597795579,0.011605536676578505,0.011855803032067638,0.012020725599242187,0.3468457232026985,0.05429334358236444,0.052733516340469626,0.010885231597795579,0.011605536676578505,0.011855803032067638,0.012020725599242187,0.3468457232026985,0.05429334358236444
0.04177776766517927,0.04144621100627837,0.0,0.0,0.04175944973617388,0.33314202772948676,0.041919025307631474,0.04177776766517927,0.04144621100627837,0.0,0.0,0.04175944973617388,0.33314202772948676,0.041919025307631474
0.04207510264266941,0.00021419758805926554,0.08367409481880846,0.0000646623641473791,0.0009357112698942948,0.3318698778246416,0.041264111695356126,0.04207510264266941,0.00021419758805926554,0.08367409481880846,0.0000646623641473791,0.0009357112698942948,0.3318698778246416,0.041264111695356126
0.04178716247254162,0.00002340374473697823,0.00015281978826036283,0.1249826931144541,0.0,0.33306133529102694,0.00009451218489899434,0.04178716247254162,0.00002340374473697823,0.00015281978826036283,0.1249826931144541,0.0,0.33306133529102694,0.00009451218489899434
0.0545020975909061,0.010962000099649392,0.011856482917978452,0.032808374851667745,0.012597095821738664,0.36504283833831086,0.012268422281272761,0.0545020975909061,0.010962000099649392,0.011856482917978452,0.032808374851667745,0.012597095821738664,0.36504283833831086,0.012268422281272761
0.03244457148704945,0.011312318105824472,0.0536241211320534,0.01126887992445727,0.01213438951823725,0.3459345935353064,0.03335283560551857,0.03244457148704945,0.011312318105824472,0.0536241211320534,0.01126887992445727,0.01213438951823725,0.3459345935353064,0.03335283560551857
0.0,0.04137124588955693,0.04174563562027184,0.04169506495522752,0.041548484581177804,0.33351777355578716,0.00014107483526980985,0.0,0.04137124588955693,0.04174563562027184,0.04169506495522752,0.041548484581177804,0.33351777355578716,0.00014107483526980985
0.010763979581485872,0.03216094808517937,0.010714741098863898,0.05280622346084251,0.011127649615135632,0.3492026206188041,0.033272483785120516,0.010763979581485872,0.03216094808517937,0.010714741098863898,0.05280622346084251,0.011127649615135632,0.3492026206188041,0.033272483785120516
0.011853502948816255,0.033309628515852015,0.052910598232208,0.011035386806828099,0.010998585614262058,0.34689057763608394,0.03308156077293932,0.011853502948816255,0.033309628515852015,0.052910598232208,0.011035386806828099,0.010998585614262058,0.34689057763608394,0.03308156077293932
0.032035425207662685,0.032334116813192565,0.05403798708665352,0.011718951878725627,0.011144686064223067,0.3467426000728007,0.01207610127666356,0.032035425207662685,0.032334116813192565,0.05403798708665352,0.011718951878725627,0.011144686064223067,0.3467426000728007,0.01207610127666356
0.08330505088875377,0.0,0.0,0.000031339356275439895,0.0,0.3334410665848986,0.08325082934738375,0.08330505088875377,0.0,0.0,0.000031339356275439895,0.0,0.3334410665848986,0.08325082934738375
5.789395783482005e-7,0.04167208429842321,0.000019521560364634602,0.0,0.00002020223900203499,0.45834831464164844,0.0,5.789395783482005e-7,0.04167208429842321,0.000019521560364634602,0.0,0.00002020223900203499,0.45834831464164844,0.0
0.012018672957040141,0.012185481015092908,0.053336325272765696,0.011845615996690392,0.011115980708170464,0.3876159747108608,0.01195935204748924,0.012018672957040141,0.012185481015092908,0.053336325272765696,0.011845615996690392,0.011115980708170464,0.3876159747108608,0.01195935204748924
0.0,0.08325855341359169,0.08354876721350017,0.0,0.0,0.33325262108547943,0.0,0.0,0.08325855341359169,0.08354876721350017,0.0,0.0,0.33325262108547943,0.0
0.0,0.04297818421888515,0.0,0.00013605390766768138,0.0,0.4285024552487521,0.04276463576509551,0.0,0.04297818421888515,0.0,0.00013605390766768138,0.0,0.4285024552487521,0.04276463576509551
0.0,0.0,0.0,0.08344855196527798,0.0,0.33341114428081065,0.08319446418249783,0.0,0.0,0.0,0.08344855196527798,0.0,0.33341114428081065,0.08319446418249783
0.03076561599462038,0.05484181868009383,0.01183981414164118,0.013099538458046171,0.011751274173909691,0.3657540209609981,0.012020103690499375,0.03076561599462038,0.05484181868009383,0.01183981414164118,0.013099538458046171,0.011751274173909691,0.3657540209609981,0.012020103690499375
0.011723368589953799,0.011686121207235684,0.011682479260881161,0.03240047902278626,0.03273531552275639,0.3875778783870883,0.012265907451402828,0.011723368589953799,0.011686121207235684,0.011682479260881161,0.03240047902278626,0.03273531552275639,0.3875778783870883,0.012265907451402828
0.03234669809645131,0.010774714000909152,0.010746158620903766,0.011791522622500735,0.03442649816260155,0.38818424669216606,0.011804514513124096,0.03234669809645131,0.010774714000909152,0.010746158620903766,0.011791522622500735,0.03442649816260155,0.38818424669216606,0.011804514513124096
0.011417007197353458,0.011096053875247218,0.07553655690503316,0.010824696245130208,0.012194895953185462,0.36714396245820435,0.01180372941898102,0.011417007197353458,0.011096053875247218,0.07553655690503316,0.010824696245130208,0.012194895953185462,0.36714396245820435,0.01180372941898102
0.033037679830474787,0.01200953044018114,0.03256230301216058,0.011835857587297733,0.011816470233207392,0.3659726050655094,0.03281765780097432,0.033037679830474787,0.01200953044018114,0.03256230301216058,0.011835857587297733,0.011816470233207392,0.3659726050655094,0.03281765780097432
0.011735273899025362,0.011696870716799136,0.0120606548913368,0.032844412703423836,0.05375228100775722,0.3659325120188066,0.012078414635623771,0.011735273899025362,0.011696870716799136,0.0120606548913368,0.032844412703423836,0.05375228100775722,0.3659325120188066,0.012078414635623771
0.011852219510806901,0.012277727341586952,0.032656538950737966,0.009691066413075343,0.05410020547990359,0.3469689846650668,0.03252860272645804,0.011852219510806901,0.012277727341586952,0.032656538950737966,0.009691066413075343,0.05410020547990359,0.3469689846650668,0.03252860272645804
0.01113269763883182,0.00907280075706295,0.053204091554298956,0.032939036430444935,0.03475073041239876,0.34736035070036547,0.011618021051530949,0.01113269763883182,0.00907280075706295,0.053204091554298956,0.032939036430444935,0.03475073041239876,0.34736035070036547,0.011618021051530949
0.02989975134900377,0.010892234355921512,0.03310766587692856,0.03284109295597251,0.011390167490145315,0.3497690257838,0.03217562313022062,0.02989975134900377,0.010892234355921512,0.03310766587692856,0.03284109295597251,0.011390167490145315,0.3497690257838,0.03217562313022062
0.010849809160685626,0.0319903466523016,0.03275985236150239,0.011401746950082836,0.031168718837567055,0.34964519256174753,0.032238353428713,0.010849809160685626,0.0319903466523016,0.03275985236150239,0.011401746950082836,0.031168718837567055,0.34964519256174753,0.032238353428713
0.0004689896988849152,0.0431929226248443,0.04323676755760579,0.0001330276700439387,0.0002920443176748381,0.3848475095520791,0.04282488993427357,0.0004689896988849152,0.0431929226248443,0.04323676755760579,0.0001330276700439387,0.0002920443176748381,0.3848475095520791,0.04282488993427357
0.041763529147576355,0.04167072928156842,0.0,0.0,0.00011431958030335257,0.4164889844095493,0.0,0.041763529147576355,0.04167072928156842,0.0,0.0,0.00011431958030335257,0.4164889844095493,0.0
0.0,0.0,0.0418054555888514,0.00005873784854818828,0.000045790299757664735,0.41653364900230033,0.04157014636742012,0.0,0.0,0.0418054555888514,0.00005873784854818828,0.000045790299757664735,0.41653364900230033,0.04157014636742012
0.011989527499327296,0.05272035813874656,0.011655519474439905,0.03270167254131998,0.011500406564508398,0.34639651723182063,0.033054597013806156,0.011989527499327296,0.05272035813874656,0.011655519474439905,0.03270167254131998,0.011500406564508398,0.34639651723182063,0.033054597013806156
0.011472641276284118,0.09508549635982794,0.014897548855456348,0.010709525454031171,0.012324500562815026,0.3446236581799647,0.010949006240798118,0.011472641276284118,0.09508549635982794,0.014897548855456348,0.010709525454031171,0.012324500562815026,0.3446236581799647,0.010949006240798118
4.383187566433942e-6,0.0007158231617392011,0.04180338919268088,0.042213126554308415,0.04137814235626322,0.3321702261007492,0.04179345867941087,4.383187566433942e-6,0.0007158231617392011,0.04180338919268088,0.042213126554308415,0.04137814235626322,0.3321702261007492,0.04179345867941087
0.010966649849551573,0.01131953013359435,0.012464664589087333,0.01123885519198456,0.0540361260938911,0.3463482789006684,0.053684057583809265,0.010966649849551573,0.01131953013359435,0.012464664589087333,0.01123885519198456,0.0540361260938911,0.3463482789006684,0.053684057583809265
0.08334777110979903,0.00007626948705685313,0.04166122608837903,0.0001972502690968071,0.041920931293671686,0.3328156489376644,0.000024443876510158653,0.08334777110979903,0.00007626948705685313,0.04166122608837903,0.0001972502690968071,0.041920931293671686,0.3328156489376644,0.000024443876510158653
0.01337758337245264,0.013371923551350496,0.05173355080993319,0.01337136360842922,0.010063767193963577,0.3658129107673978,0.03233100614308076,0.01337758337245264,0.013371923551350496,0.05173355080993319,0.01337136360842922,0.010063767193963577,0.3658129107673978,0.03233100614308076
0.012186593543236045,0.012364291269685032,0.03347033792596871,0.05452849361022857,0.010198880170380778,0.34433282148546257,0.032982382540818075,0.012186593543236045,0.012364291269685032,0.03347033792596871,0.05452849361022857,0.010198880170380778,0.34433282148546257,0.032982382540818075
0.040185598445174206,0.0,0.0,0.0,0.08405909365980313,0.33417253007960074,0.041594066164877076,0.040185598445174206,0.0,0.0,0.0,0.08405909365980313,0.33417253007960074,0.041594066164877076
0.012372297424207939,0.012301362308129565,0.012218096898488557,0.01624180103372438,0.07516425339418017,0.33934493311266306,0.03238917002504738,0.012372297424207939,0.012301362308129565,0.012218096898488557,0.01624180103372438,0.07516425339418017,0.33934493311266306,0.03238917002504738
0.0000630801244504849,0.00005225854193655022,0.000040160585116014005,0.04217660494070447,0.12489764113012189,0.33286692292823045,0.0,0.0000630801244504849,0.00005225854193655022,0.000040160585116014005,0.04217660494070447,0.12489764113012189,0.33286692292823045,0.0
0.05337154321666051,0.01139779711079372,0.03320464744239512,0.011827105100071641,0.03333251303551362,0.3457136050711684,0.011192400424356303,0.05337154321666051,0.01139779711079372,0.03320464744239512,0.011827105100071641,0.03333251303551362,0.3457136050711684,0.011192400424356303
0.04171530864218782,0.000018048762241977308,0.00015430725690762274,3.7127023088281208e-6,0.04166734373236676,0.41646852286036673,0.0,0.04171530864218782,0.000018048762241977308,0.00015430725690762274,3.7127023088281208e-6,0.04166734373236676,0.41646852286036673,0.0
0.00003687077530591473,0.00006655899523015737,0.00013555441787980316,0.00013327512797617173,0.08333640219661437,0.33323657343804736,0.08313907031109533,0.00003687077530591473,0.00006655899523015737,0.00013555441787980316,0.00013327512797617173,0.08333640219661437,0.33323657343804736,0.08313907031109533
0.04205290524559493,0.0007133360180327353,0.0007138480774966167,0.08315281062907477,0.0007486319946097878,0.3313811553058422,0.041297045393985696,0.04205290524559493,0.0007133360180327353,0.0007138480774966167,0.08315281062907477,0.0007486319946097878,0.3313811553058422,0.041297045393985696
0.041650046877030535,0.00031589682489518853,0.0,0.000032468663364217616,0.04176528989653443,0.37524774713033815,0.04108376948777381,0.041650046877030535,0.00031589682489518853,0.0,0.000032468663364217616,0.04176528989653443,0.37524774713033815,0.04108376948777381
0.00003694707900615986,0.00004250580734019315,0.00003978090643989734,0.0001140852680973199,0.041869830337774167,0.3333016858371036,0.12463064292740152,0.00003694707900615986,0.00004250580734019315,0.00003978090643989734,0.0001140852680973199,0.041869830337774167,0.3333016858371036,0.12463064292740152
0.0,0.041599139021612434,0.04146427170765143,0.0,0.08336745693135739,0.33359593626257783,0.000025737119029030018,0.0,0.041599139021612434,0.04146427170765143,0.0,0.08336745693135739,0.33359593626257783,0.000025737119029030018
0.01131552846575677,0.011292935920056408,0.05444580726764669,0.012070587667915574,0.05458958779895307,0.3445485604166572,0.011812042405363923,0.01131552846575677,0.011292935920056408,0.05444580726764669,0.012070587667915574,0.05458958779895307,0.3445485604166572,0.011812042405363923
0.07435375098817645,0.011631150225357262,0.01165741334193335,0.011458256470857967,0.011416564008766785,0.3464657930361271,0.03308432669187307,0.07435375098817645,0.011631150225357262,0.01165741334193335,0.011458256470857967,0.011416564008766785,0.3464657930361271,0.03308432669187307
0.0,0.08329383242256216,0.0,0.04184699350437543,0.0,0.374891008248278,9.911335610347676e-6,0.0,0.08329383242256216,0.0,0.04184699350437543,0.0,0.374891008248278,9.911335610347676e-6
7.014242141183228e-6,0.04165919751839839,0.00026436726265307285,0.0,0.08375698021156959,0.3743715445998184,1.7818751060481443e-7,7.014242141183228e-6,0.04165919751839839,0.00026436726265307285,0.0,0.08375698021156959,0.3743715445998184,1.7818751060481443e-7
0.042175201458947605,0.0014221095736512192,0.12332221202103738,0.0,0.00005281695894270976,0.33303689477373455,0.0,0.042175201458947605,0.0014221095736512192,0.12332221202103738,0.0,0.00005281695894270976,0.33303689477373455,0.0
0.08380867607744744,0.0,0.0422645285645496,0.04193228282838789,0.00025945944685176617,0.3317529604161597,1.2592301398722295e-6,0.08380867607744744,0.0,0.0422645285645496,0.04193228282838789,0.00025945944685176617,0.3317529604161597,1.2592301398722295e-6
0.011009699397818108,0.03238803315011063,0.011806506628867841,0.011347849970407954,0.05397305592006833,0.34749436744339646,0.03201976460515711,0.011009699397818108,0.03238803315011063,0.011806506628867841,0.011347849970407954,0.05397305592006833,0.34749436744339646,0.03201976460515711
0.012108509084217355,0.011543083495434255,0.011632933311220518,0.01140478627826889,0.05346500364506863,0.388209575094322,0.011673629200532387,0.012108509084217355,0.011543083495434255,0.011632933311220518,0.01140478627826889,0.05346500364506863,0.388209575094322,0.011673629200532387
0.013528958276978654,0.030947650048823026,0.01109582927370348,0.05430150415689434,0.031924154276268,0.34748988150343985,0.01076396348209029,0.013528958276978654,0.030947650048823026,0.01109582927370348,0.05430150415689434,0.031924154276268,0.34748988150343985,0.01076396348209029
0.07488084778127665,0.03458884653822936,0.009091542794375554,0.010642509391457234,0.011809740444954957,0.34747400475293344,0.011520265945251955,0.07488084778127665,0.03458884653822936,0.009091542794375554,0.010642509391457234,0.011809740444954957,0.34747400475293344,0.011520265945251955
0.0004302057219357307,2.0637523136802964e-6,0.12481791499474372,0.0,0.00012294990975656714,0.33310929936552763,0.041598737472715044,0.0004302057219357307,2.0637523136802964e-6,0.12481791499474372,0.0,0.00012294990975656714,0.33310929936552763,0.041598737472715044
0.032694243146119996,0.032490838482136984,0.010143953572522584,0.011249204307186653,0.05445875258086621,0.34727743404100475,0.011826688903510239,0.032694243146119996,0.032490838482136984,0.010143953572522584,0.011249204307186653,0.05445875258086621,0.34727743404100475,0.011826688903510239
0.054022603169702386,0.03203068668849599,0.012192557453711223,0.011527927164557486,0.010953954167067322,0.3666571386630611,0.012696956062240462,0.054022603169702386,0.03203068668849599,0.012192557453711223,0.011527927164557486,0.010953954167067322,0.3666571386630611,0.012696956062240462
0.012411750649224942,0.012168446809555407,0.012017387396456398,0.012369823836834486,0.012433121513423932,0.4270306326796216,0.011573532371866445,0.012411750649224942,0.012168446809555407,0.012017387396456398,0.012369823836834486,0.012433121513423932,0.4270306326796216,0.011573532371866445
0.010836436047620423,0.03179934345740633,0.03292641054880325,0.009979134092146888,0.010985171728626569,0.3687571143423351,0.034789864146854574,0.010836436047620423,0.03179934345740633,0.03292641054880325,0.009979134092146888,0.010985171728626569,0.3687571143423351,0.034789864146854574
0.0,0.04129154803085255,0.0,0.04188057402157008,0.04155838596314999,0.37530545528344517,0.000011584766289503979,0.0,0.04129154803085255,0.0,0.04188057402157008,0.04155838596314999,0.37530545528344517,0.000011584766289503979
0.011778806830393616,0.011805382628763524,0.012055378958884418,0.07532156005079103,0.01062553041959062,0.3676411152197854,0.010811314921226889,0.011778806830393616,0.011805382628763524,0.012055378958884418,0.07532156005079103,0.01062553041959062,0.3676411152197854,0.010811314921226889
0.0,0.0,0.0,0.0,0.5000019768744863,0.0,0.0,0.0,0.0,0.0,0.0,0.5000019768744863,0.0,0.0
0.013041917639687787,0.054920839989097456,0.011401322872902743,0.05186112552471677,0.011904811041780351,0.34469536126453426,0.012184969743854052,0.013041917639687787,0.054920839989097456,0.011401322872902743,0.05186112552471677,0.011904811041780351,0.34469536126453426,0.012184969743854052
0.0,0.0,0.12504330495918078,0.041504680734092386,0.000151685948716741,0.3333512835919535,0.0,0.0,0.0,0.12504330495918078,0.041504680734092386,0.000151685948716741,0.3333512835919535,0.0
0.04219658337973731,0.0,0.08315537653465407,0.0,0.041495861768511444,0.3331936320557921,3.6903281769593235e-7,0.04219658337973731,0.0,0.08315537653465407,0.0,0.041495861768511444,0.3331936320557921,3.6903281769593235e-7
0.04034807622846636,3.457333601585166e-6,0.000022906833954967905,0.00006775810425966416,0.0,0.37591338654343576,0.083709841441489,0.04034807622846636,3.457333601585166e-6,0.000022906833954967905,0.00006775810425966416,0.0,0.37591338654343576,0.083709841441489
0.00010506822143480692,0.04144570247478547,0.04158578145660004,4.0500384882437246e-8,0.04164565580586075,0.37588323242284044,8.10616174722451e-6,0.00010506822143480692,0.04144570247478547,0.04158578145660004,4.0500384882437246e-8,0.04164565580586075,0.37588323242284044,8.10616174722451e-6
0.04192289918645201,0.0004387179094312496,0.000011505137620160243,3.5217444397066817e-10,0.12520696929226918,0.33244715891346505,4.0479386734861855e-8,0.04192289918645201,0.0004387179094312496,0.000011505137620160243,3.5217444397066817e-10,0.12520696929226918,0.33244715891346505,4.0479386734861855e-8
0.032439665959229834,0.011257375700010579,0.0542429285923746,0.011405053745584355,0.011687426591710626,0.36730024226060365,0.01172478783705246,0.032439665959229834,0.011257375700010579,0.0542429285923746,0.011405053745584355,0.011687426591710626,0.36730024226060365,0.01172478783705246
0.010334516719691374,0.010630298780824296,0.07508199274560998,0.011828232235997703,0.012084145383671504,0.3468777620884365,0.0332233237279915,0.010334516719691374,0.010630298780824296,0.07508199274560998,0.011828232235997703,0.012084145383671504,0.3468777620884365,0.0332233237279915
0.0,0.08324117049176513,0.0,0.08350871304183029,1.5272637467932754e-7,0.3333067751242047,0.0,0.0,0.08324117049176513,0.0,0.08350871304183029,1.5272637467932754e-7,0.3333067751242047,0.0
0.0,0.0,0.08326753934698639,0.041667594669365475,0.0,0.37508170283653786,0.0,0.0,0.0,0.08326753934698639,0.041667594669365475,0.0,0.37508170283653786,0.0
0.00023049342341461678,0.0000421246172439358,0.04201115351007208,0.04163987858257399,0.0001016946113059683,0.33304949816075746,0.08298791045469583,0.00023049342341461678,0.0000421246172439358,0.04201115351007208,0.04163987858257399,0.0001016946113059683,0.33304949816075746,0.08298791045469583
0.0,0.0,0.0831659458863739,0.0,0.00008126908144707238,0.3751454449001856,0.04162907134393452,0.0,0.0,0.0831659458863739,0.0,0.00008126908144707238,0.3751454449001856,0.04162907134393452
0.010464479224183927,0.010973767459606435,0.01125677324839472,0.033651109120544226,0.03305182272591218,0.3469948568643399,0.053658091690833076,0.010464479224183927,0.010973767459606435,0.01125677324839472,0.033651109120544226,0.03305182272591218,0.3469948568643399,0.053658091690833076
0.00018863561560362739,0.08305996033486086,7.001461452685681e-8,0.0,0.0,0.33320449316484296,0.08363379382957738,0.00018863561560362739,0.08305996033486086,7.001461452685681e-8,0.0,0.0,0.33320449316484296,0.08363379382957738
0.040999947052192114,0.08303119942805177,0.0,0.04214462656662493,0.00010879987772015438,0.33375131136925856,0.0,0.040999947052192114,0.08303119942805177,0.0,0.04214462656662493,0.00010879987772015438,0.33375131136925856,0.0
0.0,0.0,0.0,0.16669179932296393,0.00003877175116503765,0.3333043441000895,0.0,0.0,0.0,0.0,0.16669179932296393,0.00003877175116503765,0.3333043441000895,0.0
0.0,0.0,0.0,0.0,0.041660409530305365,0.41677043211932635,0.041572452733934236,0.0,0.0,0.0,0.0,0.041660409530305365,0.41677043211932635,0.041572452733934236
0.04166302096093543,0.04133636823885539,0.0832765001281389,0.00023136727719157607,0.0,0.33350001005282076,0.0,0.04166302096093543,0.04133636823885539,0.0832765001281389,0.00023136727719157607,0.0,0.33350001005282076,0.0
0.0006368862249567368,8.773475219139458e-6,0.04222522782403003,0.08310618195786842,0.00035610395301250407,0.3320330444103624,0.041732421075048994,0.0006368862249567368,8.773475219139458e-6,0.04222522782403003,0.08310618195786842,0.00035610395301250407,0.3320330444103624,0.041732421075048994
0.011303085394327159,0.011131410044680611,0.0959504038751751,0.011063969822671809,0.011359416148972302,0.3470930074008043,0.012108733102900645,0.011303085394327159,0.011131410044680611,0.0959504038751751,0.011063969822671809,0.011359416148972302,0.3470930074008043,0.012108733102900645
0.041722046592255785,0.08333184675787147,0.041480108638368145,0.00035939297622481425,0.00014902422323644264,0.33297952617660836,0.000017989121819361016,0.041722046592255785,0.08333184675787147,0.041480108638368145,0.00035939297622481425,0.00014902422323644264,0.33297952617660836,0.000017989121819361016
0.03452147667485676,0.07514713426984178,0.012857940369614063,0.011756080071751997,0.010963085514467239,0.34320936765779164,0.01161988405010877,0.03452147667485676,0.07514713426984178,0.012857940369614063,0.011756080071751997,0.010963085514467239,0.34320936765779164,0.01161988405010877
0.010934452885339419,0.010685303686932617,0.01138626272199603,0.011731662563152813,0.013623540053829528,0.34624715049428184,0.09547228072264377,0.010934452885339419,0.010685303686932617,0.01138626272199603,0.011731662563152813,0.013623540053829528,0.34624715049428184,0.09547228072264377
0.09522914623696334,0.013656422754836648,0.013375005040607969,0.012837815976797852,0.011922962150958212,0.3414047327543759,0.011719364253680729,0.09522914623696334,0.013656422754836648,0.013375005040607969,0.012837815976797852,0.011922962150958212,0.3414047327543759,0.011719364253680729
0.03283019346535048,0.011643708510244958,0.011257524466954964,0.05407144790711399,0.03194146679099714,0.34753139761274515,0.010763694238176472,0.03283019346535048,0.011643708510244958,0.011257524466954964,0.05407144790711399,0.03194146679099714,0.34753139761274515,0.010763694238176472
0.041305861556506104,0.04205355398475277,0.00006102412841374508,0.0831379759594963,0.000155227822197649,0.33331843832053915,0.0,0.041305861556506104,0.04205355398475277,0.00006102412841374508,0.0831379759594963,0.000155227822197649,0.33331843832053915,0.0
0.011273609894138345,0.011980001014253635,0.0335947430944124,0.01197003471367134,0.012036929793186038,0.40836522187295377,0.010808809423436662,0.011273609894138345,0.011980001014253635,0.0335947430944124,0.01197003471367134,0.012036929793186038,0.40836522187295377,0.010808809423436662
0.053146133437721274,0.010721011987418554,0.012373417534654573,0.03296214172281622,0.03324443596722631,0.3452619718019004,0.012305300444294879,0.053146133437721274,0.010721011987418554,0.012373417534654573,0.03296214172281622,0.03324443596722631,0.3452619718019004,0.012305300444294879
0.01286052131696519,0.02953379620190149,0.07471384501776265,0.012589960914478544,0.011713441940950671,0.3476572235820766,0.011002683817594266,0.01286052131696519,0.02953379620190149,0.07471384501776265,0.012589960914478544,0.011713441940950671,0.3476572235820766,0.011002683817594266
0.011571623328958145,0.03335751772850429,0.03300648050389745,0.03233554086002573,0.03276149290515023,0.3454054778254299,0.011617710024561658,0.011571623328958145,0.03335751772850429,0.03300648050389745,0.03233554086002573,0.03276149290515023,0.3454054778254299,0.011617710024561658
0.041791049024491295,0.00007829592978559991,0.0,6.733659159394347e-6,0.0,0.33213614576681355,0.12606356117811235,0.041791049024491295,0.00007829592978559991,0.0,6.733659159394347e-6,0.0,0.33213614576681355,0.12606356117811235
0.010134838661756641,0.031880370500853315,0.01171451944757366,0.010915711057944772,0.011139194458074625,0.34896649468722246,0.0753755930191574,0.010134838661756641,0.031880370500853315,0.01171451944757366,0.010915711057944772,0.011139194458074625,0.34896649468722246,0.0753755930191574
0.08326176735244846,0.0,0.0,0.0,0.08320097473771142,0.333595621684441,0.0000404050669490124,0.08326176735244846,0.0,0.0,0.0,0.08320097473771142,0.333595621684441,0.0000404050669490124
0.012477720399546638,0.0314071954915696,0.012048554821279879,0.03238682749810491,0.0513360680086683,0.3480859625487483,0.012314649729513726,0.012477720399546638,0.0314071954915696,0.012048554821279879,0.03238682749810491,0.0513360680086683,0.3480859625487483,0.012314649729513726
0.0,0.0,0.08333536636846908,0.0,0.0,0.3330543198482222,0.08366618566438601,0.0,0.0,0.08333536636846908,0.0,0.0,0.3330543198482222,0.08366618566438601
0.042534411911708654,0.0006688157244458797,0.083212400325579,0.041314692689735345,3.4897759660184766e-6,0.3323120104790303,1.568784526407462e-10,0.042534411911708654,0.0006688157244458797,0.083212400325579,0.041314692689735345,3.4897759660184766e-6,0.3323120104790303,1.568784526407462e-10
0.041818952872683224,0.0,0.04194608710415015,0.00029433042287840263,0.00007495207895885703,0.4159356781204688,0.0,0.041818952872683224,0.0,0.04194608710415015,0.00029433042287840263,0.00007495207895885703,0.4159356781204688,0.0
0.03324123058359251,0.011489774957412146,0.011153973636699857,0.012578461639727893,0.07448340360007663,0.3452521308864248,0.01201541126993744,0.03324123058359251,0.011489774957412146,0.011153973636699857,0.012578461639727893,0.07448340360007663,0.3452521308864248,0.01201541126993744
0.0,0.0,0.12507138540546722,0.0,0.04168097324679179,0.33325832257368915,0.0,0.0,0.0,0.12507138540546722,0.0,0.04168097324679179,0.33325832257368915,0.0
0.012932828687675113,0.031893773191884904,0.012300711740784525,0.012150022509417697,0.012260787734593426,0.4067207769299443,0.01177279515911751,0.012932828687675113,0.031893773191884904,0.012300711740784525,0.012150022509417697,0.012260787734593426,0.4067207769299443,0.01177279515911751
0.03337199418174083,0.05401539195521117,0.011306834389218819,0.009485820048315802,0.011895745482868992,0.34685876672948596,0.033121112150084994,0.03337199418174083,0.05401539195521117,0.011306834389218819,0.009485820048315802,0.011895745482868992,0.34685876672948596,0.033121112150084994
2.8929405004533463e-6,0.00008236806408891814,1.051116018157855e-6,0.04188361409438328,0.08366107915696357,0.37420309390269796,0.00017784258609238786,2.8929405004533463e-6,0.00008236806408891814,1.051116018157855e-6,0.04188361409438328,0.08366107915696357,0.37420309390269796,0.00017784258609238786
0.0,0.08338340976275639,0.0,0.0,0.08332216941210434,0.33330491197693335,0.00013196589765161385,0.0,0.08338340976275639,0.0,0.0,0.08332216941210434,0.33330491197693335,0.00013196589765161385
0.0,0.0,0.0,0.0,0.0,0.41670567647063983,0.08333109698772745,0.0,0.0,0.0,0.0,0.0,0.41670567647063983,0.08333109698772745
0.033335341268630025,0.03257568786469543,0.03289744655637354,0.01169970463215981,0.01200727905737402,0.36615667567678206,0.011381699264186779,0.033335341268630025,0.03257568786469543,0.03289744655637354,0.01169970463215981,0.01200727905737402,0.36615667567678206,0.011381699264186779
0.16665772912309051,0.0,0.0,6.6243085314401645e-12,0.0,0.3333781339574557,2.0036909517054269e-7,0.16665772912309051,0.0,0.0,6.6243085314401645e-12,0.0,0.3333781339574557,2.0036909517054269e-7
0.012216916332070763,0.012004374254327328,0.03230113323903072,0.030949414556740686,0.012192542218125147,0.3883664556669571,0.012009982556491576,0.012216916332070763,0.012004374254327328,0.03230113323903072,0.030949414556740686,0.012192542218125147,0.3883664556669571,0.012009982556491576
0.010956118412915312,0.0104259975045202,0.01053691365430201,0.011332943818108461,0.0335793578880951,0.3903719567327477,0.03287317202934388,0.010956118412915312,0.0104259975045202,0.01053691365430201,0.011332943818108461,0.0335793578880951,0.3903719567327477,0.03287317202934388
0.03260422819225375,0.01125503443282728,0.012312781985908587,0.07281841276648873,0.012932504059285579,0.34645540980792733,0.011765690564723808,0.03260422819225375,0.01125503443282728,0.012312781985908587,0.07281841276648873,0.012932504059285579,0.34645540980792733,0.011765690564723808
0.012207335613137096,0.012241852041340016,0.012119652316679708,0.032522965385357615,0.01142118207884977,0.4076386639436816,0.011913558545969559,0.012207335613137096,0.012241852041340016,0.012119652316679708,0.032522965385357615,0.01142118207884977,0.4076386639436816,0.011913558545969559
0.032944325212671065,0.010800638973573789,0.011733027352610358,0.05360012521241101,0.011645529674634215,0.36754684254734,0.011805690518540983,0.032944325212671065,0.010800638973573789,0.011733027352610358,0.05360012521241101,0.011645529674634215,0.36754684254734,0.011805690518540983
0.04172101456920701,0.00001402906898089305,0.0005690447825093721,0.083350488825159,0.0418116161359306,0.3325941522697556,0.0,0.04172101456920701,0.00001402906898089305,0.0005690447825093721,0.083350488825159,0.0418116161359306,0.3325941522697556,0.0
0.04180886348820927,0.08275713082202038,0.000018760406277121947,0.0005036618445150795,0.00034721452092227703,0.33280566239182663,0.04180151127122219,0.04180886348820927,0.08275713082202038,0.000018760406277121947,0.0005036618445150795,0.00034721452092227703,0.33280566239182663,0.04180151127122219
0.041609381223286036,0.041559256822240466,0.0002462053703018166,0.041890015750704675,0.0,0.33289090212023453,0.041814443232106834,0.041609381223286036,0.041559256822240466,0.0002462053703018166,0.041890015750704675,0.0,0.33289090212023453,0.041814443232106834
0.0005789803865909383,0.041639012884489734,0.00036366013349506626,0.08300765845859434,0.04201492001756608,0.3324334160198387,0.0,0.0005789803865909383,0.041639012884489734,0.00036366013349506626,0.08300765845859434,0.04201492001756608,0.3324334160198387,0.0
0.009761171828389053,0.03160375912436201,0.030929853215479523,0.011197423502502538,0.053503100634991266,0.3512333050428742,0.011829827935213713,0.009761171828389053,0.03160375912436201,0.030929853215479523,0.011197423502502538,0.053503100634991266,0.3512333050428742,0.011829827935213713
0.04157421638019578,0.00007163497412594034,0.04168094222984936,0.0,0.04174093325532276,0.37561072953516844,8.256042002048976e-6,0.04157421638019578,0.00007163497412594034,0.04168094222984936,0.0,0.04174093325532276,0.37561072953516844,8.256042002048976e-6
0.0,0.0,0.0833630539463347,0.08338174224384565,3.95070715625632e-6,0.33329119055467366,2.947777152080708e-7,0.0,0.0,0.0833630539463347,0.08338174224384565,3.95070715625632e-6,0.33329119055467366,2.947777152080708e-7
0.011922736754336995,0.012485018566519427,0.0753661659982549,0.03212607925365857,0.009121177920132189,0.3476522667114637,0.011343048659420103,0.011922736754336995,0.012485018566519427,0.0753661659982549,0.03212607925365857,0.009121177920132189,0.3476522667114637,0.011343048659420103
0.0,0.0,0.0,0.0,0.1250025950487308,0.37500252722032257,0.0,0.0,0.0,0.0,0.0,0.1250025950487308,0.37500252722032257,0.0
0.0,0.0833884443855214,0.00008354540056245289,0.000042201258274745244,0.0,0.41649666615753445,0.0,0.0,0.0833884443855214,0.00008354540056245289,0.000042201258274745244,0.0,0.41649666615753445,0.0
0.05288357915379805,0.012196087117704748,0.011038220947690582,0.03265230146834085,0.011578796888508741,0.3459995874253188,0.03371138629625406,0.05288357915379805,0.012196087117704748,0.011038220947690582,0.03265230146834085,0.011578796888508741,0.3459995874253188,0.03371138629625406
0.125066393498984,0.0,0.0,0.00004449057216961505,0.0,0.374959381284039,6.431577798302022e-7,0.125066393498984,0.0,0.0,0.00004449057216961505,0.0,0.374959381284039,6.431577798302022e-7
0.011280291495305685,0.053724310305766285,0.031944075937161774,0.011367537764100877,0.011797867545681469,0.3473570535712054,0.03264048685710728,0.011280291495305685,0.053724310305766285,0.031944075937161774,0.011367537764100877,0.011797867545681469,0.3473570535712054,0.03264048685710728
0.0,0.0,0.0,0.0,0.16670432223762413,0.3333062777502411,0.0,0.0,0.0,0.0,0.0,0.16670432223762413,0.3333062777502411,0.0
0.000010789141308512712,0.000021510807952837994,0.000024551553163564873,0.04156614194174656,0.04172395865013322,0.4166813251596047,0.00001924737006003948,0.000010789141308512712,0.000021510807952837994,0.000024551553163564873,0.04156614194174656,0.04172395865013322,0.4166813251596047,0.00001924737006003948
0.03241370397384016,0.011347132366137488,0.011737085436735246,0.052752195441882095,0.01181414241007457,0.347203281862055,0.03274046942227503,0.03241370397384016,0.011347132366137488,0.011737085436735246,0.052752195441882095,0.01181414241007457,0.347203281862055,0.03274046942227503
0.012355053044260976,0.012386801939827875,0.012010231420382603,0.05384032126859582,0.03218393955418723,0.36556596108430334,0.01171542062354106,0.012355053044260976,0.012386801939827875,0.012010231420382603,0.05384032126859582,0.03218393955418723,0.36556596108430334,0.01171542062354106
0.0539585685403392,0.033022292303437145,0.01195556272559067,0.031055300879693413,0.012855072184810641,0.3458112335652709,0.01140950604403377,0.0539585685403392,0.033022292303437145,0.01195556272559067,0.031055300879693413,0.012855072184810641,0.3458112335652709,0.01140950604403377
0.05305068202141293,0.03284341498824648,0.011264097660414162,0.011197666902584173,0.03405865572928766,0.3464097017410048,0.011196773223241765,0.05305068202141293,0.03284341498824648,0.011264097660414162,0.011197666902584173,0.03405865572928766,0.3464097017410048,0.011196773223241765
0.03351782455432223,0.053023083439119253,0.03273588177548469,0.01151133691477002,0.013297427277009269,0.3443467473043425,0.011603290023890335,0.03351782455432223,0.053023083439119253,0.03273588177548469,0.01151133691477002,0.013297427277009269,0.3443467473043425,0.011603290023890335
0.009337246498881548,0.011021105071660563,0.05435303147980171,0.012631719116174688,0.012206299933389904,0.3468529898557038,0.05364378386577659,0.009337246498881548,0.011021105071660563,0.05435303147980171,0.012631719116174688,0.012206299933389904,0.3468529898557038,0.05364378386577659
0.07420087879720824,0.011447806944610443,0.03216101124232509,0.010521244945007465,0.011727610556747835,0.3483729038281486,0.011613591238751374,0.07420087879720824,0.011447806944610443,0.03216101124232509,0.010521244945007465,0.011727610556747835,0.3483729038281486,0.011613591238751374
0.01186931802613481,0.012231500628514013,0.010780053068459071,0.03288187712029652,0.01189539223444375,0.38741048049549104,0.03294700697289578,0.01186931802613481,0.012231500628514013,0.010780053068459071,0.03288187712029652,0.01189539223444375,0.38741048049549104,0.03294700697289578
0.01102953587060795,0.03233338153643217,0.010814166431337082,0.010792048220124308,0.032661633427974804,0.348959070939268,0.053599745300662076,0.01102953587060795,0.03233338153643217,0.010814166431337082,0.010792048220124308,0.032661633427974804,0.348959070939268,0.053599745300662076
0.08338717475854422,0.04167706930301076,0.0,0.0,0.0,0.3748033345761558,0.0001385975914173729,0.08338717475854422,0.04167706930301076,0.0,0.0,0.0,0.3748033345761558,0.0001385975914173729
0.03245478538666339,0.03255252010324675,0.011468096414929348,0.012071486857226667,0.012999166349188058,0.34489662176951486,0.053600970203355684,0.03245478538666339,0.03255252010324675,0.011468096414929348,0.012071486857226667,0.012999166349188058,0.34489662176951486,0.053600970203355684
0.03327700773328784,0.011081012016731484,0.01029740685903959,0.03236571858522294,0.032773655268271217,0.3471103993020373,0.03315799721554751,0.03327700773328784,0.011081012016731484,0.01029740685903959,0.03236571858522294,0.032773655268271217,0.3471103993020373,0.03315799721554751
0.03224871657466623,0.033079315025033695,0.011251668113593518,0.03249400708644681,0.011735257777614624,0.366850213365488,0.012377418310251746,0.03224871657466623,0.033079315025033695,0.011251668113593518,0.03249400708644681,0.011735257777614624,0.366850213365488,0.012377418310251746
0.03419598051198197,0.010536236460271409,0.03235732685525905,0.03219722060083827,0.03354810110520914,0.34568781401362,0.011482342637665958,0.03419598051198197,0.010536236460271409,0.03235732685525905,0.03219722060083827,0.03354810110520914,0.34568781401362,0.011482342637665958
0.011668277131808189,0.03321294747184278,0.012235486883001632,0.012080617953719114,0.03200693826516335,0.36602145810131126,0.03283927530009508,0.011668277131808189,0.03321294747184278,0.012235486883001632,0.012080617953719114,0.03200693826516335,0.36602145810131126,0.03283927530009508
0.08320216694466388,0.00007073013479742677,0.0,0.04169461220432039,0.0,0.3750725568103052,0.0,0.08320216694466388,0.00007073013479742677,0.0,0.04169461220432039,0.0,0.3750725568103052,0.0
0.08330312522361775,0.0,0.0,0.0,6.811069377120013e-7,0.41674086653653897,0.0,0.08330312522361775,0.0,0.0,0.0,6.811069377120013e-7,0.41674086653653897,0.0
0.0014185111779211968,0.04173145740474436,0.0017696177410731482,0.00014211764340975216,0.08375392125142705,0.32969901807985863,0.04157658536911951,0.0014185111779211968,0.04173145740474436,0.0017696177410731482,0.00014211764340975216,0.08375392125142705,0.32969901807985863,0.04157658536911951
0.01189453470256173,0.011900864175048539,0.033450602013953556,0.03300054927195398,0.05289530029506319,0.3453571027098455,0.011555899322567334,0.01189453470256173,0.011900864175048539,0.033450602013953556,0.03300054927195398,0.05289530029506319,0.3453571027098455,0.011555899322567334
0.0746804546363045,0.012182257298948552,0.01191963674152067,0.011443365426341744,0.011540420524699974,0.3669110477359841,0.011341802007431066,0.0746804546363045,0.012182257298948552,0.01191963674152067,0.011443365426341744,0.011540420524699974,0.3669110477359841,0.011341802007431066
0.01104163286940169,0.011507057489267706,0.011015034648006853,0.053167553409511785,0.011785779874246168,0.3481637439096229,0.05338271913808788,0.01104163286940169,0.011507057489267706,0.011015034648006853,0.053167553409511785,0.011785779874246168,0.3481637439096229,0.05338271913808788
0.011203455081869956,0.011773331245502318,0.05330252383318665,0.032455423183162066,0.01084423922515175,0.34709448189180026,0.033382622016433265,0.011203455081869956,0.011773331245502318,0.05330252383318665,0.032455423183162066,0.01084423922515175,0.34709448189180026,0.033382622016433265
0.0,0.03996079917998683,0.1253426787051253,0.0,0.0015014039855308532,0.33324203112409034,0.0,0.0,0.03996079917998683,0.1253426787051253,0.0,0.0015014039855308532,0.33324203112409034,0.0
0.010320971855586062,0.009786815225818457,0.031903029259572106,0.013609256123078948,0.05457825024287124,0.3676888156822256,0.012200636099991238,0.010320971855586062,0.009786815225818457,0.031903029259572106,0.013609256123078948,0.05457825024287124,0.3676888156822256,0.012200636099991238
0.009932333646032894,0.011290949578754534,0.012475446713358778,0.01132214317030074,0.03282162217984208,0.34771329099203097,0.07460850209893632,0.009932333646032894,0.011290949578754534,0.012475446713358778,0.01132214317030074,0.03282162217984208,0.34771329099203097,0.07460850209893632
0.011078797062679892,0.0115520813531876,0.011025288409473442,0.032353399684101995,0.01159086126722984,0.3466367511300085,0.07582896057307839,0.011078797062679892,0.0115520813531876,0.011025288409473442,0.032353399684101995,0.01159086126722984,0.3466367511300085,0.07582896057307839
0.010062523905488605,0.03238017846146124,0.030978957868710633,0.03240912589458978,0.011491026126917391,0.34816090594660704,0.03456842707441572,0.010062523905488605,0.03238017846146124,0.030978957868710633,0.03240912589458978,0.011491026126917391,0.34816090594660704,0.03456842707441572
4.641306769639222e-6,0.04169695014129318,0.0,0.0,0.041766821090387894,0.4165843452878348,0.0,4.641306769639222e-6,0.04169695014129318,0.0,0.0,0.041766821090387894,0.4165843452878348,0.0
2.2876007158412934e-7,0.000031740287788273184,0.00006300031896699408,0.12508420736865714,0.041713132016832556,0.3331449783955417,0.0,2.2876007158412934e-7,0.000031740287788273184,0.00006300031896699408,0.12508420736865714,0.041713132016832556,0.3331449783955417,0.0
0.0,0.04177577215870109,0.00012234572408214892,0.04149954324925024,0.0007544154988321472,0.37433586744175623,0.04156068257906121,0.0,0.04177577215870109,0.00012234572408214892,0.04149954324925024,0.0007544154988321472,0.37433586744175623,0.04156068257906121
0.08345626325112276,0.0,0.0,0.0,0.04159370384025797,0.33311866407455204,0.04192003488208206,0.08345626325112276,0.0,0.0,0.0,0.04159370384025797,0.33311866407455204,0.04192003488208206
0.05415535252591656,0.03415313399211992,0.03272445359876392,0.010608532924991813,0.009808322932763765,0.34569396462918833,0.012937267038007462,0.05415535252591656,0.03415313399211992,0.03272445359876392,0.010608532924991813,0.009808322932763765,0.34569396462918833,0.012937267038007462
0.0,0.0,0.04176248290619075,0.04162107408702642,0.08332231653443276,0.33330722255937323,0.00013196658516230887,0.0,0.0,0.04176248290619075,0.04162107408702642,0.08332231653443276,0.33330722255937323,0.00013196658516230887
0.08331253919854058,0.04258543525793619,4.289500836214258e-6,0.0007611100162413066,0.00042088102032718526,0.3322538364995665,0.0421700165718255,0.08331253919854058,0.04258543525793619,4.289500836214258e-6,0.0007611100162413066,0.00042088102032718526,0.3322538364995665,0.0421700165718255
0.04146489543994923,0.0,0.04176885655911857,0.08351887393928561,0.000010563133025281034,0.33333306550022346,0.0,0.04146489543994923,0.0,0.04176885655911857,0.08351887393928561,0.000010563133025281034,0.33333306550022346,0.0
0.0,0.0,0.08372624661623028,0.00031174802314992695,0.0411120438912173,0.3332544247110652,0.04162780917480984,0.0,0.0,0.08372624661623028,0.00031174802314992695,0.0411120438912173,0.3332544247110652,0.04162780917480984
0.053922910240959805,0.012441976142195646,0.010774967773122562,0.012761461557253235,0.01199239442104713,0.36600559214991,0.03215664068976466,0.053922910240959805,0.012441976142195646,0.010774967773122562,0.012761461557253235,0.01199239442104713,0.36600559214991,0.03215664068976466
0.0,0.0,0.0,0.0,0.08335669832816173,0.4166487896988489,0.0,0.0,0.0,0.0,0.0,0.08335669832816173,0.4166487896988489,0.0
0.04170470898974706,0.000010800049845198376,0.04158026444590576,0.0,0.08360067023072384,0.33298320916882734,0.0001388113986527906,0.04170470898974706,0.000010800049845198376,0.04158026444590576,0.0,0.08360067023072384,0.33298320916882734,0.0001388113986527906
0.013147749898070929,0.013187197430576147,0.01306915382551518,0.09433480119543587,0.012323905431849,0.34253876757272667,0.011525779023802921,0.013147749898070929,0.013187197430576147,0.01306915382551518,0.09433480119543587,0.012323905431849,0.34253876757272667,0.011525779023802921
0.01218443899832847,0.012253769862790741,0.031603561173536236,0.010429913489702182,0.011741096396716024,0.347568151378258,0.07426149477079214,0.01218443899832847,0.012253769862790741,0.031603561173536236,0.010429913489702182,0.011741096396716024,0.347568151378258,0.07426149477079214
0.053361700240185,0.01121616197872198,0.011295966422531358,0.013119851393552538,0.013017284067805649,0.3871355283163364,0.010968400883072571,0.053361700240185,0.01121616197872198,0.011295966422531358,0.013119851393552538,0.013017284067805649,0.3871355283163364,0.010968400883072571
0.00005115740730554338,0.04165967009773734,0.000053534594258680804,0.08348152251185909,0.0000981373835296139,0.3746958206617834,0.000011140784328776953,0.00005115740730554338,0.04165967009773734,0.000053534594258680804,0.08348152251185909,0.0000981373835296139,0.3746958206617834,0.000011140784328776953
0.0003224801186948687,0.04178761352312971,0.08298493413988021,0.0,0.0417526639300628,0.3331933725045785,3.6903253022670576e-7,0.0003224801186948687,0.04178761352312971,0.08298493413988021,0.0,0.0417526639300628,0.3331933725045785,3.6903253022670576e-7
0.013106265098975865,0.013076702688483939,0.03251917642461851,0.01199835716044601,0.01221567723669581,0.3636872862758169,0.053405868693850486,0.013106265098975865,0.013076702688483939,0.03251917642461851,0.01199835716044601,0.01221567723669581,0.3636872862758169,0.053405868693850486
0.04150859670055344,0.04168532810604059,0.0,0.0,0.08325757438078255,0.33359638183443746,0.000050828905351367845,0.04150859670055344,0.04168532810604059,0.0,0.0,0.08325757438078255,0.33359638183443746,0.000050828905351367845
0.0,0.0,0.0,0.04174529825864787,0.041630105853179916,0.375148615020575,0.04153226790929145,0.0,0.0,0.0,0.04174529825864787,0.041630105853179916,0.375148615020575,0.04153226790929145
0.0,0.08344517522888195,0.04167074512028295,0.0,0.0,0.37493783617984106,0.0,0.0,0.08344517522888195,0.04167074512028295,0.0,0.0,0.37493783617984106,0.0
0.0414740525594113,0.08343952826853634,0.000010037945017683384,0.0,0.04149719041231481,0.33363021212406174,1.982483200281792e-7,0.0414740525594113,0.08343952826853634,0.000010037945017683384,0.0,0.04149719041231481,0.33363021212406174,1.982483200281792e-7
0.5000194815117371,0.0,0.0,0.0,0.0,0.0,0.0,0.5000194815117371,0.0,0.0,0.0,0.0,0.0,0.0
1.5059198858801226e-6,0.0001866016988027844,0.041457400917998474,2.3109574002178443e-8,0.1254498303599474,0.3341488794332122,4.3149942745321443e-8,1.5059198858801226e-6,0.0001866016988027844,0.041457400917998474,2.3109574002178443e-8,0.1254498303599474,0.3341488794332122,4.3149942745321443e-8
0.0,0.0,0.0,0.04167332142320714,0.00003745511241582772,0.4583306179617624,0.0,0.0,0.0,0.0,0.04167332142320714,0.00003745511241582772,0.4583306179617624,0.0
0.0003213344831505804,0.041889558224328105,0.0005923961359680077,0.0827860059037846,0.00025570145964545743,0.33263162299115345,0.04153071678507966,0.0003213344831505804,0.041889558224328105,0.0005923961359680077,0.0827860059037846,0.00025570145964545743,0.33263162299115345,0.04153071678507966
0.04216851033499917,0.00007010111820171473,0.04153251555208859,0.00030852450884506967,0.04113242275997328,0.333419615918817,0.04140057373131848,0.04216851033499917,0.00007010111820171473,0.04153251555208859,0.00030852450884506967,0.04113242275997328,0.333419615918817,0.04140057373131848
0.05292358169703841,0.010294496328489075,0.010332809657245989,0.01219553194172021,0.05416772617205449,0.34775777289501963,0.012391807294120549,0.05292358169703841,0.010294496328489075,0.010332809657245989,0.01219553194172021,0.05416772617205449,0.34775777289501963,0.012391807294120549
0.012194447565103926,0.0322772277245231,0.011281891740977568,0.033008634118135205,0.03256837029582743,0.36650534292324183,0.012339340438680246,0.012194447565103926,0.0322772277245231,0.011281891740977568,0.033008634118135205,0.03256837029582743,0.36650534292324183,0.012339340438680246
0.00011577849600616697,0.00011236192567931195,0.08336881351188259,0.0,0.08329995149724005,0.33317740301010346,0.0,0.00011577849600616697,0.00011236192567931195,0.08336881351188259,0.0,0.08329995149724005,0.33317740301010346,0.0
0.04208408095298541,0.04127910224950912,0.0,0.04185355771656249,0.04177090261152502,0.3330282370609262,7.883126153899023e-7,0.04208408095298541,0.04127910224950912,0.0,0.04185355771656249,0.04177090261152502,0.3330282370609262,7.883126153899023e-7
0.01122269821712122,0.011143508124867443,0.033201437219435644,0.03280738288600256,0.011054285242204013,0.34696165912669696,0.053685197836035314,0.01122269821712122,0.011143508124867443,0.033201437219435644,0.03280738288600256,0.011054285242204013,0.34696165912669696,0.053685197836035314
0.0002997309441098276,0.04237862514802158,0.08262895049023407,0.04117828399711081,0.0,0.33357409056865606,0.000010708903788177593,0.0002997309441098276,0.04237862514802158,0.08262895049023407,0.04117828399711081,0.0,0.33357409056865606,0.000010708903788177593
0.03375448763751936,0.03300273845856612,0.032540977246665714,0.01147457286515101,0.012065437619910914,0.34464657632260837,0.03267726926941777,0.03375448763751936,0.03300273845856612,0.032540977246665714,0.01147457286515101,0.012065437619910914,0.34464657632260837,0.03267726926941777
0.012396712842565287,0.05337767825119931,0.01173356928609005,0.03270267870950374,0.032563857394592687,0.34569641651072286,0.011587652728086381,0.012396712842565287,0.05337767825119931,0.01173356928609005,0.03270267870950374,0.032563857394592687,0.34569641651072286,0.011587652728086381
0.012347132848740054,0.07462343723535807,0.010251359845230538,0.010843145586572825,0.009781247895852909,0.3494076885767565,0.032798279023764865,0.012347132848740054,0.07462343723535807,0.010251359845230538,0.010843145586572825,0.009781247895852909,0.3494076885767565,0.032798279023764865
0.0117878893603047,0.030714990058988898,0.032862204125556765,0.01200799440307866,0.011073117689821476,0.3476805797969229,0.053924456149634814,0.0117878893603047,0.030714990058988898,0.032862204125556765,0.01200799440307866,0.011073117689821476,0.3476805797969229,0.053924456149634814
0.032979487377803686,0.011926955805810923,0.011377348230799828,0.012787505565764667,0.012105920372467133,0.36426573160794395,0.05459340048659536,0.032979487377803686,0.011926955805810923,0.011377348230799828,0.012787505565764667,0.012105920372467133,0.36426573160794395,0.05459340048659536
0.011872667452223686,0.07401596832861623,0.012040792453407353,0.03320925063135163,0.01239045669457715,0.3449824864984519,0.011661733187707678,0.011872667452223686,0.07401596832861623,0.012040792453407353,0.03320925063135163,0.01239045669457715,0.3449824864984519,0.011661733187707678
0.0,0.0,0.0,0.08334326702272528,0.0,0.41667192223749866,7.21545426891881e-7,0.0,0.0,0.0,0.08334326702272528,0.0,0.41667192223749866,7.21545426891881e-7
0.03380016704462614,0.01228670224690568,0.03316247396195194,0.012085940253445539,0.011917586148760062,0.38545076643638626,0.011342415977060288,0.03380016704462614,0.01228670224690568,0.03316247396195194,0.012085940253445539,0.011917586148760062,0.38545076643638626,0.011342415977060288
0.0,0.0,0.08325217802540527,0.0418331481786496,0.04168561912203406,0.3332817139975207,5.914411187095067e-10,0.0,0.0,0.08325217802540527,0.0418331481786496,0.04168561912203406,0.3332817139975207,5.914411187095067e-10
0.0,0.0,0.041606203970480565,0.04163119010436933,0.04146747580467377,0.3752999754797013,0.0,0.0,0.0,0.041606203970480565,0.04163119010436933,0.04146747580467377,0.3752999754797013,0.0
0.0744061525814756,0.012135384799852163,0.011533950325612325,0.010237402818319313,0.03352645876612808,0.34667390311853274,0.011534630184280545,0.0744061525814756,0.012135384799852163,0.011533950325612325,0.010237402818319313,0.03352645876612808,0.34667390311853274,0.011534630184280545
0.011407721852366584,0.010671497450297109,0.010866413717515956,0.07381955484631822,0.033258101609927655,0.3478873877551242,0.012140698113139869,0.011407721852366584,0.010671497450297109,0.010866413717515956,0.07381955484631822,0.033258101609927655,0.3478873877551242,0.012140698113139869
0.0,0.04150249975092261,0.08343097350863682,0.0,0.0,0.3751253434367539,0.0,0.0,0.04150249975092261,0.08343097350863682,0.0,0.0,0.3751253434367539,0.0
0.011818059383250475,0.011526872271289281,0.013099934483581177,0.05325681235988836,0.05340347644106334,0.34482356060303465,0.012111075445641939,0.011818059383250475,0.011526872271289281,0.013099934483581177,0.05325681235988836,0.05340347644106334,0.34482356060303465,0.012111075445641939
0.0,0.04151465519940928,5.40153212921204e-8,9.050763657682204e-7,0.04179847395947981,0.3751976255551505,0.0415312007655033,0.0,0.04151465519940928,5.40153212921204e-8,9.050763657682204e-7,0.04179847395947981,0.3751976255551505,0.0415312007655033
0.0,0.0,0.0,0.0,0.0,0.37500938912477844,0.12499243521625535,0.0,0.0,0.0,0.0,0.0,0.37500938912477844,0.12499243521625535
0.032472919099617366,0.011434795210326847,0.012054814101798244,0.0324009460646738,0.05136116416174177,0.34875860081548854,0.011573739043784755,0.032472919099617366,0.011434795210326847,0.012054814101798244,0.0324009460646738,0.05136116416174177,0.34875860081548854,0.011573739043784755
0.04170438702003938,0.08340636206064987,0.0,0.0,0.0,0.37495897671539263,6.602146268572583e-7,0.04170438702003938,0.08340636206064987,0.0,0.0,0.0,0.37495897671539263,6.602146268572583e-7
0.0,0.0,0.5000307036533531,0.0,0.0,0.0,0.0,0.0,0.0,0.5000307036533531,0.0,0.0,0.0,0.0
0.0,0.0,0.04148433752109771,0.08347674000576322,8.16667454652486e-6,0.3750477141470514,0.0,0.0,0.0,0.04148433752109771,0.08347674000576322,8.16667454652486e-6,0.3750477141470514,0.0
0.041560693839240416,0.0419257110438455,0.04159330430352268,0.041671615050018054,0.0,0.3332863997144918,0.0,0.041560693839240416,0.0419257110438455,0.04159330430352268,0.041671615050018054,0.0,0.3332863997144918,0.0
0.0,0.0,0.08321758821666837,0.00006087584390298376,0.00013906708716011074,0.4166280182535859,0.0,0.0,0.0,0.08321758821666837,0.00006087584390298376,0.00013906708716011074,0.4166280182535859,0.0
0.053715963735491125,0.010228306475638039,0.011815468863388964,0.010989948804621435,0.03296717988246057,0.3474033198030941,0.03296118860581899,0.053715963735491125,0.010228306475638039,0.011815468863388964,0.010989948804621435,0.03296717988246057,0.3474033198030941,0.03296118860581899
0.12513355529935855,0.00015184663871944801,6.543981809953648e-7,0.04161758099586606,0.0,0.33317538393762486,0.0,0.12513355529935855,0.00015184663871944801,6.543981809953648e-7,0.04161758099586606,0.0,0.33317538393762486,0.0
0.033059610394986824,0.031502383362653735,0.011644139632039162,0.011073897392199177,0.03316872423727545,0.3464488491961648,0.03317202009437621,0.033059610394986824,0.031502383362653735,0.011644139632039162,0.011073897392199177,0.03316872423727545,0.3464488491961648,0.03317202009437621
0.011224620320407431,0.053642692684926836,0.03294576480641898,0.032666684279610975,0.012271566003287316,0.3449170362833657,0.01236338533533007,0.011224620320407431,0.053642692684926836,0.03294576480641898,0.032666684279610975,0.012271566003287316,0.3449170362833657,0.01236338533533007
0.08311824465365229,0.0834090800888145,0.0,0.0,0.0,0.33350751094520104,0.0,0.08311824465365229,0.0834090800888145,0.0,0.0,0.0,0.33350751094520104,0.0
0.04168558699050436,0.0,0.0,0.0,9.759903179038605e-6,0.4167964895774391,0.041529352862631826,0.04168558699050436,0.0,0.0,0.0,9.759903179038605e-6,0.4167964895774391,0.041529352862631826
0.011931374651865535,0.01245448104057618,0.052907038179512415,0.012444670130349167,0.03310163144048655,0.3656917246791054,0.011494391838410254,0.011931374651865535,0.01245448104057618,0.052907038179512415,0.012444670130349167,0.03310163144048655,0.3656917246791054,0.011494391838410254
0.03199717774682601,0.03253099913098778,0.033598974395552636,0.01167484561341962,0.03333278746952102,0.34571645140831564,0.011192492573883042,0.03199717774682601,0.03253099913098778,0.033598974395552636,0.01167484561341962,0.03333278746952102,0.34571645140831564,0.011192492573883042
0.011732486836402,0.03312455988395859,0.012265991262320438,0.011078469807265857,0.011463478581521816,0.3874702191963903,0.032917666675835275,0.011732486836402,0.03312455988395859,0.012265991262320438,0.011078469807265857,0.011463478581521816,0.3874702191963903,0.032917666675835275
0.0001478021325099998,3.9727712987052687e-7,0.00004757397149746013,0.08343848914810656,0.000010963757561155293,0.37486543047048665,0.041531057569767535,0.0001478021325099998,3.9727712987052687e-7,0.00004757397149746013,0.08343848914810656,0.000010963757561155293,0.37486543047048665,0.041531057569767535
0.010449181509806909,0.010384232030997998,0.010949561358183557,0.010636833150428446,0.011194428664838711,0.3701960366160352,0.07628241066614244,0.010449181509806909,0.010384232030997998,0.010949561358183557,0.010636833150428446,0.011194428664838711,0.3701960366160352,0.07628241066614244
0.012169410214725469,0.05351133853220193,0.011835179664672776,0.012121833518814342,0.03270389650029943,0.3658410433800442,0.0118557652593489,0.012169410214725469,0.05351133853220193,0.011835179664672776,0.012121833518814342,0.03270389650029943,0.3658410433800442,0.0118557652593489
0.05487116756794261,0.012060952752187692,0.053653550018760675,0.009788107759199189,0.011359460899312458,0.34602335367507353,0.012368884388798445,0.05487116756794261,0.012060952752187692,0.053653550018760675,0.009788107759199189,0.011359460899312458,0.34602335367507353,0.012368884388798445
0.032561924511620474,0.01129165911229962,0.010657464069748393,0.009426410430974103,0.054739571791921106,0.3483693865657227,0.03297016549421663,0.032561924511620474,0.01129165911229962,0.010657464069748393,0.009426410430974103,0.054739571791921106,0.3483693865657227,0.03297016549421663
0.12501252601352728,0.0,0.0418433915898322,0.00005091745464027439,0.0,0.3331100029422287,0.000016691478520516763,0.12501252601352728,0.0,0.0418433915898322,0.00005091745464027439,0.0,0.3331100029422287,0.000016691478520516763
0.00010690676943299122,0.000022394534947449333,0.00021005485090971906,0.041454666671185,0.041062457832722055,0.3339036569907364,0.08326573163868878,0.00010690676943299122,0.000022394534947449333,0.00021005485090971906,0.041454666671185,0.041062457832722055,0.3339036569907364,0.08326573163868878
0.011995173225274887,0.012104495168638908,0.012063982036724735,0.05341307369523374,0.011956321569114138,0.36628944198084756,0.03220423867205643,0.011995173225274887,0.012104495168638908,0.012063982036724735,0.05341307369523374,0.011956321569114138,0.36628944198084756,0.03220423867205643
0.04165101301457875,0.041536438844209475,6.996319047627156e-8,0.0,0.0,0.3332676856614537,0.08363420518814538,0.04165101301457875,0.041536438844209475,6.996319047627156e-8,0.0,0.0,0.3332676856614537,0.08363420518814538
0.0,0.0,0.000018266462487076896,0.04167505637297965,9.842688245344526e-7,0.4167505962487121,0.04157026158243741,0.0,0.0,0.000018266462487076896,0.04167505637297965,9.842688245344526e-7,0.4167505962487121,0.04157026158243741
0.03245692924571658,0.012013279965660787,0.01154551936421613,0.010030794635779479,0.032138065193618934,0.348539553398756,0.053530610891146926,0.03245692924571658,0.012013279965660787,0.01154551936421613,0.010030794635779479,0.032138065193618934,0.348539553398756,0.053530610891146926
0.03247545654389597,0.011812023204912415,0.05411867206802828,0.01204904251163925,0.03214396357193439,0.3456219248742933,0.01184754187730186,0.03247545654389597,0.011812023204912415,0.05411867206802828,0.01204904251163925,0.03214396357193439,0.3456219248742933,0.01184754187730186
0.00011960182976975818,0.08350274713463196,0.00020004481678250057,0.00023467114480415897,0.04166350809533017,0.3743354926998582,0.0,0.00011960182976975818,0.08350274713463196,0.00020004481678250057,0.00023467114480415897,0.04166350809533017,0.3743354926998582,0.0
0.032577889752203305,0.010699545785297065,0.011965479205533954,0.01064035187227142,0.011498851034249812,0.34725220477823626,0.07541074160950992,0.032577889752203305,0.010699545785297065,0.011965479205533954,0.01064035187227142,0.011498851034249812,0.34725220477823626,0.07541074160950992
0.04177067056371136,4.913158142920463e-6,0.0,0.04163383715296086,0.04119323176737148,0.37535769909645283,0.00008979497334345201,0.04177067056371136,4.913158142920463e-6,0.0,0.04163383715296086,0.04119323176737148,0.37535769909645283,0.00008979497334345201
0.03278117481246142,0.011710370040065901,0.01249213895690533,0.01150938752974817,0.05312148509328267,0.36686964930389315,0.011568279300670954,0.03278117481246142,0.011710370040065901,0.01249213895690533,0.01150938752974817,0.05312148509328267,0.36686964930389315,0.011568279300670954
0.012974345716324269,0.010680691192389376,0.033419573973816855,0.012209746823864227,0.03399771613475964,0.34285583595085406,0.05393628474437288,0.012974345716324269,0.010680691192389376,0.033419573973816855,0.012209746823864227,0.03399771613475964,0.34285583595085406,0.05393628474437288
0.00004082213693683754,0.12473922050265396,0.04180947482133426,0.0001484655410112484,0.0,0.3332785597939438,0.00013042737788442418,0.00004082213693683754,0.12473922050265396,0.04180947482133426,0.0001484655410112484,0.0,0.3332785597939438,0.00013042737788442418
0.032452004378465654,0.03225741471823769,0.011411684681288713,0.03229941740240144,0.011664926731874916,0.3471828443594832,0.0327718134048059,0.032452004378465654,0.03225741471823769,0.011411684681288713,0.03229941740240144,0.011664926731874916,0.3471828443594832,0.0327718134048059
0.012464631817936426,0.010944227667953608,0.0326783378260341,0.011859735399613061,0.032398845169802896,0.36662948171407,0.033065809840441975,0.012464631817936426,0.010944227667953608,0.0326783378260341,0.011859735399613061,0.032398845169802896,0.36662948171407,0.033065809840441975
0.012473324762046286,0.07451251375116064,0.011013084463720894,0.011481801076928934,0.011067210384438173,0.3678266136034236,0.011673705616994655,0.012473324762046286,0.07451251375116064,0.011013084463720894,0.011481801076928934,0.011067210384438173,0.3678266136034236,0.011673705616994655
0.04168534604138905,0.041680123238730785,0.0,0.0,0.04167921126773289,0.3749982150220878,0.0,0.04168534604138905,0.041680123238730785,0.0,0.0,0.04167921126773289,0.3749982150220878,0.0
0.041280038586529476,0.0418122608600792,0.04210272391186604,0.0,0.04133686931939005,0.3335280352556181,0.000019157373398194095,0.041280038586529476,0.0418122608600792,0.04210272391186604,0.0,0.04133686931939005,0.3335280352556181,0.000019157373398194095
0.033295517513460916,0.011873298988497724,0.07294592430438326,0.012095665545236153,0.012397665890167484,0.34595318937926023,0.011535888976916129,0.033295517513460916,0.011873298988497724,0.07294592430438326,0.012095665545236153,0.012397665890167484,0.34595318937926023,0.011535888976916129
0.0,0.12490585854163909,0.0,0.0,0.041669375000021505,0.3334723587470272,0.0,0.0,0.12490585854163909,0.0,0.0,0.041669375000021505,0.3334723587470272,0.0
0.07486898962777801,0.0121216998584108,0.011761864269904072,0.031801974208369554,0.010862585987614415,0.3474637385701372,0.011156126841623721,0.07486898962777801,0.0121216998584108,0.011761864269904072,0.031801974208369554,0.010862585987614415,0.3474637385701372,0.011156126841623721
0.011698181017153893,0.05220556872002678,0.01196941949769357,0.011884855743177975,0.031629203435080695,0.347900879957548,0.03276926225285983,0.011698181017153893,0.05220556872002678,0.01196941949769357,0.011884855743177975,0.031629203435080695,0.347900879957548,0.03276926225285983
0.01139909792675192,0.03332285660383278,0.053521143973832896,0.012001800424280284,0.03273832669391064,0.34507983965073663,0.011970621265368938,0.01139909792675192,0.03332285660383278,0.053521143973832896,0.012001800424280284,0.03273832669391064,0.34507983965073663,0.011970621265368938
0.04193564605420657,0.04187036438440326,0.04184197514551626,3.3878366172700563e-6,0.0009329145318931144,0.33216745283775456,0.0412567456996086,0.04193564605420657,0.04187036438440326,0.04184197514551626,3.3878366172700563e-6,0.0009329145318931144,0.33216745283775456,0.0412567456996086
0.011643591112802108,0.012271288243807178,0.052415076434667605,0.011339431627657761,0.03204130227377471,0.34688651771933676,0.03346538214313697,0.011643591112802108,0.012271288243807178,0.052415076434667605,0.011339431627657761,0.03204130227377471,0.34688651771933676,0.03346538214313697
0.011486619984998737,0.031963227712590414,0.010834329341897696,0.011882717060933204,0.03399867389770749,0.38849443734903844,0.01141693323584974,0.011486619984998737,0.031963227712590414,0.010834329341897696,0.011882717060933204,0.03399867389770749,0.38849443734903844,0.01141693323584974
0.0,0.16665641850382737,0.00014279297990655034,0.0,0.0,0.33323888960734827,0.0,0.0,0.16665641850382737,0.00014279297990655034,0.0,0.0,0.33323888960734827,0.0
0.011213165477451638,0.01127799112539823,0.03246669409154763,0.032524204870892415,0.03254632974395789,0.34667143339138645,0.03337332654651385,0.011213165477451638,0.01127799112539823,0.03246669409154763,0.032524204870892415,0.03254632974395789,0.34667143339138645,0.03337332654651385
0.0,0.040757294145114885,0.04196699281380112,0.00035257313863777955,0.041585946710600064,0.33332122968315453,0.042096253295510755,0.0,0.040757294145114885,0.04196699281380112,0.00035257313863777955,0.041585946710600064,0.33332122968315453,0.042096253295510755
0.033218118233870504,0.010312665519135114,0.03232658147656081,0.012246578053988582,0.055166250401338456,0.34532277297399355,0.011421282552834642,0.033218118233870504,0.010312665519135114,0.03232658147656081,0.012246578053988582,0.055166250401338456,0.34532277297399355,0.011421282552834642
0.03265085567611313,0.03239537399330277,0.011248179702976284,0.01258613758809675,0.011952332174538418,0.38727422445205895,0.011945773435141128,0.03265085567611313,0.03239537399330277,0.011248179702976284,0.01258613758809675,0.011952332174538418,0.38727422445205895,0.011945773435141128
0.08300848343051953,0.0011307741897000176,0.0,0.04139062193254978,0.000354839865014352,0.3324807023933185,0.04173234859928776,0.08300848343051953,0.0011307741897000176,0.0,0.04139062193254978,0.000354839865014352,0.3324807023933185,0.04173234859928776
0.03272863423459345,0.012117262435320733,0.032506512415514444,0.01043663493481434,0.031640383126009905,0.3478330751077255,0.03279168655719321,0.03272863423459345,0.012117262435320733,0.032506512415514444,0.01043663493481434,0.031640383126009905,0.3478330751077255,0.03279168655719321
0.012461366240711832,0.03229984320982452,0.033824292557579946,0.011852009404201598,0.03329915251450073,0.3648974232273074,0.011408678870018188,0.012461366240711832,0.03229984320982452,0.033824292557579946,0.011852009404201598,0.03329915251450073,0.3648974232273074,0.011408678870018188
0.01188013545052563,0.032823101150677915,0.011927630966514367,0.05333484685827357,0.011664394285594386,0.36631453819496895,0.012103157076750344,0.01188013545052563,0.032823101150677915,0.011927630966514367,0.05333484685827357,0.011664394285594386,0.36631453819496895,0.012103157076750344
0.0,0.1250041197446836,0.0,0.0,2.7765588550736526e-6,0.37501543080382427,0.0,0.0,0.1250041197446836,0.0,0.0,2.7765588550736526e-6,0.37501543080382427,0.0
0.03373905733306338,0.03446556604876067,0.012647014727533153,0.05486880398316324,0.012063699669091552,0.34082555131080566,0.011398854666010524,0.03373905733306338,0.03446556604876067,0.012647014727533153,0.05486880398316324,0.012063699669091552,0.34082555131080566,0.011398854666010524
0.01087787918715912,0.03201326996525442,0.011263067913046515,0.031547376532019486,0.010865859836592127,0.3494734737796392,0.05401943339289096,0.01087787918715912,0.03201326996525442,0.011263067913046515,0.031547376532019486,0.010865859836592127,0.3494734737796392,0.05401943339289096
0.0004027142289612098,3.0148410972577494e-7,0.04232473144554424,0.0,0.08333713830981622,0.37402512428086837,1.5941365991886167e-6,0.0004027142289612098,3.0148410972577494e-7,0.04232473144554424,0.0,0.08333713830981622,0.37402512428086837,1.5941365991886167e-6
0.0,0.0,0.0,0.0,0.083278470586938,0.37505922449932816,0.04168055475705927,0.0,0.0,0.0,0.0,0.083278470586938,0.37505922449932816,0.04168055475705927
0.012016516959811206,0.011304088690733415,0.012797568497682302,0.012159182601230422,0.032922947424098216,0.3660269162496265,0.052812386629078084,0.012016516959811206,0.011304088690733415,0.012797568497682302,0.012159182601230422,0.032922947424098216,0.3660269162496265,0.052812386629078084
0.032399894548040827,0.01246747861967077,0.032009027295394656,0.03391502306262797,0.012040634537030843,0.3649852659735955,0.012225377739621292,0.032399894548040827,0.01246747861967077,0.032009027295394656,0.03391502306262797,0.012040634537030843,0.3649852659735955,0.012225377739621292
0.011463315877421651,0.03411790248289135,0.03251829469041809,0.03296788678178374,0.012047264093065849,0.3649292395998815,0.01198265548792642,0.011463315877421651,0.03411790248289135,0.03251829469041809,0.03296788678178374,0.012047264093065849,0.3649292395998815,0.01198265548792642
0.12491356232425839,0.0,0.00001003794353074326,0.0,0.04149718426525609,0.3336301627027759,1.954530627261486e-7,0.12491356232425839,0.0,0.00001003794353074326,0.0,0.04149718426525609,0.3336301627027759,1.954530627261486e-7
0.04162464208929726,0.041659096834104424,0.04160258499369256,0.0,0.00009672796998848375,0.3750720666207641,0.0,0.04162464208929726,0.041659096834104424,0.04160258499369256,0.0,0.00009672796998848375,0.3750720666207641,0.0
0.053461815122831595,0.05436757621272618,0.011820841206529764,0.01203082182669536,0.01256297826022152,0.3449637254272127,0.01083599884104396,0.053461815122831595,0.05436757621272618,0.011820841206529764,0.01203082182669536,0.01256297826022152,0.3449637254272127,0.01083599884104396
0.01260152757888606,0.012515501793046209,0.03270743539312343,0.05379116459716371,0.012096526058787378,0.365285302313364,0.011048787824877967,0.01260152757888606,0.012515501793046209,0.03270743539312343,0.05379116459716371,0.012096526058787378,0.365285302313364,0.011048787824877967
0.0,0.0,0.0,0.0,0.0,0.4583235469775621,0.04167894308321768,0.0,0.0,0.0,0.0,0.0,0.4583235469775621,0.04167894308321768
0.04190765281140738,0.00033660674979673635,0.00012276004818108908,0.042043284385879974,1.7429959433346504e-9,0.374095814522685,0.041551072380299085,0.04190765281140738,0.00033660674979673635,0.00012276004818108908,0.042043284385879974,1.7429959433346504e-9,0.374095814522685,0.041551072380299085
0.032633678335530554,0.011525321053464653,0.012100850387076414,0.032748286419724465,0.033176829011018365,0.366164431523754,0.01172168982309728,0.032633678335530554,0.011525321053464653,0.012100850387076414,0.032748286419724465,0.033176829011018365,0.366164431523754,0.01172168982309728
0.011844848762213056,0.03289332521025596,0.01279293104221207,0.0331717488645794,0.01171084096516599,0.3859439967426038,0.011689175909431271,0.011844848762213056,0.03289332521025596,0.01279293104221207,0.0331717488645794,0.01171084096516599,0.3859439967426038,0.011689175909431271
0.011381710034939669,0.031743444372366356,0.013225164567947909,0.012159876438119235,0.05375897239681765,0.36559256695069314,0.012163218971440943,0.011381710034939669,0.031743444372366356,0.013225164567947909,0.012159876438119235,0.05375897239681765,0.36559256695069314,0.012163218971440943
0.012812105347783261,0.01097762025821204,0.01160014011491074,0.053018071170812114,0.03144291096023257,0.34819330198720866,0.03203969523909869,0.012812105347783261,0.01097762025821204,0.01160014011491074,0.053018071170812114,0.03144291096023257,0.34819330198720866,0.03203969523909869
0.041699525354124835,1.6023564302572003e-6,0.00001239359398679223,0.0,4.66016690541303e-9,0.458360829519461,0.0,0.041699525354124835,1.6023564302572003e-6,0.00001239359398679223,0.0,4.66016690541303e-9,0.458360829519461,0.0
4.806431147716026e-7,2.5207665780806834e-6,1.622824872967123e-6,2.0656877135136215e-6,0.041691362326231426,0.3749953869537654,0.08333218312265228,4.806431147716026e-7,2.5207665780806834e-6,1.622824872967123e-6,2.0656877135136215e-6,0.041691362326231426,0.3749953869537654,0.08333218312265228
0.010672228039673878,0.05422360765304791,0.0535393990693192,0.011052107703648187,0.011339125300486705,0.34682182490764574,0.01236133060852716,0.010672228039673878,0.05422360765304791,0.0535393990693192,0.011052107703648187,0.011339125300486705,0.34682182490764574,0.01236133060852716
0.0338549546878294,0.05195694288290663,0.011535336999001621,0.011218148404722897,0.033890787028033276,0.3456940004523475,0.011939157541580722,0.0338549546878294,0.05195694288290663,0.011535336999001621,0.011218148404722897,0.033890787028033276,0.3456940004523475,0.011939157541580722
0.0,0.12499884683022762,0.0,0.041559163423584525,0.0001516950787279476,0.33337134808033025,0.0,0.0,0.12499884683022762,0.0,0.041559163423584525,0.0001516950787279476,0.33337134808033025,0.0
0.00028628357357875244,0.0003380675032663492,0.00048298896086538715,0.04193096476735589,0.08341647510525235,0.33223119330020745,0.04138328030190964,0.00028628357357875244,0.0003380675032663492,0.00048298896086538715,0.04193096476735589,0.08341647510525235,0.33223119330020745,0.04138328030190964
0.00001387169769380844,0.0000683869327610343,0.000016190145914889857,0.08329509092051286,0.04168045155422628,0.37496206287653006,0.0,0.00001387169769380844,0.0000683869327610343,0.000016190145914889857,0.08329509092051286,0.04168045155422628,0.37496206287653006,0.0
0.01043420265787398,0.009925839400303687,0.03209759404416038,0.03315583072547498,0.011509920659999418,0.37110282858122234,0.031812513608918805,0.01043420265787398,0.009925839400303687,0.03209759404416038,0.03315583072547498,0.011509920659999418,0.37110282858122234,0.031812513608918805
0.00006180269908138694,0.00006381136836800198,0.08331254009704292,0.000010241225571883821,0.04163201689942827,0.37498602949924503,0.0,0.00006180269908138694,0.00006381136836800198,0.08331254009704292,0.000010241225571883821,0.04163201689942827,0.37498602949924503,0.0
0.011988463210490198,0.03270890814062587,0.0117373756360163,0.03306851147940463,0.011810224269606404,0.3659416624929109,0.03280566005029062,0.011988463210490198,0.03270890814062587,0.0117373756360163,0.03306851147940463,0.011810224269606404,0.3659416624929109,0.03280566005029062
0.0007386083558866768,0.0007988488751261184,0.04140227334212737,0.00005992250327114639,0.00032628053741169525,0.33220166434758897,0.12453002357572976,0.0007386083558866768,0.0007988488751261184,0.04140227334212737,0.00005992250327114639,0.00032628053741169525,0.33220166434758897,0.12453002357572976
0.012512796749477898,0.05390843482260819,0.011960310421540572,0.03307622879488202,0.010748520204979595,0.3662765388658547,0.011584100998135559,0.012512796749477898,0.05390843482260819,0.011960310421540572,0.03307622879488202,0.010748520204979595,0.3662765388658547,0.011584100998135559
0.04173538925720826,7.551166631972182e-6,0.0,0.0,0.04150679326586069,0.3336540543817246,0.08331925126988164,0.04173538925720826,7.551166631972182e-6,0.0,0.0,0.04150679326586069,0.3336540543817246,0.08331925126988164
0.0,0.0,0.04098937783333911,0.04139904043712634,0.0,0.3747120118924627,0.042903138823689194,0.0,0.0,0.04098937783333911,0.04139904043712634,0.0,0.3747120118924627,0.042903138823689194
0.011730601347617187,0.012035064410360912,0.011627496366592726,0.011790411386950335,0.05457390834426729,0.3661261157348077,0.03214626178184512,0.011730601347617187,0.012035064410360912,0.011627496366592726,0.011790411386950335,0.05457390834426729,0.3661261157348077,0.03214626178184512
0.0,0.5000194310466384,0.0,0.0,0.0,0.0,0.0,0.0,0.5000194310466384,0.0,0.0,0.0,0.0,0.0
0.04126830125831582,0.0,0.04187172529012859,0.04170667551942266,0.04156005432805211,0.3336106461661128,0.000034163290711333266,0.04126830125831582,0.0,0.04187172529012859,0.04170667551942266,0.04156005432805211,0.3336106461661128,0.000034163290711333266
0.011726189469646832,0.011659599745383355,0.011724001117971705,0.011943388135579401,0.012183765242799776,0.4086358287016955,0.03213201957484103,0.011726189469646832,0.011659599745383355,0.011724001117971705,0.011943388135579401,0.012183765242799776,0.4086358287016955,0.03213201957484103
0.011617355036096708,0.03270970805866419,0.05420554826218139,0.01255460988667833,0.011402456266721844,0.36561748339578426,0.011979688469875259,0.011617355036096708,0.03270970805866419,0.05420554826218139,0.01255460988667833,0.011402456266721844,0.36561748339578426,0.011979688469875259
0.032810850908244385,0.011863590203464495,0.012042044372148683,0.012401512934193308,0.011981850608046043,0.40724597870033447,0.011695926805667188,0.032810850908244385,0.011863590203464495,0.012042044372148683,0.012401512934193308,0.011981850608046043,0.40724597870033447,0.011695926805667188
0.011968088122892278,0.0553355753423309,0.011293146412707676,0.011367038638517136,0.012098723529595408,0.3650479553940879,0.033007868804410354,0.011968088122892278,0.0553355753423309,0.011293146412707676,0.011367038638517136,0.012098723529595408,0.3650479553940879,0.033007868804410354
0.0,0.12493195946898697,0.00002446767835371685,0.000037912756658215446,0.0,0.33316024677422956,0.041894107277528,0.0,0.12493195946898697,0.00002446767835371685,0.000037912756658215446,0.0,0.33316024677422956,0.041894107277528
0.011639252965777723,0.012140648404688228,0.011585068247920674,0.03399437597626729,0.012179061231351618,0.3642274822997803,0.054300272906289415,0.011639252965777723,0.012140648404688228,0.011585068247920674,0.03399437597626729,0.012179061231351618,0.3642274822997803,0.054300272906289415
0.03389755985959635,0.012494353927976603,0.03263233939771902,0.01064223531929843,0.03271437724957769,0.36580042727885803,0.011855731046465014,0.03389755985959635,0.012494353927976603,0.03263233939771902,0.01064223531929843,0.03271437724957769,0.36580042727885803,0.011855731046465014
0.012146190233586623,0.03282633321452439,0.011644336228852142,0.07339923846567807,0.01292954004847155,0.34544145682361205,0.011768841597831028,0.012146190233586623,0.03282633321452439,0.011644336228852142,0.07339923846567807,0.01292954004847155,0.34544145682361205,0.011768841597831028
0.0,0.04172725576790952,0.04216679896930343,0.08283292475269877,0.0,0.33335179100159557,0.0,0.0,0.04172725576790952,0.04216679896930343,0.08283292475269877,0.0,0.33335179100159557,0.0
0.01159279402129022,0.011587449854714492,0.03287609343306881,0.03308532499780455,0.03313379474416944,0.36571580548690064,0.012077653762007458,0.01159279402129022,0.011587449854714492,0.03287609343306881,0.03308532499780455,0.03313379474416944,0.36571580548690064,0.012077653762007458
0.0,0.0,0.0,0.0,0.0,0.500001476959488,0.0,0.0,0.0,0.0,0.0,0.0,0.500001476959488,0.0
0.041756711471552264,0.00001119242065337799,0.00010137648506528861,0.041653188573957924,0.0,0.41649234096659654,0.0,0.041756711471552264,0.00001119242065337799,0.00010137648506528861,0.041653188573957924,0.0,0.41649234096659654,0.0
0.009323174207094097,0.07464332159040034,0.011409656584351075,0.012697563191960548,0.03344539516498853,0.3458581927414044,0.012767308820468658,0.009323174207094097,0.07464332159040034,0.011409656584351075,0.012697563191960548,0.03344539516498853,0.3458581927414044,0.012767308820468658
0.033488319562658415,0.054792926039280286,0.012003260698120053,0.0315038436944196,0.013032743118658994,0.34436632442459286,0.01088345980040173,0.033488319562658415,0.054792926039280286,0.012003260698120053,0.0315038436944196,0.013032743118658994,0.34436632442459286,0.01088345980040173
0.03240611576664005,0.032804788133960545,0.011712059174139524,0.011778206390931004,0.03272936527191198,0.3666731135809402,0.011949734882713984,0.03240611576664005,0.032804788133960545,0.011712059174139524,0.011778206390931004,0.03272936527191198,0.3666731135809402,0.011949734882713984
0.0002511136762992106,0.0002503875556165932,0.041928691727283265,0.1247381471715081,0.000033513580790727586,0.33278368857993285,0.000017942836533224112,0.0002511136762992106,0.0002503875556165932,0.041928691727283265,0.1247381471715081,0.000033513580790727586,0.33278368857993285,0.000017942836533224112
0.0,0.04167224623792839,0.00010719021235126204,4.196571389089078e-7,0.041543412253551786,0.33346536982883523,0.08327756397976299,0.0,0.04167224623792839,0.00010719021235126204,4.196571389089078e-7,0.041543412253551786,0.33346536982883523,0.08327756397976299
0.011695943060952979,0.011611015121817992,0.05337576148046554,0.05249993618256538,0.012753906666469628,0.3465725915303183,0.01158758848331149,0.011695943060952979,0.011611015121817992,0.05337576148046554,0.05249993618256538,0.012753906666469628,0.3465725915303183,0.01158758848331149
0.012393335785443979,0.012151567472430548,0.031402869124349746,0.010450989947034918,0.011504824883983219,0.3898433078954466,0.03253242828092909,0.012393335785443979,0.012151567472430548,0.031402869124349746,0.010450989947034918,0.011504824883983219,0.3898433078954466,0.03253242828092909
0.0,0.08315145223155435,0.04187507637452173,0.04185776802907873,0.00004627444199420153,0.3330771349696295,0.0,0.0,0.08315145223155435,0.04187507637452173,0.04185776802907873,0.00004627444199420153,0.3330771349696295,0.0
0.04521595839455937,0.0,0.00044665957268424076,0.0,0.08908614956079722,0.4012293057909397,0.0000192236848508518,0.04521595839455937,0.0,0.00044665957268424076,0.0,0.08908614956079722,0.4012293057909397,0.0000192236848508518
0.05355943763156961,0.011702045693294846,0.0325732459058794,0.011793439159743792,0.010929511638033382,0.36793173420616987,0.011571976362448264,0.05355943763156961,0.011702045693294846,0.0325732459058794,0.011793439159743792,0.010929511638033382,0.36793173420616987,0.011571976362448264
0.01092638757614628,0.010899804510245126,0.07395708862290155,0.013101965785036548,0.03340441925593518,0.3457735836280364,0.012023672933491684,0.01092638757614628,0.010899804510245126,0.07395708862290155,0.013101965785036548,0.03340441925593518,0.3457735836280364,0.012023672933491684
0.053161866865790275,0.011047673963530449,0.012676279251902461,0.012737253440252725,0.03256062121024313,0.36616177667338107,0.011714516604925927,0.053161866865790275,0.011047673963530449,0.012676279251902461,0.012737253440252725,0.03256062121024313,0.36616177667338107,0.011714516604925927
0.000029778456139544337,0.04119007107630616,0.0007229167869786747,0.041424616685135494,0.0,0.3329832943219809,0.08370926250406922,0.000029778456139544337,0.04119007107630616,0.0007229167869786747,0.041424616685135494,0.0,0.3329832943219809,0.08370926250406922
0.011408954664468042,0.011889862556496732,0.01140763693823399,0.05491291963475963,0.011909863674696253,0.3852841532629311,0.013245028843991306,0.011408954664468042,0.011889862556496732,0.01140763693823399,0.05491291963475963,0.011909863674696253,0.3852841532629311,0.013245028843991306
0.0416930997399272,0.04137067072982783,0.0005072796468031359,0.0003548261340319364,0.0003316024943359111,0.3741584304624996,0.041636504576420895,0.0416930997399272,0.04137067072982783,0.0005072796468031359,0.0003548261340319364,0.0003316024943359111,0.3741584304624996,0.041636504576420895
0.0,0.0,0.0,0.0,0.12502734666926027,0.33334924239538216,0.04163480451961142,0.0,0.0,0.0,0.0,0.12502734666926027,0.33334924239538216,0.04163480451961142
0.053672950900895945,0.011611025150709808,0.03347129666353518,0.012136945436094553,0.012113419059983522,0.344711563466929,0.03234848883106193,0.053672950900895945,0.011611025150709808,0.03347129666353518,0.012136945436094553,0.012113419059983522,0.344711563466929,0.03234848883106193
0.013398103393755988,0.012056639494852866,0.01310766784475341,0.012015629436316346,0.07338641828123196,0.36396929999483857,0.012090517129534122,0.013398103393755988,0.012056639494852866,0.01310766784475341,0.012015629436316346,0.07338641828123196,0.36396929999483857,0.012090517129534122
0.0,0.08332614434771106,0.00002847018202890098,0.04184949047181254,0.0417666874109407,0.3330442716578535,0.0,0.0,0.08332614434771106,0.00002847018202890098,0.04184949047181254,0.0417666874109407,0.3330442716578535,0.0
0.03262279205128135,0.011163867702359585,0.011983618603658177,0.012724872151063632,0.03162117088581718,0.36633371821838007,0.033629043991016926,0.03262279205128135,0.011163867702359585,0.011983618603658177,0.012724872151063632,0.03162117088581718,0.36633371821838007,0.033629043991016926
0.00023868892198090154,0.041862797536350825,0.041525087111334166,0.00026627800561212264,0.00010258353377154322,0.3332920331596492,0.08272298121857669,0.00023868892198090154,0.041862797536350825,0.041525087111334166,0.00026627800561212264,0.00010258353377154322,0.3332920331596492,0.08272298121857669
0.009200415502454654,0.008749715118281907,0.008773620690396316,0.012624070791324493,0.09573511515009032,0.3528887001021174,0.012185810851851829,0.009200415502454654,0.008749715118281907,0.008773620690396316,0.012624070791324493,0.09573511515009032,0.3528887001021174,0.012185810851851829
0.12473565233654521,0.00008363469221925356,0.0,0.00020826806430679058,0.00011542641082338532,0.3333666139133827,0.04160048794044105,0.12473565233654521,0.00008363469221925356,0.0,0.00020826806430679058,0.00011542641082338532,0.3333666139133827,0.04160048794044105
0.0005390319428857057,0.08321048411938371,0.04155171061009668,0.00034204662949125316,0.0,0.3327134523744478,0.0417602749090927,0.0005390319428857057,0.08321048411938371,0.04155171061009668,0.00034204662949125316,0.0,0.3327134523744478,0.0417602749090927
0.08323563791978773,0.00031252374767524067,0.0,0.0005309673170487777,0.00017019992381848962,0.37429248642868174,0.041544639559119,0.08323563791978773,0.00031252374767524067,0.0,0.0005309673170487777,0.00017019992381848962,0.37429248642868174,0.041544639559119
0.033111925887527045,0.03250096113054685,0.01181985250515984,0.012506900772943752,0.01199750673233499,0.3661616189160815,0.032167368929100305,0.033111925887527045,0.03250096113054685,0.01181985250515984,0.012506900772943752,0.01199750673233499,0.3661616189160815,0.032167368929100305
0.08319947123669301,0.0006822095347977428,0.04219169421958259,0.0,9.502057205163098e-6,0.3324612523483222,0.04146480946127543,0.08319947123669301,0.0006822095347977428,0.04219169421958259,0.0,9.502057205163098e-6,0.3324612523483222,0.04146480946127543
0.08280626538199641,0.04270719377625923,0.00025113802860658827,0.0,0.041078622946685,0.3331939253707185,1.478912613045219e-9,0.08280626538199641,0.04270719377625923,0.00025113802860658827,0.0,0.041078622946685,0.3331939253707185,1.478912613045219e-9
0.011742957632992736,0.011749206446343611,0.03302432689219518,0.012827093904528549,0.07378723250058365,0.34533048328862376,0.01155500861741244,0.011742957632992736,0.011749206446343611,0.03302432689219518,0.012827093904528549,0.07378723250058365,0.34533048328862376,0.01155500861741244
0.08322579357775456,0.0,0.0,0.08351088825594861,0.000010562123028002482,0.3333011937545774,0.0,0.08322579357775456,0.0,0.0,0.08351088825594861,0.000010562123028002482,0.3333011937545774,0.0
0.0006192723899775482,0.04155946110411515,0.08345532620465292,0.00038194336430390696,0.000924866697129481,0.3318100224581083,0.04126389778875396,0.0006192723899775482,0.04155946110411515,0.08345532620465292,0.00038194336430390696,0.000924866697129481,0.3318100224581083,0.04126389778875396
0.12552162816103832,0.04060727491969747,0.0,0.0,0.0,0.33390664833986505,7.616330817072528e-6,0.12552162816103832,0.04060727491969747,0.0,0.0,0.0,0.33390664833986505,7.616330817072528e-6
0.032810224675307954,0.010924394292082982,0.011451071929348999,0.032072918702978764,0.011945284676405097,0.36802894903414285,0.03280491153991289,0.032810224675307954,0.010924394292082982,0.011451071929348999,0.032072918702978764,0.011945284676405097,0.36802894903414285,0.03280491153991289
0.01113201142085848,0.012325910857968272,0.012076955881596584,0.07378294327746418,0.011428914412130146,0.34661892196855826,0.0326812212381495,0.01113201142085848,0.012325910857968272,0.012076955881596584,0.07378294327746418,0.011428914412130146,0.34661892196855826,0.0326812212381495
0.0,0.0,0.0,0.0,0.0,0.3332772258395881,0.16672610525616674,0.0,0.0,0.0,0.0,0.0,0.3332772258395881,0.16672610525616674
0.01249619779432969,0.07539423852618535,0.03324611061916986,0.011486773904846651,0.01214913447147356,0.3443115730759457,0.010970486003669079,0.01249619779432969,0.07539423852618535,0.03324611061916986,0.011486773904846651,0.01214913447147356,0.3443115730759457,0.010970486003669079
0.012273979597271605,0.01230452192374656,0.053938036871221604,0.032648914740630676,0.011681614062640532,0.3655803746919056,0.011646224343787401,0.012273979597271605,0.01230452192374656,0.053938036871221604,0.032648914740630676,0.011681614062640532,0.3655803746919056,0.011646224343787401
0.0,0.0,0.1667555964645836,0.0,1.550769244371472e-8,0.3332920390429909,0.0,0.0,0.0,0.1667555964645836,0.0,1.550769244371472e-8,0.3332920390429909,0.0
0.08341910842765128,0.0,0.041657727914348575,0.0,0.000029205951712551858,0.374908234377555,0.0,0.08341910842765128,0.0,0.041657727914348575,0.0,0.000029205951712551858,0.374908234377555,0.0
0.04168202136268155,0.0,0.04164377131009079,0.04186235552559421,0.000253835368596232,0.374702051826143,1.059207849066705e-8,0.04168202136268155,0.0,0.04164377131009079,0.04186235552559421,0.000253835368596232,0.374702051826143,1.059207849066705e-8
0.0,0.0,0.041592912210315275,0.0,0.04169380444800347,0.41672601650789975,3.466752136888553e-7,0.0,0.0,0.041592912210315275,0.0,0.04169380444800347,0.41672601650789975,3.466752136888553e-7
8.636763924258708e-6,9.516283574277683e-6,0.000018706573788825552,0.04167790929044902,0.0,0.37512896068366325,0.08317330287727703,8.636763924258708e-6,9.516283574277683e-6,0.000018706573788825552,0.04167790929044902,0.0,0.37512896068366325,0.08317330287727703
0.0,0.0,0.0,0.0,0.0,0.0,0.5000018178619499,0.0,0.0,0.0,0.0,0.0,0.0,0.5000018178619499
8.20854717205345e-6,8.263867530799405e-6,8.029277841815568e-6,7.458157433542036e-6,0.041671432458285924,0.45829978119500414,0.000016437650854599306,8.20854717205345e-6,8.263867530799405e-6,8.029277841815568e-6,7.458157433542036e-6,0.041671432458285924,0.45829978119500414,0.000016437650854599306
9.637951851837843e-7,0.00003411571439485547,0.04209603817770849,0.04142774413518132,0.00012257322275751597,0.4163260394846566,0.0,9.637951851837843e-7,0.00003411571439485547,0.04209603817770849,0.04142774413518132,0.00012257322275751597,0.4163260394846566,0.0
0.010780605225528067,0.012031485163922273,0.011142468915107019,0.03279743182337929,0.032513154990521397,0.36831925419514777,0.032470059972541605,0.010780605225528067,0.012031485163922273,0.011142468915107019,0.03279743182337929,0.032513154990521397,0.36831925419514777,0.032470059972541605
0.012150516228496428,0.012306533045482038,0.010617614666793316,0.03238289255392701,0.051225105072727616,0.3482200795746805,0.03316478500949678,0.012150516228496428,0.012306533045482038,0.010617614666793316,0.03238289255392701,0.051225105072727616,0.3482200795746805,0.03316478500949678
0.0,0.0,0.041096820534231845,8.347083176371386e-6,0.04166022690556724,0.3750073340261526,0.04232890233253783,0.0,0.0,0.041096820534231845,8.347083176371386e-6,0.04166022690556724,0.3750073340261526,0.04232890233253783
0.03226764160238657,0.032789768102444175,0.03271218160000516,0.03314009190839794,0.011789371462019424,0.3452612423119694,0.012077449175728125,0.03226764160238657,0.032789768102444175,0.03271218160000516,0.03314009190839794,0.011789371462019424,0.3452612423119694,0.012077449175728125
0.000051668016637735684,0.04184028181128309,0.04152130910062648,0.0001113322765766349,0.00003597150058875984,0.4164807439726806,3.649399711327371e-6,0.000051668016637735684,0.04184028181128309,0.04152130910062648,0.0001113322765766349,0.00003597150058875984,0.4164807439726806,3.649399711327371e-6
0.08335324672263039,0.041568944808819654,0.000041128032920370263,0.04160760143819305,0.0,0.33350359078706376,0.0,0.08335324672263039,0.041568944808819654,0.000041128032920370263,0.04160760143819305,0.0,0.33350359078706376,0.0
0.041467789074484236,0.0005231198936722191,4.6235318423243036e-7,0.041530074556252905,0.04167736979298936,0.3329464089370949,0.041929541904592416,0.041467789074484236,0.0005231198936722191,4.6235318423243036e-7,0.041530074556252905,0.04167736979298936,0.3329464089370949,0.041929541904592416
0.012258512405756828,0.012110740585418384,0.011245184108250183,0.012018859721040219,0.03356473054964647,0.40688487069237894,0.011962964934375927,0.012258512405756828,0.012110740585418384,0.011245184108250183,0.012018859721040219,0.03356473054964647,0.40688487069237894,0.011962964934375927
0.0006509763977815684,0.04165440937265063,0.041159138336566335,0.0419125049473818,0.00014896218788168307,0.3332139886898044,0.041262976676935695,0.0006509763977815684,0.04165440937265063,0.041159138336566335,0.0419125049473818,0.00014896218788168307,0.3332139886898044,0.041262976676935695
0.03304148979559179,0.011946983506860508,0.012365631732513427,0.033332025406756456,0.011726504555149035,0.38594000272791623,0.011689054941776217,0.03304148979559179,0.011946983506860508,0.012365631732513427,0.033332025406756456,0.011726504555149035,0.38594000272791623,0.011689054941776217
0.00001807759476177337,0.08329578949563228,0.0,0.0,0.041698173185733434,0.3332074253932845,0.041851681639521215,0.00001807759476177337,0.08329578949563228,0.0,0.0,0.041698173185733434,0.3332074253932845,0.041851681639521215
0.000036488392328460186,0.00003454378210768444,0.0000431307238915995,0.08346852825287714,0.08328425788015813,0.3331958868664553,0.0,0.000036488392328460186,0.00003454378210768444,0.0000431307238915995,0.08346852825287714,0.08328425788015813,0.3331958868664553,0.0
0.08323179345888561,0.0,0.08342927522814982,1.6801804199016926e-9,0.0,0.33338481768901146,2.0037311227036953e-7,0.08323179345888561,0.0,0.08342927522814982,1.6801804199016926e-9,0.0,0.33338481768901146,2.0037311227036953e-7
0.0,0.0,0.0,0.1248614461145305,2.947647739240764e-6,0.3330796872635695,0.04207270324684356,0.0,0.0,0.0,0.1248614461145305,2.947647739240764e-6,0.3330796872635695,0.04207270324684356
0.01226969961680262,0.03238586542547474,0.03297205166083171,0.05360827332564496,0.011524893223952708,0.3458369878579813,0.011559127541471355,0.01226969961680262,0.03238586542547474,0.03297205166083171,0.05360827332564496,0.011524893223952708,0.3458369878579813,0.011559127541471355
0.08316765965726593,0.0,7.33026616351185e-7,0.04175599487582387,0.04167554903301167,0.3335481735699119,1.925765570460489e-8,0.08316765965726593,0.0,7.33026616351185e-7,0.04175599487582387,0.04167554903301167,0.3335481735699119,1.925765570460489e-8
8.481283112463054e-6,0.000018197732493318847,0.04172164674485623,1.1699495962694754e-6,0.00008899108549313357,0.45824265499129374,0.0,8.481283112463054e-6,0.000018197732493318847,0.04172164674485623,1.1699495962694754e-6,0.00008899108549313357,0.45824265499129374,0.0
0.0,0.0,0.08317312281839022,0.04237527723751616,0.0001255982271552159,0.3328413984102797,0.0415338530997469,0.0,0.0,0.08317312281839022,0.04237527723751616,0.0001255982271552159,0.3328413984102797,0.0415338530997469
0.011783016317543282,0.012228112168740158,0.033088007554780904,0.01223590156064351,0.032840288360019995,0.38785890307341125,0.011792651887000924,0.011783016317543282,0.012228112168740158,0.033088007554780904,0.01223590156064351,0.032840288360019995,0.38785890307341125,0.011792651887000924
0.0,0.04181263619742733,0.0,0.04167105755795546,0.0832660746248536,0.3333949847424964,0.0,0.0,0.04181263619742733,0.0,0.04167105755795546,0.0832660746248536,0.3333949847424964,0.0
0.03157778642672573,0.011478844436753883,0.031117274815453073,0.01131190941902067,0.011281071204098216,0.3497272919213999,0.05355849702000454,0.03157778642672573,0.011478844436753883,0.031117274815453073,0.01131190941902067,0.011281071204098216,0.3497272919213999,0.05355849702000454
0.0,0.0,0.04178689620078842,0.0,0.0001510663106517224,0.37470122083520213,0.0833683419915326,0.0,0.0,0.04178689620078842,0.0,0.0001510663106517224,0.37470122083520213,0.0833683419915326
0.012498112550122491,0.05347289603993012,0.011356774654544401,0.012537127286075372,0.011945858990276318,0.38622163924117975,0.01202052858557688,0.012498112550122491,0.05347289603993012,0.011356774654544401,0.012537127286075372,0.011945858990276318,0.38622163924117975,0.01202052858557688
0.00001810839746882976,0.04190758133432867,2.2870929173270797e-7,0.04146534070948323,0.0417357377193024,0.3330046433624845,0.04191444179650018,0.00001810839746882976,0.04190758133432867,2.2870929173270797e-7,0.04146534070948323,0.0417357377193024,0.3330046433624845,0.04191444179650018
0.011221716272795204,0.011290193167830427,0.031990601610199114,0.05366895278684668,0.032853537161466835,0.3483347595943784,0.010718218531595988,0.011221716272795204,0.011290193167830427,0.031990601610199114,0.05366895278684668,0.032853537161466835,0.3483347595943784,0.010718218531595988
0.032078000694827156,0.03293809225513009,0.01119794186357861,0.03301716891099717,0.033317700844586684,0.34504747915851025,0.012440846782111818,0.032078000694827156,0.03293809225513009,0.01119794186357861,0.03301716891099717,0.033317700844586684,0.34504747915851025,0.012440846782111818
0.012698072956170897,0.032311052567319865,0.011472448566860728,0.01281409403870016,0.07403293632298598,0.34437553104565816,0.012333306160478053,0.012698072956170897,0.032311052567319865,0.011472448566860728,0.01281409403870016,0.07403293632298598,0.34437553104565816,0.012333306160478053
0.010774809790751289,0.03389347770296269,0.012454240570592903,0.011584914830807428,0.01183912695241624,0.3640521306864173,0.055537902185144046,0.010774809790751289,0.03389347770296269,0.012454240570592903,0.011584914830807428,0.01183912695241624,0.3640521306864173,0.055537902185144046
0.0,0.0,0.0,0.12492729782041853,0.0,0.3751068010584131,0.0,0.0,0.0,0.0,0.12492729782041853,0.0,0.3751068010584131,0.0
0.012147053974358165,0.03144673377660372,0.010968012824624713,0.03157683523754584,0.031834676508500664,0.34906182670520763,0.03302331475177674,0.012147053974358165,0.03144673377660372,0.010968012824624713,0.03157683523754584,0.031834676508500664,0.34906182670520763,0.03302331475177674
0.03214530437776169,0.010767040495523371,0.05332567597397139,0.03435101583398513,0.012211336616761005,0.3451021086400885,0.01210897669568408,0.03214530437776169,0.010767040495523371,0.05332567597397139,0.03435101583398513,0.012211336616761005,0.3451021086400885,0.01210897669568408
0.0,0.04176435857917532,0.0001526199990142035,0.041609591708661,0.0,0.41651279264739094,7.215803106400414e-7,0.0,0.04176435857917532,0.0001526199990142035,0.041609591708661,0.0,0.41651279264739094,7.215803106400414e-7
0.03377015567412669,0.012168598849502032,0.011919019002306514,0.010353622548995913,0.011465140628986724,0.3873018791946777,0.03323417204865033,0.03377015567412669,0.012168598849502032,0.011919019002306514,0.010353622548995913,0.011465140628986724,0.3873018791946777,0.03323417204865033
0.08303220887695663,0.0,0.0,0.0,0.04159336678752803,0.37541128487271075,8.245462273452661e-6,0.08303220887695663,0.0,0.0,0.0,0.04159336678752803,0.37541128487271075,8.245462273452661e-6
0.033234999112119405,0.01288074004591646,0.033481912024710785,0.05228531966883184,0.012656729876219961,0.3433849749733445,0.012164196757493804,0.033234999112119405,0.01288074004591646,0.033481912024710785,0.05228531966883184,0.012656729876219961,0.3433849749733445,0.012164196757493804
0.0002425379092762931,0.04167203621325562,0.00015495135648234293,0.00021584445672005173,0.0006506123854834932,0.3322980687295248,0.12482026274800484,0.0002425379092762931,0.04167203621325562,0.00015495135648234293,0.00021584445672005173,0.0006506123854834932,0.3322980687295248,0.12482026274800484
0.011538641992492821,0.052974536873268176,0.033014210760021846,0.011003884264583545,0.0339248286591642,0.34602299309175233,0.011597617008727155,0.011538641992492821,0.052974536873268176,0.033014210760021846,0.011003884264583545,0.0339248286591642,0.34602299309175233,0.011597617008727155
0.00003081582348480448,0.08339902062562111,0.041887718555662035,5.502871287821149e-6,0.04092622213097814,0.333643661478307,0.00013002226120782686,0.00003081582348480448,0.08339902062562111,0.041887718555662035,5.502871287821149e-6,0.04092622213097814,0.333643661478307,0.00013002226120782686
0.04181463808072392,0.0,0.000029429248176523178,0.08339702665067278,0.00011244279326123641,0.3746893841732073,0.0,0.04181463808072392,0.0,0.000029429248176523178,0.08339702665067278,0.00011244279326123641,0.3746893841732073,0.0
0.011971147953796906,0.011522919137887994,0.011657828123965815,0.032785556044127015,0.07311738800095317,0.3467774184208515,0.012179550898620094,0.011971147953796906,0.011522919137887994,0.011657828123965815,0.032785556044127015,0.07311738800095317,0.3467774184208515,0.012179550898620094
0.0558706265403977,0.010134436715453096,0.011100457794340244,0.05247342796679786,0.011898180337348536,0.34641241809728107,0.012177842257305733,0.0558706265403977,0.010134436715453096,0.011100457794340244,0.05247342796679786,0.011898180337348536,0.34641241809728107,0.012177842257305733
0.08334007364332637,0.041377507195831054,0.041492244623693254,0.00043860296517079546,0.0,0.33337037987471596,0.0,0.08334007364332637,0.041377507195831054,0.041492244623693254,0.00043860296517079546,0.0,0.33337037987471596,0.0
0.05476078855652904,0.03038620602470985,0.01098782072400427,0.010324769861713235,0.010607392647688122,0.3513117601674675,0.03170469406000747,0.05476078855652904,0.03038620602470985,0.01098782072400427,0.010324769861713235,0.010607392647688122,0.3513117601674675,0.03170469406000747
7.143703556112873e-8,0.042185555453522525,0.000011457339833605416,3.50711344661584e-10,0.12468680028682229,0.3331422300410351,4.047929478022344e-8,7.143703556112873e-8,0.042185555453522525,0.000011457339833605416,3.50711344661584e-10,0.12468680028682229,0.3331422300410351,4.047929478022344e-8
0.0000839983133602809,0.041400326694045884,0.0,0.1252654996791033,9.69839379072833e-8,0.333306546077992,3.418493866036612e-7,0.0000839983133602809,0.041400326694045884,0.0,0.1252654996791033,9.69839379072833e-8,0.333306546077992,3.418493866036612e-7
0.0,0.08341060563684732,0.000023338750281549958,1.8189719402109147e-6,0.0002908312767992332,0.37485802035408894,0.041516159112838597,0.0,0.08341060563684732,0.000023338750281549958,1.8189719402109147e-6,0.0002908312767992332,0.37485802035408894,0.041516159112838597
0.00012220696969679395,0.0001490388357717891,0.0001658881784701015,0.0419514202701741,0.0005712435101190375,0.33233457421471996,0.12476956472409129,0.00012220696969679395,0.0001490388357717891,0.0001658881784701015,0.0419514202701741,0.0005712435101190375,0.33233457421471996,0.12476956472409129
0.0003841517694639107,0.0003699032650938616,0.04225041914476078,0.00003767720257194806,0.08266232804517379,0.33302669493993864,0.04128363906543334,0.0003841517694639107,0.0003699032650938616,0.04225041914476078,0.00003767720257194806,0.08266232804517379,0.33302669493993864,0.04128363906543334
0.041276110884409016,0.12492154617116158,0.0,0.0,0.0004849360288481335,0.33332763075033783,0.0,0.041276110884409016,0.12492154617116158,0.0,0.0,0.0004849360288481335,0.33332763075033783,0.0
0.011359978660048772,0.010938363079514683,0.011486530132109424,0.011405470322165816,0.011591783355877381,0.3895791028236565,0.0538534768345512,0.011359978660048772,0.010938363079514683,0.011486530132109424,0.011405470322165816,0.011591783355877381,0.3895791028236565,0.0538534768345512
0.0000161707830851991,0.08314665015022263,0.00025139984072515754,0.041889703066851955,0.0,0.3328884172892327,0.04181413111235767,0.0000161707830851991,0.08314665015022263,0.00025139984072515754,0.041889703066851955,0.0,0.3328884172892327,0.04181413111235767
0.011807802639894758,0.012914631757707698,0.03322045209705774,0.07384318316999779,0.011991198837875548,0.34514188487900044,0.011154944327012766,0.011807802639894758,0.012914631757707698,0.03322045209705774,0.07384318316999779,0.011991198837875548,0.34514188487900044,0.011154944327012766
0.0,0.0,0.04169311694905268,0.08306481112147826,0.04168510941010426,0.33362487897493537,0.0,0.0,0.0,0.04169311694905268,0.08306481112147826,0.04168510941010426,0.33362487897493537,0.0
0.04192073773236137,0.00029082069579535233,0.04180053604776752,0.00011965049169820033,0.0003641180989358297,0.3331069381135962,0.0825529610212936,0.04192073773236137,0.00029082069579535233,0.04180053604776752,0.00011965049169820033,0.0003641180989358297,0.3331069381135962,0.0825529610212936
0.04178467577740665,0.00023277074122924512,0.042027756952119785,0.04220297738284372,0.00025868245042709735,0.33231677993791386,0.04121840007488764,0.04178467577740665,0.00023277074122924512,0.042027756952119785,0.04220297738284372,0.00025868245042709735,0.33231677993791386,0.04121840007488764
0.012243010351265859,0.05281138365601846,0.011198981322533127,0.01205819865259486,0.012963051373431525,0.3447250585039616,0.054046768605357884,0.012243010351265859,0.05281138365601846,0.011198981322533127,0.01205819865259486,0.012963051373431525,0.3447250585039616,0.054046768605357884
0.013639299442965009,0.05277956348736983,0.034209237665986755,0.011540448530467094,0.012972877540708479,0.36274747196748997,0.012152377825795539,0.013639299442965009,0.05277956348736983,0.034209237665986755,0.011540448530467094,0.012972877540708479,0.36274747196748997,0.012152377825795539
0.013713095040029039,0.053096997670174874,0.010394981820435894,0.010496205820441045,0.05399797935309356,0.34671375297405593,0.011695096348700274,0.013713095040029039,0.053096997670174874,0.010394981820435894,0.010496205820441045,0.05399797935309356,0.34671375297405593,0.011695096348700274
0.04161383132685144,0.0002120203275749148,0.00003446270176724336,0.04151899071663886,0.0,0.3332574041827136,0.08347951107030595,0.04161383132685144,0.0002120203275749148,0.00003446270176724336,0.04151899071663886,0.0,0.3332574041827136,0.08347951107030595
0.00003021629202409955,0.041795693178408276,0.0,0.0,0.0002286092623738619,0.3746851620114583,0.08327853000100277,0.00003021629202409955,0.041795693178408276,0.0,0.0,0.0002286092623738619,0.3746851620114583,0.08327853000100277
0.03183363225097324,0.010238215921688037,0.011199390586959202,0.03057911634010398,0.011124984642727485,0.35166848764850456,0.05336378867020305,0.03183363225097324,0.010238215921688037,0.011199390586959202,0.03057911634010398,0.011124984642727485,0.35166848764850456,0.05336378867020305
0.0420526983310307,0.0003460584040894448,0.08314624871841375,0.0,0.0002726247608142847,0.3741941023275676,0.0,0.0420526983310307,0.0003460584040894448,0.08314624871841375,0.0,0.0002726247608142847,0.3741941023275676,0.0
0.0,0.0,0.041404755911300224,0.0,0.04195660052710534,0.3334283171990002,0.08327777087012868,0.0,0.0,0.041404755911300224,0.0,0.04195660052710534,0.3334283171990002,0.08327777087012868
0.041774159188761636,0.0,0.00003992772676291041,0.04165674717299608,0.08340952952969598,0.3331619269171944,0.000040540854869136724,0.041774159188761636,0.0,0.00003992772676291041,0.04165674717299608,0.08340952952969598,0.3331619269171944,0.000040540854869136724
0.05332235039814179,0.011756501178567308,0.03306748972535476,0.03316128813809321,0.011528786201247834,0.3459021148166242,0.011358114121199234,0.05332235039814179,0.011756501178567308,0.03306748972535476,0.03316128813809321,0.011528786201247834,0.3459021148166242,0.011358114121199234
0.011395451755155975,0.03195401603580383,0.0532004122823809,0.03456521846232298,0.011342077858434127,0.34531346150709114,0.012474224718369441,0.011395451755155975,0.03195401603580383,0.0532004122823809,0.03456521846232298,0.011342077858434127,0.34531346150709114,0.012474224718369441
0.014343972496487426,0.041349368472041105,0.04059130871414173,0.04569247013507728,0.0010555104689646008,0.34540541735747426,0.01161770799072259,0.014343972496487426,0.041349368472041105,0.04059130871414173,0.04569247013507728,0.0010555104689646008,0.34540541735747426,0.01161770799072259
