f_1,f_2,f_3,f_4,f_5,f_6,f_7,f_1_min,f_2_min,f_3_min,f_4_min,f_5_min,f_6_min,f_7_min
0.0013769904634766648,0.003707125750059323,0.003576252442715571,0.0013667569589143468,0.0013754715599599153,0.001348144114102271,13.986960121037793,0.0013769904634766648,0.003707125750059323,0.003576252442715571,0.0013667569589143468,0.0013754715599599153,0.001348144114102271,13.986960121037793
0.0,0.0,0.0,0.014018277465331467,0.004493116726325885,2.4736891027884313e-7,13.979480303753357,0.0,0.0,0.0,0.014018277465331467,0.004493116726325885,2.4736891027884313e-7,13.979480303753357
0.013697800563074413,0.004526316163619495,0.0,2.7353082312050246e-9,0.0,0.0,13.979838005760026,0.013697800563074413,0.004526316163619495,0.0,2.7353082312050246e-9,0.0,0.0,13.979838005760026
0.0013037358053507523,0.003598867279073872,0.0013237527629314265,0.0013077813365838288,0.006046488570594855,0.0004868655184726437,13.985477812167385,0.0013037358053507523,0.003598867279073872,0.0013237527629314265,0.0013077813365838288,0.006046488570594855,0.0004868655184726437,13.985477812167385
0.0014012432851254366,0.003504643244501251,0.0012778195278861947,0.0013706105164106915,0.0013375688266106856,0.00048236076833820495,13.990480213245858,0.0014012432851254366,0.003504643244501251,0.0012778195278861947,0.0013706105164106915,0.0013375688266106856,0.00048236076833820495,13.990480213245858
0.003657160037878843,0.005962751733363466,0.0013634956250864413,0.001330072279973008,0.0036684112532954206,0.0004665897719655064,13.982960187601755,0.003657160037878843,0.005962751733363466,0.0013634956250864413,0.001330072279973008,0.0036684112532954206,0.0004665897719655064,13.982960187601755
0.0012767483804238203,0.0012953330882774922,0.0036273965112793433,0.0013843902688072387,0.001358557378024542,0.0004803984538042858,13.990432729042256,0.0012767483804238203,0.0012953330882774922,0.0036273965112793433,0.0013843902688072387,0.001358557378024542,0.0004803984538042858,13.990432729042256
0.004640398297619812,0.000023448361754435133,0.000024843297305090092,0.004671092283671128,0.004640682313125044,0.0,13.98542616791812,0.004640398297619812,0.000023448361754435133,0.000024843297305090092,0.004671092283671128,0.004640682313125044,0.0,13.98542616791812
0.0013294389791500367,0.0013118721422482379,0.0013622900339747526,0.005944444277729479,0.0013501309162631332,0.0004960053733156669,13.987851800089215,0.0013294389791500367,0.0013118721422482379,0.0013622900339747526,0.005944444277729479,0.0013501309162631332,0.0004960053733156669,13.987851800089215
0.0013769904634766648,0.003707125750059323,0.003576252442715571,0.0013872414297875198,0.0036685223219508215,0.0013748338534062903,13.984533340714462,0.0013769904634766648,0.003707125750059323,0.003576252442715571,0.0013872414297875198,0.0036685223219508215,0.0013748338534062903,13.984533340714462
0.003649635489497167,0.001259861187984458,0.0013631498283116822,0.0013297129778160497,0.005974334832350601,0.001373807431109359,13.984561948702556,0.003649635489497167,0.001259861187984458,0.0013631498283116822,0.0013297129778160497,0.005974334832350601,0.001373807431109359,13.984561948702556
0.001212585674690792,0.0012943224529530038,0.0036857464201597743,0.006004436343798116,0.0013207763339229432,0.0013687802633619306,13.984641962553743,0.001212585674690792,0.0012943224529530038,0.0036857464201597743,0.006004436343798116,0.0013207763339229432,0.0013687802633619306,13.984641962553743
0.005773077086006386,0.001336025320899948,0.0012973551407350183,0.001333717888747854,0.0013189401656791518,0.0022389380009709505,13.986692482981185,0.005773077086006386,0.001336025320899948,0.0012973551407350183,0.001333717888747854,0.0013189401656791518,0.0022389380009709505,13.986692482981185
0.004623189419986932,3.972333084551374e-8,0.009227310203747806,0.00020441533892659805,0.0,0.0017315110127069568,13.983200501212021,0.004623189419986932,3.972333084551374e-8,0.009227310203747806,0.00020441533892659805,0.0,0.0017315110127069568,13.983200501212021
0.0013545482317171048,0.0013140187695525486,0.0013041424273435881,0.001347403911264592,0.005947072591666444,0.0004988977257318864,13.987863279684516,0.0013545482317171048,0.0013140187695525486,0.0013041424273435881,0.001347403911264592,0.005947072591666444,0.0004988977257318864,13.987863279684516
0.0093011196656362,0.0,0.0,0.004606910845737406,9.450388717764171e-7,0.0017100152724722575,13.9833792903212,0.0093011196656362,0.0,0.0,0.004606910845737406,9.450388717764171e-7,0.0017100152724722575,13.9833792903212
0.0013537067021861995,0.0012324663492449348,0.001309143317637583,0.010799920729941907,0.0012077063159737535,0.0004805684605505836,13.982536531010103,0.0013537067021861995,0.0012324663492449348,0.001309143317637583,0.010799920729941907,0.0012077063159737535,0.0004805684605505836,13.982536531010103
0.001352466997122591,0.001314081717778479,0.0013500964632332559,0.00838236024410597,0.003685526384433171,0.0004899893621967291,13.982648499829178,0.001352466997122591,0.001314081717778479,0.0013500964632332559,0.00838236024410597,0.003685526384433171,0.0004899893621967291,13.982648499829178
0.0013910730004806828,0.0013195748051054862,0.0012775265735219805,0.004293873353086081,0.001303614580940228,0.0030780214813017864,13.987049928969277,0.0013910730004806828,0.0013195748051054862,0.0012775265735219805,0.004293873353086081,0.001303614580940228,0.0030780214813017864,13.987049928969277
0.00127021580957665,0.0013365263343396829,0.0013025919255757158,0.0035792020927853992,0.006006217399695967,0.0005013896549086552,13.985537975170022,0.00127021580957665,0.0013365263343396829,0.0013025919255757158,0.0035792020927853992,0.006006217399695967,0.0005013896549086552,13.985537975170022
7.220587368251481e-6,0.00929484316449593,0.0,1.9163081659717175e-7,0.00013675520182912347,0.003477477941773004,13.986178003849117,7.220587368251481e-6,0.00929484316449593,0.0,1.9163081659717175e-7,0.00013675520182912347,0.003477477941773004,13.986178003849117
0.0013174312175094076,0.0036420281858949594,0.0013761458674441571,0.0036610519447994507,0.001304151690517832,0.002280267509831494,13.986132906669503,0.0013174312175094076,0.0036420281858949594,0.0013761458674441571,0.0036610519447994507,0.001304151690517832,0.002280267509831494,13.986132906669503
0.0013272955071458366,0.0012542232010134312,0.010666004246105566,0.0013257333775427375,0.0013365754740294715,0.0004923802700795562,13.982507278179234,0.0013272955071458366,0.0012542232010134312,0.010666004246105566,0.0013257333775427375,0.0013365754740294715,0.0004923802700795562,13.982507278179234
0.0,0.00461730997694298,0.004586851657476781,0.0,2.235272646584827e-7,0.0,13.99042887619036,0.0,0.00461730997694298,0.004586851657476781,0.0,2.235272646584827e-7,0.0,13.99042887619036
0.0035986450746220092,0.00133360097367445,0.005971770969082835,0.0013412895459754362,0.0013030130101725683,0.001416450999782514,13.984537810223037,0.0035986450746220092,0.00133360097367445,0.005971770969082835,0.0013412895459754362,0.0013030130101725683,0.001416450999782514,13.984537810223037
0.00368143681802,0.0012559930031273842,0.00136348780289665,0.0036441790029984487,0.0036145937602694647,0.0005004367190995173,13.985556510802763,0.00368143681802,0.0012559930031273842,0.00136348780289665,0.0036441790029984487,0.0036145937602694647,0.0005004367190995173,13.985556510802763
0.009265651079630512,0.004552612732203811,1.5555180199180063e-7,0.0,3.977215865928925e-6,2.3615124326805444e-9,13.98754267153092,0.009265651079630512,0.004552612732203811,1.5555180199180063e-7,0.0,3.977215865928925e-6,2.3615124326805444e-9,13.98754267153092
0.0013528487143948343,0.00595200141687219,0.003707498644330426,0.0013401165418159403,0.0013339485283463625,0.0004961324169257962,13.98534970476087,0.0013528487143948343,0.00595200141687219,0.003707498644330426,0.0013401165418159403,0.0013339485283463625,0.0004961324169257962,13.98534970476087
0.0,1.0325798280989116e-8,0.004617332891133532,0.004632243068778703,0.004632850038282846,1.301604339067064e-9,13.985551516319763,0.0,1.0325798280989116e-8,0.004617332891133532,0.004632243068778703,0.004632850038282846,1.301604339067064e-9,13.985551516319763
0.004628247209391055,0.0,3.6135332070583344e-6,0.009319938049023055,6.710666173976275e-7,0.00005551879026248615,13.985010221871306,0.004628247209391055,0.0,3.6135332070583344e-6,0.009319938049023055,6.710666173976275e-7,0.00005551879026248615,13.985010221871306
0.000013066810858849628,0.004557624269058249,0.000017363275342534637,0.009300122968217504,0.000021971426955699064,6.303493058911771e-6,13.985126830384868,0.000013066810858849628,0.004557624269058249,0.000017363275342534637,0.009300122968217504,0.000021971426955699064,6.303493058911771e-6,13.985126830384868
0.003597689853132889,0.0013044962333020275,0.0013536435623792572,0.0013154069406253275,0.008317433489218692,0.0005004607066045534,13.982823780170742,0.003597689853132889,0.0013044962333020275,0.0013536435623792572,0.0013154069406253275,0.008317433489218692,0.0005004607066045534,13.982823780170742
0.004636224576356117,0.0,0.00002534304091762231,0.0046135608166109005,0.0,0.003506236198765972,13.986723615279788,0.004636224576356117,0.0,0.00002534304091762231,0.0046135608166109005,0.0,0.003506236198765972,13.986723615279788
0.00003127739669856952,0.0,0.0,0.00467276508964287,0.0046176200151274655,0.0017288046015750695,13.988543861852293,0.00003127739669856952,0.0,0.0,0.00467276508964287,0.0046176200151274655,0.0017288046015750695,13.988543861852293
0.0035893935251247898,0.0013142197503381856,0.0013474649470044996,0.0013472497666976873,0.0036659149548579077,0.0013950331876218009,13.987093518105008,0.0035893935251247898,0.0013142197503381856,0.0013474649470044996,0.0013472497666976873,0.0036659149548579077,0.0013950331876218009,13.987093518105008
0.8591182108144053,0.09518258029761772,0.09224430193284841,0.0953947399775537,0.09611546873940456,0.001665328438959006,11.631238400031938,0.8591182108144053,0.09518258029761772,0.09224430193284841,0.0953947399775537,0.09611546873940456,0.001665328438959006,11.631238400031938
2.7166107502549245e-6,0.004660616657282573,0.004622076459595498,0.004605151750730419,0.004686551727015589,1.301604339067064e-9,13.980678453990919,2.7166107502549245e-6,0.004660616657282573,0.004622076459595498,0.004605151750730419,0.004686551727015589,1.301604339067064e-9,13.980678453990919
0.00361675881688317,0.0013698031896194843,0.0013052105795254318,0.0013105825594202569,0.0036778903987652748,0.002206680622705838,13.986212376587657,0.00361675881688317,0.0013698031896194843,0.0013052105795254318,0.0013105825594202569,0.0036778903987652748,0.002206680622705838,13.986212376587657
0.0,0.000016227876806902337,0.0,0.0,0.004608125301826936,0.003499794908653409,13.991638124605455,0.0,0.000016227876806902337,0.0,0.0,0.004608125301826936,0.003499794908653409,13.991638124605455
0.0013535778078387975,0.005965963870301889,0.0012851547141001696,0.0013393848050665847,0.00357888902516193,0.0005002077399868503,13.98552157965853,0.0013535778078387975,0.005965963870301889,0.0012851547141001696,0.0013393848050665847,0.00357888902516193,0.0005002077399868503,13.98552157965853
0.0012519232103393508,0.005934217752687598,0.0013063538892469214,0.0013283445044093177,0.0037001886885750816,0.0013687485496210175,13.98462897782705,0.0012519232103393508,0.005934217752687598,0.0013063538892469214,0.0013283445044093177,0.0037001886885750816,0.0013687485496210175,13.98462897782705
2.2145123013302126e-7,0.0,0.004689545581251434,0.0,0.0046265197052818025,0.001703718453181934,13.988577076762036,2.2145123013302126e-7,0.0,0.004689545581251434,0.0,0.0046265197052818025,0.001703718453181934,13.988577076762036
0.00004534571272102545,0.0,0.000024260766159509176,0.0,0.004542195879581826,0.0,13.995216886003423,0.00004534571272102545,0.0,0.000024260766159509176,0.0,0.004542195879581826,0.0,13.995216886003423
0.0,0.013917706574836809,0.0,0.0045562492870014,0.0000428096888278798,1.2267490743392032e-6,13.979509973641761,0.0,0.013917706574836809,0.0,0.0045562492870014,0.0000428096888278798,1.2267490743392032e-6,13.979509973641761
0.00004249620858250147,0.00012089629963232817,0.004616917890110889,0.009355318825959785,0.0045787328861051696,0.0,13.980108590924752,0.00004249620858250147,0.00012089629963232817,0.004616917890110889,0.009355318825959785,0.0045787328861051696,0.0,13.980108590924752
3.791723267789394e-8,0.0001243235374830112,0.0045802165190591965,0.009313980627792286,0.0,1.2296499670404193e-7,13.985011574239396,3.791723267789394e-8,0.0001243235374830112,0.0045802165190591965,0.009313980627792286,0.0,1.2296499670404193e-7,13.985011574239396
1.0209449192305486e-8,0.004628977601454818,0.00009497172430569779,0.009337020596504951,0.000016300024945971097,0.0017553462034482418,13.983156932655676,1.0209449192305486e-8,0.004628977601454818,0.00009497172430569779,0.009337020596504951,0.000016300024945971097,0.0017553462034482418,13.983156932655676
0.0046009010205109,0.00001878697520884422,0.0000307545061837616,0.00006899183121093202,0.014225658966902931,0.0,13.978972038644967,0.0046009010205109,0.00001878697520884422,0.0000307545061837616,0.00006899183121093202,0.014225658966902931,0.0,13.978972038644967
0.09414054799089089,0.09628767673577357,0.8607733952596907,0.09925378186921369,0.10055578841356268,0.001789242054433975,11.604648236194462,0.09414054799089089,0.09628767673577357,0.8607733952596907,0.09925378186921369,0.10055578841356268,0.001789242054433975,11.604648236194462
0.004596818530918013,0.0,0.0,0.0,0.0,0.0,13.995235773777432,0.004596818530918013,0.0,0.0,0.0,0.0,0.0,13.995235773777432
5.054903390503459e-6,0.0,0.01406248728079872,0.0,0.004653475917973032,0.0,13.979256312342269,5.054903390503459e-6,0.0,0.01406248728079872,0.0,0.004653475917973032,0.0,13.979256312342269
0.0,0.0,0.004692090604917827,0.0,0.013916864952153652,2.7764239225567945e-6,13.97939135490769,0.0,0.0,0.004692090604917827,0.0,0.013916864952153652,2.7764239225567945e-6,13.97939135490769
0.0035896661063609427,0.0013143364993729156,0.003688807654531364,0.0013468988202541812,0.003638704712012302,0.0005072724873162427,13.985562065306409,0.0035896661063609427,0.0013143364993729156,0.003688807654531364,0.0013468988202541812,0.003638704712012302,0.0005072724873162427,13.985562065306409
0.0,0.0,0.0,0.004643057551239145,0.013900487959300118,0.0,13.979466020108381,0.0,0.0,0.0,0.004643057551239145,0.013900487959300118,0.0,13.979466020108381
0.004580002639568135,0.004737292719588932,0.00002606472738778641,0.00001259785564347844,0.0000230687078966355,0.0017247283919803581,13.988536660397981,0.004580002639568135,0.004737292719588932,0.00002606472738778641,0.00001259785564347844,0.0000230687078966355,0.0017247283919803581,13.988536660397981
0.0,0.0,0.004685950284919386,0.0046702741004414385,0.009270276039025372,0.0,13.98016476159288,0.0,0.0,0.004685950284919386,0.0046702741004414385,0.009270276039025372,0.0,13.98016476159288
0.0012767483804238203,0.0012953330882774922,0.0036317440981852036,0.0013843902688072385,0.001358557378024542,0.0013740669632160123,13.989509857225165,0.0012767483804238203,0.0012953330882774922,0.0036317440981852036,0.0013843902688072385,0.001358557378024542,0.0013740669632160123,13.989509857225165
0.0,5.065438761773285e-6,0.009248211213623927,0.0093674730311443,0.0,0.0,13.979783368352408,0.0,5.065438761773285e-6,0.009248211213623927,0.0093674730311443,0.0,0.0,13.979783368352408
0.0013340966664519478,0.0013195748051054862,0.001340917622713455,0.0036207754561347408,0.0013271549147703427,0.0004912355210020022,13.990410182280161,0.0013340966664519478,0.0013195748051054862,0.001340917622713455,0.0036207754561347408,0.0013271549147703427,0.0004912355210020022,13.990410182280161
0.001296152942701731,0.0013530267096176218,0.0036408173246494924,0.0013276989067827621,0.006006217399695965,0.0005183145505840417,13.985396564245058,0.001296152942701731,0.0013530267096176218,0.0036408173246494924,0.0013276989067827621,0.006006217399695965,0.0005183145505840417,13.985396564245058
0.004596604783892885,0.004595758057108813,0.0,0.0,0.009325999407822598,0.0,13.980295318977323,0.004596604783892885,0.004595758057108813,0.0,0.0,0.009325999407822598,0.0,13.980295318977323
0.0013574954404467158,0.0013852583387375125,0.0013027165936447638,0.0013842692999979798,0.0036407501802719865,0.0022877876456952814,13.988456587160178,0.0013574954404467158,0.0013852583387375125,0.0013027165936447638,0.0013842692999979798,0.0036407501802719865,0.0022877876456952814,13.988456587160178
0.0036346657305896682,0.0012806169495105015,0.0013307958317978488,0.0012628309902873048,0.0013655205299290258,0.0013844590104180536,13.9895962172099,0.0036346657305896682,0.0012806169495105015,0.0013307958317978488,0.0012628309902873048,0.0013655205299290258,0.0013844590104180536,13.9895962172099
0.0013521023165960755,0.0013360530703224699,0.00357623067670131,0.001359246832018764,0.0013466289461150534,0.0031007487886885333,13.9876938850846,0.0013521023165960755,0.0013360530703224699,0.00357623067670131,0.001359246832018764,0.0013466289461150534,0.0031007487886885333,13.9876938850846
0.0013272259574198617,0.001314081717778479,0.0012758428425750576,0.008762346067092898,0.0012758777228024866,0.0013862622161559589,13.984129085614274,0.0013272259574198617,0.001314081717778479,0.0012758428425750576,0.008762346067092898,0.0012758777228024866,0.0013862622161559589,13.984129085614274
0.009410677466178376,0.0,0.009248211213623927,0.0,0.0,6.6257448767241215e-12,13.979725852145826,0.009410677466178376,0.0,0.009248211213623927,0.0,0.0,6.6257448767241215e-12,13.979725852145826
0.0013281315874081275,0.0036346472276532105,0.0013443960890533503,0.0013230883010181059,0.00604153695707269,0.0013973011100904997,13.984450470553787,0.0013281315874081275,0.0036346472276532105,0.0013443960890533503,0.0013230883010181059,0.00604153695707269,0.0013973011100904997,13.984450470553787
0.0013177912313397412,0.0013349628280698246,0.0036426610489577508,0.00134774979224933,0.0013053694101089171,0.0022697402097029743,13.98860441090057,0.0013177912313397412,0.0013349628280698246,0.0036426610489577508,0.00134774979224933,0.0013053694101089171,0.0022697402097029743,13.98860441090057
0.0013826331418855808,0.0037377307954169483,0.0013049738256012658,0.0013474039112645918,0.003730845568452597,0.002255612120968399,13.985911323206434,0.0013826331418855808,0.0037377307954169483,0.0013049738256012658,0.0013474039112645918,0.003730845568452597,0.002255612120968399,13.985911323206434
0.0036119001127939824,0.0013903787768113054,0.0036260181805206396,0.003662208318986799,0.0013642485556730408,0.0004985857953989208,13.985483937464139,0.0036119001127939824,0.0013903787768113054,0.0036260181805206396,0.003662208318986799,0.0013642485556730408,0.0004985857953989208,13.985483937464139
0.0,0.004592036895966068,0.004630622702084192,0.0,0.0,0.0017197814627263786,13.988702207932837,0.0,0.004592036895966068,0.004630622702084192,0.0,0.0,0.0017197814627263786,13.988702207932837
0.0045799597325263085,0.004606221417953718,0.004540670781924006,0.000027318595709256363,0.0046348927883901455,6.626430107179059e-8,13.980842109092231,0.0045799597325263085,0.004606221417953718,0.004540670781924006,0.000027318595709256363,0.0046348927883901455,6.626430107179059e-8,13.980842109092231
0.005872670798768994,0.0013327203435095913,0.0012885890369770106,0.0013338212005854424,0.0013222176832723576,0.0004841595729020518,13.988004095221363,0.005872670798768994,0.0013327203435095913,0.0012885890369770106,0.0013338212005854424,0.0013222176832723576,0.0004841595729020518,13.988004095221363
0.00001895081411177875,0.0,0.004645894929996176,0.0,0.0,0.00525614469709048,13.989793305235418,0.00001895081411177875,0.0,0.004645894929996176,0.0,0.0,0.00525614469709048,13.989793305235418
0.0013504540577886515,0.003638087134130056,0.005984551722917076,0.0035861461903230743,0.0013029977914043762,0.0005087808733887666,13.983045870178476,0.0013504540577886515,0.003638087134130056,0.005984551722917076,0.0035861461903230743,0.0013029977914043762,0.0005087808733887666,13.983045870178476
0.0012761186956287383,0.0012991511596257101,0.001285288413177487,0.0013274438325789118,0.0036126359000762205,0.0013559016544768105,13.989684104135579,0.0012761186956287383,0.0012991511596257101,0.001285288413177487,0.0013274438325789118,0.0036126359000762205,0.0013559016544768105,13.989684104135579
0.004515457411745326,0.0,0.009192490121608108,0.0000370619816755461,0.0,0.000011915817905796947,13.9852932690186,0.004515457411745326,0.0,0.009192490121608108,0.0000370619816755461,0.0,0.000011915817905796947,13.9852932690186
0.00468454760938399,0.0,0.004655468018308964,0.004624654424546267,0.0,0.001738873146278055,13.983693349768838,0.00468454760938399,0.0,0.004655468018308964,0.004624654424546267,0.0,0.001738873146278055,13.983693349768838
0.0013322323776132367,0.003552176660661548,0.0013431071377887605,0.0035662690052981096,0.0036187505636234166,0.0013727823012652553,13.984834824344478,0.0013322323776132367,0.003552176660661548,0.0013431071377887605,0.0035662690052981096,0.0036187505636234166,0.0013727823012652553,13.984834824344478
0.003592101622474997,0.0057966548840503625,0.0013023453041614513,0.003575599615165808,0.0013763811301338346,0.0004796684656946013,13.988094535585773,0.003592101622474997,0.0057966548840503625,0.0013023453041614513,0.003575599615165808,0.0013763811301338346,0.0004796684656946013,13.988094535585773
0.001371946506012524,0.005952289253451166,0.001315582572885348,0.0013050272679364827,0.005971013241424188,0.0005013896549086552,13.9829240784006,0.001371946506012524,0.005952289253451166,0.001315582572885348,0.0013050272679364827,0.005971013241424188,0.0005013896549086552,13.9829240784006
0.0,0.009231629155296458,0.0,2.937268146492664e-6,0.004580989944924929,0.0017111404540770022,13.983518062620274,0.0,0.009231629155296458,0.0,2.937268146492664e-6,0.004580989944924929,0.0017111404540770022,13.983518062620274
0.004609628633375505,0.00008050512979414486,8.229497101791376e-7,0.0,0.004611717930729826,0.0035180846786795096,13.986678734064895,0.004609628633375505,0.00008050512979414486,8.229497101791376e-7,0.0,0.004611717930729826,0.0035180846786795096,13.986678734064895
0.001347930988233935,0.001347952264281694,0.005953898878444126,0.0013339984983842894,0.006101589212715665,0.0005021935628421173,13.982740379413617,0.001347930988233935,0.001347952264281694,0.005953898878444126,0.0013339984983842894,0.006101589212715665,0.0005021935628421173,13.982740379413617
0.0035379555285682644,0.0012868636709402188,0.005985000016161443,0.0036651592509791006,0.0013460375934549894,0.0004936798785984605,13.983110178022917,0.0035379555285682644,0.0012868636709402188,0.005985000016161443,0.0036651592509791006,0.0013460375934549894,0.0004936798785984605,13.983110178022917
0.0,0.0044774428763106645,0.009319783602842212,0.0,0.000030762052901254925,0.0016811692254952236,13.983516511003147,0.0,0.0044774428763106645,0.009319783602842212,0.0,0.000030762052901254925,0.0016811692254952236,13.983516511003147
0.0,0.004560324112244916,0.0,3.3139224470559554e-7,0.004802377276502345,0.003538424379372491,13.98816192846992,0.0,0.004560324112244916,0.0,3.3139224470559554e-7,0.004802377276502345,0.003538424379372491,13.98816192846992
0.009419336599183752,0.004707267494906899,7.410592299954104e-6,0.004570207744017814,1.3358828931941957e-8,6.668889822876029e-8,13.980086339067817,0.009419336599183752,0.004707267494906899,7.410592299954104e-6,0.004570207744017814,1.3358828931941957e-8,6.668889822876029e-8,13.980086339067817
0.0013215428350493788,0.0012861786454251673,0.0013555081380183217,0.00134774979224933,0.0036529169997509426,0.00048432191997460996,13.993691294863783,0.0013215428350493788,0.0012861786454251673,0.0013555081380183217,0.00134774979224933,0.0036529169997509426,0.00048432191997460996,13.993691294863783
1.9528568776308597e-7,0.0046805646493334315,0.0138858636006172,3.333828516439206e-7,0.000029638259402849546,1.2813791113244766e-9,13.979429825714758,1.9528568776308597e-7,0.0046805646493334315,0.0138858636006172,3.333828516439206e-7,0.000029638259402849546,1.2813791113244766e-9,13.979429825714758
0.004614193057730309,0.0059950548093520035,0.003727407590863666,0.0001822175432177113,0.0013496668208926952,0.0004930479225048949,13.982985658541569,0.004614193057730309,0.0059950548093520035,0.003727407590863666,0.0001822175432177113,0.0013496668208926952,0.0004930479225048949,13.982985658541569
0.0035652383122544967,0.0013903787768113057,0.0036260181805206396,0.006029256068977484,0.0013259737513204898,0.0004985857953989208,13.982990393681572,0.0035652383122544967,0.0013903787768113057,0.0036260181805206396,0.006029256068977484,0.0013259737513204898,0.0004985857953989208,13.982990393681572
0.0013338442265407304,0.001315285469051684,0.0036251867769034433,0.008389235347563525,0.0013719348652827133,0.0004906027117304124,13.982669019461834,0.0013338442265407304,0.001315285469051684,0.0036251867769034433,0.008389235347563525,0.0013719348652827133,0.0004906027117304124,13.982669019461834
0.0,0.0,0.0,0.013749338802781105,0.0,0.0017192619813238775,13.982770466552909,0.0,0.0,0.0,0.013749338802781105,0.0,0.0017192619813238775,13.982770466552909
0.003591953163021402,0.0012883407524218711,0.001350361390130157,0.003604722123771871,0.0012829281482707232,0.0022557834439082807,13.986336467900955,0.003591953163021402,0.0012883407524218711,0.001350361390130157,0.003604722123771871,0.0012829281482707232,0.0022557834439082807,13.986336467900955
3.681010078632574e-6,0.00006472399887346792,0.00003121192952500792,0.00458051809573827,0.0093542646869453,0.0,13.98496878509227,3.681010078632574e-6,0.00006472399887346792,0.00003121192952500792,0.00458051809573827,0.0093542646869453,0.0,13.98496878509227
0.0,0.0,0.00357273539904552,0.013929347775651742,0.000015087787271985016,1.7271239117762176e-7,13.980578435171015,0.0,0.0,0.00357273539904552,0.013929347775651742,0.000015087787271985016,1.7271239117762176e-7,13.980578435171015
0.00001788815380155415,0.0,0.00906255399681571,0.004608167366171145,1.642824000021775e-6,0.0017276807697941344,13.98363085905532,0.00001788815380155415,0.0,0.00906255399681571,0.004608167366171145,1.642824000021775e-6,0.0017276807697941344,13.98363085905532
0.004761550290862341,0.004664709845032501,0.004708919888757254,0.00001887889027675548,7.825862350129497e-6,0.0017077155719559475,13.983508096654312,0.004761550290862341,0.004664709845032501,0.004708919888757254,0.00001887889027675548,7.825862350129497e-6,0.0017077155719559475,13.983508096654312
0.0,0.004688574128483465,0.0,0.004663790499089174,1.0838850189164723e-7,0.0016863047457007264,13.988561682119,0.0,0.004688574128483465,0.0,0.004663790499089174,1.0838850189164723e-7,0.0016863047457007264,13.988561682119
0.004620822926356195,0.0,0.0,0.004606910845737406,9.481168876772361e-7,0.0017226701669633216,13.988652478625363,0.004620822926356195,0.0,0.0,0.004606910845737406,9.481168876772361e-7,0.0017226701669633216,13.988652478625363
0.003650654662365015,0.0013131946522665157,0.0013623090583621954,0.0036188059547970753,0.0013250505712408334,0.0013652286539717372,13.987082020978903,0.003650654662365015,0.0013131946522665157,0.0013623090583621954,0.0036188059547970753,0.0013250505712408334,0.0013652286539717372,13.987082020978903
0.0012776937683330316,0.0013004469724962893,0.001285288413177487,0.0013154838709358325,0.005917604307062561,0.0013559016544768105,13.987167502587653,0.0012776937683330316,0.0013004469724962893,0.001285288413177487,0.0013154838709358325,0.005917604307062561,0.0013559016544768105,13.987167502587653
0.0013309721983350725,0.0036555485896506952,0.0013243264641200356,0.0060776876997881875,0.0013432104433478004,0.0013770467002634647,13.984381274466168,0.0013309721983350725,0.0036555485896506952,0.0013243264641200356,0.0060776876997881875,0.0013432104433478004,0.0013770467002634647,13.984381274466168
0.0036344036279878176,0.0036129134213422082,0.0013364041970577835,0.0013284876776609158,0.001370957391504616,0.0005004507871210189,13.98795627296263,0.0036344036279878176,0.0036129134213422082,0.0013364041970577835,0.0013284876776609158,0.001370957391504616,0.0005004507871210189,13.98795627296263
0.004630379162242499,0.0,0.0046173818730844175,0.0,0.00460260270525655,7.01862982002852e-8,13.985560041395985,0.004630379162242499,0.0,0.0046173818730844175,0.0,0.00460260270525655,7.01862982002852e-8,13.985560041395985
0.0013243656420531109,0.0013327203435095913,0.0012894059052246988,0.0013335199116345472,0.0013435444246092314,0.0004970746891460234,13.992823162806076,0.0013243656420531109,0.0013327203435095913,0.0012894059052246988,0.0013335199116345472,0.0013435444246092314,0.0004970746891460234,13.992823162806076
0.001343495624273282,0.0013819652403229301,0.005971708863503409,0.001295785196906172,0.0012956217042336291,0.0004930479225048949,13.987856267470285,0.001343495624273282,0.0013819652403229301,0.005971708863503409,0.001295785196906172,0.0012956217042336291,0.0004930479225048949,13.987856267470285
0.0013341042962176693,0.0036066224625874495,0.001340945879836148,0.0036136095132691583,0.0036187505636234166,0.0004988162421332901,13.985624846403994,0.0013341042962176693,0.0036066224625874495,0.001340945879836148,0.0036136095132691583,0.0036187505636234166,0.0004988162421332901,13.985624846403994
0.0013099716782800103,0.0013133115323464095,0.0013126699626464459,0.0013112141383783416,0.008314448073656642,0.0014045113810663384,13.98436237241523,0.0013099716782800103,0.0013133115323464095,0.0013126699626464459,0.0013112141383783416,0.008314448073656642,0.0014045113810663384,13.98436237241523
0.0013079217717689288,0.0012886099265285401,0.0036342535633707655,0.003648024798870108,0.0036337941510644328,0.0004939733366345058,13.985619177822024,0.0013079217717689288,0.0012886099265285401,0.0036342535633707655,0.003648024798870108,0.0036337941510644328,0.0004939733366345058,13.985619177822024
3.3009326561375674e-7,0.0046828793534005805,0.0,0.0045939157107464665,0.0,0.003507755700079356,13.9867121084009,3.3009326561375674e-7,0.0046828793534005805,0.0,0.0045939157107464665,0.0,0.003507755700079356,13.9867121084009
0.006031266017789898,0.0036241482698207723,0.0013452989881121242,0.0013093711893936999,0.0013356175301674897,0.001395515342612722,13.984481229147544,0.006031266017789898,0.0036241482698207723,0.0013452989881121242,0.0013093711893936999,0.0013356175301674897,0.001395515342612722,13.984481229147544
0.0,0.01842516881019874,0.0,0.0,1.892828199279793e-8,9.258836319164798e-12,13.978493184988551,0.0,0.01842516881019874,0.0,0.0,1.892828199279793e-8,9.258836319164798e-12,13.978493184988551
0.0,0.0,4.659899893162981e-6,0.009221799364438154,2.506086539751269e-7,0.0017690233026017336,13.988205697587228,0.0,0.0,4.659899893162981e-6,0.009221799364438154,2.506086539751269e-7,0.0017690233026017336,13.988205697587228
0.0013784381662979837,0.0013379621852770505,0.008179442663852683,0.003699867893276823,0.0013068301915750268,0.00046238660231894045,13.9828596369022,0.0013784381662979837,0.0013379621852770505,0.008179442663852683,0.003699867893276823,0.0013068301915750268,0.00046238660231894045,13.9828596369022
0.0,0.009263730452974295,0.004692079113487523,0.0,0.0,0.0,13.985078704650943,0.0,0.009263730452974295,0.004692079113487523,0.0,0.0,0.0,13.985078704650943
0.0037194412753118423,0.001332925695407147,0.008461424003768356,0.0013297336973189609,0.0014216789187973004,0.0005025579497581766,13.984664475609708,0.0037194412753118423,0.001332925695407147,0.008461424003768356,0.0013297336973189609,0.0014216789187973004,0.0005025579497581766,13.984664475609708
0.0,0.0,0.0,0.018701678463699925,0.0,4.4467675012037225e-6,13.97803869265524,0.0,0.0,0.0,0.018701678463699925,0.0,4.4467675012037225e-6,13.97803869265524
0.0013324362923380973,0.003553055484946681,0.001342777382224374,0.0059823672072680184,0.0036489582806125947,0.0004767538085842769,13.983120438124951,0.0013324362923380973,0.003553055484946681,0.001342777382224374,0.0059823672072680184,0.0036489582806125947,0.0004767538085842769,13.983120438124951
0.001341801996824943,0.0013152863190748715,0.001361982147753728,0.003664774354292432,0.0013775755255733815,0.001389146814424225,13.989382401844422,0.001341801996824943,0.0013152863190748715,0.001361982147753728,0.003664774354292432,0.0013775755255733815,0.001389146814424225,13.989382401844422
0.008197346914946432,0.0012757570945366177,0.0012757127236193364,0.003788938125350646,0.0013574264255915326,0.000503878551188742,13.988451348459433,0.008197346914946432,0.0012757570945366177,0.0012757127236193364,0.003788938125350646,0.0013574264255915326,0.000503878551188742,13.988451348459433
0.00365653037519643,0.0013512382011559082,0.0012782109186378235,0.005939944308979961,0.001380362894080619,0.0013850308835722475,13.984516673471811,0.00365653037519643,0.0013512382011559082,0.0012782109186378235,0.005939944308979961,0.001380362894080619,0.0013850308835722475,13.984516673471811
0.0012995304932683577,0.0036184221703196642,0.003575437440011593,0.0013310713094696254,0.001327755529080362,0.002231502723119334,13.986352672371424,0.0012995304932683577,0.0036184221703196642,0.003575437440011593,0.0013310713094696254,0.001327755529080362,0.002231502723119334,13.986352672371424
0.0035379555285682644,0.0012868636709402186,0.0036093762183264768,0.0036651592509791006,0.0035934563180538633,0.0004936798785984606,13.983358067053354,0.0035379555285682644,0.0012868636709402186,0.0036093762183264768,0.0036651592509791006,0.0035934563180538633,0.0004936798785984606,13.983358067053354
0.0,3.972333084551374e-8,0.00925289533327602,8.042742264432355e-6,0.004640335530069881,0.0,13.98511148817361,0.0,3.972333084551374e-8,0.00925289533327602,8.042742264432355e-6,0.004640335530069881,0.0,13.98511148817361
0.0,5.065438761772852e-6,0.009248211213623927,0.00007829490891918733,0.004752773314901005,0.0017160778176601044,13.983197706516517,0.0,5.065438761772852e-6,0.009248211213623927,0.00007829490891918733,0.004752773314901005,0.0017160778176601044,13.983197706516517
0.004667438823200837,6.37293144710054e-6,0.000014905402451373395,0.000014242721573423656,1.7504624954874433e-7,0.0017034948812818542,13.9933976127867,0.004667438823200837,6.37293144710054e-6,0.000014905402451373395,0.000014242721573423656,1.7504624954874433e-7,0.0017034948812818542,13.9933976127867
0.0047123293988645286,0.0,0.0,1.6239674878720106e-7,0.009414316222598904,1.2926409803589441e-14,13.984879899064996,0.0047123293988645286,0.0,0.0,1.6239674878720106e-7,0.009414316222598904,1.2926409803589441e-14,13.984879899064996
0.0,0.0000834873707958551,0.0,0.004607982195523686,0.0,0.003512662639903865,13.991519188481604,0.0,0.0000834873707958551,0.0,0.004607982195523686,0.0,0.003512662639903865,13.991519188481604
0.014010063248400892,0.00007419294047945196,0.00019171407448496242,0.00002936721560389344,0.0,0.0017125118262673914,13.982137432090443,0.014010063248400892,0.00007419294047945196,0.00019171407448496242,0.00002936721560389344,0.0,0.0017125118262673914,13.982137432090443
0.004710585138164632,4.0165460151545125e-6,0.004589299575892521,0.009348624270791795,0.0,0.0,13.98505054638087,0.004710585138164632,4.0165460151545125e-6,0.004589299575892521,0.009348624270791795,0.0,0.0,13.98505054638087
0.004624039634348837,0.009224162142264125,0.004562471205598674,9.009085163169412e-6,0.0,0.0,13.980406268616514,0.004624039634348837,0.009224162142264125,0.004562471205598674,9.009085163169412e-6,0.0,0.0,13.980406268616514
0.006004807102582331,0.0013100508050370651,0.0013205089434450495,0.0013005682486574056,0.001359047296267321,0.00138367607398653,13.98697497740966,0.006004807102582331,0.0013100508050370651,0.0013205089434450495,0.0013005682486574056,0.001359047296267321,0.00138367607398653,13.98697497740966
0.0036004590713808815,0.0013327203435095913,0.0012885890369770106,0.0013333700745837872,0.0013222176832723576,0.0004841595729020518,13.99048140780443,0.0036004590713808815,0.0013327203435095913,0.0012885890369770106,0.0013333700745837872,0.0013222176832723576,0.0004841595729020518,13.99048140780443
0.0012965308115566582,0.0013046072405145121,0.0013234794926241919,0.0013222391915250313,0.0013496157901306425,0.0030927180795789436,13.990168862271611,0.0012965308115566582,0.0013046072405145121,0.0013234794926241919,0.0013222391915250313,0.0013496157901306425,0.0030927180795789436,13.990168862271611
0.0012984381620047714,0.003607453101724208,0.0012990274433142398,0.001330278430072942,0.008340412989199152,0.0005038054769393303,13.982840507024761,0.0012984381620047714,0.003607453101724208,0.0012990274433142398,0.001330278430072942,0.008340412989199152,0.0005038054769393303,13.982840507024761
0.0,3.484335230999897e-6,0.009251571895349843,0.0,0.0,0.0016959775185973317,13.988283825608809,0.0,3.484335230999897e-6,0.009251571895349843,0.0,0.0,0.0016959775185973317,13.988283825608809
0.004542396128006925,0.004632310958356878,0.0,0.004605105298473383,0.00006940007742754642,0.0,13.985622973990194,0.004542396128006925,0.004632310958356878,0.0,0.004605105298473383,0.00006940007742754642,0.0,13.985622973990194
0.0059567695204693245,0.0013118248444071714,0.0012463666601834568,0.0059760852220935275,0.001326352613470515,0.00047727248036000844,13.983033540849982,0.0059567695204693245,0.0013118248444071714,0.0012463666601834568,0.0059760852220935275,0.001326352613470515,0.00047727248036000844,13.983033540849982
0.001364704042914847,0.0012735747296792601,0.0013634878028966502,0.0036235949243834413,0.008335136239004122,0.0004940482934457121,13.982976292684112,0.001364704042914847,0.0012735747296792601,0.0013634878028966502,0.0036235949243834413,0.008335136239004122,0.0004940482934457121,13.982976292684112
0.00460870086393811,0.004655814907040785,0.0,0.0,0.004707218375639198,0.0,13.985486113288493,0.00460870086393811,0.004655814907040785,0.0,0.0,0.004707218375639198,0.0,13.985486113288493
0.0013389866473693507,0.0036221102814955435,0.0012996305622314619,0.006004717925449984,0.0012933124494098284,0.0004806185979584979,13.98548161293296,0.0013389866473693507,0.0036221102814955435,0.0012996305622314619,0.006004717925449984,0.0012933124494098284,0.0004806185979584979,13.98548161293296
0.0,0.0,0.0,0.009282775269642411,0.0046176200151274655,0.0018247188040455124,13.983262486534548,0.0,0.0,0.0,0.009282775269642411,0.0046176200151274655,0.0018247188040455124,13.983262486534548
0.003655806814932555,0.0036459655369904167,0.0013166396705925818,0.0035884652840168854,0.0013290332605309816,0.0004983560388868245,13.985627018035855,0.003655806814932555,0.0036459655369904167,0.0013166396705925818,0.0035884652840168854,0.0013290332605309816,0.0004983560388868245,13.985627018035855
0.004676518207497336,0.0,0.004635673754723822,2.285172044047285e-6,0.0,0.0017403237697028234,13.9885433548905,0.004676518207497336,0.0,0.004635673754723822,2.285172044047285e-6,0.0,0.0017403237697028234,13.9885433548905
0.0013249303436010584,0.00604250192393577,0.0013470530818357161,0.0013214244295980011,0.0013204687698654335,0.002242053699074733,13.986351361370007,0.0013249303436010584,0.00604250192393577,0.0013470530818357161,0.0013214244295980011,0.0013204687698654335,0.002242053699074733,13.986351361370007
0.00592946710869272,0.001261383609001021,0.005831402541305826,0.0011703281108012688,0.0013298854815347607,0.0005105022881208333,13.983304688349397,0.00592946710869272,0.001261383609001021,0.005831402541305826,0.0011703281108012688,0.0013298854815347607,0.0005105022881208333,13.983304688349397
3.268595571304354e-7,2.7087692921904175e-7,0.004643450326529254,0.0,0.0,0.0035180823689960478,13.991583550505922,3.268595571304354e-7,2.7087692921904175e-7,0.004643450326529254,0.0,0.0,0.0035180823689960478,13.991583550505922
0.0013076831712052518,0.0012882341122097893,0.0013236998272270122,0.0035768628275143774,0.0036343964273944686,0.0004939733366345058,13.9881270158438,0.0013076831712052518,0.0012882341122097893,0.0013236998272270122,0.0035768628275143774,0.0036343964273944686,0.0004939733366345058,13.9881270158438
0.0036247554157944335,0.0036717465083065154,0.0012529036432766057,0.005982322200287686,0.0013271909773081188,0.00047675380858427696,13.98311635367429,0.0036247554157944335,0.0036717465083065154,0.0012529036432766057,0.005982322200287686,0.0013271909773081188,0.00047675380858427696,13.98311635367429
0.009133650497532023,0.0,0.0,0.0,0.004610439811134861,0.0,13.985295907078749,0.009133650497532023,0.0,0.0,0.0,0.004610439811134861,0.0,13.985295907078749
2.7981894662647624e-6,0.00466211810356424,0.0045453875726716025,6.478366397454241e-7,0.009408697908468995,1.0129131588136503e-8,13.980174013717177,2.7981894662647624e-6,0.00466211810356424,0.0045453875726716025,6.478366397454241e-7,0.009408697908468995,1.0129131588136503e-8,13.980174013717177
1.8613173533247457e-6,0.004543644636941327,0.0,2.6265331288491574e-7,0.0046279557682924405,6.722900607726654e-7,13.990465653278074,1.8613173533247457e-6,0.004543644636941327,0.0,2.6265331288491574e-7,0.0046279557682924405,6.722900607726654e-7,13.990465653278074
0.001351359735820091,0.003620108974842036,0.003573206393954396,0.0015143235847787297,0.006108430718187124,0.0005242426625196911,13.98273927601062,0.001351359735820091,0.003620108974842036,0.003573206393954396,0.0015143235847787297,0.006108430718187124,0.0005242426625196911,13.98273927601062
0.001352880458290755,0.0012968029554906075,0.0036784011287442336,0.0013485294373824733,0.00366218843497016,0.0013782479116434703,13.987010334288149,0.001352880458290755,0.0012968029554906075,0.0036784011287442336,0.0013485294373824733,0.00366218843497016,0.0013782479116434703,13.987010334288149
0.0036947377732179532,0.0013046072405145121,0.0013409181361077552,0.001322218897118839,0.0013496157901306427,0.0030927180795789436,13.987638729702692,0.0036947377732179532,0.0013046072405145121,0.0013409181361077552,0.001322218897118839,0.0013496157901306427,0.0030927180795789436,13.987638729702692
0.000016877961017121995,0.00008348737079585597,0.004786612485088578,0.00459338052776576,0.0,0.003512662639903865,13.990949359689818,0.000016877961017121995,0.00008348737079585597,0.004786612485088578,0.00459338052776576,0.0,0.003512662639903865,13.990949359689818
0.003543340344706212,0.0013052023115913466,0.0035696676055147376,0.0012930920116292917,0.0013692318594665275,0.0022402132474757704,13.986405680040463,0.003543340344706212,0.0013052023115913466,0.0035696676055147376,0.0012930920116292917,0.0013692318594665275,0.0022402132474757704,13.986405680040463
0.009276643008070327,0.0046372365413721375,0.004639591179829686,0.0,8.81214498156123e-6,7.2877211150113724e-6,13.98030934319955,0.009276643008070327,0.0046372365413721375,0.004639591179829686,0.0,8.81214498156123e-6,7.2877211150113724e-6,13.98030934319955
0.0,0.0,0.0,0.004609940469726385,0.00458277728246535,0.00002112933081401696,13.99041832344979,0.0,0.0,0.0,0.004609940469726385,0.00458277728246535,0.00002112933081401696,13.99041832344979
0.009276643008070327,0.0,0.004639591179829685,0.0,8.795560873062148e-6,7.2877211150113724e-6,13.985125876128386,0.009276643008070327,0.0,0.004639591179829685,0.0,8.795560873062148e-6,7.2877211150113724e-6,13.985125876128386
0.001371247427285129,0.0013140669618459926,0.005891157370096855,0.0036506810776357783,0.003550231833175853,0.0004771601785315581,13.983207922279608,0.001371247427285129,0.0013140669618459926,0.005891157370096855,0.0036506810776357783,0.003550231833175853,0.0004771601785315581,13.983207922279608
0.0,0.013907556191579013,0.000024503690033338132,0.0,0.004542195879581826,0.0,13.979551601162148,0.0,0.013907556191579013,0.000024503690033338132,0.0,0.004542195879581826,0.0,13.979551601162148
0.0012699605811266972,0.003605718919306087,0.008323651511636224,0.0013098586505998853,0.0013548722931948935,0.0004889427607317217,13.982981635941444,0.0012699605811266972,0.003605718919306087,0.008323651511636224,0.0013098586505998853,0.0013548722931948935,0.0004889427607317217,13.982981635941444
0.003578295323554524,0.0058773059408978616,0.0013484062069963067,0.0012356043463292604,0.0013381857690305042,0.0014280941445442169,13.98471481674529,0.003578295323554524,0.0058773059408978616,0.0013484062069963067,0.0012356043463292604,0.0013381857690305042,0.0014280941445442169,13.98471481674529
0.0,5.065438761772852e-6,0.009248211213623927,0.004740477541204173,0.004752773314901005,1.3179055342969433e-9,13.980069181999989,0.0,5.065438761772852e-6,0.009248211213623927,0.004740477541204173,0.004752773314901005,1.3179055342969433e-9,13.980069181999989
0.0013568121281664425,0.0013127341949167124,0.005964674327507767,0.0013474543713196763,0.0036401741175418733,0.001395117654873656,13.984530633677558,0.0013568121281664425,0.0013127341949167124,0.005964674327507767,0.0013474543713196763,0.0036401741175418733,0.001395117654873656,13.984530633677558
0.0,0.0046685354690139454,0.0,0.0,0.0,0.0034976024492700273,13.991800437148799,0.0,0.0046685354690139454,0.0,0.0,0.0,0.0034976024492700273,13.991800437148799
3.303968154904816e-6,5.006363701823806e-9,0.0,0.004578890379728718,0.0,0.0,13.995246990891534,3.303968154904816e-6,5.006363701823806e-9,0.0,0.004578890379728718,0.0,0.0,13.995246990891534
0.001383955459843568,0.0012520536899633177,0.0012987504531782428,0.005905985319382561,0.005992209981762669,0.0005084717214792619,13.982983758130736,0.001383955459843568,0.0012520536899633177,0.0012987504531782428,0.005905985319382561,0.005992209981762669,0.0005084717214792619,13.982983758130736
0.0,0.0046223377510910355,0.004697026508693707,0.0,0.0046169446935430125,0.0,13.985501357872183,0.0,0.0046223377510910355,0.004697026508693707,0.0,0.0046169446935430125,0.0,13.985501357872183
0.0059474228085316105,0.0011626133976364002,0.001319288322446592,0.001253809024726632,0.005994777535938392,0.0004983947078922744,13.983183822185858,0.0059474228085316105,0.0011626133976364002,0.001319288322446592,0.001253809024726632,0.005994777535938392,0.0004983947078922744,13.983183822185858
0.0013172541315464208,0.0013350764448107923,0.008320196891844227,0.00134774979224933,0.001305369410108917,0.0013695282443830599,13.984340189040411,0.0013172541315464208,0.0013350764448107923,0.008320196891844227,0.00134774979224933,0.001305369410108917,0.0013695282443830599,13.984340189040411
0.006010793284760958,0.0012881544881427995,0.0013409218224077523,0.003613647407969758,0.0036888009561428254,0.0004752309101002895,13.98300422522399,0.006010793284760958,0.0012881544881427995,0.0013409218224077523,0.003613647407969758,0.0036888009561428254,0.0004752309101002895,13.98300422522399
0.009092323548609052,0.009249805829897186,1.5746645480336358e-7,0.0,0.0,2.326237516416668e-9,13.982477458723324,0.009092323548609052,0.009249805829897186,1.5746645480336358e-7,0.0,0.0,2.326237516416668e-9,13.982477458723324
0.0012953812347238258,0.0036130603574350923,0.0013439558008127076,0.001360036498981932,0.0014263739184479439,0.0021776292267999104,13.98858698205109,0.0012953812347238258,0.0036130603574350923,0.0013439558008127076,0.001360036498981932,0.0014263739184479439,0.0021776292267999104,13.98858698205109
0.004630379162242499,0.0,0.004570519211516499,0.004664605547062984,0.0,3.690068035161215e-9,13.985549577662425,0.004630379162242499,0.0,0.004570519211516499,0.004664605547062984,0.0,3.690068035161215e-9,13.985549577662425
0.001350376089453445,0.0036335685126066145,0.003634513264121609,0.0037171461668253462,0.0036822095452035053,0.0004899959701270579,13.983016458476495,0.001350376089453445,0.0036335685126066145,0.003634513264121609,0.0037171461668253462,0.0036822095452035053,0.0004899959701270579,13.983016458476495
0.00019279249352384615,3.0307859883917793e-6,0.009375167669764019,0.0,0.009309111207568334,0.0,13.979533986182634,0.00019279249352384615,3.0307859883917793e-6,0.009375167669764019,0.0,0.009309111207568334,0.0,13.979533986182634
0.0,0.0,0.0,0.0,0.0,0.0,14.000010475816653,0.0,0.0,0.0,0.0,0.0,0.0,14.000010475816653
0.004625277144451363,0.0,0.0,0.00930602804780926,0.004634041837490808,5.103792737533387e-7,13.980339674121273,0.004625277144451363,0.0,0.0,0.00930602804780926,0.004634041837490808,5.103792737533387e-7,13.980339674121273
0.004542263202860891,0.004864814207880405,0.0,0.0,0.0,0.0,13.990232490379434,0.004542263202860891,0.004864814207880405,0.0,0.0,0.0,0.0,13.990232490379434
0.001306946699625243,0.0013365263343396827,0.003640817324649523,0.0035792020927853992,0.006006217399695967,0.0005013896549086552,13.983042912626694,0.001306946699625243,0.0013365263343396827,0.003640817324649523,0.0035792020927853992,0.006006217399695967,0.0005013896549086552,13.983042912626694
0.0,0.004592036895966068,0.004522757474741926,0.0,0.004618537314738702,0.001758869385495394,13.983970934219087,0.0,0.004592036895966068,0.004522757474741926,0.0,0.004618537314738702,0.001758869385495394,13.983970934219087
0.010964526381020988,0.0013114947086752757,0.0013155972007655153,0.001376284936595983,0.0013698135942131215,0.0004900980316877377,13.98205328389404,0.010964526381020988,0.0013114947086752757,0.0013155972007655153,0.001376284936595983,0.0013698135942131215,0.0004900980316877377,13.98205328389404
0.001352880458290755,0.0012968029554906075,0.0036784011287442336,0.003640866704559871,0.003639949360102177,0.0013782479116434703,13.984626719484906,0.001352880458290755,0.0012968029554906075,0.0036784011287442336,0.003640866704559871,0.003639949360102177,0.0013782479116434703,13.984626719484906
0.003579468273723015,0.003676477745505444,0.0035576002357647647,0.0014504225035534024,0.0013083144460132104,0.0013767048170201816,13.984677556614207,0.003579468273723015,0.003676477745505444,0.0035576002357647647,0.0014504225035534024,0.0013083144460132104,0.0013767048170201816,13.984677556614207
0.0,0.013796506406068307,0.0,0.0,0.0,0.0017412319367258048,13.98270458317469,0.0,0.013796506406068307,0.0,0.0,0.0,0.0017412319367258048,13.98270458317469
0.0035819578825060086,0.0012943415157048842,0.0036806411395303657,0.001306054829792826,0.0013975025239861647,0.0013768743840266854,13.98709998337951,0.0035819578825060086,0.0012943415157048842,0.0036806411395303657,0.001306054829792826,0.0013975025239861647,0.0013768743840266854,13.98709998337951
0.004587917285999691,0.0,0.004571388923782055,1.8962470565552642e-7,0.004653589545595091,0.0017247283919803581,13.983912713546818,0.004587917285999691,0.0,0.004571388923782055,1.8962470565552642e-7,0.004653589545595091,0.0017247283919803581,13.983912713546818
0.0013554198379265294,0.008262916183508393,0.001420058029510626,0.0036075412174686196,0.001358936073735154,0.0004871078752585016,13.982734916532369,0.0013554198379265294,0.008262916183508393,0.001420058029510626,0.0036075412174686196,0.001358936073735154,0.0004871078752585016,13.982734916532369
0.000044551916344052166,0.000012214977589754998,0.0047859885133727425,0.0,0.000018720481360135193,0.0,13.994952858887666,0.000044551916344052166,0.000012214977589754998,0.0047859885133727425,0.0,0.000018720481360135193,0.0,13.994952858887666
0.0013294389791500367,0.0013118721422482379,0.0013622900339747526,0.005944444277729479,0.0013501309162631332,0.002221831904992541,13.986075397592247,0.0013294389791500367,0.0013118721422482379,0.0013622900339747526,0.005944444277729479,0.0013501309162631332,0.002221831904992541,13.986075397592247
0.00466054738243318,0.0,8.98508725992606e-6,5.214564464922877e-7,8.373250306656366e-8,0.0034863366690552652,13.991574434096858,0.00466054738243318,0.0,8.98508725992606e-6,5.214564464922877e-7,8.373250306656366e-8,0.0034863366690552652,13.991574434096858
0.006004807102582331,0.0013100508050370653,0.0013208603118443339,0.0035980276708558116,0.001359047296267321,0.00138367607398653,13.984564562080209,0.006004807102582331,0.0013100508050370653,0.0013208603118443339,0.0035980276708558116,0.001359047296267321,0.00138367607398653,13.984564562080209
0.0046106591356774316,3.0307859883917793e-6,0.0,0.0,0.009315311716784432,0.001829473654203981,13.983244950598378,0.0046106591356774316,3.0307859883917793e-6,0.0,0.0,0.009315311716784432,0.001829473654203981,13.983244950598378
0.0013343858509188428,0.003641455173883871,0.005953898878444125,0.0013334591884167845,0.0036592619748330307,0.0004973003262757256,13.983025973428816,0.0013343858509188428,0.003641455173883871,0.005953898878444125,0.0013334591884167845,0.0036592619748330307,0.0004973003262757256,13.983025973428816
0.0,9.956129132731618e-6,0.000024843297305090356,0.0,0.009298954948183873,0.0017256966364549654,13.988139423605539,0.0,9.956129132731618e-6,0.000024843297305090356,0.0,0.009298954948183873,0.0017256966364549654,13.988139423605539
0.004710465545342208,0.004753462847104985,0.009231881127324773,0.0,7.240433928132736e-6,0.0,13.98011168581583,0.004710465545342208,0.004753462847104985,0.009231881127324773,0.0,7.240433928132736e-6,0.0,13.98011168581583
0.0,0.0,0.004685950284919386,0.00008220199304035273,0.009164004610215045,0.0,13.985104726269345,0.0,0.0,0.004685950284919386,0.00008220199304035273,0.009164004610215045,0.0,13.985104726269345
0.005872670798768994,0.0013327203435095922,0.0036219507651271644,0.0036754748183297,0.0013506612253191175,0.0004911498514382493,13.983076085174694,0.005872670798768994,0.0013327203435095922,0.0036219507651271644,0.0036754748183297,0.0013506612253191175,0.0004911498514382493,13.983076085174694
0.0012945877649477308,0.0035538035429032795,0.0013027371469466588,0.0013706105164106915,0.0013375688266106858,0.0030927180795789436,13.987821887931824,0.0012945877649477308,0.0035538035429032795,0.0013027371469466588,0.0013706105164106915,0.0013375688266106858,0.0030927180795789436,13.987821887931824
0.003627366686853392,0.0036066224625874495,0.0013336316592233756,0.001327505685458691,0.003656220111215313,0.0004977374519071967,13.985979385117613,0.003627366686853392,0.0036066224625874495,0.0013336316592233756,0.001327505685458691,0.003656220111215313,0.0004977374519071967,13.985979385117613
0.0,0.009320112058614813,0.00007410840053853097,0.0,0.004658157348765341,0.00003493128473115145,13.984938407741929,0.0,0.009320112058614813,0.00007410840053853097,0.0,0.004658157348765341,0.00003493128473115145,13.984938407741929
0.001384057695659897,0.006095011319887462,0.0013340120514329517,0.005793540733872556,0.0013025680995604836,0.0005119171384719602,13.982927898120309,0.001384057695659897,0.006095011319887462,0.0013340120514329517,0.005793540733872556,0.0013025680995604836,0.0005119171384719602,13.982927898120309
0.00004095349713237979,0.0,0.0,0.009206775421000506,4.0001766047434456e-6,0.0,13.99033980420173,0.00004095349713237979,0.0,0.0,0.009206775421000506,4.0001766047434456e-6,0.0,13.99033980420173
0.0,0.004679332728438785,0.00003746118854082957,0.004618613633402331,0.00010724587610865324,0.0,13.990172315375778,0.0,0.004679332728438785,0.00003746118854082957,0.004618613633402331,0.00010724587610865324,0.0,13.990172315375778
0.0036771699806953974,0.003603851308745875,0.005949020235509639,0.0013476333659926355,0.0013267963738804248,0.0004976603982108216,13.983058778396913,0.0036771699806953974,0.003603851308745875,0.005949020235509639,0.0013476333659926355,0.0013267963738804248,0.0004976603982108216,13.983058778396913
1.344038769168776e-9,0.00452868803883455,0.00918081274435556,0.0,0.0,9.765740770564801e-8,13.985354828422546,1.344038769168776e-9,0.00452868803883455,0.00918081274435556,0.0,0.0,9.765740770564801e-8,13.985354828422546
0.004542396128006925,0.004606542683934675,0.0,0.004605129076283951,0.0,0.0016889618833054692,13.983988971240263,0.004542396128006925,0.004606542683934675,0.0,0.004605129076283951,0.0,0.0016889618833054692,13.983988971240263
0.0013368699409228163,0.0012875861066014103,0.0036705854583674253,0.0060774716619891025,0.0036672463747292657,0.00046132794245266364,13.982933430086812,0.0013368699409228163,0.0012875861066014103,0.0036705854583674253,0.0060774716619891025,0.0036672463747292657,0.00046132794245266364,13.982933430086812
0.00942945539876919,4.661616337308435e-6,0.0000332894995195242,0.004664304143177471,0.00009149007531306791,3.7406550249568905e-10,13.98514708077252,0.00942945539876919,4.661616337308435e-6,0.0000332894995195242,0.004664304143177471,0.00009149007531306791,3.7406550249568905e-10,13.98514708077252
1.1353830654550165e-9,0.00465596305705337,0.009180812744355558,0.00001707951409630256,0.004640335530069881,0.0,13.980355458633749,1.1353830654550165e-9,0.00465596305705337,0.009180812744355558,0.00001707951409630256,0.004640335530069881,0.0,13.980355458633749
0.0,0.0,0.014138168117705255,7.12430444090442e-8,0.0,0.001737404533649013,13.982240688279521,0.0,0.0,0.014138168117705255,7.12430444090442e-8,0.0,0.001737404533649013,13.982240688279521
0.004640238572680513,0.0,0.000024843297305090356,0.0,0.004640682313125043,7.2669190697795755e-6,13.990408814924791,0.004640238572680513,0.0,0.000024843297305090356,0.0,0.004640682313125043,7.2669190697795755e-6,13.990408814924791
0.0045799597325263085,0.000055992989380767785,0.004569739016912634,0.000012434945419337542,0.000022925826965308197,0.0,13.990392516990974,0.0045799597325263085,0.000055992989380767785,0.004569739016912634,0.000012434945419337542,0.000022925826965308197,0.0,13.990392516990974
0.001334578450072091,0.0036261958203880444,0.0035829466869732604,0.0013308934873041444,0.003672242158521903,0.0004976207266624887,13.985566842686364,0.001334578450072091,0.0036261958203880444,0.0035829466869732604,0.0013308934873041444,0.003672242158521903,0.0004976207266624887,13.985566842686364
0.0036527353725785998,0.003694757793678123,0.0036239375912292225,0.0012826658868972905,0.0013281593290760897,0.0005008762965569686,13.985554504601874,0.0036527353725785998,0.003694757793678123,0.0036239375912292225,0.0012826658868972905,0.0013281593290760897,0.0005008762965569686,13.985554504601874
0.004696172196901558,0.0046279102706535844,0.00462202129076565,0.004629906331053536,0.0,1.2810282348785229e-14,13.980632787808089,0.004696172196901558,0.0046279102706535844,0.00462202129076565,0.004629906331053536,0.0,1.2810282348785229e-14,13.980632787808089
0.004619524157453814,0.009250053562597803,7.553091383754145e-6,0.0,9.241830958868377e-7,0.001754364282745609,13.983369888441532,0.004619524157453814,0.009250053562597803,7.553091383754145e-6,0.0,9.241830958868377e-7,0.001754364282745609,13.983369888441532
0.0013872633118307796,3.623951625864822e-6,0.003686493845187163,0.001165753473740866,0.00838870425912281,0.00048517026419226924,13.984112632683017,0.0013872633118307796,3.623951625864822e-6,0.003686493845187163,0.001165753473740866,0.00838870425912281,0.00048517026419226924,13.984112632683017
0.008839811860776738,0.0013407653922028254,0.0013450502713868468,0.0013595588557613297,0.001375075130838288,0.0013927332026680626,13.983605942885188,0.008839811860776738,0.0013407653922028254,0.0013450502713868468,0.0013595588557613297,0.001375075130838288,0.0013927332026680626,13.983605942885188
0.003661416679938438,0.003668764365159235,0.0036313640966717867,0.001347403911264592,0.0036579720357875316,0.0004977444721534243,13.983066431534924,0.003661416679938438,0.003668764365159235,0.0036313640966717867,0.001347403911264592,0.0036579720357875316,0.0004977444721534243,13.983066431534924
0.09460067686577156,0.09636840374498876,0.09919717673873463,0.09538856581416064,0.8603274147473225,0.00041074392196699985,11.617055564319198,0.09460067686577156,0.09636840374498876,0.09919717673873463,0.09538856581416064,0.8603274147473225,0.00041074392196699985,11.617055564319198
0.004610726207850788,0.009242100647906204,0.0,0.0,0.0,0.0,13.985177751523784,0.004610726207850788,0.009242100647906204,0.0,0.0,0.0,0.0,13.985177751523784
0.00607986828691251,0.003632751253587131,0.0013082581395140404,0.003624012201587629,0.0013259613879821215,0.00048003084378343136,13.982974698490946,0.00607986828691251,0.003632751253587131,0.0013082581395140404,0.003624012201587629,0.0013259613879821215,0.00048003084378343136,13.982974698490946
0.0,0.004528236331516755,0.0,0.0046844388717659155,0.004612949755546724,0.0,13.985619582082805,0.0,0.004528236331516755,0.0,0.0046844388717659155,0.004612949755546724,0.0,13.985619582082805
0.0,0.004701602983572933,0.00003121192952500792,0.00458051809573827,0.0093542646869453,0.0,13.980128332361176,0.0,0.004701602983572933,0.00003121192952500792,0.00458051809573827,0.0093542646869453,0.0,13.980128332361176
0.0013366335274199624,0.0013793673716076317,0.0012831078640890572,0.008476499257569471,0.001301500836345562,0.0004949922837371114,13.985000157279458,0.0013366335274199624,0.0013793673716076317,0.0012831078640890572,0.008476499257569471,0.001301500836345562,0.0004949922837371114,13.985000157279458
0.0,0.000024609998630848243,0.004626307473102262,0.0046370667809573435,0.004560733217361219,0.001715263310193062,13.983848990399334,0.0,0.000024609998630848243,0.004626307473102262,0.0046370667809573435,0.004560733217361219,0.001715263310193062,13.983848990399334
0.09780115107211274,0.8589656469693406,0.09955888280264565,0.09813090553436307,0.09496181072133533,0.005127577698077429,11.60054136077779,0.09780115107211274,0.8589656469693406,0.09955888280264565,0.09813090553436307,0.09496181072133533,0.005127577698077429,11.60054136077779
0.0013351477210473176,0.0013146303750298913,0.0036677742122011633,0.003657089239230537,0.0012773198537036306,0.0013862586675428984,13.987337315949372,0.0013351477210473176,0.0013146303750298913,0.0036677742122011633,0.003657089239230537,0.0012773198537036306,0.0013862586675428984,13.987337315949372
0.0014479736029658315,0.0013042791680311712,0.005999164708419053,0.005940205231563725,0.0013460182121781163,0.0005043702532068113,13.982769051895477,0.0014479736029658315,0.0013042791680311712,0.005999164708419053,0.005940205231563725,0.0013460182121781163,0.0005043702532068113,13.982769051895477
0.0013268300745270236,0.0013383810684954962,0.0036683327965783587,0.0036597688115209233,0.0013170228259278055,0.000512026388207224,13.98794046418171,0.0013268300745270236,0.0013383810684954962,0.0036683327965783587,0.0036597688115209233,0.0013170228259278055,0.000512026388207224,13.98794046418171
2.9399373369393828e-6,0.00001126488245692705,2.107670370954321e-9,1.8951649293170887e-7,0.004690202889955893,0.005201454480033583,13.989643831468154,2.9399373369393828e-6,0.00001126488245692705,2.107670370954321e-9,1.8951649293170887e-7,0.004690202889955893,0.005201454480033583,13.989643831468154
0.0013197496131246047,0.001334749460214205,0.003570542983054016,0.0013077319649418074,0.00604153695707269,0.0014020432579180623,13.984757712140587,0.0013197496131246047,0.001334749460214205,0.003570542983054016,0.0013077319649418074,0.00604153695707269,0.0014020432579180623,13.984757712140587
0.0,0.009210907284255915,0.004598364445825034,0.0,0.004640444125412422,6.612861595908792e-6,13.980388664879307,0.0,0.009210907284255915,0.004598364445825034,0.0,0.004640444125412422,6.612861595908792e-6,13.980388664879307
0.001356713549025711,0.0036856068598695594,0.0013120212231775077,0.008282114213130694,0.0012928486974996215,0.0004996977252327598,13.982799959647775,0.001356713549025711,0.0036856068598695594,0.0013120212231775077,0.008282114213130694,0.0012928486974996215,0.0004996977252327598,13.982799959647775
0.004628434353754345,0.0013907890534209087,0.014140574820117272,0.00008403101566588616,0.0001273491363270431,0.000054794193299948724,13.97752449907433,0.004628434353754345,0.0013907890534209087,0.014140574820117272,0.00008403101566588616,0.0001273491363270431,0.000054794193299948724,13.97752449907433
0.0012587505108451879,0.005874390673357679,0.0013468076885278543,0.0012899476162897354,0.001307910337544084,0.0004988461688368354,13.988065266968704,0.0012587505108451879,0.005874390673357679,0.0013468076885278543,0.0012899476162897354,0.001307910337544084,0.0004988461688368354,13.988065266968704
0.005954556801810633,0.0012877688150937198,0.001344654686553602,0.0013722334674325376,0.0036590005693196066,0.001385731178536137,13.98451641031125,0.005954556801810633,0.0012877688150937198,0.001344654686553602,0.0013722334674325376,0.0036590005693196066,0.001385731178536137,13.98451641031125
0.009194390472814161,0.0,0.0,0.0,5.721111194215492e-6,0.0,13.990032762613797,0.009194390472814161,0.0,0.0,0.0,5.721111194215492e-6,0.0,13.990032762613797
0.00007187370469859816,3.897675566526433e-6,0.004741970888136675,0.009348624270791795,0.0,0.0017574002599822225,13.983078781277106,0.00007187370469859816,3.897675566526433e-6,0.004741970888136675,0.009348624270791795,0.0,0.0017574002599822225,13.983078781277106
0.003625297106103492,0.0036539208991489378,0.0013919724764393912,0.0013474039112645918,0.005946274571814311,0.0004982231140023931,13.982989358173468,0.003625297106103492,0.0036539208991489378,0.0013919724764393912,0.0013474039112645918,0.005946274571814311,0.0004982231140023931,13.982989358173468
3.3009326561375674e-7,0.0046828793534005805,0.004658241354662706,0.0,0.0,0.003507755700079356,13.986649326625006,3.3009326561375674e-7,0.0046828793534005805,0.004658241354662706,0.0,0.0,0.003507755700079356,13.986649326625006
0.0013283571245242959,0.0013547230612316347,0.0013635164574161062,0.00359294741632182,0.003560157922917157,0.002227392845873605,13.986269097350533,0.0013283571245242959,0.0013547230612316347,0.0013635164574161062,0.00359294741632182,0.003560157922917157,0.002227392845873605,13.986269097350533
0.004684393367220747,0.0,0.004684315630332251,0.0,0.008978030742222896,7.251152225550806e-6,13.980616503990872,0.004684393367220747,0.0,0.004684315630332251,0.0,0.008978030742222896,7.251152225550806e-6,13.980616503990872
0.001355675367496304,0.0012980069757016215,0.0013467897758567514,0.0036316005241393166,0.005942477580743937,0.001387730839718944,13.984586613936159,0.001355675367496304,0.0012980069757016215,0.0013467897758567514,0.0036316005241393166,0.005942477580743937,0.001387730839718944,13.984586613936159
0.004660547382433181,0.004663128753273361,8.890207438426142e-6,8.774208299607619e-7,8.373250306656366e-8,0.0035174755715150652,13.98665866187304,0.004660547382433181,0.004663128753273361,8.890207438426142e-6,8.774208299607619e-7,8.373250306656366e-8,0.0035174755715150652,13.98665866187304
0.0,0.009203171740688146,0.0,0.0,0.0,6.949804390030051e-6,13.990037143893503,0.0,0.009203171740688146,0.0,0.0,0.0,6.949804390030051e-6,13.990037143893503
0.000013066810858849628,0.004557624269058249,0.000017363275342534637,0.009300122968217504,0.004654884688337861,7.1502439485793065e-6,13.980283100815969,0.000013066810858849628,0.004557624269058249,0.000017363275342534637,0.009300122968217504,0.004654884688337861,7.1502439485793065e-6,13.980283100815969
0.00924402138043638,0.0,0.0,0.0,2.1969931644323206e-7,0.001709694144999076,13.988248930025772,0.00924402138043638,0.0,0.0,0.0,2.1969931644323206e-7,0.001709694144999076,13.988248930025772
0.0036888380611491654,0.0036277691282038628,0.003626018180520639,0.0036411154981495844,0.0013642485556730408,0.0004988542172580778,13.983076473804358,0.0036888380611491654,0.0036277691282038628,0.003626018180520639,0.0036411154981495844,0.0013642485556730408,0.0004988542172580778,13.983076473804358
0.0,0.004671346963045889,0.0,1.8976785342433855e-7,0.009319876826412199,1.281406813890426e-9,13.985034545919817,0.0,0.004671346963045889,0.0,1.8976785342433855e-7,0.009319876826412199,1.281406813890426e-9,13.985034545919817
0.0,0.0,0.0,0.0,0.0,0.001707866079468949,13.998296827349243,0.0,0.0,0.0,0.0,0.0,0.001707866079468949,13.998296827349243
7.941628045677121e-8,8.634437582002302e-6,0.0,0.0,0.020204250859825926,0.0,13.976008555075001,7.941628045677121e-8,8.634437582002302e-6,0.0,0.0,0.020204250859825926,0.0,13.976008555075001
1.0209449192305486e-8,0.004628977601454818,0.0,0.0,0.00001630002494597098,0.00175481766589839,13.993416655694103,1.0209449192305486e-8,0.004628977601454818,0.0,0.0,0.00001630002494597098,0.00175481766589839,13.993416655694103
0.0036558068149325548,0.001315619119113644,0.001316639670592582,0.008390522052034275,0.0013439711642540758,0.0004983560388868245,13.982724608903586,0.0036558068149325548,0.001315619119113644,0.001316639670592582,0.008390522052034275,0.0013439711642540758,0.0004983560388868245,13.982724608903586
0.0013346921114737523,0.0082579443453294,0.0013468076885278543,0.0012919802782951943,0.0013076564644321296,0.000494991030268413,13.985304232726842,0.0013346921114737523,0.0082579443453294,0.0013468076885278543,0.0012919802782951943,0.0013076564644321296,0.000494991030268413,13.985304232726842
0.0,0.004638038174479074,0.004581806940128328,0.009313980627792286,0.0,1.2296499670360825e-7,13.980280388800757,0.0,0.004638038174479074,0.004581806940128328,0.009313980627792286,0.0,1.2296499670360825e-7,13.980280388800757
0.0013344700791660998,0.003618998475438442,0.0013310781023905174,0.0036106544514477095,0.0013267662744499563,0.0004976088340621053,13.988066259373321,0.0013344700791660998,0.003618998475438442,0.0013310781023905174,0.0036106544514477095,0.0013267662744499563,0.0004976088340621053,13.988066259373321
0.0,0.0,0.0,0.0,0.009249143797106956,0.003546631235606172,13.986340594403803,0.0,0.0,0.0,0.0,0.009249143797106956,0.003546631235606172,13.986340594403803
0.0037343742760811687,0.0037632320950517686,0.001278210918637823,0.0036412973333213635,0.0037628129611716457,0.000514366728781623,13.982808312956097,0.0037343742760811687,0.0037632320950517686,0.001278210918637823,0.0036412973333213635,0.0037628129611716457,0.000514366728781623,13.982808312956097
0.0,0.004738653247643873,7.169293067600554e-7,0.000012320802420059688,0.009423788915082939,0.0017347064102475498,13.98309055529469,0.0,0.004738653247643873,7.169293067600554e-7,0.000012320802420059688,0.009423788915082939,0.0017347064102475498,13.98309055529469
0.0013554198379265297,0.008262916183508393,0.0036550809861559752,0.001334162654666431,0.0013589354018467533,0.0004871078752585016,13.9827534381562,0.0013554198379265297,0.008262916183508393,0.0036550809861559752,0.001334162654666431,0.0013589354018467533,0.0004871078752585016,13.9827534381562
0.0,0.009320112058614813,0.00007410840053853031,0.004762459354010802,0.004640453558413632,0.00003530634919110911,13.97997345476639,0.0,0.009320112058614813,0.00007410840053853031,0.004762459354010802,0.004640453558413632,0.00003530634919110911,13.97997345476639
0.0046180670044014965,0.0,0.0,0.009348769055641443,0.0,0.0017135144885416795,13.983294233451565,0.0046180670044014965,0.0,0.0,0.009348769055641443,0.0,0.0017135144885416795,13.983294233451565
0.004629959032266541,0.009447216354807237,1.5746645480379726e-7,0.0046109144739143616,0.0,2.326237516416668e-9,13.980450254762458,0.004629959032266541,0.009447216354807237,1.5746645480379726e-7,0.0046109144739143616,0.0,2.326237516416668e-9,13.980450254762458
0.0012707528868539796,0.00128264177605561,0.003649720828613412,0.0013472497666976871,0.003645204148295553,0.0022291475225163283,13.98666056160689,0.0012707528868539796,0.00128264177605561,0.003649720828613412,0.0013472497666976871,0.003645204148295553,0.0022291475225163283,13.98666056160689
0.00010385016784575374,0.004673756400517979,0.000024018375969530746,0.004671092283671128,0.004640682313125045,0.0017304961609524144,13.983542751736284,0.00010385016784575374,0.004673756400517979,0.000024018375969530746,0.004671092283671128,0.004640682313125045,0.0017304961609524144,13.983542751736284
0.0,0.0,0.0,0.009511701267949795,0.004558366149055958,0.000025965459951814564,13.984897270653958,0.0,0.0,0.0,0.009511701267949795,0.004558366149055958,0.000025965459951814564,13.984897270653958
0.0014006970269461946,0.0013152863190748708,0.001362382527060343,0.005943949714361749,0.0036107133529729263,0.0013883673761323737,13.984503075675878,0.0014006970269461946,0.0013152863190748708,0.001362382527060343,0.005943949714361749,0.0036107133529729263,0.0013883673761323737,13.984503075675878
3.6324806685587158e-6,4.869440734936028e-11,0.009218619617779922,0.0,5.66545973524849e-6,0.0035858956171708183,13.986312016660769,3.6324806685587158e-6,4.869440734936028e-11,0.009218619617779922,0.0,5.66545973524849e-6,0.0035858956171708183,13.986312016660769
0.0,0.013721093032037578,0.004743412942189286,0.0,2.5636887560909205e-6,4.16875225845402e-8,13.984420481600782,0.0,0.013721093032037578,0.004743412942189286,0.0,2.5636887560909205e-6,4.16875225845402e-8,13.984420481600782
0.00605057941268658,0.006014826722839341,0.0013340536993930409,0.001340912045829343,0.0013018707387234991,0.0004927956409869617,13.982803846620342,0.00605057941268658,0.006014826722839341,0.0013340536993930409,0.001340912045829343,0.0013018707387234991,0.0004927956409869617,13.982803846620342
0.00365653037519643,0.0013512382011559084,0.0012782109186378235,0.003598333636601346,0.0037321560422186838,0.0013859873699553341,13.98460132819429,0.00365653037519643,0.0013512382011559084,0.0012782109186378235,0.003598333636601346,0.0037321560422186838,0.0013859873699553341,13.98460132819429
0.0036737806840250534,0.008266494347972617,0.0013125373915183931,0.0013283847574601815,0.0013448601955625954,0.0004935285516957449,13.982801472725674,0.0036737806840250534,0.008266494347972617,0.0013125373915183931,0.0013283847574601815,0.0013448601955625954,0.0004935285516957449,13.982801472725674
0.0013781713914411578,0.005925823763945785,0.003732417712364591,0.0013394295233441556,0.0036726135471851712,0.0004868572037277179,13.982871317475878,0.0013781713914411578,0.005925823763945785,0.003732417712364591,0.0013394295233441556,0.0036726135471851712,0.0004868572037277179,13.982871317475878
0.0014010251240956354,0.0060431466677963175,0.005984551722917076,0.001340817779673509,0.0013029871202335157,0.0005081471451963656,13.982769382293414,0.0014010251240956354,0.0060431466677963175,0.005984551722917076,0.001340817779673509,0.0013029871202335157,0.0005081471451963656,13.982769382293414
0.001369881239212191,0.0,0.0,0.00006994087327745306,0.000036223834754161677,0.0073255357943512395,13.990754030832928,0.001369881239212191,0.0,0.0,0.00006994087327745306,0.000036223834754161677,0.0073255357943512395,13.990754030832928
0.0013531266275547838,0.008249613529266862,0.0013412092284844142,0.00124823220795767,0.001269243828523414,0.001351546461871118,13.98453451524166,0.0013531266275547838,0.008249613529266862,0.0013412092284844142,0.00124823220795767,0.001269243828523414,0.001351546461871118,13.98453451524166
0.0013343378255258644,0.0013903082368461293,0.005971708863503409,0.0013064250234025624,0.0036246226381107492,0.0004930479225048949,13.985412891948961,0.0013343378255258644,0.0013903082368461293,0.005971708863503409,0.0013064250234025624,0.0036246226381107492,0.0004930479225048949,13.985412891948961
0.003612734107680886,0.005951994860330717,0.00134471494617543,0.0012899540539850973,0.0014047481489125784,0.0004988487451893395,13.985427954582255,0.003612734107680886,0.005951994860330717,0.00134471494617543,0.0012899540539850973,0.0014047481489125784,0.0004988487451893395,13.985427954582255
0.0013535778078387973,0.008165702266239357,0.001285106013057044,0.0013392815121064678,0.00357888902516193,0.00048030436693023357,13.983044216192868,0.0013535778078387973,0.008165702266239357,0.001285106013057044,0.0013392815121064678,0.00357888902516193,0.00048030436693023357,13.983044216192868
0.003623102466892533,0.0036285489587818847,0.0013450882555596025,0.0013048303803256333,0.0013038603775289972,0.0013961746310664214,13.98713343540514,0.003623102466892533,0.0036285489587818847,0.0013450882555596025,0.0013048303803256333,0.0013038603775289972,0.0013961746310664214,13.98713343540514
0.0,0.00922586477375785,3.7609311849366722e-6,0.000017682059099707968,0.00001341091775415755,0.0017197282500923004,13.988241747236914,0.0,0.00922586477375785,3.7609311849366722e-6,0.000017682059099707968,0.00001341091775415755,0.0017197282500923004,13.988241747236914
0.002498155726026177,0.05660534739400763,0.092393909106263,0.001332148684928116,0.000032095388327903034,0.31989401065353035,13.387335358487386,0.002498155726026177,0.05660534739400763,0.092393909106263,0.001332148684928116,0.000032095388327903034,0.31989401065353035,13.387335358487386
0.003640333533989692,0.0012979990521969885,0.0013459737994926503,0.001347403911264592,0.005978572168312697,0.0004977242560440594,13.985417468403984,0.003640333533989692,0.0012979990521969885,0.0013459737994926503,0.001347403911264592,0.005978572168312697,0.0004977242560440594,13.985417468403984
0.006127304456353082,0.0013098701447712157,0.003625312865741248,0.0013155535664377787,0.003647376281165991,0.0005188863454361381,13.982839685165349,0.006127304456353082,0.0013098701447712157,0.003625312865741248,0.0013155535664377787,0.003647376281165991,0.0005188863454361381,13.982839685165349
0.004515457411745326,0.0,0.009264740457208985,0.000037061981675545665,0.004525491250872546,0.000026061523323246683,13.98045184277213,0.004515457411745326,0.0,0.009264740457208985,0.000037061981675545665,0.004525491250872546,0.000026061523323246683,13.98045184277213
0.00364078428771473,0.0013322614486192725,0.0046187617300973375,0.0038229156582812287,0.0011951897897076067,0.0013620344398164663,13.983556197658034,0.00364078428771473,0.0013322614486192725,0.0046187617300973375,0.0038229156582812287,0.0011951897897076067,0.0013620344398164663,13.983556197658034
0.0013081048229293154,0.005908668470737965,0.0013539521555352276,0.003658053528594135,0.0013255346738272888,0.0004769174979061143,13.985484103279042,0.0013081048229293154,0.005908668470737965,0.0013539521555352276,0.003658053528594135,0.0013255346738272888,0.0004769174979061143,13.985484103279042
3.7779664957953574e-6,2.956222036488852e-7,0.0046478880386394035,0.0046370667809573435,0.0,0.001715263310193062,13.98857959372561,3.7779664957953574e-6,2.956222036488852e-7,0.0046478880386394035,0.0046370667809573435,0.0,0.001715263310193062,13.98857959372561
0.00837465077035223,0.0012594724398779945,0.003520420327656335,0.0013474039112645912,0.0015226445891769961,0.0004977150235687697,13.982691239411826,0.00837465077035223,0.0012594724398779945,0.003520420327656335,0.0013474039112645912,0.0015226445891769961,0.0004977150235687697,13.982691239411826
0.0060435120095919895,0.003609808109298545,0.0013340536993930409,0.0013606609215167447,0.0013018814098943597,0.0004936182275771617,13.985392974105233,0.0060435120095919895,0.003609808109298545,0.0013340536993930409,0.0013606609215167447,0.0013018814098943597,0.0004936182275771617,13.985392974105233
0.0013172541315464206,0.0012939477930353862,0.008367447421861988,0.00134774979224933,0.0036529169997509426,0.00048432191997460996,13.986022744013502,0.0013172541315464206,0.0012939477930353862,0.008367447421861988,0.00134774979224933,0.0036529169997509426,0.00048432191997460996,13.986022744013502
1.2157970180962097e-8,0.0,0.0,0.009304164795855418,0.0,0.003420232284455997,13.986406938815238,1.2157970180962097e-8,0.0,0.0,0.009304164795855418,0.0,0.003420232284455997,13.986406938815238
0.0013249303436010584,0.005995343234844382,0.0013468076437081642,0.003605175629606182,0.0013317555123727144,0.001367519181435585,13.98492682458584,0.0013249303436010584,0.005995343234844382,0.0013468076437081642,0.003605175629606182,0.0013317555123727144,0.001367519181435585,13.98492682458584
0.013819711273966136,0.00002349385973083844,2.0274891389619692e-7,0.004670115864877856,6.675143071448175e-8,0.0,13.979508791063905,0.013819711273966136,0.00002349385973083844,2.0274891389619692e-7,0.004670115864877856,6.675143071448175e-8,0.0,13.979508791063905
0.0,0.0,0.004542193807917139,0.0,0.004635004298090261,2.912930291941451e-11,13.990465327855555,0.0,0.0,0.004542193807917139,0.0,0.004635004298090261,2.912930291941451e-11,13.990465327855555
0.0013769904634766648,0.0012905034452749956,0.0013246264949330188,0.005996048047861809,0.0013445727872749436,0.0013380519195628946,13.988963207130961,0.0013769904634766648,0.0012905034452749956,0.0013246264949330188,0.005996048047861809,0.0013445727872749436,0.0013380519195628946,13.988963207130961
0.0013341703876029259,0.0012926770129681896,0.001353611000150347,0.0013156499433483542,0.008317433489218692,0.0005004607066045532,13.985241483679863,0.0013341703876029259,0.0012926770129681896,0.001353611000150347,0.0013156499433483542,0.008317433489218692,0.0005004607066045532,13.985241483679863
0.019881866861503554,1.6898495259029497e-9,5.499254361185803e-7,0.000019047895183632417,0.0,0.0,13.976433930399228,0.019881866861503554,1.6898495259029497e-9,5.499254361185803e-7,0.000019047895183632417,0.0,0.0,13.976433930399228
0.004599675975544145,0.004610262442103392,0.0,0.009850106428348684,4.9445722409948226e-6,0.0,13.989426385327743,0.004599675975544145,0.004610262442103392,0.0,0.009850106428348684,4.9445722409948226e-6,0.0,13.989426385327743
0.0,0.0,0.0,0.0,0.0,0.0034976024492700273,13.996422961349419,0.0,0.0,0.0,0.0,0.0,0.0034976024492700273,13.996422961349419
0.004722754590918395,0.0,0.004748236988885933,0.0,8.373250306656366e-8,0.0035174755715150652,13.986514010039503,0.004722754590918395,0.0,0.004748236988885933,0.0,8.373250306656366e-8,0.0035174755715150652,13.986514010039503
0.004470924529583312,0.004681358830275198,0.00003746118854082957,0.00458051809573827,0.004713337698373291,1.6999438363151104e-7,13.98073099543366,0.004470924529583312,0.004681358830275198,0.00003746118854082957,0.00458051809573827,0.004713337698373291,1.6999438363151104e-7,13.98073099543366
0.0140426114722789,0.0,0.0,0.000024696829918527397,0.004704825199504706,0.0,13.979189562394025,0.0140426114722789,0.0,0.0,0.000024696829918527397,0.004704825199504706,0.0,13.979189562394025
0.003656720650993368,0.0012600359682347845,0.0013634878028966498,0.0036664427203097092,0.005942429346847862,0.0005004367190995173,13.98301988743145,0.003656720650993368,0.0012600359682347845,0.0013634878028966498,0.0036664427203097092,0.005942429346847862,0.0005004367190995173,13.98301988743145
0.000019374581946565536,0.0,0.019162908348132952,4.070102080866888e-6,0.000013934043633629864,0.0,13.977387971301681,0.000019374581946565536,0.0,0.019162908348132952,4.070102080866888e-6,0.000013934043633629864,0.0,13.977387971301681
0.0036220982145286833,0.0013310917531775036,0.006000661506809243,0.0013283935894211982,0.0013349182178609368,0.0004932965853055698,13.987209767972235,0.0036220982145286833,0.0013310917531775036,0.006000661506809243,0.0013283935894211982,0.0013349182178609368,0.0004932965853055698,13.987209767972235
0.00938637981755477,0.0,0.004597823105481101,3.383439015069989e-11,0.004584858211960134,0.0,13.980228796939416,0.00938637981755477,0.0,0.004597823105481101,3.383439015069989e-11,0.004584858211960134,0.0,13.980228796939416
0.0,2.265499191428204e-6,6.994496253623882e-7,0.009407588239398095,0.009170635983162267,1.8959276348331187e-6,13.979811150504288,0.0,2.265499191428204e-6,6.994496253623882e-7,0.009407588239398095,0.009170635983162267,1.8959276348331187e-6,13.979811150504288
0.003652533571343014,0.0035790073406210742,0.0013051067335964777,0.0012230070116482344,0.0014017029036118532,0.002245419301926,13.986283587996626,0.003652533571343014,0.0035790073406210742,0.0013051067335964777,0.0012230070116482344,0.0014017029036118532,0.002245419301926,13.986283587996626
0.0,0.004667088175577682,0.0,0.0,0.0,0.005210834481348902,13.98967493922114,0.0,0.004667088175577682,0.0,0.0,0.0,0.005210834481348902,13.98967493922114
0.001324476372915175,0.0036678071215049263,0.0013049738256012656,0.001347403911264592,0.003621192954208144,0.0013775207700271854,13.987106777029362,0.001324476372915175,0.0036678071215049263,0.0013049738256012656,0.001347403911264592,0.003621192954208144,0.0013775207700271854,13.987106777029362
0.0,0.0,0.0,0.004606910845737406,0.0,0.0017226701669633216,13.993469660626255,0.0,0.0,0.0,0.004606910845737406,0.0,0.0017226701669633216,13.993469660626255
0.00016947378191530232,0.000023448361754435133,0.00002484329730509009,0.004671092283671128,0.009281609301697054,0.0017258849400607422,13.983096352629754,0.00016947378191530232,0.000023448361754435133,0.00002484329730509009,0.004671092283671128,0.009281609301697054,0.0017258849400607422,13.983096352629754
0.001316994270442579,0.001336089507099689,0.0012973551407350183,0.001349418731426571,0.0013189590581930855,0.0022389380009709505,13.991432854051025,0.001316994270442579,0.001336089507099689,0.0012973551407350183,0.001349418731426571,0.0013189590581930855,0.0022389380009709505,13.991432854051025
0.0,0.0,0.0,0.013751369746376457,7.998420616403941e-7,2.0195546402252632e-6,13.984499397551415,0.0,0.0,0.0,0.013751369746376457,7.998420616403941e-7,2.0195546402252632e-6,13.984499397551415
0.00942945539876919,0.0,0.004574213851000722,0.004664304143177471,0.00004367869542226937,1.1669787800975858e-9,13.980098069076178,0.00942945539876919,0.0,0.004574213851000722,0.004664304143177471,0.00004367869542226937,1.1669787800975858e-9,13.980098069076178
0.001157198410434498,0.0013942270361941018,0.001345982579136181,0.005928202228692982,0.003657293493217746,0.0004958622304946349,13.985555782497402,0.001157198410434498,0.0013942270361941018,0.001345982579136181,0.005928202228692982,0.003657293493217746,0.0004958622304946349,13.985555782497402
0.004625943350086329,0.01397640490479506,0.0,0.0,0.000045786262953734225,0.0,13.979380321594368,0.004625943350086329,0.01397640490479506,0.0,0.0,0.000045786262953734225,0.0,13.979380321594368
0.0035970594687005624,0.003633609107364825,0.0013470471043162205,0.0036754748183296998,0.0013708438766620364,0.0013608762211129223,13.984619519062893,0.0035970594687005624,0.003633609107364825,0.0013470471043162205,0.0036754748183296998,0.0013708438766620364,0.0013608762211129223,13.984619519062893
0.0,0.00922586477375785,3.721861246841131e-6,0.004709361183659947,5.428277763384482e-8,0.0,13.985073071700995,0.0,0.00922586477375785,3.721861246841131e-6,0.004709361183659947,5.428277763384482e-8,0.0,13.985073071700995
0.014010063248400892,3.312266864127264e-6,0.00019171407448496242,0.00002936721560389344,0.00006695316607623156,0.0,13.98388759117103,0.014010063248400892,3.312266864127264e-6,0.00019171407448496242,0.00002936721560389344,0.00006695316607623156,0.0,13.98388759117103
0.0,0.009431993271160078,0.0,0.009306347744330954,4.020937565466648e-6,0.0,13.979984909337555,0.0,0.009431993271160078,0.0,0.009306347744330954,4.020937565466648e-6,0.0,13.979984909337555
0.005932689418550163,0.003591249007868327,0.0013336316592233756,0.0013275300907464203,0.0036446035195880477,0.0004988162421332899,13.984928755783917,0.005932689418550163,0.003591249007868327,0.0013336316592233756,0.0013275300907464203,0.0036446035195880477,0.0004988162421332899,13.984928755783917
0.004827723192625076,0.0,0.009377519514005624,0.004546037286684195,0.0,0.0,13.98004376283489,0.004827723192625076,0.0,0.009377519514005624,0.004546037286684195,0.0,0.0,13.98004376283489
0.0,0.009357623654575722,0.0,6.238346327420687e-8,0.009246820069632926,0.0,13.979793082559983,0.0,0.009357623654575722,0.0,6.238346327420687e-8,0.009246820069632926,0.0,13.979793082559983
0.005899399188993345,0.001257709995603997,0.003717042343829956,0.0013234152852973373,0.0013353572399547936,0.0012538735002951258,13.984745743409585,0.005899399188993345,0.001257709995603997,0.003717042343829956,0.0013234152852973373,0.0013353572399547936,0.0012538735002951258,13.984745743409585
1.9528568776234058e-7,0.00001931741839207151,0.0138858636006172,3.333828516439206e-7,0.00002962167529435046,1.2813791113244766e-9,13.984274168374409,1.9528568776234058e-7,0.00001931741839207151,0.0138858636006172,3.333828516439206e-7,0.00002962167529435046,1.2813791113244766e-9,13.984274168374409
0.001276118695628738,0.0012991511596257101,0.001285288413177487,0.001315483870935833,0.00133622113019287,0.0013559016544768105,13.992058565038404,0.001276118695628738,0.0012991511596257101,0.001285288413177487,0.001315483870935833,0.00133622113019287,0.0013559016544768105,13.992058565038404
0.0,0.009242520941516286,0.0,0.004607311559602258,1.2306007007053778e-6,0.0017197282500923004,13.983818732342005,0.0,0.009242520941516286,0.0,0.004607311559602258,1.2306007007053778e-6,0.0017197282500923004,13.983818732342005
0.000019749843359629233,4.091351311722242e-9,0.0,0.0,0.013861128343599715,0.001733576571276753,13.98259653217431,0.000019749843359629233,4.091351311722242e-9,0.0,0.0,0.013861128343599715,0.001733576571276753,13.98259653217431
0.009191788133955322,0.000025045727926646916,0.000013634976637756353,0.004689698122989007,0.004640682313125044,0.0,13.980257809512704,0.009191788133955322,0.000025045727926646916,0.000013634976637756353,0.004689698122989007,0.004640682313125044,0.0,13.980257809512704
0.008864482539654394,0.004543068001778198,0.0013717971618465942,0.00144740458811274,0.0,0.000494558352664405,13.982368760551916,0.008864482539654394,0.004543068001778198,0.0013717971618465942,0.00144740458811274,0.0,0.000494558352664405,13.982368760551916
0.00448342855641978,0.0,0.00004217465400678435,0.004580166773066215,0.009302737716662984,1.2499742017932114e-14,13.980424018026293,0.00448342855641978,0.0,0.00004217465400678435,0.004580166773066215,0.009302737716662984,1.2499742017932114e-14,13.980424018026293
0.003591953163021402,0.0012939213064852618,0.001350361390130157,0.0036047221237718715,0.001282928148270723,0.0004990323139635468,13.991332209584584,0.003591953163021402,0.0012939213064852618,0.001350361390130157,0.0036047221237718715,0.001282928148270723,0.0004990323139635468,13.991332209584584
0.0013540122217342396,0.001312716373155291,0.005985384845185502,0.0036938650388598964,0.0013168566245338117,0.001394956861610803,13.984511946211425,0.0013540122217342396,0.001312716373155291,0.005985384845185502,0.0036938650388598964,0.0013168566245338117,0.001394956861610803,13.984511946211425
0.00607986828691251,0.0036775159122347813,0.0035504441141075748,0.0012156701505136205,0.0013259613879821218,0.000497701282437208,13.983074873288139,0.00607986828691251,0.0036775159122347813,0.0035504441141075748,0.0012156701505136205,0.0013259613879821218,0.000497701282437208,13.983074873288139
0.001334348714352185,0.005934217752687598,0.0013063538892469214,0.0013283445044093177,0.001252025403396772,0.0013687485496210175,13.9871416006245,0.001334348714352185,0.005934217752687598,0.0013063538892469214,0.0013283445044093177,0.001252025403396772,0.0013687485496210175,13.9871416006245
0.003617117639964097,0.0037054939478052273,0.0013440278199076073,0.0013110732773689113,0.003685395338961883,0.0013825255429361916,13.984541686331028,0.003617117639964097,0.0037054939478052273,0.0013440278199076073,0.0013110732773689113,0.003685395338961883,0.0013825255429361916,13.984541686331028
0.0035893935251247898,0.0013143364993729156,0.0036698096920944334,0.0013472497666976876,0.003666272309512786,0.0013950331876218009,13.984662655741902,0.0035893935251247898,0.0013143364993729156,0.0036698096920944334,0.0013472497666976876,0.003666272309512786,0.0013950331876218009,13.984662655741902
0.004738169041002962,0.0,0.0,0.014025254982872982,0.0,0.0,13.979210088235083,0.004738169041002962,0.0,0.0,0.014025254982872982,0.0,0.0,13.979210088235083
0.009512690816598404,7.147946784570843e-8,0.0,0.0,0.0,0.003521323103222656,13.986030438001235,0.009512690816598404,7.147946784570843e-8,0.0,0.0,0.0,0.003521323103222656,13.986030438001235
0.003659407006613339,0.0013337826978305932,0.001338555920070385,0.006032958400263443,0.0036595484082312373,0.0005119150597524351,13.982865707839453,0.003659407006613339,0.0013337826978305932,0.001338555920070385,0.006032958400263443,0.0036595484082312373,0.0005119150597524351,13.982865707839453
0.0,0.013917706574836809,0.0,0.0,0.0000432824985557613,4.2050047016659386e-7,13.984241838992013,0.0,0.013917706574836809,0.0,0.0,0.0000432824985557613,4.2050047016659386e-7,13.984241838992013
0.0,0.00004903843315721447,0.00004546872078947599,0.004551502670089705,0.004622733106299296,0.003775010197351359,13.986484720411006,0.0,0.00004903843315721447,0.00004546872078947599,0.004551502670089705,0.004622733106299296,0.003775010197351359,13.986484720411006
0.008395498086783264,0.0013095060951756853,0.0014013068769668088,0.0011690620884038207,0.0013279589694740134,0.0004977150235687697,13.985212612332214,0.008395498086783264,0.0013095060951756853,0.0014013068769668088,0.0011690620884038207,0.0013279589694740134,0.0004977150235687697,13.985212612332214
0.0045799597325263085,0.004676283435434199,0.004563226516111913,0.000012392944935196671,0.000022986746179829744,6.672468555717764e-8,13.98558759917211,0.0045799597325263085,0.004676283435434199,0.004563226516111913,0.000012392944935196671,0.000022986746179829744,6.672468555717764e-8,13.98558759917211
0.004642794251151956,0.009242100647906204,0.0,0.0,0.004618217004887864,0.0,13.98033148189731,0.004642794251151956,0.009242100647906204,0.0,0.0,0.004618217004887864,0.0,13.98033148189731
0.009425065335837132,1.7235720597580897e-8,0.0,3.2634623701316423e-9,0.004584858211960134,0.0017263431529964991,13.983213979435652,0.009425065335837132,1.7235720597580897e-8,0.0,3.2634623701316423e-9,0.004584858211960134,0.0017263431529964991,13.983213979435652
0.0013344700791660992,0.003603851308745875,0.005949020235509639,0.0013175421419830274,0.0013267963738804248,0.0004976603982108216,13.985537879590147,0.0013344700791660992,0.003603851308745875,0.005949020235509639,0.0013175421419830274,0.0013267963738804248,0.0004976603982108216,13.985537879590147
0.0002123839586391351,0.004626879439118297,0.004615277395494732,0.00460558588250677,4.919244356579186e-7,0.00003571434943573865,13.985328349818195,0.0002123839586391351,0.004626879439118297,0.004615277395494732,0.00460558588250677,4.919244356579186e-7,0.00003571434943573865,13.985328349818195
0.001353066154189348,0.0036189669706231595,0.005953098186480077,0.0012442832146544393,0.0012733640612165064,0.0013513441163145756,13.984752450487491,0.001353066154189348,0.0036189669706231595,0.005953098186480077,0.0012442832146544393,0.0012733640612165064,0.0013513441163145756,13.984752450487491
0.009309091225817403,0.0046757517867665865,9.895843369535954e-8,0.0,0.004617236762207244,0.0,13.980240718475153,0.009309091225817403,0.0046757517867665865,9.895843369535954e-8,0.0,0.004617236762207244,0.0,13.980240718475153
0.001332882640276778,0.003633609107364825,0.0036559246624425956,0.0036754748183296998,0.0013597877232197529,0.0013608762211129223,13.984575608872898,0.001332882640276778,0.003633609107364825,0.0036559246624425956,0.0036754748183296998,0.0013597877232197529,0.0013608762211129223,13.984575608872898
0.0,8.338467016202173e-8,6.058264730622425e-7,0.0,0.009154657111322934,0.0,13.990087600670487,0.0,8.338467016202173e-8,6.058264730622425e-7,0.0,0.009154657111322934,0.0,13.990087600670487
0.0013217379821235866,0.0013156700421434928,0.005976349097680812,0.0036622311542115404,0.0014026025042846203,0.0004806795421215017,13.98536740659509,0.0013217379821235866,0.0013156700421434928,0.005976349097680812,0.0036622311542115404,0.0014026025042846203,0.0004806795421215017,13.98536740659509
3.5459609558349347e-6,0.004618419525075222,0.0,0.0,0.0,0.0,13.995220460224287,3.5459609558349347e-6,0.004618419525075222,0.0,0.0,0.0,0.0,13.995220460224287
0.005995077080363674,0.0013461651249604932,0.0013236764972969599,0.0013228383612258901,0.003682557440110181,0.0004954225613076099,13.985352438194736,0.005995077080363674,0.0013461651249604932,0.0013236764972969599,0.0013228383612258901,0.003682557440110181,0.0004954225613076099,13.985352438194736
0.0013335693190932923,0.0013112300216832178,0.003633822023319333,0.005868306300458297,0.0013706235005007822,0.0004906027117304124,13.985534851480548,0.0013335693190932923,0.0013112300216832178,0.003633822023319333,0.005868306300458297,0.0013706235005007822,0.0004906027117304124,13.985534851480548
0.0013346929735229937,0.0036128739620358277,0.001303882346899248,0.0013228383612258901,0.0036588366424206114,0.0004954321538028304,13.988005617705024,0.0013346929735229937,0.0036128739620358277,0.001303882346899248,0.0013228383612258901,0.0036588366424206114,0.0004954321538028304,13.988005617705024
0.000019871807394270663,2.0580010105276936e-7,0.0,4.816340831061754e-7,0.013783697992773708,0.0,13.984467116598116,0.000019871807394270663,2.0580010105276936e-7,0.0,4.816340831061754e-7,0.013783697992773708,0.0,13.984467116598116
0.003638709106482221,0.001307275352716767,0.0036562807625236554,0.0012835215294936054,0.006006132707780547,0.000519064632660881,13.983027643483249,0.003638709106482221,0.001307275352716767,0.0036562807625236554,0.0012835215294936054,0.006006132707780547,0.000519064632660881,13.983027643483249
0.0013010177100451785,0.0012968029554906073,0.0013664145941051577,0.003698452406920478,0.0036827035813151387,0.0013860010698649296,13.986971753067234,0.0013010177100451785,0.0012968029554906073,0.0013664145941051577,0.003698452406920478,0.0036827035813151387,0.0013860010698649296,13.986971753067234
0.0,0.00003238020590339621,0.014019252308624365,0.0046999114476190765,0.0,0.0,13.97922407106176,0.0,0.00003238020590339621,0.014019252308624365,0.0046999114476190765,0.0,0.0,13.97922407106176
0.013965971087921324,0.00008177170064969323,0.004678360333199473,7.473187560161007e-7,6.834159494610928e-9,0.0,13.979269741314434,0.013965971087921324,0.00008177170064969323,0.004678360333199473,7.473187560161007e-7,6.834159494610928e-9,0.0,13.979269741314434
0.0000671046848244785,0.0,0.004589611913840693,0.004664304143177471,0.00004367869542226937,0.0,13.990276470309535,0.0000671046848244785,0.0,0.004589611913840693,0.004664304143177471,0.00004367869542226937,0.0,13.990276470309535
0.0,0.00011089377501444751,0.0,0.0,0.004568294116755127,0.00175481766589839,13.993392526877958,0.0,0.00011089377501444751,0.0,0.0,0.004568294116755127,0.00175481766589839,13.993392526877958
0.004666213778234078,6.552726668152681e-6,0.000014147094105566994,0.00001424272157342886,4.6819795988112256e-8,0.005209807798633887,13.98965459871146,0.004666213778234078,6.552726668152681e-6,0.000014147094105566994,0.00001424272157342886,4.6819795988112256e-8,0.005209807798633887,13.98965459871146
0.0,0.004588530037612051,0.009248211213623927,0.004740294756015494,0.0,0.0,13.980260555476995,0.0,0.004588530037612051,0.009248211213623927,0.004740294756015494,0.0,0.0,13.980260555476995
0.001304614978244187,0.010343045793203217,0.001280398273679828,0.001306360975895939,0.001321855726875024,0.0004696534804732656,13.982953625585854,0.001304614978244187,0.010343045793203217,0.001280398273679828,0.001306360975895939,0.001321855726875024,0.0004696534804732656,13.982953625585854
0.005916350541119169,0.0013285722563691118,0.001350361390130157,0.003604722123771871,0.001348132074189888,0.000480816489645671,13.985507760833682,0.005916350541119169,0.0013285722563691118,0.001350361390130157,0.003604722123771871,0.001348132074189888,0.000480816489645671,13.985507760833682
0.001349191155361461,0.003633609107364825,0.0013470471043162202,0.0036754748183296998,0.0013708438766620364,0.0013608762211129223,13.987003612195206,0.001349191155361461,0.003633609107364825,0.0013470471043162202,0.0036754748183296998,0.0013708438766620364,0.0013608762211129223,13.987003612195206
0.001330295978306441,0.0036184221703196642,0.0035754374400115935,0.0013340579041780998,0.0012858885292384593,0.0005224146816135266,13.988085052805939,0.001330295978306441,0.0036184221703196642,0.0035754374400115935,0.0013340579041780998,0.0012858885292384593,0.0005224146816135266,13.988085052805939
0.001299860973602525,0.0012520536899633177,0.0012987504531782428,0.0012795628967343401,0.005992209981762669,0.002256543633211921,13.986215938559942,0.001299860973602525,0.0012520536899633177,0.0012987504531782428,0.0012795628967343401,0.005992209981762669,0.002256543633211921,13.986215938559942
0.004629959032266541,0.00006674388115780142,7.237738057951652e-6,0.0046109144739143616,0.0,2.9030265857919237e-9,13.990646495133756,0.004629959032266541,0.00006674388115780142,7.237738057951652e-6,0.0046109144739143616,0.0,2.9030265857919237e-9,13.990646495133756
0.009305480459131536,0.004471592078450281,0.0,0.0,0.0,0.0017438981901334622,13.983493351760613,0.009305480459131536,0.004471592078450281,0.0,0.0,0.0,0.0017438981901334622,13.983493351760613
0.004640398297619812,0.000023448361754435133,0.000024843297305090092,0.004671092283671128,0.004640682313125045,0.0017304961609524144,13.9836660815315,0.004640398297619812,0.000023448361754435133,0.000024843297305090092,0.004671092283671128,0.004640682313125045,0.0017304961609524144,13.9836660815315
0.0013855399430211853,0.0013171875917602743,0.005972388194160591,0.0013446536456593458,0.0012868183774381841,0.0013796868821807336,13.986954191033783,0.0013855399430211853,0.0013171875917602743,0.005972388194160591,0.0013446536456593458,0.0012868183774381841,0.0013796868821807336,13.986954191033783
0.00004593557997585857,0.004605117333471796,3.73489299307631e-6,0.0,0.004626757044103071,0.0016988655554324229,13.988657468649057,0.00004593557997585857,0.004605117333471796,3.73489299307631e-6,0.0,0.004626757044103071,0.0016988655554324229,13.988657468649057
0.008864482539654394,0.0013042225779485621,0.0012246983042092658,0.0014537184888661855,0.0035788023784769393,0.0004990989339888466,13.98221667633251,0.008864482539654394,0.0013042225779485621,0.0012246983042092658,0.0014537184888661855,0.0035788023784769393,0.0004990989339888466,13.98221667633251
0.00135044875928391,0.0036184221703196642,0.003575437440011594,0.005860934964976008,0.0012858885292384593,0.0004974535485251479,13.983271571459193,0.00135044875928391,0.0036184221703196642,0.003575437440011594,0.005860934964976008,0.0012858885292384593,0.0004974535485251479,13.983271571459193
0.0,0.0,0.009229273327529309,0.004740477541204173,0.000029607324276160248,1.3179055347034563e-9,13.985021879505492,0.0,0.0,0.009229273327529309,0.004740477541204173,0.000029607324276160248,1.3179055347034563e-9,13.985021879505492
0.0,0.0,0.004630622702084192,0.0,0.0,0.0017166505418171295,13.993498198831455,0.0,0.0,0.004630622702084192,0.0,0.0,0.0017166505418171295,13.993498198831455
0.0,0.000016227876806902337,0.004507255095424234,0.0,0.004633661139643223,0.003499794908653409,13.986902577388689,0.0,0.000016227876806902337,0.004507255095424234,0.0,0.004633661139643223,0.003499794908653409,13.986902577388689
0.0012111240761851537,0.0013361761805288537,0.0013113169611476394,0.0013494187314265706,0.0013183495174869733,0.0038795817224403645,13.990877279427355,0.0012111240761851537,0.0013361761805288537,0.0013113169611476394,0.0013494187314265706,0.0013183495174869733,0.0038795817224403645,13.990877279427355
0.009250693231316262,1.4695060007726258e-11,0.004616217881650502,0.0,0.0,0.0016836647769098024,13.983440881499346,0.009250693231316262,1.4695060007726258e-11,0.004616217881650502,0.0,0.0,0.0016836647769098024,13.983440881499346
0.009243638862401128,0.00005398141695039711,7.327019389641483e-6,0.009306801025672154,0.0,6.240352365020613e-8,13.980144845695357,0.009243638862401128,0.00005398141695039711,7.327019389641483e-6,0.009306801025672154,0.0,6.240352365020613e-8,13.980144845695357
0.00006109729465948038,0.004626894633838071,0.0046152773954947325,0.00460558588250677,4.919244356579186e-7,0.0017647313365921785,13.983721800042716,0.00006109729465948038,0.004626894633838071,0.0046152773954947325,0.00460558588250677,4.919244356579186e-7,0.0017647313365921785,13.983721800042716
0.0013360201115063207,0.008262916183508393,0.0036550809861559757,0.0,0.0,0.0017048382333601318,13.984262238615173,0.0013360201115063207,0.008262916183508393,0.0036550809861559757,0.0,0.0,0.0017048382333601318,13.984262238615173
0.0,0.00940020033117554,0.004767290253126174,0.004636328206986496,0.0,0.0,13.979995119364625,0.0,0.00940020033117554,0.004767290253126174,0.004636328206986496,0.0,0.0,13.979995119364625
0.0012953596018559594,0.0013102494779567626,0.0012996548723747813,0.0012966906702892161,0.010440984367121545,0.0005028042749715606,13.982808098059794,0.0012953596018559594,0.0013102494779567626,0.0012996548723747813,0.0012966906702892161,0.010440984367121545,0.0005028042749715606,13.982808098059794
0.0,0.004544934745601429,3.619533637854236e-6,0.014007264685529874,6.696441627877976e-7,0.00006578567760609976,13.979376314681671,0.0,0.004544934745601429,3.619533637854236e-6,0.014007264685529874,6.696441627877976e-7,0.00006578567760609976,13.979376314681671
0.0046304303640853795,0.0,0.0046173818730844175,0.00469714981949194,0.004618289314436475,7.018629820028521e-8,13.980666989887018,0.0046304303640853795,0.0,0.0046173818730844175,0.00469714981949194,0.004618289314436475,7.018629820028521e-8,13.980666989887018
0.0013348662342364673,0.0012744605358432286,0.00598737069696169,0.001281625844958974,0.0013253421812274555,0.002389693760902928,13.986004487497874,0.0013348662342364673,0.0012744605358432286,0.00598737069696169,0.001281625844958974,0.0013253421812274555,0.002389693760902928,13.986004487497874
0.001303924109930906,0.0012805203765326686,0.0013954933051202965,0.0013145733158656935,0.003636321791862406,0.003185828069405329,13.987619992591632,0.001303924109930906,0.0012805203765326686,0.0013954933051202965,0.0013145733158656935,0.003636321791862406,0.003185828069405329,13.987619992591632
0.0036558068149325548,0.0013115636717451781,0.001316639670592582,0.005978730830179706,0.0013439711642540758,0.0004983560388868245,13.985469135352805,0.0036558068149325548,0.0013115636717451781,0.001316639670592582,0.005978730830179706,0.0013439711642540758,0.0004983560388868245,13.985469135352805
0.004587917285999691,0.00003377890703903756,0.00002606472738778641,1.8962470565569328e-7,0.004653589545595091,0.0017247283919803581,13.988631742099182,0.004587917285999691,0.00003377890703903756,0.00002606472738778641,1.8962470565569328e-7,0.004653589545595091,0.0017247283919803581,13.988631742099182
0.0013781713914411578,0.0013127341949167124,0.0036518897473993093,0.0012962225216395194,0.0036192790957991503,0.0004917482798808184,13.987986300685163,0.0013781713914411578,0.0013127341949167124,0.0036518897473993093,0.0012962225216395194,0.0036192790957991503,0.0004917482798808184,13.987986300685163
0.00009480887715753328,0.009224162142264125,0.009239973599404106,0.0,1.5214037819583776e-6,0.0,13.979852430663463,0.00009480887715753328,0.009224162142264125,0.009239973599404106,0.0,1.5214037819583776e-6,0.0,13.979852430663463
0.0013352594480222492,0.0013175747558721224,0.0012468467350022264,0.0036084774067086036,0.0012690701584589122,0.002274430393189596,13.988754556404917,0.0013352594480222492,0.0013175747558721224,0.0012468467350022264,0.0036084774067086036,0.0012690701584589122,0.002274430393189596,13.988754556404917
0.001351359735820091,0.0036201089748420356,0.0012599303146286869,0.0036803810592669147,0.006108430718187124,0.0005242426625196911,13.98288343450229,0.001351359735820091,0.0036201089748420356,0.0012599303146286869,0.0036803810592669147,0.006108430718187124,0.0005242426625196911,13.98288343450229
0.0013750522887174036,0.005908668470737965,0.0012924729732904355,0.0036580535285941356,0.0035658443727016403,0.00047691749790611433,13.983133904132265,0.0013750522887174036,0.005908668470737965,0.0012924729732904355,0.0036580535285941356,0.0035658443727016403,0.00047691749790611433,13.983133904132265
0.10185708111209908,0.09928278136653268,0.10257765936783436,0.8616751789579244,0.10051958859220433,0.005270113802579287,11.568207339856642,0.10185708111209908,0.09928278136653268,0.10257765936783436,0.8616751789579244,0.10051958859220433,0.005270113802579287,11.568207339856642
0.00925943933897353,1.2733836377484474e-7,0.0,1.6239674878720953e-7,0.009414316222598904,0.0,13.979734393414311,0.00925943933897353,1.2733836377484474e-7,0.0,1.6239674878720953e-7,0.009414316222598904,0.0,13.979734393414311
0.0,6.5540280330508844e-6,0.000014048564242511704,0.0001327223734440162,4.70328546819076e-8,0.005182195409096997,13.994425288464068,0.0,6.5540280330508844e-6,0.000014048564242511704,0.0001327223734440162,4.70328546819076e-8,0.005182195409096997,13.994425288464068
0.0,0.004543644636941327,7.541661104255472e-6,2.626533128846989e-7,0.014032534134175833,6.713248552957067e-7,13.97940525902371,0.0,0.004543644636941327,7.541661104255472e-6,2.626533128846989e-7,0.014032534134175833,6.713248552957067e-7,13.97940525902371
0.0035897219731966285,0.0012986745944124306,0.0013382252314962277,0.0013095811986105028,0.0036482552633263264,0.0005116971591828238,13.988070884876272,0.0035897219731966285,0.0012986745944124306,0.0013382252314962277,0.0013095811986105028,0.0036482552633263264,0.0005116971591828238,13.988070884876272
0.003629283210917123,0.0013127197060870475,0.005951336672219901,0.001347454371319676,0.003641169838189946,0.0005008769455885087,13.983087553295768,0.003629283210917123,0.0013127197060870475,0.005951336672219901,0.001347454371319676,0.003641169838189946,0.0005008769455885087,13.983087553295768
0.0014008916554352439,0.005951632027819122,0.003582912055543839,0.0035884652840168854,0.0013290332605309816,0.0004983560388868245,13.983061261705426,0.0014008916554352439,0.005951632027819122,0.003582912055543839,0.0035884652840168854,0.0013290332605309816,0.0004983560388868245,13.983061261705426
0.0036527353725785998,0.0013440739753342195,0.003687985644114769,0.0013107066627945044,0.00132815932907609,0.00048373239025429514,13.987934296894089,0.0036527353725785998,0.0013440739753342195,0.003687985644114769,0.0013107066627945044,0.00132815932907609,0.00048373239025429514,13.987934296894089
0.004587139950588338,0.004660911960238221,0.000026064727387786142,0.0,0.00465864581601644,0.0017247283919803586,13.983767011834093,0.004587139950588338,0.004660911960238221,0.000026064727387786142,0.0,0.00465864581601644,0.0017247283919803586,13.983767011834093
0.00601059392398586,0.001339810382972184,0.003590453383931139,0.0013465312104410502,0.001302401777101397,0.0004954366361052532,13.98546689215557,0.00601059392398586,0.001339810382972184,0.003590453383931139,0.0013465312104410502,0.001302401777101397,0.0004954366361052532,13.98546689215557
0.0013313639384446576,0.0036277691282038628,0.003626018180520639,0.0036411154981495844,0.0013642485556730408,0.0004988542172580778,13.98554509744185,0.0013313639384446576,0.0036277691282038628,0.003626018180520639,0.0036411154981495844,0.0013642485556730408,0.0004988542172580778,13.98554509744185
0.00127674838042382,0.0059082751259200705,0.003666902430742573,0.001315618514129477,0.0013590411099007403,0.0013733733300570878,13.984620525441205,0.00127674838042382,0.0059082751259200705,0.003666902430742573,0.001315618514129477,0.0013590411099007403,0.0013733733300570878,13.984620525441205
0.0013499499501179596,0.0036285489587818843,0.0013455155911575997,0.001306360975895939,0.0013410716852468782,0.0013962721361772813,13.989510222560796,0.0013499499501179596,0.0036285489587818843,0.0013455155911575997,0.001306360975895939,0.0013410716852468782,0.0013962721361772813,13.989510222560796
0.0,0.00012743505500458201,0.004666198976936895,0.0,0.009309667469060187,0.0018988803876919327,13.982993378810933,0.0,0.00012743505500458201,0.004666198976936895,0.0,0.009309667469060187,0.0018988803876919327,13.982993378810933
0.00007228027804572152,2.2130720992458858e-6,7.720422766780474e-7,0.004616580263944283,0.0,0.005028597140331094,13.989856113681135,0.00007228027804572152,2.2130720992458858e-6,7.720422766780474e-7,0.004616580263944283,0.0,0.005028597140331094,13.989856113681135
0.003543340344706212,0.0013230538395848511,0.0013770337971530835,0.0012931256832541401,0.001312283230681556,0.002219208497959736,13.988757150064776,0.003543340344706212,0.0013230538395848511,0.0013770337971530835,0.0012931256832541401,0.001312283230681556,0.002219208497959736,13.988757150064776
3.841358342128088e-6,5.0229652370905936e-9,0.009218619617779922,0.0,0.0,0.000011483326008792294,13.990023758201609,3.841358342128088e-6,5.0229652370905936e-9,0.009218619617779922,0.0,0.0,0.000011483326008792294,13.990023758201609
0.0013482826144092738,0.0013115977882067233,0.00847658702184697,0.0013267783634075348,0.0014102995056759727,0.0005029937373322475,13.987295505634481,0.0013482826144092738,0.0013115977882067233,0.00847658702184697,0.0013267783634075348,0.0014102995056759727,0.0005029937373322475,13.987295505634481
0.0,0.09900390730051847,0.0,0.8627779965062775,0.09786543242733828,0.00530873014756618,12.094270500793732,0.0,0.09900390730051847,0.0,0.8627779965062775,0.09786543242733828,0.00530873014756618,12.094270500793732
0.0046907716574234965,0.00460245159633802,0.001328886455384731,0.010040883819079405,0.003567912295391805,0.0,13.984114595162875,0.0046907716574234965,0.00460245159633802,0.001328886455384731,0.010040883819079405,0.003567912295391805,0.0,13.984114595162875
