f_1,f_2,f_3,f_4,f_5,f_6,f_7,f_1_min,f_2_min,f_3_min,f_4_min,f_5_min,f_6_min,f_7_min
0.031858131829408345,0.03188750950371138,0.03325382397963021,0.011514795082118343,0.0337935316124376,0.01287895107705289,0.34508863558546404,0.031858131829408345,0.03188750950371138,0.03325382397963021,0.011514795082118343,0.0337935316124376,0.01287895107705289,0.34508863558546404
0.0,0.12529667372050143,0.0,0.0,0.0,0.0,0.37568822053791423,0.0,0.12529667372050143,0.0,0.0,0.0,0.0,0.37568822053791423
0.05328848372166671,0.012377929369080923,0.012437974464760967,0.01177641532587581,0.011550891443258056,0.0332473167068682,0.3661092353507888,0.05328848372166671,0.012377929369080923,0.012437974464760967,0.01177641532587581,0.011550891443258056,0.0332473167068682,0.3661092353507888
0.0,0.00002034855832942906,0.04161776324196588,0.0,2.432430285205383e-7,0.041621074624718826,0.4170737595760634,0.0,0.00002034855832942906,0.04161776324196588,0.0,2.432430285205383e-7,0.041621074624718826,0.4170737595760634
0.03297038741682619,0.032695959604753536,0.012437961950500112,0.011776403477231655,0.011550879821521,0.0332472832556342,0.3661088669960789,0.03297038741682619,0.032695959604753536,0.012437961950500112,0.011776403477231655,0.011550879821521,0.0332472832556342,0.3661088669960789
0.012251134370018847,0.053430987300234406,0.012307209774515205,0.011366388467189922,0.03328309858768826,0.032846541100110004,0.34518149252132174,0.012251134370018847,0.053430987300234406,0.012307209774515205,0.011366388467189922,0.03328309858768826,0.032846541100110004,0.34518149252132174
0.012167583196048761,0.011923536288385704,0.012373918844828372,0.012202090538428337,0.029930575507716432,0.03222056613543627,0.38945675735936736,0.012167583196048761,0.011923536288385704,0.012373918844828372,0.012202090538428337,0.029930575507716432,0.03222056613543627,0.38945675735936736
3.725003153144575e-6,7.323778965479443e-6,5.903483602861191e-6,5.782823096719096e-6,0.08339882771547547,0.04158835986118307,0.37512212564609737,3.725003153144575e-6,7.323778965479443e-6,5.903483602861191e-6,5.782823096719096e-6,0.08339882771547547,0.04158835986118307,0.37512212564609737
0.03231273402251905,0.010077684442846879,0.010465655408904267,0.009295337308528322,0.03244517502643884,0.01102966203686526,0.3950977109225999,0.03231273402251905,0.010077684442846879,0.010465655408904267,0.009295337308528322,0.03244517502643884,0.01102966203686526,0.3950977109225999
0.000128608636935712,0.04183622011301052,0.041640459937534076,0.00009178620869291507,0.08321832761127385,4.1566831561550475e-6,0.3333827659552479,0.000128608636935712,0.04183622011301052,0.041640459937534076,0.00009178620869291507,0.08321832761127385,4.1566831561550475e-6,0.3333827659552479
0.011640027353644762,0.03132897073461391,0.03197650215546259,0.012397211344570065,0.05256898109031712,0.010810921657622128,0.3495062605247885,0.011640027353644762,0.03132897073461391,0.03197650215546259,0.012397211344570065,0.05256898109031712,0.010810921657622128,0.3495062605247885
0.0,0.500532483556448,0.0,0.0,0.0,0.0,0.0,0.0,0.500532483556448,0.0,0.0,0.0,0.0,0.0
0.00005918570043254916,0.00018518404804080036,0.041871082245664624,0.08316221133249652,0.0,0.0,0.37497991958418864,0.00005918570043254916,0.00018518404804080036,0.041871082245664624,0.08316221133249652,0.0,0.0,0.37497991958418864
0.011870084541744472,0.011957131091167575,0.011328096493970928,0.03291759144245359,0.03292971974272044,0.03266255255376255,0.36656363425054544,0.011870084541744472,0.011957131091167575,0.011328096493970928,0.03291759144245359,0.03292971974272044,0.03266255255376255,0.36656363425054544
0.00032010120783342483,0.1253387703913792,0.0,0.00011824828357824111,0.04163370872021612,0.00009624744435729296,0.33377921666808796,0.00032010120783342483,0.1253387703913792,0.0,0.00011824828357824111,0.04163370872021612,0.00009624744435729296,0.33377921666808796
0.05230198739138484,0.012075284884777597,0.033583323279672825,0.01162889073986935,0.032891539017665686,0.012718290229190016,0.34551338414821436,0.05230198739138484,0.012075284884777597,0.033583323279672825,0.01162889073986935,0.032891539017665686,0.012718290229190016,0.34551338414821436
0.041134478150180405,0.12538426866276992,0.0,0.0007646345652803988,0.00004824933923743417,0.00002757412328315043,0.3329158805301308,0.041134478150180405,0.12538426866276992,0.0,0.0007646345652803988,0.00004824933923743417,0.00002757412328315043,0.3329158805301308
0.0,0.1250302164546895,0.0,0.041590485280832035,0.00037077899030737657,0.0,0.33364417223266274,0.0,0.1250302164546895,0.0,0.041590485280832035,0.00037077899030737657,0.0,0.33364417223266274
0.0,0.0,0.08379056598169778,0.0414004247120386,0.041751836856564424,0.0,0.3337510710465477,0.0,0.0,0.08379056598169778,0.0414004247120386,0.041751836856564424,0.0,0.3337510710465477
0.033613374648596483,0.010909196336565233,0.012649683460952037,0.011936095945014645,0.05345184976402935,0.012097924470970139,0.3683092655647721,0.033613374648596483,0.010909196336565233,0.012649683460952037,0.011936095945014645,0.05345184976402935,0.012097924470970139,0.3683092655647721
0.08355044228743155,0.0,0.0,0.0,2.451820601305155e-7,0.04169966729703684,0.3752954136655634,0.08355044228743155,0.0,0.0,0.0,2.451820601305155e-7,0.04169966729703684,0.3752954136655634
0.04186592569296277,0.00006284131975414421,0.08346692311499829,0.041907918512518544,0.00006488599200448137,0.0,0.33292986409854985,0.04186592569296277,0.00006284131975414421,0.08346692311499829,0.041907918512518544,0.00006488599200448137,0.0,0.33292986409854985
0.041314396944759475,0.0423132633458002,0.00026509088717839504,0.04131513015034858,0.00008021091188837711,0.041853775901295784,0.33310822809902435,0.041314396944759475,0.0423132633458002,0.00026509088717839504,0.04131513015034858,0.00008021091188837711,0.041853775901295784,0.33310822809902435
0.08354582409656691,0.00007049138581732396,0.04159079695027194,0.0,0.0,0.04163088596560814,0.33373752615037616,0.08354582409656691,0.00007049138581732396,0.04159079695027194,0.0,0.0,0.04163088596560814,0.33373752615037616
0.011199316879947428,0.011322836457392632,0.010279637618407875,0.033094934122519556,0.07499760616491341,0.012643614378057173,0.34746625979491713,0.011199316879947428,0.011322836457392632,0.010279637618407875,0.033094934122519556,0.07499760616491341,0.012643614378057173,0.34746625979491713
0.011873298877940749,0.032354120979033896,0.013380328011647758,0.012043198865928195,0.032232900057060164,0.033395812096707056,0.36540111099534744,0.011873298877940749,0.032354120979033896,0.013380328011647758,0.012043198865928195,0.032232900057060164,0.033395812096707056,0.36540111099534744
0.05342203567899243,0.012494464902081778,0.012983851895087458,0.03294620228298522,0.012247595327068586,0.012053033644884822,0.36413141263589793,0.05342203567899243,0.012494464902081778,0.012983851895087458,0.03294620228298522,0.012247595327068586,0.012053033644884822,0.36413141263589793
0.0015707610880721628,0.04205592615226848,0.0005067386189167434,0.00037402430141891883,0.0,0.1253205414606393,0.3307050097535427,0.0015707610880721628,0.04205592615226848,0.0005067386189167434,0.00037402430141891883,0.0,0.1253205414606393,0.3307050097535427
0.041343280650831774,0.00039661116278738904,0.04220087932200481,0.000012671573878136289,0.00030129055537839714,0.08366914809983864,0.3324053426154031,0.041343280650831774,0.00039661116278738904,0.04220087932200481,0.000012671573878136289,0.00030129055537839714,0.08366914809983864,0.3324053426154031
0.0,0.0,0.1251658920750292,0.041857919184326575,0.0,0.0,0.33325320492494664,0.0,0.0,0.1251658920750292,0.041857919184326575,0.0,0.0,0.33325320492494664
0.03279654865522801,0.010875670712432657,0.03331115165989912,0.012120939243686617,0.033146963990475946,0.01087201971987698,0.36720292964025,0.03279654865522801,0.010875670712432657,0.03331115165989912,0.012120939243686617,0.033146963990475946,0.01087201971987698,0.36720292964025
0.011752909352204539,0.053446034138597755,0.011594556252648798,0.03272605880360507,0.012744916421224592,0.011237581647628204,0.3672102777341747,0.011752909352204539,0.053446034138597755,0.011594556252648798,0.03272605880360507,0.012744916421224592,0.011237581647628204,0.3672102777341747
0.0119227598710183,0.012981065964623457,0.012384947587745781,0.07413297968423115,0.011560227897451687,0.03204410427236715,0.3452867936360956,0.0119227598710183,0.012981065964623457,0.012384947587745781,0.07413297968423115,0.011560227897451687,0.03204410427236715,0.3452867936360956
0.032742756300438526,0.03245511598907585,0.033004621603224,0.011915580051746002,0.012069939703457636,0.010640201176749381,0.36908454777774924,0.032742756300438526,0.03245511598907585,0.033004621603224,0.011915580051746002,0.012069939703457636,0.010640201176749381,0.36908454777774924
0.05384448419852112,0.01162267175702253,0.013028969075835258,0.03265754766278802,0.01218488790046212,0.03268458036631696,0.34535195006543273,0.05384448419852112,0.01162267175702253,0.013028969075835258,0.03265754766278802,0.01218488790046212,0.03268458036631696,0.34535195006543273
0.011463090141272702,0.053223197445026245,0.012638342781165173,0.010512316071142376,0.053487783098676786,0.012127059976237428,0.3468474406598299,0.011463090141272702,0.053223197445026245,0.012638342781165173,0.010512316071142376,0.053487783098676786,0.012127059976237428,0.3468474406598299
0.0,0.0,0.0,0.04174213414470767,0.08354456295728628,0.04183032875796844,0.3329968846896083,0.0,0.0,0.0,0.04174213414470767,0.08354456295728628,0.04183032875796844,0.3329968846896083
0.011709263894730966,0.03305277442122951,0.011433309223261436,0.011556694038455289,0.07533467374406502,0.012149023442151496,0.34536063220666885,0.011709263894730966,0.03305277442122951,0.011433309223261436,0.011556694038455289,0.07533467374406502,0.012149023442151496,0.34536063220666885
0.03277921664967936,0.03314782786399583,0.013216006669340358,0.031824467843722594,0.03260310151195384,0.011312095084220632,0.3455613727323322,0.03277921664967936,0.03314782786399583,0.013216006669340358,0.031824467843722594,0.03260310151195384,0.011312095084220632,0.3455613727323322
0.011408481322625699,0.07411558089564904,0.012882367472446397,0.012224878248958198,0.03281297229513158,0.01129844676381633,0.34617044281882414,0.011408481322625699,0.07411558089564904,0.012882367472446397,0.012224878248958198,0.03281297229513158,0.01129844676381633,0.34617044281882414
0.01199118863588588,0.09332172289410405,0.012848820175168375,0.01201580956714878,0.013334005372666033,0.011729725888927503,0.34523238685954005,0.01199118863588588,0.09332172289410405,0.012848820175168375,0.01201580956714878,0.013334005372666033,0.011729725888927503,0.34523238685954005
0.010897010661694724,0.011115129103237056,0.011458767236433114,0.03369900423694802,0.012191591615945659,0.07391220363779213,0.3472802222591728,0.010897010661694724,0.011115129103237056,0.011458767236433114,0.03369900423694802,0.012191591615945659,0.07391220363779213,0.3472802222591728
0.0,0.04168944059015621,0.04163639169853648,0.00002328193807532895,0.0001657393646686032,0.04155403736470389,0.37531704033878116,0.0,0.04168944059015621,0.04163639169853648,0.00002328193807532895,0.0001657393646686032,0.04155403736470389,0.37531704033878116
0.012587322663647784,0.033137741783667705,0.012277234870626597,0.012207715699482292,0.012125888258331163,0.07393823553148046,0.34394754729566096,0.012587322663647784,0.033137741783667705,0.012277234870626597,0.012207715699482292,0.012125888258331163,0.07393823553148046,0.34394754729566096
0.041586696789757696,0.00018058458012213497,0.0,0.041560924546712216,0.0,0.04200607136845319,0.3748796787645432,0.041586696789757696,0.00018058458012213497,0.0,0.041560924546712216,0.0,0.04200607136845319,0.3748796787645432
0.03344731943642448,0.03360957839858254,0.011923461137458279,0.05365250780546241,0.01246378473479586,0.012445163466307824,0.3428518451714903,0.03344731943642448,0.03360957839858254,0.011923461137458279,0.05365250780546241,0.01246378473479586,0.012445163466307824,0.3428518451714903
0.04195306933644334,0.0002935332313743773,0.041529244769409036,0.0418746253639458,0.00012135676199395899,6.7199671462855374e-6,0.3746083480501405,0.04195306933644334,0.0002935332313743773,0.041529244769409036,0.0418746253639458,0.00012135676199395899,6.7199671462855374e-6,0.3746083480501405
0.0,0.0,0.041769618697940145,0.0,1.9054619057014936e-6,0.0,0.45859993601104343,0.0,0.0,0.041769618697940145,0.0,1.9054619057014936e-6,0.0,0.45859993601104343
0.012122947588435434,0.011710896452430375,0.03265835106837886,0.07456389852440104,0.011568446669197582,0.012034127542203552,0.34668035663194047,0.012122947588435434,0.011710896452430375,0.03265835106837886,0.07456389852440104,0.011568446669197582,0.012034127542203552,0.34668035663194047
0.0,0.04165330137322342,0.04165591923439577,0.0,0.04130880445884626,1.7745852619787545e-6,0.37592457294913617,0.0,0.04165330137322342,0.04165591923439577,0.0,0.04130880445884626,1.7745852619787545e-6,0.37592457294913617
0.041942461224623515,0.000697220370135389,0.0,0.00018832960878853867,0.0007111381512162693,0.08311052941099058,0.3735462204083282,0.041942461224623515,0.000697220370135389,0.0,0.00018832960878853867,0.0007111381512162693,0.08311052941099058,0.3735462204083282
0.0,0.0,0.0,0.16677940858244417,1.1040270367645757e-6,0.0,0.33332025694890566,0.0,0.0,0.0,0.16677940858244417,1.1040270367645757e-6,0.0,0.33332025694890566
0.014541032551895853,0.012994991710750992,0.014153549549401439,0.012901296833488493,0.012941264659686634,0.09478566271263099,0.33821226430688955,0.014541032551895853,0.012994991710750992,0.014153549549401439,0.012901296833488493,0.012941264659686634,0.09478566271263099,0.33821226430688955
0.0834702568295692,0.0,0.04131809210119398,0.04163552188923554,1.335757398629637e-6,0.00041797572960459875,0.33337631209591795,0.0834702568295692,0.0,0.04131809210119398,0.04163552188923554,1.335757398629637e-6,0.00041797572960459875,0.33337631209591795
0.032276158664789424,0.012622225906545709,0.03264955283884241,0.03304370160497713,0.011969821156813554,0.03312116717689747,0.346200309221442,0.032276158664789424,0.012622225906545709,0.03264955283884241,0.03304370160497713,0.011969821156813554,0.03312116717689747,0.346200309221442
0.032653951102767094,0.011133326455091325,0.03269402980964635,0.03240973232600108,0.03285101636598777,0.012462624758217137,0.3460176163591332,0.032653951102767094,0.011133326455091325,0.03269402980964635,0.03240973232600108,0.03285101636598777,0.012462624758217137,0.3460176163591332
0.012648828521103229,0.012707644540901208,0.012757463773764013,0.011779572324317217,0.053723373402389626,0.012098147732303156,0.38507887433339283,0.012648828521103229,0.012707644540901208,0.012757463773764013,0.011779572324317217,0.053723373402389626,0.012098147732303156,0.38507887433339283
0.04190050455979256,0.041522637985784316,0.00037956484014005175,9.149080860218265e-7,0.08332504342979748,0.0,0.33329779634929957,0.04190050455979256,0.041522637985784316,0.00037956484014005175,9.149080860218265e-7,0.08332504342979748,0.0,0.33329779634929957
0.042071169930722706,0.00017570590750374664,0.00014462394043596833,0.08358312927401718,0.04103833560819252,3.156163239442281e-6,0.3332658096395299,0.042071169930722706,0.00017570590750374664,0.00014462394043596833,0.08358312927401718,0.04103833560819252,3.156163239442281e-6,0.3332658096395299
0.01238958793995098,0.07540118892260297,0.01290877313690533,0.03058845396304928,0.012531155820710196,0.011378033192870214,0.34507263929332826,0.01238958793995098,0.07540118892260297,0.01290877313690533,0.03058845396304928,0.012531155820710196,0.011378033192870214,0.34507263929332826
0.12515932950843606,0.0,0.0,0.00001229285769783826,1.7236322194748788e-6,0.041952557729196455,0.33326005987166446,0.12515932950843606,0.0,0.0,0.00001229285769783826,1.7236322194748788e-6,0.041952557729196455,0.33326005987166446
0.012792976420019924,0.01279067136074719,0.033030886269902096,0.011267521932038832,0.012236955016416235,0.03140665029217519,0.3867586172331989,0.012792976420019924,0.01279067136074719,0.033030886269902096,0.011267521932038832,0.012236955016416235,0.03140665029217519,0.3867586172331989
0.012136516425567592,0.03285624122586804,0.03283500764118823,0.032931989194751904,0.012162836954362129,0.01235652228154688,0.3652656692189841,0.012136516425567592,0.03285624122586804,0.03283500764118823,0.032931989194751904,0.012162836954362129,0.01235652228154688,0.3652656692189841
0.042058842839164626,0.04150706035045,0.0,0.08345385143552739,0.0,0.0001636156862397325,0.33292666189640785,0.042058842839164626,0.04150706035045,0.0,0.08345385143552739,0.0,0.0001636156862397325,0.33292666189640785
0.08344362379993331,3.7938686510301464e-6,0.0004575140776106523,0.0,0.04131364855259021,0.0415857482568079,0.33365625187029413,0.08344362379993331,3.7938686510301464e-6,0.0004575140776106523,0.0,0.04131364855259021,0.0415857482568079,0.33365625187029413
0.0,0.041997303156017615,0.0004021584484137992,0.04170213735679333,0.0411304233134708,0.04151337882302447,0.33356188934683667,0.0,0.041997303156017615,0.0004021584484137992,0.04170213735679333,0.0411304233134708,0.04151337882302447,0.33356188934683667
0.0,0.0,0.0,0.0,0.0,0.08338397949883329,0.41682872398741316,0.0,0.0,0.0,0.0,0.0,0.08338397949883329,0.41682872398741316
0.16683809258219562,0.0,0.0,0.0,0.00003421707222984645,4.4698823280636745e-6,0.33337600000454526,0.16683809258219562,0.0,0.0,0.0,0.00003421707222984645,4.4698823280636745e-6,0.33337600000454526
0.012648539003878117,0.012136014638264341,0.03185201854113226,0.0536622980239859,0.011433421029255705,0.033017340197996986,0.34558976418700477,0.012648539003878117,0.012136014638264341,0.03185201854113226,0.0536622980239859,0.011433421029255705,0.033017340197996986,0.34558976418700477
0.03320546486658273,0.012334751801989204,0.011464066166885955,0.032604054021919564,0.01207073306925044,0.012035248964660199,0.38664809553828966,0.03320546486658273,0.012334751801989204,0.011464066166885955,0.032604054021919564,0.01207073306925044,0.012035248964660199,0.38664809553828966
0.0,0.0,0.041280430298932434,0.08389172873123539,0.0,0.04153024174166673,0.3337352240908246,0.0,0.0,0.041280430298932434,0.08389172873123539,0.0,0.04153024174166673,0.3337352240908246
0.04175477737458495,0.00018131444722341406,0.00006476369237645796,0.04164956472364607,0.041686686807506104,6.156521252281032e-7,0.3748899841265564,0.04175477737458495,0.00018131444722341406,0.00006476369237645796,0.04164956472364607,0.041686686807506104,6.156521252281032e-7,0.3748899841265564
0.04138318679651274,0.08361306930478214,0.0420580471956317,0.00013182675097833982,0.0,3.86847837792694e-7,0.33372031338583463,0.04138318679651274,0.08361306930478214,0.0420580471956317,0.00013182675097833982,0.0,3.86847837792694e-7,0.33372031338583463
0.07383965928902975,0.011906546287922554,0.03251291737700844,0.011709480808805184,0.011702077436134932,0.012864440758970577,0.34573902394552913,0.07383965928902975,0.011906546287922554,0.03251291737700844,0.011709480808805184,0.011702077436134932,0.012864440758970577,0.34573902394552913
0.013202569709183286,0.01276377102946703,0.03216473227834459,0.03223447315583125,0.03274658028754867,0.03292118331405489,0.34515041666368457,0.013202569709183286,0.01276377102946703,0.03216473227834459,0.03223447315583125,0.03274658028754867,0.03292118331405489,0.34515041666368457
0.0003441054065268473,0.000350670644033986,0.041763791235199264,0.04150986583260818,0.04157807125486919,2.70566798383027e-6,0.3752987475046917,0.0003441054065268473,0.000350670644033986,0.041763791235199264,0.04150986583260818,0.04157807125486919,2.70566798383027e-6,0.3752987475046917
0.0,0.12514972232210592,0.04179707192354365,2.9353873068445193e-9,0.0,6.207185441979961e-6,0.3335527165027028,0.0,0.12514972232210592,0.04179707192354365,2.9353873068445193e-9,0.0,6.207185441979961e-6,0.3335527165027028
0.041562859891345776,0.0001720273629627403,0.00006960693118698425,0.00005320370846821316,0.041571130388173734,0.0,0.41685686786398096,0.041562859891345776,0.0001720273629627403,0.00006960693118698425,0.00005320370846821316,0.041571130388173734,0.0,0.41685686786398096
0.01111311335145455,0.011148566169016359,0.010305261285011429,0.07569131137047964,0.012175076735969022,0.011613307221653834,0.368357772683427,0.01111311335145455,0.011148566169016359,0.010305261285011429,0.07569131137047964,0.012175076735969022,0.011613307221653834,0.368357772683427
0.041813988246240094,0.0,0.04181661620639408,0.0,0.041466440951150145,0.000017300114485828184,0.3754849721294169,0.041813988246240094,0.0,0.04181661620639408,0.0,0.041466440951150145,0.000017300114485828184,0.3754849721294169
0.12483430056025614,0.00010545250946417693,0.0,0.0004549072049166759,0.04175998811523119,0.00009951134382596274,0.33313841400222477,0.12483430056025614,0.00010545250946417693,0.0,0.0004549072049166759,0.04175998811523119,0.00009951134382596274,0.33313841400222477
0.04201471211172774,0.08312407696711706,0.0000991383756463968,0.04189789325528954,0.0004953016841814546,1.8347713951414681e-6,0.33307043955551185,0.04201471211172774,0.08312407696711706,0.0000991383756463968,0.04189789325528954,0.0004953016841814546,1.8347713951414681e-6,0.33307043955551185
0.012294529973592318,0.011934965390868928,0.0109164157989218,0.010943748781849907,0.03326306933266147,0.053790020807798634,0.3672774373449789,0.012294529973592318,0.011934965390868928,0.0109164157989218,0.010943748781849907,0.03326306933266147,0.053790020807798634,0.3672774373449789
0.041479007523217114,0.04147261429586255,0.00043894752926803914,0.00012140750132108604,0.04168697259742649,0.04181277338112726,0.3335777365564586,0.041479007523217114,0.04147261429586255,0.00043894752926803914,0.00012140750132108604,0.04168697259742649,0.04181277338112726,0.3335777365564586
0.011818565876451016,0.03263582332039487,0.011085815993599897,0.05328902712706013,0.011374338270091993,0.0329708309848441,0.3477113462129865,0.011818565876451016,0.03263582332039487,0.011085815993599897,0.05328902712706013,0.011374338270091993,0.0329708309848441,0.3477113462129865
0.04209278060909211,0.08298428252094844,0.0,0.000025203720899014108,0.041648610004600885,0.0,0.3340680108319855,0.04209278060909211,0.08298428252094844,0.0,0.000025203720899014108,0.041648610004600885,0.0,0.3340680108319855
0.0,0.04188650757902991,0.0,0.0003083592663108571,0.08356867179600211,0.0417695653651925,0.33378884376009504,0.0,0.04188650757902991,0.0,0.0003083592663108571,0.08356867179600211,0.0417695653651925,0.33378884376009504
4.736026245562183e-6,0.041737154639630375,0.0,0.0,0.000017821595536818025,4.9638134479559714e-8,0.4586021734126181,4.736026245562183e-6,0.041737154639630375,0.0,0.0,0.000017821595536818025,4.9638134479559714e-8,0.4586021734126181
0.0,0.0831220123768414,0.00026076085662214693,0.04131637557210991,0.0,0.0416590021472075,0.33524815449542866,0.0,0.0831220123768414,0.00026076085662214693,0.04131637557210991,0.0,0.0416590021472075,0.33524815449542866
0.013724936372049811,0.013597054975487915,0.05221339642679371,0.013516884515884049,0.03274276771307337,0.032832393340473456,0.34190058049351313,0.013724936372049811,0.013597054975487915,0.05221339642679371,0.013516884515884049,0.03274276771307337,0.032832393340473456,0.34190058049351313
0.011998012723412962,0.05463997851778427,0.010731696000965227,0.032975545660284135,0.0338711600350557,0.010814590343948976,0.34522228098539604,0.011998012723412962,0.05463997851778427,0.010731696000965227,0.032975545660284135,0.0338711600350557,0.010814590343948976,0.34522228098539604
0.009657446039557744,0.01023135901352437,0.03337589982974843,0.014023059538718533,0.013235764348512438,0.012901288855407608,0.4067858612543837,0.009657446039557744,0.01023135901352437,0.03337589982974843,0.014023059538718533,0.013235764348512438,0.012901288855407608,0.4067858612543837
0.011347111692808902,0.01166031218792048,0.033321882891934544,0.013294385434547947,0.0327428275575485,0.011040825489121886,0.3869428584162253,0.011347111692808902,0.01166031218792048,0.033321882891934544,0.013294385434547947,0.0327428275575485,0.011040825489121886,0.3869428584162253
0.00001712369391621244,0.04165632209849786,0.000053236825330120974,0.00016255511927024198,2.361720505109497e-6,0.041554536008093196,0.41669793314738224,0.00001712369391621244,0.04165632209849786,0.000053236825330120974,0.00016255511927024198,2.361720505109497e-6,0.041554536008093196,0.41669793314738224
0.0,0.0,0.0,0.0,0.5000623829469859,0.0,0.0,0.0,0.0,0.0,0.0,0.5000623829469859,0.0,0.0
0.0,0.08333247514680987,0.0,0.04148837898866153,0.04219123801778747,0.0,0.33364889320212404,0.0,0.08333247514680987,0.0,0.04148837898866153,0.04219123801778747,0.0,0.33364889320212404
0.08344739049317551,0.00034538611082564314,0.0,0.00003826916510943139,0.08325711899094242,0.0,0.3332484085139982,0.08344739049317551,0.00034538611082564314,0.0,0.00003826916510943139,0.08325711899094242,0.0,0.3332484085139982
0.03194428134633871,0.05448890495901357,0.012194722855250976,0.03287144322041582,0.012235238501773256,0.011750020767898765,0.34506026815778174,0.03194428134633871,0.05448890495901357,0.012194722855250976,0.03287144322041582,0.012235238501773256,0.011750020767898765,0.34506026815778174
0.031968604860333046,0.014033213363233479,0.011142247832555784,0.012222623310666189,0.012306455266190926,0.0746498896738466,0.34380440070203044,0.031968604860333046,0.014033213363233479,0.011142247832555784,0.012222623310666189,0.012306455266190926,0.0746498896738466,0.34380440070203044
0.033067590319656906,0.011085367269254439,0.03286040073599946,0.011909544589304153,0.010320627243096436,0.03271583752541013,0.36865503303420355,0.033067590319656906,0.011085367269254439,0.03286040073599946,0.011909544589304153,0.010320627243096436,0.03271583752541013,0.36865503303420355
0.052952889718312225,0.011749030170177258,0.032411496504170405,0.011971192432156334,0.011536070677890111,0.011081403756545996,0.3687783566593075,0.052952889718312225,0.011749030170177258,0.032411496504170405,0.011971192432156334,0.011536070677890111,0.011081403756545996,0.3687783566593075
0.0,0.0,0.0,0.0,0.0,0.04163554271873762,0.45844435700227953,0.0,0.0,0.0,0.0,0.0,0.04163554271873762,0.45844435700227953
0.04182132427371766,0.0002196979805902772,0.00018312620787822915,0.04168662212913105,0.00015603694029525723,0.08316093313458846,0.33302621796214804,0.04182132427371766,0.0002196979805902772,0.00018312620787822915,0.04168662212913105,0.00015603694029525723,0.08316093313458846,0.33302621796214804
0.011924496733379626,0.011515532102666896,0.011564794151797095,0.011868241770444416,0.05375767613055034,0.033320695198198004,0.36693698973072136,0.011924496733379626,0.011515532102666896,0.011564794151797095,0.011868241770444416,0.05375767613055034,0.033320695198198004,0.36693698973072136
0.0,0.0,0.0416625045761376,0.00024431568126393713,0.04150267497515408,0.04197371309577766,0.3748858375078987,0.0,0.0,0.0416625045761376,0.00024431568126393713,0.04150267497515408,0.04197371309577766,0.3748858375078987
0.0753719129475371,0.0111592046177953,0.012385430777846214,0.03206244183249808,0.012437168769187964,0.011346150396986419,0.3454365308906948,0.0753719129475371,0.0111592046177953,0.012385430777846214,0.03206244183249808,0.012437168769187964,0.011346150396986419,0.3454365308906948
0.011500644068335364,0.011537647689891654,0.009777879741713062,0.010935222544526972,0.010707301111419456,0.032090244914210246,0.4137851830824266,0.011500644068335364,0.011537647689891654,0.009777879741713062,0.010935222544526972,0.010707301111419456,0.032090244914210246,0.4137851830824266
0.07466483954157997,0.012639126010206888,0.01308677489084577,0.012936864781109536,0.031885614065793266,0.012302126538149067,0.3429054926875959,0.07466483954157997,0.012639126010206888,0.01308677489084577,0.012936864781109536,0.031885614065793266,0.012302126538149067,0.3429054926875959
0.0,0.0,0.0,0.0,0.1251142175299027,0.041668825578947875,0.3333826513521901,0.0,0.0,0.0,0.0,0.1251142175299027,0.041668825578947875,0.3333826513521901
0.01199553429538005,0.012972229552811566,0.032634264060596274,0.03338733107846892,0.032969837327229315,0.011016105528504055,0.3653611113169613,0.01199553429538005,0.012972229552811566,0.032634264060596274,0.03338733107846892,0.032969837327229315,0.011016105528504055,0.3653611113169613
0.0,0.0,0.0,0.12515557279706685,0.04177712587351496,2.726001128753112e-6,0.33342359528871696,0.0,0.0,0.0,0.12515557279706685,0.04177712587351496,2.726001128753112e-6,0.33342359528871696
0.011792133468133091,0.03262966059838863,0.053751699253269045,0.01187304061459756,0.032851107463157656,0.012045926934275763,0.34546272287130375,0.011792133468133091,0.03262966059838863,0.053751699253269045,0.01187304061459756,0.032851107463157656,0.012045926934275763,0.34546272287130375
0.03363849610261616,0.03341600992944864,0.0333469462969325,0.011850294804480506,0.010929194767589872,0.0316345108826707,0.3457170019722365,0.03363849610261616,0.03341600992944864,0.0333469462969325,0.011850294804480506,0.010929194767589872,0.0316345108826707,0.3457170019722365
0.00023525320022772065,0.00028135742921735993,0.0002510056381141266,0.08342268917704289,0.041471833900340115,7.073856016461294e-11,0.37477285930785004,0.00023525320022772065,0.00028135742921735993,0.0002510056381141266,0.08342268917704289,0.041471833900340115,7.073856016461294e-11,0.37477285930785004
0.0,0.04252860192387476,0.1247131704966609,0.00001704039801675121,0.00028281013436610286,0.0003733453880556399,0.3326508628131349,0.0,0.04252860192387476,0.1247131704966609,0.00001704039801675121,0.00028281013436610286,0.0003733453880556399,0.3326508628131349
0.012144770481386909,0.011794842490040907,0.011322058846022746,0.052619870382887894,0.05358097295754188,0.011286801041236291,0.3484517519313464,0.012144770481386909,0.011794842490040907,0.011322058846022746,0.052619870382887894,0.05358097295754188,0.011286801041236291,0.3484517519313464
0.0,0.08344907717487285,3.7525749801997708e-6,0.04163902178964311,0.0,1.139618856227186e-9,0.37510973882139986,0.0,0.08344907717487285,3.7525749801997708e-6,0.04163902178964311,0.0,1.139618856227186e-9,0.37510973882139986
0.0,0.0,0.12509888685288273,0.0,0.00001075866360226734,0.0,0.3751345330370251,0.0,0.0,0.12509888685288273,0.0,0.00001075866360226734,0.0,0.3751345330370251
0.0,0.0,0.041731982582309,0.00007283765444646608,0.08334159116683662,0.041943530446809596,0.3331884857131808,0.0,0.0,0.041731982582309,0.00007283765444646608,0.08334159116683662,0.041943530446809596,0.3331884857131808
0.03167694812718924,0.011723770226453238,0.03316997765716681,0.05486141077819203,0.011160127381928899,0.011149971479065306,0.346845574867507,0.03167694812718924,0.011723770226453238,0.03316997765716681,0.05486141077819203,0.011160127381928899,0.011149971479065306,0.346845574867507
0.013098286645107565,0.012977006130626637,0.032576494813869705,0.011903407909647735,0.07459775380276482,0.012330359911422246,0.3439801114131075,0.013098286645107565,0.012977006130626637,0.032576494813869705,0.011903407909647735,0.07459775380276482,0.012330359911422246,0.3439801114131075
0.03271983364636958,0.07654517137079728,0.009867477070304692,0.013199015643950951,0.012019808474098902,0.011088083432166232,0.34673813661144876,0.03271983364636958,0.07654517137079728,0.009867477070304692,0.013199015643950951,0.012019808474098902,0.011088083432166232,0.34673813661144876
0.0,0.0,0.0,0.08333573192494094,0.0,0.08338140426931516,0.33349908451374866,0.0,0.0,0.0,0.08333573192494094,0.0,0.08338140426931516,0.33349908451374866
0.04208342831733536,0.00035401512254683363,0.1250022327116843,0.000707548434962643,0.0003242380069375616,0.00025956064888085946,0.332340027431137,0.04208342831733536,0.00035401512254683363,0.1250022327116843,0.000707548434962643,0.0003242380069375616,0.00025956064888085946,0.332340027431137
0.012513534761033299,0.03367929824913326,0.05204973938512709,0.033802001863192044,0.011668457913430838,0.012484461381124677,0.34423460095366704,0.012513534761033299,0.03367929824913326,0.05204973938512709,0.033802001863192044,0.011668457913430838,0.012484461381124677,0.34423460095366704
0.0,0.08349921821403299,0.00022901303597040287,0.08327159614447273,0.00012677295905766956,1.6728419978731305e-8,0.3329920065244062,0.0,0.08349921821403299,0.00022901303597040287,0.08327159614447273,0.00012677295905766956,1.6728419978731305e-8,0.3329920065244062
0.012123330992173383,0.012202299658271043,0.011471836994580693,0.0523780809031205,0.012170609520318858,0.03297118040997769,0.3679185086711966,0.012123330992173383,0.012202299658271043,0.011471836994580693,0.0523780809031205,0.012170609520318858,0.03297118040997769,0.3679185086711966
0.03253443566279544,0.0105867171417213,0.012118035114415305,0.05333724072857101,0.03290307140330577,0.012492356641746378,0.34637480464521375,0.03253443566279544,0.0105867171417213,0.012118035114415305,0.05333724072857101,0.03290307140330577,0.012492356641746378,0.34637480464521375
0.08353051964875757,0.00003997099955939298,0.0,0.0836177264935425,0.0,0.0,0.3332405127154896,0.08353051964875757,0.00003997099955939298,0.0,0.0836177264935425,0.0,0.0,0.3332405127154896
0.041935120178599204,0.04161967441958965,0.0,0.0,0.00016159079472780763,0.08341563127804381,0.33357319884653314,0.041935120178599204,0.04161967441958965,0.0,0.0,0.00016159079472780763,0.08341563127804381,0.33357319884653314
0.011923501514776972,0.012050258674472677,0.05380383682768978,0.012113051440889791,0.01148658252227577,0.032632197021894634,0.3664126349295825,0.011923501514776972,0.012050258674472677,0.05380383682768978,0.012113051440889791,0.01148658252227577,0.032632197021894634,0.3664126349295825
0.0,0.0,0.08332218155773317,0.04182381330693614,0.0,1.6023904494870872e-10,0.3752435250800625,0.0,0.0,0.08332218155773317,0.04182381330693614,0.0,1.6023904494870872e-10,0.3752435250800625
0.01281564312467265,0.012848098006243439,0.012549012950596426,0.05314342673410856,0.011271898331220949,0.011674777027363253,0.3861346809022312,0.01281564312467265,0.012848098006243439,0.012549012950596426,0.05314342673410856,0.011271898331220949,0.011674777027363253,0.3861346809022312
6.9489900085004525e-6,0.08360488580881005,0.0,0.0,0.0,0.04154010719678705,0.3753669724075747,6.9489900085004525e-6,0.08360488580881005,0.0,0.0,0.0,0.04154010719678705,0.3753669724075747
0.03171759440687716,0.05421027471422057,0.011975085656612025,0.011965249635756773,0.011184932033050347,0.011627028229835726,0.3675532702641805,0.03171759440687716,0.05421027471422057,0.011975085656612025,0.011965249635756773,0.011184932033050347,0.011627028229835726,0.3675532702641805
0.12506287627532894,0.042691197531161816,0.0,0.0,0.0004471588463754871,0.0,0.3323075978883464,0.12506287627532894,0.042691197531161816,0.0,0.0,0.0004471588463754871,0.0,0.3323075978883464
0.032471627152570515,0.032784020293448964,0.011744474496085244,0.03294373128231298,0.011872590488996483,0.03273948783446023,0.34633129085948977,0.032471627152570515,0.032784020293448964,0.011744474496085244,0.03294373128231298,0.011872590488996483,0.03273948783446023,0.34633129085948977
0.04178027327782418,0.00006870541410639665,0.0,0.0415224064402909,0.0416136471453493,0.04182482970935991,0.33353695933566363,0.04178027327782418,0.00006870541410639665,0.0,0.0415224064402909,0.0416136471453493,0.04182482970935991,0.33353695933566363
0.05437819438803165,0.01107280744183859,0.03271686675128933,0.03300994211345743,0.010560749882485978,0.011731783222008409,0.34701339056909486,0.05437819438803165,0.01107280744183859,0.03271686675128933,0.03300994211345743,0.010560749882485978,0.011731783222008409,0.34701339056909486
0.053856077065646046,0.012772523312792597,0.011350431412306987,0.011287454555275318,0.03319333400777061,0.010958383828819779,0.3669986694811997,0.053856077065646046,0.012772523312792597,0.011350431412306987,0.011287454555275318,0.03319333400777061,0.010958383828819779,0.3669986694811997
0.012259657185735146,0.012243807263183106,0.033606995233078626,0.009600348473329811,0.05356719999586655,0.03315343051590406,0.346187040600747,0.012259657185735146,0.012243807263183106,0.033606995233078626,0.009600348473329811,0.05356719999586655,0.03315343051590406,0.346187040600747
0.00014869043124380647,0.042129015684424426,0.00014472948187826192,0.08364412528884291,0.04106828393567107,4.435204851533404e-8,0.33313670834969533,0.00014869043124380647,0.042129015684424426,0.00014472948187826192,0.08364412528884291,0.04106828393567107,4.435204851533404e-8,0.33313670834969533
0.0006370263946012852,0.041890950067052686,0.041461991295725344,0.08305363703433713,0.00012696397602808784,0.0,0.33307952362682686,0.0006370263946012852,0.041890950067052686,0.041461991295725344,0.08305363703433713,0.00012696397602808784,0.0,0.33307952362682686
0.03208862114839092,0.013158264821057898,0.010409555376104874,0.008975363300588688,0.009663589028616405,0.011590298555740315,0.41460275860838786,0.03208862114839092,0.013158264821057898,0.010409555376104874,0.008975363300588688,0.009663589028616405,0.011590298555740315,0.41460275860838786
0.013139662246427986,0.013814807821205907,0.0529504133850507,0.05288596714949584,0.012467415338295674,0.012395898250621462,0.34267538084891447,0.013139662246427986,0.013814807821205907,0.0529504133850507,0.05288596714949584,0.012467415338295674,0.012395898250621462,0.34267538084891447
0.05363508296507492,0.012450896232452529,0.012056017993373051,0.03223101255788939,0.032306204365447094,0.012248725577206993,0.34534230273854544,0.05363508296507492,0.012450896232452529,0.012056017993373051,0.03223101255788939,0.032306204365447094,0.012248725577206993,0.34534230273854544
0.07647294992475168,0.012448469326435323,0.01144850509759372,0.010038010198563155,0.011202317278406822,0.011103597494849229,0.36753033427247894,0.07647294992475168,0.012448469326435323,0.01144850509759372,0.010038010198563155,0.011202317278406822,0.011103597494849229,0.36753033427247894
0.011276629804599828,0.03176366262638848,0.053068497489379446,0.011895863082091335,0.013341528715657682,0.012005182375480074,0.36698801493395056,0.011276629804599828,0.03176366262638848,0.053068497489379446,0.011895863082091335,0.013341528715657682,0.012005182375480074,0.36698801493395056
0.012902492501105261,0.012634677739941317,0.010729122635988792,0.011384844689479959,0.011909320575617865,0.07454781710779325,0.366820356456805,0.012902492501105261,0.012634677739941317,0.010729122635988792,0.011384844689479959,0.011909320575617865,0.07454781710779325,0.366820356456805
0.012602248684092725,0.01224517293622268,0.03280205904867444,0.05307560063838613,0.011775897691379662,0.010482928018246412,0.36764607723101084,0.012602248684092725,0.01224517293622268,0.03280205904867444,0.05307560063838613,0.011775897691379662,0.010482928018246412,0.36764607723101084
0.0,0.0,0.0,0.04168694634428043,0.041754943516106105,0.08347827450139446,0.33331920106583124,0.0,0.0,0.0,0.04168694634428043,0.041754943516106105,0.08347827450139446,0.33331920106583124
0.011666053941896256,0.011931182691812686,0.0743258605332997,0.03231860314097715,0.012015795150333105,0.012003157665187045,0.34604842486418647,0.011666053941896256,0.011931182691812686,0.0743258605332997,0.03231860314097715,0.012015795150333105,0.012003157665187045,0.34604842486418647
0.012268184731698824,0.03259928716840426,0.011827756692140395,0.011934472132955265,0.03227537042252088,0.011451573644171174,0.38798386183624733,0.012268184731698824,0.03259928716840426,0.011827756692140395,0.011934472132955265,0.03227537042252088,0.011451573644171174,0.38798386183624733
0.00006938831827083838,0.04193965854397941,0.00006421674764338134,0.041721367205567454,0.041757843946020265,0.000012567848905420614,0.37523085354042024,0.00006938831827083838,0.04193965854397941,0.00006421674764338134,0.041721367205567454,0.041757843946020265,0.000012567848905420614,0.37523085354042024
0.00006266800619584493,0.00006446657997280829,0.00006865319266159112,0.04188055523899849,0.00010929523244583796,0.08321195943967587,0.3750697906095794,0.00006266800619584493,0.00006446657997280829,0.00006865319266159112,0.04188055523899849,0.00010929523244583796,0.08321195943967587,0.3750697906095794
0.0,0.08340359383377309,0.04182786745595503,0.0,0.0,0.041621571307065904,0.33376760009200296,0.0,0.08340359383377309,0.04182786745595503,0.0,0.0,0.041621571307065904,0.33376760009200296
0.08352257781421618,6.934394349945264e-6,0.00005834615671673909,0.04164496116908816,0.04181285746389368,0.0,0.33331214169094703,0.08352257781421618,6.934394349945264e-6,0.00005834615671673909,0.04164496116908816,0.04181285746389368,0.0,0.33331214169094703
0.08346264998332661,0.0,0.0,0.04176463025179195,0.0,8.12497955584428e-8,0.3754803954642224,0.08346264998332661,0.0,0.0,0.04176463025179195,0.0,8.12497955584428e-8,0.3754803954642224
0.012233842555764715,0.03302867714727737,0.012058621598017304,0.05297952288037556,0.013259165966691086,0.01183465628695066,0.36495718469025484,0.012233842555764715,0.03302867714727737,0.012058621598017304,0.05297952288037556,0.013259165966691086,0.01183465628695066,0.36495718469025484
0.0,0.0,0.0,0.0,0.08325331368754744,0.0,0.4169517787826594,0.0,0.0,0.0,0.0,0.08325331368754744,0.0,0.4169517787826594
0.0,0.08331337974668712,0.0,3.495273604304899e-6,0.0,1.1952982946252414e-11,0.4170739917531381,0.0,0.08331337974668712,0.0,3.495273604304899e-6,0.0,1.1952982946252414e-11,0.4170739917531381
0.012144863201302064,0.07555736066712034,0.032489187120614015,0.013112810406492613,0.011900724374397579,0.012223140202844787,0.343035104369843,0.012144863201302064,0.07555736066712034,0.032489187120614015,0.013112810406492613,0.011900724374397579,0.012223140202844787,0.343035104369843
0.0,0.0,0.0,0.08340718954372509,0.04167522718752991,0.041661540566298116,0.3335571054267974,0.0,0.0,0.0,0.08340718954372509,0.04167522718752991,0.041661540566298116,0.3335571054267974
0.0002993305414714268,0.04204209607610052,0.0,0.04175002090262935,0.00008954546120680229,0.08330732218927972,0.3337032397853936,0.0002993305414714268,0.04204209607610052,0.0,0.04175002090262935,0.00008954546120680229,0.08330732218927972,0.3337032397853936
0.08376756666442461,0.0,0.041552381062711474,2.0277901686468818e-7,0.041419297914148355,0.0000998352750841531,0.33420045476176824,0.08376756666442461,0.0,0.041552381062711474,2.0277901686468818e-7,0.041419297914148355,0.0000998352750841531,0.33420045476176824
0.08379018427873185,0.00032742116787020845,0.0,0.04155930297491825,0.0,0.04148218517293442,0.33304814753726747,0.08379018427873185,0.00032742116787020845,0.0,0.04155930297491825,0.0,0.04148218517293442,0.33304814753726747
0.011609449087315019,0.03222045822123614,0.010622608948223942,0.033214181044248475,0.05480077431581579,0.011841631248051874,0.34604224097832775,0.011609449087315019,0.03222045822123614,0.010622608948223942,0.033214181044248475,0.05480077431581579,0.011841631248051874,0.34604224097832775
0.001079888410958464,0.08344937577526881,0.00003876532785567669,0.0003833098104783215,0.04196502090932559,0.04170870152034284,0.3323792552682497,0.001079888410958464,0.08344937577526881,0.00003876532785567669,0.0003833098104783215,0.04196502090932559,0.04170870152034284,0.3323792552682497
0.011599423851121459,0.03265038864864187,0.011963005490140524,0.01169255753303032,0.012652309955308567,0.03164471497917864,0.3895486115531654,0.011599423851121459,0.03265038864864187,0.011963005490140524,0.01169255753303032,0.012652309955308567,0.03164471497917864,0.3895486115531654
0.00003653618224672099,0.000036697515941201564,6.68470943603796e-6,0.0833689662737258,0.000013891162619322264,0.0,0.4169373541240344,0.00003653618224672099,0.000036697515941201564,6.68470943603796e-6,0.0833689662737258,0.000013891162619322264,0.0,0.4169373541240344
0.04135923556145586,0.0,0.08413080523981094,0.000011667387169470893,0.04162866823596201,0.0,0.33346442760536493,0.04135923556145586,0.0,0.08413080523981094,0.000011667387169470893,0.04162866823596201,0.0,0.33346442760536493
0.05180831152443082,0.034488875901385,0.011674987513649917,0.012075295311477385,0.01244374495017734,0.03239688892830819,0.3454795580826243,0.05180831152443082,0.034488875901385,0.011674987513649917,0.012075295311477385,0.01244374495017734,0.03239688892830819,0.3454795580826243
0.05328295338701094,0.011608442791838683,0.01263561441468958,0.05369931275711764,0.010722325026553731,0.01271907859582713,0.34590876254432995,0.05328295338701094,0.011608442791838683,0.01263561441468958,0.05369931275711764,0.010722325026553731,0.01271907859582713,0.34590876254432995
0.03321819339283168,0.011884323281784393,0.05313558730002344,0.012049295059091853,0.03268078254139368,0.011891556553560875,0.3456479338332942,0.03321819339283168,0.011884323281784393,0.05313558730002344,0.012049295059091853,0.03268078254139368,0.011891556553560875,0.3456479338332942
0.0,0.0,0.0,0.12517844436829487,3.8813739863321675e-6,0.0,0.3753593946370733,0.0,0.0,0.0,0.12517844436829487,3.8813739863321675e-6,0.0,0.3753593946370733
0.00021105238195672087,0.08343737390775142,0.00013698409119092023,0.00007875103688405311,0.08330169715429102,0.0,0.33319406018237036,0.00021105238195672087,0.08343737390775142,0.00013698409119092023,0.00007875103688405311,0.08330169715429102,0.0,0.33319406018237036
0.011292452139819767,0.011658352218230276,0.011663744978070404,0.011295450990946062,0.032794854955063985,0.07494004999376301,0.3471295518130988,0.011292452139819767,0.011658352218230276,0.011663744978070404,0.011295450990946062,0.032794854955063985,0.07494004999376301,0.3471295518130988
0.011178482880238741,0.053337123013617746,0.03300904093163477,0.01276412075971042,0.010758627771289372,0.031808422983908326,0.3475293242326345,0.011178482880238741,0.053337123013617746,0.03300904093163477,0.01276412075971042,0.010758627771289372,0.031808422983908326,0.3475293242326345
0.0117643176974119,0.033306748439358276,0.01194815981462304,0.032070680456635116,0.011802041298947885,0.032796973121643536,0.36751578346783387,0.0117643176974119,0.033306748439358276,0.01194815981462304,0.032070680456635116,0.011802041298947885,0.032796973121643536,0.36751578346783387
0.0,0.0,0.041394578029765025,0.08373591085536423,0.04164588881902627,3.323661742634591e-8,0.33416687667191397,0.0,0.0,0.041394578029765025,0.08373591085536423,0.04164588881902627,3.323661742634591e-8,0.33416687667191397
0.04171879039495075,0.041774236496273036,0.0,0.0,0.0,0.0,0.4166268623225328,0.04171879039495075,0.041774236496273036,0.0,0.0,0.0,0.0,0.4166268623225328
0.05191032507536428,0.03444003585796186,0.01333219761154679,0.011842013601002612,0.012225061606701554,0.011394621113842792,0.36515717317432994,0.05191032507536428,0.03444003585796186,0.01333219761154679,0.011842013601002612,0.012225061606701554,0.011394621113842792,0.36515717317432994
0.01056963862413884,0.034057644803852545,0.05397843018898629,0.012255101894208056,0.01166210085573734,0.0324983122132029,0.34608098870109766,0.01056963862413884,0.034057644803852545,0.05397843018898629,0.012255101894208056,0.01166210085573734,0.0324983122132029,0.34608098870109766
0.0,0.0,0.08344241157746658,0.00010346945140357575,0.0418102655126415,0.0,0.3752870968835908,0.0,0.0,0.08344241157746658,0.00010346945140357575,0.0418102655126415,0.0,0.3752870968835908
0.03243075504927094,0.01178989577466736,0.03175956255179943,0.012975766994283837,0.05406137442644026,0.011148079160121943,0.3459857576052642,0.03243075504927094,0.01178989577466736,0.03175956255179943,0.012975766994283837,0.05406137442644026,0.011148079160121943,0.3459857576052642
0.0,0.041596310187217114,4.242552302605228e-6,0.0,0.04178014036166784,0.041523467872810506,0.37532174411290553,0.0,0.041596310187217114,4.242552302605228e-6,0.0,0.04178014036166784,0.041523467872810506,0.37532174411290553
0.032277651425973795,0.013096113720757993,0.011644088714580106,0.011696013828011253,0.07478953777140837,0.011456760537694165,0.34610404802843225,0.032277651425973795,0.013096113720757993,0.011644088714580106,0.011696013828011253,0.07478953777140837,0.011456760537694165,0.34610404802843225
0.0324320727848183,0.01244496922961283,0.011896724793881262,0.03240546867985986,0.011396438439736705,0.03275079021118232,0.36737720098601007,0.0324320727848183,0.01244496922961283,0.011896724793881262,0.03240546867985986,0.011396438439736705,0.03275079021118232,0.36737720098601007
0.0,0.0,0.04193258191065786,0.041653295838821,0.04166723757685415,0.041478366334335603,0.3335199302627445,0.0,0.0,0.04193258191065786,0.041653295838821,0.04166723757685415,0.041478366334335603,0.3335199302627445
0.011898682496317432,0.032009734991543824,0.03267632634890391,0.012489675795896651,0.03247638995806459,0.011691404880701483,0.36704489037140536,0.011898682496317432,0.032009734991543824,0.03267632634890391,0.012489675795896651,0.03247638995806459,0.011691404880701483,0.36704489037140536
0.05285264142122608,0.011069698162364701,0.053402786045771006,0.013378630087716043,0.01191725964714445,0.012024875590254069,0.3459585430002332,0.05285264142122608,0.011069698162364701,0.053402786045771006,0.013378630087716043,0.01191725964714445,0.012024875590254069,0.3459585430002332
0.04152813940507356,0.08358284905929188,0.0,0.0,0.0,6.28090673888722e-7,0.3755024453315442,0.04152813940507356,0.08358284905929188,0.0,0.0,0.0,6.28090673888722e-7,0.3755024453315442
0.03283828221350536,0.011410805709115047,0.012363614567234244,0.032184316921113405,0.03218536212760498,0.012294483436423552,0.3676138339423364,0.03283828221350536,0.011410805709115047,0.012363614567234244,0.032184316921113405,0.03218536212760498,0.012294483436423552,0.3676138339423364
0.08285870829657473,0.04196987640677156,0.04153860706254137,0.00041344022610976296,8.444353265731562e-6,0.00014529631947529802,0.3334407440413144,0.08285870829657473,0.04196987640677156,0.04153860706254137,0.00041344022610976296,8.444353265731562e-6,0.00014529631947529802,0.3334407440413144
0.012986613693332956,0.012835054420053406,0.01269769534216031,0.011123358168889843,0.012285111003547235,0.00908530026124688,0.4297228315234708,0.012986613693332956,0.012835054420053406,0.01269769534216031,0.011123358168889843,0.012285111003547235,0.00908530026124688,0.4297228315234708
0.000038317745691596076,0.00003808544254892623,0.00001121290308729336,0.041980756137667934,0.041523241427235694,0.04160178409075846,0.37513198307782725,0.000038317745691596076,0.00003808544254892623,0.00001121290308729336,0.041980756137667934,0.041523241427235694,0.04160178409075846,0.37513198307782725
0.00010364899155000094,0.00010163884821488863,0.041633728292074304,0.04193570103973176,0.0002987610128792679,0.0831675319068137,0.3330526605719456,0.00010364899155000094,0.00010163884821488863,0.041633728292074304,0.04193570103973176,0.0002987610128792679,0.0831675319068137,0.3330526605719456
0.0,0.0,0.0,0.0,0.08325714465554937,0.08344274147725633,0.33346980141800486,0.0,0.0,0.0,0.0,0.08325714465554937,0.08344274147725633,0.33346980141800486
0.0,0.042605311133387586,0.08264207752389036,0.000027228436108131274,0.041622821847036924,5.56865057030587e-6,0.3343982288763393,0.0,0.042605311133387586,0.08264207752389036,0.000027228436108131274,0.041622821847036924,5.56865057030587e-6,0.3343982288763393
0.011560751580599875,0.05352952254763645,0.032988013736492544,0.012226682149485892,0.03272374036533733,0.011570438260838398,0.3459376442905592,0.011560751580599875,0.05352952254763645,0.032988013736492544,0.012226682149485892,0.03272374036533733,0.011570438260838398,0.3459376442905592
0.0,0.0,0.5003428113612536,0.0,0.0,0.0,0.0,0.0,0.0,0.5003428113612536,0.0,0.0,0.0,0.0
0.0,0.0,0.08350643109614582,0.04201253704506673,0.0,0.041482744177164396,0.3333898420934946,0.0,0.0,0.08350643109614582,0.04201253704506673,0.0,0.041482744177164396,0.3333898420934946
0.032460373164178484,0.03246849986810755,0.03324024685432924,0.03198266456261603,0.011462749229719078,0.011954547395253728,0.34685567830586467,0.032460373164178484,0.03246849986810755,0.03324024685432924,0.03198266456261603,0.011462749229719078,0.011954547395253728,0.34685567830586467
0.032691384647619004,0.032753628753769005,0.012192536455133612,0.012295424427465586,0.011680904819546952,0.011281790895261035,0.3879001463232016,0.032691384647619004,0.032753628753769005,0.012192536455133612,0.012295424427465586,0.011680904819546952,0.011281790895261035,0.3879001463232016
0.0,0.0,0.08347218777098706,0.08315199833682027,0.0,0.0,0.33356909219413355,0.0,0.0,0.08347218777098706,0.08315199833682027,0.0,0.0,0.33356909219413355
0.04207742263116925,0.0,0.00031959911730356405,0.00014358378418526577,0.0835197211300209,0.0,0.374064658275409,0.04207742263116925,0.0,0.00031959911730356405,0.00014358378418526577,0.0835197211300209,0.0,0.374064658275409
0.0742201308690971,0.013175972637340523,0.013094760815410677,0.012240741988505992,0.011935069213582018,0.03375237082747799,0.34172769215224474,0.0742201308690971,0.013175972637340523,0.013094760815410677,0.012240741988505992,0.011935069213582018,0.03375237082747799,0.34172769215224474
0.011785751356895031,0.0533661547560761,0.032814722444998314,0.012101601528374549,0.011573627108038708,0.012119500246941767,0.36725496832058,0.011785751356895031,0.0533661547560761,0.032814722444998314,0.012101601528374549,0.011573627108038708,0.012119500246941767,0.36725496832058
0.013237617543307429,0.013279409737384016,0.013016073241557641,0.05269495487860618,0.031613169867631324,0.03335058700986343,0.34353670880106835,0.013237617543307429,0.013279409737384016,0.013016073241557641,0.05269495487860618,0.031613169867631324,0.03335058700986343,0.34353670880106835
0.0006110368366084055,0.041716559017627566,0.00011456964661101653,0.12474946935550606,0.0,0.0,0.33312089287147734,0.0006110368366084055,0.041716559017627566,0.00011456964661101653,0.12474946935550606,0.0,0.0,0.33312089287147734
0.0,0.0,0.0,0.0,0.12505897314439804,4.8123577688393536e-11,0.37512710228286184,0.0,0.0,0.0,0.0,0.12505897314439804,4.8123577688393536e-11,0.37512710228286184
0.05254830521703007,0.013481477399897588,0.01126093367487424,0.01366534491297237,0.033329442946269515,0.03216272411358848,0.3438381494033917,0.05254830521703007,0.013481477399897588,0.01126093367487424,0.01366534491297237,0.033329442946269515,0.03216272411358848,0.3438381494033917
0.03317924238571633,0.0332043362140712,0.011825896051695825,0.011720360081613066,0.032896788695395855,0.011823088650291356,0.36649382751627735,0.03317924238571633,0.0332043362140712,0.011825896051695825,0.011720360081613066,0.032896788695395855,0.011823088650291356,0.36649382751627735
0.00011094592768834182,0.0,0.00011064592549880407,0.08347507946438901,0.08346346839735781,8.941924892146805e-6,0.3336028128767452,0.00011094592768834182,0.0,0.00011064592549880407,0.08347507946438901,0.08346346839735781,8.941924892146805e-6,0.3336028128767452
0.011122605771318836,0.011357777929941396,0.013295486176397173,0.012547848183592092,0.07418494522193829,0.011700910171601667,0.36608324610589826,0.011122605771318836,0.011357777929941396,0.013295486176397173,0.012547848183592092,0.07418494522193829,0.011700910171601667,0.36608324610589826
0.08285075198035197,0.04161979063286952,0.0,0.0010336115674263557,0.00026711391517336925,0.04143991628312187,0.3332591830380284,0.08285075198035197,0.04161979063286952,0.0,0.0010336115674263557,0.00026711391517336925,0.04143991628312187,0.3332591830380284
0.04194912007904097,3.482791705834601e-6,0.04163117968420757,0.041642930527722534,0.04181081863577143,0.0,0.3332897538541505,0.04194912007904097,3.482791705834601e-6,0.04163117968420757,0.041642930527722534,0.04181081863577143,0.0,0.3332897538541505
0.033214776649617125,0.012190701632760719,0.007613069404404508,0.03253737901320046,0.05449360181667133,0.012052969847570327,0.34853067877129834,0.033214776649617125,0.012190701632760719,0.007613069404404508,0.03253737901320046,0.05449360181667133,0.012052969847570327,0.34853067877129834
0.011973740779534779,0.0332298722294898,0.011855104165512184,0.03279149020356479,0.01190812500815794,0.012882784802287347,0.3855305082422536,0.011973740779534779,0.0332298722294898,0.011855104165512184,0.03279149020356479,0.01190812500815794,0.012882784802287347,0.3855305082422536
0.012324477418616302,0.032637308135627,0.013371131063241741,0.031234966974030255,0.011267426009558143,0.05359143496697018,0.34620034537557304,0.012324477418616302,0.032637308135627,0.013371131063241741,0.031234966974030255,0.011267426009558143,0.05359143496697018,0.34620034537557304
0.01296517799797543,0.03326470170281458,0.011583121419524932,0.03128936022870185,0.032624623706411685,0.03286192156446708,0.34577571074365077,0.01296517799797543,0.03326470170281458,0.011583121419524932,0.03128936022870185,0.032624623706411685,0.03286192156446708,0.34577571074365077
0.012076216853529156,0.03370405151323639,0.033179207132429576,0.03203260949715728,0.012077091445129544,0.03321769452535825,0.34416306757016585,0.012076216853529156,0.03370405151323639,0.033179207132429576,0.03203260949715728,0.012077091445129544,0.03321769452535825,0.34416306757016585
0.0538544083938163,0.014030313690960448,0.032814702385687865,0.012353834278643235,0.010005451478657118,0.03183681273636226,0.3457499482222396,0.0538544083938163,0.014030313690960448,0.032814702385687865,0.012353834278643235,0.010005451478657118,0.03183681273636226,0.3457499482222396
0.00037330793333244743,0.04178242223523197,0.0,0.04180414139623778,0.000035976900214759814,0.041797467652750664,0.3744772765643158,0.00037330793333244743,0.04178242223523197,0.0,0.04180414139623778,0.000035976900214759814,0.041797467652750664,0.3744772765643158
0.0003466248284985665,0.04243842867873443,0.00007665477099900244,0.0006164899458151444,0.0005100156424469333,0.08271475128759606,0.3737535188327869,0.0003466248284985665,0.04243842867873443,0.00007665477099900244,0.0006164899458151444,0.0005100156424469333,0.08271475128759606,0.3737535188327869
0.03394317338975496,0.011794738658467514,0.012779606139298572,0.03326720449569957,0.03326118744170396,0.0319125197047485,0.3439333712974056,0.03394317338975496,0.011794738658467514,0.012779606139298572,0.03326720449569957,0.03326118744170396,0.0319125197047485,0.3439333712974056
0.0,0.0,0.1251672531908771,0.000027211014879231552,0.04160118376321513,0.0,0.3342187626054133,0.0,0.0,0.1251672531908771,0.000027211014879231552,0.04160118376321513,0.0,0.3342187626054133
0.012738968487831452,0.01260982103988573,0.05348214462162641,0.011883486004167575,0.03219322761501092,0.011675759164092931,0.36599034860988394,0.012738968487831452,0.01260982103988573,0.05348214462162641,0.011883486004167575,0.03219322761501092,0.011675759164092931,0.36599034860988394
0.0,0.0,0.08331144570141252,0.0,0.04181476478771961,0.04165287734809994,0.33335917740509,0.0,0.0,0.08331144570141252,0.0,0.04181476478771961,0.04165287734809994,0.33335917740509
0.010960806912891951,0.05328206811588771,0.032839319388380785,0.0318191979070064,0.011537577587448423,0.011502919336453333,0.34890266117756963,0.010960806912891951,0.05328206811588771,0.032839319388380785,0.0318191979070064,0.011537577587448423,0.011502919336453333,0.34890266117756963
0.0,0.0,0.0,0.0,0.0,0.5000667006871069,0.0,0.0,0.0,0.0,0.0,0.0,0.5000667006871069,0.0
0.000838245407723718,0.041993210763955055,3.481643988775122e-6,0.00004895157928167176,0.12495017902275564,0.0,0.3334170636575702,0.000838245407723718,0.041993210763955055,3.481643988775122e-6,0.00004895157928167176,0.12495017902275564,0.0,0.3334170636575702
0.041756896649161414,0.0,0.00006076132049719984,0.00021659700330713735,0.04174718745941152,0.0832431851715237,0.3333592943693339,0.041756896649161414,0.0,0.00006076132049719984,0.00021659700330713735,0.04174718745941152,0.0832431851715237,0.3333592943693339
0.08346243301406783,0.0002412476216694594,0.0,0.00010379342773188335,0.0414597078363445,4.131717748121195e-6,0.3750331268739213,0.08346243301406783,0.0002412476216694594,0.0,0.00010379342773188335,0.0414597078363445,4.131717748121195e-6,0.3750331268739213
0.08339908613964148,0.0,0.0,0.00003922643205051104,0.000010218298256899018,4.507509141229588e-6,0.41678529812841747,0.08339908613964148,0.0,0.0,0.00003922643205051104,0.000010218298256899018,4.507509141229588e-6,0.41678529812841747
0.05353832522337856,0.053729692880600366,0.011631841508329068,0.011675535215760048,0.011791705266392158,0.012541950222905655,0.34559133624410915,0.05353832522337856,0.053729692880600366,0.011631841508329068,0.011675535215760048,0.011791705266392158,0.012541950222905655,0.34559133624410915
0.031572620284281115,0.009583907261169361,0.05313894589515389,0.011719530530948562,0.011898332290758932,0.01130499152062705,0.3713654658942835,0.031572620284281115,0.009583907261169361,0.05313894589515389,0.011719530530948562,0.011898332290758932,0.01130499152062705,0.3713654658942835
0.03294928068197352,0.012211070877961602,0.05289996724812998,0.01203936292046294,0.01209786831218536,0.032601067842171136,0.34574474429352386,0.03294928068197352,0.012211070877961602,0.05289996724812998,0.01203936292046294,0.01209786831218536,0.032601067842171136,0.34574474429352386
0.04127329359789463,0.0,0.00010091061074609955,0.041448182432994196,0.08346624083442761,0.0,0.33441479998448415,0.04127329359789463,0.0,0.00010091061074609955,0.041448182432994196,0.08346624083442761,0.0,0.33441479998448415
0.041852487646156664,0.04196658656246716,0.041578108453075385,0.0,0.0414929824568141,3.7057060779613603e-16,0.3336595745504732,0.041852487646156664,0.04196658656246716,0.041578108453075385,0.0,0.0414929824568141,3.7057060779613603e-16,0.3336595745504732
0.00032195815433010236,0.00007500917074171474,0.0000989207252896037,0.042016718482799045,0.12505533172343136,0.00013676918600140616,0.33315861434315575,0.00032195815433010236,0.00007500917074171474,0.0000989207252896037,0.042016718482799045,0.12505533172343136,0.00013676918600140616,0.33315861434315575
0.0,0.0,0.08340116522774133,0.0,0.0,0.041662578439926275,0.37528406540098946,0.0,0.0,0.08340116522774133,0.0,0.0,0.041662578439926275,0.37528406540098946
0.00006644321605762362,0.000016491828839196507,0.16682385162052799,0.0,0.0,0.0,0.33337986879980663,0.00006644321605762362,0.000016491828839196507,0.16682385162052799,0.0,0.0,0.0,0.33337986879980663
0.03327527095287649,0.011202698018954826,0.010701489204524987,0.033128143896720495,0.01114077184977634,0.05342095696033211,0.34752213533567783,0.03327527095287649,0.011202698018954826,0.010701489204524987,0.033128143896720495,0.01114077184977634,0.05342095696033211,0.34752213533567783
0.00005161575016763649,0.00008663575427684705,0.08326333358454774,0.00008477838042219446,0.0,0.08353211836776177,0.33334793031224563,0.00005161575016763649,0.00008663575427684705,0.08326333358454774,0.00008477838042219446,0.0,0.08353211836776177,0.33334793031224563
0.011927509236932457,0.011696874062601859,0.07425543097900193,0.011291515904343673,0.032708483507775346,0.01196523769888993,0.3464284940530632,0.011927509236932457,0.011696874062601859,0.07425543097900193,0.011291515904343673,0.032708483507775346,0.01196523769888993,0.3464284940530632
0.0,0.0,0.041807066774940845,0.041457262651281655,0.0,1.197456376068195e-11,0.41685457766525535,0.0,0.0,0.041807066774940845,0.041457262651281655,0.0,1.197456376068195e-11,0.41685457766525535
0.03257770296214395,0.052638154637198564,0.031957398595818004,0.011220646355743618,0.013175800204483293,0.012448632061786664,0.34659385024124983,0.03257770296214395,0.052638154637198564,0.031957398595818004,0.011220646355743618,0.013175800204483293,0.012448632061786664,0.34659385024124983
0.012032863603331922,0.05379077149061172,0.011406810060536187,0.011899246750506052,0.012601826986284885,0.012476090404848674,0.38620132129522516,0.012032863603331922,0.05379077149061172,0.011406810060536187,0.011899246750506052,0.012601826986284885,0.012476090404848674,0.38620132129522516
0.08373856174115733,0.041793259531644075,0.0,0.000011671271692373307,0.04164252802417429,0.0,0.33352005436451965,0.08373856174115733,0.041793259531644075,0.0,0.000011671271692373307,0.04164252802417429,0.0,0.33352005436451965
0.04172790649516442,0.0003819700490727105,0.041565840967668986,0.0004039779686639242,0.04139969984125044,0.04167236629594921,0.3330515685075005,0.04172790649516442,0.0003819700490727105,0.041565840967668986,0.0004039779686639242,0.04139969984125044,0.04167236629594921,0.3330515685075005
0.012300727746112338,0.012190315004408677,0.07450474519209534,0.01077959647586769,0.011868971237616594,0.03317772702228999,0.34542079636808415,0.012300727746112338,0.012190315004408677,0.07450474519209534,0.01077959647586769,0.011868971237616594,0.03317772702228999,0.34542079636808415
0.012184718255225376,0.01222638442110399,0.012428922812873186,0.012110088393799175,0.07134845557110973,0.03224193510696832,0.3479595189879751,0.012184718255225376,0.01222638442110399,0.012428922812873186,0.012110088393799175,0.07134845557110973,0.03224193510696832,0.3479595189879751
0.00003426109475360656,0.08334598863344289,0.0001065162648865933,0.00032231865463710005,4.72516675929099e-6,0.08314124146580647,0.33319417221443054,0.00003426109475360656,0.08334598863344289,0.0001065162648865933,0.00032231865463710005,4.72516675929099e-6,0.08314124146580647,0.33319417221443054
0.0000370092709779153,0.04192243735801179,0.0004202281261935284,0.08347419645086407,0.0,0.041462753268889846,0.33328944786870807,0.0000370092709779153,0.04192243735801179,0.0004202281261935284,0.08347419645086407,0.0,0.041462753268889846,0.33328944786870807
0.011469562596939204,0.032623601218378255,0.012594580045807635,0.011952184084754552,0.03241431867619374,0.05405572909183421,0.3452430973070013,0.011469562596939204,0.032623601218378255,0.012594580045807635,0.011952184084754552,0.03241431867619374,0.05405572909183421,0.3452430973070013
0.012128382162157596,0.03276493233760278,0.010966917452738437,0.03407283969201629,0.032956535775387825,0.011854436493174872,0.3666353160235485,0.012128382162157596,0.03276493233760278,0.010966917452738437,0.03407283969201629,0.032956535775387825,0.011854436493174872,0.3666353160235485
0.032060248734351864,0.011095818223357803,0.011392145320634827,0.05384363260483053,0.011407096516503745,0.012638672407720077,0.3678863144568132,0.032060248734351864,0.011095818223357803,0.011392145320634827,0.05384363260483053,0.011407096516503745,0.012638672407720077,0.3678863144568132
0.0833734483990142,0.00008457005665182455,0.041744631882020426,0.0,0.0,2.164393183555392e-10,0.3751240130241504,0.0833734483990142,0.00008457005665182455,0.041744631882020426,0.0,0.0,2.164393183555392e-10,0.3751240130241504
0.07474605403113989,0.03435029247539157,0.009829831587980604,0.011595768373924639,0.011492655983190969,0.01225978499886275,0.3459173695443258,0.07474605403113989,0.03435029247539157,0.009829831587980604,0.011595768373924639,0.011492655983190969,0.01225978499886275,0.3459173695443258
0.03252862419975078,0.012055174724437796,0.012362464285280985,0.012002226384070043,0.053096952299110114,0.032560486929929286,0.3462111405192063,0.03252862419975078,0.012055174724437796,0.012362464285280985,0.012002226384070043,0.053096952299110114,0.032560486929929286,0.3462111405192063
0.04184006254387657,0.00005084951610404241,0.0417432493363119,0.0,0.0,2.7364702023777444e-7,0.4174969409671198,0.04184006254387657,0.00005084951610404241,0.0417432493363119,0.0,0.0,2.7364702023777444e-7,0.4174969409671198
0.03278226964141701,0.03266370102482958,0.011401376680431733,0.012164796502992282,0.012006152199914214,0.05392329322693902,0.3454048576879704,0.03278226964141701,0.03266370102482958,0.011401376680431733,0.012164796502992282,0.012006152199914214,0.05392329322693902,0.3454048576879704
0.011886771392118085,0.012292150432147675,0.033519783666911857,0.03332010984375533,0.01107975492972407,0.05410461775070928,0.34405899335871143,0.011886771392118085,0.012292150432147675,0.033519783666911857,0.03332010984375533,0.01107975492972407,0.05410461775070928,0.34405899335871143
0.00005238648316208377,0.041558274180809936,0.08331804151786157,0.000059486607644287195,0.0002739204540088175,0.04156008587100661,0.33397505022174373,0.00005238648316208377,0.041558274180809936,0.08331804151786157,0.000059486607644287195,0.0002739204540088175,0.04156008587100661,0.33397505022174373
0.0,0.0,0.0,0.5001832972812199,0.0,0.0,0.0,0.0,0.0,0.0,0.5001832972812199,0.0,0.0,0.0
0.08346048209861295,0.04184803112076206,0.000626977226329106,0.0,0.0,0.0,0.37481082283347217,0.08346048209861295,0.04184803112076206,0.000626977226329106,0.0,0.0,0.0,0.37481082283347217
0.012111836446112956,0.012570364483131992,0.0531154121733428,0.03272183301218453,0.012072212844396947,0.011582350199546548,0.3670138583183769,0.012111836446112956,0.012570364483131992,0.0531154121733428,0.03272183301218453,0.012072212844396947,0.011582350199546548,0.3670138583183769
0.032772681252177256,0.053693179000908337,0.011688032129337148,0.011794229716402507,0.011852693660056788,0.033146432437454305,0.345839421410453,0.032772681252177256,0.053693179000908337,0.011688032129337148,0.011794229716402507,0.011852693660056788,0.033146432437454305,0.345839421410453
0.033287878069656524,0.0137735347297332,0.011264113215013548,0.014097938484094906,0.009166124446973345,0.03293747472809312,0.38567231887774894,0.033287878069656524,0.0137735347297332,0.011264113215013548,0.014097938484094906,0.009166124446973345,0.03293747472809312,0.38567231887774894
0.05498397944957605,0.03223239846019033,0.012119136961667441,0.03180548634229544,0.012385478274185421,0.0120994448218977,0.344756276286426,0.05498397944957605,0.03223239846019033,0.012119136961667441,0.03180548634229544,0.012385478274185421,0.0120994448218977,0.344756276286426
0.03267308027031778,0.011008443608016935,0.012410726468089774,0.011710618872616702,0.033365953765337915,0.03313272404300826,0.36728116341536166,0.03267308027031778,0.011008443608016935,0.012410726468089774,0.011710618872616702,0.033365953765337915,0.03313272404300826,0.36728116341536166
0.053250760754607974,0.012335878288805299,0.011868556608329415,0.012349586044651716,0.01154761548893209,0.053493954485947806,0.3454895430852681,0.053250760754607974,0.012335878288805299,0.011868556608329415,0.012349586044651716,0.01154761548893209,0.053493954485947806,0.3454895430852681
0.0416821620752124,0.00018188136721773935,0.00015912706519912587,2.9090065449543135e-7,0.00018630401341156503,3.3432128731503906e-8,0.45818028900765523,0.0416821620752124,0.00018188136721773935,0.00015912706519912587,2.9090065449543135e-7,0.00018630401341156503,3.3432128731503906e-8,0.45818028900765523
0.041578946924131666,0.00003759122809686971,8.2896825476241e-6,8.789097756896445e-6,0.04167277818247185,0.04181272996083851,0.3753019235772552,0.041578946924131666,0.00003759122809686971,8.2896825476241e-6,8.789097756896445e-6,0.04167277818247185,0.04181272996083851,0.3753019235772552
0.01206483274551602,0.01222923489239794,0.010838909181005359,0.053054405199845424,0.03269949833736403,0.0131035363081213,0.3662955064727833,0.01206483274551602,0.01222923489239794,0.010838909181005359,0.053054405199845424,0.03269949833736403,0.0131035363081213,0.3662955064727833
0.0,0.0,0.0,0.041659399806506896,0.08337897477478985,0.0,0.37523748265637813,0.0,0.0,0.0,0.041659399806506896,0.08337897477478985,0.0,0.37523748265637813
0.012188942011572373,0.012211207421418065,0.011958322405290718,0.032369174361681394,0.012568634864655356,0.009795420242114633,0.40973753840443167,0.012188942011572373,0.012211207421418065,0.011958322405290718,0.032369174361681394,0.012568634864655356,0.009795420242114633,0.40973753840443167
0.011742170786866655,0.05368578639772267,0.012396706869328708,0.011774430902203809,0.011805920877313452,0.05357237328940164,0.3455017883300798,0.011742170786866655,0.05368578639772267,0.012396706869328708,0.011774430902203809,0.011805920877313452,0.05357237328940164,0.3455017883300798
0.0,0.0,0.08334084732425456,2.141968045162619e-6,0.08352669861860738,5.420847688033213e-6,0.3333871935345795,0.0,0.0,0.08334084732425456,2.141968045162619e-6,0.08352669861860738,5.420847688033213e-6,0.3333871935345795
0.04214145252063836,0.00015720451402865513,0.0005105652973944123,0.000046498670722260915,0.12486810517885939,0.00036586785155630374,0.3329045053926973,0.04214145252063836,0.00015720451402865513,0.0005105652973944123,0.000046498670722260915,0.12486810517885939,0.00036586785155630374,0.3329045053926973
0.0,0.04176720632650485,0.041406504915506244,0.04177485445538114,0.000011381498397600371,0.00024579528513787467,0.37521694478927964,0.0,0.04176720632650485,0.041406504915506244,0.04177485445538114,0.000011381498397600371,0.00024579528513787467,0.37521694478927964
0.03193741048023381,0.011985071547123964,0.07509364374107057,0.01217630479465524,0.01195985144838157,0.011693981603228366,0.34549637367202757,0.03193741048023381,0.011985071547123964,0.07509364374107057,0.01217630479465524,0.01195985144838157,0.011693981603228366,0.34549637367202757
0.04153174378351193,0.0007831093022649003,0.08323116078325647,0.0,2.1862447026509098e-6,0.0,0.37514969539315995,0.04153174378351193,0.0007831093022649003,0.08323116078325647,0.0,2.1862447026509098e-6,0.0,0.37514969539315995
0.0012099362387017812,0.0012048696771221818,0.04167075662111428,0.0006688267824366391,0.00010967126644103994,0.12405411133276911,0.3315057348622037,0.0012099362387017812,0.0012048696771221818,0.04167075662111428,0.0006688267824366391,0.00010967126644103994,0.12405411133276911,0.3315057348622037
0.0,0.0,0.0,0.0,0.16671935903441334,0.0,0.33337742650068414,0.0,0.0,0.0,0.0,0.16671935903441334,0.0,0.33337742650068414
0.011513140224070009,0.03277167373412357,0.03261186342332483,0.011998869823614682,0.03262637529025617,0.032775921620995054,0.34626461760730115,0.011513140224070009,0.03277167373412357,0.03261186342332483,0.011998869823614682,0.03262637529025617,0.032775921620995054,0.34626461760730115
0.08336484288471573,0.0836437543454992,0.0,0.0,0.000022995871874248155,0.0,0.33361930190988853,0.08336484288471573,0.0836437543454992,0.0,0.0,0.000022995871874248155,0.0,0.33361930190988853
0.04168851000750709,0.04166268382252081,0.00038551617775421095,0.0,0.04171811226658576,0.0,0.3747406081924194,0.04168851000750709,0.04166268382252081,0.00038551617775421095,0.0,0.04171811226658576,0.0,0.3747406081924194
0.12444915694648893,0.0,0.04141234671489604,0.0004121835372034502,0.0006434750796239755,0.0,0.3334066526122448,0.12444915694648893,0.0,0.04141234671489604,0.0004121835372034502,0.0006434750796239755,0.0,0.3334066526122448
0.04244193722942032,0.08331869027422793,0.0,0.0,7.0629296088389256e-6,0.04179160406920397,0.33291701751532204,0.04244193722942032,0.08331869027422793,0.0,0.0,7.0629296088389256e-6,0.04179160406920397,0.33291701751532204
0.01166190305594906,0.053514292863855555,0.0539219802723848,0.012184699211477287,0.01196809664098151,0.011704715468762547,0.34573947197793775,0.01166190305594906,0.053514292863855555,0.0539219802723848,0.012184699211477287,0.01196809664098151,0.011704715468762547,0.34573947197793775
0.011836579818495238,0.012461992028734442,0.012216078850940833,0.012942652086588265,0.053550022819371594,0.05374011792645216,0.34383848551851914,0.011836579818495238,0.012461992028734442,0.012216078850940833,0.012942652086588265,0.053550022819371594,0.05374011792645216,0.34383848551851914
0.0,0.0,0.04169250882673679,0.0416094616878193,0.08362228120881393,4.103567014195481e-6,0.33334137306801986,0.0,0.0,0.04169250882673679,0.0416094616878193,0.08362228120881393,4.103567014195481e-6,0.33334137306801986
0.0005142222486032438,0.041412188095704974,0.00006100798336695794,0.00019129284066659477,0.04162486109746999,0.08323079059771538,0.333378724673272,0.0005142222486032438,0.041412188095704974,0.00006100798336695794,0.00019129284066659477,0.04162486109746999,0.08323079059771538,0.333378724673272
0.011995672638045936,0.012463472551613048,0.033472210374089616,0.009570758930283661,0.05340209880453555,0.01321459984468546,0.36651493545203795,0.011995672638045936,0.012463472551613048,0.033472210374089616,0.009570758930283661,0.05340209880453555,0.01321459984468546,0.36651493545203795
0.041718078004407085,0.0007609099107521702,0.0,0.00003678704917639376,0.00018873410720294503,0.12481878978170353,0.3325971017286623,0.041718078004407085,0.0007609099107521702,0.0,0.00003678704917639376,0.00018873410720294503,0.12481878978170353,0.3325971017286623
0.012095510073254061,0.011986939388896427,0.07494224554104063,0.010888367001608683,0.011153686160723788,0.01154968902699697,0.3676334068477804,0.012095510073254061,0.011986939388896427,0.07494224554104063,0.010888367001608683,0.011153686160723788,0.01154968902699697,0.3676334068477804
0.05301878909384718,0.03205443136305119,0.012196916503131537,0.011798360781747147,0.032883728821957205,0.010928809047308079,0.34805851473483745,0.05301878909384718,0.03205443136305119,0.012196916503131537,0.011798360781747147,0.032883728821957205,0.010928809047308079,0.34805851473483745
5.909938930768517e-7,5.334389087019229e-7,5.385180449030627e-7,0.08350080662888404,0.0,0.041569065095723536,0.3753249458819532,5.909938930768517e-7,5.334389087019229e-7,5.385180449030627e-7,0.08350080662888404,0.0,0.041569065095723536,0.3753249458819532
0.033129075138345745,0.012439070821945048,0.05316508843740103,0.03242697920452128,0.01270891038870103,0.010980091451093297,0.3454835506725672,0.033129075138345745,0.012439070821945048,0.05316508843740103,0.03242697920452128,0.01270891038870103,0.010980091451093297,0.3454835506725672
0.03242841855439908,0.012152829917741583,0.0118362057482287,0.05373832287930958,0.011574040661411504,0.032849567482795904,0.34561807277129675,0.03242841855439908,0.012152829917741583,0.0118362057482287,0.05373832287930958,0.011574040661411504,0.032849567482795904,0.34561807277129675
0.0003391195060110041,0.04156569637373806,0.041437623758394874,0.0,0.00013975774287823477,0.08335147876652504,0.3335619867510752,0.0003391195060110041,0.04156569637373806,0.041437623758394874,0.0,0.00013975774287823477,0.08335147876652504,0.3335619867510752
0.0,0.0,0.0,0.0,0.0,0.16660693048207723,0.33354409427866444,0.0,0.0,0.0,0.0,0.0,0.16660693048207723,0.33354409427866444
0.012258930309252208,0.031605641606263925,0.0743416342819256,0.012516669206420169,0.01160240820321042,0.012003915196982004,0.3459853992660293,0.012258930309252208,0.031605641606263925,0.0743416342819256,0.012516669206420169,0.01160240820321042,0.012003915196982004,0.3459853992660293
0.009888686986621235,0.010207817177459066,0.03361226802339389,0.053730976408214254,0.033493900464437294,0.012410716098249355,0.34791093931879064,0.009888686986621235,0.010207817177459066,0.03361226802339389,0.053730976408214254,0.033493900464437294,0.012410716098249355,0.34791093931879064
0.03206663829297448,0.012492872745663233,0.03222941402792093,0.012155548361404644,0.011952093448408113,0.05388266821368837,0.345577683762902,0.03206663829297448,0.012492872745663233,0.03222941402792093,0.012155548361404644,0.011952093448408113,0.05388266821368837,0.345577683762902
0.011356295433779237,0.011686097817929205,0.011515977380121254,0.011153737144517227,0.013228885366017617,0.05388349747952548,0.38749304076929075,0.011356295433779237,0.011686097817929205,0.011515977380121254,0.011153737144517227,0.013228885366017617,0.05388349747952548,0.38749304076929075
0.0003950435651842791,0.04178581940141254,0.08297263598404223,0.04221400295376527,0.00036495097667485905,4.131355898095494e-9,0.33285885430685175,0.0003950435651842791,0.04178581940141254,0.08297263598404223,0.04221400295376527,0.00036495097667485905,4.131355898095494e-9,0.33285885430685175
0.012673152399397074,0.07445932586990275,0.01177814229268603,0.011885158621675761,0.01194407329950449,0.03211021616558985,0.34562251843928465,0.012673152399397074,0.07445932586990275,0.01177814229268603,0.011885158621675761,0.01194407329950449,0.03211021616558985,0.34562251843928465
0.03220604476995491,0.011480861144786757,0.012130369777741679,0.012014180475595933,0.033305635226799864,0.05393834141998934,0.3452500914433471,0.03220604476995491,0.011480861144786757,0.012130369777741679,0.012014180475595933,0.033305635226799864,0.05393834141998934,0.3452500914433471
0.011961179382769221,0.012369095986517812,0.011531254141151257,0.053063770526765267,0.010824910518103087,0.05286016247492812,0.3484315547283701,0.011961179382769221,0.012369095986517812,0.011531254141151257,0.053063770526765267,0.010824910518103087,0.05286016247492812,0.3484315547283701
0.08347574083495311,0.0,0.08330725244133283,0.000036650929800796486,0.0,2.7411438775476484e-8,0.334218066191048,0.08347574083495311,0.0,0.08330725244133283,0.000036650929800796486,0.0,2.7411438775476484e-8,0.334218066191048
0.011975943439339946,0.011428532320081206,0.011112887427648719,0.0331674377410291,0.03482314470069332,0.012870970005434355,0.3847972919740556,0.011975943439339946,0.011428532320081206,0.011112887427648719,0.0331674377410291,0.03482314470069332,0.012870970005434355,0.3847972919740556
0.04149258862884318,0.0,0.00023294040513161668,0.00047232175625677817,0.0,0.04178348936653487,0.41672142322956235,0.04149258862884318,0.0,0.00023294040513161668,0.00047232175625677817,0.0,0.04178348936653487,0.41672142322956235
6.964330864128921e-9,4.282208792870255e-7,0.041865878478823976,0.041658171523630584,0.0001677279383903689,0.041493630828652414,0.37500199600696643,6.964330864128921e-9,4.282208792870255e-7,0.041865878478823976,0.041658171523630584,0.0001677279383903689,0.041493630828652414,0.37500199600696643
0.012756697864225954,0.053698254242016547,0.01151621321393239,0.011042364345000793,0.011602131270009053,0.03136867017643095,0.3685558392755598,0.012756697864225954,0.053698254242016547,0.01151621321393239,0.011042364345000793,0.011602131270009053,0.03136867017643095,0.3685558392755598
0.0,0.0,0.0,0.0,0.04165927089793459,0.04175211468654689,0.4167057883434123,0.0,0.0,0.0,0.0,0.04165927089793459,0.04175211468654689,0.4167057883434123
0.012896601801251966,0.012769306879215988,0.03327828906964175,0.011146523351317704,0.012553236336899051,0.07294020323823845,0.3447342331955914,0.012896601801251966,0.012769306879215988,0.03327828906964175,0.011146523351317704,0.012553236336899051,0.07294020323823845,0.3447342331955914
0.012159584876483012,0.032666903087749735,0.011742293561725134,0.07401019795036458,0.01152633134642944,0.012070119869794395,0.3460609119481563,0.012159584876483012,0.032666903087749735,0.011742293561725134,0.07401019795036458,0.01152633134642944,0.012070119869794395,0.3460609119481563
0.011587418260114852,0.011981633939788438,0.03233288559418939,0.011833458485327637,0.03312273718690238,0.05396070050644974,0.34565277658641047,0.011587418260114852,0.011981633939788438,0.03233288559418939,0.011833458485327637,0.03312273718690238,0.05396070050644974,0.34565277658641047
0.0001219791631818155,0.00019949916260687266,0.04174202151679993,0.00031171073998376674,0.001586533629405544,0.08245712133753297,0.374275401794859,0.0001219791631818155,0.00019949916260687266,0.04174202151679993,0.00031171073998376674,0.001586533629405544,0.08245712133753297,0.374275401794859
0.013155610066103454,0.01310626886165921,0.09416264963501865,0.013155570122942698,0.011925178681492786,0.012364345439926023,0.34262265869051206,0.013155610066103454,0.01310626886165921,0.09416264963501865,0.013155570122942698,0.011925178681492786,0.012364345439926023,0.34262265869051206
0.00010610496145733715,0.00010718515193139932,0.04171777200488624,0.0,0.08343608543233248,0.0,0.37486605782178334,0.00010610496145733715,0.00010718515193139932,0.04171777200488624,0.0,0.08343608543233248,0.0,0.37486605782178334
0.011723921174603484,0.032888553509147066,0.03268133360803036,0.011382949126976478,0.01218880272933876,0.05332837851439766,0.34597866650402137,0.011723921174603484,0.032888553509147066,0.03268133360803036,0.011382949126976478,0.01218880272933876,0.05332837851439766,0.34597866650402137
0.04188944148468455,0.0,0.04157277754344105,0.08326897593162781,0.0000668960121341876,0.00009052863045744237,0.3333644866217678,0.04188944148468455,0.0,0.04157277754344105,0.08326897593162781,0.0000668960121341876,0.00009052863045744237,0.3333644866217678
0.0,0.0,0.0,0.12516677542343818,0.0,0.04166037973831523,0.33341473900885166,0.0,0.0,0.0,0.12516677542343818,0.0,0.04166037973831523,0.33341473900885166
0.011665218541986115,0.0329784886022407,0.03139183925691374,0.05405236128721065,0.011515152609812042,0.0112847004242439,0.348542623219107,0.011665218541986115,0.0329784886022407,0.03139183925691374,0.05405236128721065,0.011515152609812042,0.0112847004242439,0.348542623219107
0.08365725039384984,0.041545397878201475,4.471289727519735e-6,0.041918913517875744,0.0,0.0,0.3334005386745901,0.08365725039384984,0.041545397878201475,4.471289727519735e-6,0.041918913517875744,0.0,0.0,0.3334005386745901
0.0,0.0,0.0,0.041523741255309325,0.0,0.12507580863869036,0.3335179577887845,0.0,0.0,0.0,0.041523741255309325,0.0,0.12507580863869036,0.3335179577887845
0.04232513195972193,0.000955816792313471,0.08270818970769338,0.0,0.0,0.04125842997077886,0.33302684657216913,0.04232513195972193,0.000955816792313471,0.08270818970769338,0.0,0.0,0.04125842997077886,0.33302684657216913
0.04156904079869735,0.04170534212500053,0.0,0.04181833567373363,0.0,0.0,0.37511138258376886,0.04156904079869735,0.04170534212500053,0.0,0.04181833567373363,0.0,0.0,0.37511138258376886
0.0,0.0,0.0,0.041703168712024695,0.041744147740833806,4.509728347020863e-6,0.4167792441096959,0.0,0.0,0.0,0.041703168712024695,0.041744147740833806,4.509728347020863e-6,0.4167792441096959
5.6647672619765046e-6,0.0004576062443120581,0.0417581905621673,0.00009886675357117242,0.041760153842951654,0.08347093753704295,0.3329662707714003,5.6647672619765046e-6,0.0004576062443120581,0.0417581905621673,0.00009886675357117242,0.041760153842951654,0.08347093753704295,0.3329662707714003
0.010229545851046068,0.009881124572506943,0.05400985872277235,0.012236407686865729,0.05317162597563472,0.011609214570541397,0.348940232460998,0.010229545851046068,0.009881124572506943,0.05400985872277235,0.012236407686865729,0.05317162597563472,0.011609214570541397,0.348940232460998
0.00010719782338368496,0.08357934247672964,0.00010093417301150189,0.00015373781471510084,0.04136146360977726,3.149985055283198e-8,0.3747957641867967,0.00010719782338368496,0.08357934247672964,0.00010093417301150189,0.00015373781471510084,0.04136146360977726,3.149985055283198e-8,0.3747957641867967
0.032503158391541304,0.03232175044943487,0.012312571728753692,0.032794185073732655,0.012462435193621484,0.011655696314575852,0.36663774099049246,0.032503158391541304,0.03232175044943487,0.012312571728753692,0.032794185073732655,0.012462435193621484,0.011655696314575852,0.36663774099049246
0.012379983489215788,0.05338493741789041,0.011701011441821346,0.03262333718354792,0.01218868601099502,0.03271772374206211,0.3456414434536562,0.012379983489215788,0.05338493741789041,0.011701011441821346,0.03262333718354792,0.01218868601099502,0.03271772374206211,0.3456414434536562
0.032960320801823026,0.011501521671399347,0.011263274416214724,0.011197563230099005,0.011680449115138951,0.0530784382674758,0.3694320737896547,0.032960320801823026,0.011501521671399347,0.011263274416214724,0.011197563230099005,0.011680449115138951,0.0530784382674758,0.3694320737896547
0.0,0.08358904770837684,0.0414851429114861,0.0,0.042182768232794356,0.0,0.33344051186758833,0.0,0.08358904770837684,0.0414851429114861,0.0,0.042182768232794356,0.0,0.33344051186758833
0.013149550215122407,0.03278584177884048,0.011958260265306813,0.011707285133836008,0.05329633307368751,0.01083447422260598,0.36668108960206414,0.013149550215122407,0.03278584177884048,0.011958260265306813,0.011707285133836008,0.05329633307368751,0.01083447422260598,0.36668108960206414
0.01217231651322561,0.03290947059260068,0.03322034226154169,0.012350891852513434,0.011694967405943911,0.032730860946718024,0.3652216105971343,0.01217231651322561,0.03290947059260068,0.03322034226154169,0.012350891852513434,0.011694967405943911,0.032730860946718024,0.3652216105971343
0.0,0.16679725850253915,0.0,0.0,9.690426514319673e-7,0.0,0.333544006087709,0.0,0.16679725850253915,0.0,0.0,9.690426514319673e-7,0.0,0.333544006087709
0.0,0.12514421984612714,0.0,0.0,7.27050838244023e-7,0.04158644798952973,0.33341261876135636,0.0,0.12514421984612714,0.0,0.0,7.27050838244023e-7,0.04158644798952973,0.33341261876135636
0.00989201840557424,0.010054336842697865,0.03189660372514661,0.010103872460297616,0.011303343475916472,0.05618913431229645,0.3716142434066756,0.00989201840557424,0.010054336842697865,0.03189660372514661,0.010103872460297616,0.011303343475916472,0.05618913431229645,0.3716142434066756
0.011815786777028773,0.011892752168906527,0.032721657855253904,0.032209678449280174,0.012234699158284132,0.033144804501050146,0.36644205895136195,0.011815786777028773,0.011892752168906527,0.032721657855253904,0.032209678449280174,0.012234699158284132,0.033144804501050146,0.36644205895136195
8.738676211414068e-6,0.00013422732538579304,0.083478213044539,0.0,0.0,0.0,0.41688017557945656,8.738676211414068e-6,0.00013422732538579304,0.083478213044539,0.0,0.0,0.0,0.41688017557945656
0.05696529130290008,0.03028397186858123,0.032727878890989125,0.011332867154344584,0.011564886818117785,0.011074453910970231,0.3464399346846278,0.05696529130290008,0.03028397186858123,0.032727878890989125,0.011332867154344584,0.011564886818117785,0.011074453910970231,0.3464399346846278
0.04168814096753771,0.000338602483063485,0.00041219998797274433,0.08330491243018047,0.0,5.433539459929328e-10,0.3746503820722386,0.04168814096753771,0.000338602483063485,0.00041219998797274433,0.08330491243018047,0.0,5.433539459929328e-10,0.3746503820722386
0.03223921145964361,0.011852639513835334,0.03307270142159361,0.011687086790475183,0.03255725752965336,0.03253195137832951,0.3462897941405364,0.03223921145964361,0.011852639513835334,0.03307270142159361,0.011687086790475183,0.03255725752965336,0.03253195137832951,0.3462897941405364
0.010877985295352397,0.010876235245794475,0.011730638121820375,0.03335427831589399,0.010284695049911764,0.03377936379436671,0.3901110927542104,0.010877985295352397,0.010876235245794475,0.011730638121820375,0.03335427831589399,0.010284695049911764,0.03377936379436671,0.3901110927542104
0.041695444253619415,0.04166894783133114,0.0,0.0,0.0,0.041709914202179704,0.37528370178605663,0.041695444253619415,0.04166894783133114,0.0,0.0,0.0,0.041709914202179704,0.37528370178605663
0.08354962350524563,0.0,0.0,3.95717761940946e-6,0.00016158844707627127,0.08341441938453678,0.33356835257027045,0.08354962350524563,0.0,0.0,3.95717761940946e-6,0.00016158844707627127,0.08341441938453678,0.33356835257027045
0.011450406566718313,0.05371035350990832,0.012252903949011996,0.012123527630876438,0.032598503833375814,0.01162482388664225,0.366625615592666,0.011450406566718313,0.05371035350990832,0.012252903949011996,0.012123527630876438,0.032598503833375814,0.01162482388664225,0.366625615592666
0.0,0.0,0.0,0.0,0.0,0.0,0.5000247900036499,0.0,0.0,0.0,0.0,0.0,0.0,0.5000247900036499
0.0002304529761696071,0.00023866622011375446,0.04193407035290211,0.12482940199469085,0.0,0.0,0.3331719713414048,0.0002304529761696071,0.00023866622011375446,0.04193407035290211,0.12482940199469085,0.0,0.0,0.3331719713414048
0.05272500122002235,0.012084221228211523,0.011014707180632766,0.012569761739314886,0.053354255625160815,0.011417854209749915,0.34702710517417984,0.05272500122002235,0.012084221228211523,0.011014707180632766,0.012569761739314886,0.053354255625160815,0.011417854209749915,0.34702710517417984
0.033174056099274145,0.011036153048077776,0.01134769175199033,0.07495190424963337,0.011276803110612446,0.012169217238987892,0.34629669312987593,0.033174056099274145,0.011036153048077776,0.01134769175199033,0.07495190424963337,0.011276803110612446,0.012169217238987892,0.34629669312987593
0.010516623643331268,0.010710521309660475,0.0312634787621793,0.03267461505908394,0.05499866446655102,0.01203532215007931,0.34840535097834885,0.010516623643331268,0.010710521309660475,0.0312634787621793,0.03267461505908394,0.05499866446655102,0.01203532215007931,0.34840535097834885
0.012068023903112826,0.032736254966287695,0.012372200133706641,0.012085160119902206,0.012131724679833693,0.009525175872335399,0.409334794338233,0.012068023903112826,0.032736254966287695,0.012372200133706641,0.012085160119902206,0.012131724679833693,0.009525175872335399,0.409334794338233
0.03200959217968635,0.053463497132649904,0.012567138095896359,0.012214430492768491,0.03265964517407585,0.011959094009603726,0.34522633661786034,0.03200959217968635,0.053463497132649904,0.012567138095896359,0.012214430492768491,0.03265964517407585,0.011959094009603726,0.34522633661786034
0.03205433878399011,0.032806452547069646,0.011554619264142866,0.011456358481252265,0.05484804004946145,0.011483881414720133,0.3459060193039059,0.03205433878399011,0.032806452547069646,0.011554619264142866,0.011456358481252265,0.05484804004946145,0.011483881414720133,0.3459060193039059
0.0,0.0,0.12512621048913214,0.0,0.0,0.04165287734809994,0.33335917740509,0.0,0.0,0.12512621048913214,0.0,0.0,0.04165287734809994,0.33335917740509
0.00011389460006631884,0.041633498171495614,0.0833403836717254,0.000051761007131983834,0.0,0.0,0.37523109387867476,0.00011389460006631884,0.041633498171495614,0.0833403836717254,0.000051761007131983834,0.0,0.0,0.37523109387867476
0.00014391686955385607,0.04154320398920719,0.0,0.04160408445211507,0.08358519125015498,0.0,0.3333738267712455,0.00014391686955385607,0.04154320398920719,0.0,0.04160408445211507,0.08358519125015498,0.0,0.3333738267712455
0.03301671396380547,0.012328268600462263,0.03243777635644914,0.032289567097796054,0.01247940458299866,0.012589009629136281,0.3651006104498598,0.03301671396380547,0.012328268600462263,0.03243777635644914,0.032289567097796054,0.01247940458299866,0.012589009629136281,0.3651006104498598
0.04177498209058478,0.00019035025808525314,0.000032638041092267184,0.0,0.08342166208270627,0.04174289095520693,0.33318401993966,0.04177498209058478,0.00019035025808525314,0.000032638041092267184,0.0,0.08342166208270627,0.04174289095520693,0.33318401993966
0.00006415719507537845,0.04159782925762781,0.00002890404076788291,0.04162775766281944,0.0,1.8049369274035897e-6,0.4170111844336446,0.00006415719507537845,0.04159782925762781,0.00002890404076788291,0.04162775766281944,0.0,1.8049369274035897e-6,0.4170111844336446
0.011552276211894955,0.011796526682175072,0.01266714961907964,0.03159889653292166,0.053491285072725825,0.03403439436723036,0.3451757272666251,0.011552276211894955,0.011796526682175072,0.01266714961907964,0.03159889653292166,0.053491285072725825,0.03403439436723036,0.3451757272666251
9.85268452322637e-6,0.000010663257113229061,0.041919970107066246,0.00029341670139719435,0.1249034639794064,0.0,0.3338117331923479,9.85268452322637e-6,0.000010663257113229061,0.041919970107066246,0.00029341670139719435,0.1249034639794064,0.0,0.3338117331923479
0.01259984377084862,0.013439127232757449,0.053971423973888315,0.012839239879247916,0.0128650426504258,0.012316908465443954,0.3822185650017226,0.01259984377084862,0.013439127232757449,0.053971423973888315,0.012839239879247916,0.0128650426504258,0.012316908465443954,0.3822185650017226
0.03298707881864191,0.03310618714019254,0.011154996793454537,0.011683975175943315,0.03359354453681547,0.03252106491644563,0.3458346083700068,0.03298707881864191,0.03310618714019254,0.011154996793454537,0.011683975175943315,0.03359354453681547,0.03252106491644563,0.3458346083700068
0.125058201128458,0.0,0.0001537610263497416,0.04181382961404609,0.0,0.00010019693014184674,0.3329901045427797,0.125058201128458,0.0,0.0001537610263497416,0.04181382961404609,0.0,0.00010019693014184674,0.3329901045427797
0.09566382766242272,0.00891649659482943,0.01030811443233674,0.012968602642895956,0.013861535018709967,0.010775908498807711,0.34807106910992774,0.09566382766242272,0.00891649659482943,0.01030811443233674,0.012968602642895956,0.013861535018709967,0.010775908498807711,0.34807106910992774
0.010389293290529617,0.010552043562723584,0.03387476808124646,0.0329156000492459,0.011860327222608262,0.012356558726990761,0.38845140138974116,0.010389293290529617,0.010552043562723584,0.03387476808124646,0.0329156000492459,0.011860327222608262,0.012356558726990761,0.38845140138974116
0.011643355978824588,0.012567300428731172,0.0534979637646712,0.033353139396282885,0.012002008053718795,0.032611760536514996,0.34496666234869466,0.011643355978824588,0.012567300428731172,0.0534979637646712,0.033353139396282885,0.012002008053718795,0.032611760536514996,0.34496666234869466
0.0003328831768353045,0.042214931771263516,0.04150897074441185,0.04166363230139515,0.041854430470839435,0.0,0.3328552990265696,0.0003328831768353045,0.042214931771263516,0.04150897074441185,0.04166363230139515,0.041854430470839435,0.0,0.3328552990265696
0.05291848096602911,0.011425370767434658,0.011068368364610798,0.013115482244585175,0.013052879409561782,0.011204760207009721,0.38783433168685383,0.05291848096602911,0.011425370767434658,0.011068368364610798,0.013115482244585175,0.013052879409561782,0.011204760207009721,0.38783433168685383
0.041782434789448555,0.0,0.04172128378726904,7.537090570921896e-9,0.0000724499585149684,0.04171238851202776,0.37525368766319755,0.041782434789448555,0.0,0.04172128378726904,7.537090570921896e-9,0.0000724499585149684,0.04171238851202776,0.37525368766319755
0.0,0.0,0.0,0.0,0.0,0.12515119530693203,0.3754335592958517,0.0,0.0,0.0,0.0,0.0,0.12515119530693203,0.3754335592958517
0.0,0.0003087488578750983,0.0003750993079525527,0.00008866736581614183,0.041837208045918776,0.08339944474662336,0.37425659186744525,0.0,0.0003087488578750983,0.0003750993079525527,0.00008866736581614183,0.041837208045918776,0.08339944474662336,0.37425659186744525
0.12520364976312467,0.0,0.0,0.000021563999298259037,0.0,8.124845479240739e-8,0.37547419937034004,0.12520364976312467,0.0,0.0,0.000021563999298259037,0.0,8.124845479240739e-8,0.37547419937034004
0.011894507393956328,0.07406934173760012,0.011560145847599863,0.011627950416479007,0.011854814214733165,0.011728189180262954,0.36755893928186867,0.011894507393956328,0.07406934173760012,0.011560145847599863,0.011627950416479007,0.011854814214733165,0.011728189180262954,0.36755893928186867
0.012876905716050656,0.032718962253943426,0.03338498578187544,0.03235748671819476,0.033098058424328204,0.011960512892745162,0.34433546885987953,0.012876905716050656,0.032718962253943426,0.03338498578187544,0.03235748671819476,0.033098058424328204,0.011960512892745162,0.34433546885987953
0.0,0.042080180741457,0.0,0.00001064693648719923,0.08367053071872485,0.0,0.375265946626691,0.0,0.042080180741457,0.0,0.00001064693648719923,0.08367053071872485,0.0,0.375265946626691
0.00003200011355253671,0.08352610916810635,0.041794696031195726,0.0,0.000029534229677387825,0.0,0.37566238544780806,0.00003200011355253671,0.08352610916810635,0.041794696031195726,0.0,0.000029534229677387825,0.0,0.37566238544780806
0.0003404478534420084,0.04170767788005604,0.00041240970626232524,0.08328290903897685,0.0,5.433521683284287e-10,0.37464915634692536,0.0003404478534420084,0.04170767788005604,0.00041240970626232524,0.08328290903897685,0.0,5.433521683284287e-10,0.37464915634692536
0.012487437256026978,0.0122858773735885,0.012125963382480709,0.09500581735351618,0.012683359076437006,0.012415635582446356,0.3434301939443796,0.012487437256026978,0.0122858773735885,0.012125963382480709,0.09500581735351618,0.012683359076437006,0.012415635582446356,0.3434301939443796
0.0,0.0,0.0,0.041785209443900094,0.0,0.04174367469449056,0.41687741081271457,0.0,0.0,0.0,0.041785209443900094,0.0,0.04174367469449056,0.41687741081271457
0.013926146953205498,0.013620064011243571,0.013622486029078033,0.012628550114039374,0.034935174651090084,0.012905874596367318,0.39855913604127446,0.013926146953205498,0.013620064011243571,0.013622486029078033,0.012628550114039374,0.034935174651090084,0.012905874596367318,0.39855913604127446
0.010267459891016026,0.010478248402691613,0.010790354739213089,0.033721947645615896,0.05463222854001506,0.010210515134097058,0.37013368503121286,0.010267459891016026,0.010478248402691613,0.010790354739213089,0.033721947645615896,0.05463222854001506,0.010210515134097058,0.37013368503121286
0.5002254919635458,0.0,0.0,0.0,0.0,0.0,0.0,0.5002254919635458,0.0,0.0,0.0,0.0,0.0,0.0
0.012130678628983026,0.03186308143905126,0.011958334109580152,0.011958270798173555,0.05329789835249682,0.03235466854423769,0.3471248922646352,0.012130678628983026,0.03186308143905126,0.011958334109580152,0.011958270798173555,0.05329789835249682,0.03235466854423769,0.3471248922646352
0.04179088865732665,0.04169498602325133,0.04148854830206326,0.0,0.0002770382257339583,0.04162821842298658,0.3336949106801467,0.04179088865732665,0.04169498602325133,0.04148854830206326,0.0,0.0002770382257339583,0.04162821842298658,0.3336949106801467
0.0,0.0,0.0,0.0,0.04169745676475981,0.000057801923306024394,0.4584925842823919,0.0,0.0,0.0,0.0,0.04169745676475981,0.000057801923306024394,0.4584925842823919
0.01056341690168954,0.032274365941501064,0.010846670929279233,0.010882298082899878,0.009926044225421891,0.056278065783373334,0.36989509123094866,0.01056341690168954,0.032274365941501064,0.010846670929279233,0.010882298082899878,0.009926044225421891,0.056278065783373334,0.36989509123094866
0.041706204580470425,0.00019386377645926256,0.00018608001266518044,0.04191211517329802,0.0,0.0,0.41625933217541866,0.041706204580470425,0.00019386377645926256,0.00018608001266518044,0.04191211517329802,0.0,0.0,0.41625933217541866
0.0,0.0,0.04175030902361325,0.0,0.041511497247770916,2.159224603348907e-6,0.41685559028573155,0.0,0.0,0.04175030902361325,0.0,0.041511497247770916,2.159224603348907e-6,0.41685559028573155
0.04232209933157812,0.0,0.00011455476897277157,0.12473326979890406,0.0,0.0,0.3330776348857941,0.04232209933157812,0.0,0.00011455476897277157,0.12473326979890406,0.0,0.0,0.3330776348857941
0.0006762509251565293,0.08340304513829101,0.042091186641328125,0.04153202968005508,0.00012607764008968492,0.0,0.3326857442999433,0.0006762509251565293,0.08340304513829101,0.042091186641328125,0.04153202968005508,0.00012607764008968492,0.0,0.3326857442999433
0.04228754992846584,0.000341424029713738,0.00041605064616493054,0.08277297373231812,0.00002516041084065778,0.0410532722936975,0.333870148450417,0.04228754992846584,0.000341424029713738,0.00041605064616493054,0.08277297373231812,0.00002516041084065778,0.0410532722936975,0.333870148450417
0.0,0.08354132716061712,0.0833875252145017,0.0,0.00011715185922952429,0.0,0.33310486333710954,0.0,0.08354132716061712,0.0833875252145017,0.0,0.00011715185922952429,0.0,0.33310486333710954
0.04190425050772484,0.041518183753686676,0.041771234849143864,2.4991757974944626e-6,0.000011404052385773363,0.0,0.3751387593540967,0.04190425050772484,0.041518183753686676,0.041771234849143864,2.4991757974944626e-6,0.000011404052385773363,0.0,0.3751387593540967
0.033075473670660945,0.03373155531079144,0.05349923901676283,0.010554332870315115,0.012260184449663078,0.012075998848461405,0.34814842033541504,0.033075473670660945,0.03373155531079144,0.05349923901676283,0.010554332870315115,0.012260184449663078,0.012075998848461405,0.34814842033541504
0.011683803036250039,0.032982632191025464,0.03269863164119076,0.01263114507980181,0.011625334617542091,0.01128264218355805,0.3879186601250029,0.011683803036250039,0.032982632191025464,0.03269863164119076,0.01263114507980181,0.011625334617542091,0.01128264218355805,0.3879186601250029
0.041071744202633056,0.04198532867181234,0.0,0.04189046034303629,0.04153576410547024,0.0,0.33401577783784614,0.041071744202633056,0.04198532867181234,0.0,0.04189046034303629,0.04153576410547024,0.0,0.33401577783784614
0.00010076053813639869,0.00010685005376422913,0.00024017971510198311,0.0001540624045746836,0.04193816503937078,0.12474820910696126,0.33334595030824954,0.00010076053813639869,0.00010685005376422913,0.00024017971510198311,0.0001540624045746836,0.04193816503937078,0.12474820910696126,0.33334595030824954
0.012231288984172133,0.032155026019248696,0.01096695034467372,0.05394060501742518,0.0333477782933588,0.01203345237915386,0.3461420312028166,0.012231288984172133,0.032155026019248696,0.01096695034467372,0.05394060501742518,0.0333477782933588,0.01203345237915386,0.3461420312028166
0.04189646056648228,0.04190623416804666,0.08323803440466725,0.0,0.00014370110238118208,0.0,0.3332496201852234,0.04189646056648228,0.04190623416804666,0.08323803440466725,0.0,0.00014370110238118208,0.0,0.3332496201852234
0.0,0.04175962290296698,3.9502267885296406e-7,0.0,0.04169568334871477,0.0,0.4169509910075795,0.0,0.04175962290296698,3.9502267885296406e-7,0.0,0.04169568334871477,0.0,0.4169509910075795
0.03364520478884455,0.011354905655675623,0.03294640210524794,0.01204932051811679,0.011625285675357316,0.01128259468409445,0.3879170270032593,0.03364520478884455,0.011354905655675623,0.03294640210524794,0.01204932051811679,0.011625285675357316,0.01128259468409445,0.3879170270032593
0.012674769753123906,0.011935582798699418,0.010509289829147646,0.07438061497300193,0.03335943680897852,0.012226001974783823,0.3456189386446539,0.012674769753123906,0.011935582798699418,0.010509289829147646,0.07438061497300193,0.03335943680897852,0.012226001974783823,0.3456189386446539
0.011170571244290715,0.011410192786026948,0.01246149149757768,0.013144547641218288,0.09632413675407629,0.013387537070107976,0.3422607828803465,0.011170571244290715,0.011410192786026948,0.01246149149757768,0.013144547641218288,0.09632413675407629,0.013387537070107976,0.3422607828803465
0.011644045676261908,0.011783061716758612,0.05399481212327903,0.03300399896884924,0.03338838819051089,0.012044605202481616,0.34449827694704277,0.011644045676261908,0.011783061716758612,0.05399481212327903,0.03300399896884924,0.03338838819051089,0.012044605202481616,0.34449827694704277
0.011127095722360258,0.012018409956100042,0.011992250702776942,0.032307116291132636,0.033351296617450794,0.05338646272211038,0.34594800848804236,0.011127095722360258,0.012018409956100042,0.011992250702776942,0.032307116291132636,0.033351296617450794,0.05338646272211038,0.34594800848804236
0.01149408695916972,0.054803143695331846,0.011788721440229443,0.0529954991646271,0.012306208483477642,0.011593342158588156,0.3451935262592996,0.01149408695916972,0.054803143695331846,0.011788721440229443,0.0529954991646271,0.012306208483477642,0.011593342158588156,0.3451935262592996
0.00014107946759954853,0.04205988200229239,0.04212719661467243,0.0,0.04165717627762585,0.04177846587234528,0.3331848445386888,0.00014107946759954853,0.04205988200229239,0.04212719661467243,0.0,0.04165717627762585,0.04177846587234528,0.3331848445386888
0.010940176430171008,0.01116477565253582,0.012039188350547582,0.032514817136286414,0.012777480333144605,0.0520712723982518,0.3689576173448117,0.010940176430171008,0.01116477565253582,0.012039188350547582,0.032514817136286414,0.012777480333144605,0.0520712723982518,0.3689576173448117
0.011420476305635386,0.010915715447309673,0.03223095002810499,0.011129463713543139,0.033534253253492075,0.032695356915549305,0.3688002011233102,0.011420476305635386,0.010915715447309673,0.03223095002810499,0.011129463713543139,0.033534253253492075,0.032695356915549305,0.3688002011233102
0.01205823963259179,0.011848498429103052,0.05293358460204121,0.01216368450835042,0.011884382686057267,0.05387830136976315,0.3455477486428564,0.01205823963259179,0.011848498429103052,0.05293358460204121,0.01216368450835042,0.011884382686057267,0.05387830136976315,0.3455477486428564
0.0,0.04174191873913521,0.04159478120717234,0.0,0.0,0.0,0.41717323282574503,0.0,0.04174191873913521,0.04159478120717234,0.0,0.0,0.0,0.41717323282574503
0.04211376002207782,0.000013299654541638201,0.041790128131918,0.04145221292988868,0.0,0.041884691056304775,0.33315406783629586,0.04211376002207782,0.000013299654541638201,0.041790128131918,0.04145221292988868,0.0,0.041884691056304775,0.33315406783629586
0.04152698138552278,0.041594839224889636,0.041627141244584435,0.04238239558779641,2.8201737469748536e-6,0.00014405240835746385,0.3338730158131404,0.04152698138552278,0.041594839224889636,0.041627141244584435,0.04238239558779641,2.8201737469748536e-6,0.00014405240835746385,0.3338730158131404
0.0,0.041846908577315364,0.04151514476262328,0.0416509071960467,0.00023807749115850534,0.04162992758207756,0.3333803912605249,0.0,0.041846908577315364,0.04151514476262328,0.0416509071960467,0.00023807749115850534,0.04162992758207756,0.3333803912605249
0.04190655208325441,0.0,0.04179323510404749,0.0,0.08346657558537728,8.942257783181411e-6,0.33361523228230466,0.04190655208325441,0.0,0.04179323510404749,0.0,0.08346657558537728,8.942257783181411e-6,0.33361523228230466
0.0,0.0,0.0,0.04161343997181848,0.0,0.0,0.4585633149491923,0.0,0.0,0.0,0.04161343997181848,0.0,0.0,0.4585633149491923
0.0002926070192135152,0.000673841983715737,0.00014850139290903218,0.11751818089112823,0.039196709165501525,3.145367526140476e-8,0.34241248248654443,0.0002926070192135152,0.000673841983715737,0.00014850139290903218,0.11751818089112823,0.039196709165501525,3.145367526140476e-8,0.34241248248654443
