f_1,f_2,f_3,f_4,f_5,f_6,f_7,f_1_min,f_2_min,f_3_min,f_4_min,f_5_min,f_6_min,f_7_min
0.046117024676717425,0.01583579631810094,0.49817642697008524,0.49707384583011993,0.49726466293054133,0.4962053479229816,0.10620197065022763,0.046117024676717425,0.01583579631810094,0.49817642697008524,0.49707384583011993,0.49726466293054133,0.4962053479229816,0.10620197065022763
0.016206407516688517,0.015574258638113441,0.47856223639446227,0.5620072390774643,0.47722748734100484,0.47594181005689634,0.044449855110461935,0.016206407516688517,0.015574258638113441,0.47856223639446227,0.5620072390774643,0.47722748734100484,0.47594181005689634,0.044449855110461935
1.1015501013263278e-17,0.17989678364296868,0.47397199618221747,0.4786636800958558,0.4767008829285593,0.5369891250521728,0.0001078949224336097,1.1015501013263278e-17,0.17989678364296868,0.47397199618221747,0.4786636800958558,0.4767008829285593,0.5369891250521728,0.0001078949224336097
3.469443998657401e-17,0.0,0.5666032036458125,0.452744462838562,0.5093345297394823,0.508576423694246,0.0,3.469443998657401e-17,0.0,0.5666032036458125,0.452744462838562,0.5093345297394823,0.508576423694246,0.0
0.017257182050240127,0.10730297074621312,0.4973560936800054,0.4972018961257445,0.49766880173305833,0.49685365148058647,0.045957482469441396,0.017257182050240127,0.10730297074621312,0.4973560936800054,0.4972018961257445,0.49766880173305833,0.49685365148058647,0.045957482469441396
0.015857699661942164,0.015730405970026527,0.5148404745513316,0.48525948684465786,0.4838940710929008,0.5130281278925101,0.07337290922341264,0.015857699661942164,0.015730405970026527,0.5148404745513316,0.48525948684465786,0.4838940710929008,0.5130281278925101,0.07337290922341264
0.05956762301005545,0.12012066860427653,0.47961891124699657,0.48038026303666564,0.482035133584094,0.5395481903360917,0.0,0.05956762301005545,0.12012066860427653,0.47961891124699657,0.48038026303666564,0.482035133584094,0.5395481903360917,0.0
0.04595682617195867,0.016014286784765647,0.4784240389111358,0.5358890567341364,0.5065501854579634,0.47709048688701816,0.016202660630437116,0.04595682617195867,0.016014286784765647,0.4784240389111358,0.5358890567341364,0.5065501854579634,0.47709048688701816,0.016202660630437116
0.07443205746229037,0.018333892371777304,0.4931198418573966,0.5286676066720052,0.49344843539648,0.4861651409146945,0.014523886619812158,0.07443205746229037,0.018333892371777304,0.4931198418573966,0.5286676066720052,0.49344843539648,0.4861651409146945,0.014523886619812158
0.0456801889729956,0.01655812279237129,0.47789513180008514,0.4767745093750839,0.5621744388894122,0.4776396450831926,0.015585885015057796,0.0456801889729956,0.01655812279237129,0.47789513180008514,0.4767745093750839,0.5621744388894122,0.4776396450831926,0.015585885015057796
0.07565057912633943,0.012987793392032796,0.48399199634765033,0.48299151795948975,0.4837468993936052,0.5415108074832607,0.015212366000748094,0.07565057912633943,0.012987793392032796,0.48399199634765033,0.48299151795948975,0.4837468993936052,0.5415108074832607,0.015212366000748094
0.017375965085160063,0.07507472498253243,0.5138521420496349,0.4833176108252426,0.5136583418068459,0.48345100040841005,0.015904799705176085,0.017375965085160063,0.07507472498253243,0.5138521420496349,0.4833176108252426,0.5136583418068459,0.48345100040841005,0.015904799705176085
1.0399726070067177e-17,2.872383921406383e-17,0.4988955040350828,0.49901771947948265,0.4444218717267512,0.5548433651479816,0.0,1.0399726070067177e-17,2.872383921406383e-17,0.4988955040350828,0.49901771947948265,0.4444218717267512,0.5548433651479816,0.0
3.4565559386357675e-18,0.0564498423715696,0.4549255873138059,0.5105791085382205,0.4552593994139093,0.5682982621821696,0.0001232461145047008,3.4565559386357675e-18,0.0564498423715696,0.4549255873138059,0.5105791085382205,0.4552593994139093,0.5682982621821696,0.0001232461145047008
0.0024051080021195536,0.11945495812429101,0.4820489259191804,0.5418706879715904,0.4793445110863986,0.48073483642738957,0.061733054328596486,0.0024051080021195536,0.11945495812429101,0.4820489259191804,0.5418706879715904,0.4793445110863986,0.48073483642738957,0.061733054328596486
0.016271168578288024,0.015976691236701694,0.47333979615308797,0.5801132826202997,0.4706204223352285,0.469850582528528,0.016094254258920603,0.016271168578288024,0.015976691236701694,0.47333979615308797,0.5801132826202997,0.4706204223352285,0.469850582528528,0.016094254258920603
0.046394428069004276,0.04652154161552336,0.49093574729030864,0.4920010265439601,0.5208028108045611,0.49120910704924,0.04647100767575998,0.046394428069004276,0.04652154161552336,0.49093574729030864,0.4920010265439601,0.5208028108045611,0.49120910704924,0.04647100767575998
0.06020435975498407,0.0,0.48107167193294775,0.48169487349027845,0.48085364440744777,0.5412416073183789,0.12091378333640876,0.06020435975498407,0.0,0.48107167193294775,0.48169487349027845,0.48085364440744777,0.5412416073183789,0.12091378333640876
0.015960551710689625,0.07513394093767863,0.4824614042632685,0.48509992694164505,0.483980140722819,0.5426295997804353,0.0167847592647498,0.015960551710689625,0.07513394093767863,0.4824614042632685,0.48509992694164505,0.483980140722819,0.5426295997804353,0.0167847592647498
3.3860402783779637e-18,0.0552982342457508,0.5132463168468269,0.5140367598015902,0.4554756335194312,0.5142113113261079,0.0,3.3860402783779637e-18,0.0552982342457508,0.5132463168468269,0.5140367598015902,0.4554756335194312,0.5142113113261079,0.0
0.017083428608290846,0.046982804692119226,0.48353110807736666,0.543121851317047,0.4841374154955672,0.483875051374267,0.0459334245381458,0.017083428608290846,0.046982804692119226,0.48353110807736666,0.543121851317047,0.4841374154955672,0.483875051374267,0.0459334245381458
0.016175870025405825,0.015591517146140349,0.47277686555816745,0.5021976760104565,0.5293412254584595,0.5011649985721536,0.016521168387854137,0.016175870025405825,0.015591517146140349,0.47277686555816745,0.5021976760104565,0.5293412254584595,0.5011649985721536,0.016521168387854137
0.044664231571582336,0.01742233523812666,0.4786668349974034,0.5057924463142716,0.5360856546926828,0.47806176856285904,0.01562336074537413,0.044664231571582336,0.01742233523812666,0.4786668349974034,0.5057924463142716,0.5360856546926828,0.47806176856285904,0.01562336074537413
0.017301574796982123,0.01684661508235391,0.5053921715824294,0.5350494413595166,0.4785847551147303,0.47767298379589507,0.04393567397559295,0.017301574796982123,0.01684661508235391,0.5053921715824294,0.5350494413595166,0.4785847551147303,0.47767298379589507,0.04393567397559295
0.014546073053935744,0.04334010055582932,0.4779537324291016,0.5062239172715434,0.5351628954137263,0.4775370953080453,0.015548462969145258,0.014546073053935744,0.04334010055582932,0.4779537324291016,0.5062239172715434,0.5351628954137263,0.4775370953080453,0.015548462969145258
1.9536375945251848e-17,1.8831932791060544e-17,0.44314921886039593,0.49881612520241236,0.4987539575327121,0.5542736748935898,0.0,1.9536375945251848e-17,1.8831932791060544e-17,0.44314921886039593,0.49881612520241236,0.4987539575327121,0.5542736748935898,0.0
0.0453569043672595,0.04549741757319099,0.5150216882446007,0.5149493608375666,0.4870758957333346,0.48575969480937153,0.01760948400339548,0.0453569043672595,0.04549741757319099,0.5150216882446007,0.5149493608375666,0.4870758957333346,0.48575969480937153,0.01760948400339548
5.772460065350701e-18,2.6365185027894435e-17,0.4407753629159211,0.44132764360855664,0.49594997783297473,0.6061796329404677,0.0009215510933339979,5.772460065350701e-18,2.6365185027894435e-17,0.4407753629159211,0.44132764360855664,0.49594997783297473,0.6061796329404677,0.0009215510933339979
0.01756923935079605,0.04609154904324076,0.5082369079311081,0.48019986819029786,0.5087436745127336,0.5083244432887332,0.016158326621663784,0.01756923935079605,0.04609154904324076,0.5082369079311081,0.48019986819029786,0.5087436745127336,0.5083244432887332,0.016158326621663784
0.05599494233893833,0.05572283822764961,0.48551482596145634,0.4825589497602129,0.4820545079213381,0.5404540138808348,0.05655550803261655,0.05599494233893833,0.05572283822764961,0.48551482596145634,0.4825589497602129,0.4820545079213381,0.5404540138808348,0.05655550803261655
0.05962693567419965,0.05926319960708641,0.4704575307123681,0.5285007010826869,0.4695306088307122,0.5280074787848016,2.4768969597622e-7,0.05962693567419965,0.05926319960708641,0.4704575307123681,0.5285007010826869,0.4695306088307122,0.5280074787848016,2.4768969597622e-7
0.016844409440100808,0.016358610730098526,0.5022470920514904,0.5014967874260711,0.5013416704575648,0.4886125715553448,0.13446082838442905,0.016844409440100808,0.016358610730098526,0.5022470920514904,0.5014967874260711,0.5013416704575648,0.4886125715553448,0.13446082838442905
0.01672668126070654,0.016376605319500866,0.5279823355628407,0.5281959116625311,0.4702004209300621,0.47097720822862826,0.016254282332298906,0.01672668126070654,0.016376605319500866,0.5279823355628407,0.5281959116625311,0.4702004209300621,0.47097720822862826,0.016254282332298906
0.06189659449016307,0.06155734043999436,0.5821760855168067,0.47028664086255634,0.46792465133919403,0.46598675170781484,0.000010027878611071817,0.06189659449016307,0.06155734043999436,0.5821760855168067,0.47028664086255634,0.46792465133919403,0.46598675170781484,0.000010027878611071817
1.832823522804596e-17,2.0992424733110435e-17,0.4551133169283586,0.5687289759059913,0.5125519930600978,0.45339714347873594,0.05665993717124513,1.832823522804596e-17,2.0992424733110435e-17,0.4551133169283586,0.5687289759059913,0.5125519930600978,0.45339714347873594,0.05665993717124513
0.04651181140144033,0.016302511046035206,0.48993663360830964,0.5196975072577722,0.4910438577078302,0.49392554047559967,0.07569723524562884,0.04651181140144033,0.016302511046035206,0.48993663360830964,0.5196975072577722,0.4910438577078302,0.49392554047559967,0.07569723524562884
3.6560540115436014e-18,0.05970789315072866,0.49222788913861526,0.49292547159208916,0.4930897051546072,0.4907948915859255,0.18509273685280442,3.6560540115436014e-18,0.05970789315072866,0.49222788913861526,0.49292547159208916,0.4930897051546072,0.4907948915859255,0.18509273685280442
7.29905479077892e-7,0.0005407889526539281,0.45704491197067687,0.45565089510464424,0.6142552899587405,0.45216749387391614,0.054031343262226,7.29905479077892e-7,0.0005407889526539281,0.45704491197067687,0.45565089510464424,0.6142552899587405,0.45216749387391614,0.054031343262226
3.560710074256955e-18,0.058150808490024394,0.4673377129392234,0.467796076945749,0.4670107508236327,0.584170731917683,0.056397340578242645,3.560710074256955e-18,0.058150808490024394,0.4673377129392234,0.467796076945749,0.4670107508236327,0.584170731917683,0.056397340578242645
0.10803481735737026,0.04503670019443562,0.49688523734354917,0.4940449101388587,0.5006380588295362,0.49550239505189475,0.015262871732909513,0.10803481735737026,0.04503670019443562,0.49688523734354917,0.4940449101388587,0.5006380588295362,0.49550239505189475,0.015262871732909513
0.17508432134678187,0.0,0.5390266395260405,0.47718940625228745,0.4780483856521439,0.47778208931481464,0.0,0.17508432134678187,0.0,0.5390266395260405,0.47718940625228745,0.4780483856521439,0.47778208931481464,0.0
0.01678550482477514,0.04361957116954503,0.4982543045458348,0.4970367221071324,0.49606341613283417,0.4965989373628491,0.10614428185455814,0.01678550482477514,0.04361957116954503,0.4982543045458348,0.4970367221071324,0.49606341613283417,0.4965989373628491,0.10614428185455814
0.1207719027389667,0.12289425422744304,0.4894162575213508,0.4950824627948862,0.4944819267423019,0.4930713994797877,0.000211084413381274,0.1207719027389667,0.12289425422744304,0.4894162575213508,0.4950824627948862,0.4944819267423019,0.4930713994797877,0.000211084413381274
0.01538571991897316,0.042006929804267644,0.4777993592384242,0.4775790060223778,0.5636516950004224,0.47500032690356886,0.01624566243340398,0.01538571991897316,0.042006929804267644,0.4777993592384242,0.4775790060223778,0.5636516950004224,0.47500032690356886,0.01624566243340398
0.12119746580278791,0.06090514112087943,0.49657244558754315,0.4958674299946698,0.4931674111146411,0.4948671078028062,0.058835244981617865,0.12119746580278791,0.06090514112087943,0.49657244558754315,0.4958674299946698,0.4931674111146411,0.4948671078028062,0.058835244981617865
0.016036735039638282,0.016158771694090166,0.5004458235437184,0.469799441506522,0.4709200953570925,0.5559293829698226,0.016079358276639952,0.016036735039638282,0.016158771694090166,0.5004458235437184,0.469799441506522,0.4709200953570925,0.5559293829698226,0.016079358276639952
0.11395159560167381,0.0010330636336144036,0.4662113964114926,0.5263123249997858,0.5247512786360381,0.46968024419226706,0.0005347114101512836,0.11395159560167381,0.0010330636336144036,0.4662113964114926,0.5263123249997858,0.5247512786360381,0.46968024419226706,0.0005347114101512836
0.04339929743230417,0.01502393934726069,0.5133497411501328,0.48598522393091476,0.5132375905480656,0.48456330179732837,0.0436713151997792,0.04339929743230417,0.01502393934726069,0.5133497411501328,0.48598522393091476,0.5132375905480656,0.48456330179732837,0.0436713151997792
0.1152605530954649,0.00007683451934211821,0.5244123864071545,0.5268569422657521,0.4671230600800359,0.46558849988931356,0.0,0.1152605530954649,0.00007683451934211821,0.5244123864071545,0.5268569422657521,0.4671230600800359,0.46558849988931356,0.0
0.00021549871602485432,0.0,0.5136906462961629,0.5135348446833533,0.5140814480714975,0.45467059390186565,0.056294322471967626,0.00021549871602485432,0.0,0.5136906462961629,0.5135348446833533,0.5140814480714975,0.45467059390186565,0.056294322471967626
0.07232393048486495,0.044274397296486155,0.4942793255455152,0.5190116592431335,0.49146992639669773,0.49092732465274413,0.01745995393507926,0.07232393048486495,0.044274397296486155,0.4942793255455152,0.5190116592431335,0.49146992639669773,0.49092732465274413,0.01745995393507926
2.331400377391473e-17,1.3173879810047985e-17,0.4373278674056015,0.43607483112170903,0.4368910596312123,0.6546025073930261,9.620738060176495e-6,2.331400377391473e-17,1.3173879810047985e-17,0.4373278674056015,0.43607483112170903,0.4368910596312123,0.6546025073930261,9.620738060176495e-6
0.05471758553918335,0.05543171454760664,0.4619487085759966,0.466015585694877,0.5916239122475913,0.4661477683697264,0.0,0.05471758553918335,0.05543171454760664,0.4619487085759966,0.466015585694877,0.5916239122475913,0.4661477683697264,0.0
0.015921541892249026,0.04527032317270049,0.47860125874218645,0.5081914419599526,0.4782615180427338,0.535424863339724,0.0163335437211477,0.015921541892249026,0.04527032317270049,0.47860125874218645,0.5081914419599526,0.4782615180427338,0.535424863339724,0.0163335437211477
0.07631416780428198,0.07685145133663084,0.49736229047128727,0.49742384436862763,0.4982428794618431,0.49755046973641487,0.01755128031854891,0.07631416780428198,0.07685145133663084,0.49736229047128727,0.49742384436862763,0.4982428794618431,0.49755046973641487,0.01755128031854891
0.016299298230878754,0.016040367696303057,0.4916790348701751,0.4908905905251171,0.5227062844251259,0.4907852791576924,0.10639339467878661,0.016299298230878754,0.016040367696303057,0.4916790348701751,0.4908905905251171,0.5227062844251259,0.4907852791576924,0.10639339467878661
2.2107161802736828e-17,2.131002118493855e-17,0.501463091801539,0.44374344841077373,0.5005291119805556,0.5555926436387394,0.0,2.2107161802736828e-17,2.131002118493855e-17,0.501463091801539,0.44374344841077373,0.5005291119805556,0.5555926436387394,0.0
0.05851793113882864,0.0002800654518017889,0.4568358697590915,0.45675542956795306,0.5706703597416806,0.5060363667777246,0.0,0.05851793113882864,0.0002800654518017889,0.4568358697590915,0.45675542956795306,0.5706703597416806,0.5060363667777246,0.0
0.061381597748288386,0.0,0.4747903086055633,0.5224369844512463,0.4705803314182794,0.5255145872750003,0.057059150200271774,0.061381597748288386,0.0,0.4747903086055633,0.5224369844512463,0.4705803314182794,0.5255145872750003,0.057059150200271774
1.7303124894424567e-18,2.784114561507039e-17,0.4555576810644651,0.5120175133036136,0.4552317694001149,0.568096732868644,0.05693830399838381,1.7303124894424567e-18,2.784114561507039e-17,0.4555576810644651,0.5120175133036136,0.4552317694001149,0.568096732868644,0.05693830399838381
0.01591563683963688,0.015457012930242533,0.5074208879552121,0.5071441021751949,0.5067212425492567,0.47801381814261035,0.044648708187439184,0.01591563683963688,0.015457012930242533,0.5074208879552121,0.5071441021751949,0.5067212425492567,0.47801381814261035,0.044648708187439184
0.016480885301715376,0.07527494092362035,0.4819511137053414,0.48662598237757415,0.5425894619629499,0.48349217973345815,0.0009218794622248772,0.016480885301715376,0.07527494092362035,0.4819511137053414,0.48662598237757415,0.5425894619629499,0.48349217973345815,0.0009218794622248772
0.10540048845011461,0.014001266071538574,0.4921968767480433,0.5217175487537827,0.48730481717019036,0.4898113524635831,0.016270241497332,0.10540048845011461,0.014001266071538574,0.4921968767480433,0.5217175487537827,0.48730481717019036,0.4898113524635831,0.016270241497332
0.016447869691948214,0.016434989945937017,0.4738253566213138,0.5316890798279499,0.5002632757897894,0.498400841481818,0.015687629315438163,0.016447869691948214,0.016434989945937017,0.4738253566213138,0.5316890798279499,0.5002632757897894,0.498400841481818,0.015687629315438163
0.01726313140826776,0.04931230588860254,0.5145738454164396,0.48519658294576307,0.5142416389443358,0.4837669448132185,0.04671139433997373,0.01726313140826776,0.04931230588860254,0.5145738454164396,0.48519658294576307,0.5142416389443358,0.4837669448132185,0.04671139433997373
0.01602772513223209,0.07548378732765558,0.4912796004047151,0.49223547793625766,0.4927374937675449,0.5183863917097398,0.04674805225358556,0.01602772513223209,0.07548378732765558,0.4912796004047151,0.49223547793625766,0.4927374937675449,0.5183863917097398,0.04674805225358556
0.015609081268949427,0.015752371797746266,0.5347449639188958,0.47809510597125726,0.5062790497739091,0.4779982376016949,0.04457984039540036,0.015609081268949427,0.015752371797746266,0.5347449639188958,0.47809510597125726,0.5062790497739091,0.4779982376016949,0.04457984039540036
0.07356974557510457,0.014487043346239322,0.513545170056143,0.4854726626239351,0.48269597271466214,0.5125693097213052,0.015367205424531974,0.07356974557510457,0.014487043346239322,0.513545170056143,0.4854726626239351,0.48269597271466214,0.5125693097213052,0.015367205424531974
0.016579757278409137,0.016304072342160122,0.5006082844261155,0.527130707051004,0.4754367730573035,0.5010410447443034,0.01624632204485706,0.016579757278409137,0.016304072342160122,0.5006082844261155,0.527130707051004,0.4754367730573035,0.5010410447443034,0.01624632204485706
3.474944651022527e-18,0.05675015283495483,0.4555606849168634,0.5686029366225619,0.45500984677736483,0.5099529185534881,0.0,3.474944651022527e-18,0.05675015283495483,0.4555606849168634,0.5686029366225619,0.45500984677736483,0.5099529185534881,0.0
0.05984025463131846,0.059409885717898174,0.4960085900063369,0.49598219416211653,0.4952365717965902,0.4941849632016476,0.12185713834339135,0.05984025463131846,0.059409885717898174,0.4960085900063369,0.49598219416211653,0.4952365717965902,0.4941849632016476,0.12185713834339135
0.0154935412167163,0.04525635643603022,0.5155679635204502,0.5106772806672415,0.4859031551587055,0.48402108174229386,0.044981794113792266,0.0154935412167163,0.04525635643603022,0.5155679635204502,0.5106772806672415,0.4859031551587055,0.48402108174229386,0.044981794113792266
0.17901785074547463,0.0006860092413415707,0.4775887746439562,0.537883989299829,0.4736674705609592,0.4767767794625141,0.0,0.17901785074547463,0.0006860092413415707,0.4775887746439562,0.537883989299829,0.4736674705609592,0.4767767794625141,0.0
0.016901029102817138,0.017561785296419608,0.5840984369822577,0.46817411949832227,0.47096798801935874,0.4686507299840284,0.002654626629526558,0.016901029102817138,0.017561785296419608,0.5840984369822577,0.46817411949832227,0.47096798801935874,0.4686507299840284,0.002654626629526558
0.016915009074429128,0.10352594203106875,0.49196906957335523,0.48972158251781017,0.5200692793706583,0.4895233959380807,0.0151117547167752,0.016915009074429128,0.10352594203106875,0.49196906957335523,0.48972158251781017,0.5200692793706583,0.4895233959380807,0.0151117547167752
3.060788198284012e-17,0.0,0.499864646756118,0.4434536858645374,0.553921249355774,0.4996753526027223,2.5938540145901716e-6,3.060788198284012e-17,0.0,0.499864646756118,0.4434536858645374,0.553921249355774,0.4996753526027223,2.5938540145901716e-6
0.01652887147273457,0.016609796029536474,0.4771757571651472,0.477793119540846,0.5065647810266123,0.5350553259512735,0.04518323180291168,0.01652887147273457,0.016609796029536474,0.4771757571651472,0.477793119540846,0.5065647810266123,0.5350553259512735,0.04518323180291168
0.0024532235620533254,0.0582744230425428,0.46918162580619693,0.5275609653044042,0.46991157377598014,0.5253483073475937,0.05759696860906589,0.0024532235620533254,0.0582744230425428,0.46918162580619693,0.5275609653044042,0.46991157377598014,0.5253483073475937,0.05759696860906589
1.0454374640032493e-20,2.70067986700493e-17,0.44105452628961955,0.44091806292380276,0.6058994268699635,0.4954198926041949,0.0,1.0454374640032493e-20,2.70067986700493e-17,0.44105452628961955,0.44091806292380276,0.6058994268699635,0.4954198926041949,0.0
0.061113652152722076,0.12157698296851897,0.47753595957806966,0.543970297330877,0.4808879338803034,0.48129105781369164,0.000022802156166688267,0.061113652152722076,0.12157698296851897,0.47753595957806966,0.543970297330877,0.4808879338803034,0.48129105781369164,0.000022802156166688267
0.015828041122276624,0.015606781837836184,0.5012151843900214,0.5009485506332023,0.4717681375214276,0.5276297222553661,0.015175617952571427,0.015828041122276624,0.015606781837836184,0.5012151843900214,0.5009485506332023,0.4717681375214276,0.5276297222553661,0.015175617952571427
0.05682862577528117,0.0,0.45483646425020596,0.5681576398469123,0.5117227013828676,0.4549585724646011,0.0,0.05682862577528117,0.0,0.45483646425020596,0.5681576398469123,0.5117227013828676,0.4549585724646011,0.0
5.779001849985926e-18,3.164234098475014e-17,0.5253063419538392,0.5252852097764548,0.46739669023789676,0.4666221542351644,0.11422151507297365,5.779001849985926e-18,3.164234098475014e-17,0.5253063419538392,0.5252852097764548,0.46739669023789676,0.4666221542351644,0.11422151507297365
0.000012307225042811018,9.697623317597456e-6,0.44805271780139233,0.5593235735197302,0.4479572819453511,0.5576172677739362,0.0,0.000012307225042811018,9.697623317597456e-6,0.44805271780139233,0.5593235735197302,0.4479572819453511,0.5576172677739362,0.0
3.1153254373317774e-18,0.0508771253801633,0.45032816592765146,0.5617150420305371,0.5110265321239452,0.46914100496789135,0.0047850600294584,3.1153254373317774e-18,0.0508771253801633,0.45032816592765146,0.5617150420305371,0.5110265321239452,0.46914100496789135,0.0047850600294584
0.05556863070832741,0.0004656825633985704,0.4514539023664809,0.45167206574218716,0.4526912976140844,0.6208771088283817,0.00006603997249042724,0.05556863070832741,0.0004656825633985704,0.4514539023664809,0.45167206574218716,0.4526912976140844,0.6208771088283817,0.00006603997249042724
6.225833219351974e-6,0.00001654768517596289,0.4570929058417669,0.5142213145722326,0.5138060403737505,0.5136544368415144,0.05706027275093742,6.225833219351974e-6,0.00001654768517596289,0.4570929058417669,0.5142213145722326,0.5138060403737505,0.5136544368415144,0.05706027275093742
3.402174258678169e-18,0.05556172213975319,0.4571659198940445,0.5138743775833455,0.5118362764693095,0.5130365473681116,0.0004270049958650764,3.402174258678169e-18,0.05556172213975319,0.4571659198940445,0.5138743775833455,0.5118362764693095,0.5130365473681116,0.0004270049958650764
0.00008344330585848996,0.056028079280214665,0.45281110084132475,0.6214193451155814,0.4513919487567779,0.4524757571122484,0.00004721938511608684,0.00008344330585848996,0.056028079280214665,0.45281110084132475,0.6214193451155814,0.4513919487567779,0.4524757571122484,0.00004721938511608684
0.052984719466485204,0.05281136348956693,0.4838364199000669,0.5455147587557081,0.4796290826392857,0.48143946679196237,0.06214895160027859,0.052984719466485204,0.05281136348956693,0.4838364199000669,0.5455147587557081,0.4796290826392857,0.48143946679196237,0.06214895160027859
0.015705838567295807,0.04655464660386432,0.4848288212135298,0.514103077184112,0.5136396267476403,0.4832069635001782,0.04513021064556438,0.015705838567295807,0.04655464660386432,0.4848288212135298,0.514103077184112,0.5136396267476403,0.4832069635001782,0.04513021064556438
0.015502651458359436,0.014856162279649409,0.4847695102973177,0.4835237857354671,0.5418503670526872,0.48220417504021645,0.0756773492364312,0.015502651458359436,0.014856162279649409,0.4847695102973177,0.4835237857354671,0.5418503670526872,0.48220417504021645,0.0756773492364312
3.4900592314981186e-18,0.05699699266642486,0.5113419872687945,0.45444695356721393,0.45500768183890866,0.5695760102586988,0.00004674266091724352,3.4900592314981186e-18,0.05699699266642486,0.5113419872687945,0.45444695356721393,0.45500768183890866,0.5695760102586988,0.00004674266091724352
0.04717837505560776,0.016585217739651766,0.5180562203374038,0.49006346985363214,0.4909009144376919,0.493385374861182,0.07651008040163171,0.04717837505560776,0.016585217739651766,0.5180562203374038,0.49006346985363214,0.4909009144376919,0.493385374861182,0.07651008040163171
0.04555139346664977,0.045692509189160735,0.48364464958658554,0.5440246228467153,0.48477671528058147,0.48487280679804945,0.01604702341053745,0.04555139346664977,0.045692509189160735,0.48364464958658554,0.5440246228467153,0.48477671528058147,0.48487280679804945,0.01604702341053745
0.0768083437975006,0.017263740579936286,0.4899296059074455,0.49119996789552445,0.49188792391173214,0.5200269783955211,0.046704379616137895,0.0768083437975006,0.017263740579936286,0.4899296059074455,0.49119996789552445,0.49188792391173214,0.5200269783955211,0.046704379616137895
0.12164557020253837,0.0,0.4903167661262933,0.49406130360851536,0.4941776671476242,0.49536501386361426,0.12215050370414304,0.12164557020253837,0.0,0.4903167661262933,0.49406130360851536,0.4941776671476242,0.49536501386361426,0.12215050370414304
0.0443252049934825,0.07224166716846829,0.48938580275586024,0.5200972135118701,0.49167788490276104,0.4919438982069216,0.01662281688053111,0.0443252049934825,0.07224166716846829,0.48938580275586024,0.5200972135118701,0.49167788490276104,0.4919438982069216,0.01662281688053111
0.07724494456518098,0.018383141488041238,0.49195000353426577,0.49371544336012024,0.521536728773107,0.4907355268618854,0.041011183496395605,0.07724494456518098,0.018383141488041238,0.49195000353426577,0.49371544336012024,0.521536728773107,0.4907355268618854,0.041011183496395605
0.04489148918109468,0.016381198912930283,0.509110014333748,0.5098035302589986,0.5095026709060683,0.48040982858332915,0.016299207962568073,0.04489148918109468,0.016381198912930283,0.509110014333748,0.5098035302589986,0.5095026709060683,0.48040982858332915,0.016299207962568073
0.013159939185308963,0.014165826032152556,0.5006638350409769,0.5016959921083568,0.49817255708578306,0.5000964248026225,0.01553582229077524,0.013159939185308963,0.014165826032152556,0.5006638350409769,0.5016959921083568,0.49817255708578306,0.5000964248026225,0.01553582229077524
3.425278021961394e-18,0.05593903522789111,0.4512908126531916,0.45155619344414666,0.4525751638415182,0.6204541799860144,0.00006572981741989545,3.425278021961394e-18,0.05593903522789111,0.4512908126531916,0.45155619344414666,0.4525751638415182,0.6204541799860144,0.00006572981741989545
0.11283430720437677,0.0,0.46555085417253095,0.46580788000744555,0.4677847433768785,0.5793561539462966,0.0,0.11283430720437677,0.0,0.46555085417253095,0.46580788000744555,0.4677847433768785,0.5793561539462966,0.0
3.663584551017667e-18,0.05983087619333831,0.48183185393011396,0.4810801750234516,0.5408833189684188,0.4825301940504249,0.1200732020164479,3.663584551017667e-18,0.05983087619333831,0.48183185393011396,0.4810801750234516,0.5408833189684188,0.4825301940504249,0.1200732020164479
0.056286821781742664,0.0,0.4545298526561645,0.5107134680887574,0.5688751696600746,0.4547306623520472,0.0,0.056286821781742664,0.0,0.4545298526561645,0.5107134680887574,0.5688751696600746,0.4547306623520472,0.0
3.517827744645716e-18,0.05745048690112063,0.5149488058950135,0.45788787725910585,0.5139275037724657,0.5139964434333362,0.0,3.517827744645716e-18,0.05745048690112063,0.5149488058950135,0.45788787725910585,0.5139275037724657,0.5139964434333362,0.0
0.04840437668361926,0.1062128313273046,0.49671155509677245,0.49652716900687727,0.49736176015642153,0.496754578894741,0.015652638710112354,0.04840437668361926,0.1062128313273046,0.49671155509677245,0.49652716900687727,0.49736176015642153,0.496754578894741,0.015652638710112354
6.713063229358234e-18,0.10963264239178398,0.4633460011440531,0.470928182482952,0.46801702827597746,0.5803077423880011,0.0,6.713063229358234e-18,0.10963264239178398,0.4633460011440531,0.470928182482952,0.46801702827597746,0.5803077423880011,0.0
8.612941314901183e-19,3.1481554248545085e-17,0.5143251753376715,0.5135187481961959,0.4572062817029662,0.513950225573347,0.056840997540347826,8.612941314901183e-19,3.1481554248545085e-17,0.5143251753376715,0.5135187481961959,0.4572062817029662,0.513950225573347,0.056840997540347826
0.015569289004966813,0.015313411603140724,0.47104212904527265,0.4719336304458992,0.5559012076281755,0.4985392294862789,0.016393696664451306,0.015569289004966813,0.015313411603140724,0.47104212904527265,0.4719336304458992,0.5559012076281755,0.4985392294862789,0.016393696664451306
0.0448695700801457,0.04499901211439097,0.4846929411597259,0.5134777551733185,0.5140269576976935,0.48439560687793853,0.01648095851071763,0.0448695700801457,0.04499901211439097,0.4846929411597259,0.5134777551733185,0.5140269576976935,0.48439560687793853,0.01648095851071763
0.017066896472332813,0.04525994095756534,0.4772771280914949,0.5346812021530869,0.478213573021274,0.5061424059690076,0.016202144944622306,0.017066896472332813,0.04525994095756534,0.4772771280914949,0.5346812021530869,0.478213573021274,0.5061424059690076,0.016202144944622306
0.00010480036065092301,0.05979610161148934,0.5678888294973448,0.4545871908536524,0.45588829725074725,0.5122263298615387,0.00013213826415159276,0.00010480036065092301,0.05979610161148934,0.5678888294973448,0.4545871908536524,0.45588829725074725,0.5122263298615387,0.00013213826415159276
0.016307753143939143,0.01675110500294124,0.5038348430625749,0.4757643377218617,0.5326222305772346,0.5041252005686102,0.014721883012009374,0.016307753143939143,0.01675110500294124,0.5038348430625749,0.4757643377218617,0.5326222305772346,0.5041252005686102,0.014721883012009374
0.04479444526282612,0.015583471107527277,0.4907396193703864,0.49108289248087167,0.5054883844533566,0.5107609240512492,0.046874261100502745,0.04479444526282612,0.015583471107527277,0.4907396193703864,0.49108289248087167,0.5054883844533566,0.5107609240512492,0.046874261100502745
0.045370012255690116,0.01662123833036701,0.4779677519984821,0.5074462858284584,0.5072538169687792,0.5076601378875046,0.016124470671052254,0.045370012255690116,0.01662123833036701,0.4779677519984821,0.5074462858284584,0.5072538169687792,0.5076601378875046,0.016124470671052254
0.0132378153049647,0.015179731669820768,0.4777727731909,0.5048508604111644,0.5085458408713373,0.5066146241426158,0.04516390116900546,0.0132378153049647,0.015179731669820768,0.4777727731909,0.5048508604111644,0.5085458408713373,0.5066146241426158,0.04516390116900546
0.18389897675469413,0.06091429502154861,0.49203375052867376,0.49125587933344145,0.4935175871771709,0.4904511050926061,0.0,0.18389897675469413,0.06091429502154861,0.49203375052867376,0.49125587933344145,0.4935175871771709,0.4904511050926061,0.0
0.05943695872922755,0.0,0.5850293000092749,0.4641552700500351,0.4670477241644691,0.46676536460349727,0.05776284628726076,0.05943695872922755,0.0,0.5850293000092749,0.4641552700500351,0.4670477241644691,0.46676536460349727,0.05776284628726076
6.967879008534778e-18,0.1137940998724871,0.4668748268146668,0.5242840915218498,0.5241811607423016,0.4692575327595846,0.0,6.967879008534778e-18,0.1137940998724871,0.4668748268146668,0.5242840915218498,0.5241811607423016,0.4692575327595846,0.0
0.106559140104219,0.016859730809523448,0.4892054114202838,0.4917017326436329,0.5222832376973597,0.4896660239103906,0.015835250599636527,0.106559140104219,0.016859730809523448,0.4892054114202838,0.4917017326436329,0.5222832376973597,0.4896660239103906,0.015835250599636527
5.674587176278783e-18,2.8715475610815254e-17,0.4780283701512767,0.4767218395007382,0.4771764907336144,0.5363931834369029,0.179233494932163,5.674587176278783e-18,2.8715475610815254e-17,0.4780283701512767,0.4767218395007382,0.4771764907336144,0.5363931834369029,0.179233494932163
0.058097872077016714,0.0027642584642893053,0.46744047927294546,0.46789894407251037,0.46634986402942874,0.5839831185771998,0.05637922790521379,0.058097872077016714,0.0027642584642893053,0.46744047927294546,0.46789894407251037,0.46634986402942874,0.5839831185771998,0.05637922790521379
6.12911302587076e-17,1.000960118482829,0.0,0.0,0.0,0.0,0.0,6.12911302587076e-17,1.000960118482829,0.0,0.0,0.0,0.0,0.0
3.093968121644326e-17,4.959759476873561e-18,0.5117343981369235,0.4552900719166432,0.5684413137469742,0.4554618032430975,0.056588329023789394,3.093968121644326e-17,4.959759476873561e-18,0.5117343981369235,0.4552900719166432,0.5684413137469742,0.4554618032430975,0.056588329023789394
0.05652727150664264,0.0,0.5688134625814759,0.4550551095337357,0.5120316339811981,0.4549749419873574,0.0,0.05652727150664264,0.0,0.5688134625814759,0.4550551095337357,0.5120316339811981,0.4549749419873574,0.0
0.01630739805165984,0.01616978636568195,0.47646644302882457,0.47693568496996946,0.5372762395012332,0.5082701911660839,0.045057072178778086,0.01630739805165984,0.01616978636568195,0.47646644302882457,0.47693568496996946,0.5372762395012332,0.5082701911660839,0.045057072178778086
0.016006880815023525,0.045331767940089175,0.5073501841535123,0.5082123081066466,0.5071695152254686,0.4771453931585103,0.016277499489669823,0.016006880815023525,0.045331767940089175,0.5073501841535123,0.5082123081066466,0.5071695152254686,0.4771453931585103,0.016277499489669823
0.07560706934036714,0.04628422990781602,0.5199470793670738,0.49103482373864005,0.49081142916827863,0.49021718147878396,0.017316745373340527,0.07560706934036714,0.04628422990781602,0.5199470793670738,0.49103482373864005,0.49081142916827863,0.49021718147878396,0.017316745373340527
0.05650484089153893,0.0,0.5269804525216041,0.5263049089360349,0.4700727617849757,0.46824375518744277,0.057823250953276194,0.05650484089153893,0.0,0.5269804525216041,0.5263049089360349,0.4700727617849757,0.46824375518744277,0.057823250953276194
0.011608295446087727,0.07774396403164065,0.4965000084054531,0.5197316113993327,0.48570464612823383,0.4907958939804522,0.04646865666521321,0.011608295446087727,0.07774396403164065,0.4965000084054531,0.5197316113993327,0.48570464612823383,0.4907958939804522,0.04646865666521321
0.01588355887965614,0.04342502617797013,0.505667827411441,0.47753891447948066,0.47880250625512283,0.5351339541792167,0.01526317186602395,0.01588355887965614,0.04342502617797013,0.505667827411441,0.47753891447948066,0.47880250625512283,0.5351339541792167,0.01526317186602395
0.00104368801181668,0.0009131697632842738,0.6078837049193395,0.4411280683384608,0.4971724050391418,0.44204281319260047,0.00021692794255874818,0.00104368801181668,0.0009131697632842738,0.6078837049193395,0.4411280683384608,0.4971724050391418,0.44204281319260047,0.00021692794255874818
3.5450877849841e-18,0.05789567714466454,0.4677808579801308,0.47078331790101874,0.527524413388163,0.5252663565857896,0.0579205267537837,3.5450877849841e-18,0.05789567714466454,0.4677808579801308,0.47078331790101874,0.527524413388163,0.5252663565857896,0.0579205267537837
1.652376725916764e-33,2.6985359812595972e-17,0.4407043701316042,0.6056291247390532,0.49621025098414495,0.44125154313166465,0.0,1.652376725916764e-33,2.6985359812595972e-17,0.4407043701316042,0.6056291247390532,0.49621025098414495,0.44125154313166465,0.0
0.05436949299195689,0.002289969030926558,0.6209227634200342,0.45275950090452494,0.45534024352478303,0.4520470784536794,0.0002843920399745537,0.05436949299195689,0.002289969030926558,0.6209227634200342,0.45275950090452494,0.45534024352478303,0.4520470784536794,0.0002843920399745537
0.11943566429530203,0.06046542370593499,0.540108442540181,0.48059536761315197,0.48077254329873415,0.47925433475560386,0.0,0.11943566429530203,0.06046542370593499,0.540108442540181,0.48059536761315197,0.48077254329873415,0.47925433475560386,0.0
0.04574684672887113,0.07674617524183636,0.4919737197209155,0.491182507276089,0.5231383092824455,0.48516402299761824,0.016078123223536817,0.04574684672887113,0.07674617524183636,0.4919737197209155,0.491182507276089,0.5231383092824455,0.48516402299761824,0.016078123223536817
0.055607099100352136,0.0,0.4575392862826608,0.5137818832307912,0.5115015593236311,0.5130048620964874,0.0,0.055607099100352136,0.0,0.4575392862826608,0.5137818832307912,0.5115015593236311,0.5130048620964874,0.0
0.12050297464296217,0.0,0.48144408496280816,0.5423827969390889,0.4796954895191397,0.48090798333128376,0.061176543508279356,0.12050297464296217,0.0,0.48144408496280816,0.5423827969390889,0.4796954895191397,0.48090798333128376,0.061176543508279356
0.062232992246439134,0.00010944575093843553,0.4684784901173639,0.527373846520426,0.5272345301145523,0.4685132696741816,0.058519655836281805,0.062232992246439134,0.00010944575093843553,0.4684784901173639,0.527373846520426,0.5272345301145523,0.4685132696741816,0.058519655836281805
1.0003995253426357,0.0,0.0,0.0,0.0,0.0,0.0,1.0003995253426357,0.0,0.0,0.0,0.0,0.0,0.0
3.713243457604671e-17,8.825570338587484e-19,0.6065899384150919,0.4413842619506854,0.4414930237343446,0.49652618599648335,0.0,3.713243457604671e-17,8.825570338587484e-19,0.6065899384150919,0.4413842619506854,0.4414930237343446,0.49652618599648335,0.0
0.017797308578021045,0.017154512355145913,0.4784372837670179,0.5073428798229137,0.4776135649690413,0.5352698109914367,0.04519266646994196,0.017797308578021045,0.017154512355145913,0.4784372837670179,0.5073428798229137,0.4776135649690413,0.5352698109914367,0.04519266646994196
0.05664286667068804,0.0,0.45537950551126916,0.5128964881884553,0.4559647327210172,0.5688484528412341,0.0,0.05664286667068804,0.0,0.45537950551126916,0.5128964881884553,0.4559647327210172,0.5688484528412341,0.0
0.0023735761734290503,0.17879153996610747,0.4770235448431145,0.5385968464308009,0.47373297800768466,0.4768427169216425,0.0,0.0023735761734290503,0.17879153996610747,0.4770235448431145,0.5385968464308009,0.47373297800768466,0.4768427169216425,0.0
0.01559872626488801,0.04556360007808824,0.5419097821614914,0.4832136538460804,0.48493809449747205,0.48391836649084513,0.045698969610859466,0.01559872626488801,0.04556360007808824,0.5419097821614914,0.4832136538460804,0.48493809449747205,0.48391836649084513,0.045698969610859466
0.04416815383561742,0.01559697995033126,0.4850988923416716,0.5141485731451753,0.5136340166255505,0.4832331714279554,0.042891998497083285,0.04416815383561742,0.01559697995033126,0.4850988923416716,0.5141485731451753,0.5136340166255505,0.4832331714279554,0.042891998497083285
7.063106972351102e-18,0.11534929054268893,0.5817370457287669,0.4645652991927854,0.4671183700243336,0.4656807616851999,0.0,7.063106972351102e-18,0.11534929054268893,0.5817370457287669,0.4645652991927854,0.4671183700243336,0.4656807616851999,0.0
0.00020699866874168628,0.059190050576900965,0.5277813458479091,0.4689171770726776,0.5260358693184891,0.4697795937270791,0.05881160342285024,0.00020699866874168628,0.059190050576900965,0.5277813458479091,0.4689171770726776,0.5260358693184891,0.4697795937270791,0.05881160342285024
0.05938561479244031,0.0,0.4807054241275914,0.48077452775147295,0.5403901053515847,0.47999811940791154,0.12007221821889931,0.05938561479244031,0.0,0.4807054241275914,0.48077452775147295,0.5403901053515847,0.47999811940791154,0.12007221821889931
0.016619444052025752,0.01650161935057279,0.48389022710683494,0.4848146714470354,0.48419297551761453,0.5424144055368524,0.07575163886646773,0.016619444052025752,0.01650161935057279,0.48389022710683494,0.4848146714470354,0.48419297551761453,0.5424144055368524,0.07575163886646773
0.016355245935995258,0.016341180624436295,0.47123366640767644,0.5283209813570193,0.5275520778777043,0.47015450099523615,0.015664677977298005,0.016355245935995258,0.016341180624436295,0.47123366640767644,0.5283209813570193,0.5275520778777043,0.47015450099523615,0.015664677977298005
0.17991929161902998,0.0028244139599070605,0.47546793649913954,0.4772675911803834,0.5360841995589759,0.4768247912654883,0.0,0.17991929161902998,0.0028244139599070605,0.47546793649913954,0.4772675911803834,0.5360841995589759,0.4768247912654883,0.0
0.04445020723550883,0.07454874277716118,0.5216988126558415,0.49236616658070453,0.49170019491757344,0.4902372107798692,0.015204685272289084,0.04445020723550883,0.07454874277716118,0.5216988126558415,0.49236616658070453,0.49170019491757344,0.4902372107798692,0.015204685272289084
7.155224756702987e-18,0.11685368812762559,0.5261083232585073,0.46768759921889713,0.5251749803951938,0.46644923701985436,2.361584345095547e-10,7.155224756702987e-18,0.11685368812762559,0.5261083232585073,0.46768759921889713,0.5251749803951938,0.46644923701985436,2.361584345095547e-10
0.017525655032480457,0.016492394414031247,0.5005324832512587,0.5283785459811562,0.4996493549861181,0.47102356772632487,0.016011758454703914,0.017525655032480457,0.016492394414031247,0.5005324832512587,0.5283785459811562,0.4996493549861181,0.47102356772632487,0.016011758454703914
0.045188682962658114,0.046279114615047384,0.5421611176625214,0.48392440914702956,0.4840347680863015,0.48451211904156516,0.016047420803428553,0.045188682962658114,0.046279114615047384,0.5421611176625214,0.48392440914702956,0.4840347680863015,0.48451211904156516,0.016047420803428553
0.016984278324469755,0.016102748414568845,0.4999589721185255,0.47035793811441484,0.5011883468187014,0.528277725079393,0.015243992764631857,0.016984278324469755,0.016102748414568845,0.4999589721185255,0.47035793811441484,0.5011883468187014,0.528277725079393,0.015243992764631857
2.5228718523999688e-17,9.734597131584112e-18,0.4416235937193492,0.6053756279960911,0.4408684653636744,0.4956392877809353,0.0,2.5228718523999688e-17,9.734597131584112e-18,0.4416235937193492,0.6053756279960911,0.4408684653636744,0.4956392877809353,0.0
2.906488338139045e-17,3.3416494521932578e-18,0.47779246888416815,0.47667462919214254,0.5359036743591544,0.4768959765985697,0.17726192649139613,2.906488338139045e-17,3.3416494521932578e-18,0.47779246888416815,0.47667462919214254,0.5359036743591544,0.4768959765985697,0.17726192649139613
4.688322302629509e-21,2.7878313854521054e-17,0.45528742275978373,0.45528644643147154,0.5107755374611812,0.5686244211233012,0.055844874153665985,4.688322302629509e-21,2.7878313854521054e-17,0.45528742275978373,0.45528644643147154,0.5107755374611812,0.5686244211233012,0.055844874153665985
0.00001977099221720359,0.05764018401477312,0.5130772627678413,0.5145150949299683,0.513649111094451,0.45438420738218877,0.0,0.00001977099221720359,0.05764018401477312,0.5130772627678413,0.5145150949299683,0.513649111094451,0.45438420738218877,0.0
0.1798941968667368,9.045099770120477e-6,0.47396518143160904,0.4786567978884018,0.4766940289421253,0.5369814042437788,0.00010789337112468382,0.1798941968667368,9.045099770120477e-6,0.47396518143160904,0.4786567978884018,0.4766940289421253,0.5369814042437788,0.00010789337112468382
0.016305559924281805,0.015907797156427716,0.5285272541308205,0.4998660699951075,0.47137599689841164,0.499897763923362,0.01546425928889842,0.016305559924281805,0.015907797156427716,0.5285272541308205,0.4998660699951075,0.47137599689841164,0.499897763923362,0.01546425928889842
0.01734238569471942,0.0169835134791423,0.5267651228646161,0.47122149945339664,0.5284095727158402,0.47057189208156663,0.016036362416726152,0.01734238569471942,0.0169835134791423,0.5267651228646161,0.47122149945339664,0.5284095727158402,0.47057189208156663,0.016036362416726152
0.059072202131873454,0.07673270767598042,0.49483178917279097,0.4986499391871119,0.49808963757724084,0.4992854310802026,0.04655749411318035,0.059072202131873454,0.07673270767598042,0.49483178917279097,0.4986499391871119,0.49808963757724084,0.4992854310802026,0.04655749411318035
2.9187466198091356e-17,5.211279789094331e-20,0.4766682563626627,0.5364370903821776,0.4767561782667849,0.47674786386401935,0.17863082479033707,2.9187466198091356e-17,5.211279789094331e-20,0.4766682563626627,0.5364370903821776,0.4767561782667849,0.47674786386401935,0.17863082479033707
1.1267287451634079e-17,3.2038918145194386e-17,0.5546479460439362,0.49922675482327183,0.44295773553832024,0.4982743643860278,0.0,1.1267287451634079e-17,3.2038918145194386e-17,0.5546479460439362,0.49922675482327183,0.44295773553832024,0.4982743643860278,0.0
0.01617889731519596,0.04671998774670323,0.534530716390455,0.5066276052364055,0.47791339473316036,0.4779947027968087,0.016228388568059672,0.01617889731519596,0.04671998774670323,0.534530716390455,0.5066276052364055,0.47791339473316036,0.4779947027968087,0.016228388568059672
0.017781078660142027,0.01781583870756223,0.4851969624680422,0.512925739586129,0.4845932988981837,0.5124695818433829,0.07388046517725431,0.017781078660142027,0.01781583870756223,0.4851969624680422,0.512925739586129,0.4845932988981837,0.5124695818433829,0.07388046517725431
0.01592810469149028,0.01708538958820285,0.5357367823594947,0.4780051369281041,0.47706254507284196,0.5076968484856241,0.045945174363162346,0.01592810469149028,0.01708538958820285,0.5357367823594947,0.4780051369281041,0.47706254507284196,0.5076968484856241,0.045945174363162346
3.428654425578498e-18,0.055994176083515035,0.4524560833166224,0.4533269767792293,0.6229993832976926,0.4538288440296049,0.0,3.428654425578498e-18,0.055994176083515035,0.4524560833166224,0.4533269767792293,0.6229993832976926,0.4538288440296049,0.0
2.614383362430987e-17,1.6071467730552487e-17,0.5011833886428678,0.5010350947338391,0.5565321914307219,0.4453931132499319,0.0,2.614383362430987e-17,1.6071467730552487e-17,0.5011833886428678,0.5010350947338391,0.5565321914307219,0.4453931132499319,0.0
0.11831611515148834,0.0,0.4795009863771456,0.47840839452621325,0.4798754879251743,0.5439397516631609,0.05783820076794104,0.11831611515148834,0.0,0.4795009863771456,0.47840839452621325,0.4798754879251743,0.5439397516631609,0.05783820076794104
0.013232947737624389,0.0727826019814054,0.5212377206572439,0.4941511203147478,0.49197359037538535,0.4926611413269975,0.048017907868277754,0.013232947737624389,0.0727826019814054,0.5212377206572439,0.4941511203147478,0.49197359037538535,0.4926611413269975,0.048017907868277754
4.5040288457756365e-6,0.05361587057734326,0.6209479500972209,0.45333503661710656,0.451227795784404,0.45112546618758104,2.2917242973692671e-7,4.5040288457756365e-6,0.05361587057734326,0.6209479500972209,0.45333503661710656,0.451227795784404,0.45112546618758104,2.2917242973692671e-7
0.00003460814149377152,0.055909157726904885,0.5119699547753722,0.5702092767644859,0.45349477540868854,0.45342044528940456,0.0,0.00003460814149377152,0.055909157726904885,0.5119699547753722,0.5702092767644859,0.45349477540868854,0.45342044528940456,0.0
0.057448501205545476,0.0,0.5149310074111284,0.4578720510062605,0.5143524860550034,0.5141362876086836,0.0,0.057448501205545476,0.0,0.5149310074111284,0.4578720510062605,0.5143524860550034,0.5141362876086836,0.0
0.0176098732663183,0.017771530958330933,0.5354426402595217,0.506969663408862,0.47649713278880773,0.4819888131550184,0.046125921105878404,0.0176098732663183,0.017771530958330933,0.5354426402595217,0.506969663408862,0.47649713278880773,0.4819888131550184,0.046125921105878404
3.389339538005584e-18,0.0553521152444178,0.4554252928400655,0.4568393213463211,0.5692715029192807,0.515976514963598,0.0,3.389339538005584e-18,0.0553521152444178,0.4554252928400655,0.4568393213463211,0.5692715029192807,0.515976514963598,0.0
0.059289920659648165,0.05908556100053512,0.5413657680796541,0.4862437151779883,0.47935786439232875,0.4811180216074024,0.06210745628758543,0.059289920659648165,0.05908556100053512,0.5413657680796541,0.4862437151779883,0.47935786439232875,0.4811180216074024,0.06210745628758543
0.058328041390197115,0.057921276523999275,0.4817007590957479,0.5254822984159769,0.5274298859332208,0.4680560626323897,0.0,0.058328041390197115,0.057921276523999275,0.4817007590957479,0.5254822984159769,0.5274298859332208,0.4680560626323897,0.0
0.016228817871871516,0.07502028584119108,0.5143305486352963,0.5129620618485636,0.4840774904546929,0.4837211738611406,0.016300630231406026,0.016228817871871516,0.07502028584119108,0.5143305486352963,0.5129620618485636,0.4840774904546929,0.4837211738611406,0.016300630231406026
0.05627595720184053,0.0,0.45281102074988794,0.45327474738559953,0.6193427740253934,0.4532144890207504,0.000028381948935193178,0.05627595720184053,0.0,0.45281102074988794,0.45327474738559953,0.6193427740253934,0.4532144890207504,0.000028381948935193178
0.017129598438809998,0.017814397807174986,0.4791763557786025,0.5058897578986723,0.5408732344013805,0.4834201326788739,0.04485643974095054,0.017129598438809998,0.017814397807174986,0.4791763557786025,0.5058897578986723,0.5408732344013805,0.4834201326788739,0.04485643974095054
2.845398425504928e-17,3.292691616962039e-18,0.46778982555911464,0.5258700279688682,0.5254617618541378,0.46604126066165813,0.11587913298576981,2.845398425504928e-17,3.292691616962039e-18,0.46778982555911464,0.5258700279688682,0.5254617618541378,0.46604126066165813,0.11587913298576981
0.045636749230102684,0.04451595076055787,0.513771954834754,0.4839065739337457,0.5151052319315221,0.4832052896048337,0.015716427778614192,0.045636749230102684,0.04451595076055787,0.513771954834754,0.4839065739337457,0.5151052319315221,0.4832052896048337,0.015716427778614192
0.055800548839307754,0.0017932476248518712,0.4550437676112166,0.5698810831940939,0.45491692835951875,0.5115732728789517,0.0,0.055800548839307754,0.0017932476248518712,0.4550437676112166,0.5698810831940939,0.45491692835951875,0.5115732728789517,0.0
0.04524791053683026,0.015888827739812175,0.4782822021758514,0.5070193568574888,0.4774162337520828,0.5340531055799999,0.01644684287080749,0.04524791053683026,0.015888827739812175,0.4782822021758514,0.5070193568574888,0.4774162337520828,0.5340531055799999,0.01644684287080749
0.017720115777992592,0.04784715472916866,0.4752108124976963,0.5381155381646354,0.5063393807232384,0.47704484015888493,0.01632294110725539,0.017720115777992592,0.04784715472916866,0.4752108124976963,0.5381155381646354,0.5063393807232384,0.47704484015888493,0.01632294110725539
3.70612835534803e-19,3.0354218097185524e-17,0.4957589494552647,0.4403122483475588,0.6061147783298575,0.44058220262947173,0.0,3.70612835534803e-19,3.0354218097185524e-17,0.4957589494552647,0.4403122483475588,0.6061147783298575,0.44058220262947173,0.0
0.00020367512896070066,0.060196483360239667,0.48091463283376584,0.48125970090439424,0.4805374541727352,0.5403451068280108,0.1208012241928887,0.00020367512896070066,0.060196483360239667,0.48091463283376584,0.48125970090439424,0.4805374541727352,0.5403451068280108,0.1208012241928887
0.07611204539652357,0.01644452057312527,0.4854345263869618,0.48374294105581755,0.5131866798112124,0.5139023561403048,0.016163786024478596,0.07611204539652357,0.01644452057312527,0.4854345263869618,0.48374294105581755,0.5131866798112124,0.5139023561403048,0.016163786024478596
0.017843063305782458,0.07206307744393325,0.46745508772498723,0.5843441431166894,0.46948096401549844,0.4678698581353035,0.05427143166299543,0.017843063305782458,0.07206307744393325,0.46745508772498723,0.5843441431166894,0.46948096401549844,0.4678698581353035,0.05427143166299543
0.00017347605418464878,0.00006110224682275615,0.44788826827747963,0.6716347107389519,0.4479611943518679,0.44924681771827357,0.0,0.00017347605418464878,0.00006110224682275615,0.44788826827747963,0.6716347107389519,0.4479611943518679,0.44924681771827357,0.0
0.014789016571328186,0.014767994639798316,0.4697794360583218,0.49897512027365826,0.47016911515607424,0.5572528698912063,0.015582812569926795,0.014789016571328186,0.014767994639798316,0.4697794360583218,0.49897512027365826,0.47016911515607424,0.5572528698912063,0.015582812569926795
0.01681260242707666,0.01689607164732212,0.48538353046290983,0.484729737494741,0.5148930110095046,0.5114144661983224,0.07529352496424954,0.01681260242707666,0.01689607164732212,0.48538353046290983,0.484729737494741,0.5148930110095046,0.5114144661983224,0.07529352496424954
0.015495783967315243,0.07395940701815773,0.48523884471946543,0.5120826286222346,0.48427461187608783,0.5135164683861883,0.015303422710159845,0.015495783967315243,0.07395940701815773,0.48523884471946543,0.5120826286222346,0.48427461187608783,0.5135164683861883,0.015303422710159845
0.01590707162792151,0.016641083912331968,0.4711229091618273,0.46901202379287193,0.47044711349047014,0.5831043103535907,0.016260308030507747,0.01590707162792151,0.016641083912331968,0.4711229091618273,0.46901202379287193,0.47044711349047014,0.5831043103535907,0.016260308030507747
0.00005729013142178596,0.11583199176939309,0.4649384186628872,0.4639301233003415,0.583970138117546,0.46674436714402534,0.00016455996411431165,0.00005729013142178596,0.11583199176939309,0.4649384186628872,0.4639301233003415,0.583970138117546,0.46674436714402534,0.00016455996411431165
1.3725242403600393e-17,2.7051260993110335e-17,0.49539220334607476,0.6073228987665299,0.44126917309908276,0.4403018842325625,0.0,1.3725242403600393e-17,2.7051260993110335e-17,0.49539220334607476,0.6073228987665299,0.44126917309908276,0.4403018842325625,0.0
0.1164435711350321,0.05843689842828693,0.4809154403849051,0.48033534900121255,0.4821805466524707,0.540563840423383,0.0,0.1164435711350321,0.05843689842828693,0.4809154403849051,0.48033534900121255,0.4821805466524707,0.540563840423383,0.0
0.05637658523021761,0.0,0.5137765091312715,0.5134141778411209,0.513711483142193,0.4546402995964471,0.0,0.05637658523021761,0.0,0.5137765091312715,0.5134141778411209,0.513711483142193,0.4546402995964471,0.0
1.0886734574344424e-17,3.202974871769491e-17,0.5524754222976345,0.55246247863432,0.44194440041329874,0.4418679988701631,0.00019937444493896644,1.0886734574344424e-17,3.202974871769491e-17,0.5524754222976345,0.55246247863432,0.44194440041329874,0.4418679988701631,0.00019937444493896644
0.0438094486836287,0.015364742671704878,0.5047269579833589,0.4781638890047682,0.5366128202121703,0.47760719238624916,0.015610950672665103,0.0438094486836287,0.015364742671704878,0.5047269579833589,0.4781638890047682,0.5366128202121703,0.47760719238624916,0.015610950672665103
2.28952873422188e-17,2.2571165789390563e-17,0.5250567634404925,0.4670491326304346,0.5241715859226578,0.46749499394572663,0.11803110805547894,2.28952873422188e-17,2.2571165789390563e-17,0.5250567634404925,0.4670491326304346,0.5241715859226578,0.46749499394572663,0.11803110805547894
0.000029820241578058297,0.00003042055675336842,0.45490140332463763,0.511935121767251,0.5681858021007342,0.45506863089982835,0.056316735166129964,0.000029820241578058297,0.00003042055675336842,0.45490140332463763,0.511935121767251,0.5681858021007342,0.45506863089982835,0.056316735166129964
0.04547646825333977,0.013117126203760739,0.4752714643005908,0.5040910133118267,0.5195971377241875,0.4934454149219791,0.0756236529462708,0.04547646825333977,0.013117126203760739,0.4752714643005908,0.5040910133118267,0.5195971377241875,0.4934454149219791,0.0756236529462708
0.18363232777325278,0.0,0.4916565778521795,0.49332947578433617,0.4920330143852583,0.4927656954027515,0.06208798573637139,0.18363232777325278,0.0,0.4916565778521795,0.49332947578433617,0.4920330143852583,0.4927656954027515,0.06208798573637139
0.04459544562657349,0.04472987738069104,0.48404272219167754,0.4828973212635902,0.5424855621026734,0.4850933127203655,0.01602193032135236,0.04459544562657349,0.04472987738069104,0.48404272219167754,0.4828973212635902,0.5424855621026734,0.4850933127203655,0.01602193032135236
0.05675979199285567,0.00021070137592606053,0.5725860859753225,0.4574955181449866,0.45901178146448796,0.513465572632291,1.0796248330644874e-6,0.05675979199285567,0.00021070137592606053,0.5725860859753225,0.4574955181449866,0.45901178146448796,0.513465572632291,1.0796248330644874e-6
0.06667424576458525,0.010829653226711972,0.49617887844766284,0.49819303750029326,0.499211496904158,0.49752174535965427,0.07549467436181587,0.06667424576458525,0.010829653226711972,0.49617887844766284,0.49819303750029326,0.499211496904158,0.49752174535965427,0.07549467436181587
0.045858020959968174,0.0457688623847672,0.4832064046172167,0.48302724124711477,0.4834764648238916,0.5442487806948826,0.016170608276955725,0.045858020959968174,0.0457688623847672,0.4832064046172167,0.48302724124711477,0.4834764648238916,0.5442487806948826,0.016170608276955725
2.703390310714647e-17,2.315982129144487e-17,0.5813575397979468,0.4649189239427701,0.4656098119955898,0.4659957709401876,0.11506915532008827,2.703390310714647e-17,2.315982129144487e-17,0.5813575397979468,0.4649189239427701,0.4656098119955898,0.4659957709401876,0.11506915532008827
0.056440125219834526,0.12665370924981553,0.5010337364833787,0.495976047002985,0.49277318793577257,0.4904794592723986,0.05893481799560169,0.056440125219834526,0.12665370924981553,0.5010337364833787,0.495976047002985,0.49277318793577257,0.4904794592723986,0.05893481799560169
0.015528095755711926,0.01400235322786371,0.4726900035932714,0.558027184231897,0.4949861995127836,0.47058543075299186,0.015140210064903164,0.015528095755711926,0.01400235322786371,0.4726900035932714,0.558027184231897,0.4949861995127836,0.47058543075299186,0.015140210064903164
0.2446563032281229,0.0,0.48760112488305846,0.4831472632121893,0.48491281768922484,0.48517836334149284,2.4508730254644595e-8,0.2446563032281229,0.0,0.48760112488305846,0.4831472632121893,0.48491281768922484,0.48517836334149284,2.4508730254644595e-8
0.06989998419089187,0.02166551559368113,0.521014963025803,0.49372102870651047,0.4916082297160194,0.49229527006284723,0.047982247713295165,0.06989998419089187,0.02166551559368113,0.521014963025803,0.49372102870651047,0.4916082297160194,0.49229527006284723,0.047982247713295165
2.0776045155203193e-17,1.9735727101514497e-17,0.4679813384976193,0.4687761050807376,0.4647903037912707,0.5779786482020743,0.11713114306101026,2.0776045155203193e-17,1.9735727101514497e-17,0.4679813384976193,0.4687761050807376,0.4647903037912707,0.5779786482020743,0.11713114306101026
0.016071781317186826,0.07530029743021995,0.486207505436806,0.5428745749177791,0.48113043185290294,0.48479900013429167,0.015849919431665145,0.016071781317186826,0.07530029743021995,0.486207505436806,0.5428745749177791,0.48113043185290294,0.48479900013429167,0.015849919431665145
0.10464305857944674,0.017973041072811356,0.518992373343246,0.49058056029022074,0.4888474777632104,0.490900024049095,0.016495787649957887,0.10464305857944674,0.017973041072811356,0.518992373343246,0.49058056029022074,0.4888474777632104,0.490900024049095,0.016495787649957887
0.1386099835867822,0.019063765744722936,0.4925169628038837,0.4940348142712491,0.49909837129619944,0.4971153781581584,0.013521067993128317,0.1386099835867822,0.019063765744722936,0.4925169628038837,0.4940348142712491,0.49909837129619944,0.4971153781581584,0.013521067993128317
2.1087283957603264e-17,2.0938773613053063e-17,0.4853170050348663,0.4850523230285429,0.4860305676315093,0.48539109612270653,0.24154821217232608,2.1087283957603264e-17,2.0938773613053063e-17,0.4853170050348663,0.4850523230285429,0.4860305676315093,0.48539109612270653,0.24154821217232608
0.05527822312441943,0.12157682830487732,0.5417095225552633,0.48191225388523307,0.47707280522269824,0.4815185818631734,0.0,0.05527822312441943,0.12157682830487732,0.5417095225552633,0.48191225388523307,0.47707280522269824,0.4815185818631734,0.0
0.04601834903611603,0.016516983753550613,0.4787487504156329,0.47956430201275724,0.5054572325628786,0.5375432470598066,0.016677429119525505,0.04601834903611603,0.016516983753550613,0.4787487504156329,0.47956430201275724,0.5054572325628786,0.5375432470598066,0.016677429119525505
0.04609993677193805,0.0180791037501771,0.5352963752450431,0.47735747000741036,0.5066985669324766,0.4778197484892769,0.015647456698263118,0.04609993677193805,0.0180791037501771,0.5352963752450431,0.47735747000741036,0.5066985669324766,0.4778197484892769,0.015647456698263118
0.0435735612496468,0.043822858806200994,0.5130287358130223,0.4869284164652479,0.4837702763713454,0.5151335383490603,0.016278625411282093,0.0435735612496468,0.043822858806200994,0.5130287358130223,0.4869284164652479,0.4837702763713454,0.5151335383490603,0.016278625411282093
0.05541489146946808,0.0008918610793226416,0.46612770071661286,0.46582702698186035,0.5835356879343341,0.47002025642788375,0.058040390677281305,0.05541489146946808,0.0008918610793226416,0.46612770071661286,0.46582702698186035,0.5835356879343341,0.47002025642788375,0.058040390677281305
0.019515573175016895,0.07530829796207589,0.49596612172848215,0.4991571328831255,0.5003644041440519,0.4963693762993219,0.07523043484565457,0.019515573175016895,0.07530829796207589,0.49596612172848215,0.4991571328831255,0.5003644041440519,0.4963693762993219,0.07523043484565457
0.014992646824459563,0.014678862824726954,0.4732470573970033,0.5012193698251755,0.5616128890417383,0.47450100740015544,0.016375362914319347,0.014992646824459563,0.014678862824726954,0.4732470573970033,0.5012193698251755,0.5616128890417383,0.47450100740015544,0.016375362914319347
0.11980680228669639,0.0,0.47972993036130324,0.4792265554849092,0.5398256922277003,0.48142050829884264,0.06097135214073494,0.11980680228669639,0.0,0.47972993036130324,0.4792265554849092,0.5398256922277003,0.48142050829884264,0.06097135214073494
7.431180523107339e-18,0.12136038779966953,0.5446139200128192,0.47530715891234504,0.47977023532297386,0.4789395666951793,0.06136684489928373,7.431180523107339e-18,0.12136038779966953,0.5446139200128192,0.47530715891234504,0.47977023532297386,0.4789395666951793,0.06136684489928373
0.01690175837412337,0.07725998886498832,0.5120322411907607,0.48793056428822157,0.4857926793412862,0.5095239291503801,0.016327625773350746,0.01690175837412337,0.07725998886498832,0.5120322411907607,0.48793056428822157,0.4857926793412862,0.5095239291503801,0.016327625773350746
8.705280142844185e-7,0.00003235887219940065,0.6075266632390809,0.49768125658434204,0.44012526305248606,0.4397230889539265,0.0,8.705280142844185e-7,0.00003235887219940065,0.6075266632390809,0.49768125658434204,0.44012526305248606,0.4397230889539265,0.0
0.06174541459393663,0.12130253753356371,0.48062520481790494,0.4809726320106599,0.5435150793835286,0.47907429790528266,0.00026459660208935735,0.06174541459393663,0.12130253753356371,0.48062520481790494,0.4809726320106599,0.5435150793835286,0.47907429790528266,0.00026459660208935735
7.148005863581454e-18,0.1167357946561927,0.5252716439539438,0.4661489111656831,0.46640722359506503,0.5268442766286245,2.347161352495513e-10,7.148005863581454e-18,0.1167357946561927,0.5252716439539438,0.4661489111656831,0.46640722359506503,0.5268442766286245,2.347161352495513e-10
0.04585126382264344,0.045813926451583074,0.4850453298760376,0.5146068137179459,0.4840252426192938,0.5118733150290553,0.01604078062451125,0.04585126382264344,0.045813926451583074,0.4850453298760376,0.5146068137179459,0.4840252426192938,0.5118733150290553,0.01604078062451125
0.05775188297241485,0.010181514110097488,0.5256906619412969,0.46849474493573157,0.4700893885611516,0.5273080866109923,0.05836053141751329,0.05775188297241485,0.010181514110097488,0.5256906619412969,0.46849474493573157,0.4700893885611516,0.5273080866109923,0.05836053141751329
0.07171136331068864,0.043899403262582765,0.49009289253954696,0.4935079819523258,0.5215204367827835,0.4909551233662233,0.017463458821376784,0.07171136331068864,0.043899403262582765,0.49009289253954696,0.4935079819523258,0.5215204367827835,0.4909551233662233,0.017463458821376784
1.6624959004106485e-33,2.7150618473312357e-17,0.44340324887495197,0.4987866868956091,0.5538601931521256,0.4990035336568538,0.0,1.6624959004106485e-33,2.7150618473312357e-17,0.44340324887495197,0.4987866868956091,0.5538601931521256,0.4990035336568538,0.0
0.07546927294145907,0.017037319624357235,0.5152347837341209,0.48338112722395515,0.5143660599290633,0.48339559046774433,0.015901683140988658,0.07546927294145907,0.017037319624357235,0.5152347837341209,0.48338112722395515,0.5143660599290633,0.48339559046774433,0.015901683140988658
0.016980460679050603,0.04577566145473733,0.48917290637408545,0.4909055351579312,0.5236202258912145,0.4910997103175063,0.07422200704706333,0.016980460679050603,0.04577566145473733,0.48917290637408545,0.4909055351579312,0.5236202258912145,0.4910997103175063,0.07422200704706333
0.06031087038364588,0.0026636542733479186,0.519721880455655,0.44375810454539794,0.568925180273828,0.4547706383621275,0.0,0.06031087038364588,0.0026636542733479186,0.519721880455655,0.44375810454539794,0.568925180273828,0.4547706383621275,0.0
0.05498002335049136,0.0,0.5701775142206345,0.5091379076148347,0.45521633437869746,0.4560962997962858,0.0002862175931005251,0.05498002335049136,0.0,0.5701775142206345,0.5091379076148347,0.45521633437869746,0.4560962997962858,0.0002862175931005251
0.015366276430700241,0.015443462638142473,0.563657927081138,0.4772659257294177,0.4763054244900633,0.47705524739141586,0.044906753236770416,0.015366276430700241,0.015443462638142473,0.563657927081138,0.4772659257294177,0.4763054244900633,0.47705524739141586,0.044906753236770416
2.9743945302916655e-17,7.061470647933813e-18,0.49925713880843087,0.5548066099332839,0.49925557169286144,0.4436889791852467,0.0,2.9743945302916655e-17,7.061470647933813e-18,0.49925713880843087,0.5548066099332839,0.49925557169286144,0.4436889791852467,0.0
3.625326345660628e-18,0.0592060722844288,0.54091929376334,0.47957900453360175,0.4807320904914204,0.47978479712915373,0.11980840498537322,3.625326345660628e-18,0.0592060722844288,0.54091929376334,0.47957900453360175,0.4807320904914204,0.47978479712915373,0.11980840498537322
3.399740234972072e-17,0.0,0.5552197151601758,0.4423170832901436,0.44577953157231215,0.5553563189573768,0.000017003331347094574,3.399740234972072e-17,0.0,0.5552197151601758,0.4423170832901436,0.44577953157231215,0.5553563189573768,0.000017003331347094574
2.3602798143936516e-17,2.2909993425077398e-17,0.5371860452546835,0.47713944451990525,0.47672509675791636,0.4773115436394361,0.17875793204984647,2.3602798143936516e-17,2.2909993425077398e-17,0.5371860452546835,0.47713944451990525,0.47672509675791636,0.4773115436394361,0.17875793204984647
0.05862033340318339,0.0,0.5405137098328636,0.48077837639796284,0.48098714061164377,0.4809493370393204,0.11927529297681573,0.05862033340318339,0.0,0.5405137098328636,0.48077837639796284,0.48098714061164377,0.4809493370393204,0.11927529297681573
0.07478879077693484,0.018106199676962337,0.4840427491994114,0.5185360483406094,0.4877305531608177,0.5155411656062977,0.014929508945794095,0.07478879077693484,0.018106199676962337,0.4840427491994114,0.5185360483406094,0.4877305531608177,0.5155411656062977,0.014929508945794095
0.01568064057554706,0.016289703597792964,0.4828297530839806,0.541486798391388,0.4834742242657577,0.4851264669917286,0.07537069546176214,0.01568064057554706,0.016289703597792964,0.4828297530839806,0.541486798391388,0.4834742242657577,0.4851264669917286,0.07537069546176214
0.020666711946552563,0.01484334214677713,0.5433528339060195,0.48036135051526574,0.4833746487760019,0.4850017207751524,0.07664170328799334,0.020666711946552563,0.01484334214677713,0.5433528339060195,0.48036135051526574,0.4833746487760019,0.4850017207751524,0.07664170328799334
0.04406810583112113,0.015589413433155768,0.5060026594292979,0.47768866902636603,0.47903600009049735,0.5357216243702247,0.016545275882088862,0.04406810583112113,0.015589413433155768,0.5060026594292979,0.47768866902636603,0.47903600009049735,0.5357216243702247,0.016545275882088862
0.016060648142544615,0.0162074365266438,0.47757858748878157,0.5349569479568912,0.5070647729134231,0.4777931182911769,0.04458791314324229,0.016060648142544615,0.0162074365266438,0.47757858748878157,0.5349569479568912,0.5070647729134231,0.4777931182911769,0.04458791314324229
0.044293411009535086,0.015434646942938782,0.47671109626719543,0.5631222989589577,0.4764810253973256,0.4766373425018517,0.01620274771901215,0.044293411009535086,0.015434646942938782,0.47671109626719543,0.5631222989589577,0.4764810253973256,0.4766373425018517,0.01620274771901215
0.015617342058355072,0.01497263396945751,0.5287246693951497,0.5002434443164384,0.4996331291569164,0.4710082715033165,0.016011238481936387,0.015617342058355072,0.01497263396945751,0.5287246693951497,0.5002434443164384,0.4996331291569164,0.4710082715033165,0.016011238481936387
0.01670393867090062,0.04472622027551183,0.5138130562703261,0.48595610791055377,0.48549100162531733,0.5158281446703662,0.04603550416901422,0.01670393867090062,0.04472622027551183,0.5138130562703261,0.48595610791055377,0.48549100162531733,0.5158281446703662,0.04603550416901422
0.016120210163410413,0.016446728064452455,0.5552852027962063,0.4984563307898226,0.4707641496325133,0.47075027082448734,0.01615545528110488,0.016120210163410413,0.016446728064452455,0.5552852027962063,0.4984563307898226,0.4707641496325133,0.47075027082448734,0.01615545528110488
0.07523820065372887,0.017255716435510642,0.4868040670507486,0.484706597183176,0.5437571415991899,0.48575425256146565,0.015989537185441993,0.07523820065372887,0.017255716435510642,0.4868040670507486,0.484706597183176,0.5437571415991899,0.48575425256146565,0.015989537185441993
0.08141273298334585,0.05256691924067844,0.49519788195458847,0.49901885676147667,0.4979336807969638,0.49989345629440324,0.046585333012822826,0.08141273298334585,0.05256691924067844,0.49519788195458847,0.49901885676147667,0.4979336807969638,0.49989345629440324,0.046585333012822826
0.017434894873540597,0.04812464532463288,0.5193155316961471,0.4918265768551162,0.49076891566927344,0.4907644268276934,0.07617262253344255,0.017434894873540597,0.04812464532463288,0.5193155316961471,0.4918265768551162,0.49076891566927344,0.4907644268276934,0.07617262253344255
2.7109415408220544e-17,1.2429883892625591e-19,0.4427350054833625,0.5530272294774143,0.553544437332759,0.44091125224011507,0.00002853902585137816,2.7109415408220544e-17,1.2429883892625591e-19,0.4427350054833625,0.5530272294774143,0.553544437332759,0.44091125224011507,0.00002853902585137816
0.01692859938114427,0.015663138130243347,0.47147995910432267,0.4995891656219538,0.5015448043558588,0.5267705551023356,0.016451649016303534,0.01692859938114427,0.015663138130243347,0.47147995910432267,0.4995891656219538,0.5015448043558588,0.5267705551023356,0.016451649016303534
0.05722515062377492,0.05720444603956336,0.466318723622947,0.46646448578504657,0.4676511179894573,0.5842974266317653,0.0,0.05722515062377492,0.05720444603956336,0.466318723622947,0.46646448578504657,0.4676511179894573,0.5842974266317653,0.0
0.00008983841166772767,0.00004889180053818049,0.5680541050617305,0.4553198949122994,0.4552549650087334,0.511389497581349,0.05637782967457172,0.00008983841166772767,0.00004889180053818049,0.5680541050617305,0.4553198949122994,0.4552549650087334,0.511389497581349,0.05637782967457172
0.000025810456012315746,0.18174883440100326,0.47587712825396544,0.4781544907436048,0.5369361087598827,0.47817238645917964,0.00021883274406562803,0.000025810456012315746,0.18174883440100326,0.47587712825396544,0.4781544907436048,0.5369361087598827,0.47817238645917964,0.00021883274406562803
3.478750610086154e-18,0.0568123088633914,0.5274837725062405,0.5276597840425953,0.46667505747119287,0.46831098820169414,0.05850315301399899,3.478750610086154e-18,0.0568123088633914,0.5274837725062405,0.5276597840425953,0.46667505747119287,0.46831098820169414,0.05850315301399899
0.01580195128280087,0.01485028632792413,0.5086317199233693,0.47626210442020483,0.507480484247073,0.5076631876106955,0.045942128146168035,0.01580195128280087,0.01485028632792413,0.5086317199233693,0.47626210442020483,0.507480484247073,0.5076631876106955,0.045942128146168035
0.00017405295399704782,0.0003865715274889173,0.4661061912078843,0.46616894501323675,0.5802549760455977,0.4661729114698578,0.1159825894670703,0.00017405295399704782,0.0003865715274889173,0.4661061912078843,0.46616894501323675,0.5802549760455977,0.4661729114698578,0.1159825894670703
0.016476284727289806,0.04547864294678514,0.49076238346093454,0.5203287949359613,0.4906388989018543,0.49063533862768327,0.07938695911848803,0.016476284727289806,0.04547864294678514,0.49076238346093454,0.5203287949359613,0.4906388989018543,0.49063533862768327,0.07938695911848803
0.04642397138172272,0.04666397356695503,0.4914709732267333,0.49210518337423187,0.49131232641021894,0.5202162460605547,0.04670761678345173,0.04642397138172272,0.04666397356695503,0.4914709732267333,0.49210518337423187,0.49131232641021894,0.5202162460605547,0.04670761678345173
3.2384080518323664e-20,5.976863882280652e-17,1.208479124483096e-17,1.6882294091754076e-18,5.341504879703822e-18,5.647486253602378e-19,1.0000846355948085,3.2384080518323664e-20,5.976863882280652e-17,1.208479124483096e-17,1.6882294091754076e-18,5.341504879703822e-18,5.647486253602378e-19,1.0000846355948085
0.015668712183696153,0.015986700812078845,0.4707221234964096,0.4711285053544384,0.5289001810014088,0.5280377614629275,0.015914862254660832,0.015668712183696153,0.015986700812078845,0.4707221234964096,0.4711285053544384,0.5289001810014088,0.5280377614629275,0.015914862254660832
0.016581767515459773,0.045891592350000725,0.5059889777846001,0.5357417725995092,0.47785638135880854,0.47810798032574514,0.016363112255445397,0.016581767515459773,0.045891592350000725,0.5059889777846001,0.5357417725995092,0.47785638135880854,0.47810798032574514,0.016363112255445397
0.016309855534628968,0.07594249444298369,0.49061522703177374,0.4901816329000154,0.5216890827629757,0.49094239561334013,0.04656041608909396,0.016309855534628968,0.07594249444298369,0.49061522703177374,0.4901816329000154,0.5216890827629757,0.49094239561334013,0.04656041608909396
5.287507028637551e-19,3.483835721073833e-17,0.5690190754856578,0.5117332126314653,0.4547086439402082,0.45537446566965084,0.05677907574361735,5.287507028637551e-19,3.483835721073833e-17,0.5690190754856578,0.5117332126314653,0.4547086439402082,0.45537446566965084,0.05677907574361735
0.11720340554375965,0.0,0.46650745159597135,0.5255550461859254,0.4677772319854234,0.5240884373318268,0.0,0.11720340554375965,0.0,0.46650745159597135,0.5255550461859254,0.4677772319854234,0.5240884373318268,0.0
0.017132551408156706,0.019965418724734507,0.47020595830749445,0.46791198211578827,0.49865011516951097,0.5595465126845085,0.019210657705396737,0.017132551408156706,0.019965418724734507,0.47020595830749445,0.46791198211578827,0.49865011516951097,0.5595465126845085,0.019210657705396737
0.0008899954395730101,0.11537921548570562,0.5243421268063012,0.5268153369534984,0.46708617188664514,0.4655517328784504,0.0,0.0008899954395730101,0.11537921548570562,0.5243421268063012,0.5268153369534984,0.46708617188664514,0.4655517328784504,0.0
2.6980703079631432e-17,2.441681961969304e-21,0.4406283217152785,0.49590605997591247,0.6063754238493789,0.44087160187434815,0.0,2.6980703079631432e-17,2.441681961969304e-21,0.4406283217152785,0.49590605997591247,0.6063754238493789,0.44087160187434815,0.0
0.05589886281891145,0.00003556135920932712,0.5118756880135237,0.5701042866540404,0.45341127542281184,0.45354728574080694,0.0,0.05589886281891145,0.00003556135920932712,0.5118756880135237,0.5701042866540404,0.45341127542281184,0.45354728574080694,0.0
0.014506923472873953,0.04423499083347972,0.507496680331999,0.48038263408963455,0.5365993390615829,0.4778705930215581,0.016217326506089976,0.014506923472873953,0.04423499083347972,0.507496680331999,0.48038263408963455,0.5365993390615829,0.4778705930215581,0.016217326506089976
0.015817311260905215,0.07510143151040585,0.4866174225746072,0.511555712784951,0.513375304738454,0.4844300390926347,0.01611434476135284,0.015817311260905215,0.07510143151040585,0.4866174225746072,0.511555712784951,0.513375304738454,0.4844300390926347,0.01611434476135284
0.12120126319671191,0.06026183957186932,0.48181791962803505,0.4816147175682069,0.5412365960492191,0.477983633670692,0.0002643393209057238,0.12120126319671191,0.06026183957186932,0.48181791962803505,0.4816147175682069,0.5412365960492191,0.477983633670692,0.0002643393209057238
0.11727853528253646,0.0,0.5277692337659668,0.4663257695913411,0.5258824173810608,0.46549229572713147,0.0,0.11727853528253646,0.0,0.5277692337659668,0.4663257695913411,0.5258824173810608,0.46549229572713147,0.0
0.01658794731581838,0.04507255197391367,0.47728812062402787,0.47771751321416095,0.47734924075585755,0.5629133560198084,0.016100807737078775,0.01658794731581838,0.04507255197391367,0.47728812062402787,0.47771751321416095,0.47734924075585755,0.5629133560198084,0.016100807737078775
0.01650616981927064,0.01640073721589661,0.47701712300396637,0.47731513296892475,0.5631050684002636,0.4780550489085542,0.0429750603024636,0.01650616981927064,0.01640073721589661,0.47701712300396637,0.47731513296892475,0.5631050684002636,0.4780550489085542,0.0429750603024636
0.07538701983025549,0.01692765846345003,0.5141329302838059,0.5129021933911206,0.48418707086253293,0.48407042496896363,0.017010091260764484,0.07538701983025549,0.01692765846345003,0.5141329302838059,0.5129021933911206,0.48418707086253293,0.48407042496896363,0.017010091260764484
6.635420292647952e-19,6.124829640810766e-17,1.0003192860704482,0.0,0.0,0.0,0.0,6.635420292647952e-19,6.124829640810766e-17,1.0003192860704482,0.0,0.0,0.0,0.0
0.011569045734304865,0.020258815430215536,0.5007769558573809,0.4655588184905223,0.557327728127773,0.4719779812377024,0.0,0.011569045734304865,0.020258815430215536,0.5007769558573809,0.4655588184905223,0.557327728127773,0.4719779812377024,0.0
0.013805872985592887,0.03791214220307517,0.47777944070324546,0.5626590244701185,0.47702163392146046,0.4762551045099329,0.015475944800410939,0.013805872985592887,0.03791214220307517,0.47777944070324546,0.5626590244701185,0.47702163392146046,0.4762551045099329,0.015475944800410939
0.013877013467113817,0.014271248836619921,0.5054784238432128,0.4782149931418654,0.4784273581441143,0.5351703063716612,0.04360647087779642,0.013877013467113817,0.014271248836619921,0.5054784238432128,0.4782149931418654,0.4784273581441143,0.5351703063716612,0.04360647087779642
0.015468221372197458,0.015363949405835029,0.5290207056114914,0.4710636880981086,0.4721469421637347,0.52679413896033,0.016494556253340578,0.015468221372197458,0.015363949405835029,0.5290207056114914,0.4710636880981086,0.4721469421637347,0.52679413896033,0.016494556253340578
0.04429357435462765,0.014493463950056972,0.5354959623979962,0.4779005241795698,0.4774879111733073,0.5049289935661571,0.015819533437673734,0.04429357435462765,0.014493463950056972,0.5354959623979962,0.4779005241795698,0.4774879111733073,0.5049289935661571,0.015819533437673734
1.0880287695392136e-20,0.0001776885825850754,0.458909766213138,0.4541092603779748,0.5691994231271006,0.5114766337304756,0.05723078713223238,1.0880287695392136e-20,0.0001776885825850754,0.458909766213138,0.4541092603779748,0.5691994231271006,0.5114766337304756,0.05723078713223238
0.01617937716376505,0.01691230284463312,0.4987978752703092,0.5564819559074059,0.47064531976178986,0.4699220601481879,0.016083228970696473,0.01617937716376505,0.01691230284463312,0.4987978752703092,0.5564819559074059,0.47064531976178986,0.4699220601481879,0.016083228970696473
0.01811344807116723,0.01788889894213283,0.49111253607397876,0.4904491120086441,0.4894762637389172,0.5180207713527127,0.10566547169574107,0.01811344807116723,0.01788889894213283,0.49111253607397876,0.4904491120086441,0.4894762637389172,0.5180207713527127,0.10566547169574107
0.05770896621863044,0.0,0.46520466742347083,0.5846774558323278,0.4675596692820663,0.46674564804315294,0.055423505155210814,0.05770896621863044,0.0,0.46520466742347083,0.5846774558323278,0.4675596692820663,0.46674564804315294,0.055423505155210814
0.10561924461537031,0.016756803590144597,0.4957540645000388,0.49901483658926676,0.49763220561222243,0.5000723057552781,0.04484337991716107,0.10561924461537031,0.016756803590144597,0.4957540645000388,0.49901483658926676,0.49763220561222243,0.5000723057552781,0.04484337991716107
1.6660793211396376e-33,2.7209140174940672e-17,0.44435898079160024,0.5541275683815637,0.4994345374943871,0.4998481503445064,0.0,1.6660793211396376e-33,2.7209140174940672e-17,0.44435898079160024,0.5541275683815637,0.4994345374943871,0.4998481503445064,0.0
0.015834251283039728,0.015501046509227396,0.4912894645988076,0.5215519330818944,0.4901874920903898,0.4876988693010237,0.10691909639526237,0.015834251283039728,0.015501046509227396,0.4912894645988076,0.5215519330818944,0.4901874920903898,0.4876988693010237,0.10691909639526237
0.04542590672761617,0.016468454234650414,0.48397360444811005,0.4850334971897673,0.5418646144187735,0.48492090497509344,0.046775724265406986,0.04542590672761617,0.016468454234650414,0.48397360444811005,0.4850334971897673,0.5418646144187735,0.48492090497509344,0.046775724265406986
0.1052718307734245,0.01415614992152465,0.4861455334841541,0.49094519609768317,0.4938127794429718,0.5194877469674921,0.015199917052692144,0.1052718307734245,0.01415614992152465,0.4861455334841541,0.49094519609768317,0.4938127794429718,0.5194877469674921,0.015199917052692144
1.8191936373493844e-17,2.4345807399569995e-17,0.4963366682297597,0.44099459871180785,0.4420827550081518,0.6061726879327586,0.00040276916694737333,1.8191936373493844e-17,2.4345807399569995e-17,0.4963366682297597,0.44099459871180785,0.4420827550081518,0.6061726879327586,0.00040276916694737333
0.06168562469296793,0.18399987403610002,0.49289623071039046,0.4927522736528993,0.49307702735639586,0.4900637277501062,0.00007629451827035984,0.06168562469296793,0.18399987403610002,0.49289623071039046,0.4927522736528993,0.49307702735639586,0.4900637277501062,0.00007629451827035984
1.981334091149277e-17,2.0824332875633954e-17,0.4694262183011686,0.5261159091739499,0.4661519383575818,0.5266049706014057,0.1162505057596078,1.981334091149277e-17,2.0824332875633954e-17,0.4694262183011686,0.5261159091739499,0.4661519383575818,0.5266049706014057,0.1162505057596078
0.016145954786127396,0.04451233234729133,0.47873113728696604,0.4782365045133962,0.5363774595724331,0.5087046421089733,0.016256647488658058,0.016145954786127396,0.04451233234729133,0.47873113728696604,0.4782365045133962,0.5363774595724331,0.5087046421089733,0.016256647488658058
0.00012797342608192373,0.00011431129008727184,0.6215340136713597,0.45367852623722754,0.4529044718508698,0.45168567300624857,0.05727795858008747,0.00012797342608192373,0.00011431129008727184,0.6215340136713597,0.45367852623722754,0.4529044718508698,0.45168567300624857,0.05727795858008747
0.06829896639137693,0.011606326392311257,0.5088872523033928,0.5109529989736294,0.47148215766130896,0.500728911174588,0.0607889727495579,0.06829896639137693,0.011606326392311257,0.5088872523033928,0.5109529989736294,0.47148215766130896,0.500728911174588,0.0607889727495579
0.11671686538159573,0.0007353181201042702,0.4622493081598509,0.5821388648752944,0.4665513609449129,0.46812365677764856,3.4994264439873253e-7,0.11671686538159573,0.0007353181201042702,0.4622493081598509,0.5821388648752944,0.4665513609449129,0.46812365677764856,3.4994264439873253e-7
3.4437820819664953e-18,0.05624122946084031,0.4547498623778849,0.45483650894282385,0.511758354090302,0.5682280888333354,0.0,3.4437820819664953e-18,0.05624122946084031,0.4547498623778849,0.45483650894282385,0.511758354090302,0.5682280888333354,0.0
2.0583452873038733e-17,2.2661632204956632e-17,0.499967524999684,0.4997508037816086,0.5002000946846672,0.5004763424199948,0.0,2.0583452873038733e-17,2.2661632204956632e-17,0.499967524999684,0.4997508037816086,0.5002000946846672,0.5004763424199948,0.0
5.1443534825728005e-18,2.6308403175445705e-17,0.437785807103222,0.4368677690202504,0.6538723894450764,0.4376139499680491,0.0,5.1443534825728005e-18,2.6308403175445705e-17,0.437785807103222,0.4368677690202504,0.6538723894450764,0.4376139499680491,0.0
0.04662429467269524,0.04698127103798225,0.4917003726005393,0.5214148366271929,0.49054573384154565,0.49174964389683057,0.043760046470306894,0.04662429467269524,0.04698127103798225,0.4917003726005393,0.5214148366271929,0.49054573384154565,0.49174964389683057,0.043760046470306894
1.6663696243238446e-18,6.121610648396852e-17,2.077865665758206e-19,1.0001109715330427,0.0,0.0,0.0,1.6663696243238446e-18,6.121610648396852e-17,2.077865665758206e-19,1.0001109715330427,0.0,0.0,0.0
0.016312905716232996,0.04518637247533895,0.5069911140144161,0.5078526278111389,0.47813600382304333,0.5073037595279315,0.01628033596785031,0.016312905716232996,0.04518637247533895,0.5069911140144161,0.5078526278111389,0.47813600382304333,0.5073037595279315,0.01628033596785031
0.07484666696553183,0.01686029244770095,0.5408956598135158,0.4863898217618859,0.4839390997303898,0.48330365482392534,0.015850352874266824,0.07484666696553183,0.01686029244770095,0.5408956598135158,0.4863898217618859,0.4839390997303898,0.48330365482392534,0.015850352874266824
0.05632540879370045,0.0,0.46959124768691374,0.46919060321163425,0.5282741949558482,0.5254322590031202,0.05690084537069319,0.05632540879370045,0.0,0.46959124768691374,0.46919060321163425,0.5282741949558482,0.5254322590031202,0.05690084537069319
0.11955122803325137,0.057080312257804626,0.4791214967799938,0.541124016839238,0.4799885553478765,0.48133439818542334,0.00028498173567709825,0.11955122803325137,0.057080312257804626,0.4791214967799938,0.541124016839238,0.4799885553478765,0.48133439818542334,0.00028498173567709825
0.04470209928573166,0.01541986107522637,0.4780912250525142,0.47759725344664106,0.536944413692831,0.508493464985826,0.0166755123863457,0.04470209928573166,0.01541986107522637,0.4780912250525142,0.47759725344664106,0.536944413692831,0.508493464985826,0.0166755123863457
0.04603006472464668,0.01668500907219712,0.5058873763643944,0.4787320653101521,0.5071844562479312,0.5064842122860844,0.014925798736754313,0.04603006472464668,0.01668500907219712,0.5058873763643944,0.4787320653101521,0.5071844562479312,0.5064842122860844,0.014925798736754313
0.057138727618209484,0.0,0.5126135461444559,0.4555770310333968,0.4561391536733001,0.571221094492476,0.000045972437996073126,0.057138727618209484,0.0,0.5126135461444559,0.4555770310333968,0.4561391536733001,0.571221094492476,0.000045972437996073126
3.702511012056797e-18,0.06046659354574118,0.4793516804232668,0.5392437536035108,0.48122600362857737,0.4811578810163486,0.11917983717400325,3.702511012056797e-18,0.06046659354574118,0.4793516804232668,0.5392437536035108,0.48122600362857737,0.4811578810163486,0.11917983717400325
0.00004452447684607301,0.057065852988080645,0.5702297609428874,0.5112419290014424,0.45341091304863873,0.4532287088021006,0.0004813344567827455,0.00004452447684607301,0.057065852988080645,0.5702297609428874,0.5112419290014424,0.45341091304863873,0.4532287088021006,0.0004813344567827455
2.9579009381210913e-18,0.048306188203496664,0.4977622987026959,0.4466108751943577,0.587782070262978,0.4559267388172252,0.00028626421713768066,2.9579009381210913e-18,0.048306188203496664,0.4977622987026959,0.4466108751943577,0.587782070262978,0.4559267388172252,0.00028626421713768066
3.554573808318299e-18,0.058050595662245345,0.5873596859754296,0.46522886467840724,0.4686272137126702,0.4692710169519067,0.06005189128289454,3.554573808318299e-18,0.058050595662245345,0.5873596859754296,0.46522886467840724,0.4686272137126702,0.4692710169519067,0.06005189128289454
0.05404498048915104,0.05359258157073851,0.4793631659291236,0.48432719220223935,0.5425306583494652,0.48378846172621254,0.05639324835432377,0.05404498048915104,0.05359258157073851,0.4793631659291236,0.48432719220223935,0.5425306583494652,0.48378846172621254,0.05639324835432377
0.01672968182155576,0.017405995994097225,0.5212817055200271,0.491193379169546,0.48809160402848323,0.4881337521941311,0.10577087838603108,0.01672968182155576,0.017405995994097225,0.5212817055200271,0.491193379169546,0.48809160402848323,0.4881337521941311,0.10577087838603108
0.016586449430275683,0.04554784982455943,0.5740067680123915,0.46304819254858115,0.4769172297588946,0.4761508681151487,0.01546935144128686,0.016586449430275683,0.04554784982455943,0.5740067680123915,0.46304819254858115,0.4769172297588946,0.4761508681151487,0.01546935144128686
0.008314424968411295,0.04718499491392672,0.4752991836711995,0.5048478737315353,0.5108055456886026,0.5069184262756092,0.012244129839361783,0.008314424968411295,0.04718499491392672,0.4752991836711995,0.5048478737315353,0.5108055456886026,0.5069184262756092,0.012244129839361783
1.2075267678106717e-17,3.2652414550813104e-17,0.5685505292009048,0.4545147644012874,0.5110620042795017,0.45497198205390404,0.05634893959767063,1.2075267678106717e-17,3.2652414550813104e-17,0.5685505292009048,0.4545147644012874,0.5110620042795017,0.45497198205390404,0.05634893959767063
0.06247949418031615,0.062095543021544984,0.5284618210006692,0.47716155802980836,0.47285209651762405,0.5310120500829825,0.00010450069841411944,0.06247949418031615,0.062095543021544984,0.5284618210006692,0.47716155802980836,0.47285209651762405,0.5310120500829825,0.00010450069841411944
3.471947803887349e-18,0.056701210607085314,0.46667065893049137,0.46755548932798274,0.5816737250901576,0.4683928079827345,0.058513374245809414,3.471947803887349e-18,0.056701210607085314,0.46667065893049137,0.46755548932798274,0.5816737250901576,0.4683928079827345,0.058513374245809414
3.4840048825372815e-18,0.05689811764441766,0.4545282048708796,0.5107965492710702,0.5684022279567008,0.45460966186262675,0.0,3.4840048825372815e-18,0.05689811764441766,0.4545282048708796,0.5107965492710702,0.5684022279567008,0.45460966186262675,0.0
2.016147699349027e-18,2.8408563698980515e-17,0.46511396714598313,0.5808488260502903,0.4668678084447662,0.464413367041052,0.11577522029708164,2.016147699349027e-18,2.8408563698980515e-17,0.46511396714598313,0.5808488260502903,0.4668678084447662,0.464413367041052,0.11577522029708164
0.01591016306732249,0.0161186171742308,0.48571909059037127,0.5071352567528755,0.5136178212643968,0.4901763469561369,0.07554924145643323,0.01591016306732249,0.0161186171742308,0.48571909059037127,0.5071352567528755,0.5136178212643968,0.4901763469561369,0.07554924145643323
0.11661289917067044,0.0,0.4678198213776605,0.46652187349893665,0.5274083109338924,0.5256414262290844,0.0,0.11661289917067044,0.0,0.4678198213776605,0.46652187349893665,0.5274083109338924,0.5256414262290844,0.0
0.058499807107252916,0.05960745694384175,0.52914709517288,0.5258924945780026,0.4699053179866099,0.4693438918264758,0.0,0.058499807107252916,0.05960745694384175,0.52914709517288,0.5258924945780026,0.4699053179866099,0.4693438918264758,0.0
0.0712121018174327,0.05000374651901171,0.4907634467901644,0.49473145834277654,0.49347486509360666,0.5210519267701305,0.016527690025769523,0.0712121018174327,0.05000374651901171,0.4907634467901644,0.49473145834277654,0.49347486509360666,0.5210519267701305,0.016527690025769523
7.409502796099871e-18,0.12100636365127733,0.49151381311974846,0.4947304469962705,0.4935135792537763,0.49570665453529705,0.11920324542971181,7.409502796099871e-18,0.12100636365127733,0.49151381311974846,0.4947304469962705,0.4935135792537763,0.49570665453529705,0.11920324542971181
0.04626858707192888,0.01622956197048305,0.5353946251224433,0.5057403649123681,0.47759339332898193,0.4774165960594703,0.01605230177277031,0.04626858707192888,0.01622956197048305,0.5353946251224433,0.5057403649123681,0.47759339332898193,0.4774165960594703,0.01605230177277031
0.014918619083054944,0.015141766183196922,0.47784098775536593,0.5541072870017975,0.46939724115403075,0.49745711466525544,0.015599275681561072,0.014918619083054944,0.015141766183196922,0.47784098775536593,0.5541072870017975,0.46939724115403075,0.49745711466525544,0.015599275681561072
0.00014211770139251233,0.00014236231545297675,0.47950583748177417,0.4793604040708877,0.47987063239077693,0.5560700214319783,0.05631125247605963,0.00014211770139251233,0.00014236231545297675,0.47950583748177417,0.4793604040708877,0.47987063239077693,0.5560700214319783,0.05631125247605963
0.016474692668863002,0.04672164232274384,0.5355440064174807,0.47757829831007864,0.5069476296674061,0.4780453790611755,0.015040086959308743,0.016474692668863002,0.04672164232274384,0.5355440064174807,0.47757829831007864,0.5069476296674061,0.4780453790611755,0.015040086959308743
0.11613300253143298,5.15063227063197e-6,0.46614659020874916,0.46565745161869626,0.5858055084491767,0.4681575620417909,0.0,0.11613300253143298,5.15063227063197e-6,0.46614659020874916,0.46565745161869626,0.5858055084491767,0.4681575620417909,0.0
3.640526254732427e-18,0.059454305637627165,0.4742373522431412,0.5340598887100727,0.534490748431365,0.47561022840919587,0.058225388990240226,3.640526254732427e-18,0.059454305637627165,0.4742373522431412,0.5340598887100727,0.534490748431365,0.47561022840919587,0.058225388990240226
0.05516147716558628,0.0007249574473779048,0.44938229717218453,0.623545152247524,0.45116422289696817,0.45104040603478907,0.00002366386834010937,0.05516147716558628,0.0007249574473779048,0.44938229717218453,0.623545152247524,0.45116422289696817,0.45104040603478907,0.00002366386834010937
6.592425444621077e-22,0.000010766247785420224,0.501147693553847,0.5554291754946751,0.4440246786417472,0.5003004436132666,0.0,6.592425444621077e-22,0.000010766247785420224,0.501147693553847,0.5554291754946751,0.4440246786417472,0.5003004436132666,0.0
0.017628898506323862,0.016741343910859113,0.514362480327419,0.5123372251523548,0.48347936224180166,0.48537925089736994,0.0754106345717738,0.017628898506323862,0.016741343910859113,0.514362480327419,0.5123372251523548,0.48347936224180166,0.48537925089736994,0.0754106345717738
2.031123299330436e-17,2.0199871738429792e-17,0.4678211729174451,0.46706544490899976,0.5265452427610453,0.525698138471524,0.1176856093595428,2.031123299330436e-17,2.0199871738429792e-17,0.4678211729174451,0.46706544490899976,0.5265452427610453,0.525698138471524,0.1176856093595428
0.06090232512006279,0.0,0.5290137780478384,0.46829025869601143,0.5263390422247802,0.470117479823911,0.05925998506983428,0.06090232512006279,0.0,0.5290137780478384,0.46829025869601143,0.5263390422247802,0.470117479823911,0.05925998506983428
0.011292523550674075,0.06408593117724264,0.4845316833051139,0.4845835517688472,0.5132543241831597,0.5135354489016278,0.01219516143708047,0.011292523550674075,0.06408593117724264,0.4845316833051139,0.4845835517688472,0.5132543241831597,0.5135354489016278,0.01219516143708047
0.11671574959002871,0.0,0.525181447927197,0.46606886728716146,0.466583752345585,0.5268408782923075,2.3471462124550494e-10,0.11671574959002871,0.0,0.525181447927197,0.46606886728716146,0.466583752345585,0.5268408782923075,2.3471462124550494e-10
3.3742692630392276e-17,1.0843800764363324e-18,0.5513444754305418,0.5024747939083479,0.49961630674931823,0.4436772051316556,0.0,3.3742692630392276e-17,1.0843800764363324e-18,0.5513444754305418,0.5024747939083479,0.49961630674931823,0.4436772051316556,0.0
3.80329393241002e-20,1.4102110508118795e-19,3.7458367858378906e-17,3.4397331007252544e-17,3.4118498791250775e-17,1.0001332844114221,0.0,3.80329393241002e-20,1.4102110508118795e-19,3.7458367858378906e-17,3.4397331007252544e-17,3.4118498791250775e-17,1.0001332844114221,0.0
0.0748527938782782,0.017293866708023773,0.48398431610753934,0.5127092492244419,0.5140304007600387,0.4837716819782755,0.015425798062013555,0.0748527938782782,0.017293866708023773,0.48398431610753934,0.5127092492244419,0.5140304007600387,0.4837716819782755,0.015425798062013555
0.01640808006351532,0.07483128883116133,0.5416059274179743,0.4866139818882972,0.48562375313656586,0.48416412914795537,0.01599081934576403,0.01640808006351532,0.07483128883116133,0.5416059274179743,0.4866139818882972,0.48562375313656586,0.48416412914795537,0.01599081934576403
0.045344812013756286,0.046335750302270426,0.48400125262152893,0.4858700872011501,0.5135960731445636,0.5139885854369307,0.015558408404264723,0.045344812013756286,0.046335750302270426,0.48400125262152893,0.4858700872011501,0.5135960731445636,0.5139885854369307,0.015558408404264723
0.046444143211100186,0.017127266729600826,0.5424218777700609,0.48420750006543345,0.48486802738580786,0.4846150956965878,0.045750564782493605,0.046444143211100186,0.017127266729600826,0.5424218777700609,0.48420750006543345,0.48486802738580786,0.4846150956965878,0.045750564782493605
0.043909007328730515,0.01650350006879223,0.5069193172622614,0.536001092376697,0.477838430313115,0.477890080090329,0.015989216663255545,0.043909007328730515,0.01650350006879223,0.5069193172622614,0.536001092376697,0.477838430313115,0.477890080090329,0.015989216663255545
2.4251954967511228e-17,2.3779829254143543e-17,0.5546944811606026,0.4435073115827561,0.5516651011412801,0.4399306321598596,0.0,2.4251954967511228e-17,2.3779829254143543e-17,0.5546944811606026,0.4435073115827561,0.5516651011412801,0.4399306321598596,0.0
0.044210043960769746,0.015381258789501452,0.48340405424594896,0.5127881155575436,0.4852163636921868,0.516720037189889,0.04825090305680184,0.044210043960769746,0.015381258789501452,0.48340405424594896,0.5127881155575436,0.4852163636921868,0.516720037189889,0.04825090305680184
7.068177118194336e-18,0.11543209230801035,0.4677737037561661,0.5862018652022154,0.4656349816238381,0.47076090205059046,0.0,7.068177118194336e-18,0.11543209230801035,0.4677737037561661,0.5862018652022154,0.4656349816238381,0.47076090205059046,0.0
6.4678941526206265e-18,2.6280318588335428e-17,0.44199732216456666,0.49610923607676216,0.44120376814548995,0.6065129985877312,2.5658116897046657e-8,6.4678941526206265e-18,2.6280318588335428e-17,0.44199732216456666,0.49610923607676216,0.44120376814548995,0.6065129985877312,2.5658116897046657e-8
0.01569179444590827,0.015117452548747686,0.5557126661448198,0.47319530508205204,0.5000129224165839,0.4720579282455562,0.016531403229932507,0.01569179444590827,0.015117452548747686,0.5557126661448198,0.47319530508205204,0.5000129224165839,0.4720579282455562,0.016531403229932507
0.12758224886703343,0.0003426362423534521,0.5396700136595163,0.479888453564365,0.47949217673039746,0.4827909633600939,0.05437860785039329,0.12758224886703343,0.0003426362423534521,0.5396700136595163,0.479888453564365,0.47949217673039746,0.4827909633600939,0.05437860785039329
0.015759959007140785,0.01684707276062062,0.5314688570659657,0.47274651138716434,0.4989011020298405,0.499775432443094,0.01607204631169762,0.015759959007140785,0.01684707276062062,0.5314688570659657,0.47274651138716434,0.4989011020298405,0.499775432443094,0.01607204631169762
1.0544512271510092e-17,3.038455466867789e-17,0.5252487875620433,0.46723085135950776,0.46746453504048446,0.5250497370883741,0.11559222486480242,1.0544512271510092e-17,3.038455466867789e-17,0.5252487875620433,0.46723085135950776,0.46746453504048446,0.5250497370883741,0.11559222486480242
7.23375150018629e-18,0.11813612717107838,0.46734615641166244,0.5275814315411017,0.4695173149987456,0.5258900952038702,0.0,7.23375150018629e-18,0.11813612717107838,0.46734615641166244,0.5275814315411017,0.4695173149987456,0.5258900952038702,0.0
4.008032692332274e-17,1.4828896417328887e-18,0.6550092565984202,0.4385261910589587,0.43670090297312747,0.4372572804849428,0.0,4.008032692332274e-17,1.4828896417328887e-18,0.6550092565984202,0.4385261910589587,0.43670090297312747,0.4372572804849428,0.0
0.0570259778289565,0.0,0.4551939025296798,0.4552451994107518,0.5110962105767302,0.5683448951123767,0.0,0.0570259778289565,0.0,0.4551939025296798,0.4552451994107518,0.5110962105767302,0.5683448951123767,0.0
0.015614014359987969,0.04240752245831021,0.4847938536696772,0.48580340605432704,0.5138713548362749,0.512872148620344,0.04660821435041484,0.015614014359987969,0.04240752245831021,0.4847938536696772,0.48580340605432704,0.5138713548362749,0.512872148620344,0.04660821435041484
0.01653006963819349,0.04555364030470027,0.49134958309432075,0.49190723250494334,0.4902988363562453,0.5194421593209779,0.07269849949650425,0.01653006963819349,0.04555364030470027,0.49134958309432075,0.49190723250494334,0.4902988363562453,0.5194421593209779,0.07269849949650425
0.04760678624363438,0.07771432520996598,0.48875333803348764,0.4900519729780243,0.49269832807625474,0.5207467129355035,0.00008931394743981577,0.04760678624363438,0.07771432520996598,0.48875333803348764,0.4900519729780243,0.49269832807625474,0.5207467129355035,0.00008931394743981577
0.05888550567722934,0.057028132670445486,0.4662292696891831,0.4663105780271821,0.5349820552263854,0.5285366686941182,0.0,0.05888550567722934,0.057028132670445486,0.4662292696891831,0.4663105780271821,0.5349820552263854,0.5285366686941182,0.0
0.017310453197103563,0.04753513431281677,0.5359123884904808,0.47664105955044156,0.47695949023473994,0.5069330792978735,0.01658663992196625,0.017310453197103563,0.04753513431281677,0.5359123884904808,0.47664105955044156,0.47695949023473994,0.5069330792978735,0.01658663992196625
0.015663986856631167,0.04524996961026598,0.4808673960197733,0.4777140016281094,0.5075689043976658,0.5351438948661974,0.016279017162515792,0.015663986856631167,0.04524996961026598,0.4808673960197733,0.4777140016281094,0.5075689043976658,0.5351438948661974,0.016279017162515792
2.206924269373079e-17,2.2229093729621306e-17,0.5115574227531011,0.45462982937778457,0.4546960537035877,0.5674869004692467,0.056725593763944544,2.206924269373079e-17,2.2229093729621306e-17,0.5115574227531011,0.45462982937778457,0.4546960537035877,0.5674869004692467,0.056725593763944544
0.01711122538678837,0.10967599833012516,0.48692937080312404,0.5196287581805488,0.4900801801376648,0.4908895928879367,0.01726473462160718,0.01711122538678837,0.10967599833012516,0.48692937080312404,0.5196287581805488,0.4900801801376648,0.4908895928879367,0.01726473462160718
0.05870933222870226,0.05853380567917409,0.5262812457395006,0.46846576810894663,0.5263369903689963,0.4700114467128772,0.0,0.05870933222870226,0.05853380567917409,0.5262812457395006,0.46846576810894663,0.5263369903689963,0.4700114467128772,0.0
0.01631522216460233,0.046562086431431796,0.48637153676602024,0.5157441423325094,0.48465285331050556,0.5089477147160052,0.04610458050900686,0.01631522216460233,0.046562086431431796,0.48637153676602024,0.5157441423325094,0.48465285331050556,0.5089477147160052,0.04610458050900686
2.7821578608554744e-17,1.5422302177113354e-18,0.4550584049613912,0.5678766573418313,0.45544551270890227,0.5114772881135013,0.056681943832682345,2.7821578608554744e-17,1.5422302177113354e-18,0.4550584049613912,0.5678766573418313,0.45544551270890227,0.5114772881135013,0.056681943832682345
1.0685252320950608e-17,0.17450341320273072,0.5372382157405605,0.47748903471471577,0.4789030040540766,0.47748421854294476,1.9162188338970125e-8,1.0685252320950608e-17,0.17450341320273072,0.5372382157405605,0.47748903471471577,0.4789030040540766,0.47748421854294476,1.9162188338970125e-8
0.05956026637731475,0.0012067795178593117,0.49184458418037746,0.49171571654885277,0.4919246541338471,0.4909757892460664,0.17994133817238792,0.05956026637731475,0.0012067795178593117,0.49184458418037746,0.49171571654885277,0.4919246541338471,0.4909757892460664,0.17994133817238792
2.7671427124056198e-17,0.0,0.4519086996074643,0.45253277168672046,0.4523933497451639,0.6202933616191979,0.05622235588996247,2.7671427124056198e-17,0.0,0.4519086996074643,0.45253277168672046,0.4523933497451639,0.6202933616191979,0.05622235588996247
0.01465142065420711,0.04310494482977908,0.4933168808640541,0.4801897372954617,0.5422816641539978,0.47705605808990803,0.060237260162701214,0.01465142065420711,0.04310494482977908,0.4933168808640541,0.4801897372954617,0.5422816641539978,0.47705605808990803,0.060237260162701214
0.01604035746978644,0.01642688936705498,0.4692167274237548,0.47006018399655397,0.5818203657857571,0.4700530230022153,0.016653654577862248,0.01604035746978644,0.01642688936705498,0.4692167274237548,0.47006018399655397,0.5818203657857571,0.4700530230022153,0.016653654577862248
0.015426194735046172,0.10591190371905945,0.5192258837414977,0.49011005468253593,0.48926747661875225,0.4904988364048866,0.016178031101377617,0.015426194735046172,0.10591190371905945,0.5192258837414977,0.49011005468253593,0.48926747661875225,0.4904988364048866,0.016178031101377617
0.04111446548037709,0.015178309500517934,0.47798194946017586,0.5357347124111356,0.47900133733164046,0.506994874226637,0.017302912145322116,0.04111446548037709,0.015178309500517934,0.47798194946017586,0.5357347124111356,0.47900133733164046,0.506994874226637,0.017302912145322116
0.015399876115568855,0.01644503207749084,0.47749897039596,0.5355109825255748,0.47752315814357704,0.5059877927833331,0.04514144323373012,0.015399876115568855,0.01644503207749084,0.47749897039596,0.5355109825255748,0.47752315814357704,0.5059877927833331,0.04514144323373012
0.11539842018217526,0.0,0.5819848195225893,0.46385026750317554,0.4677025468883511,0.46718082431905494,0.0,0.11539842018217526,0.0,0.5819848195225893,0.46385026750317554,0.4677025468883511,0.46718082431905494,0.0
0.055362594148377145,0.0,0.5133307981001737,0.5129059355593267,0.45533168206355623,0.5135851927433249,0.0,0.055362594148377145,0.0,0.5133307981001737,0.5129059355593267,0.45533168206355623,0.5135851927433249,0.0
2.2218660784174059e-7,2.365752337686639e-11,0.5134890164231594,0.456896314435869,0.5132440175121546,0.5135208143574765,0.05606016397262023,2.2218660784174059e-7,2.365752337686639e-11,0.5134890164231594,0.456896314435869,0.5132440175121546,0.5135208143574765,0.05606016397262023
0.016826621417835502,0.01704708291311353,0.5136975163734154,0.48224138682210854,0.5157558146795642,0.4855324324073194,0.07558948426743099,0.016826621417835502,0.01704708291311353,0.5136975163734154,0.48224138682210854,0.5157558146795642,0.4855324324073194,0.07558948426743099
0.044126620054255015,0.016769653628172145,0.49228214349588123,0.49100087866596437,0.49186179390880075,0.5186511503158943,0.07556137305353818,0.044126620054255015,0.016769653628172145,0.49228214349588123,0.49100087866596437,0.49186179390880075,0.5186511503158943,0.07556137305353818
3.460279824625247e-18,0.056510658044987803,0.568646287333187,0.45492136805972744,0.5119211217712247,0.45517882520891695,0.0,3.460279824625247e-18,0.056510658044987803,0.568646287333187,0.45492136805972744,0.5119211217712247,0.45517882520891695,0.0
0.04355944874046609,0.016153174702180906,0.565751844310476,0.47315363510014996,0.47681899079213036,0.47666197591183407,0.01618354441559762,0.04355944874046609,0.016153174702180906,0.565751844310476,0.47315363510014996,0.47681899079213036,0.47666197591183407,0.01618354441559762
7.188612327270751e-18,0.11739894853398944,0.48160495354477495,0.4802946147204466,0.5404166673288678,0.4793063264361111,0.05855684034711711,7.188612327270751e-18,0.11739894853398944,0.48160495354477495,0.4802946147204466,0.5404166673288678,0.4793063264361111,0.05855684034711711
0.046417893033909405,0.016851363604290664,0.48460425560488635,0.48461285607554894,0.48528966565430787,0.5440171157811218,0.044817242400016985,0.046417893033909405,0.016851363604290664,0.48460425560488635,0.48461285607554894,0.48528966565430787,0.5440171157811218,0.044817242400016985
0.0141526640955459,0.10685314352822514,0.48810843562802586,0.4907823668626283,0.49151570872364997,0.5202594976173595,0.01778506460235961,0.0141526640955459,0.10685314352822514,0.48810843562802586,0.4907823668626283,0.49151570872364997,0.5202594976173595,0.01778506460235961
0.00003038911257641087,0.000030252542650384596,0.45362369618093984,0.6205753289944589,0.45214510596656904,0.4520755549224154,0.05637400239223901,0.00003038911257641087,0.000030252542650384596,0.45362369618093984,0.6205753289944589,0.45214510596656904,0.4520755549224154,0.05637400239223901
0.01549475845683508,0.04297618695481298,0.4866429958446067,0.48537640189634085,0.48073957488757296,0.5425099505474283,0.053062757189726285,0.01549475845683508,0.04297618695481298,0.4866429958446067,0.48537640189634085,0.48073957488757296,0.5425099505474283,0.053062757189726285
0.048820549059517604,0.01714321057160103,0.5077726548213629,0.5077816664711174,0.4924265387224138,0.48979877519123644,0.04475354284497721,0.048820549059517604,0.01714321057160103,0.5077726548213629,0.5077816664711174,0.4924265387224138,0.48979877519123644,0.04475354284497721
0.013774148998741497,0.13763625867704074,0.49765438413569735,0.4988033475104198,0.49093374280757884,0.497992822611964,0.017169722946825228,0.013774148998741497,0.13763625867704074,0.49765438413569735,0.4988033475104198,0.49093374280757884,0.497992822611964,0.017169722946825228
1.5553324575014503e-17,5.921701133588117e-17,1.2628458392600274e-18,1.8515152994884936e-18,1.0005577696291166,0.0,0.0,1.5553324575014503e-17,5.921701133588117e-17,1.2628458392600274e-18,1.8515152994884936e-18,1.0005577696291166,0.0,0.0
0.047070783023102636,0.04698060674487131,0.4968111841280734,0.4973034873065459,0.4990125684495185,0.49723316560322983,0.07693605120842402,0.047070783023102636,0.04698060674487131,0.4968111841280734,0.4973034873065459,0.4990125684495185,0.49723316560322983,0.07693605120842402
7.070016260874987e-18,0.11546212778733277,0.4666523626748031,0.46798986379475066,0.5252891249170075,0.5262863254624089,0.00004447912583993411,7.070016260874987e-18,0.11546212778733277,0.4666523626748031,0.46798986379475066,0.5252891249170075,0.5262863254624089,0.00004447912583993411
0.04480416571571064,0.016619824203444298,0.5068955431619817,0.5066437611060141,0.4783614369846593,0.5070547180249073,0.015556807002055579,0.04480416571571064,0.016619824203444298,0.5068955431619817,0.5066437611060141,0.4783614369846593,0.5070547180249073,0.015556807002055579
0.04356594410976122,0.014619515675410873,0.48420953057740906,0.5414794726869324,0.4848387134203953,0.48347087161745644,0.04338728067287313,0.04356594410976122,0.014619515675410873,0.48420953057740906,0.5414794726869324,0.4848387134203953,0.48347087161745644,0.04338728067287313
1.1224972819626308e-17,0.18331771785042955,0.49083180794440523,0.4923372993766544,0.49072767504982673,0.490298333619239,0.06175899358185569,1.1224972819626308e-17,0.18331771785042955,0.49083180794440523,0.4923372993766544,0.49072767504982673,0.490298333619239,0.06175899358185569
0.0002928309884450942,0.2422089876960225,0.488664677802168,0.48737133346396455,0.4872252725853132,0.48459326259214897,0.0,0.0002928309884450942,0.2422089876960225,0.488664677802168,0.48737133346396455,0.4872252725853132,0.48459326259214897,0.0
1.7638352075604638e-6,0.11965604321506883,0.4781882304303473,0.47807392940305266,0.4848527937351299,0.5410450802483179,0.060962907941199775,1.7638352075604638e-6,0.11965604321506883,0.4781882304303473,0.47807392940305266,0.4848527937351299,0.5410450802483179,0.060962907941199775
0.016544893609437308,0.01690853890110892,0.508234617707002,0.5073781289698389,0.4779908053944146,0.5065978962493305,0.044907497854341345,0.016544893609437308,0.01690853890110892,0.508234617707002,0.5073781289698389,0.4779908053944146,0.5065978962493305,0.044907497854341345
0.016566193701774142,0.016718270471365964,0.5037087070748187,0.47692323039133,0.5384127208458463,0.48200199344595523,0.044669120178979685,0.016566193701774142,0.016718270471365964,0.5037087070748187,0.47692323039133,0.5384127208458463,0.48200199344595523,0.044669120178979685
3.322124873161334e-19,2.710314036903159e-17,0.44266112209061925,0.44306418372909917,0.5506282663220996,0.5538877434766392,0.0,3.322124873161334e-19,2.710314036903159e-17,0.44266112209061925,0.44306418372909917,0.5506282663220996,0.5538877434766392,0.0
0.016409214160553458,0.016111496034647725,0.499056338277103,0.5006986064829958,0.5284966114980512,0.47064940393325205,0.016037488183012958,0.016409214160553458,0.016111496034647725,0.499056338277103,0.5006986064829958,0.5284966114980512,0.47064940393325205,0.016037488183012958
3.59358230564623e-18,0.05868765276891627,0.5259377558360698,0.46871668166534675,0.47031208071010705,0.5270465392194211,0.05837242096053367,3.59358230564623e-18,0.05868765276891627,0.5259377558360698,0.46871668166534675,0.47031208071010705,0.5270465392194211,0.05837242096053367
0.05541511257276506,0.055696860948314005,0.4669965041289411,0.5824151977134835,0.46806649643246423,0.4682760417020061,4.3258815702768296e-7,0.05541511257276506,0.055696860948314005,0.4669965041289411,0.5824151977134835,0.46806649643246423,0.4682760417020061,4.3258815702768296e-7
0.044490321241822284,0.01534680884573279,0.47600407039185044,0.4766605376503932,0.4902627124927307,0.557108177023898,0.016683350994671407,0.044490321241822284,0.01534680884573279,0.47600407039185044,0.4766605376503932,0.4902627124927307,0.557108177023898,0.016683350994671407
0.04709366597546306,0.046569264870457906,0.5199927543119088,0.49293479113564376,0.49206397958101267,0.49150483370942216,0.04677662979877742,0.04709366597546306,0.046569264870457906,0.5199927543119088,0.49293479113564376,0.49206397958101267,0.49150483370942216,0.04677662979877742
7.004688321128838e-20,0.0011439524156688727,0.5145194637360893,0.5708468135434827,0.4561227288431243,0.454879518075366,0.056249781240079635,7.004688321128838e-20,0.0011439524156688727,0.5145194637360893,0.5708468135434827,0.4561227288431243,0.454879518075366,0.056249781240079635
0.015350512301493554,0.015135928365213379,0.4711354381262075,0.5284196598115594,0.471298849741811,0.527237389923571,0.0160004806123521,0.015350512301493554,0.015135928365213379,0.4711354381262075,0.5284196598115594,0.471298849741811,0.527237389923571,0.0160004806123521
0.059668158520256705,0.0,0.48101723060864615,0.5388930002919774,0.48208732283341066,0.4807366028647972,0.1189225659675245,0.059668158520256705,0.0,0.48101723060864615,0.5388930002919774,0.48208732283341066,0.4807366028647972,0.1189225659675245
0.015146904309080233,0.014670073446242868,0.5595805891872516,0.4673030819671567,0.47034095860739816,0.49729680138514526,0.015441252865035655,0.015146904309080233,0.014670073446242868,0.5595805891872516,0.4673030819671567,0.47034095860739816,0.49729680138514526,0.015441252865035655
0.046182917953732354,0.017000840246972446,0.5135145989935235,0.4851172009076466,0.4842306788304306,0.5144483014734416,0.044852379105832084,0.046182917953732354,0.017000840246972446,0.5135145989935235,0.4851172009076466,0.4842306788304306,0.5144483014734416,0.044852379105832084
