f_1,f_2,f_3,f_4,f_5,f_6,f_7,f_1_min,f_2_min,f_3_min,f_4_min,f_5_min,f_6_min,f_7_min
0.0809306697980483,0.034590265066221766,0.16407953381923843,0.20998715620701205,0.7068607090811085,2.951575266906414,0.6413347720769695,0.0809306697980483,0.034590265066221766,0.16407953381923843,0.20998715620701205,0.7068607090811085,2.951575266906414,0.6413347720769695
0.0816618714305154,0.03738969037245735,0.11838416006935878,0.2547395938462563,0.6682792306549511,3.0221164864776506,1.1415506001663978,0.0816618714305154,0.03738969037245735,0.11838416006935878,0.2547395938462563,0.6682792306549511,3.0221164864776506,1.1415506001663978
0.09497541275633717,0.027096973462696503,0.23532601769503192,0.17703854495016097,0.6735862194398629,3.1300400382314906,1.036238849485671,0.09497541275633717,0.027096973462696503,0.23532601769503192,0.17703854495016097,0.6735862194398629,3.1300400382314906,1.036238849485671
0.10018909577355314,0.034273724122032286,0.18780328699070623,0.20872017138634263,0.6571060432282737,2.879178958756124,1.181647695217337,0.10018909577355314,0.034273724122032286,0.18780328699070623,0.20872017138634263,0.6571060432282737,2.879178958756124,1.181647695217337
0.11724693652455272,0.036645050026868284,0.2726909206713973,0.2130329079269359,0.6605007751631858,2.80546571289641,0.683998555070292,0.11724693652455272,0.036645050026868284,0.2726909206713973,0.2130329079269359,0.6605007751631858,2.80546571289641,0.683998555070292
0.07019730111191883,0.030870898560182207,0.12895933319539615,0.1871467700367042,0.697988260350655,3.069299243624354,1.054322579590385,0.07019730111191883,0.030870898560182207,0.12895933319539615,0.1871467700367042,0.697988260350655,3.069299243624354,1.054322579590385
0.09839918679599664,0.03812578028397458,0.1952398946031007,0.2386996337126951,0.6869543276280266,3.049608342343092,0.6739675322984348,0.09839918679599664,0.03812578028397458,0.1952398946031007,0.2386996337126951,0.6869543276280266,3.049608342343092,0.6739675322984348
0.08592998836731193,0.0377755599679595,0.15788551937973203,0.22913120151234506,0.6771265608856136,3.0721105759034635,1.0552364531047371,0.08592998836731193,0.0377755599679595,0.15788551937973203,0.22913120151234506,0.6771265608856136,3.0721105759034635,1.0552364531047371
0.051525441219247486,0.015011613172298589,0.08757630795254742,0.2138882320889073,0.7218438474482616,3.1726110935371263,0.7363607184343307,0.051525441219247486,0.015011613172298589,0.08757630795254742,0.2138882320889073,0.7218438474482616,3.1726110935371263,0.7363607184343307
0.05945177995692744,0.027048604486759706,0.13926472868550216,0.16727201231535002,0.686797111113812,2.876638050977083,1.1680904652459845,0.05945177995692744,0.027048604486759706,0.13926472868550216,0.16727201231535002,0.686797111113812,2.876638050977083,1.1680904652459845
0.07619257738485347,0.033904778763376865,0.18037830113518072,0.18058839646215882,0.672517353720513,3.039414530956159,1.2304217746849684,0.07619257738485347,0.033904778763376865,0.18037830113518072,0.18058839646215882,0.672517353720513,3.039414530956159,1.2304217746849684
0.0797732956080258,0.03725524380427659,0.21441851302856677,0.25194180730014326,0.6482948950022883,3.0510168421708133,1.1217656735467854,0.0797732956080258,0.03725524380427659,0.21441851302856677,0.25194180730014326,0.6482948950022883,3.0510168421708133,1.1217656735467854
0.08125905413378372,0.038080201258641075,0.1126266707452207,0.17752405066870747,0.7299958318694046,2.709691213822349,0.4715260522371036,0.08125905413378372,0.038080201258641075,0.1126266707452207,0.17752405066870747,0.7299958318694046,2.709691213822349,0.4715260522371036
3.74440028421824e-18,1.6877891556872422e-18,9.166546920675891e-18,1.4598206588101068e-17,4.3423273717724176e-17,1.149218508825943e-16,2.0270887222992537,3.74440028421824e-18,1.6877891556872422e-18,9.166546920675891e-18,1.4598206588101068e-17,4.3423273717724176e-17,1.149218508825943e-16,2.0270887222992537
0.06342771763434817,0.016977738555015606,0.19773354459541848,0.19524239119531472,0.6318286820716927,2.7049236671840187,1.4145745467801352,0.06342771763434817,0.016977738555015606,0.19773354459541848,0.19524239119531472,0.6318286820716927,2.7049236671840187,1.4145745467801352
0.090996651830124,0.023635721269525102,0.21675605342288318,0.24039828751086323,0.6455688144894439,2.8652236012835917,1.1031163426538682,0.090996651830124,0.023635721269525102,0.21675605342288318,0.24039828751086323,0.6455688144894439,2.8652236012835917,1.1031163426538682
0.08396446676729644,0.022102168660786597,0.1953384648031986,0.14998180961581942,0.6901379983024057,3.041533522850759,1.0467576692111913,0.08396446676729644,0.022102168660786597,0.1953384648031986,0.14998180961581942,0.6901379983024057,3.041533522850759,1.0467576692111913
0.06785754326999298,0.03844718696349052,0.26129724343822175,0.21104943980761726,0.6794841436123892,3.030475740018999,0.6365822222824218,0.06785754326999298,0.03844718696349052,0.26129724343822175,0.21104943980761726,0.6794841436123892,3.030475740018999,0.6365822222824218
0.09223534825185611,0.040288572005072514,0.2171340446966044,0.19593115430071326,0.6881426015131159,3.1964251927688156,0.8343540127694562,0.09223534825185611,0.040288572005072514,0.2171340446966044,0.19593115430071326,0.6881426015131159,3.1964251927688156,0.8343540127694562
0.12492345221897627,0.031650987901905986,0.1582080629713521,0.1850428151774599,0.6687265893991123,2.8549557009523703,1.1606387937899862,0.12492345221897627,0.031650987901905986,0.1582080629713521,0.1850428151774599,0.6687265893991123,2.8549557009523703,1.1606387937899862
0.0984774468636889,0.036080105503383815,0.1875476822371801,0.20793839105737816,0.6678833773484533,3.0047787905733334,1.1170217674398242,0.0984774468636889,0.036080105503383815,0.1875476822371801,0.20793839105737816,0.6678833773484533,3.0047787905733334,1.1170217674398242
0.0843861912472095,0.020471380470107672,0.15793758443538203,0.20124917223289246,0.6789638414027868,3.0323646413754717,1.1411910351585235,0.0843861912472095,0.020471380470107672,0.15793758443538203,0.20124917223289246,0.6789638414027868,3.0323646413754717,1.1411910351585235
0.07811962216026591,0.018692617346918877,0.1917680975653929,0.22220858479348587,0.6927644344721323,3.1621653059762544,0.7814751004155615,0.07811962216026591,0.018692617346918877,0.1917680975653929,0.22220858479348587,0.6927644344721323,3.1621653059762544,0.7814751004155615
0.06728345400936432,0.02069711252057269,0.1439495997479036,0.19667566278980256,0.7130324401066331,2.846352034725171,0.6777891552652285,0.06728345400936432,0.02069711252057269,0.1439495997479036,0.19667566278980256,0.7130324401066331,2.846352034725171,0.6777891552652285
0.07947431875904105,0.05259048089145883,0.20582551850333883,0.14637362342048515,0.6640309625040877,2.991617355791537,1.3004129660601593,0.07947431875904105,0.05259048089145883,0.20582551850333883,0.14637362342048515,0.6640309625040877,2.991617355791537,1.3004129660601593
0.12625942081619587,0.033993416489672725,0.13924070996626203,0.23131311750692382,0.6896568957754717,3.226126885636462,0.8913299752494157,0.12625942081619587,0.033993416489672725,0.13924070996626203,0.23131311750692382,0.6896568957754717,3.226126885636462,0.8913299752494157
0.08783120670800988,0.024650439225044275,0.19391393529666756,0.17809014560781083,0.7081007421666521,3.0762657310144568,0.6695671583844263,0.08783120670800988,0.024650439225044275,0.19391393529666756,0.17809014560781083,0.7081007421666521,3.0762657310144568,0.6695671583844263
0.10304253548443211,0.026699312885036675,0.19551723397748066,0.28411994274451086,0.6610683064337969,3.0153749305447723,0.8010474246987366,0.10304253548443211,0.026699312885036675,0.19551723397748066,0.28411994274451086,0.6610683064337969,3.0153749305447723,0.8010474246987366
0.07924565256368861,0.018801401330256293,0.27461096759898235,0.19999788657108647,0.6662389777451947,3.1884687567406016,0.8713227296494432,0.07924565256368861,0.018801401330256293,0.27461096759898235,0.19999788657108647,0.6662389777451947,3.1884687567406016,0.8713227296494432
0.04911365987002263,0.03193486560152874,0.183669244020858,0.14198608805010207,0.7226007713061475,3.1782152285403122,0.6954444834036418,0.04911365987002263,0.03193486560152874,0.183669244020858,0.14198608805010207,0.7226007713061475,3.1782152285403122,0.6954444834036418
0.055291551533891384,0.013468886104171119,0.1690138855456463,0.13200174649458032,0.7186953241760807,3.0971554315122307,0.8541761348674227,0.055291551533891384,0.013468886104171119,0.1690138855456463,0.13200174649458032,0.7186953241760807,3.0971554315122307,0.8541761348674227
0.07298859167337732,0.02027828695667889,0.1658547727044906,0.19779828142849484,0.6732891912746278,3.034687818136032,1.2286935692309644,0.07298859167337732,0.02027828695667889,0.1658547727044906,0.19779828142849484,0.6732891912746278,3.034687818136032,1.2286935692309644
0.06481369062286269,0.030247944644043644,0.17555493017384102,0.23715333433983352,0.6931836300403998,3.193935453789235,0.7893722664697411,0.06481369062286269,0.030247944644043644,0.17555493017384102,0.23715333433983352,0.6931836300403998,3.193935453789235,0.7893722664697411
0.07454472463179414,0.05894552599400829,0.1218778563634567,0.19108075901991298,0.6834499960042071,2.9727417131036753,1.1741710122716151,0.07454472463179414,0.05894552599400829,0.1218778563634567,0.19108075901991298,0.6834499960042071,2.9727417131036753,1.1741710122716151
0.13092704605712313,0.03570661366393723,0.22684245482163176,0.16796228065954222,0.6821815716840809,2.9490600533053186,0.8193945378526051,0.13092704605712313,0.03570661366393723,0.22684245482163176,0.16796228065954222,0.6821815716840809,2.9490600533053186,0.8193945378526051
0.2511335837884503,0.06522784929672121,0.23829231583993782,0.23501718476690403,0.6422918876494325,2.9675214384642894,0.4357397447173428,0.2511335837884503,0.06522784929672121,0.23829231583993782,0.23501718476690403,0.6422918876494325,2.9675214384642894,0.4357397447173428
0.09399012542157838,0.027154654825751735,0.1815916759510985,0.2673361591024531,0.6616811230699056,3.1279357002806596,1.0058585263183297,0.09399012542157838,0.027154654825751735,0.1815916759510985,0.2673361591024531,0.6616811230699056,3.1279357002806596,1.0058585263183297
0.07437984087975043,0.040951622821778964,0.1981882346175075,0.15847706203545994,0.7024429079923592,3.132076235411723,0.8665324350835797,0.07437984087975043,0.040951622821778964,0.1981882346175075,0.15847706203545994,0.7024429079923592,3.132076235411723,0.8665324350835797
0.11826805617750591,0.03897564030887374,0.15351913020147154,0.24068405513528104,0.6509949496930919,2.9514743135576498,1.2225730967679158,0.11826805617750591,0.03897564030887374,0.15351913020147154,0.24068405513528104,0.6509949496930919,2.9514743135576498,1.2225730967679158
0.10467057510820821,0.031726261275495,0.1589927742387629,0.28257142254318407,0.6586359389128627,2.985113917015228,0.9623902082143752,0.10467057510820821,0.031726261275495,0.1589927742387629,0.28257142254318407,0.6586359389128627,2.985113917015228,0.9623902082143752
0.07452251707793445,0.026112166299169782,0.1875835476487415,0.2948322715142374,0.6676717259130025,3.0562215643120734,0.7277223888939349,0.07452251707793445,0.026112166299169782,0.1875835476487415,0.2948322715142374,0.6676717259130025,3.0562215643120734,0.7277223888939349
0.07533144952822095,0.02418583541107244,0.12362262309295202,0.25312712924229236,0.6602412393413397,3.0728131789141293,1.2700991412709368,0.07533144952822095,0.02418583541107244,0.12362262309295202,0.25312712924229236,0.6602412393413397,3.0728131789141293,1.2700991412709368
0.057129725094911966,0.02662519594328354,0.1124937166088063,0.13454196729894793,0.7149376138613922,2.868286107493391,0.96570853880764,0.057129725094911966,0.02662519594328354,0.1124937166088063,0.13454196729894793,0.7149376138613922,2.868286107493391,0.96570853880764
0.040026442841080014,0.02513758803018554,0.10760762333506745,0.14914533702536575,0.7211730426788744,3.1602484927136443,0.9711059176757925,0.040026442841080014,0.02513758803018554,0.10760762333506745,0.14914533702536575,0.7211730426788744,3.1602484927136443,0.9711059176757925
0.15686135659726916,0.04440029041647918,0.15337639669412106,0.21086611838190125,0.6912008185436531,3.117625389104183,0.7698878739076106,0.15686135659726916,0.04440029041647918,0.15337639669412106,0.21086611838190125,0.6912008185436531,3.117625389104183,0.7698878739076106
0.06929175653603073,0.03205226015789053,0.24338561530389832,0.24744200599710905,0.6607758088746922,3.0134549179890127,0.8466271123235382,0.06929175653603073,0.03205226015789053,0.24338561530389832,0.24744200599710905,0.6607758088746922,3.0134549179890127,0.8466271123235382
0.05983911803069763,0.047143675632486816,0.10602462008282969,0.141515250018651,0.7067121556931506,3.0023811540963017,1.1055040827745344,0.05983911803069763,0.047143675632486816,0.10602462008282969,0.141515250018651,0.7067121556931506,3.0023811540963017,1.1055040827745344
0.10984299143211837,0.0355355492942124,0.15378572556407646,0.20009664575618644,0.725181630443031,2.8999886215754125,0.0005910080959317305,0.10984299143211837,0.0355355492942124,0.15378572556407646,0.20009664575618644,0.725181630443031,2.8999886215754125,0.0005910080959317305
0.0866149259713935,0.023126315428683684,0.13050231691905234,0.1765159667980723,0.7117875070268819,3.1140325443116255,0.8824055299996887,0.0866149259713935,0.023126315428683684,0.13050231691905234,0.1765159667980723,0.7117875070268819,3.1140325443116255,0.8824055299996887
0.11757200397200096,0.031915519735353094,0.1535960562585764,0.2393030589981647,0.6722827154151856,3.060499884414511,1.0221915799141943,0.11757200397200096,0.031915519735353094,0.1535960562585764,0.2393030589981647,0.6722827154151856,3.060499884414511,1.0221915799141943
0.0682548089146744,0.020239040905281988,0.20771434124894775,0.16354997459537732,0.6897226147444822,2.9139063776501435,0.9492049333528787,0.0682548089146744,0.020239040905281988,0.20771434124894775,0.16354997459537732,0.6897226147444822,2.9139063776501435,0.9492049333528787
0.12534900426599105,0.03412309069068032,0.19549914988472142,0.19875636224857018,0.6772192567282231,3.0239873760196323,0.9537520023499818,0.12534900426599105,0.03412309069068032,0.19549914988472142,0.19875636224857018,0.6772192567282231,3.0239873760196323,0.9537520023499818
0.08271882428538789,0.022106750465789533,0.1929092256001391,0.204038753245783,0.6986293262542445,3.206130950245945,0.7728677394280455,0.08271882428538789,0.022106750465789533,0.1929092256001391,0.204038753245783,0.6986293262542445,3.206130950245945,0.7728677394280455
0.0754028129692217,0.021735500024816026,0.14290308232490256,0.17952104558180457,0.7181992431667134,3.0882909370573097,0.7318035002566751,0.0754028129692217,0.021735500024816026,0.14290308232490256,0.17952104558180457,0.7181992431667134,3.0882909370573097,0.7318035002566751
0.15361746928741582,0.05985974285519147,0.20360375618756738,0.17544750226061304,0.6944392591119507,3.0547409333288256,0.630818610681334,0.15361746928741582,0.05985974285519147,0.20360375618756738,0.17544750226061304,0.6944392591119507,3.0547409333288256,0.630818610681334
0.08088903190853984,0.053132114710900874,0.15910190319825426,0.239141044534274,0.6931654176489065,3.130576994863524,0.7764753314314659,0.08088903190853984,0.053132114710900874,0.15910190319825426,0.239141044534274,0.6931654176489065,3.130576994863524,0.7764753314314659
0.08643735145456187,0.03243132500401604,0.12308551632992519,0.23103069931876688,0.7116858168201805,3.121686284158361,0.6176389900153606,0.08643735145456187,0.03243132500401604,0.12308551632992519,0.23103069931876688,0.7116858168201805,3.121686284158361,0.6176389900153606
0.06544525397236974,0.028627263471588896,0.15454527433611243,0.22217025581872157,0.6521028272705333,2.985298322874485,1.381979987280027,0.06544525397236974,0.028627263471588896,0.15454527433611243,0.22217025581872157,0.6521028272705333,2.985298322874485,1.381979987280027
0.09759522343816446,0.024922835715882795,0.1372458943645966,0.3003772751134671,0.6600230821085339,2.98413858095071,0.9216263427474524,0.09759522343816446,0.024922835715882795,0.1372458943645966,0.3003772751134671,0.6600230821085339,2.98413858095071,0.9216263427474524
0.08255130417663033,0.03676189817278946,0.16289399645344851,0.19663818052071616,0.6879251799027397,2.970841947079779,0.9981635265961171,0.08255130417663033,0.03676189817278946,0.16289399645344851,0.19663818052071616,0.6879251799027397,2.970841947079779,0.9981635265961171
0.12616633318217527,0.058587569148470055,0.14587209277117189,0.22202058972433217,0.6937778679665294,3.068600800734893,0.7740025898603746,0.12616633318217527,0.058587569148470055,0.14587209277117189,0.22202058972433217,0.6937778679665294,3.068600800734893,0.7740025898603746
0.07869808631287585,0.056405846202457775,0.12819645539445543,0.29522493512296766,0.6205428762919908,2.8948543295105575,1.3831196282011289,0.07869808631287585,0.056405846202457775,0.12819645539445543,0.29522493512296766,0.6205428762919908,2.8948543295105575,1.3831196282011289
0.08558198687053988,0.020162493262955376,0.11999572885088244,0.26541831657009884,0.6799706537003197,3.1619854911852086,0.9846605680238687,0.08558198687053988,0.020162493262955376,0.11999572885088244,0.26541831657009884,0.6799706537003197,3.1619854911852086,0.9846605680238687
0.07605008342563092,0.028337857831804106,0.15398017476745635,0.29204780546528336,0.6793449411722016,3.1665636938730644,0.7307442008677438,0.07605008342563092,0.028337857831804106,0.15398017476745635,0.29204780546528336,0.6793449411722016,3.1665636938730644,0.7307442008677438
0.0743359926269038,0.018858318579567292,0.28030237661214435,0.21558623125974616,0.661445520182414,3.033980680862631,0.7912618620083405,0.0743359926269038,0.018858318579567292,0.28030237661214435,0.21558623125974616,0.661445520182414,3.033980680862631,0.7912618620083405
0.09098750830106812,0.023477811022592495,0.20910935261366811,0.22128590229991218,0.6643405369756422,2.9963166199221436,1.0438228714337283,0.09098750830106812,0.023477811022592495,0.20910935261366811,0.22128590229991218,0.6643405369756422,2.9963166199221436,1.0438228714337283
0.11288899366866949,0.02853654423439122,0.1564463762483522,0.17139944211720706,0.6593693710100754,2.8549895686625777,1.3304680113707945,0.11288899366866949,0.02853654423439122,0.1564463762483522,0.17139944211720706,0.6593693710100754,2.8549895686625777,1.3304680113707945
0.11104777056323326,0.028679841713956527,0.23003986529480003,0.23467021715609204,0.6765037492929854,3.0422981540481007,0.6623078726459096,0.11104777056323326,0.028679841713956527,0.23003986529480003,0.23467021715609204,0.6765037492929854,3.0422981540481007,0.6623078726459096
0.07619797926941879,0.020789891155660642,0.16902805977975333,0.19418243541915858,0.6939143353238144,3.107732720004429,0.9746939027471323,0.07619797926941879,0.020789891155660642,0.16902805977975333,0.19418243541915858,0.6939143353238144,3.107732720004429,0.9746939027471323
0.1184348308728159,0.03575797805220396,0.17962978639547833,0.21106696697946628,0.6725705446514263,3.0272649911100014,1.040496521701698,0.1184348308728159,0.03575797805220396,0.17962978639547833,0.21106696697946628,0.6725705446514263,3.0272649911100014,1.040496521701698
0.07419757894728915,0.03341737552310107,0.17403218439506382,0.23436750739849357,0.663650355327126,2.9729027360298446,1.1319591091735588,0.07419757894728915,0.03341737552310107,0.17403218439506382,0.23436750739849357,0.663650355327126,2.9729027360298446,1.1319591091735588
0.08860093440390525,0.04558104492097263,0.20774987544844692,0.28364764622576094,0.6641915845998588,2.9597967085240815,0.6945838331969042,0.08860093440390525,0.04558104492097263,0.20774987544844692,0.28364764622576094,0.6641915845998588,2.9597967085240815,0.6945838331969042
0.08014648653766387,0.03100319825800514,0.1619627414820179,0.26677395632659784,0.6869770765512968,3.114907356278619,0.7197052028052077,0.08014648653766387,0.03100319825800514,0.1619627414820179,0.26677395632659784,0.6869770765512968,3.114907356278619,0.7197052028052077
0.11939888119661449,0.028646158203374766,0.17821128926739985,0.2663530089198121,0.6831495171052306,3.218603821836126,0.6314699498768388,0.11939888119661449,0.028646158203374766,0.17821128926739985,0.2663530089198121,0.6831495171052306,3.218603821836126,0.6314699498768388
0.10494942598859283,0.04725446112739001,0.1931644096401364,0.2758977700067012,0.6669577758151086,2.8778170137591594,0.7029925351089751,0.10494942598859283,0.04725446112739001,0.1931644096401364,0.2758977700067012,0.6669577758151086,2.8778170137591594,0.7029925351089751
0.09431937910498599,0.056594932990634346,0.16067196504480255,0.23941024560622354,0.6957093516343343,3.1938864089450982,0.7014311557861934,0.09431937910498599,0.056594932990634346,0.16067196504480255,0.23941024560622354,0.6957093516343343,3.1938864089450982,0.7014311557861934
0.08454570014820108,0.06647196830396686,0.15854141721378456,0.22271138681878047,0.696795150338463,3.187823446169251,0.7986861641940272,0.08454570014820108,0.06647196830396686,0.15854141721378456,0.22271138681878047,0.696795150338463,3.187823446169251,0.7986861641940272
0.07778890939585323,0.019153080018742278,0.1485388887862208,0.19757572834342307,0.7138847399959306,3.192036502977622,0.7375548593587213,0.07778890939585323,0.019153080018742278,0.1485388887862208,0.19757572834342307,0.7138847399959306,3.192036502977622,0.7375548593587213
0.05437453411167649,0.024743058422803645,0.18797439248598521,0.21934506113430388,0.6610738926573131,2.9219596218667174,1.182773870157172,0.05437453411167649,0.024743058422803645,0.18797439248598521,0.21934506113430388,0.6610738926573131,2.9219596218667174,1.182773870157172
0.18563446452914745,0.045058288567828425,0.184373719081004,0.28363335589834937,0.642115648975164,3.0919272515802745,0.8692779218907588,0.18563446452914745,0.045058288567828425,0.184373719081004,0.28363335589834937,0.642115648975164,3.0919272515802745,0.8692779218907588
0.11547326075144257,0.03355925170790459,0.1458128474767908,0.2232812738479654,0.6471977792543671,2.785800606862407,1.2781183485785055,0.11547326075144257,0.03355925170790459,0.1458128474767908,0.2232812738479654,0.6471977792543671,2.785800606862407,1.2781183485785055
0.12167530663795303,0.03364450091209989,0.17262990397739064,0.16129551220072336,0.6746148487441639,2.791976220333789,1.1018179360166738,0.12167530663795303,0.03364450091209989,0.17262990397739064,0.16129551220072336,0.6746148487441639,2.791976220333789,1.1018179360166738
0.11929281872933224,0.061364247723879196,0.22204348784207148,0.22048099139290211,0.6789392944297297,3.239646374763041,0.7482968955526695,0.11929281872933224,0.061364247723879196,0.22204348784207148,0.22048099139290211,0.6789392944297297,3.239646374763041,0.7482968955526695
0.14178961503998386,0.034145302235410555,0.12619672273871277,0.12687969172741634,0.6893251953777224,3.0186585995960495,1.1852627274462435,0.14178961503998386,0.034145302235410555,0.12619672273871277,0.12687969172741634,0.6893251953777224,3.0186585995960495,1.1852627274462435
0.13674091511574418,0.03475058247537201,0.1909762439297849,0.12307547654005654,0.7068855825153695,3.177910254218921,0.803355650528035,0.13674091511574418,0.03475058247537201,0.1909762439297849,0.12307547654005654,0.7068855825153695,3.177910254218921,0.803355650528035
0.1736501045796708,0.042176897415284964,0.22174088401942776,0.19946879074595214,0.666954275210057,3.123380778732558,0.851443421532574,0.1736501045796708,0.042176897415284964,0.22174088401942776,0.19946879074595214,0.666954275210057,3.123380778732558,0.851443421532574
0.08085628474637498,0.02374007488223495,0.0883306049389659,0.14921860631968117,0.7304230154617145,3.0042518036844874,0.7580246903558139,0.08085628474637498,0.02374007488223495,0.0883306049389659,0.14921860631968117,0.7304230154617145,3.0042518036844874,0.7580246903558139
0.11668484057831768,0.0344770321018368,0.1389130962510192,0.20501355581726358,0.7051724902286169,3.0559678529409795,0.7534251541497302,0.11668484057831768,0.0344770321018368,0.1389130962510192,0.20501355581726358,0.7051724902286169,3.0559678529409795,0.7534251541497302
0.042183442310676465,0.030875113261758937,0.0955610061123996,0.1555756564609548,0.7196883286302341,2.9111071611379,0.903252812717897,0.042183442310676465,0.030875113261758937,0.0955610061123996,0.1555756564609548,0.7196883286302341,2.9111071611379,0.903252812717897
0.053469023446132864,0.023434828454654916,0.12607716293036886,0.18120668368436793,0.6718336735333205,2.970863870732375,1.3756498354653692,0.053469023446132864,0.023434828454654916,0.12607716293036886,0.18120668368436793,0.6718336735333205,2.970863870732375,1.3756498354653692
0.07181807001868422,0.05115987801148629,0.126908578537414,0.1991661341695595,0.7055902318156341,2.6942333589825505,0.7507709325866042,0.07181807001868422,0.05115987801148629,0.126908578537414,0.1991661341695595,0.7055902318156341,2.6942333589825505,0.7507709325866042
0.05731959742351588,0.039026169448996555,0.24258901035938424,0.20680473516858056,0.6800556296758284,3.149212673944983,0.8226717804487106,0.05731959742351588,0.039026169448996555,0.24258901035938424,0.20680473516858056,0.6800556296758284,3.149212673944983,0.8226717804487106
0.10840358272052986,0.026789149681122348,0.140952394757017,0.20730567502031372,0.687036205385308,3.062858100544713,1.0267639869705623,0.10840358272052986,0.026789149681122348,0.140952394757017,0.20730567502031372,0.687036205385308,3.062858100544713,1.0267639869705623
0.12390710939145906,0.03677883373212102,0.2244021403240583,0.2335460867386485,0.6655700026977296,2.91367346505276,0.7936617434359131,0.12390710939145906,0.03677883373212102,0.2244021403240583,0.2335460867386485,0.6655700026977296,2.91367346505276,0.7936617434359131
0.08859397734367949,0.023559561726393105,0.20702662120198118,0.18312634420859886,0.6948004235120794,3.2060212430569206,0.8570922129178944,0.08859397734367949,0.023559561726393105,0.20702662120198118,0.18312634420859886,0.6948004235120794,3.2060212430569206,0.8570922129178944
0.10695825801403845,0.025989355101728343,0.14368294352936142,0.21192626721797575,0.706407125279294,3.1991239174185173,0.739088883396045,0.10695825801403845,0.025989355101728343,0.14368294352936142,0.21192626721797575,0.706407125279294,3.1991239174185173,0.739088883396045
0.10627807873275764,0.04487229384436839,0.148635331212768,0.23580658833481377,0.6943050471211428,3.2581988551740935,0.804432282758973,0.10627807873275764,0.04487229384436839,0.148635331212768,0.23580658833481377,0.6943050471211428,3.2581988551740935,0.804432282758973
0.06479397252765753,0.05025881373867675,0.14302600212587938,0.18088754498610768,0.7179067187003288,2.968382272430852,0.6854740726721105,0.06479397252765753,0.05025881373867675,0.14302600212587938,0.18088754498610768,0.7179067187003288,2.968382272430852,0.6854740726721105
0.11741573318477758,0.03060111533853087,0.14384069626799656,0.17939643537853464,0.7137599055631207,2.9735156056617553,0.6789759454263625,0.11741573318477758,0.03060111533853087,0.14384069626799656,0.17939643537853464,0.7137599055631207,2.9735156056617553,0.6789759454263625
0.07474308511257256,0.04942212153830612,0.1510300818653266,0.3160052504391471,0.6598912899442608,3.1536422667227586,0.8570147438783672,0.07474308511257256,0.04942212153830612,0.1510300818653266,0.3160052504391471,0.6598912899442608,3.1536422667227586,0.8570147438783672
0.07225261051813692,0.020673468984749106,0.1394455642845932,0.2252009538982892,0.7063354580787596,2.949678104853352,0.6868302704096542,0.07225261051813692,0.020673468984749106,0.1394455642845932,0.2252009538982892,0.7063354580787596,2.949678104853352,0.6868302704096542
0.10963318438842092,0.04263254642190978,0.14276228475960548,0.21949699822602944,0.6423478062093775,2.8414871011352707,1.3788218281035212,0.10963318438842092,0.04263254642190978,0.14276228475960548,0.21949699822602944,0.6423478062093775,2.8414871011352707,1.3788218281035212
0.07314125242821662,0.039922071469988336,0.2620685784179761,0.20366062171914961,0.6366817295487349,2.9760298705240116,1.2196118458915421,0.07314125242821662,0.039922071469988336,0.2620685784179761,0.20366062171914961,0.6366817295487349,2.9760298705240116,1.2196118458915421
0.09293875877261192,0.02414927589077041,0.17262585960323745,0.23985845102670741,0.6939037288106173,3.0900343029230473,0.6942369835831811,0.09293875877261192,0.02414927589077041,0.17262585960323745,0.23985845102670741,0.6939037288106173,3.0900343029230473,0.6942369835831811
0.12557705306772454,0.031113962038496347,0.21487471500357308,0.1658051465041596,0.6611812544785871,2.938699980207129,1.1588409583658803,0.12557705306772454,0.031113962038496347,0.21487471500357308,0.1658051465041596,0.6611812544785871,2.938699980207129,1.1588409583658803
0.09610469188720236,0.049009308519888335,0.15810158903736848,0.21507864547686023,0.6868486826277875,3.1534704041256005,0.9860206561835215,0.09610469188720236,0.049009308519888335,0.15810158903736848,0.21507864547686023,0.6868486826277875,3.1534704041256005,0.9860206561835215
0.0729234963439706,0.02618399903044489,0.24088945423334668,0.18504683744992093,0.6526262361505163,2.9639538771055216,1.2018106817486958,0.0729234963439706,0.02618399903044489,0.24088945423334668,0.18504683744992093,0.6526262361505163,2.9639538771055216,1.2018106817486958
0.10265721603617962,0.04933501115109127,0.2163037093838207,0.2580803259458457,0.6697443194323969,3.17180540225486,0.7534600312250497,0.10265721603617962,0.04933501115109127,0.2163037093838207,0.2580803259458457,0.6697443194323969,3.17180540225486,0.7534600312250497
0.07164302429654379,0.0521863368549182,0.18614980347549825,0.20472032256112652,0.6215012480157693,2.872370524259664,1.5914862765666833,0.07164302429654379,0.0521863368549182,0.18614980347549825,0.20472032256112652,0.6215012480157693,2.872370524259664,1.5914862765666833
0.10843861757762355,0.04589947041749694,0.13660037973728875,0.16044289888323074,0.7189199525416168,3.0722398892742735,0.7219959036915574,0.10843861757762355,0.04589947041749694,0.13660037973728875,0.16044289888323074,0.7189199525416168,3.0722398892742735,0.7219959036915574
0.07173003055931122,0.01710307381847865,0.24226045256858586,0.2886314710327943,0.6534009687779473,3.232815366192768,0.7797385189267446,0.07173003055931122,0.01710307381847865,0.24226045256858586,0.2886314710327943,0.6534009687779473,3.232815366192768,0.7797385189267446
0.09753051915623288,0.04992077270052126,0.23064031522917217,0.1882525812139633,0.6899512102950697,3.0065133226842313,0.69730909533193,0.09753051915623288,0.04992077270052126,0.23064031522917217,0.1882525812139633,0.6899512102950697,3.0065133226842313,0.69730909533193
0.07754935825879444,0.037603429609633775,0.16243378898993402,0.3064458316530511,0.6683404933893605,3.0921193915990264,0.7355474801292459,0.07754935825879444,0.037603429609633775,0.16243378898993402,0.3064458316530511,0.6683404933893605,3.0921193915990264,0.7355474801292459
0.09024640761916361,0.038576215295926586,0.3284882744462018,0.22295943653623237,0.5972875734257856,3.0981676412511785,1.2606707751365849,0.09024640761916361,0.038576215295926586,0.3284882744462018,0.22295943653623237,0.5972875734257856,3.0981676412511785,1.2606707751365849
0.09855582807263892,0.07179728476460236,0.22757555851636777,0.19305395731826444,0.6859645962342547,3.2011065245267134,0.769062971874095,0.09855582807263892,0.07179728476460236,0.22757555851636777,0.19305395731826444,0.6859645962342547,3.2011065245267134,0.769062971874095
0.05223744252032517,0.02438916909680771,0.14145714211784313,0.3061100431504296,0.6479760377050418,3.0533012625458955,1.1225268511495659,0.05223744252032517,0.02438916909680771,0.14145714211784313,0.3061100431504296,0.6479760377050418,3.0533012625458955,1.1225268511495659
0.06680298515487419,0.019424821174647194,0.12319810804079603,0.1551868229973399,0.7280105662003762,3.0286329210257197,0.7197021973194841,0.06680298515487419,0.019424821174647194,0.12319810804079603,0.1551868229973399,0.7280105662003762,3.0286329210257197,0.7197021973194841
0.08110977630345668,0.02262878919353443,0.1264696976514772,0.18098254647964412,0.6910127738440218,3.0585091341037387,1.1589451008919018,0.08110977630345668,0.02262878919353443,0.1264696976514772,0.18098254647964412,0.6910127738440218,3.0585091341037387,1.1589451008919018
0.08050003803233183,0.022941636045914638,0.27806578692477146,0.20198933208278463,0.6538009784329666,2.8637467539959798,0.903390262623101,0.08050003803233183,0.022941636045914638,0.27806578692477146,0.20198933208278463,0.6538009784329666,2.8637467539959798,0.903390262623101
0.047096076470977084,0.024644957263960758,0.1651799686876708,0.3549850867144236,0.6371148048227415,3.0132041779721757,0.8559689407389455,0.047096076470977084,0.024644957263960758,0.1651799686876708,0.3549850867144236,0.6371148048227415,3.0132041779721757,0.8559689407389455
0.057715463185467795,0.02520641628352933,0.1805128917835491,0.23778438089169018,0.6983498965846008,3.0478372739439674,0.6413693547765307,0.057715463185467795,0.02520641628352933,0.1805128917835491,0.23778438089169018,0.6983498965846008,3.0478372739439674,0.6413693547765307
0.07240186025828656,0.028369012784605643,0.14220428352335637,0.17800059790322117,0.7189144371004915,3.1289248446929383,0.742177001884677,0.07240186025828656,0.028369012784605643,0.14220428352335637,0.17800059790322117,0.7189144371004915,3.1289248446929383,0.742177001884677
0.08979573575167583,0.03722648594752155,0.17151958488022706,0.19077833229099972,0.7054786555749167,2.898614102243192,0.7033922178394213,0.08979573575167583,0.03722648594752155,0.17151958488022706,0.19077833229099972,0.7054786555749167,2.898614102243192,0.7033922178394213
0.07723753410308386,0.021159280881307484,0.14525623797890796,0.1932695882164075,0.7146336871206899,2.970218144727759,0.6890875693529648,0.07723753410308386,0.021159280881307484,0.14525623797890796,0.1932695882164075,0.7146336871206899,2.970218144727759,0.6890875693529648
0.08722013226295504,0.051560481771389804,0.1494497917979573,0.20078365520861163,0.6717113751849367,2.99620618303773,1.2138586980111292,0.08722013226295504,0.051560481771389804,0.1494497917979573,0.20078365520861163,0.6717113751849367,2.99620618303773,1.2138586980111292
0.10178955945909963,0.025702429757054272,0.13402559764140712,0.25675055291069837,0.6955738371365479,3.188579864411652,0.7151541858290968,0.10178955945909963,0.025702429757054272,0.13402559764140712,0.25675055291069837,0.6955738371365479,3.188579864411652,0.7151541858290968
0.07010892598996382,0.02918154205231041,0.1253509424254844,0.22361498813191952,0.6090876168506066,2.6517494461002173,1.6552319383460887,0.07010892598996382,0.02918154205231041,0.1253509424254844,0.22361498813191952,0.6090876168506066,2.6517494461002173,1.6552319383460887
0.12878064753649876,0.05557103751181081,0.19390051825458077,0.3068089092027689,0.650959960318345,3.138134736213545,0.7400971083224367,0.12878064753649876,0.05557103751181081,0.19390051825458077,0.3068089092027689,0.650959960318345,3.138134736213545,0.7400971083224367
0.11575269196606372,0.031192295083850033,0.38945878609275736,0.2793962190449797,0.580630482250993,2.858804606005864,0.5742295166573478,0.11575269196606372,0.031192295083850033,0.38945878609275736,0.2793962190449797,0.580630482250993,2.858804606005864,0.5742295166573478
0.07605214418224253,0.020610338734631358,0.16987299764558264,0.25838594810440413,0.6815932615486672,2.785691617167499,0.7334162259633975,0.07605214418224253,0.020610338734631358,0.16987299764558264,0.25838594810440413,0.6815932615486672,2.785691617167499,0.7334162259633975
0.09471465962312298,0.04416953488961799,0.22887183595190894,0.24414311908324365,0.6474126045228812,2.891466081177806,1.010493996281143,0.09471465962312298,0.04416953488961799,0.22887183595190894,0.24414311908324365,0.6474126045228812,2.891466081177806,1.010493996281143
0.1579961995315282,0.04419763564650236,0.16027071858843359,0.2785600712672277,0.6624198654818186,2.843411810273498,0.7222361327203183,0.1579961995315282,0.04419763564650236,0.16027071858843359,0.2785600712672277,0.6624198654818186,2.843411810273498,0.7222361327203183
0.13935419659747228,0.03891728477339264,0.29386612526948647,0.24451547566309176,0.6277202852852097,2.9180082255370166,0.8347601578124589,0.13935419659747228,0.03891728477339264,0.29386612526948647,0.24451547566309176,0.6277202852852097,2.9180082255370166,0.8347601578124589
0.05649760830488723,0.025849697428946845,0.11297642424069845,0.26497842474321154,0.6684074902884488,3.0276793667741884,1.1435380681861191,0.05649760830488723,0.025849697428946845,0.11297642424069845,0.26497842474321154,0.6684074902884488,3.0276793667741884,1.1435380681861191
0.12443717563471843,0.03675935292035704,0.11731730961044665,0.1207459319070029,0.6539106105837856,2.8455350120783196,1.5503579017723061,0.12443717563471843,0.03675935292035704,0.11731730961044665,0.1207459319070029,0.6539106105837856,2.8455350120783196,1.5503579017723061
0.09026729150869806,0.03862208301126989,0.3280757888378566,0.22280164970451036,0.5975326007321472,3.0910115801086073,1.257907247544712,0.09026729150869806,0.03862208301126989,0.3280757888378566,0.22280164970451036,0.5975326007321472,3.0910115801086073,1.257907247544712
0.12037050055932456,0.03637440248919101,0.24200200424560472,0.2844275522998641,0.6399247219092193,3.040191821843353,0.8343635443320854,0.12037050055932456,0.03637440248919101,0.24200200424560472,0.2844275522998641,0.6399247219092193,3.040191821843353,0.8343635443320854
0.1793625421764772,0.051208618519812496,0.17553221391108623,0.1818118713875775,0.6888093456341821,3.0883448356594325,0.763091004435565,0.1793625421764772,0.051208618519812496,0.17553221391108623,0.1818118713875775,0.6888093456341821,3.0883448356594325,0.763091004435565
0.08569035372200419,0.021413633170335396,0.14511844240799873,0.3052928760206531,0.668712268290794,3.0890246145772946,0.7985510036427261,0.08569035372200419,0.021413633170335396,0.14511844240799873,0.3052928760206531,0.668712268290794,3.0890246145772946,0.7985510036427261
0.10810277904178581,0.030012989274643256,0.21291553188283124,0.25995647126038113,0.6633850617743099,3.0664918621598467,0.8378709996152178,0.10810277904178581,0.030012989274643256,0.21291553188283124,0.25995647126038113,0.6633850617743099,3.0664918621598467,0.8378709996152178
0.08301411064307068,0.0584529498028638,0.1795279055347866,0.1558369392020605,0.6895127487645113,2.5566689191206082,0.874811121948102,0.08301411064307068,0.0584529498028638,0.1795279055347866,0.1558369392020605,0.6895127487645113,2.5566689191206082,0.874811121948102
0.07460585420108305,0.021791304388791205,0.14313193238583985,0.2342692040683679,0.7019554611649964,2.8789449548969626,0.6713709034715332,0.07460585420108305,0.021791304388791205,0.14313193238583985,0.2342692040683679,0.7019554611649964,2.8789449548969626,0.6713709034715332
0.07590581201718948,0.04996988293864695,0.14899949040174562,0.30660909672945785,0.6677951726745007,3.0882097297399063,0.7866536452066981,0.07590581201718948,0.04996988293864695,0.14899949040174562,0.30660909672945785,0.6677951726745007,3.0882097297399063,0.7866536452066981
0.0977590239282463,0.044270917435817646,0.11841461410392268,0.19259431889337184,0.6144672321223577,2.583531555639709,1.633543108780969,0.0977590239282463,0.044270917435817646,0.11841461410392268,0.19259431889337184,0.6144672321223577,2.583531555639709,1.633543108780969
0.18762306521826763,0.05670075400212797,0.17741866812991977,0.17622832259323834,0.6049732003749612,2.753810895358431,1.5416624242300156,0.18762306521826763,0.05670075400212797,0.17741866812991977,0.17622832259323834,0.6049732003749612,2.753810895358431,1.5416624242300156
0.1264949559292047,0.0575078027215014,0.15985740685088992,0.2522445446082563,0.6143389306884348,2.7911535678486405,1.4221656420587585,0.1264949559292047,0.0575078027215014,0.15985740685088992,0.2522445446082563,0.6143389306884348,2.7911535678486405,1.4221656420587585
0.09557615931746981,0.046256695997824726,0.2019315063977162,0.24088505729396906,0.6273613542122115,2.982755857425696,1.380135379737697,0.09557615931746981,0.046256695997824726,0.2019315063977162,0.24088505729396906,0.6273613542122115,2.982755857425696,1.380135379737697
0.08258319689142066,0.045360423090851414,0.2962607776053484,0.21693865295257658,0.6013018210263417,2.9210713971685833,1.3497156798319032,0.08258319689142066,0.045360423090851414,0.2962607776053484,0.21693865295257658,0.6013018210263417,2.9210713971685833,1.3497156798319032
0.06244752192562744,0.022076297481228316,0.1367499382693812,0.24539032254582133,0.66309281063932,2.5596155908557483,1.0409886482132156,0.06244752192562744,0.022076297481228316,0.1367499382693812,0.24539032254582133,0.66309281063932,2.5596155908557483,1.0409886482132156
0.12904845921818947,0.033391702326287985,0.16378087624172952,0.2552943934996464,0.6783109384019474,2.9239242201064393,0.738077444915296,0.12904845921818947,0.033391702326287985,0.16378087624172952,0.2552943934996464,0.6783109384019474,2.9239242201064393,0.738077444915296
0.11779729936837044,0.053084397689440635,0.21677560096627754,0.24964344042380796,0.6674269742372262,2.872279528605924,0.7017254222574559,0.11779729936837044,0.053084397689440635,0.21677560096627754,0.24964344042380796,0.6674269742372262,2.872279528605924,0.7017254222574559
0.12407606831416086,0.05116266198825226,0.16936262296085774,0.26818304574849655,0.6289661612475145,2.7063264113067884,1.1653405439582165,0.12407606831416086,0.05116266198825226,0.16936262296085774,0.26818304574849655,0.6289661612475145,2.7063264113067884,1.1653405439582165
0.11374457893529051,0.03302213159141334,0.13617276067586156,0.20073800650279852,0.6687438379704972,2.753807209835421,1.139898660862861,0.11374457893529051,0.03302213159141334,0.13617276067586156,0.20073800650279852,0.6687438379704972,2.753807209835421,1.139898660862861
0.09501744433159486,0.049001808795062975,0.1017805497756265,0.32571062382971694,0.6234678636399356,3.0589182936039716,1.319566314498662,0.09501744433159486,0.049001808795062975,0.1017805497756265,0.32571062382971694,0.6234678636399356,3.0589182936039716,1.319566314498662
0.09893716631751567,0.026527903548564692,0.17636432849166542,0.24537320214657263,0.6883161675970237,2.8396401997939362,0.641233463948429,0.09893716631751567,0.026527903548564692,0.17636432849166542,0.24537320214657263,0.6883161675970237,2.8396401997939362,0.641233463948429
0.07107281023161391,0.0463155336369038,0.23928337410285452,0.17250818444291197,0.6973811803249679,2.905532864411529,0.5967959913819548,0.07107281023161391,0.0463155336369038,0.23928337410285452,0.17250818444291197,0.6973811803249679,2.905532864411529,0.5967959913819548
0.15359388080360867,0.03998311099084079,0.2419780570815697,0.17839523520894654,0.6400949467442134,2.876363873068738,1.1538091745374561,0.15359388080360867,0.03998311099084079,0.2419780570815697,0.17839523520894654,0.6400949467442134,2.876363873068738,1.1538091745374561
0.09958189520748963,0.07269677035554956,0.166437196582452,0.20567862891798136,0.6206216957051953,2.8252825926772687,1.5667873460769648,0.09958189520748963,0.07269677035554956,0.166437196582452,0.20567862891798136,0.6206216957051953,2.8252825926772687,1.5667873460769648
0.05529096099155488,0.029964686733323694,0.21090714336105287,0.15986459171683073,0.6203267040332993,2.8504166599039693,1.65868193125575,0.05529096099155488,0.029964686733323694,0.21090714336105287,0.15986459171683073,0.6203267040332993,2.8504166599039693,1.65868193125575
0.07411271445382822,0.018701388054688524,0.23204407180018727,0.18188203997785246,0.671607200509072,2.9293273000024627,1.0086961180774043,0.07411271445382822,0.018701388054688524,0.23204407180018727,0.18188203997785246,0.671607200509072,2.9293273000024627,1.0086961180774043
0.1374093671494504,0.03485922401854034,0.13007496459010381,0.12776656275069873,0.6885673989904265,2.86853893529458,1.1295652509669354,0.1374093671494504,0.03485922401854034,0.13007496459010381,0.12776656275069873,0.6885673989904265,2.86853893529458,1.1295652509669354
0.07826735296411372,0.02196638295566089,0.1072180917459649,0.2329468553986278,0.650808559303478,2.6052752744378864,1.2521202622989487,0.07826735296411372,0.02196638295566089,0.1072180917459649,0.2329468553986278,0.650808559303478,2.6052752744378864,1.2521202622989487
0.1369514562943519,0.05346258715322575,0.18150048233605096,0.15651882808395,0.6183720519330984,2.7120707914784523,1.5578297709146138,0.1369514562943519,0.05346258715322575,0.18150048233605096,0.15651882808395,0.6183720519330984,2.7120707914784523,1.5578297709146138
0.13179855477393893,0.03640176548962627,0.18507898802593137,0.1379597717921458,0.7058182995955145,3.1465898115454136,0.8063684096756956,0.13179855477393893,0.03640176548962627,0.18507898802593137,0.1379597717921458,0.7058182995955145,3.1465898115454136,0.8063684096756956
0.1256511227524037,0.035103028528176976,0.17116401031930625,0.15913811630098068,0.6515413033708684,2.6258794548475097,1.2617177048509076,0.1256511227524037,0.035103028528176976,0.17116401031930625,0.15913811630098068,0.6515413033708684,2.6258794548475097,1.2617177048509076
0.15835132782891229,0.037258527907001356,0.20811808500166218,0.2824463026131579,0.6436727933062472,3.191399225884431,0.8957367984305402,0.15835132782891229,0.037258527907001356,0.20811808500166218,0.2824463026131579,0.6436727933062472,3.191399225884431,0.8957367984305402
0.11564040156128262,0.03173812042084657,0.15210278891415957,0.18411614385597036,0.7101140658198878,2.816465507848904,0.6453172111144854,0.11564040156128262,0.03173812042084657,0.15210278891415957,0.18411614385597036,0.7101140658198878,2.816465507848904,0.6453172111144854
0.07153897331204138,0.03657947067127311,0.15202822807659438,0.19980664198723588,0.6820503534220682,2.983206181599307,1.1145506373760754,0.07153897331204138,0.03657947067127311,0.15202822807659438,0.19980664198723588,0.6820503534220682,2.983206181599307,1.1145506373760754
0.07777387223218042,0.02277607836395447,0.08473281838728423,0.14335312871975925,0.7037322077518814,2.903152061874582,1.1293745651774254,0.07777387223218042,0.02277607836395447,0.08473281838728423,0.14335312871975925,0.7037322077518814,2.903152061874582,1.1293745651774254
0.08180132997965782,0.03491161490746679,0.1659593027509544,0.20703469335728797,0.707227699625532,2.9607483559981027,0.6432065181632076,0.08180132997965782,0.03491161490746679,0.1659593027509544,0.20703469335728797,0.707227699625532,2.9607483559981027,0.6432065181632076
0.1198342454935522,0.03389345314955249,0.18802164728985843,0.3001922607967862,0.6264216919386009,3.007133364787734,1.1360948132571178,0.1198342454935522,0.03389345314955249,0.18802164728985843,0.3001922607967862,0.6264216919386009,3.007133364787734,1.1360948132571178
0.0493665062513576,0.02057289433976572,0.13691491497231462,0.22398991998317536,0.6086128998459798,2.633976646162899,1.6459798639162144,0.0493665062513576,0.02057289433976572,0.13691491497231462,0.22398991998317536,0.6086128998459798,2.633976646162899,1.6459798639162144
0.1520507548092679,0.0389788006437427,0.19253007478555656,0.16643735965545522,0.661325099739462,2.837509354494622,1.1224966266753507,0.1520507548092679,0.0389788006437427,0.19253007478555656,0.16643735965545522,0.661325099739462,2.837509354494622,1.1224966266753507
0.07697212676336095,0.05261445983253919,0.19589504212526263,0.2649102159533921,0.6635888316628927,2.8824711380093864,0.8570824529863252,0.07697212676336095,0.05261445983253919,0.19589504212526263,0.2649102159533921,0.6635888316628927,2.8824711380093864,0.8570824529863252
0.07052045391242419,0.03014377167403108,0.17680997018723354,0.33657522862635236,0.6541841948741797,2.947545234380065,0.6405125656098438,0.07052045391242419,0.03014377167403108,0.17680997018723354,0.33657522862635236,0.6541841948741797,2.947545234380065,0.6405125656098438
0.07002956064008001,0.024900890964599135,0.169167294782495,0.32894729056170807,0.615140452599135,2.727001357395564,1.122563052054545,0.07002956064008001,0.024900890964599135,0.169167294782495,0.32894729056170807,0.615140452599135,2.727001357395564,1.122563052054545
0.13371351052328062,0.03775906493008878,0.1700949824199401,0.28894350129860386,0.6696444677833077,3.037533908508573,0.6421908039072267,0.13371351052328062,0.03775906493008878,0.1700949824199401,0.28894350129860386,0.6696444677833077,3.037533908508573,0.6421908039072267
0.07964073636383633,0.035372200105414905,0.18557777300954018,0.255986863648118,0.6330354910972247,2.849969170150912,1.279031014388302,0.07964073636383633,0.035372200105414905,0.18557777300954018,0.255986863648118,0.6330354910972247,2.849969170150912,1.279031014388302
0.09150526390176945,0.07042908153565344,0.23531925646142013,0.19543295466040483,0.6739666152344835,2.945146691589218,0.8420467949475994,0.09150526390176945,0.07042908153565344,0.23531925646142013,0.19543295466040483,0.6739666152344835,2.945146691589218,0.8420467949475994
0.08598592306774651,0.04486430654122496,0.20694348197791418,0.16809980868689853,0.7170566903919587,3.074554720701052,0.40844212333462815,0.08598592306774651,0.04486430654122496,0.20694348197791418,0.16809980868689853,0.7170566903919587,3.074554720701052,0.40844212333462815
0.06025507018968055,0.03362154851893705,0.20442613012269972,0.1613966376003087,0.6706358902221645,2.761153964464369,1.125255183086462,0.06025507018968055,0.03362154851893705,0.20442613012269972,0.1613966376003087,0.6706358902221645,2.761153964464369,1.125255183086462
0.042985958735700665,0.03137642861695028,0.09784793208950233,0.15857855819133956,0.7479278520499133,3.080080889405127,0.35807912553163773,0.042985958735700665,0.03137642861695028,0.09784793208950233,0.15857855819133956,0.7479278520499133,3.080080889405127,0.35807912553163773
0.08446593898965321,0.0640746647264087,0.18973277786873008,0.2763179569129405,0.5826186901655398,2.48015226604,1.4102804385483823,0.08446593898965321,0.0640746647264087,0.18973277786873008,0.2763179569129405,0.5826186901655398,2.48015226604,1.4102804385483823
0.10763021588500005,0.030326333810735823,0.16269017000872157,0.24200436339188452,0.6935309422970849,3.0845097558817702,0.6786983096286856,0.10763021588500005,0.030326333810735823,0.16269017000872157,0.24200436339188452,0.6935309422970849,3.0845097558817702,0.6786983096286856
0.07912766558399101,0.044480016189954695,0.10567244071752442,0.24751385617528113,0.7094431467759472,2.8868228457255563,0.5472253717509635,0.07912766558399101,0.044480016189954695,0.10567244071752442,0.24751385617528113,0.7094431467759472,2.8868228457255563,0.5472253717509635
0.10428889651168764,0.02848996061881186,0.19438673103338605,0.18104110204231874,0.6980322460270058,2.9337881482448047,0.7464779002559078,0.10428889651168764,0.02848996061881186,0.19438673103338605,0.18104110204231874,0.6980322460270058,2.9337881482448047,0.7464779002559078
0.1399386185386113,0.0354144482396674,0.1772278955052862,0.27681345371545124,0.6345595451088705,2.880843472697116,1.0997207066716206,0.1399386185386113,0.0354144482396674,0.1772278955052862,0.27681345371545124,0.6345595451088705,2.880843472697116,1.0997207066716206
0.10091422617311506,0.025964815750360012,0.31225695283544824,0.27853375100846706,0.6276187700845385,3.1023523276300455,0.6676787424999281,0.10091422617311506,0.025964815750360012,0.31225695283544824,0.27853375100846706,0.6276187700845385,3.1023523276300455,0.6676787424999281
0.03703799696416252,0.028168439471410053,0.15087724833965313,0.17369884140681818,0.7145374915343901,3.1448202064666404,0.8591866348493646,0.03703799696416252,0.028168439471410053,0.15087724833965313,0.17369884140681818,0.7145374915343901,3.1448202064666404,0.8591866348493646
0.11766256976760261,0.04010973822222203,0.23330581729864808,0.272238810247263,0.6229576923152362,2.5840979990276813,0.9695045530090384,0.11766256976760261,0.04010973822222203,0.23330581729864808,0.272238810247263,0.6229576923152362,2.5840979990276813,0.9695045530090384
0.04547812207769553,0.0383843867744437,0.1256829955535802,0.2647025590731751,0.6878462848035085,2.7638642532084843,0.7637463399922556,0.04547812207769553,0.0383843867744437,0.1256829955535802,0.2647025590731751,0.6878462848035085,2.7638642532084843,0.7637463399922556
0.06086117840747354,0.036583690646496664,0.2171778761341766,0.24511107448446404,0.6816462060375897,2.895061129660108,0.649503223857701,0.06086117840747354,0.036583690646496664,0.2171778761341766,0.24511107448446404,0.6816462060375897,2.895061129660108,0.649503223857701
0.08782700570476473,0.029917573698676758,0.22918964335733202,0.23261837922106066,0.6375378666560586,2.943356338331567,1.211324746030438,0.08782700570476473,0.029917573698676758,0.22918964335733202,0.23261837922106066,0.6375378666560586,2.943356338331567,1.211324746030438
0.08293159828065419,0.022780566912180944,0.25487287788723656,0.19069792535869465,0.6172316060598807,2.7286732308694615,1.36114954952521,0.08293159828065419,0.022780566912180944,0.25487287788723656,0.19069792535869465,0.6172316060598807,2.7286732308694615,1.36114954952521
0.10323449470199865,0.04375946286961923,0.19586452362514076,0.231819566935539,0.6558273228228276,2.9435566139333096,1.0971525285126111,0.10323449470199865,0.04375946286961923,0.19586452362514076,0.231819566935539,0.6558273228228276,2.9435566139333096,1.0971525285126111
0.07177792387435697,0.0537785924715054,0.16317423207701426,0.2456543225160377,0.6324336166989982,2.697400139874187,1.305691287187221,0.07177792387435697,0.0537785924715054,0.16317423207701426,0.2456543225160377,0.6324336166989982,2.697400139874187,1.305691287187221
0.10105768831440187,0.02812037659891102,0.13858788674053146,0.1902006047707347,0.7140402820984488,2.918614572078839,0.673634217733727,0.10105768831440187,0.02812037659891102,0.13858788674053146,0.1902006047707347,0.7140402820984488,2.918614572078839,0.673634217733727
0.0676753041669245,0.050225693743487405,0.1523577738063179,0.19244841399427845,0.7097969839982903,2.719859878834142,0.6550386319665532,0.0676753041669245,0.050225693743487405,0.1523577738063179,0.19244841399427845,0.7097969839982903,2.719859878834142,0.6550386319665532
0.11263509280766616,0.057817959092277875,0.2646456150511401,0.21654465912835447,0.664015832566761,2.9767980204453552,0.7102102846586956,0.11263509280766616,0.057817959092277875,0.2646456150511401,0.21654465912835447,0.664015832566761,2.9767980204453552,0.7102102846586956
0.09318289372648114,0.025103622105877327,0.21106512443080516,0.22390363274051492,0.6619007177896161,2.8725337281408905,1.0031657769942768,0.09318289372648114,0.025103622105877327,0.21106512443080516,0.22390363274051492,0.6619007177896161,2.8725337281408905,1.0031657769942768
0.0952696450243515,0.025076377635124422,0.18139299879735352,0.26368255436127136,0.6148009474980687,2.8264535070444365,1.4097020835918064,0.0952696450243515,0.025076377635124422,0.18139299879735352,0.26368255436127136,0.6148009474980687,2.8264535070444365,1.4097020835918064
0.11458870452893072,0.04378423749460539,0.1797132099403363,0.2837877549248617,0.649735124276467,2.7923079548081158,0.8975088244034063,0.11458870452893072,0.04378423749460539,0.1797132099403363,0.2837877549248617,0.649735124276467,2.7923079548081158,0.8975088244034063
0.09936332678651869,0.02752544912454836,0.22463935490929843,0.20439835398065898,0.6861314287639166,3.2607864499402233,0.7982352048142226,0.09936332678651869,0.02752544912454836,0.22463935490929843,0.20439835398065898,0.6861314287639166,3.2607864499402233,0.7982352048142226
0.11879566842285921,0.06606076069179356,0.17717658663966557,0.2231177897679193,0.68842395734997,2.963179823532641,0.706992488447255,0.11879566842285921,0.06606076069179356,0.17717658663966557,0.2231177897679193,0.68842395734997,2.963179823532641,0.706992488447255
0.03993376419425904,0.025124594856184075,0.10718027399568704,0.15096173344633954,0.720032078282503,3.1288292262561925,0.9726755282626945,0.03993376419425904,0.025124594856184075,0.10718027399568704,0.15096173344633954,0.720032078282503,3.1288292262561925,0.9726755282626945
0.11462718713764361,0.029826320622436335,0.19057126820709708,0.26986222536163207,0.6184827947410261,2.732919331048703,1.2428927144310342,0.11462718713764361,0.029826320622436335,0.19057126820709708,0.26986222536163207,0.6184827947410261,2.732919331048703,1.2428927144310342
0.0620313176338026,0.04906663591246948,0.10943713175446841,0.14534581501496285,0.7043660265171776,2.886519468166863,1.0673035961474446,0.0620313176338026,0.04906663591246948,0.10943713175446841,0.14534581501496285,0.7043660265171776,2.886519468166863,1.0673035961474446
0.12866718685488826,0.06833068605995922,0.27464256603429427,0.21695538971881506,0.6012860549205962,2.9200894009773943,1.3492867974919298,0.12866718685488826,0.06833068605995922,0.27464256603429427,0.21695538971881506,0.6012860549205962,2.9200894009773943,1.3492867974919298
0.05643223972916916,0.03085152997172539,0.19992626469218913,0.1556505548688447,0.674964220191352,2.9633944304551005,1.2015782927555934,0.05643223972916916,0.03085152997172539,0.19992626469218913,0.1556505548688447,0.674964220191352,2.9633944304551005,1.2015782927555934
4.178623927781346e-18,1.3358940818697774e-18,6.300767530529597e-18,9.63644723762095e-18,4.597167395639314e-17,1.785858260064029e-16,3.018324898599858,4.178623927781346e-18,1.3358940818697774e-18,6.300767530529597e-18,9.63644723762095e-18,4.597167395639314e-17,1.785858260064029e-16,3.018324898599858
0.093779410898158,0.03930355370849509,0.17831181905777252,0.24629339969706332,0.6357048008816306,2.6611658520406123,1.1988778101100899,0.093779410898158,0.03930355370849509,0.17831181905777252,0.24629339969706332,0.6357048008816306,2.6611658520406123,1.1988778101100899
0.15707903339468282,0.05520319438431517,0.21460925460005334,0.2047290938418724,0.6229074614182704,2.539372109682824,1.173338567422142,0.15707903339468282,0.05520319438431517,0.21460925460005334,0.2047290938418724,0.6229074614182704,2.539372109682824,1.173338567422142
0.215915898179304,0.1260119301092303,0.3485388418924403,0.4760611758766156,0.22153615245796815,2.6322991493993855,1.5224788492076955,0.215915898179304,0.1260119301092303,0.3485388418924403,0.4760611758766156,0.22153615245796815,2.6322991493993855,1.5224788492076955
0.07198308307603031,0.018681482177409357,0.25367575201513914,0.3031430925330904,0.6345635949014642,2.969495202969137,0.815573369237952,0.07198308307603031,0.018681482177409357,0.25367575201513914,0.3031430925330904,0.6345635949014642,2.969495202969137,0.815573369237952
0.08099211796871816,0.019889447252413702,0.2740709579144233,0.2010972310552816,0.665350242102305,3.077913120201675,0.8422401587550956,0.08099211796871816,0.019889447252413702,0.2740709579144233,0.2010972310552816,0.665350242102305,3.077913120201675,0.8422401587550956
0.11860799585721545,0.04830270032002187,0.14886212318672143,0.34670770739214596,0.651570102794454,2.8255646423503773,0.5381131402411735,0.11860799585721545,0.04830270032002187,0.14886212318672143,0.34670770739214596,0.651570102794454,2.8255646423503773,0.5381131402411735
0.05513432808755007,0.015320498690676986,0.19052396170395317,0.24219941470853362,0.6697339400398034,2.9666213257817278,0.9950680167331806,0.05513432808755007,0.015320498690676986,0.19052396170395317,0.24219941470853362,0.6697339400398034,2.9666213257817278,0.9950680167331806
0.0979286611983422,0.024663348126396565,0.1669799720436583,0.23222620108737582,0.6619280822294171,2.8912244252341717,1.1160143779378735,0.0979286611983422,0.024663348126396565,0.1669799720436583,0.23222620108737582,0.6619280822294171,2.8912244252341717,1.1160143779378735
0.09875713813619287,0.026429087439500752,0.14123682952978758,0.30256730908433005,0.6571273459096642,2.8408320307735306,0.879969688955849,0.09875713813619287,0.026429087439500752,0.14123682952978758,0.30256730908433005,0.6571273459096642,2.8408320307735306,0.879969688955849
0.10763971562799175,0.03433726759065552,0.19553343056212621,0.18759929564893046,0.6592098592181158,2.3814642346955286,0.9665281137926374,0.10763971562799175,0.03433726759065552,0.19553343056212621,0.18759929564893046,0.6592098592181158,2.3814642346955286,0.9665281137926374
0.08944637479376424,0.023566033909478257,0.19531415666145924,0.2648394446443312,0.6410624796506736,2.8472851444055225,1.1198598611836723,0.08944637479376424,0.023566033909478257,0.19531415666145924,0.2648394446443312,0.6410624796506736,2.8472851444055225,1.1198598611836723
0.12459993361506397,0.05418061503411675,0.24353637049918547,0.36554444177751233,0.5444785383747343,2.886941358114905,1.3072152387847202,0.12459993361506397,0.05418061503411675,0.24353637049918547,0.36554444177751233,0.5444785383747343,2.886941358114905,1.3072152387847202
0.10758817898122129,0.029266029495090176,0.2302049157788804,0.15343451809499337,0.658846498384619,2.880718769070413,1.172157905900011,0.10758817898122129,0.029266029495090176,0.2302049157788804,0.15343451809499337,0.658846498384619,2.880718769070413,1.172157905900011
0.25079023412135304,0.06588881326388246,0.23824777155484766,0.23544485668264173,0.6409712025652655,2.9298953416675,0.45271690930963315,0.25079023412135304,0.06588881326388246,0.23824777155484766,0.23544485668264173,0.6409712025652655,2.9298953416675,0.45271690930963315
0.09469565605971268,0.04240731665636979,0.22513811028377362,0.26879036763023795,0.6248096532273849,2.9912764167319486,1.2119702668947732,0.09469565605971268,0.04240731665636979,0.22513811028377362,0.26879036763023795,0.6248096532273849,2.9912764167319486,1.2119702668947732
0.03752405859270893,0.016134513625245296,0.12316952310908588,0.1469771604193929,0.7085756178069704,2.6928118121154254,0.9452025572431872,0.03752405859270893,0.016134513625245296,0.12316952310908588,0.1469771604193929,0.7085756178069704,2.6928118121154254,0.9452025572431872
0.09697013473855934,0.04242056221378178,0.22802482871541443,0.20586980595704446,0.6808479924399625,3.1845544993939554,0.8314149467818983,0.09697013473855934,0.04242056221378178,0.22802482871541443,0.20586980595704446,0.6808479924399625,3.1845544993939554,0.8314149467818983
0.13661142865868486,0.041961055814360076,0.24712994286859108,0.2063648591983494,0.6629587340306938,2.793483710042856,0.7629603523935541,0.13661142865868486,0.041961055814360076,0.24712994286859108,0.2063648591983494,0.6629587340306938,2.793483710042856,0.7629603523935541
0.054035796396488985,0.021660563407569184,0.1749389631076295,0.1369141154842617,0.6657720551169274,2.7638029612174915,1.33274646578544,0.054035796396488985,0.021660563407569184,0.1749389631076295,0.1369141154842617,0.6657720551169274,2.7638029612174915,1.33274646578544
0.10332949267186513,0.04396982112179089,0.10868059492789023,0.2331765342667023,0.7099194576217853,3.014370701413175,0.5976021947014578,0.10332949267186513,0.04396982112179089,0.10868059492789023,0.2331765342667023,0.7099194576217853,3.014370701413175,0.5976021947014578
0.10747263094397785,0.04151019374247301,0.2173343359590056,0.16137329679787107,0.7001698744039058,3.1242556912702737,0.721746390002987,0.10747263094397785,0.04151019374247301,0.2173343359590056,0.16137329679787107,0.7001698744039058,3.1242556912702737,0.721746390002987
0.18743623204216314,0.05412588332112998,0.29053482869714,0.2331612592810605,0.5967973024268131,2.9268455727042486,1.1203723256449125,0.18743623204216314,0.05412588332112998,0.29053482869714,0.2331612592810605,0.5967973024268131,2.9268455727042486,1.1203723256449125
0.07651031194241817,0.040913372742823265,0.27431228095744975,0.2120943078264128,0.6570389393763487,2.9069509882235214,0.849489017580608,0.07651031194241817,0.040913372742823265,0.27431228095744975,0.2120943078264128,0.6570389393763487,2.9069509882235214,0.849489017580608
0.10900303541285161,0.028321679316801386,0.1312999493958128,0.11620982541856546,0.7077339291609314,2.9760851304249285,1.022139840844772,0.10900303541285161,0.028321679316801386,0.1312999493958128,0.11620982541856546,0.7077339291609314,2.9760851304249285,1.022139840844772
0.03382084215145459,0.00784122639749761,0.10263738217693669,0.13227631986495378,0.7375055236350796,3.265365262703942,0.8056410899082728,0.03382084215145459,0.00784122639749761,0.10263738217693669,0.13227631986495378,0.7375055236350796,3.265365262703942,0.8056410899082728
0.10182466596845746,0.027764524875315895,0.1945162728294766,0.20965034889089815,0.6390651427657381,2.7031942301236263,1.2624209929615091,0.10182466596845746,0.027764524875315895,0.1945162728294766,0.20965034889089815,0.6390651427657381,2.7031942301236263,1.2624209929615091
0.06088173035431959,0.015827250928148972,0.23378856785535804,0.2211287323921523,0.6806841715026781,3.0496673954691964,0.7664958923191982,0.06088173035431959,0.015827250928148972,0.23378856785535804,0.2211287323921523,0.6806841715026781,3.0496673954691964,0.7664958923191982
0.08450919957552722,0.06526901709321586,0.1740898336669972,0.2906115002697927,0.6608659625175884,2.8476801739187945,0.7890899118249918,0.08450919957552722,0.06526901709321586,0.1740898336669972,0.2906115002697927,0.6608659625175884,2.8476801739187945,0.7890899118249918
0.1783285782518485,0.04373974368509014,0.2510699265712126,0.22259625271377292,0.6577102768390309,3.191297819825355,0.7065189374365414,0.1783285782518485,0.04373974368509014,0.2510699265712126,0.22259625271377292,0.6577102768390309,3.191297819825355,0.7065189374365414
0.12254978948883026,0.051895418053043124,0.15498102585183374,0.12884384646635572,0.7188606199022962,3.0692165557529916,0.721325462631278,0.12254978948883026,0.051895418053043124,0.15498102585183374,0.12884384646635572,0.7188606199022962,3.0692165557529916,0.721325462631278
0.13799691125539867,0.07075032973254836,0.16484168015127895,0.2725539814514117,0.6622998284230147,3.0039029487016986,0.8331442803911755,0.13799691125539867,0.07075032973254836,0.16484168015127895,0.2725539814514117,0.6622998284230147,3.0039029487016986,0.8331442803911755
0.05714771026178548,0.03788618444983064,0.1486051994001032,0.3235037709485301,0.6591061296458967,3.1075457673889586,0.8451550860625816,0.05714771026178548,0.03788618444983064,0.1486051994001032,0.3235037709485301,0.6591061296458967,3.1075457673889586,0.8451550860625816
0.1433216033873748,0.04071692758919702,0.22288824027473733,0.19341588183420372,0.6508670391934037,2.9900073754651,1.1342886388749358,0.1433216033873748,0.04071692758919702,0.22288824027473733,0.19341588183420372,0.6508670391934037,2.9900073754651,1.1342886388749358
0.08994591372821427,0.04142779164645047,0.22952536475321578,0.24246591097656572,0.6491734982781652,2.983869557175496,1.0408849948922152,0.08994591372821427,0.04142779164645047,0.22952536475321578,0.24246591097656572,0.6491734982781652,2.983869557175496,1.0408849948922152
0.08602387279585562,0.03854892841356114,0.298334377148479,0.23141683124522297,0.6577882463939813,3.06690616435043,0.5935071387125632,0.08602387279585562,0.03854892841356114,0.298334377148479,0.23141683124522297,0.6577882463939813,3.06690616435043,0.5935071387125632
0.07776455884451347,0.040464613223719186,0.16023818233884393,0.27270523463474894,0.6747637026106668,2.86697683186671,0.7954429947004474,0.07776455884451347,0.040464613223719186,0.16023818233884393,0.27270523463474894,0.6747637026106668,2.86697683186671,0.7954429947004474
0.07843513804868836,0.03855341495618482,0.2075067839245801,0.2411704904079784,0.634207879416088,2.9798679622627136,1.329022118318736,0.07843513804868836,0.03855341495618482,0.2075067839245801,0.2411704904079784,0.634207879416088,2.9798679622627136,1.329022118318736
0.142061000567603,0.036509020165402736,0.1677104675059808,0.15775692204561867,0.7059612588079239,3.118256726663959,0.7699250578247685,0.142061000567603,0.036509020165402736,0.1677104675059808,0.15775692204561867,0.7059612588079239,3.118256726663959,0.7699250578247685
0.05227647303050005,0.020182821741711664,0.17511996385078882,0.26721761274379324,0.6865524760656464,3.09268704747501,0.714854692049912,0.05227647303050005,0.020182821741711664,0.17511996385078882,0.26721761274379324,0.6865524760656464,3.09268704747501,0.714854692049912
0.07726286287570953,0.042356739561311946,0.2754455407012782,0.2143534224005582,0.6267559236335734,2.9303786173375457,1.2009490461367451,0.07726286287570953,0.042356739561311946,0.2754455407012782,0.2143534224005582,0.6267559236335734,2.9303786173375457,1.2009490461367451
0.07142964096274478,0.048989443330391194,0.1821781263584617,0.13565520015167967,0.6979292391045532,2.859907807164082,0.9712336464604472,0.07142964096274478,0.048989443330391194,0.1821781263584617,0.13565520015167967,0.6979292391045532,2.859907807164082,0.9712336464604472
0.08504160855226457,0.06445716734712699,0.20363935795251328,0.32798142169758476,0.6477464544562486,3.0017249731287166,0.6333151699089005,0.08504160855226457,0.06445716734712699,0.20363935795251328,0.32798142169758476,0.6477464544562486,3.0017249731287166,0.6333151699089005
0.09038166339974597,0.034960157584998576,0.15765790894375242,0.26162504850512175,0.651905206446882,2.68563262153293,1.0487172832992124,0.09038166339974597,0.034960157584998576,0.15765790894375242,0.26162504850512175,0.651905206446882,2.68563262153293,1.0487172832992124
0.11777067152838563,0.05046337463582207,0.23315587763020043,0.32811147045291117,0.5725913824854041,2.758686231012626,1.2547543716625462,0.11777067152838563,0.05046337463582207,0.23315587763020043,0.32811147045291117,0.5725913824854041,2.758686231012626,1.2547543716625462
0.10876227415337131,0.04461116202203307,0.26436976120310207,0.20879985795445732,0.6701282251627524,2.824968867427626,0.6269620596813129,0.10876227415337131,0.04461116202203307,0.26436976120310207,0.20879985795445732,0.6701282251627524,2.824968867427626,0.6269620596813129
0.10729832336654274,0.042613661675413896,0.11074753523156391,0.2666510655785708,0.7042600763431892,3.053115122372325,0.44327380194227406,0.10729832336654274,0.042613661675413896,0.11074753523156391,0.2666510655785708,0.7042600763431892,3.053115122372325,0.44327380194227406
0.10414246124906515,0.04074007067079644,0.20945107051568002,0.1538569568049008,0.6661567321461259,2.908336370472532,1.1820940375375488,0.10414246124906515,0.04074007067079644,0.20945107051568002,0.1538569568049008,0.6661567321461259,2.908336370472532,1.1820940375375488
0.060649580285033415,0.03525071374905371,0.21879503379046875,0.17607474437415988,0.7033670489519183,2.766043066202594,0.5844121020612674,0.060649580285033415,0.03525071374905371,0.21879503379046875,0.17607474437415988,0.7033670489519183,2.766043066202594,0.5844121020612674
0.1704205851242398,0.047024609387543506,0.24497369206923755,0.19128975036084395,0.6413666986750892,2.8735724309370654,1.030073977358919,0.1704205851242398,0.047024609387543506,0.24497369206923755,0.19128975036084395,0.6413666986750892,2.8735724309370654,1.030073977358919
0.12022438574314571,0.03416126787068325,0.152748241213951,0.2894673814167815,0.6427619347808573,2.8653754579199293,1.0550784353620817,0.12022438574314571,0.03416126787068325,0.152748241213951,0.2894673814167815,0.6427619347808573,2.8653754579199293,1.0550784353620817
0.11612491000628927,0.048269760049671546,0.1587162139450743,0.2509159869094282,0.6402419510925906,2.664639316752457,1.148550496987031,0.11612491000628927,0.048269760049671546,0.1587162139450743,0.2509159869094282,0.6402419510925906,2.664639316752457,1.148550496987031
0.10098789481626844,0.02699897492326954,0.19332624765661754,0.20832535332809865,0.6401794228787293,2.760904983480357,1.288656744813785,0.10098789481626844,0.02699897492326954,0.19332624765661754,0.20832535332809865,0.6401794228787293,2.760904983480357,1.288656744813785
0.10701626153248435,0.055048559758821954,0.26343185588338364,0.21341650603445858,0.6553486426782588,2.6882278780072926,0.773842825115091,0.10701626153248435,0.055048559758821954,0.26343185588338364,0.21341650603445858,0.6553486426782588,2.6882278780072926,0.773842825115091
0.3275140739576971,0.09372470553742746,0.4867147950460017,0.3758541463216304,0.24330359747863617,2.968997099581773,0.9993898762175771,0.3275140739576971,0.09372470553742746,0.4867147950460017,0.3758541463216304,0.24330359747863617,2.968997099581773,0.9993898762175771
0.17200218415079774,0.06725579977406346,0.17071672798450144,0.2267888885583633,0.6634399915858764,3.1446934984652706,0.9795550158208478,0.17200218415079774,0.06725579977406346,0.17071672798450144,0.2267888885583633,0.6634399915858764,3.1446934984652706,0.9795550158208478
0.12446920634684847,0.05854256625573454,0.1724694003547675,0.27171474189321354,0.6800204835197418,2.687980437056441,0.4680212388063233,0.12446920634684847,0.05854256625573454,0.1724694003547675,0.27171474189321354,0.6800204835197418,2.687980437056441,0.4680212388063233
0.08308637666626455,0.061088085573716235,0.14022689906013328,0.11688421378071717,0.7078516775153751,2.985024381416009,1.0195468973945898,0.08308637666626455,0.061088085573716235,0.14022689906013328,0.11688421378071717,0.7078516775153751,2.985024381416009,1.0195468973945898
0.10478443115277342,0.03426330338556238,0.16470523707094517,0.30657981526956163,0.6571578317981408,2.9827402983985367,0.8124923842130866,0.10478443115277342,0.03426330338556238,0.16470523707094517,0.30657981526956163,0.6571578317981408,2.9827402983985367,0.8124923842130866
0.09059370134861769,0.026209657861407207,0.09941674465533262,0.16729287168465404,0.6599670832225819,2.811255841418166,1.4619359322849388,0.09059370134861769,0.026209657861407207,0.09941674465533262,0.16729287168465404,0.6599670832225819,2.811255841418166,1.4619359322849388
0.0651700081112615,0.046200484902378165,0.11589610536401788,0.20081533050443567,0.7033503788888835,2.7526116018013593,0.8397751310335504,0.0651700081112615,0.046200484902378165,0.11589610536401788,0.20081533050443567,0.7033503788888835,2.7526116018013593,0.8397751310335504
0.10165879932601579,0.050585309354182255,0.24242717716960255,0.19516593063790488,0.6166469233030212,2.751869671184649,1.3709284407342008,0.10165879932601579,0.050585309354182255,0.24242717716960255,0.19516593063790488,0.6166469233030212,2.751869671184649,1.3709284407342008
0.07401290277478272,0.05617327142325377,0.16607151074518248,0.24929700437444813,0.6288404335821259,2.5508438923932495,1.2392848248362038,0.07401290277478272,0.05617327142325377,0.16607151074518248,0.24929700437444813,0.6288404335821259,2.5508438923932495,1.2392848248362038
0.12256013303585565,0.04259393878976446,0.21777282247087015,0.3104547400833194,0.643921061966696,3.1540940347742863,0.7433607494338345,0.12256013303585565,0.04259393878976446,0.21777282247087015,0.3104547400833194,0.643921061966696,3.1540940347742863,0.7433607494338345
0.08926841845684627,0.024786305817832154,0.19696809908802654,0.18146501604177787,0.7055807233648781,2.956746008469093,0.6450505358263089,0.08926841845684627,0.024786305817832154,0.19696809908802654,0.18146501604177787,0.7055807233648781,2.956746008469093,0.6450505358263089
0.056447873628657004,0.02896364643642134,0.21251027480277612,0.163574954302611,0.6765327439876049,2.891922458390851,1.0869389753187728,0.056447873628657004,0.02896364643642134,0.21251027480277612,0.163574954302611,0.6765327439876049,2.891922458390851,1.0869389753187728
0.14025265313075236,0.03668918018763328,0.5156737337426035,0.34602983698101203,0.2260885871187718,2.595586438377043,1.5140286052412701,0.14025265313075236,0.03668918018763328,0.5156737337426035,0.34602983698101203,0.2260885871187718,2.595586438377043,1.5140286052412701
0.0672073125866207,0.024751424116188542,0.12817606158655653,0.10637109001185525,0.6361757484481521,2.3636559567780955,1.5030533023439565,0.0672073125866207,0.024751424116188542,0.12817606158655653,0.10637109001185525,0.6361757484481521,2.3636559567780955,1.5030533023439565
0.0989928630309603,0.02809573027016252,0.19100231320875194,0.2441259899395543,0.6474465972144775,2.66357484649722,1.0540294011025557,0.0989928630309603,0.02809573027016252,0.19100231320875194,0.2441259899395543,0.6474465972144775,2.66357484649722,1.0540294011025557
0.09537576525865567,0.027111624220755727,0.13246622981825665,0.2721021830981031,0.685959941490977,2.767271448215803,0.6625198440315606,0.09537576525865567,0.027111624220755727,0.13246622981825665,0.2721021830981031,0.685959941490977,2.767271448215803,0.6625198440315606
0.10654623817422486,0.06497402732103894,0.15665369346706043,0.20754560281934847,0.6320290709005569,2.6520568720869817,1.373594184931439,0.10654623817422486,0.06497402732103894,0.15665369346706043,0.20754560281934847,0.6320290709005569,2.6520568720869817,1.373594184931439
0.1305032847151484,0.035530080345468194,0.16425131795895567,0.24592730620303013,0.6650834526331278,2.7192533427334835,0.8876469114974321,0.1305032847151484,0.035530080345468194,0.16425131795895567,0.24592730620303013,0.6650834526331278,2.7192533427334835,0.8876469114974321
0.0802336122217498,0.034793917540939204,0.26233080129758024,0.28810973845699756,0.6357004508333508,2.8796006721376726,0.7928413453840384,0.0802336122217498,0.034793917540939204,0.26233080129758024,0.28810973845699756,0.6357004508333508,2.8796006721376726,0.7928413453840384
0.10384655691352486,0.028591753276285523,0.17624553083571537,0.2299351969062949,0.6769633029639563,2.9866349698897365,0.9341098934963202,0.10384655691352486,0.028591753276285523,0.17624553083571537,0.2299351969062949,0.6769633029639563,2.9866349698897365,0.9341098934963202
0.13714404050623408,0.033208038968742845,0.19328580995097885,0.27687548424590613,0.6313336252904566,3.101789406440481,1.1843927347590602,0.13714404050623408,0.033208038968742845,0.19328580995097885,0.27687548424590613,0.6313336252904566,3.101789406440481,1.1843927347590602
0.14507903712307105,0.07890030349615071,0.2748726190718848,0.21977701123267207,0.6211071857574064,3.1244463091787975,1.152419470544665,0.14507903712307105,0.07890030349615071,0.2748726190718848,0.21977701123267207,0.6211071857574064,3.1244463091787975,1.152419470544665
0.16691917245331206,0.08899474570334899,0.4410109857957601,0.4797036123157277,0.2674859841078858,2.523066596611689,0.9445542860398461,0.16691917245331206,0.08899474570334899,0.4410109857957601,0.4797036123157277,0.2674859841078858,2.523066596611689,0.9445542860398461
0.047294102851840096,0.04049740837733898,0.11445151925360246,0.12347456887832024,0.6849067920129394,2.701125525829415,1.26151579954475,0.047294102851840096,0.04049740837733898,0.11445151925360246,0.12347456887832024,0.6849067920129394,2.701125525829415,1.26151579954475
0.05342612819432882,0.0282928883462394,0.15104781379206614,0.33178145892593386,0.6202666891424675,2.8019230235230905,1.151804848452191,0.05342612819432882,0.0282928883462394,0.15104781379206614,0.33178145892593386,0.6202666891424675,2.8019230235230905,1.151804848452191
0.1464325591466948,0.0375447416860589,0.3031579316294405,0.19396823691103904,0.6150766714193611,2.9056282012734287,1.1177547405911454,0.1464325591466948,0.0375447416860589,0.3031579316294405,0.19396823691103904,0.6150766714193611,2.9056282012734287,1.1177547405911454
0.13113584072067333,0.03342152530189642,0.1556888023414993,0.2456703236152163,0.617928052232213,2.788622009364131,1.4295264566308714,0.13113584072067333,0.03342152530189642,0.1556888023414993,0.2456703236152163,0.617928052232213,2.788622009364131,1.4295264566308714
0.1542611774143503,0.040211814754313346,0.22269792596777413,0.27364021997256965,0.6120686930562822,2.8439030500004994,1.1549539090966192,0.1542611774143503,0.040211814754313346,0.22269792596777413,0.27364021997256965,0.6120686930562822,2.8439030500004994,1.1549539090966192
0.08723865044099195,0.045353960816820575,0.17804310727240785,0.42095564952306525,0.5508996837341538,2.9955858161842284,1.2435956095528768,0.08723865044099195,0.045353960816820575,0.17804310727240785,0.42095564952306525,0.5508996837341538,2.9955858161842284,1.2435956095528768
0.1902179906478955,0.0472892204263693,0.2651194531669418,0.3662943007466319,0.5827063579086973,3.105604920959334,0.6316440549583869,0.1902179906478955,0.0472892204263693,0.2651194531669418,0.3662943007466319,0.5827063579086973,3.105604920959334,0.6316440549583869
0.051282792012151905,0.039407876981633796,0.093512237643243,0.22199349760129802,0.7160390317932114,2.999752375591453,0.7000441447470109,0.051282792012151905,0.039407876981633796,0.093512237643243,0.22199349760129802,0.7160390317932114,2.999752375591453,0.7000441447470109
0.09621747563619586,0.03988441558219067,0.18379417497315975,0.17240995188563635,0.701283149848595,2.8819408145324785,0.7757563849997353,0.09621747563619586,0.03988441558219067,0.18379417497315975,0.17240995188563635,0.701283149848595,2.8819408145324785,0.7757563849997353
0.06971893572812309,0.031168946169006242,0.24247017493065912,0.20984227168745626,0.6814901877841546,3.077264422904233,0.7482765395141793,0.06971893572812309,0.031168946169006242,0.24247017493065912,0.20984227168745626,0.6814901877841546,3.077264422904233,0.7482765395141793
0.1036074453869205,0.02627506496451912,0.1424255298744133,0.19531356386359622,0.7125846270196685,3.0930654115821614,0.7114638776779852,0.1036074453869205,0.02627506496451912,0.1424255298744133,0.19531356386359622,0.7125846270196685,3.0930654115821614,0.7114638776779852
0.041206508264319486,0.01842117826892939,0.12943972102014706,0.15293765412330998,0.7047201864820999,2.518445129564007,0.8882698582840199,0.041206508264319486,0.01842117826892939,0.12943972102014706,0.15293765412330998,0.7047201864820999,2.518445129564007,0.8882698582840199
0.1759485930925231,0.0456686674837038,0.20764276360778905,0.26128930250507715,0.5981883214003384,2.8276490818915914,1.3155422626838953,0.1759485930925231,0.0456686674837038,0.20764276360778905,0.26128930250507715,0.5981883214003384,2.8276490818915914,1.3155422626838953
0.12837104440884736,0.04372813562624846,0.18957603899249012,0.28320307550241475,0.6542434238574146,2.6816194125781463,0.7344569870506064,0.12837104440884736,0.04372813562624846,0.18957603899249012,0.28320307550241475,0.6542434238574146,2.6816194125781463,0.7344569870506064
0.1394687755403823,0.07080559017704868,0.20743496673409662,0.1007533906184682,0.6379356676784113,2.790846756901967,1.4316464754281064,0.1394687755403823,0.07080559017704868,0.20743496673409662,0.1007533906184682,0.6379356676784113,2.790846756901967,1.4316464754281064
0.10900478584541216,0.02881400489925497,0.1759451733881408,0.13058546519273945,0.6860113895291104,2.9621504885931556,1.1366784595287422,0.10900478584541216,0.02881400489925497,0.1759451733881408,0.13058546519273945,0.6860113895291104,2.9621504885931556,1.1366784595287422
0.07643774604880829,0.023528058530188294,0.1288431564023237,0.3077344538292721,0.6767543276618537,2.951327100143076,0.6878238574429142,0.07643774604880829,0.023528058530188294,0.1288431564023237,0.3077344538292721,0.6767543276618537,2.951327100143076,0.6878238574429142
0.03424845243887906,0.029380677434904152,0.07871910541078188,0.1570599122807212,0.684179764458857,2.6694413529326324,1.2481573397179355,0.03424845243887906,0.029380677434904152,0.07871910541078188,0.1570599122807212,0.684179764458857,2.6694413529326324,1.2481573397179355
0.1565098729704522,0.03787998586965061,0.21970761034758327,0.19455853630207223,0.5775418652696136,2.8389436269933,1.7497884837092887,0.1565098729704522,0.03787998586965061,0.21970761034758327,0.19455853630207223,0.5775418652696136,2.8389436269933,1.7497884837092887
0.03586844411699783,0.008655930518862045,0.10648271798374388,0.1371054894387525,0.7354276516494953,3.134925031423495,0.7751027020952318,0.03586844411699783,0.008655930518862045,0.10648271798374388,0.1371054894387525,0.7354276516494953,3.134925031423495,0.7751027020952318
0.07077799148082965,0.032911853502107534,0.13817330201564385,0.25884945539071375,0.6561250812893706,2.728561943493861,1.1114330634530594,0.07077799148082965,0.032911853502107534,0.13817330201564385,0.25884945539071375,0.6561250812893706,2.728561943493861,1.1114330634530594
0.07709346709367067,0.024368377792566783,0.14246705724001532,0.2698418012225151,0.685381725654081,2.8024761983482405,0.7162630100112335,0.07709346709367067,0.024368377792566783,0.14246705724001532,0.2698418012225151,0.685381725654081,2.8024761983482405,0.7162630100112335
0.10014705395150873,0.039575390240342234,0.19697643406132065,0.2411648287958433,0.6846635618519983,2.938200286494948,0.6507839531619608,0.10014705395150873,0.039575390240342234,0.19697643406132065,0.2411648287958433,0.6846635618519983,2.938200286494948,0.6507839531619608
0.0410848708355679,0.030049876087762797,0.09318718658440167,0.1522406078418522,0.7208855990120954,2.925639715743234,0.9074912929509318,0.0410848708355679,0.030049876087762797,0.09318718658440167,0.1522406078418522,0.7208855990120954,2.925639715743234,0.9074912929509318
0.09284837340783654,0.02315129746079027,0.1817669046829933,0.24409577969931914,0.6190153370406726,2.8526590877472486,1.4619463206137224,0.09284837340783654,0.02315129746079027,0.1817669046829933,0.24409577969931914,0.6190153370406726,2.8526590877472486,1.4619463206137224
0.11128529658725787,0.047850016445906085,0.22753453804762375,0.3223252034197157,0.5409220548049635,2.8204581822552655,1.6096868652371614,0.11128529658725787,0.047850016445906085,0.22753453804762375,0.3223252034197157,0.5409220548049635,2.8204581822552655,1.6096868652371614
0.08440451609611489,0.024534690873193942,0.1424164585174028,0.23996042484590333,0.6471838897182163,2.7851442666461983,1.2778352412928429,0.08440451609611489,0.024534690873193942,0.1424164585174028,0.23996042484590333,0.6471838897182163,2.7851442666461983,1.2778352412928429
0.10033482045680846,0.030730428816730826,0.2355307365554396,0.18786963885156044,0.6662402950614764,2.8083059402644186,0.94538220495533,0.10033482045680846,0.030730428816730826,0.2355307365554396,0.18786963885156044,0.6662402950614764,2.8083059402644186,0.94538220495533
0.15101104470773374,0.059997454114251864,0.19953556118528656,0.17615826912772592,0.5853789641294136,2.562674317538853,1.6161692588155474,0.15101104470773374,0.059997454114251864,0.19953556118528656,0.17615826912772592,0.5853789641294136,2.562674317538853,1.6161692588155474
0.09554605659074966,0.026744407980249484,0.23503632294997398,0.17733755623074046,0.6729617533685992,3.0905759776962927,1.0171055654865833,0.09554605659074966,0.026744407980249484,0.23503632294997398,0.17733755623074046,0.6729617533685992,3.0905759776962927,1.0171055654865833
0.09397344872193182,0.04825644141240516,0.19114625304758395,0.23617451257719374,0.6695194850195613,2.6378514794620345,0.8340639015977956,0.09397344872193182,0.04825644141240516,0.19114625304758395,0.23617451257719374,0.6695194850195613,2.6378514794620345,0.8340639015977956
0.07401781869061716,0.032463973425737876,0.2522202256877981,0.32905733159132616,0.5526695203491834,2.7554825858777816,1.420510258416215,0.07401781869061716,0.032463973425737876,0.2522202256877981,0.32905733159132616,0.5526695203491834,2.7554825858777816,1.420510258416215
0.17481000213413767,0.07740917247603442,0.33251656739657437,0.2549382464841174,0.5451122065319682,2.870095407810568,1.2876040767178183,0.17481000213413767,0.07740917247603442,0.33251656739657437,0.2549382464841174,0.5451122065319682,2.870095407810568,1.2876040767178183
0.11638688025899023,0.03222466938787577,0.11658006624935636,0.19655082443861982,0.6601020294150057,2.7778198401286898,1.2898109169450964,0.11638688025899023,0.03222466938787577,0.11658006624935636,0.19655082443861982,0.6601020294150057,2.7778198401286898,1.2898109169450964
0.09822687451245654,0.027591922325748218,0.3095291996587883,0.2711514069533568,0.6328594502534114,3.1623671264746105,0.6798805494464698,0.09822687451245654,0.027591922325748218,0.3095291996587883,0.2711514069533568,0.6328594502534114,3.1623671264746105,0.6798805494464698
0.11309399724063861,0.08683580125244865,0.17587091132721863,0.26725521463807594,0.6645874149968501,2.9920640976600383,0.8266243075353865,0.11309399724063861,0.08683580125244865,0.17587091132721863,0.26725521463807594,0.6645874149968501,2.9920640976600383,0.8266243075353865
0.1064875523467869,0.0791912179137194,0.23886239116079738,0.3018249749054442,0.6255249102607118,2.6510069338800855,0.7783864261417831,0.1064875523467869,0.0791912179137194,0.23886239116079738,0.3018249749054442,0.6255249102607118,2.6510069338800855,0.7783864261417831
0.12174097555662661,0.06775659754286262,0.1763211788255717,0.16622491577104687,0.6109611626424022,2.5698150582708963,1.541966972608491,0.12174097555662661,0.06775659754286262,0.1763211788255717,0.16622491577104687,0.6109611626424022,2.5698150582708963,1.541966972608491
0.10217824106890888,0.04208994569041421,0.13978848250617443,0.2634305584234012,0.6375646685861317,2.7539374525615496,1.2379795843639942,0.10217824106890888,0.04208994569041421,0.13978848250617443,0.2634305584234012,0.6375646685861317,2.7539374525615496,1.2379795843639942
0.05592065567286952,0.047669568673809844,0.15494414366950263,0.21646824198683365,0.6659078973909063,2.6564078065931493,1.0989731452069507,0.05592065567286952,0.047669568673809844,0.15494414366950263,0.21646824198683365,0.6659078973909063,2.6564078065931493,1.0989731452069507
0.12116804723483701,0.03672755340406254,0.2436098657057953,0.2829825071572278,0.6397174637987726,3.02779294426177,0.8311534068177437,0.12116804723483701,0.03672755340406254,0.2436098657057953,0.2829825071572278,0.6397174637987726,3.02779294426177,0.8311534068177437
0.0995446067483507,0.028200752029736795,0.15489029958688227,0.1343126100155646,0.7100953157625851,3.067285352819271,0.9305902108769735,0.0995446067483507,0.028200752029736795,0.15489029958688227,0.1343126100155646,0.7100953157625851,3.067285352819271,0.9305902108769735
0.08913877881652489,0.022950928408435822,0.18903827059283437,0.20793432401342757,0.6181054958233618,2.699442266183966,1.5008851536605385,0.08913877881652489,0.022950928408435822,0.18903827059283437,0.20793432401342757,0.6181054958233618,2.699442266183966,1.5008851536605385
0.1084583458492573,0.02783673812176065,0.16208286367030916,0.22056971294102315,0.6823885421624646,2.924242077547354,0.9181948446623999,0.1084583458492573,0.02783673812176065,0.16208286367030916,0.22056971294102315,0.6823885421624646,2.924242077547354,0.9181948446623999
0.07880266572262555,0.021862229255522798,0.17371289562691794,0.19186774651843394,0.6928047606940569,3.0457815783286746,0.9560975041328826,0.07880266572262555,0.021862229255522798,0.17371289562691794,0.19186774651843394,0.6928047606940569,3.0457815783286746,0.9560975041328826
0.1302341171318246,0.0359840676752678,0.13270335435160288,0.2410695961112684,0.689363904515975,2.8772866881004044,0.730246236149443,0.1302341171318246,0.0359840676752678,0.13270335435160288,0.2410695961112684,0.689363904515975,2.8772866881004044,0.730246236149443
0.17194419285423299,0.046700783554936905,0.17696220124636133,0.17203806639502914,0.6902707839699371,2.93058111823623,0.7487025469806097,0.17194419285423299,0.046700783554936905,0.17696220124636133,0.17203806639502914,0.6902707839699371,2.93058111823623,0.7487025469806097
0.13301459323211837,0.03593237202242959,0.18165944766603112,0.14471670627477023,0.6707336116832503,2.79872412588584,1.1388741174498862,0.13301459323211837,0.03593237202242959,0.18165944766603112,0.14471670627477023,0.6707336116832503,2.79872412588584,1.1388741174498862
0.08202837538157617,0.05515187886750637,0.20829344224053697,0.148749476828233,0.6612778336465318,2.8042349216405156,1.223431713060292,0.08202837538157617,0.05515187886750637,0.20829344224053697,0.148749476828233,0.6612778336465318,2.8042349216405156,1.223431713060292
0.08308843749886761,0.0223350306343963,0.25491156263407355,0.1907429407524026,0.6171909872994833,2.7276577555211183,1.360673635824663,0.08308843749886761,0.0223350306343963,0.25491156263407355,0.1907429407524026,0.6171909872994833,2.7276577555211183,1.360673635824663
3.142657928277664e-18,1.135558587959927e-18,8.621606742566497e-18,1.6129760627526462e-17,4.3501772097993154e-17,1.4562666838409394e-16,2.5006107533029542,3.142657928277664e-18,1.135558587959927e-18,8.621606742566497e-18,1.6129760627526462e-17,4.3501772097993154e-17,1.4562666838409394e-16,2.5006107533029542
0.09679216174577807,0.02487228973549187,0.17411991389166687,0.24261412160291917,0.6913495039844166,2.965192745248988,0.6677887477839687,0.09679216174577807,0.02487228973549187,0.17411991389166687,0.24261412160291917,0.6913495039844166,2.965192745248988,0.6677887477839687
0.1272808771792593,0.03488481254178308,0.16206681321617075,0.27613702034376353,0.645683132982957,3.026261674160194,1.1127479089260104,0.1272808771792593,0.03488481254178308,0.16206681321617075,0.27613702034376353,0.645683132982957,3.026261674160194,1.1127479089260104
0.07265093821986493,0.03139928537950562,0.2516715584524545,0.3288735220465132,0.5538392888009225,2.850597313590549,1.466706001368999,0.07265093821986493,0.03139928537950562,0.2516715584524545,0.3288735220465132,0.5538392888009225,2.850597313590549,1.466706001368999
0.1226927943202641,0.03802643392022851,0.18822223836890825,0.276044971998105,0.6580790898777131,2.7240522659381305,0.7649013677820827,0.1226927943202641,0.03802643392022851,0.18822223836890825,0.276044971998105,0.6580790898777131,2.7240522659381305,0.7649013677820827
0.06224379827860287,0.04946269550862989,0.1090624482663532,0.16631635506587042,0.728004309258115,2.8678397869602574,0.6464584234167449,0.06224379827860287,0.04946269550862989,0.1090624482663532,0.16631635506587042,0.728004309258115,2.8678397869602574,0.6464584234167449
0.0901156468117029,0.03482281605469055,0.15769141990415567,0.2615205471933528,0.6520144059598976,2.690174408638482,1.0503727546325086,0.0901156468117029,0.03482281605469055,0.15769141990415567,0.2615205471933528,0.6520144059598976,2.690174408638482,1.0503727546325086
4.305924631836223e-18,1.5002695945136216e-18,6.4060610555528914e-18,1.1077806893375814e-17,4.547730037971526e-17,1.5966357676060544e-16,2.7202761514487914,4.305924631836223e-18,1.5002695945136216e-18,6.4060610555528914e-18,1.1077806893375814e-17,4.547730037971526e-17,1.5966357676060544e-16,2.7202761514487914
0.08055334177371429,0.022982163225614534,0.2779885313081319,0.20199423418679674,0.6538019445381382,2.8600903169991483,0.9023081566527535,0.08055334177371429,0.022982163225614534,0.2779885313081319,0.20199423418679674,0.6538019445381382,2.8600903169991483,0.9023081566527535
0.03125641206140736,0.022546465630931732,0.1351289211297248,0.252591688151999,0.6535435719609402,2.8063948547328725,1.2441148360682026,0.03125641206140736,0.022546465630931732,0.1351289211297248,0.252591688151999,0.6535435719609402,2.8063948547328725,1.2441148360682026
0.10744395714797242,0.03857280991393427,0.24589556006270175,0.19881393091049437,0.6946555272657345,3.1509453049498086,0.4180146221025869,0.10744395714797242,0.03857280991393427,0.24589556006270175,0.19881393091049437,0.6946555272657345,3.1509453049498086,0.4180146221025869
0.1532688900281407,0.045234709873008476,0.19654754001626598,0.21044562405837527,0.6682632314125028,3.0194734715450138,0.9323300982476869,0.1532688900281407,0.045234709873008476,0.19654754001626598,0.21044562405837527,0.6682632314125028,3.0194734715450138,0.9323300982476869
0.052940905283344296,0.018486937613295756,0.14640971397802638,0.26414024251275414,0.5456483295549953,1.9745232666729196,1.500104657634926,0.052940905283344296,0.018486937613295756,0.14640971397802638,0.26414024251275414,0.5456483295549953,1.9745232666729196,1.500104657634926
0.1196830499122383,0.03188334606095392,0.23577209958580272,0.27253224323927283,0.597033921119127,2.7657642631347663,1.2898109532939546,0.1196830499122383,0.03188334606095392,0.23577209958580272,0.27253224323927283,0.597033921119127,2.7657642631347663,1.2898109532939546
0.05629638463602792,0.03592912967828936,0.1502290351672937,0.17878188687982524,0.6701359230738738,2.919698219141784,1.321216624967719,0.05629638463602792,0.03592912967828936,0.1502290351672937,0.17878188687982524,0.6701359230738738,2.919698219141784,1.321216624967719
0.0989691029087355,0.029126497589011254,0.15358518309970567,0.2754091832206245,0.6498374866070241,2.9094539584968944,1.1054379575100233,0.0989691029087355,0.029126497589011254,0.15358518309970567,0.2754091832206245,0.6498374866070241,2.9094539584968944,1.1054379575100233
0.12112346517677303,0.03361738306511721,0.25698773776504347,0.21264988080230252,0.6511500833951712,2.943329159314822,0.9463840037427026,0.12112346517677303,0.03361738306511721,0.25698773776504347,0.21264988080230252,0.6511500833951712,2.943329159314822,0.9463840037427026
0.10860912928821329,0.027048669552889135,0.14154963481833507,0.20793373954187713,0.6865644656199775,3.03806761564214,1.0189050302028584,0.10860912928821329,0.027048669552889135,0.14154963481833507,0.20793373954187713,0.6865644656199775,3.03806761564214,1.0189050302028584
0.11251160342487447,0.032652004202622854,0.23449728751997648,0.19646722284370244,0.6973839258162332,2.876801397194216,0.3782054578739883,0.11251160342487447,0.032652004202622854,0.23449728751997648,0.19646722284370244,0.6973839258162332,2.876801397194216,0.3782054578739883
0.10946392924876946,0.043519559943389484,0.17184259431519736,0.22068395726889975,0.6292419155928912,2.8470223113909316,1.4352805140358034,0.10946392924876946,0.043519559943389484,0.17184259431519736,0.22068395726889975,0.6292419155928912,2.8470223113909316,1.4352805140358034
0.1460806933899859,0.040213535944354825,0.14437179666919422,0.26773386540603233,0.5837371091984938,2.743512978314698,1.6132757054860505,0.1460806933899859,0.040213535944354825,0.14437179666919422,0.26773386540603233,0.5837371091984938,2.743512978314698,1.6132757054860505
0.1393770296526581,0.035146869320536914,0.16547484410949265,0.1835511459130834,0.7087876135105332,3.092453917493237,0.609164822133166,0.1393770296526581,0.035146869320536914,0.16547484410949265,0.1835511459130834,0.7087876135105332,3.092453917493237,0.609164822133166
0.10164229144483865,0.0520137290506433,0.24134187252144929,0.32058640422986384,0.592745802969196,2.885054017649651,1.167127703000324,0.10164229144483865,0.0520137290506433,0.24134187252144929,0.32058640422986384,0.592745802969196,2.885054017649651,1.167127703000324
0.11378493905063274,0.03910879385106816,0.20030058404223547,0.20838308451047968,0.6822464729369861,2.9521492225428934,0.8202016880174958,0.11378493905063274,0.03910879385106816,0.20030058404223547,0.20838308451047968,0.6822464729369861,2.9521492225428934,0.8202016880174958
0.08461636059894964,0.0644682946384141,0.18993550140037524,0.2765487868903235,0.58225936811403,2.4638042381770395,1.4016224980827932,0.08461636059894964,0.0644682946384141,0.18993550140037524,0.2765487868903235,0.58225936811403,2.4638042381770395,1.4016224980827932
0.07383803599661724,0.0478411542314793,0.11177902532956757,0.20312946097209283,0.6575974455289763,2.5986129545687797,1.3844805897673376,0.07383803599661724,0.0478411542314793,0.11177902532956757,0.20312946097209283,0.6575974455289763,2.5986129545687797,1.3844805897673376
0.1404421948630794,0.03893953208673004,0.2196204288515808,0.31444883511624167,0.6332238393292883,3.0281652647504247,0.7802482891308709,0.1404421948630794,0.03893953208673004,0.2196204288515808,0.31444883511624167,0.6332238393292883,3.0281652647504247,0.7802482891308709
0.10915428610300908,0.04558064405876057,0.18654357738974242,0.25845996553232303,0.6704146467455359,3.1262740697315072,0.8606503905479315,0.10915428610300908,0.04558064405876057,0.18654357738974242,0.25845996553232303,0.6704146467455359,3.1262740697315072,0.8606503905479315
0.08567579520335804,0.02756378573370703,0.25834849833167234,0.33149694902778243,0.6229337671050094,2.6884890085563966,0.6288847516612722,0.08567579520335804,0.02756378573370703,0.25834849833167234,0.33149694902778243,0.6229337671050094,2.6884890085563966,0.6288847516612722
0.12184375992890632,0.03093826782845455,0.18072779697928848,0.2695824490129938,0.6797719409935349,3.0357419727576738,0.5975261763817451,0.12184375992890632,0.03093826782845455,0.18072779697928848,0.2695824490129938,0.6797719409935349,3.0357419727576738,0.5975261763817451
0.05695369268671298,0.031125367795959626,0.21258756765746425,0.16210687834769155,0.6185126467842783,2.766094078672302,1.6122190827786609,0.05695369268671298,0.031125367795959626,0.21258756765746425,0.16210687834769155,0.6185126467842783,2.766094078672302,1.6122190827786609
0.1105522982277168,0.0378811443542625,0.13339198044676934,0.2584045341334208,0.6889735741111757,3.0534835104098113,0.7425601776182551,0.1105522982277168,0.0378811443542625,0.13339198044676934,0.2584045341334208,0.6889735741111757,3.0534835104098113,0.7425601776182551
0.18053986532117933,0.047149608531660815,0.23737617469877745,0.2163043304808224,0.6375162523614883,3.0718495293072765,1.0591673852984522,0.18053986532117933,0.047149608531660815,0.23737617469877745,0.2163043304808224,0.6375162523614883,3.0718495293072765,1.0591673852984522
0.07144431720917227,0.03378293341146106,0.14077499820517025,0.26643104785805916,0.6874143370552861,2.9093544941770406,0.7417721949930242,0.07144431720917227,0.03378293341146106,0.14077499820517025,0.26643104785805916,0.6874143370552861,2.9093544941770406,0.7417721949930242
0.06186478152703238,0.015977231960804496,0.1803883982997145,0.3445900321212503,0.6554407827457965,3.023115338156119,0.5733011511252816,0.06186478152703238,0.015977231960804496,0.1803883982997145,0.3445900321212503,0.6554407827457965,3.023115338156119,0.5733011511252816
0.2222436238029958,0.133154605463564,0.37851462570728944,0.5087985718060015,0.2318234454519251,2.833045306535196,1.1514282844163062,0.2222436238029958,0.133154605463564,0.37851462570728944,0.5087985718060015,0.2318234454519251,2.833045306535196,1.1514282844163062
0.11560827966531313,0.028834786302399117,0.15506556569583205,0.20311129105311768,0.7052518498130199,3.112948145331773,0.7182697527369549,0.11560827966531313,0.028834786302399117,0.15506556569583205,0.20311129105311768,0.7052518498130199,3.112948145331773,0.7182697527369549
0.12154375936691539,0.03877954839784294,0.20921765239316614,0.2553251143746052,0.6623280966846449,2.919034201307803,0.8027959597066544,0.12154375936691539,0.03877954839784294,0.20921765239316614,0.2553251143746052,0.6623280966846449,2.919034201307803,0.8027959597066544
0.07518996369931566,0.04643370103676712,0.2040480386715126,0.25368237345956013,0.6457144198172862,2.868284807808256,1.1020696514938941,0.07518996369931566,0.04643370103676712,0.2040480386715126,0.25368237345956013,0.6457144198172862,2.868284807808256,1.1020696514938941
0.20296547024550116,0.13219283870921067,0.2518566762536544,0.23827621421444095,0.551469669890754,2.6013404815029224,1.342060592914461,0.20296547024550116,0.13219283870921067,0.2518566762536544,0.23827621421444095,0.551469669890754,2.6013404815029224,1.342060592914461
0.041549227111383,0.030195823439013097,0.09424739876379318,0.15361697091807006,0.7202584621621979,2.894112073442903,0.8982976132098713,0.041549227111383,0.030195823439013097,0.09424739876379318,0.15361697091807006,0.7202584621621979,2.894112073442903,0.8982976132098713
0.18221225370734442,0.08488264893697971,0.251625553120244,0.5350177850766985,0.3163648369255731,2.7516348886651256,1.3712181156433505,0.18221225370734442,0.08488264893697971,0.251625553120244,0.5350177850766985,0.3163648369255731,2.7516348886651256,1.3712181156433505
0.1878432059823895,0.07475636817927324,0.18838384111656623,0.1977252852827747,0.6628215053013023,3.0352490057140202,0.9405355298239485,0.1878432059823895,0.07475636817927324,0.18838384111656623,0.1977252852827747,0.6628215053013023,3.0352490057140202,0.9405355298239485
0.12753107085251564,0.038481185578325,0.12058539251336928,0.11994487938752205,0.6524045664720826,2.7663779307278116,1.5095974301718198,0.12753107085251564,0.038481185578325,0.12058539251336928,0.11994487938752205,0.6524045664720826,2.7663779307278116,1.5095974301718198
0.17497235913001502,0.04225102067278494,0.24692078484433186,0.2154049152353085,0.5940774489576893,3.0207415216892084,1.4885264742221735,0.17497235913001502,0.04225102067278494,0.24692078484433186,0.2154049152353085,0.5940774489576893,3.0207415216892084,1.4885264742221735
0.07246252371761559,0.019758726651146613,0.22833491250939497,0.27233295763707566,0.6020570443835949,2.6912860210107685,1.3068897203234067,0.07246252371761559,0.019758726651146613,0.22833491250939497,0.27233295763707566,0.6020570443835949,2.6912860210107685,1.3068897203234067
0.126767494630719,0.04259102785604985,0.16336868279834005,0.20331482471426787,0.6598477745667427,2.95004818261804,1.229410467009302,0.126767494630719,0.04259102785604985,0.16336868279834005,0.20331482471426787,0.6598477745667427,2.95004818261804,1.229410467009302
0.07131040528261968,0.01805068618637183,0.23066002360194773,0.17890891732127864,0.6640515584089501,2.8871030297739484,1.101969609895465,0.07131040528261968,0.01805068618637183,0.23066002360194773,0.17890891732127864,0.6640515584089501,2.8871030297739484,1.101969609895465
0.08930700714656667,0.03980705024382669,0.305985582392016,0.26797413517349183,0.5992930345160192,2.8492374539191236,1.0648183029181766,0.08930700714656667,0.03980705024382669,0.305985582392016,0.26797413517349183,0.5992930345160192,2.8492374539191236,1.0648183029181766
0.06323748789116744,0.02187312156795696,0.2030905033081588,0.23897511633085752,0.6644541539514695,2.620287241429696,0.8831769328546666,0.06323748789116744,0.02187312156795696,0.2030905033081588,0.23897511633085752,0.6644541539514695,2.620287241429696,0.8831769328546666
0.12391159738349534,0.04067446764659837,0.16086852628391612,0.2522792192753404,0.6837144593781067,3.117057077691685,0.7484958276904353,0.12391159738349534,0.04067446764659837,0.16086852628391612,0.2522792192753404,0.6837144593781067,3.117057077691685,0.7484958276904353
0.039800209977211946,0.0239396126312162,0.10092954956585652,0.18552896609082184,0.6592044109174179,2.8214926901356403,1.472953763041545,0.039800209977211946,0.0239396126312162,0.10092954956585652,0.18552896609082184,0.6592044109174179,2.8214926901356403,1.472953763041545
0.10457008063059484,0.03744448263372285,0.10509473401678383,0.24582671997729505,0.663309552806231,2.5181243105918134,1.0160217023897007,0.10457008063059484,0.03744448263372285,0.10509473401678383,0.24582671997729505,0.663309552806231,2.5181243105918134,1.0160217023897007
0.08095572282675358,0.044099217384836395,0.29582445115437395,0.21523346038750477,0.6020429586286826,3.011760812581345,1.3852862843377243,0.08095572282675358,0.044099217384836395,0.29582445115437395,0.21523346038750477,0.6020429586286826,3.011760812581345,1.3852862843377243
0.09182486884732885,0.046618862336563885,0.12612869644111863,0.2001716863686816,0.6773230229211396,2.789916913932863,1.113465227383247,0.09182486884732885,0.046618862336563885,0.12612869644111863,0.2001716863686816,0.6773230229211396,2.789916913932863,1.113465227383247
0.0698095219475671,0.03244640502185905,0.24371796099232354,0.24796568916491943,0.6602267046563391,2.9844936687695336,0.838958437152505,0.0698095219475671,0.03244640502185905,0.24371796099232354,0.24796568916491943,0.6602267046563391,2.9844936687695336,0.838958437152505
0.07197722259601164,0.01907105349956975,0.1313361217609876,0.2160764209044873,0.6755516357488535,2.781742541212731,1.1054445901565415,0.07197722259601164,0.01907105349956975,0.1313361217609876,0.2160764209044873,0.6755516357488535,2.781742541212731,1.1054445901565415
0.14515100022983865,0.07435329434268571,0.2627297133168647,0.19182519521135835,0.6638889207804396,2.993298055996232,0.7242226498452338,0.14515100022983865,0.07435329434268571,0.2627297133168647,0.19182519521135835,0.6638889207804396,2.993298055996232,0.7242226498452338
0.1316995807286667,0.033821672723433366,0.15635596868806595,0.24567120212430255,0.6174991383875911,2.766477664024321,1.418830496383398,0.1316995807286667,0.033821672723433366,0.15635596868806595,0.24567120212430255,0.6174991383875911,2.766477664024321,1.418830496383398
0.08804220600676219,0.04031232699206799,0.16026279801560747,0.2235407039410733,0.6962995458205794,2.6972711154188977,0.6620459426674299,0.08804220600676219,0.04031232699206799,0.16026279801560747,0.2235407039410733,0.6962995458205794,2.6972711154188977,0.6620459426674299
0.10523313473274695,0.05254172282460879,0.24636316117406384,0.18884422325439304,0.6161491491441257,2.7257482935746657,1.3586945839349605,0.10523313473274695,0.05254172282460879,0.24636316117406384,0.18884422325439304,0.6161491491441257,2.7257482935746657,1.3586945839349605
0.12298463608417572,0.035599828936698795,0.15928333176275003,0.3368191768448323,0.6374997182885404,2.8410128949088027,0.8004390208079413,0.12298463608417572,0.035599828936698795,0.15928333176275003,0.3368191768448323,0.6374997182885404,2.8410128949088027,0.8004390208079413
0.05871724831471484,0.017830414235700535,0.18835765383161118,0.1911208769137804,0.6858226097553902,2.9895364307109897,1.0283499925405848,0.05871724831471484,0.017830414235700535,0.18835765383161118,0.1911208769137804,0.6858226097553902,2.9895364307109897,1.0283499925405848
0.07367739972894775,0.04846555801489302,0.24166783789456697,0.17627594160144647,0.69405856402702,2.7773287404832105,0.5781760981564147,0.07367739972894775,0.04846555801489302,0.24166783789456697,0.17627594160144647,0.69405856402702,2.7773287404832105,0.5781760981564147
0.21159212955141254,0.1127990756426025,0.4055200219346413,0.4888857787456587,0.26600640152438343,2.5471148106222796,0.9566418591929678,0.21159212955141254,0.1127990756426025,0.4055200219346413,0.4888857787456587,0.26600640152438343,2.5471148106222796,0.9566418591929678
0.31434262981686006,0.11891333359662128,0.4773767849632267,0.38615387978749277,0.34749988730555087,3.0854140111847106,0.1472093179757866,0.31434262981686006,0.11891333359662128,0.4773767849632267,0.38615387978749277,0.34749988730555087,3.0854140111847106,0.1472093179757866
0.052314335997232876,0.027711883054713164,0.13998695722943796,0.31679716456853657,0.6741785374395692,3.1824667793682453,0.7315113370417119,0.052314335997232876,0.027711883054713164,0.13998695722943796,0.31679716456853657,0.6741785374395692,3.1824667793682453,0.7315113370417119
0.07053253036733428,0.03272408235535902,0.13785319961654502,0.25848764384839745,0.6564624490598324,2.743174053354101,1.1170039219490424,0.07053253036733428,0.03272408235535902,0.13785319961654502,0.25848764384839745,0.6564624490598324,2.743174053354101,1.1170039219490424
0.2825525905414547,0.07451630711124262,0.4156637934239887,0.48126471760040723,0.2365462930727047,2.898724850600212,0.9787062165707685,0.2825525905414547,0.07451630711124262,0.4156637934239887,0.48126471760040723,0.2365462930727047,2.898724850600212,0.9787062165707685
0.10799924387167549,0.03016749991995903,0.1025608316118672,0.18388640680904805,0.6949305008562457,3.057969933559686,1.098135555580206,0.10799924387167549,0.03016749991995903,0.1025608316118672,0.18388640680904805,0.6949305008562457,3.057969933559686,1.098135555580206
0.09576706079348105,0.06361570488881207,0.18646129848024803,0.37110987476730556,0.6195226996905473,2.9429244517036297,0.7517457625269119,0.09576706079348105,0.06361570488881207,0.18646129848024803,0.37110987476730556,0.6195226996905473,2.9429244517036297,0.7517457625269119
0.10044996759542106,0.029298946438323748,0.09844860659395774,0.2741702562193645,0.7047782259629282,3.0325160053831612,0.44045890855319375,0.10044996759542106,0.029298946438323748,0.09844860659395774,0.2741702562193645,0.7047782259629282,3.0325160053831612,0.44045890855319375
0.1717791821844661,0.0430320103674344,0.20381270114525993,0.17314087126955383,0.6191567442393695,2.807051141883378,1.4385492968170517,0.1717791821844661,0.0430320103674344,0.20381270114525993,0.17314087126955383,0.6191567442393695,2.807051141883378,1.4385492968170517
0.10866080757101743,0.03878214441901319,0.2553624164714241,0.199393911443105,0.6217536514008235,2.6505618565788382,1.2171071621500857,0.10866080757101743,0.03878214441901319,0.2553624164714241,0.199393911443105,0.6217536514008235,2.6505618565788382,1.2171071621500857
0.14710944091921824,0.07566382516654686,0.18197223768693965,0.09739923797109255,0.6433588283087602,2.685070074056365,1.3805568197880502,0.14710944091921824,0.07566382516654686,0.18197223768693965,0.09739923797109255,0.6433588283087602,2.685070074056365,1.3805568197880502
0.09353110550388005,0.07656795245914948,0.14036847496675584,0.22948823685986827,0.6188284825076036,2.7590393836768574,1.5320763318017814,0.09353110550388005,0.07656795245914948,0.14036847496675584,0.22948823685986827,0.6188284825076036,2.7590393836768574,1.5320763318017814
0.07643912962193573,0.05456185198481825,0.12434698425919002,0.20053350700667144,0.7051771108743713,2.664621827239691,0.736536290801109,0.07643912962193573,0.05456185198481825,0.12434698425919002,0.20053350700667144,0.7051771108743713,2.664621827239691,0.736536290801109
0.07238584315993205,0.03055177192760566,0.12786292476317757,0.22636363033495724,0.6108699909234714,2.57435538005187,1.6103295241091582,0.07238584315993205,0.03055177192760566,0.12786292476317757,0.22636363033495724,0.6108699909234714,2.57435538005187,1.6103295241091582
0.09128961931967697,0.04160857733074274,0.2976891582967597,0.23361881948454732,0.655142368324141,2.9435536659195844,0.5814573982583058,0.09128961931967697,0.04160857733074274,0.2976891582967597,0.23361881948454732,0.655142368324141,2.9435536659195844,0.5814573982583058
0.04796434032598268,0.01929223323334551,0.16143232972179095,0.2960519539003541,0.6471878571305517,2.8259938285155197,1.0446892942328596,0.04796434032598268,0.01929223323334551,0.16143232972179095,0.2960519539003541,0.6471878571305517,2.8259938285155197,1.0446892942328596
0.13510360496218096,0.035638335455365065,0.2592694432979048,0.2788645543497527,0.6393007481820272,2.9530149430127843,0.7086851175766798,0.13510360496218096,0.035638335455365065,0.2592694432979048,0.2788645543497527,0.6393007481820272,2.9530149430127843,0.7086851175766798
0.11268591143866609,0.040950975687313436,0.20158260843159043,0.12182844013340548,0.6835256633190971,3.0606780949961094,1.1241167342730467,0.11268591143866609,0.040950975687313436,0.20158260843159043,0.12182844013340548,0.6835256633190971,3.0606780949961094,1.1241167342730467
0.1147184750839684,0.04932434049628182,0.23634648914377598,0.3122966473253014,0.5402132813099664,2.8811986548502224,1.6611085504773258,0.1147184750839684,0.04932434049628182,0.23634648914377598,0.3122966473253014,0.5402132813099664,2.8811986548502224,1.6611085504773258
0.10458320972103886,0.02824066922584059,0.14596770020255592,0.12298763315160019,0.7038601227522807,2.7934557943843914,0.9579268254583742,0.10458320972103886,0.02824066922584059,0.14596770020255592,0.12298763315160019,0.7038601227522807,2.7934557943843914,0.9579268254583742
0.07227694268337774,0.019749798682125785,0.23716189326529524,0.16164499476887512,0.6601037244785657,2.911682219982027,1.1827274502900256,0.07227694268337774,0.019749798682125785,0.23716189326529524,0.16164499476887512,0.6601037244785657,2.911682219982027,1.1827274502900256
0.17086103672989691,0.06643281875376633,0.16939565750976893,0.22496993891675265,0.6654399401511158,3.1835797384097257,0.9839887130788046,0.17086103672989691,0.06643281875376633,0.16939565750976893,0.22496993891675265,0.6654399401511158,3.1835797384097257,0.9839887130788046
0.12082850649150388,0.03665933101522567,0.24259443938389852,0.28410487887494557,0.6396531262869632,3.023966099577775,0.8301627550809678,0.12082850649150388,0.03665933101522567,0.24259443938389852,0.28410487887494557,0.6396531262869632,3.023966099577775,0.8301627550809678
0.06468917397906247,0.04513966586563475,0.16381563451825812,0.16008411613930762,0.7101967845492069,2.884594199748458,0.8002004127677637,0.06468917397906247,0.04513966586563475,0.16381563451825812,0.16008411613930762,0.7101967845492069,2.884594199748458,0.8002004127677637
0.12592372908138041,0.033501234407092864,0.2421661192543575,0.2603447881721606,0.598732437687923,2.7771810095675264,1.2948263132363043,0.12592372908138041,0.033501234407092864,0.2421661192543575,0.2603447881721606,0.598732437687923,2.7771810095675264,1.2948263132363043
0.06250197603220181,0.015267099924932994,0.2072241297814089,0.2456916379611207,0.6826269208395682,3.140826657745251,0.7634288250952757,0.06250197603220181,0.015267099924932994,0.2072241297814089,0.2456916379611207,0.6826269208395682,3.140826657745251,0.7634288250952757
0.17865724660542837,0.04559975663783709,0.25072708535560817,0.22680991403524298,0.6554736221628037,3.0599376569280263,0.6790011844195935,0.17865724660542837,0.04559975663783709,0.25072708535560817,0.22680991403524298,0.6554736221628037,3.0599376569280263,0.6790011844195935
