f_1,f_2,f_3,f_4,f_5,f_6,f_7,f_1_min,f_2_min,f_3_min,f_4_min,f_5_min,f_6_min,f_7_min
0.0005912731741186122,0.0575406844261236,0.05899091155272371,0.6753917429632151,0.0576385768946315,0.7333089198374361,0.0003624535786343325,0.0005912731741186122,0.0575406844261236,0.05899091155272371,0.6753917429632151,0.0576385768946315,0.7333089198374361,0.0003624535786343325
3.558616466873472e-18,6.5562887463189686e-18,0.12182784198653,0.7003936416689099,0.06289923470574293,0.7010673591987804,0.06080702833917291,3.558616466873472e-18,6.5562887463189686e-18,0.12182784198653,0.7003936416689099,0.06289923470574293,0.7010673591987804,0.06080702833917291
0.05802701735301967,0.0005918133599808599,1.440361352042663e-7,0.7320879074398122,0.11643208986008187,0.6727092532842067,2.474804432363489e-6,0.05802701735301967,0.0005918133599808599,1.440361352042663e-7,0.7320879074398122,0.11643208986008187,0.6727092532842067,2.474804432363489e-6
1.2595839887736335e-17,4.068099103734508e-17,3.6769872320126456e-20,0.6954883275336109,0.1807872607345444,0.6963314688682156,0.05565508288287623,1.2595839887736335e-17,4.068099103734508e-17,3.6769872320126456e-20,0.6954883275336109,0.1807872607345444,0.6963314688682156,0.05565508288287623
0.00036557108007082256,0.057659081913645605,0.05938800909224222,0.6756772432398432,0.0,0.7330663611383885,0.057846402629732396,0.00036557108007082256,0.057659081913645605,0.05938800909224222,0.6756772432398432,0.0,0.7330663611383885,0.057846402629732396
0.04308502420988105,0.01605523576728491,0.015917366758984412,0.7083365688737552,0.015123425000307665,0.70485098298492,0.04666190179567073,0.04308502420988105,0.01605523576728491,0.015917366758984412,0.7083365688737552,0.015123425000307665,0.70485098298492,0.04666190179567073
0.04352075345300662,0.016300711424752493,0.01651872333879442,0.6905188666899664,0.0735832018733582,0.7200712142633019,0.01672187033007749,0.04352075345300662,0.016300711424752493,0.01651872333879442,0.6905188666899664,0.0735832018733582,0.7200712142633019,0.01672187033007749
7.082532012999098e-18,3.7854007502444135e-18,1.5255078575558378e-18,6.076961488475389e-17,0.0,1.0013813112676786,0.0,7.082532012999098e-18,3.7854007502444135e-18,1.5255078575558378e-18,6.076961488475389e-17,0.0,1.0013813112676786,0.0
1.4101758778288605e-18,3.0655101874207645e-18,0.05510661765263057,0.6394597891446746,0.0,0.7671855149847909,0.0555424676743376,1.4101758778288605e-18,3.0655101874207645e-18,0.05510661765263057,0.6394597891446746,0.0,0.7671855149847909,0.0555424676743376
0.05962054616749161,0.0,0.0,0.7015857076857931,0.05976815881799777,0.6998172578868829,0.12062526347338416,0.05962054616749161,0.0,0.0,0.7015857076857931,0.05976815881799777,0.6998172578868829,0.12062526347338416
0.015417196582172938,0.015002734137122723,0.01557268105885046,0.7087671799722383,0.016124018045243167,0.7078504107525794,0.01587194128278875,0.015417196582172938,0.015002734137122723,0.01557268105885046,0.7087671799722383,0.016124018045243167,0.7078504107525794,0.01587194128278875
0.04490550059993973,0.014118721286700386,0.043997908596199994,0.6913437089852806,0.015068072115976617,0.7208089592397864,0.04527260076808416,0.04490550059993973,0.014118721286700386,0.043997908596199994,0.6913437089852806,0.015068072115976617,0.7208089592397864,0.04527260076808416
4.362755629536153e-34,7.124920642545546e-18,0.11635878438593386,0.6705080858378523,0.05817231005954873,0.7326136412520327,0.000025887414703452955,4.362755629536153e-34,7.124920642545546e-18,0.11635878438593386,0.6705080858378523,0.05817231005954873,0.7326136412520327,0.000025887414703452955
0.04435268772441751,0.07293504204525292,0.018379555438740775,0.7045473436488557,0.04499390298596368,0.7061454419553854,0.017796551086317322,0.04435268772441751,0.07293504204525292,0.018379555438740775,0.7045473436488557,0.04499390298596368,0.7061454419553854,0.017796551086317322
7.432670299978312e-18,0.12138471770233224,0.06037655237179805,0.6998559369846127,0.00018675120052181492,0.7017472555832501,0.060319021483863235,7.432670299978312e-18,0.12138471770233224,0.06037655237179805,0.6998559369846127,0.00018675120052181492,0.7017472555832501,0.060319021483863235
1.824667375422354e-33,2.979907964798925e-17,2.835864797313987e-17,0.6718073340898769,0.1162030395596005,0.7316568677133796,0.058196189502786634,1.824667375422354e-33,2.979907964798925e-17,2.835864797313987e-17,0.6718073340898769,0.1162030395596005,0.7316568677133796,0.058196189502786634
0.0756625626809553,0.015845285767727126,0.014552199882372292,0.7036058411045202,0.07615628255313565,0.7055671145848282,0.016777509142793773,0.0756625626809553,0.015845285767727126,0.014552199882372292,0.7036058411045202,0.07615628255313565,0.7055671145848282,0.016777509142793773
0.04968457597687914,0.057501296211489764,0.015973721245806496,0.7210981890366625,0.01584717151168156,0.6892968263481887,0.04704749608798189,0.04968457597687914,0.057501296211489764,0.015973721245806496,0.7210981890366625,0.01584717151168156,0.6892968263481887,0.04704749608798189
0.0779264334718778,0.04388314361710751,0.015407764536591975,0.7050075737248149,0.04567626306688982,0.7044771613268941,0.01710512130076516,0.0779264334718778,0.04388314361710751,0.015407764536591975,0.7050075737248149,0.04567626306688982,0.7044771613268941,0.01710512130076516
0.017663578526777073,0.04652692098745641,0.017674407839489086,0.7198882790664253,0.01633667124269552,0.6906711629152684,0.07685046512927482,0.017663578526777073,0.04652692098745641,0.017674407839489086,0.7198882790664253,0.01633667124269552,0.6906711629152684,0.07685046512927482
0.01442639677339636,0.014414247945587072,0.015300672605303227,0.6515753744301916,0.014264394032532383,0.7608326009522345,0.01774836032573434,0.01442639677339636,0.014414247945587072,0.015300672605303227,0.6515753744301916,0.014264394032532383,0.7608326009522345,0.01774836032573434
0.01418765532256104,0.044474010407513045,0.0738557249842598,0.6909679192381737,0.016406411449754514,0.7206718881948093,0.019187790322248703,0.01418765532256104,0.044474010407513045,0.0738557249842598,0.6909679192381737,0.016406411449754514,0.7206718881948093,0.019187790322248703
0.10361744555105772,0.015656846787889252,0.016703042012147146,0.7214482270131566,0.015452023604374287,0.6868124889947335,0.0148120368922558,0.10361744555105772,0.015656846787889252,0.016703042012147146,0.7214482270131566,0.015452023604374287,0.6868124889947335,0.0148120368922558
0.11499124300288951,0.0,0.0,0.7317050350034634,0.0,0.6727307656950263,0.05941461480088442,0.11499124300288951,0.0,0.0,0.7317050350034634,0.0,0.6727307656950263,0.05941461480088442
0.016577441449962094,0.01672453098742378,0.04376312368516496,0.6950624201333206,0.01516516366760968,0.7228031866352697,0.018923713334384275,0.016577441449962094,0.01672453098742378,0.04376312368516496,0.6950624201333206,0.01516516366760968,0.7228031866352697,0.018923713334384275
2.4287815388146034e-18,2.3639101606789516e-18,0.055350738382888225,0.7606946022437097,0.05587891277740273,0.6475739030231563,0.0,2.4287815388146034e-18,2.3639101606789516e-18,0.055350738382888225,0.7606946022437097,0.05587891277740273,0.6475739030231563,0.0
2.0243606579621765e-17,7.328456889270627e-18,3.6766788762831164e-17,0.6958155698764115,0.059994000518637375,0.6957450292053666,0.18033629863364142,2.0243606579621765e-17,7.328456889270627e-18,3.6766788762831164e-17,0.6958155698764115,0.059994000518637375,0.6957450292053666,0.18033629863364142
0.2405800001979749,1.6606469252699483e-7,0.0,0.6877322411977975,0.0,0.6880551345466186,0.0,0.2405800001979749,1.6606469252699483e-7,0.0,0.6877322411977975,0.0,0.6880551345466186,0.0
0.057008962301562244,0.0,0.056439839105260715,0.7062781759314308,0.00005024697133175893,0.7059267477629693,0.0,0.057008962301562244,0.0,0.056439839105260715,0.7062781759314308,0.00005024697133175893,0.7059267477629693,0.0
0.06210180934721671,0.0,0.12234047841294168,0.6984705617216754,0.05697199645109453,0.7030756643499243,0.0,0.06210180934721671,0.0,0.12234047841294168,0.6984705617216754,0.05697199645109453,0.7030756643499243,0.0
0.0006192905339236474,0.0,0.1127592439014693,0.7589451487068375,0.0,0.6467485986141968,0.0,0.0006192905339236474,0.0,0.1127592439014693,0.7589451487068375,0.0,0.6467485986141968,0.0
0.015705370129081037,0.04582166296871704,0.016647478803837986,0.734269756980195,0.016824949190191753,0.6774430540445531,0.04629322767089279,0.015705370129081037,0.04582166296871704,0.016647478803837986,0.734269756980195,0.016824949190191753,0.6774430540445531,0.04629322767089279
0.04434306810305571,0.020246904854286683,0.017161120317734663,0.7081977821845173,0.015701800938990953,0.7006285704480438,0.09924547527451658,0.04434306810305571,0.020246904854286683,0.017161120317734663,0.7081977821845173,0.015701800938990953,0.7006285704480438,0.09924547527451658
0.01789326581012167,0.01770601517760403,0.10766585416712345,0.7192614803934038,0.0178781711136348,0.6899126280556547,0.017385233862538617,0.01789326581012167,0.01770601517760403,0.10766585416712345,0.7192614803934038,0.0178781711136348,0.6899126280556547,0.017385233862538617
0.01636235738875313,0.01598204663465921,0.015261988319280587,0.6660200888452793,0.04359043030504946,0.7476556922196562,0.015394385615450012,0.01636235738875313,0.01598204663465921,0.015261988319280587,0.6660200888452793,0.04359043030504946,0.7476556922196562,0.015394385615450012
0.06359570417618185,0.0,0.17985986182796976,0.6960530259868686,0.00017432886157302797,0.6950335651786342,0.0009761716870488414,0.06359570417618185,0.0,0.17985986182796976,0.6960530259868686,0.00017432886157302797,0.6950335651786342,0.0009761716870488414
3.630138123933004e-17,3.1473160857443493e-17,1.080561366898867e-17,0.8042387460478425,0.0,0.5969102388100404,0.0,3.630138123933004e-17,3.1473160857443493e-17,1.080561366898867e-17,0.8042387460478425,0.0,0.5969102388100404,0.0
0.012675052144742365,0.04588544803577876,0.07293341036934438,0.7062017869575772,0.015705359115657173,0.7035298513955834,0.047402790026249586,0.012675052144742365,0.04588544803577876,0.07293341036934438,0.7062017869575772,0.015705359115657173,0.7035298513955834,0.047402790026249586
0.056747361521911996,0.057775537553972876,0.0,0.7063338228790297,8.279707932165622e-7,0.707576882571657,0.0,0.056747361521911996,0.057775537553972876,0.0,0.7063338228790297,8.279707932165622e-7,0.707576882571657,0.0
0.05911275969158243,0.05837243435381148,0.0,0.6767525700205279,0.061130825782570224,0.7323938065753409,0.00008242447541092247,0.05911275969158243,0.05837243435381148,0.0,0.6767525700205279,0.061130825782570224,0.7323938065753409,0.00008242447541092247
0.17519447451702164,1.2579838405493622e-7,0.0,0.6696955278014368,0.0002167449067385918,0.7248577570919353,0.0,0.17519447451702164,1.2579838405493622e-7,0.0,0.6696955278014368,0.0002167449067385918,0.7248577570919353,0.0
0.01608946546552692,0.04252333538828579,0.016150828728619383,0.6945812252983955,0.016533965727020816,0.721429656897394,0.016529610734008066,0.01608946546552692,0.04252333538828579,0.016150828728619383,0.6945812252983955,0.016533965727020816,0.721429656897394,0.016529610734008066
0.01667110071747162,0.04464145459667409,0.01603471702784866,0.6933472212437197,0.045970481404245436,0.7191758547929017,0.04491987124682324,0.01667110071747162,0.04464145459667409,0.01603471702784866,0.6933472212437197,0.045970481404245436,0.7191758547929017,0.04491987124682324
0.017674920871778438,0.04310216808082415,0.016550144778044094,0.7213225002839303,0.016376272362581278,0.6929967087300997,0.017323577595377476,0.017674920871778438,0.04310216808082415,0.016550144778044094,0.7213225002839303,0.016376272362581278,0.6929967087300997,0.017323577595377476
0.016513075654375205,0.016804723738006132,0.0430431308616792,0.6891251948952232,0.0745786610482143,0.7208038421486489,0.01732667343271769,0.016513075654375205,0.016804723738006132,0.0430431308616792,0.6891251948952232,0.0745786610482143,0.7208038421486489,0.01732667343271769
0.057848106420545664,0.058583609185078905,0.0,0.7341816118259196,0.05952177090186246,0.6752289205136853,0.00015205741905923494,0.057848106420545664,0.058583609185078905,0.0,0.7341816118259196,0.05952177090186246,0.6752289205136853,0.00015205741905923494
0.014992275956624425,0.015059048084056288,0.015095173744822476,0.6956198861109922,0.04166890098084087,0.7204802510280568,0.016180388859037744,0.014992275956624425,0.015059048084056288,0.015095173744822476,0.6956198861109922,0.04166890098084087,0.7204802510280568,0.016180388859037744
0.04450150932728738,0.01465257044245625,0.01614814339020361,0.7025673636649954,0.10602272890442888,0.7043937244433551,0.01674124617715297,0.04450150932728738,0.01465257044245625,0.01614814339020361,0.7025673636649954,0.10602272890442888,0.7043937244433551,0.01674124617715297
0.11635228114917143,0.0,0.05834161082413366,0.7311798735411179,0.0,0.6729415414745697,0.0,0.11635228114917143,0.0,0.05834161082413366,0.7311798735411179,0.0,0.6729415414745697,0.0
3.3521288600972766e-18,7.058474870346416e-19,0.05594489710214666,0.675725648427133,0.05852384745447815,0.7330273775753547,0.05822191512409798,3.3521288600972766e-18,7.058474870346416e-19,0.05594489710214666,0.675725648427133,0.05852384745447815,0.7330273775753547,0.05822191512409798
0.016869375027569765,0.01721807532185697,0.01858187604757084,0.7216717558555336,0.015773894401423252,0.6921453299891765,0.0441285053626336,0.016869375027569765,0.01721807532185697,0.01858187604757084,0.7216717558555336,0.015773894401423252,0.6921453299891765,0.0441285053626336
0.010646359857817991,0.042549010598985575,0.07396850181315794,0.7054642015569684,0.045912616657951516,0.7045914003484093,0.017394072183656666,0.010646359857817991,0.042549010598985575,0.07396850181315794,0.7054642015569684,0.045912616657951516,0.7045914003484093,0.017394072183656666
0.017204537468574595,0.01460404168218227,0.04364985197090043,0.6780957933231352,0.04382235039594165,0.7352297670867143,0.01720319672332905,0.017204537468574595,0.01460404168218227,0.04364985197090043,0.6780957933231352,0.04382235039594165,0.7352297670867143,0.01720319672332905
0.04835834148198925,0.01674437667684546,0.045997610506949796,0.7202914512014393,0.04920619064286429,0.6918487971892873,0.01630507811359934,0.04835834148198925,0.01674437667684546,0.045997610506949796,0.7202914512014393,0.04920619064286429,0.6918487971892873,0.01630507811359934
0.044295956854983935,0.01596695402718986,0.01582247212242997,0.6645813599696836,0.015665300996586827,0.7488914862397443,0.015843847620059096,0.044295956854983935,0.01596695402718986,0.01582247212242997,0.6645813599696836,0.015665300996586827,0.7488914862397443,0.015843847620059096
0.018321731074019926,0.015230242365493283,0.04602717139382129,0.7044466737279295,0.10588934271639909,0.7043515886952899,0.017235105884076896,0.018321731074019926,0.015230242365493283,0.04602717139382129,0.7044466737279295,0.10588934271639909,0.7043515886952899,0.017235105884076896
0.05543462524064802,0.0,0.054342309716855365,0.6509697596007534,0.0004807300356749066,0.7578969439399368,0.0,0.05543462524064802,0.0,0.054342309716855365,0.6509697596007534,0.0004807300356749066,0.7578969439399368,0.0
0.01822083102394423,0.017431351845617157,0.04610882381839501,0.7222575248255846,0.04608585486927149,0.6891808073732169,0.04868460251789923,0.01822083102394423,0.017431351845617157,0.04610882381839501,0.7222575248255846,0.04608585486927149,0.6891808073732169,0.04868460251789923
0.0644383760770258,0.057708554245382224,3.784337893802735e-7,0.7046139097018519,0.05692064681256992,0.7029812286605889,0.05896140868797321,0.0644383760770258,0.057708554245382224,3.784337893802735e-7,0.7046139097018519,0.05692064681256992,0.7029812286605889,0.05896140868797321
3.460196625543384e-18,8.128759380928363e-19,0.05804768506258125,0.7335519836392418,0.057185920189016436,0.6751213653175077,0.05856060446119661,3.460196625543384e-18,8.128759380928363e-19,0.05804768506258125,0.7335519836392418,0.057185920189016436,0.6751213653175077,0.05856060446119661
7.180324995939997e-18,0.11726360614242765,0.0,0.6726900048547179,0.0,0.7318979474843682,0.05642144049533387,7.180324995939997e-18,0.11726360614242765,0.0,0.6726900048547179,0.0,0.7318979474843682,0.05642144049533387
0.12077560154294678,0.06250836799962646,0.000313344138062876,0.6996558895498869,0.05997700162789994,0.7021442667372708,0.0,0.12077560154294678,0.06250836799962646,0.000313344138062876,0.6996558895498869,0.05997700162789994,0.7021442667372708,0.0
0.039488605752927994,0.039025553621696914,0.015934255772698004,0.735835415944323,0.015402865527397043,0.6785879662305382,0.015242507965550128,0.039488605752927994,0.039025553621696914,0.015934255772698004,0.735835415944323,0.015402865527397043,0.6785879662305382,0.015242507965550128
0.012480734061342768,0.05238101270733258,0.0,0.7339105429446589,0.055151406146056264,0.6763803005511869,0.05432431314282213,0.012480734061342768,0.05238101270733258,0.0,0.7339105429446589,0.055151406146056264,0.6763803005511869,0.05432431314282213
0.06396903164469905,0.06268215805899503,0.05737834055120804,0.7054725510106775,0.06163244908976351,0.7035328114811233,0.0,0.06396903164469905,0.06268215805899503,0.05737834055120804,0.7054725510106775,0.06163244908976351,0.7035328114811233,0.0
0.07573507656497105,0.01622555170729066,0.04756528023837013,0.6895895856359266,0.01553888723714187,0.7208427346838399,0.01601105101298519,0.07573507656497105,0.01622555170729066,0.04756528023837013,0.6895895856359266,0.01553888723714187,0.7208427346838399,0.01601105101298519
0.01559926334325307,0.04769943843632557,0.044356491521779465,0.7229365747673658,0.015318606520126728,0.691171986483476,0.04534430847520219,0.01559926334325307,0.04769943843632557,0.044356491521779465,0.7229365747673658,0.015318606520126728,0.691171986483476,0.04534430847520219
0.11271073366188411,0.0,9.766028769127186e-6,0.7586072040754994,0.0,0.6464606130896836,0.0,0.11271073366188411,0.0,9.766028769127186e-6,0.7586072040754994,0.0,0.6464606130896836,0.0
7.45715758504125e-18,0.12178462541580504,0.0,0.6988906301664644,0.0004487768144023166,0.6980972803415326,0.12068275846927684,7.45715758504125e-18,0.12178462541580504,0.0,0.6988906301664644,0.0004487768144023166,0.6980972803415326,0.12068275846927684
0.015474670464204742,0.015543591065132275,0.015580879112475838,0.7246067400511664,0.043359187657012306,0.6925219186599431,0.01619527551894738,0.015474670464204742,0.015543591065132275,0.015580879112475838,0.7246067400511664,0.043359187657012306,0.6925219186599431,0.01619527551894738
2.6418009051039352e-17,3.017335582393901e-17,0.0,0.6549504231632328,0.0,0.7586441143344499,0.0,2.6418009051039352e-17,3.017335582393901e-17,0.0,0.6549504231632328,0.0,0.7586441143344499,0.0
0.1810976762637698,0.0,0.0,0.6976003735153875,0.0005366134618474902,0.6948064109309817,0.06111684518767393,0.1810976762637698,0.0,0.0,0.6976003735153875,0.0005366134618474902,0.6948064109309817,0.06111684518767393
0.07557904571893367,0.01674092975754219,0.046181717689007445,0.7058160073177658,0.04743208882674601,0.7041712672936911,0.014402635776174889,0.07557904571893367,0.01674092975754219,0.046181717689007445,0.7058160073177658,0.04743208882674601,0.7041712672936911,0.014402635776174889
0.014725007980164918,0.014579843308945243,0.07984559963640249,0.7037924967891841,0.08164826953767979,0.7037381976362067,0.017356829242361337,0.014725007980164918,0.014579843308945243,0.07984559963640249,0.7037924967891841,0.08164826953767979,0.7037381976362067,0.017356829242361337
0.015375609192102822,0.04657790162364286,0.04633395491552697,0.7077955502223647,0.04493046435698972,0.7032072741611853,0.047565554920237924,0.015375609192102822,0.04657790162364286,0.04633395491552697,0.7077955502223647,0.04493046435698972,0.7032072741611853,0.047565554920237924
0.017533963067003777,0.01790011284195032,0.018928032511195726,0.7475687902589216,0.01573076680311935,0.6640373186696699,0.046646996445459665,0.017533963067003777,0.01790011284195032,0.018928032511195726,0.7475687902589216,0.01573076680311935,0.6640373186696699,0.046646996445459665
0.0002621912379900459,0.05623256715748352,0.056508593125690655,0.7599883767391236,0.0,0.6477771287840883,0.0,0.0002621912379900459,0.05623256715748352,0.056508593125690655,0.7599883767391236,0.0,0.6477771287840883,0.0
3.775180916022962e-20,3.497224056225254e-18,0.0571173307145223,0.6968615100568016,1.9919892681961933e-8,0.6954705320791205,0.18098987998526608,3.775180916022962e-20,3.497224056225254e-18,0.0571173307145223,0.6968615100568016,1.9919892681961933e-8,0.6954705320791205,0.18098987998526608
0.01642470700522695,0.015719685060695827,0.016133908558321083,0.7611825450716537,0.015915833869747487,0.650186416157295,0.016882650823349214,0.01642470700522695,0.015719685060695827,0.016133908558321083,0.7611825450716537,0.015915833869747487,0.650186416157295,0.016882650823349214
1.6113113773904262e-19,6.13364425149266e-17,2.4039203431532953e-19,1.0017112734319369,0.0,0.0,0.0,1.6113113773904262e-19,6.13364425149266e-17,2.4039203431532953e-19,1.0017112734319369,0.0,0.0,0.0
0.04425347427366428,0.017285817107056036,0.01566566757873272,0.6910581076508838,0.04463346812750383,0.7213599482494067,0.04625001461249416,0.04425347427366428,0.017285817107056036,0.01566566757873272,0.6910581076508838,0.04463346812750383,0.7213599482494067,0.04625001461249416
7.00094771462485e-18,0.11433415282674454,0.0,0.7320832162549785,0.0009356645186761658,0.6735177751134419,0.057301575520447026,7.00094771462485e-18,0.11433415282674454,0.0,0.7320832162549785,0.0009356645186761658,0.6735177751134419,0.057301575520447026
2.577669879896789e-17,2.909905151359577e-17,2.816214550199886e-17,0.7839504270264096,0.05385681674404564,0.6213894460804866,0.000950441454373092,2.577669879896789e-17,2.909905151359577e-17,2.816214550199886e-17,0.7839504270264096,0.05385681674404564,0.6213894460804866,0.000950441454373092
0.015208794081808953,0.07224762572877233,0.042353891252298485,0.7065799429729382,0.0462114627551439,0.7035738858144054,0.016707998589134094,0.015208794081808953,0.07224762572877233,0.042353891252298485,0.7065799429729382,0.0462114627551439,0.7035738858144054,0.016707998589134094
0.0424854277792381,0.013353007094049463,0.07510464304617019,0.7052473989586504,0.04590912010612951,0.7045377410163131,0.017392747509107204,0.0424854277792381,0.013353007094049463,0.07510464304617019,0.7052473989586504,0.04590912010612951,0.7045377410163131,0.017392747509107204
0.044808894772961856,0.015376393781039662,0.0164027592854642,0.6776077508445424,0.013931335573290182,0.734476880588011,0.045773566551630535,0.044808894772961856,0.015376393781039662,0.0164027592854642,0.6776077508445424,0.013931335573290182,0.734476880588011,0.045773566551630535
2.837226012703225e-17,3.141883400085833e-17,1.4413164628102422e-17,0.7303310498968972,0.05845633023477881,0.6727510221616583,0.11671845094206647,2.837226012703225e-17,3.141883400085833e-17,1.4413164628102422e-17,0.7303310498968972,0.05845633023477881,0.6727510221616583,0.11671845094206647
0.016450991581612843,0.044052051883483406,0.015784351594070826,0.6782629390556207,0.014582131826231845,0.7348984211337533,0.044924437551510425,0.016450991581612843,0.044052051883483406,0.015784351594070826,0.6782629390556207,0.014582131826231845,0.7348984211337533,0.044924437551510425
0.01481938347452292,0.04735520854513444,0.01628459107886628,0.704843611376597,0.07947828715141447,0.7044277992752942,0.046911781291804726,0.01481938347452292,0.04735520854513444,0.01628459107886628,0.704843611376597,0.07947828715141447,0.7044277992752942,0.046911781291804726
0.11241984305102246,0.0,0.0,0.7038766964881948,0.0,0.7041618256883583,8.898061816273311e-7,0.11241984305102246,0.0,0.0,0.7038766964881948,0.0,0.7041618256883583,8.898061816273311e-7
0.01601224691051072,0.07090265264490458,0.01640853977666707,0.6765866008334137,0.015754840996046727,0.7346623859025002,0.016763284540539672,0.01601224691051072,0.07090265264490458,0.01640853977666707,0.6765866008334137,0.015754840996046727,0.7346623859025002,0.016763284540539672
0.04595666932306929,0.014739422456135675,0.017552669769082773,0.7352345816470491,0.01636326644039125,0.6783275764355682,0.044622298208137,0.04595666932306929,0.014739422456135675,0.017552669769082773,0.7352345816470491,0.01636326644039125,0.6783275764355682,0.044622298208137
2.8822700552734426e-18,2.785465810712308e-18,0.06546016356479065,0.6696626998782009,0.11673628801018547,0.734283060909752,0.00039638299812008363,2.8822700552734426e-18,2.785465810712308e-18,0.06546016356479065,0.6696626998782009,0.11673628801018547,0.734283060909752,0.00039638299812008363
2.549057975547726e-18,3.7918986253554224e-17,2.961195952671742e-18,0.6225428805346985,0.05384795249300686,0.7844956128620878,0.0,2.549057975547726e-18,3.7918986253554224e-17,2.961195952671742e-18,0.6225428805346985,0.05384795249300686,0.7844956128620878,0.0
0.07965404550244304,0.014523552003204055,0.07532930802072997,0.7042904944411973,0.018399083915603298,0.7028763052679923,0.01595584992122104,0.07965404550244304,0.014523552003204055,0.07532930802072997,0.7042904944411973,0.018399083915603298,0.7028763052679923,0.01595584992122104
0.06032872141242272,0.060038622147540334,0.0,0.6995303388946466,0.12104760696137071,0.7022742298788239,0.0008042895050728705,0.06032872141242272,0.060038622147540334,0.0,0.6995303388946466,0.12104760696137071,0.7022742298788239,0.0008042895050728705
0.015509754203558686,0.014697640336961337,0.01848359101037988,0.7329950828540607,0.017737925652586438,0.6788384364528863,0.07207857580188383,0.015509754203558686,0.014697640336961337,0.01848359101037988,0.7329950828540607,0.017737925652586438,0.6788384364528863,0.07207857580188383
1.3932258000188878e-18,2.9807667862924103e-18,0.05373461399186908,0.6484507234363258,0.05393731014953783,0.7604694029411136,3.876078970125157e-6,1.3932258000188878e-18,2.9807667862924103e-18,0.05373461399186908,0.6484507234363258,0.05393731014953783,0.7604694029411136,3.876078970125157e-6
0.04540953056679593,0.014185336038330462,0.015866191882350097,0.6927684154373879,0.015078414888846724,0.721098563996896,0.07934654076694568,0.04540953056679593,0.014185336038330462,0.015866191882350097,0.6927684154373879,0.015078414888846724,0.721098563996896,0.07934654076694568
0.01693846883760123,0.04135004500474524,0.04428090938915182,0.7064273045678678,0.07499804351319883,0.7033539539624113,0.01755812830213973,0.01693846883760123,0.04135004500474524,0.04428090938915182,0.7064273045678678,0.07499804351319883,0.7033539539624113,0.01755812830213973
0.03549770421269887,0.07585755027216055,0.014657838000785869,0.6905114608717325,0.015621341309199161,0.7208443174996766,0.01764135462801378,0.03549770421269887,0.07585755027216055,0.014657838000785869,0.6905114608717325,0.015621341309199161,0.7208443174996766,0.01764135462801378
1.1123920578918002e-17,0.18166740952024546,0.0,0.6954472760937969,0.05841255153613682,0.6960182885988072,0.0,1.1123920578918002e-17,0.18166740952024546,0.0,0.6954472760937969,0.05841255153613682,0.6960182885988072,0.0
7.089169374596611e-19,3.2583426938678825e-18,0.05445766876850919,0.7338803220057647,6.450237590345487e-7,0.6793576131629789,0.0,7.089169374596611e-19,3.2583426938678825e-18,0.05445766876850919,0.7338803220057647,6.450237590345487e-7,0.6793576131629789,0.0
0.05945839277188046,0.0,0.0,0.6976275991783705,0.00141546536959265,0.6933539707679539,0.18072066920373922,0.05945839277188046,0.0,0.0,0.6976275991783705,0.00141546536959265,0.6933539707679539,0.18072066920373922
0.00012240822275684732,0.060555379611856364,0.000474544883718969,0.7079081126059861,0.05520185525265825,0.7097013052408582,0.0,0.00012240822275684732,0.060555379611856364,0.000474544883718969,0.7079081126059861,0.05520185525265825,0.7097013052408582,0.0
0.055910327695341926,0.000035947112321201636,0.00004105695407296614,0.7605004845659123,0.0,0.6476458631947283,0.055507067546542055,0.055910327695341926,0.000035947112321201636,0.00004105695407296614,0.7605004845659123,0.0,0.6476458631947283,0.055507067546542055
7.309845332473718e-18,0.11937883375946626,0.0,0.6729644715250723,0.05607438707096646,0.731433873686683,0.00009128253182159705,7.309845332473718e-18,0.11937883375946626,0.0,0.6729644715250723,0.05607438707096646,0.731433873686683,0.00009128253182159705
0.01583349128136139,0.1059193554202,0.046066249374875,0.7050375617777164,0.016309349725659006,0.702008243970095,0.0,0.01583349128136139,0.1059193554202,0.046066249374875,0.7050375617777164,0.016309349725659006,0.702008243970095,0.0
3.309876159640511e-18,0.05405437979252427,0.0,0.6801891737415434,0.0,0.7342235946994605,0.0,3.309876159640511e-18,0.05405437979252427,0.0,0.6801891737415434,0.0,0.7342235946994605,0.0
0.01792830649682339,0.015218411761943195,0.04548613562583088,0.7066139830501037,0.04619028566570057,0.7075833172446313,0.017203379331406046,0.01792830649682339,0.015218411761943195,0.04548613562583088,0.7066139830501037,0.04619028566570057,0.7075833172446313,0.017203379331406046
0.05940521104474501,0.12125146625778838,0.0,0.7016726842934521,0.003989368541437802,0.7009017648254449,0.06355196657767598,0.05940521104474501,0.12125146625778838,0.0,0.7016726842934521,0.003989368541437802,0.7009017648254449,0.06355196657767598
0.04710917297742605,0.0451396299380162,0.046941415339728024,0.7062154113185477,0.047942524604478724,0.7058851986693109,0.016517914745704357,0.04710917297742605,0.0451396299380162,0.046941415339728024,0.7062154113185477,0.047942524604478724,0.7058851986693109,0.016517914745704357
0.0449314528495576,0.017082609659623414,0.044630404331253024,0.6784014939378484,0.015790280393665285,0.7349198893070894,0.017039083335233334,0.0449314528495576,0.017082609659623414,0.044630404331253024,0.6784014939378484,0.015790280393665285,0.7349198893070894,0.017039083335233334
0.05678953439708265,0.0,0.05370031687088286,0.734228603218549,0.0,0.6764381558053608,0.05712868433273957,0.05678953439708265,0.0,0.05370031687088286,0.734228603218549,0.0,0.6764381558053608,0.05712868433273957
3.0703826833632165e-17,3.47063470283982e-17,6.995430912321378e-19,0.7568511737952938,0.1135030437466459,0.6464634256000955,0.0000417941276511004,3.0703826833632165e-17,3.47063470283982e-17,6.995430912321378e-19,0.7568511737952938,0.1135030437466459,0.6464634256000955,0.0000417941276511004
0.01541406449411028,0.015374414376027065,0.020216973006199918,0.7018063241530197,0.10554818960217653,0.705798468548706,0.04705520505075171,0.01541406449411028,0.015374414376027065,0.020216973006199918,0.7018063241530197,0.10554818960217653,0.705798468548706,0.04705520505075171
0.015158402545791788,0.0416552374591685,0.04319189028174118,0.734906691179134,0.016006439935885654,0.6779116118183666,0.017707556863463043,0.015158402545791788,0.0416552374591685,0.04319189028174118,0.734906691179134,0.016006439935885654,0.6779116118183666,0.017707556863463043
8.160635514433072e-21,3.352136552412881e-18,0.05474470660592268,0.6810660723607332,9.156461407332466e-7,0.735691378992478,0.0,8.160635514433072e-21,3.352136552412881e-18,0.05474470660592268,0.6810660723607332,9.156461407332466e-7,0.735691378992478,0.0
0.015133869571317002,0.014905942261331379,0.015263014917563216,0.70882905685437,0.015809068841098072,0.7041736872444,0.07187033101821341,0.015133869571317002,0.014905942261331379,0.015263014917563216,0.70882905685437,0.015809068841098072,0.7041736872444,0.07187033101821341
0.07366805509949097,0.051282676363563075,0.04702624373881369,0.7051985550844252,0.016700282283114636,0.7045706221806949,0.016720537655997795,0.07366805509949097,0.051282676363563075,0.04702624373881369,0.7051985550844252,0.016700282283114636,0.7045706221806949,0.016720537655997795
0.007457850743878854,0.006896913865481196,0.00999967441999236,0.7020760199820075,0.016668875542680258,0.7025449949871047,0.13512326640250313,0.007457850743878854,0.006896913865481196,0.00999967441999236,0.7020760199820075,0.016668875542680258,0.7025449949871047,0.13512326640250313
6.111508731344575e-20,3.019670327956854e-17,2.5532439577831716e-17,0.6458071046383203,0.11189867972583437,0.7575449306343226,0.0,6.111508731344575e-20,3.019670327956854e-17,2.5532439577831716e-17,0.6458071046383203,0.11189867972583437,0.7575449306343226,0.0
0.06004433606741659,0.0,0.0,0.7335590828533215,0.061119974096624154,0.675520727477533,0.05815640471593391,0.06004433606741659,0.0,0.0,0.7335590828533215,0.061119974096624154,0.675520727477533,0.05815640471593391
0.0448887055228556,0.01733484999446951,0.01644369294651134,0.737822875556951,0.0461832105705657,0.6783908368152111,0.015571366385941482,0.0448887055228556,0.01733484999446951,0.01644369294651134,0.737822875556951,0.0461832105705657,0.6783908368152111,0.015571366385941482
0.04362588695449191,0.01617516698610654,0.016518698745252493,0.7057610968686708,0.04528379493775566,0.7052202241968131,0.061908893784070836,0.04362588695449191,0.01617516698610654,0.016518698745252493,0.7057610968686708,0.04528379493775566,0.7052202241968131,0.061908893784070836
3.508291931690231e-18,0.057294755257317295,0.0,0.6754036271078012,0.057950257407215953,0.733129878147212,0.05651664761184966,3.508291931690231e-18,0.057294755257317295,0.0,0.6754036271078012,0.057950257407215953,0.733129878147212,0.05651664761184966
0.1053578085560331,0.01771118676411589,0.04616598248309295,0.7042044207405693,0.014355081546290819,0.7036958088303145,0.01727337626138947,0.1053578085560331,0.01771118676411589,0.04616598248309295,0.7042044207405693,0.014355081546290819,0.7036958088303145,0.01727337626138947
4.992654331243481e-18,9.934430046125646e-18,0.18157775033643705,0.6960889285864404,0.060975668531155894,0.6950347943338855,0.0,4.992654331243481e-18,9.934430046125646e-18,0.18157775033643705,0.6960889285864404,0.060975668531155894,0.6950347943338855,0.0
0.04818261630598021,0.017366844162829714,0.01575384650499702,0.7209093425159759,0.016996250881513318,0.6901973084419494,0.07501974266183145,0.04818261630598021,0.017366844162829714,0.01575384650499702,0.7209093425159759,0.016996250881513318,0.6901973084419494,0.07501974266183145
0.07496963462426268,0.018012892709017906,0.016977090405615024,0.7378622305124627,0.016128942914321286,0.673932106447065,0.015267379657821465,0.07496963462426268,0.018012892709017906,0.016977090405615024,0.7378622305124627,0.016128942914321286,0.673932106447065,0.015267379657821465
0.040737344555139075,0.04094752954609236,0.014167320193469625,0.7226259722756408,0.0467422712759813,0.6901361321379811,0.01737288010093388,0.040737344555139075,0.04094752954609236,0.014167320193469625,0.7226259722756408,0.0467422712759813,0.6901361321379811,0.01737288010093388
3.571978008664222e-18,0.058334827823845574,0.0,0.7324195068125232,0.11592163207333422,0.6722784551440334,1.0157754201906915e-7,3.571978008664222e-18,0.058334827823845574,0.0,0.7324195068125232,0.11592163207333422,0.6722784551440334,1.0157754201906915e-7
0.05629910194165897,0.11744849781421737,0.0,0.7309639280175038,0.0,0.6732985857942353,0.0012054951703384632,0.05629910194165897,0.11744849781421737,0.0,0.7309639280175038,0.0,0.6732985857942353,0.0012054951703384632
2.735880607431645e-17,7.555319395995636e-19,2.6497104994276043e-17,0.6221262693602743,0.0,0.7839506202107528,0.05462232069766276,2.735880607431645e-17,7.555319395995636e-19,2.6497104994276043e-17,0.6221262693602743,0.0,0.7839506202107528,0.05462232069766276
0.013758923685441763,0.04520219927668458,0.04472634563553517,0.6778982890523808,0.01671581266782851,0.7344874213490521,0.016927811366065915,0.013758923685441763,0.04520219927668458,0.04472634563553517,0.6778982890523808,0.01671581266782851,0.7344874213490521,0.016927811366065915
0.07637800156611455,0.018416047221582445,0.01722063382067219,0.6910788597842107,0.04598766958243879,0.7193216186693215,0.013630221067828765,0.07637800156611455,0.018416047221582445,0.01722063382067219,0.6910788597842107,0.04598766958243879,0.7193216186693215,0.013630221067828765
0.04590508433758976,0.018442824943509115,0.01681015115331014,0.7077706504649927,0.04544951084725207,0.7057505853952039,0.017473550918992012,0.04590508433758976,0.018442824943509115,0.01681015115331014,0.7077706504649927,0.04544951084725207,0.7057505853952039,0.017473550918992012
0.11963925804640069,0.0,0.058557248578904056,0.7004942889297231,0.0599873664821952,0.7015212313730165,6.73915629760128e-6,0.11963925804640069,0.0,0.058557248578904056,0.7004942889297231,0.0599873664821952,0.7015212313730165,6.73915629760128e-6
0.0012636106542172722,0.0,0.05928704482505118,0.7317023798422124,0.00007891987214067966,0.6716899818202222,0.11664103435439321,0.0012636106542172722,0.0,0.05928704482505118,0.7317023798422124,0.00007891987214067966,0.6716899818202222,0.11664103435439321
0.00067209586018695,0.05522859839187807,0.054518601709655896,0.6507992422154133,0.0009607573524338348,0.757699028027981,0.0009702118747565747,0.00067209586018695,0.05522859839187807,0.054518601709655896,0.6507992422154133,0.0009607573524338348,0.757699028027981,0.0009702118747565747
0.01792597327456805,0.016162543939801342,0.017171066890858018,0.7477794588304857,0.04109775552578991,0.6646925000845577,0.016742205239858792,0.01792597327456805,0.016162543939801342,0.017171066890858018,0.7477794588304857,0.04109775552578991,0.6646925000845577,0.016742205239858792
0.10727982093477782,0.018512829859369744,0.02077515199888159,0.7057837411671948,0.013720394976453618,0.7025553998947486,0.04774064861736463,0.10727982093477782,0.018512829859369744,0.02077515199888159,0.7057837411671948,0.013720394976453618,0.7025553998947486,0.04774064861736463
0.010296190478169235,0.009933679868504413,0.024167851073873748,0.6883466114305264,0.014383336441687777,0.7195190989267802,0.10366656700315045,0.010296190478169235,0.009933679868504413,0.024167851073873748,0.6883466114305264,0.014383336441687777,0.7195190989267802,0.10366656700315045
8.102507250382206e-19,4.257825576737596e-17,2.2223602020612974e-17,0.78448665901998,0.0,0.6220130607008011,0.054125271444401137,8.102507250382206e-19,4.257825576737596e-17,2.2223602020612974e-17,0.78448665901998,0.0,0.6220130607008011,0.054125271444401137
0.017125559908908513,0.07487178818077404,0.018372919277974773,0.7052798321254585,0.055639316968832966,0.7049485782760406,0.046303989003936556,0.017125559908908513,0.07487178818077404,0.018372919277974773,0.7052798321254585,0.055639316968832966,0.7049485782760406,0.046303989003936556
0.17481555164091162,0.0,0.0,0.7299522731821564,0.0,0.6643658655366923,4.513601321466306e-6,0.17481555164091162,0.0,0.0,0.7299522731821564,0.0,0.6643658655366923,4.513601321466306e-6
0.000010857609405404912,0.05791610351457154,0.11461540003087184,0.7315693206338302,0.00026496893465791717,0.6730008398276903,1.1220859887502423e-6,0.000010857609405404912,0.05791610351457154,0.11461540003087184,0.7315693206338302,0.00026496893465791717,0.6730008398276903,1.1220859887502423e-6
1.2031141310067048e-19,6.134794592638308e-17,1.0018899153985785,0.0,0.0,0.0,0.0,1.2031141310067048e-19,6.134794592638308e-17,1.0018899153985785,0.0,0.0,0.0,0.0
0.014294417790309266,0.016255624554157397,0.015034973213167385,0.676373466659262,0.07371842297860481,0.7348683285363261,0.015882677896324388,0.014294417790309266,0.016255624554157397,0.015034973213167385,0.676373466659262,0.07371842297860481,0.7348683285363261,0.015882677896324388
0.01691872516784774,0.016781629187316637,0.04642805234883167,0.7209237560522178,0.07476824952517644,0.6903972500150387,0.01576501530405038,0.01691872516784774,0.016781629187316637,0.04642805234883167,0.7209237560522178,0.07476824952517644,0.6903972500150387,0.01576501530405038
0.017868953708419476,0.015968842855885963,0.1354789319410513,0.7024769885828422,0.016744218547656706,0.7018492641006527,0.016718762662374844,0.017868953708419476,0.015968842855885963,0.1354789319410513,0.7024769885828422,0.016744218547656706,0.7018492641006527,0.016718762662374844
0.01780117140535994,0.07740487338855852,0.01548095330570589,0.7341868147379277,0.017090278493186978,0.67604226630918,0.016759978299193776,0.01780117140535994,0.07740487338855852,0.01548095330570589,0.7341868147379277,0.017090278493186978,0.67604226630918,0.016759978299193776
0.11217471261272086,0.0,0.0,0.6457659326717425,0.0,0.7577817141351723,0.0,0.11217471261272086,0.0,0.0,0.6457659326717425,0.0,0.7577817141351723,0.0
0.013832179754677747,0.01400326998606753,0.046654738077745526,0.7482132541609517,0.015789587297089215,0.6638771064325206,0.016353728650606962,0.013832179754677747,0.01400326998606753,0.046654738077745526,0.7482132541609517,0.015789587297089215,0.6638771064325206,0.016353728650606962
4.353457415618324e-17,8.764180203048764e-20,1.3211811664075812e-18,0.7113023160779921,0.2465956584347807,0.7110002620477652,0.0,4.353457415618324e-17,8.764180203048764e-20,1.3211811664075812e-18,0.7113023160779921,0.2465956584347807,0.7110002620477652,0.0
0.017436102600576635,0.018036860272042,0.10344103861828348,0.6899868967823637,0.01722853957821454,0.71830486433077,0.019185920949383137,0.017436102600576635,0.018036860272042,0.10344103861828348,0.6899868967823637,0.01722853957821454,0.71830486433077,0.019185920949383137
1.0752195626698149e-17,0.17559668035198794,0.06055007024326841,0.6973240348364085,0.0,0.6956875823116796,0.0,1.0752195626698149e-17,0.17559668035198794,0.06055007024326841,0.6973240348364085,0.0,0.6956875823116796,0.0
0.058874485920394855,0.0,0.11629219251300854,0.6730523991020425,0.00009427390956809411,0.7308895649815184,0.0,0.058874485920394855,0.0,0.11629219251300854,0.6730523991020425,0.00009427390956809411,0.7308895649815184,0.0
0.016748014956144967,0.01613473653999833,0.047068015489797575,0.7215505494293023,0.01425125466783558,0.6895955097017937,0.07394404306267914,0.016748014956144967,0.01613473653999833,0.047068015489797575,0.7215505494293023,0.01425125466783558,0.6895955097017937,0.07394404306267914
0.05684776718031226,0.0010303077199611506,0.0,0.7066102181584238,0.054981410273544265,0.7062794146518474,0.0,0.05684776718031226,0.0010303077199611506,0.0,0.7066102181584238,0.054981410273544265,0.7062794146518474,0.0
0.12188459434100612,0.0,0.0,0.6992085197358938,0.12168033884619876,0.6978551156724162,0.00004806408006843886,0.12188459434100612,0.0,0.0,0.6992085197358938,0.12168033884619876,0.6978551156724162,0.00004806408006843886
0.01677355539947186,0.1043699746491337,0.018160475207278072,0.7203095864583383,0.016608174196342928,0.6880211774176301,0.012768521883043702,0.01677355539947186,0.1043699746491337,0.018160475207278072,0.7203095864583383,0.016608174196342928,0.6880211774176301,0.012768521883043702
0.017500463051141533,0.07517290960473852,0.017089301159902925,0.6927421425502791,0.01796329204962328,0.7187378148283572,0.04568959869164784,0.017500463051141533,0.07517290960473852,0.017089301159902925,0.6927421425502791,0.01796329204962328,0.7187378148283572,0.04568959869164784
0.0593033075292365,0.0,0.0,0.7317369076371176,0.0000789235962356591,0.6717216777317991,0.1166465384470717,0.0593033075292365,0.0,0.0,0.7317369076371176,0.0000789235962356591,0.6717216777317991,0.1166465384470717
0.01482465948457189,0.04536397542112067,0.016507584290092206,0.7373170861943656,0.047064896894205795,0.6779585232203246,0.015561443325348263,0.01482465948457189,0.04536397542112067,0.016507584290092206,0.7373170861943656,0.047064896894205795,0.6779585232203246,0.015561443325348263
0.0585410901055441,0.05955004202374366,0.0003453896281050621,0.7002136157079937,7.594648942919808e-8,0.7012853428109369,0.12168047205707544,0.0585410901055441,0.05955004202374366,0.0003453896281050621,0.7002136157079937,7.594648942919808e-8,0.7012853428109369,0.12168047205707544
3.640118707070846e-18,0.05944764987921804,0.12230109947405621,0.7003808720465738,0.05531159081885582,0.703017257138313,0.0,3.640118707070846e-18,0.05944764987921804,0.12230109947405621,0.7003808720465738,0.05531159081885582,0.703017257138313,0.0
0.11816200172113167,0.0,0.0,0.7289053145638024,0.058614389543866614,0.6769028502792146,0.00013333885497390492,0.11816200172113167,0.0,0.0,0.7289053145638024,0.058614389543866614,0.6769028502792146,0.00013333885497390492
0.013815444146893325,0.012611415360987284,0.010924612138162017,0.7363213691364477,0.04301286875588699,0.6763638343120688,0.04548530067091987,0.013815444146893325,0.012611415360987284,0.010924612138162017,0.7363213691364477,0.04301286875588699,0.6763638343120688,0.04548530067091987
0.0436175033565368,0.016179980728293644,0.015794989094687666,0.706457271352204,0.07730885532217104,0.7026185648892767,0.04661865770103155,0.0436175033565368,0.016179980728293644,0.015794989094687666,0.706457271352204,0.07730885532217104,0.7026185648892767,0.04661865770103155
0.04677033842904134,0.016917042396005545,0.044417326998663215,0.692246115789858,0.04646849244113461,0.7194066994921116,0.016981762108633974,0.04677033842904134,0.016917042396005545,0.044417326998663215,0.692246115789858,0.04646849244113461,0.7194066994921116,0.016981762108633974
0.016528950346469527,0.045584531985120844,0.044667452647705816,0.690887761286244,0.01567371382876729,0.7219100073087759,0.045629725347252424,0.016528950346469527,0.045584531985120844,0.044667452647705816,0.690887761286244,0.01567371382876729,0.7219100073087759,0.045629725347252424
0.016702748833733176,0.07732347366230319,0.01757971534698831,0.720631280816128,0.046485227698867454,0.6896884416191867,0.01611674339031113,0.016702748833733176,0.07732347366230319,0.01757971534698831,0.720631280816128,0.046485227698867454,0.6896884416191867,0.01611674339031113
0.06485398981657026,0.06297275855764514,0.06231806620692625,0.7312939429313001,0.0010404585950948273,0.6764041361711606,1.2264978453202976e-6,0.06485398981657026,0.06297275855764514,0.06231806620692625,0.7312939429313001,0.0010404585950948273,0.6764041361711606,1.2264978453202976e-6
0.12404901519424306,0.06300420508493028,0.0006408927555193541,0.6990939926055325,0.0,0.7013851707479382,0.057845497165830075,0.12404901519424306,0.06300420508493028,0.0006408927555193541,0.6990939926055325,0.0,0.7013851707479382,0.057845497165830075
0.018249310032858387,0.007188669234693337,0.01815136684077422,0.6942588880042067,0.015618849747320517,0.7206241479518124,0.048046679710614056,0.018249310032858387,0.007188669234693337,0.01815136684077422,0.6942588880042067,0.015618849747320517,0.7206241479518124,0.048046679710614056
0.01690984005594693,0.016711470433121593,0.046140279142639136,0.70631760905923,0.01683801948102001,0.7023350228927732,0.1056590805400756,0.01690984005594693,0.016711470433121593,0.046140279142639136,0.70631760905923,0.01683801948102001,0.7023350228927732,0.1056590805400756
0.0734864586949338,0.016053994523916894,0.016371669578268643,0.6769474110567614,0.016813479687653378,0.734659105648916,0.015726329458558525,0.0734864586949338,0.016053994523916894,0.016371669578268643,0.6769474110567614,0.016813479687653378,0.734659105648916,0.015726329458558525
0.07286319999685492,0.050360552553367535,0.01665147390572507,0.722887475184592,0.016287733144324273,0.6884395351844511,0.016787606144832292,0.07286319999685492,0.050360552553367535,0.01665147390572507,0.722887475184592,0.016287733144324273,0.6884395351844511,0.016787606144832292
0.01703420970427537,0.046563583149029635,0.04268167160913903,0.7061006650774124,0.017057914435551092,0.7052051824409826,0.07617677634586414,0.01703420970427537,0.046563583149029635,0.04268167160913903,0.7061006650774124,0.017057914435551092,0.7052051824409826,0.07617677634586414
0.05257476595506485,0.009503543764920925,0.10994123982014564,0.7041456994236858,0.016816310741178467,0.7022997183724561,0.01628717018076423,0.05257476595506485,0.009503543764920925,0.10994123982014564,0.7041456994236858,0.016816310741178467,0.7022997183724561,0.01628717018076423
9.684970511526791e-18,1.0926147376679886e-17,0.23844691672475285,0.6878144060254732,0.0,0.6879206475103541,0.0,9.684970511526791e-18,1.0926147376679886e-17,0.23844691672475285,0.6878144060254732,0.0,0.6879206475103541,0.0
0.00012826326629436716,0.052606586756774314,0.00016811087956699445,0.6489546520539676,0.05402119266676077,0.7604369728533522,7.134932280708239e-6,0.00012826326629436716,0.052606586756774314,0.00016811087956699445,0.6489546520539676,0.05402119266676077,0.7604369728533522,7.134932280708239e-6
0.014157402423752394,0.044043611722900514,0.017104126506059608,0.704118299464393,0.045832920086969146,0.7051617749558146,0.07694475058337746,0.014157402423752394,0.044043611722900514,0.017104126506059608,0.704118299464393,0.045832920086969146,0.7051617749558146,0.07694475058337746
0.10871173850169838,0.04587457317280341,0.020181458924872612,0.7034628609110418,0.01799427475087798,0.7038838263759756,0.017703104851748176,0.10871173850169838,0.04587457317280341,0.020181458924872612,0.7034628609110418,0.01799427475087798,0.7038838263759756,0.017703104851748176
7.411572738608314e-18,0.12104016837783008,0.0,0.6986445426733031,0.12130631340911495,0.6978480569412553,0.000019938680990577654,7.411572738608314e-18,0.12104016837783008,0.0,0.6986445426733031,0.12130631340911495,0.6978480569412553,0.000019938680990577654
0.04795884041627827,0.015078720691773862,0.044292408959360666,0.7231914631559878,0.016548755148456,0.6914412469906613,0.04536197329920658,0.04795884041627827,0.015078720691773862,0.044292408959360666,0.7231914631559878,0.016548755148456,0.6914412469906613,0.04536197329920658
0.05881215988912003,0.00004228458194818559,0.05923488039971197,0.7012429642059452,0.0,0.700706046495197,0.1215909894018338,0.05881215988912003,0.00004228458194818559,0.05923488039971197,0.7012429642059452,0.0,0.700706046495197,0.1215909894018338
4.957096870921652e-19,4.650715919900876e-17,0.0,0.7595626916624375,0.0,0.6542777093664247,0.0,4.957096870921652e-19,4.650715919900876e-17,0.0,0.7595626916624375,0.0,0.6542777093664247,0.0
0.016337538945012404,0.046118149935190506,0.0460287873965081,0.6921380501938563,0.04455183837961365,0.7191624246055115,0.017221006519075575,0.016337538945012404,0.046118149935190506,0.0460287873965081,0.6921380501938563,0.04455183837961365,0.7191624246055115,0.017221006519075575
0.00003854627717265677,0.05893313578002574,0.058804057230656924,0.7328082601813067,0.05960705512647011,0.6752403111993764,0.0,0.00003854627717265677,0.05893313578002574,0.058804057230656924,0.7328082601813067,0.05960705512647011,0.6752403111993764,0.0
0.05897531884805453,0.0005551424550357466,0.05884874235325177,0.7333651201751041,0.0596523504460668,0.6757534253875451,0.0,0.05897531884805453,0.0005551424550357466,0.05884874235325177,0.7333651201751041,0.0596523504460668,0.6757534253875451,0.0
3.473237998459343e-18,3.567718120687985e-17,2.6683685811776355e-17,0.7297969728857949,0.1731295079751617,0.6654254812400584,8.302505996680466e-16,3.473237998459343e-18,3.567718120687985e-17,2.6683685811776355e-17,0.7297969728857949,0.1731295079751617,0.6654254812400584,8.302505996680466e-16
5.869147186035649e-17,3.1910044176945414e-18,1.7210795525151905e-17,5.209529486551927e-20,7.886248432452324e-20,3.2296434540436874e-18,1.0016153454723167,5.869147186035649e-17,3.1910044176945414e-18,1.7210795525151905e-17,5.209529486551927e-20,7.886248432452324e-20,3.2296434540436874e-18,1.0016153454723167
3.9025263142189333e-17,1.9616105264817004e-17,1.575100735230171e-17,0.758279154660475,0.000011349279206661491,0.6459170925769867,0.1118680946010525,3.9025263142189333e-17,1.9616105264817004e-17,1.575100735230171e-17,0.758279154660475,0.000011349279206661491,0.6459170925769867,0.1118680946010525
0.016732260619508638,0.04621293199264767,0.020334531781714762,0.6910281109697571,0.07549635203052207,0.7196886006412452,0.0,0.016732260619508638,0.04621293199264767,0.020334531781714762,0.6910281109697571,0.07549635203052207,0.7196886006412452,0.0
7.040026018945025e-18,0.0,0.11497234996811431,0.7315848160345184,0.0,0.6726202361849635,0.05940485299333913,7.040026018945025e-18,0.0,0.11497234996811431,0.7315848160345184,0.0,0.6726202361849635,0.05940485299333913
7.200248362761437e-8,2.887397487372725e-6,0.062121367539378504,0.7011200006076599,0.12207274834832749,0.7003221867247869,0.05876886801519669,7.200248362761437e-8,2.887397487372725e-6,0.062121367539378504,0.7011200006076599,0.12207274834832749,0.7003221867247869,0.05876886801519669
0.049571058777972764,0.08201910785050737,0.02270469331298775,0.7034598855458807,0.01686980449306207,0.704518316061578,0.0484254265136198,0.049571058777972764,0.08201910785050737,0.02270469331298775,0.7034598855458807,0.01686980449306207,0.704518316061578,0.0484254265136198
3.730210443150168e-17,3.6974662522843793e-19,8.725974099077474e-18,4.789940956146359e-17,1.0016895516752768,0.0,0.0,3.730210443150168e-17,3.6974662522843793e-19,8.725974099077474e-18,4.789940956146359e-17,1.0016895516752768,0.0,0.0
0.04604801638104745,0.01785923318941813,0.016478231134222573,0.7240878981537969,0.07451945046770259,0.6875584472443006,0.016241559783121324,0.04604801638104745,0.01785923318941813,0.016478231134222573,0.7240878981537969,0.07451945046770259,0.6875584472443006,0.016241559783121324
0.04453869488182568,0.01617814027452835,0.016939933158586065,0.720131520469165,0.014848968761887796,0.6942961625974667,0.017340639624319833,0.04453869488182568,0.01617814027452835,0.016939933158586065,0.720131520469165,0.014848968761887796,0.6942961625974667,0.017340639624319833
1.0689097111166975e-17,0.17456620339201703,0.0,0.6694508150329641,0.00016276058530380192,0.726068915542668,6.437828252640986e-6,1.0689097111166975e-17,0.17456620339201703,0.0,0.6694508150329641,0.00016276058530380192,0.726068915542668,6.437828252640986e-6
0.016651063715158537,0.07558157972797307,0.07826242588618937,0.7058299141503827,0.015787426789101937,0.702663756181872,0.015739941379714954,0.016651063715158537,0.07558157972797307,0.07826242588618937,0.7058299141503827,0.015787426789101937,0.702663756181872,0.015739941379714954
1.1006765667285885e-17,0.17975412461697896,0.0,0.6978354094777861,0.0005588593898388217,0.6947015211523908,0.06110442291007246,1.1006765667285885e-17,0.17975412461697896,0.0,0.6978354094777861,0.0005588593898388217,0.6947015211523908,0.06110442291007246
6.89964675725042e-18,0.11267978264515488,2.771095479669386e-10,0.7583988833204267,0.0,0.6462830888553761,0.00015388278417580016,6.89964675725042e-18,0.11267978264515488,2.771095479669386e-10,0.7583988833204267,0.0,0.6462830888553761,0.00015388278417580016
0.01741188471655698,0.01715040055020928,0.017580812810774706,0.7066664911166735,0.047633531201518794,0.7062136829253524,0.04655895372592489,0.01741188471655698,0.01715040055020928,0.017580812810774706,0.7066664911166735,0.047633531201518794,0.7062136829253524,0.04655895372592489
0.016008369873048923,0.015664328924380574,0.01585647477928987,0.7070284664980565,0.07360973848952794,0.7054580794740548,0.01702909178057523,0.016008369873048923,0.015664328924380574,0.01585647477928987,0.7070284664980565,0.07360973848952794,0.7054580794740548,0.01702909178057523
0.017154634635995675,0.04593624957365611,0.016459481072558815,0.708629180919096,0.04587944321298055,0.7056767620000763,0.01773962297590587,0.017154634635995675,0.04593624957365611,0.016459481072558815,0.708629180919096,0.04587944321298055,0.7056767620000763,0.01773962297590587
0.0476296136174847,0.04694392073442152,0.016214841204023788,0.7037996866564732,0.015449428359782991,0.7064793659984717,0.07806946811442411,0.0476296136174847,0.04694392073442152,0.016214841204023788,0.7037996866564732,0.015449428359782991,0.7064793659984717,0.07806946811442411
3.968021849252649e-8,0.001157715737720201,0.05710215259058038,0.706237018383147,0.05670539519402117,0.7058837703884663,0.0,3.968021849252649e-8,0.001157715737720201,0.05710215259058038,0.706237018383147,0.05670539519402117,0.7058837703884663,0.0
0.11533180530222413,0.0,0.0,0.6719863038707696,0.00004001143493183997,0.732890896029241,0.05711033991017306,0.11533180530222413,0.0,0.0,0.6719863038707696,0.00004001143493183997,0.732890896029241,0.05711033991017306
1.3242480284055596e-19,3.2969886120883837e-18,0.05388732472037602,0.6225644293382648,0.0,0.7848413518025836,0.0,1.3242480284055596e-19,3.2969886120883837e-18,0.05388732472037602,0.6225644293382648,0.0,0.7848413518025836,0.0
0.1167681074086304,0.05845230176064389,0.0,0.6744793324615512,0.0002719123286555511,0.7286632651354711,0.000031107418136480165,0.1167681074086304,0.05845230176064389,0.0,0.6744793324615512,0.0002719123286555511,0.7286632651354711,0.000031107418136480165
0.13590327214547082,0.017217417910749117,0.015706077313142917,0.7022143778541119,2.5404741433506047e-6,0.7014741890685342,0.016593864996627922,0.13590327214547082,0.017217417910749117,0.015706077313142917,0.7022143778541119,2.5404741433506047e-6,0.7014741890685342,0.016593864996627922
3.3059502953135927e-17,0.0,3.285503676751286e-17,0.7611801588682824,0.05124140291325496,0.6471759829582455,0.05623870304797982,3.3059502953135927e-17,0.0,3.285503676751286e-17,0.7611801588682824,0.05124140291325496,0.6471759829582455,0.05623870304797982
3.0760540526833176e-17,2.728249669886441e-17,1.172960295384121e-17,0.6982686927929738,0.12169332332163084,0.6976175332291191,0.11993127633293647,3.0760540526833176e-17,2.728249669886441e-17,1.172960295384121e-17,0.6982686927929738,0.12169332332163084,0.6976175332291191,0.11993127633293647
0.016593770691572803,0.07457483008025297,0.014891007588784491,0.7062085398719229,0.015954146766860484,0.7056124858007482,0.016760220270014937,0.016593770691572803,0.07457483008025297,0.014891007588784491,0.7062085398719229,0.015954146766860484,0.7056124858007482,0.016760220270014937
0.06027603642760103,0.0,0.0,0.695704610159064,0.18137296247739598,0.6953343455875836,0.0,0.06027603642760103,0.0,0.0,0.695704610159064,0.18137296247739598,0.6953343455875836,0.0
0.05688112804798112,0.11252123900074251,0.0,0.6732290778387011,0.0,0.7311190279211511,0.0,0.05688112804798112,0.11252123900074251,0.0,0.6732290778387011,0.0,0.7311190279211511,0.0
0.016192729945116384,0.015669153840950793,0.04430721929534992,0.6663245417620127,0.01674116353662282,0.7470373744550106,0.01606301641678915,0.016192729945116384,0.015669153840950793,0.04430721929534992,0.6663245417620127,0.01674116353662282,0.7470373744550106,0.01606301641678915
0.04349758202482826,0.016292032559290227,0.017316534071878425,0.69401491851771,0.015217406552497913,0.7207078865739021,0.01671389314298473,0.04349758202482826,0.016292032559290227,0.017316534071878425,0.69401491851771,0.015217406552497913,0.7207078865739021,0.01671389314298473
0.05791144866175583,0.0,0.05909279083360491,0.6750986104835492,0.058638217694036154,0.7343451139676921,0.0,0.05791144866175583,0.0,0.05909279083360491,0.6750986104835492,0.058638217694036154,0.7343451139676921,0.0
0.00014551248481892124,0.06000219620932711,1.186274194241039e-6,0.7014746259720941,0.06051159528500266,0.7003454043728906,0.12066908213820525,0.00014551248481892124,0.06000219620932711,1.186274194241039e-6,0.7014746259720941,0.06051159528500266,0.7003454043728906,0.12066908213820525
0.043181546845626306,0.043143303746416645,0.01661429700525133,0.7060721392022111,0.049224901041969145,0.7054993734477443,0.04770429139455304,0.043181546845626306,0.043143303746416645,0.01661429700525133,0.7060721392022111,0.049224901041969145,0.7054993734477443,0.04770429139455304
0.02084702978258072,0.019128863906033394,0.07199598169804122,0.6763922249252086,0.015207390054489131,0.7353231380639853,0.016923620929336657,0.02084702978258072,0.019128863906033394,0.07199598169804122,0.6763922249252086,0.015207390054489131,0.7353231380639853,0.016923620929336657
3.621586475444171e-18,0.05914499556877395,0.0,0.7592925066941573,0.05526321813710877,0.6479633374569609,0.0,3.621586475444171e-18,0.05914499556877395,0.0,0.7592925066941573,0.05526321813710877,0.6479633374569609,0.0
0.016148312567118968,0.018504527062377246,0.018772686206591338,0.7182274695767367,0.07299393319033998,0.6922442074377799,0.04682682938413235,0.016148312567118968,0.018504527062377246,0.018772686206591338,0.7182274695767367,0.07299393319033998,0.6922442074377799,0.04682682938413235
0.01577980038037039,0.044033514173834575,0.016620459715990143,0.7492138633949095,0.015418206447551383,0.6641158851340478,0.017355183175817076,0.01577980038037039,0.044033514173834575,0.016620459715990143,0.7492138633949095,0.015418206447551383,0.6641158851340478,0.017355183175817076
2.1789791134843415e-34,3.558542944792623e-18,0.05811541658003303,0.7312533191372095,0.11597731739262158,0.6731948823299763,0.0,2.1789791134843415e-34,3.558542944792623e-18,0.05811541658003303,0.7312533191372095,0.11597731739262158,0.6731948823299763,0.0
0.18180095800302415,0.0,0.0,0.6959585176468094,0.06084392633673931,0.6960062179718698,0.0,0.18180095800302415,0.0,0.0,0.6959585176468094,0.06084392633673931,0.6960062179718698,0.0
0.01813553024734501,0.10803178395447355,0.016680505182843544,0.7040442990808132,0.012336346920832601,0.703366172153726,0.0454074876003642,0.01813553024734501,0.10803178395447355,0.016680505182843544,0.7040442990808132,0.012336346920832601,0.703366172153726,0.0454074876003642
0.019387214565599994,0.014385360887584962,0.0787460305477709,0.7200976957021628,0.04706104495217463,0.6904149390560068,0.01564190533830601,0.019387214565599994,0.014385360887584962,0.0787460305477709,0.7200976957021628,0.04706104495217463,0.6904149390560068,0.01564190533830601
0.10714020026800326,0.018121286164657278,0.017254803294494366,0.7033739086507261,0.038023119083230715,0.7043575811895946,0.015619162976989944,0.10714020026800326,0.018121286164657278,0.017254803294494366,0.7033739086507261,0.038023119083230715,0.7043575811895946,0.015619162976989944
0.04986099295769582,0.10625458976763712,0.019892693781434104,0.7042040668473005,0.01777202587814295,0.7023890719519925,0.015478562903851242,0.04986099295769582,0.10625458976763712,0.019892693781434104,0.7042040668473005,0.01777202587814295,0.7023890719519925,0.015478562903851242
0.01665867665206686,0.016418032906589608,0.04295887092996246,0.7237575018202949,0.015334570905235451,0.6903641757116443,0.016751364609251675,0.01665867665206686,0.016418032906589608,0.04295887092996246,0.7237575018202949,0.015334570905235451,0.6903641757116443,0.016751364609251675
0.016579536641364336,0.015642772730928973,0.016948995409660394,0.7184953817676126,0.10838537845930869,0.6895616820625582,0.01663784606166111,0.016579536641364336,0.015642772730928973,0.016948995409660394,0.7184953817676126,0.10838537845930869,0.6895616820625582,0.01663784606166111
0.0011194932755155974,0.06027913481087919,0.18113324745160064,0.7007043219530342,0.00020103750156428156,0.6910234520233304,0.0002582433965509946,0.0011194932755155974,0.06027913481087919,0.18113324745160064,0.7007043219530342,0.00020103750156428156,0.6910234520233304,0.0002582433965509946
1.5518576245101572e-17,1.3901094981210614e-17,3.5180714837018114e-17,0.6677358982502399,0.0,0.7265108636803849,0.17328873514701112,1.5518576245101572e-17,1.3901094981210614e-17,3.5180714837018114e-17,0.6677358982502399,0.0,0.7265108636803849,0.17328873514701112
0.053909290173555294,0.0,0.0,0.6487831822025185,5.114105060422098e-7,0.7609299674554327,0.05500803845965777,0.053909290173555294,0.0,0.0,0.6487831822025185,5.114105060422098e-7,0.7609299674554327,0.05500803845965777
3.572342250497225e-18,0.05834077634440278,0.00009640396816505765,0.6730911108704639,0.11626516878916517,0.7308278404824227,0.0,3.572342250497225e-18,0.05834077634440278,0.00009640396816505765,0.6730911108704639,0.11626516878916517,0.7308278404824227,0.0
0.0192937945689031,0.049842109332119446,0.10998096223098253,0.7044001113696243,0.01438172912544758,0.702501150193707,0.014813087371607381,0.0192937945689031,0.049842109332119446,0.10998096223098253,0.7044001113696243,0.01438172912544758,0.702501150193707,0.014813087371607381
0.0008643966681472375,0.059013591059158224,0.0,0.6924829967121121,0.0014050271262664312,0.6985460864156458,0.18072284321725837,0.0008643966681472375,0.059013591059158224,0.0,0.6924829967121121,0.0014050271262664312,0.6985460864156458,0.18072284321725837
0.04122818526618928,0.015914489963414914,0.042828738669521686,0.7348783874843097,0.016630457626030777,0.6780175377559843,0.01780862848158423,0.04122818526618928,0.015914489963414914,0.042828738669521686,0.7348783874843097,0.016630457626030777,0.6780175377559843,0.01780862848158423
1.0026370556469146,0.0,0.0,0.0,0.0,0.0,0.0,1.0026370556469146,0.0,0.0,0.0,0.0,0.0,0.0
0.014737613206969901,0.014103378475351515,0.015334432777318273,0.7361744356981544,0.014827150257516101,0.6794292366159759,0.016920525563868468,0.014737613206969901,0.014103378475351515,0.015334432777318273,0.7361744356981544,0.014827150257516101,0.6794292366159759,0.016920525563868468
0.054375511700935866,5.58540546366084e-6,0.003684625572146086,0.6759743319124627,0.05692652389180043,0.7330833377467244,0.05795886110239372,0.054375511700935866,5.58540546366084e-6,0.003684625572146086,0.6759743319124627,0.05692652389180043,0.7330833377467244,0.05795886110239372
0.017489306626451172,0.04683242582019751,0.016780591222049217,0.7224539194521692,0.04790197092742257,0.6900460981229668,0.04495398012827446,0.017489306626451172,0.04683242582019751,0.016780591222049217,0.7224539194521692,0.04790197092742257,0.6900460981229668,0.04495398012827446
0.04609301867259103,0.07711536571048869,0.01638197670046078,0.7229489446695402,0.017046231639053017,0.6888623119746249,0.016747438703436854,0.04609301867259103,0.07711536571048869,0.01638197670046078,0.7229489446695402,0.017046231639053017,0.6888623119746249,0.016747438703436854
0.10701733915985341,0.015302900955037875,0.016626100946566184,0.6886636178284405,0.017198816348470446,0.71952899554193,0.01603618016108148,0.10701733915985341,0.015302900955037875,0.016626100946566184,0.6886636178284405,0.017198816348470446,0.71952899554193,0.01603618016108148
0.01717851808710005,0.015844839196850837,0.10211127115133026,0.7044746498446716,0.047293512484776694,0.7035251774189771,0.016949491088801776,0.01717851808710005,0.015844839196850837,0.10211127115133026,0.7044746498446716,0.047293512484776694,0.7035251774189771,0.016949491088801776
0.07516359286191714,0.01727724353927165,0.013074554130802623,0.7213399451511255,0.04562408363800591,0.6896371293534777,0.015722920134305922,0.07516359286191714,0.01727724353927165,0.013074554130802623,0.7213399451511255,0.04562408363800591,0.6896371293534777,0.015722920134305922
3.517582073458141e-18,3.1218791933035207e-19,0.05767227503168933,0.7063330142337805,0.0,0.7062609000120947,0.05575224523233031,3.517582073458141e-18,3.1218791933035207e-19,0.05767227503168933,0.7063330142337805,0.0,0.7062609000120947,0.05575224523233031
9.018939119106437e-19,3.5547864658743404e-18,0.05989340247962844,0.6949547475087744,0.18093446592828827,0.6960048190338032,0.00024295387907024793,9.018939119106437e-19,3.5547864658743404e-18,0.05989340247962844,0.6949547475087744,0.18093446592828827,0.6960048190338032,0.00024295387907024793
0.00008981985582145654,0.00001710513825522059,0.11221292212467333,0.6458818848051845,0.0,0.7575906997612248,0.0,0.00008981985582145654,0.00001710513825522059,0.11221292212467333,0.6458818848051845,0.0,0.7575906997612248,0.0
0.0001692064534091214,0.0,6.811076880594531e-6,0.6681874022807317,0.17341742127784052,0.7261101485326421,0.00011015799992572543,0.0001692064534091214,0.0,6.811076880594531e-6,0.6681874022807317,0.17341742127784052,0.7261101485326421,0.00011015799992572543
9.72713955513567e-18,5.245426968525469e-18,0.18048180696167315,0.6963957673255236,0.0,0.6952473478215485,0.05816719365702831,9.72713955513567e-18,5.245426968525469e-18,0.18048180696167315,0.6963957673255236,0.0,0.6952473478215485,0.05816719365702831
3.378816215517524e-18,0.05518025634607443,0.0,0.7603868235755693,0.0,0.6476027163615973,0.0565260219570889,3.378816215517524e-18,0.05518025634607443,0.0,0.7603868235755693,0.0,0.6476027163615973,0.0565260219570889
0.017211876198186562,0.10665462040214874,0.018594911041467977,0.7041748924374513,0.04764543285835941,0.7024619936917819,0.01722682695166242,0.017211876198186562,0.10665462040214874,0.018594911041467977,0.7041748924374513,0.04764543285835941,0.7024619936917819,0.01722682695166242
6.8859342979786615e-18,0.11245584119066686,0.0,0.7050408177126839,0.0,0.7040697134992584,6.885298274988749e-6,6.8859342979786615e-18,0.11245584119066686,0.0,0.7050408177126839,0.0,0.7040697134992584,6.885298274988749e-6
6.8883331778027174e-18,0.11249501787125304,0.0,0.6460983628955576,0.0002826032093607838,0.7579042766670726,1.0276586869971521e-6,6.8883331778027174e-18,0.11249501787125304,0.0,0.6460983628955576,0.0002826032093607838,0.7579042766670726,1.0276586869971521e-6
0.0411358563256619,0.04746512487148198,0.04546829717238245,0.7221522305705436,0.016511364660070783,0.6900896920058616,0.016166068573954237,0.0411358563256619,0.04746512487148198,0.04546829717238245,0.7221522305705436,0.016511364660070783,0.6900896920058616,0.016166068573954237
0.013643382692286139,0.014022600538558902,0.018105565135313768,0.6926242457460844,0.03985577674132369,0.720252318101671,0.061675323165429265,0.013643382692286139,0.014022600538558902,0.018105565135313768,0.6926242457460844,0.03985577674132369,0.720252318101671,0.061675323165429265
0.011896556785960835,0.014961101650166484,0.013450353310007438,0.6790181428258472,0.014353005480449585,0.7326718791250509,0.07107317961822907,0.011896556785960835,0.014961101650166484,0.013450353310007438,0.6790181428258472,0.014353005480449585,0.7326718791250509,0.07107317961822907
0.05688757022853197,3.4594405074586725e-6,0.0,0.762160770267805,0.06122309695988621,0.6449114326715643,0.0001218530501134727,0.05688757022853197,3.4594405074586725e-6,0.0,0.762160770267805,0.06122309695988621,0.6449114326715643,0.0001218530501134727
0.07427725194798834,0.016451664677887945,0.014757597289147205,0.704740084481619,0.015490964269921885,0.7042429217423153,0.0731562907892279,0.07427725194798834,0.016451664677887945,0.014757597289147205,0.704740084481619,0.015490964269921885,0.7042429217423153,0.0731562907892279
0.04417038209921955,0.01620152575591877,0.016256338653541265,0.7211438845734951,0.04554687009219964,0.6910900869761067,0.04588144712917266,0.04417038209921955,0.01620152575591877,0.016256338653541265,0.7211438845734951,0.04554687009219964,0.6910900869761067,0.04588144712917266
0.18210806774469418,0.06734369098649824,2.4887247700310788e-6,0.6970153367170696,0.00014028855689813497,0.6934607643965972,0.0014974194271608497,0.18210806774469418,0.06734369098649824,2.4887247700310788e-6,0.6970153367170696,0.00014028855689813497,0.6934607643965972,0.0014974194271608497
3.86180047483325e-17,9.259031344134928e-18,0.0,0.648553786805803,0.05624016141932669,0.7604796300412202,0.05653839265148747,3.86180047483325e-17,9.259031344134928e-18,0.0,0.648553786805803,0.05624016141932669,0.7604796300412202,0.05653839265148747
0.015955598969700464,0.07386462845015168,0.017058678484984012,0.6908445087895632,0.04456223963578487,0.7198231580822698,0.0,0.015955598969700464,0.07386462845015168,0.017058678484984012,0.6908445087895632,0.04456223963578487,0.7198231580822698,0.0
0.017081969470850784,0.01718956430253263,0.07977719176616858,0.7033038454561844,0.04732955558861295,0.7048206203471384,0.04613629339286101,0.017081969470850784,0.01718956430253263,0.07977719176616858,0.7033038454561844,0.04732955558861295,0.7048206203471384,0.04613629339286101
0.003968607976519985,0.003833128481844828,0.000013261923965526059,0.688069045507059,0.0007694038643448333,0.6879490938903985,0.2399611832642427,0.003968607976519985,0.003833128481844828,0.000013261923965526059,0.688069045507059,0.0007694038643448333,0.6879490938903985,0.2399611832642427
0.043982285876016255,0.015511708999646325,0.0738412262634447,0.690682110327301,0.01639962517436136,0.7203737926657309,0.019221436496493934,0.043982285876016255,0.015511708999646325,0.0738412262634447,0.690682110327301,0.01639962517436136,0.7203737926657309,0.019221436496493934
0.016417835488238813,0.07285347494941456,0.04529546908282331,0.7053812433543551,0.016357158881643876,0.7045609191894028,0.04741125946836203,0.016417835488238813,0.07285347494941456,0.04529546908282331,0.7053812433543551,0.016357158881643876,0.7045609191894028,0.04741125946836203
0.04216528326188232,0.015034932202227997,0.015210120302803188,0.6778876847220231,0.045433668353619484,0.7348060194321071,0.0167268048635167,0.04216528326188232,0.015034932202227997,0.015210120302803188,0.6778876847220231,0.045433668353619484,0.7348060194321071,0.0167268048635167
0.053869102714463976,0.0,0.0,0.6219249169261178,0.000042196264833853,0.7832936089877769,0.0,0.053869102714463976,0.0,0.0,0.6219249169261178,0.000042196264833853,0.7832936089877769,0.0
3.333814148307161e-17,1.241497235463274e-17,2.717374196815758e-17,0.7310807427367157,0.11708976395295904,0.6734541139697677,0.05849195992755864,3.333814148307161e-17,1.241497235463274e-17,2.717374196815758e-17,0.7310807427367157,0.11708976395295904,0.6734541139697677,0.05849195992755864
0.0001819249383176237,0.05647382711551645,0.056636099770163005,0.7125007019065871,0.0,0.7042342278268844,0.00011974189733178534,0.0001819249383176237,0.05647382711551645,0.056636099770163005,0.7125007019065871,0.0,0.7042342278268844,0.00011974189733178534
0.015678363642488754,0.016437945709303896,0.04430647880931023,0.7066113558472419,0.01582771334191342,0.7084291030737289,0.045954165004841264,0.015678363642488754,0.016437945709303896,0.04430647880931023,0.7066113558472419,0.01582771334191342,0.7084291030737289,0.045954165004841264
0.015894816821218218,0.07475669367754388,0.01725270580292735,0.7056755995482429,0.07356616853857159,0.7026471690620475,0.016762805497126672,0.015894816821218218,0.07475669367754388,0.01725270580292735,0.7056755995482429,0.07356616853857159,0.7026471690620475,0.016762805497126672
0.04863098463342882,0.05083704399450996,0.08064514207193098,0.704824960001755,0.017573229020146616,0.7034486390097509,0.01734430623051224,0.04863098463342882,0.05083704399450996,0.08064514207193098,0.704824960001755,0.017573229020146616,0.7034486390097509,0.01734430623051224
0.04548312690043612,0.0164680116799724,0.0751120650020027,0.723099053082579,0.015653611105098622,0.6871457487803285,0.018025744774143385,0.04548312690043612,0.0164680116799724,0.0751120650020027,0.723099053082579,0.015653611105098622,0.6871457487803285,0.018025744774143385
0.01589073037099287,0.014458931639690899,0.01988948384987782,0.7202121820101315,0.04620347831035537,0.6909433548771817,0.07570397872148098,0.01589073037099287,0.014458931639690899,0.01988948384987782,0.7202121820101315,0.04620347831035537,0.6909433548771817,0.07570397872148098
3.2843281687669686e-18,0.0536371494385752,0.0005767530661191379,0.7347385159513766,0.0,0.679744937292199,0.00018213625550099144,3.2843281687669686e-18,0.0536371494385752,0.0005767530661191379,0.7347385159513766,0.0,0.679744937292199,0.00018213625550099144
3.7359794497008086e-17,2.5828002181887342e-18,1.819937948062931e-17,0.6799843515391678,0.05292712720292718,0.7337542482545913,0.0,3.7359794497008086e-17,2.5828002181887342e-18,1.819937948062931e-17,0.6799843515391678,0.05292712720292718,0.7337542482545913,0.0
0.00004819225745189504,0.00013966199361995014,1.8234870077439586e-9,0.6810933731199025,0.0,0.7340854038827995,0.053976128582886584,0.00004819225745189504,0.00013966199361995014,1.8234870077439586e-9,0.6810933731199025,0.0,0.7340854038827995,0.053976128582886584
0.04684194452184964,0.04674005858395609,0.01757736689998159,0.7053485257458803,0.015482374362488203,0.7081063449827462,0.017362160507136043,0.04684194452184964,0.04674005858395609,0.01757736689998159,0.7053485257458803,0.015482374362488203,0.7081063449827462,0.017362160507136043
0.01671779325361521,0.016303674059779855,0.014814331874205397,0.69016582992865,0.10411406512477211,0.7192036266557165,0.015702425565425226,0.01671779325361521,0.016303674059779855,0.014814331874205397,0.69016582992865,0.10411406512477211,0.7192036266557165,0.015702425565425226
0.06016500747521271,0.12222746987945153,0.00004158461007831598,0.6998287341522357,0.06465960482924893,0.7018844725765204,0.0,0.06016500747521271,0.12222746987945153,0.00004158461007831598,0.6998287341522357,0.06465960482924893,0.7018844725765204,0.0
0.01596799261091542,0.10635223360177173,0.019057938742035894,0.6884221391741534,0.01665708886552584,0.7194750078824789,0.012767101544426705,0.01596799261091542,0.10635223360177173,0.019057938742035894,0.6884221391741534,0.01665708886552584,0.7194750078824789,0.012767101544426705
0.059521667445451176,0.1850229980625354,0.0012429084231013875,0.697441076278792,0.0,0.6938538896581293,0.0,0.059521667445451176,0.1850229980625354,0.0012429084231013875,0.697441076278792,0.0,0.6938538896581293,0.0
2.498033540379772e-17,2.3250099704985493e-17,2.639740148247891e-17,0.7045954377352676,0.11239204831767906,0.7038742185283016,0.0,2.498033540379772e-17,2.3250099704985493e-17,2.639740148247891e-17,0.7045954377352676,0.11239204831767906,0.7038742185283016,0.0
1.0697075838917277e-17,0.1746965059046412,0.0,0.7294551909432618,0.0,0.6639134462703662,4.818040676051285e-6,1.0697075838917277e-17,0.1746965059046412,0.0,0.7294551909432618,0.0,0.6639134462703662,4.818040676051285e-6
0.00015429428016990198,0.0006520525385443227,0.05585634324845508,0.7610109404520822,0.0,0.6480751241225563,0.05596697592884139,0.00015429428016990198,0.0006520525385443227,0.05585634324845508,0.7610109404520822,0.0,0.6480751241225563,0.05596697592884139
8.456931416882433e-19,3.2327446402042637e-18,0.05457135570116393,0.7835840025255826,0.00006308036325931152,0.6229341554130919,0.00010182286765876134,8.456931416882433e-19,3.2327446402042637e-18,0.05457135570116393,0.7835840025255826,0.00006308036325931152,0.6229341554130919,0.00010182286765876134
3.986923720263109e-18,1.140641033056856e-17,4.153117706668862e-17,0.7063785726178767,0.05654295715975276,0.7062703394867385,0.05717175330745869,3.986923720263109e-18,1.140641033056856e-17,4.153117706668862e-17,0.7063785726178767,0.05654295715975276,0.7062703394867385,0.05717175330745869
0.05561876563443476,0.05537285998933211,0.0,0.650526835750038,4.512300114569998e-6,0.7585915093000319,0.0,0.05561876563443476,0.05537285998933211,0.0,0.650526835750038,4.512300114569998e-6,0.7585915093000319,0.0
0.046927741154506035,0.018430665693477132,0.07629730214044765,0.7033224535334881,0.0159223996311153,0.7060858975201411,0.04869484905392156,0.046927741154506035,0.018430665693477132,0.07629730214044765,0.7033224535334881,0.0159223996311153,0.7060858975201411,0.04869484905392156
0.04675373952015526,0.01601448757027904,0.046734386801497975,0.7064696187036654,0.017510836585797922,0.7071057660388159,0.01573432436911291,0.04675373952015526,0.01601448757027904,0.046734386801497975,0.7064696187036654,0.017510836585797922,0.7071057660388159,0.01573432436911291
0.058375075249186,0.0,0.00021522583248093628,0.6724337773508775,0.11615298760074494,0.7313368880357813,6.924813868782094e-6,0.058375075249186,0.0,0.00021522583248093628,0.6724337773508775,0.11615298760074494,0.7313368880357813,6.924813868782094e-6
2.5352263395069113e-18,4.160595054843894e-17,1.5691675235722475e-17,0.7273749876423219,0.0,0.6668426207520718,0.17388525664372248,2.5352263395069113e-18,4.160595054843894e-17,1.5691675235722475e-17,0.7273749876423219,0.0,0.6668426207520718,0.17388525664372248
0.07556247758787282,0.020941529547497496,0.047334192677960164,0.706126180542537,0.012788118424796185,0.7034180990916341,0.04638184716097807,0.07556247758787282,0.020941529547497496,0.047334192677960164,0.706126180542537,0.012788118424796185,0.7034180990916341,0.04638184716097807
0.04981475713745839,0.008631607889074284,0.04744813104008435,0.7088748909367114,0.07187949019333503,0.7032704782387396,0.01705441881660044,0.04981475713745839,0.008631607889074284,0.04744813104008435,0.7088748909367114,0.07187949019333503,0.7032704782387396,0.01705441881660044
0.058483481288953414,0.0011283727401584338,0.05957447556650286,0.6757490716101211,0.00004121310987462398,0.7339452494604489,0.05753132199855225,0.058483481288953414,0.0011283727401584338,0.05957447556650286,0.6757490716101211,0.00004121310987462398,0.7339452494604489,0.05753132199855225
5.606923391980191e-18,8.715903437854004e-18,4.188657709679697e-17,0.7046868095759116,0.0,0.7035291183820335,0.11238213525466413,5.606923391980191e-18,8.715903437854004e-18,4.188657709679697e-17,0.7046868095759116,0.0,0.7035291183820335,0.11238213525466413
0.017624658806159918,0.017653351116727046,0.01535977969720483,0.7179976486816018,0.015002909252166088,0.6901344837173482,0.10270842558310916,0.017624658806159918,0.017653351116727046,0.01535977969720483,0.7179976486816018,0.015002909252166088,0.6901344837173482,0.10270842558310916
0.05316224820743998,0.0,0.00016988605976944791,0.6486735756443552,0.053951825971295976,0.7601576853931434,7.1323118174782546e-6,0.05316224820743998,0.0,0.00016988605976944791,0.6486735756443552,0.053951825971295976,0.7601576853931434,7.1323118174782546e-6
1.486750694465203e-18,3.3765382289053197e-18,0.06025195585244332,0.7007453436983984,0.06080310551162952,0.7002511107640623,0.12222118139752665,1.486750694465203e-18,3.3765382289053197e-18,0.06025195585244332,0.7007453436983984,0.06080310551162952,0.7002511107640623,0.12222118139752665
0.0004009819718191226,0.05922106275268779,0.05860807876320801,0.7337674107257594,0.0,0.6749326904737004,0.058448954268830816,0.0004009819718191226,0.05922106275268779,0.05860807876320801,0.7337674107257594,0.0,0.6749326904737004,0.058448954268830816
0.05796838354236418,0.0010980303532503654,0.0,0.674668463404718,0.0,0.7321601438452724,0.11567769329984115,0.05796838354236418,0.0010980303532503654,0.0,0.674668463404718,0.0,0.7321601438452724,0.11567769329984115
0.019189261341895827,0.01818513282388363,0.10522426051734918,0.7034714786944923,0.014164226081947657,0.7031033456302892,0.04533271411682245,0.019189261341895827,0.01818513282388363,0.10522426051734918,0.7034714786944923,0.014164226081947657,0.7031033456302892,0.04533271411682245
0.017604662355579916,0.04652789512167535,0.017030561313845047,0.6923733808489466,0.016464909935787732,0.7194729230762633,0.07610260403588938,0.017604662355579916,0.04652789512167535,0.017030561313845047,0.6923733808489466,0.016464909935787732,0.7194729230762633,0.07610260403588938
0.01630557123248176,0.01655592413283467,0.014084534350509617,0.7036755759250635,0.13862803544467084,0.700744888004217,0.015363538043460757,0.01630557123248176,0.01655592413283467,0.014084534350509617,0.7036755759250635,0.13862803544467084,0.700744888004217,0.015363538043460757
0.047976270946039665,0.04700249835142609,0.017342862842912567,0.7091986685336834,0.07191232104812185,0.7036305020596095,0.017062670572929227,0.047976270946039665,0.04700249835142609,0.017342862842912567,0.7091986685336834,0.07191232104812185,0.7036305020596095,0.017062670572929227
0.04607365338063636,0.07627777374889366,0.042013034560157175,0.7037697940331243,0.016692048072595996,0.7061047007490822,0.016239597442442782,0.04607365338063636,0.07627777374889366,0.042013034560157175,0.7037697940331243,0.016692048072595996,0.7061047007490822,0.016239597442442782
3.7164210289188884e-18,0.06069376136052298,0.060843067361658024,0.6996840038667813,0.12003006630070051,0.7030368741498383,0.0,3.7164210289188884e-18,0.06069376136052298,0.060843067361658024,0.6996840038667813,0.12003006630070051,0.7030368741498383,0.0
2.806535167628887e-17,5.934254760893463e-20,2.7904820154600284e-17,0.6463430166048477,0.0006324138546330267,0.7572364321967511,0.11256740351371439,2.806535167628887e-17,5.934254760893463e-20,2.7904820154600284e-17,0.6463430166048477,0.0006324138546330267,0.7572364321967511,0.11256740351371439
0.11642110307923369,0.05815056000948385,0.0,0.7309598650148292,0.000015396687552088915,0.6732839064577946,0.0012026615539139083,0.11642110307923369,0.05815056000948385,0.0,0.7309598650148292,0.000015396687552088915,0.6732839064577946,0.0012026615539139083
1.833244952520757e-6,0.11849461844883127,0.057097742202443874,0.7005613396028153,0.04908298021235845,0.702651376195668,0.0016581852997427184,1.833244952520757e-6,0.11849461844883127,0.057097742202443874,0.7005613396028153,0.04908298021235845,0.702651376195668,0.0016581852997427184
0.000053840925847338465,0.05392006302381457,0.0,0.6488700590444154,0.0,0.7595275578793016,0.05606257157141879,0.000053840925847338465,0.05392006302381457,0.0,0.6488700590444154,0.0,0.7595275578793016,0.05606257157141879
0.046312443058917116,0.01760765203404292,0.04600214166695823,0.7034024873345849,0.0169197222168531,0.7062901058004323,0.0786685298109821,0.046312443058917116,0.01760765203404292,0.04600214166695823,0.7034024873345849,0.0169197222168531,0.7062901058004323,0.0786685298109821
0.05712255648041203,0.0,0.0,0.7069978264326261,0.0,0.7068783603225075,0.05643941002619958,0.05712255648041203,0.0,0.0,0.7069978264326261,0.0,0.7068783603225075,0.05643941002619958
0.0164925522507703,0.04642897832479879,0.04683372667430419,0.7077888212662848,0.017543140676031133,0.7052916170664522,0.016290715331668273,0.0164925522507703,0.04642897832479879,0.04683372667430419,0.7077888212662848,0.017543140676031133,0.7052916170664522,0.016290715331668273
9.248822298654566e-18,4.171247210336765e-17,7.429539679813305e-18,0.7082316627640706,0.00019907697591982763,0.7079320404193172,0.0,9.248822298654566e-18,4.171247210336765e-17,7.429539679813305e-18,0.7082316627640706,0.00019907697591982763,0.7079320404193172,0.0
6.78399499417723e-18,2.3472703515534487e-18,0.11723539867615546,0.7321383465274264,0.0583517629973145,0.6739874808587423,0.0004573392576633462,6.78399499417723e-18,2.3472703515534487e-18,0.11723539867615546,0.7321383465274264,0.0583517629973145,0.6739874808587423,0.0004573392576633462
0.05726886254559288,0.11701102085003576,0.052134260867502,0.7029052151181805,0.0,0.7002317335238972,3.624858834716928e-6,0.05726886254559288,0.11701102085003576,0.052134260867502,0.7029052151181805,0.0,0.7002317335238972,3.624858834716928e-6
0.017953610818331148,0.018158411736811573,0.041949488792805,0.6784108304398548,0.014840424940216236,0.7339304611277964,0.0462794962457531,0.017953610818331148,0.018158411736811573,0.041949488792805,0.6784108304398548,0.014840424940216236,0.7339304611277964,0.0462794962457531
0.00044793423833892215,0.11722060298274992,0.05708097636315889,0.6733109686781081,0.0,0.7313379032713218,0.0,0.00044793423833892215,0.11722060298274992,0.05708097636315889,0.6733109686781081,0.0,0.7313379032713218,0.0
0.0766780985543037,0.07475737760103869,0.018662077735816046,0.7052464304392642,0.017838032539396063,0.7038887711292111,0.015721156523181255,0.0766780985543037,0.07475737760103869,0.018662077735816046,0.7052464304392642,0.017838032539396063,0.7038887711292111,0.015721156523181255
6.137682861616316e-17,1.0023596788706115,0.0,0.0,0.0,0.0,0.0,6.137682861616316e-17,1.0023596788706115,0.0,0.0,0.0,0.0,0.0
0.0004186525896457683,0.05871592544249972,0.05899370350512229,0.7015638110439629,0.0,0.7009943260197501,0.12164101350650654,0.0004186525896457683,0.05871592544249972,0.05899370350512229,0.7015638110439629,0.0,0.7009943260197501,0.12164101350650654
0.06055562584596979,1.97366348933751e-6,0.12127510613163266,0.6997618291857782,0.0007759768246537718,0.7017098004658612,0.06072943753473955,0.06055562584596979,1.97366348933751e-6,0.12127510613163266,0.6997618291857782,0.0007759768246537718,0.7017098004658612,0.06072943753473955
0.015019189685591747,0.01596293931461446,0.01682226708408343,0.7036352353573393,0.07603715388572391,0.7050371187857418,0.07931231447751824,0.015019189685591747,0.01596293931461446,0.01682226708408343,0.7036352353573393,0.07603715388572391,0.7050371187857418,0.07931231447751824
0.016309797434674936,0.016887963492439734,0.046487522415817474,0.7351220629990328,0.016469702380094313,0.6781276113616135,0.04556661398855641,0.016309797434674936,0.016887963492439734,0.046487522415817474,0.7351220629990328,0.016469702380094313,0.6781276113616135,0.04556661398855641
0.07365104439280229,0.01714879044593414,0.01740407914586032,0.7205804127847298,0.015842445521704402,0.6896010680615384,0.04705936857776629,0.07365104439280229,0.01714879044593414,0.01740407914586032,0.7205804127847298,0.015842445521704402,0.6896010680615384,0.04705936857776629
5.882603353656367e-20,1.0639725713311356e-17,0.17376256307131646,0.6682953709279412,0.00010839012118712042,0.7261990216408104,0.0,5.882603353656367e-20,1.0639725713311356e-17,0.17376256307131646,0.6682953709279412,0.00010839012118712042,0.7261990216408104,0.0
0.01563295072769997,0.015959402960365472,0.017076196232258527,0.6659690274187147,0.015119537804120082,0.7462113464421324,0.046654618646545236,0.01563295072769997,0.015959402960365472,0.017076196232258527,0.6659690274187147,0.015119537804120082,0.7462113464421324,0.046654618646545236
3.545601826916141e-18,0.05790407208649428,0.0,0.6957893037693011,0.18109286191429794,0.6953693373590767,0.0,3.545601826916141e-18,0.05790407208649428,0.0,0.6957893037693011,0.18109286191429794,0.6953693373590767,0.0
0.01521182101746712,0.017431391206714775,0.017523314686865844,0.6881168642414727,0.07504187526163492,0.7226103593043268,0.04766013729592679,0.01521182101746712,0.017431391206714775,0.017523314686865844,0.6881168642414727,0.07504187526163492,0.7226103593043268,0.04766013729592679
0.01634029735992559,0.07525133835416314,0.0162283557189297,0.7209797795146977,0.016605518493170646,0.6893078727161968,0.04666948789990099,0.01634029735992559,0.07525133835416314,0.0162283557189297,0.7209797795146977,0.016605518493170646,0.6893078727161968,0.04666948789990099
6.564492980492968e-18,2.807318689431274e-17,2.9414663402298825e-17,0.6726446372117189,0.05658728461357086,0.7314820557128915,0.11669946549490612,6.564492980492968e-18,2.807318689431274e-17,2.9414663402298825e-17,0.6726446372117189,0.05658728461357086,0.7314820557128915,0.11669946549490612
7.136282842070387e-18,6.832736479970617e-19,0.11707732759522314,0.6736642537494739,0.0,0.7336849165593234,0.05820666684599324,7.136282842070387e-18,6.832736479970617e-19,0.11707732759522314,0.6736642537494739,0.0,0.7336849165593234,0.05820666684599324
0.017048754952656574,0.017013440645653768,0.04481253023133901,0.7357313331945959,0.04582838203810341,0.6761108710655032,0.015659277700896174,0.017048754952656574,0.017013440645653768,0.04481253023133901,0.7357313331945959,0.04582838203810341,0.6761108710655032,0.015659277700896174
0.05621304072961657,0.05632002791352347,0.0,0.762868200853477,0.0,0.6484197518478152,0.0002082472165275082,0.05621304072961657,0.05632002791352347,0.0,0.762868200853477,0.0,0.6484197518478152,0.0002082472165275082
0.014840834047644661,0.04402874639876365,0.015968440782331658,0.7046387753445517,0.016145953813480215,0.7082530794002302,0.046289181378801836,0.014840834047644661,0.04402874639876365,0.015968440782331658,0.7046387753445517,0.016145953813480215,0.7082530794002302,0.046289181378801836
2.1876710439069892e-17,2.0595576402334196e-17,2.0865205114862938e-17,0.5974031223383947,2.9930254143804156e-9,0.8039971138811101,0.0,2.1876710439069892e-17,2.0595576402334196e-17,2.0865205114862938e-17,0.5974031223383947,2.9930254143804156e-9,0.8039971138811101,0.0
0.07767037053927411,0.018894661419950127,0.021027447326702586,0.7038494640004951,0.04942050265363153,0.7053004778974127,0.04690774021912753,0.07767037053927411,0.018894661419950127,0.021027447326702586,0.7038494640004951,0.04942050265363153,0.7053004778974127,0.04690774021912753
0.058648717702911496,0.0,0.0,0.7007240478896969,0.12083819558981593,0.7008532474239549,0.058945302792445586,0.058648717702911496,0.0,0.0,0.7007240478896969,0.12083819558981593,0.7008532474239549,0.058945302792445586
2.526065371063446e-18,6.9319312278668755e-18,0.12048944110655847,0.6977648703208715,0.12139393121011262,0.6985606048516078,7.221068010273017e-6,2.526065371063446e-18,6.9319312278668755e-18,0.12048944110655847,0.6977648703208715,0.12139393121011262,0.6985606048516078,7.221068010273017e-6
0.01695528506682786,0.016219278458885694,0.045816938699015854,0.7058087088362076,0.04450945979676181,0.7035414032943541,0.07834589533427565,0.01695528506682786,0.016219278458885694,0.045816938699015854,0.7058087088362076,0.04450945979676181,0.7035414032943541,0.07834589533427565
0.11625142320697333,0.0,0.058941378661594095,0.6730252262163142,7.057187065632325e-7,0.7310090459747608,0.0,0.11625142320697333,0.0,0.058941378661594095,0.6730252262163142,7.057187065632325e-7,0.7310090459747608,0.0
0.016554527423288813,0.016415090494163658,0.01799402251508965,0.7046827419122083,0.043483764558878146,0.703964823117674,0.10677468374484457,0.016554527423288813,0.016415090494163658,0.01799402251508965,0.7046827419122083,0.043483764558878146,0.703964823117674,0.10677468374484457
0.0006124997357590833,0.12234273458651859,0.12275977836680442,0.6958864232562603,7.3699626356287e-7,0.7001246532555577,2.0051847863314935e-6,0.0006124997357590833,0.12234273458651859,0.12275977836680442,0.6958864232562603,7.3699626356287e-7,0.7001246532555577,2.0051847863314935e-6
0.016095207065045983,0.015749299870772913,0.01634686998159935,0.7359654561576873,0.07656851254740568,0.675403676236712,0.016911972859616594,0.016095207065045983,0.015749299870772913,0.01634686998159935,0.7359654561576873,0.07656851254740568,0.675403676236712,0.016911972859616594
0.014362428876095444,0.014813761279982348,0.014936381567978834,0.6798069647043257,0.015465190934213224,0.7357688849994357,0.016169036128836276,0.014362428876095444,0.014813761279982348,0.014936381567978834,0.6798069647043257,0.015465190934213224,0.7357688849994357,0.016169036128836276
0.017291945528786736,0.015800820119099505,0.07521479639855429,0.692170083372018,0.04698903581074474,0.7200054158727002,0.017238489837424837,0.017291945528786736,0.015800820119099505,0.07521479639855429,0.692170083372018,0.04698903581074474,0.7200054158727002,0.017238489837424837
1.2520152533691143e-17,4.1244548492099566e-17,1.2485334843980347e-17,0.7328616294088712,0.0,0.6808581487479497,0.05434460460566941,1.2520152533691143e-17,4.1244548492099566e-17,1.2485334843980347e-17,0.7328616294088712,0.0,0.6808581487479497,0.05434460460566941
0.11997336944554289,0.12135302517431637,0.0,0.6950270885562492,0.0,0.7026800970879067,0.0003965129594577134,0.11997336944554289,0.12135302517431637,0.0,0.6950270885562492,0.0,0.7026800970879067,0.0003965129594577134
0.059487787597946734,0.05784849114381107,7.260006995766171e-6,0.6753962324269459,2.467328976061458e-6,0.7333572459243212,0.058370632343164,0.059487787597946734,0.05784849114381107,7.260006995766171e-6,0.6753962324269459,2.467328976061458e-6,0.7333572459243212,0.058370632343164
3.5037742926622946e-18,0.05722097661304073,0.000015992722024947204,0.6726950407078417,0.0001729829821410019,0.7311882544049451,0.11544797315655447,3.5037742926622946e-18,0.05722097661304073,0.000015992722024947204,0.6726950407078417,0.0001729829821410019,0.7311882544049451,0.11544797315655447
0.014446008292470412,0.0714142587142223,0.04642191683166295,0.720916932525808,0.016290128615919577,0.6901514063349199,0.015712922254631154,0.014446008292470412,0.0714142587142223,0.04642191683166295,0.720916932525808,0.016290128615919577,0.6901514063349199,0.015712922254631154
0.017167680229184887,0.0467413014512609,0.04703702351612382,0.7185355966507508,0.045602472272250075,0.6933390332766788,0.01730595853020161,0.017167680229184887,0.0467413014512609,0.04703702351612382,0.7185355966507508,0.045602472272250075,0.6933390332766788,0.01730595853020161
0.0005466858261421919,0.00006937114274278864,0.17423358273351447,0.7277676026636446,0.0002003794658916038,0.666325153754033,6.746612329534959e-6,0.0005466858261421919,0.00006937114274278864,0.17423358273351447,0.7277676026636446,0.0002003794658916038,0.666325153754033,6.746612329534959e-6
0.04546611012187378,0.046184441673489736,0.018632928748514747,0.6936503106092861,0.04514968331598602,0.7191314100963347,0.016426170150476035,0.04546611012187378,0.046184441673489736,0.018632928748514747,0.6936503106092861,0.04514968331598602,0.7191314100963347,0.016426170150476035
0.04544503859374718,0.016507358626060835,0.017175715046365822,0.7486354300730459,0.015435287283787307,0.6635058347941544,0.0173421651203091,0.04544503859374718,0.016507358626060835,0.017175715046365822,0.7486354300730459,0.015435287283787307,0.6635058347941544,0.0173421651203091
0.05705392099465581,0.059254770957994835,0.0,0.7363217949350633,0.001145270159983064,0.6731651857466711,0.057525078452819414,0.05705392099465581,0.059254770957994835,0.0,0.7363217949350633,0.001145270159983064,0.6731651857466711,0.057525078452819414
0.0231047623920906,0.04343667143188081,0.07672877201362159,0.7215677236535166,0.0164485194110417,0.689234354961616,0.016838781315997392,0.0231047623920906,0.04343667143188081,0.07672877201362159,0.7215677236535166,0.0164485194110417,0.689234354961616,0.016838781315997392
2.1124602458420522e-26,6.875268146722954e-18,0.1122816497215325,0.703775082049496,0.0,0.7045060597712908,0.0,2.1124602458420522e-26,6.875268146722954e-18,0.1122816497215325,0.703775082049496,0.0,0.7045060597712908,0.0
0.05404766507833054,0.0,0.0,0.6799817085026988,5.8766560541547995e-6,0.7340004815133208,4.403223939363164e-6,0.05404766507833054,0.0,0.0,0.6799817085026988,5.8766560541547995e-6,0.7340004815133208,4.403223939363164e-6
2.6524074302283323e-17,2.567133556608637e-17,2.564881974654529e-17,0.7340716679355619,0.05367331663984835,0.6798404837990765,0.0,2.6524074302283323e-17,2.567133556608637e-17,2.564881974654529e-17,0.7340716679355619,0.05367331663984835,0.6798404837990765,0.0
0.017051502541688066,0.015565448261792974,0.01325331696236903,0.6779149387581996,0.04403772229194778,0.7351265081486993,0.0473823494498739,0.017051502541688066,0.015565448261792974,0.01325331696236903,0.6779149387581996,0.04403772229194778,0.7351265081486993,0.0473823494498739
0.05451638238749415,0.0,0.000343878325979983,0.7846155275686354,0.00006350658248041722,0.6224885566784613,0.0,0.05451638238749415,0.0,0.000343878325979983,0.7846155275686354,0.00006350658248041722,0.6224885566784613,0.0
0.12156860483440786,0.0001633140441645264,0.06046807208208584,0.7001067240767086,0.0006775603829887491,0.701507319054529,0.06136693321671448,0.12156860483440786,0.0001633140441645264,0.06046807208208584,0.7001067240767086,0.0006775603829887491,0.701507319054529,0.06136693321671448
0.0656003929239402,0.06064602904642258,0.06367238901762012,0.7024525624937886,0.0013172696880520034,0.704882265681109,0.05729273563901103,0.0656003929239402,0.06064602904642258,0.06367238901762012,0.7024525624937886,0.0013172696880520034,0.704882265681109,0.05729273563901103
1.4603596887412892e-17,0.23849483618591882,0.0,0.6881239642121757,0.0,0.6881057812215833,0.0,1.4603596887412892e-17,0.23849483618591882,0.0,0.6881239642121757,0.0,0.6881057812215833,0.0
0.037940099061475614,0.045922133198177936,0.0052247696966749475,0.6963872960020906,0.010798167183640477,0.7203492819451319,0.04607769164602652,0.037940099061475614,0.045922133198177936,0.0052247696966749475,0.6963872960020906,0.010798167183640477,0.7203492819451319,0.04607769164602652
7.150797427478134e-18,0.11678138435435911,0.0,0.7294919720023733,0.05892648569124409,0.6746586666735119,5.161486757387879e-6,7.150797427478134e-18,0.11678138435435911,0.0,0.7294919720023733,0.05892648569124409,0.6746586666735119,5.161486757387879e-6
0.11942257677748758,1.9757267926295735e-6,0.0,0.673211060531489,0.05748998555425218,0.7311984775403673,0.00008553535392795605,0.11942257677748758,1.9757267926295735e-6,0.0,0.673211060531489,0.05748998555425218,0.7311984775403673,0.00008553535392795605
3.55595223481656e-18,0.05807310707531923,0.11676688943763516,0.6728557395345968,0.0,0.730632310874938,0.0,3.55595223481656e-18,0.05807310707531923,0.11676688943763516,0.6728557395345968,0.0,0.730632310874938,0.0
0.12156620011021617,0.0005721472631215706,0.0,0.6991052898962454,0.0005467014104160172,0.6984932500986898,0.12091245173057262,0.12156620011021617,0.0005721472631215706,0.0,0.6991052898962454,0.0005467014104160172,0.6984932500986898,0.12091245173057262
3.546175141462969e-18,0.05791343502358319,2.217503849902744e-6,0.7311662577035262,0.0,0.6723076063525689,0.11561909464334484,3.546175141462969e-18,0.05791343502358319,2.217503849902744e-6,0.7311662577035262,0.0,0.6723076063525689,0.11561909464334484
0.07377408036379933,0.04045029926087101,0.0077925811799039865,0.7082451578109258,0.01561430307843406,0.7017769672616107,0.04742555351213627,0.07377408036379933,0.04045029926087101,0.0077925811799039865,0.7082451578109258,0.01561430307843406,0.7017769672616107,0.04742555351213627
0.01651911422528784,0.13567618026310416,0.01737287270410211,0.7008346839556653,0.015869440988293793,0.7022147438469447,0.017464821551174625,0.01651911422528784,0.13567618026310416,0.01737287270410211,0.7008346839556653,0.015869440988293793,0.7022147438469447,0.017464821551174625
0.05425311823246042,0.0,0.00006738585228831836,0.7350041200653473,0.0,0.6800356590359788,0.0,0.05425311823246042,0.0,0.00006738585228831836,0.7350041200653473,0.0,0.6800356590359788,0.0
0.04764841467653799,0.011350639644875558,0.0462693766300055,0.7068090550436903,0.05169694681351673,0.702813156899384,0.04753585055490361,0.04764841467653799,0.011350639644875558,0.0462693766300055,0.7068090550436903,0.05169694681351673,0.702813156899384,0.04753585055490361
0.12235616515056734,0.003443796763710809,0.12275570168488016,0.6960459100099147,0.0,0.7010378727686617,0.00020396847627841163,0.12235616515056734,0.003443796763710809,0.12275570168488016,0.6960459100099147,0.0,0.7010378727686617,0.00020396847627841163
0.018364083642193323,0.01857356691745361,0.04290857859922857,0.6939213153293349,0.015179721095968119,0.7192376925364872,0.07688446655635806,0.018364083642193323,0.01857356691745361,0.04290857859922857,0.6939213153293349,0.015179721095968119,0.7192376925364872,0.07688446655635806
7.472643082196877e-18,0.0,0.12203752277635678,0.6976044856401659,0.0005273569942334618,0.6989279099994622,0.12108182304348528,7.472643082196877e-18,0.0,0.12203752277635678,0.6976044856401659,0.0005273569942334618,0.6989279099994622,0.12108182304348528
0.17781562412915217,0.004528295867721023,0.05380012718089316,0.6979273014945117,0.0,0.6945437850934031,0.0,0.17781562412915217,0.004528295867721023,0.05380012718089316,0.6979273014945117,0.0,0.6945437850934031,0.0
0.00011749853955585904,0.05386920567021059,0.0,0.6219275849839065,0.000040355071941972686,0.7832969691644573,0.0,0.00011749853955585904,0.05386920567021059,0.0,0.6219275849839065,0.000040355071941972686,0.7832969691644573,0.0
0.014529249561045746,0.018650696763239667,0.07567021756756612,0.7024706044167476,0.01679278537740371,0.7060353995541663,0.0774120512036806,0.014529249561045746,0.018650696763239667,0.07567021756756612,0.7024706044167476,0.01679278537740371,0.7060353995541663,0.0774120512036806
0.016215299541169414,0.016706827237184224,0.04264547692466974,0.6907977944837554,0.04796795965183401,0.7209242535159108,0.046362023457843494,0.016215299541169414,0.016706827237184224,0.04264547692466974,0.6907977944837554,0.04796795965183401,0.7209242535159108,0.046362023457843494
0.01519385446392535,0.0450080060403994,0.016753222310138167,0.7200623184077417,0.07599333520319342,0.6905813825100293,0.016951867542054768,0.01519385446392535,0.0450080060403994,0.016753222310138167,0.7200623184077417,0.07599333520319342,0.6905813825100293,0.016951867542054768
0.07421001491156301,0.01621206402060788,0.016183411033665558,0.6933618933304712,0.015398063409114059,0.7175071108593656,0.045561153561576154,0.07421001491156301,0.01621206402060788,0.016183411033665558,0.6933618933304712,0.015398063409114059,0.7175071108593656,0.045561153561576154
0.016141350246374052,0.044705234350917764,0.016212955932496814,0.664796410176186,0.01502578459827162,0.7483017555715837,0.016276266111079858,0.016141350246374052,0.044705234350917764,0.016212955932496814,0.664796410176186,0.01502578459827162,0.7483017555715837,0.016276266111079858
2.6396715405297285e-6,0.060538485050227124,0.12124077821058361,0.6995637558169588,0.0007902749393007533,0.7015111914131555,0.060356561676791695,2.6396715405297285e-6,0.060538485050227124,0.12124077821058361,0.6995637558169588,0.0007902749393007533,0.7015111914131555,0.060356561676791695
0.05656717692428338,0.0005296997207296838,0.05623003372018263,0.7603799852879474,0.0,0.648110916864444,0.0,0.05656717692428338,0.0005296997207296838,0.05623003372018263,0.7603799852879474,0.0,0.648110916864444,0.0
0.12187686711115592,0.0,0.0,0.7003165057682157,0.05658713982249607,0.7014715409599094,0.061066930874929724,0.12187686711115592,0.0,0.0,0.7003165057682157,0.05658713982249607,0.7014715409599094,0.061066930874929724
0.015021083245947796,0.01818129637678666,0.07546885065400771,0.692665705370455,0.010770576372356882,0.7185086898558993,0.0459599567681562,0.015021083245947796,0.01818129637678666,0.07546885065400771,0.692665705370455,0.010770576372356882,0.7185086898558993,0.0459599567681562
0.07439858339875458,0.017497537053073192,0.015106109209263793,0.7060507904688821,0.015247868759284959,0.7055759249513738,0.017143841420073955,0.07439858339875458,0.017497537053073192,0.015106109209263793,0.7060507904688821,0.015247868759284959,0.7055759249513738,0.017143841420073955
0.045709914892795474,0.04597301153929946,0.04569175363633602,0.7068040293676127,0.016570393341344143,0.7046084954514542,0.04629315346598748,0.045709914892795474,0.04597301153929946,0.04569175363633602,0.7068040293676127,0.016570393341344143,0.7046084954514542,0.04629315346598748
0.01667800530926308,0.016003387470433558,0.04585206460820925,0.7048936096256363,0.07751277206945159,0.7040133960517752,0.046890419698506394,0.01667800530926308,0.016003387470433558,0.04585206460820925,0.7048936096256363,0.07751277206945159,0.7040133960517752,0.046890419698506394
7.083363221113347e-18,0.115680100189623,0.05761860859719581,0.7307208739937032,0.0015156891230855595,0.6742152195001248,1.3239587911679263e-6,7.083363221113347e-18,0.115680100189623,0.05761860859719581,0.7307208739937032,0.0015156891230855595,0.6742152195001248,1.3239587911679263e-6
0.0005842193290572541,0.05481107602109885,0.0,0.7840699458353887,0.0,0.6220741219868684,0.0,0.0005842193290572541,0.05481107602109885,0.0,0.7840699458353887,0.0,0.6220741219868684,0.0
0.016059769938158167,0.0163817359298673,0.07391033468671451,0.7067429395454574,0.01544189477722505,0.7062016373390329,0.01734755520931068,0.016059769938158167,0.0163817359298673,0.07391033468671451,0.7067429395454574,0.01544189477722505,0.7062016373390329,0.01734755520931068
0.07340077680277218,0.050989477322254326,0.016412807720581866,0.6904811620510569,0.014714402914759953,0.7213088296339486,0.017225969696420658,0.07340077680277218,0.050989477322254326,0.016412807720581866,0.6904811620510569,0.014714402914759953,0.7213088296339486,0.017225969696420658
3.5911980720381516e-18,0.058648715279188794,0.0,0.7007240189315056,0.12152596739764715,0.7009679577479531,0.05895495051086072,3.5911980720381516e-18,0.058648715279188794,0.0,0.7007240189315056,0.12152596739764715,0.7009679577479531,0.05895495051086072
0.015791141417980752,0.07154485311987258,0.04384141832897734,0.6937771834903156,0.01529170576912527,0.717923066573169,0.01735596073232785,0.015791141417980752,0.07154485311987258,0.04384141832897734,0.6937771834903156,0.01529170576912527,0.717923066573169,0.01735596073232785
0.060539713310583367,0.05887697295607969,0.1215841874125162,0.699662569435423,0.0,0.7024449978516247,0.0,0.060539713310583367,0.05887697295607969,0.1215841874125162,0.699662569435423,0.0,0.7024449978516247,0.0
0.0739601870126404,0.01767248197436284,0.04608424868041363,0.7209774724264301,0.016197546705230582,0.6898897122012191,0.014461887276341916,0.0739601870126404,0.01767248197436284,0.04608424868041363,0.7209774724264301,0.016197546705230582,0.6898897122012191,0.014461887276341916
7.556236494498823e-18,0.1234027068010102,0.0,0.6997179233013768,0.06035320616988148,0.7013070450408659,0.0626829748100917,7.556236494498823e-18,0.1234027068010102,0.0,0.6997179233013768,0.06035320616988148,0.7013070450408659,0.0626829748100917
0.0162087856867527,0.044694876573424004,0.016223466787049553,0.701550803361864,0.015486410315535808,0.7055932692995798,0.10173942203833343,0.0162087856867527,0.044694876573424004,0.016223466787049553,0.701550803361864,0.015486410315535808,0.7055932692995798,0.10173942203833343
0.061459626693839926,0.00022465601457316844,0.060076575517432125,0.6994873756305284,0.12040435621793211,0.7029675965405613,0.0,0.061459626693839926,0.00022465601457316844,0.060076575517432125,0.6994873756305284,0.12040435621793211,0.7029675965405613,0.0
3.691394923680098e-18,0.060285054045790036,0.061770573405151616,0.7045584522641611,0.0570373594934894,0.7020574407247984,0.06057383776453102,3.691394923680098e-18,0.060285054045790036,0.061770573405151616,0.7045584522641611,0.0570373594934894,0.7020574407247984,0.06057383776453102
0.05905153281005735,0.0,0.06100463568879521,0.7048277730290385,0.057849608198099825,0.7022177761264132,0.05967023636623019,0.05905153281005735,0.0,0.06100463568879521,0.7048277730290385,0.057849608198099825,0.7022177761264132,0.05967023636623019
0.05765278436738542,0.0,0.11472988526128887,0.7314767101026441,0.0,0.6729324661543618,0.00007273538455652217,0.05765278436738542,0.0,0.11472988526128887,0.7314767101026441,0.0,0.6729324661543618,0.00007273538455652217
0.048982290659937436,0.04869674400321347,0.04289514759523186,0.6902491932661943,0.017142227967619522,0.7211664907935328,0.01633579999006935,0.048982290659937436,0.04869674400321347,0.04289514759523186,0.6902491932661943,0.017142227967619522,0.7211664907935328,0.01633579999006935
0.04768824292396593,0.04718558727467136,0.000049157363421451465,0.6841243862754895,0.015466664957566508,0.7286862227374764,0.017361218298134824,0.04768824292396593,0.04718558727467136,0.000049157363421451465,0.6841243862754895,0.015466664957566508,0.7286862227374764,0.017361218298134824
0.015284601767773246,0.01854592538705581,0.07601644010243698,0.7186571729133276,0.018753692642418277,0.6928954859735312,0.0459611700911469,0.015284601767773246,0.01854592538705581,0.07601644010243698,0.7186571729133276,0.018753692642418277,0.6928954859735312,0.0459611700911469
0.017270716754615306,0.016732299835208398,0.07178596571322139,0.7337411243796002,0.016021135049507328,0.6786118181167234,0.01736445411004083,0.017270716754615306,0.016732299835208398,0.07178596571322139,0.7337411243796002,0.016021135049507328,0.6786118181167234,0.01736445411004083
3.476212289453234e-18,0.056770854941580025,0.0,0.7061746179711128,0.0,0.706303777832558,0.05643755363557339,3.476212289453234e-18,0.056770854941580025,0.0,0.7061746179711128,0.0,0.706303777832558,0.05643755363557339
0.014420375588451979,0.043888758018950515,0.01663588920496651,0.702692261957447,0.10705972569983617,0.7044798710169864,0.015462312501150668,0.014420375588451979,0.043888758018950515,0.01663588920496651,0.702692261957447,0.10705972569983617,0.7044798710169864,0.015462312501150668
0.12305239640480453,0.060513865772295374,0.05567768480587732,0.7013469809145271,0.0,0.7008244115594043,0.001189068738099983,0.12305239640480453,0.060513865772295374,0.05567768480587732,0.7013469809145271,0.0,0.7008244115594043,0.001189068738099983
0.013704437060851421,0.04460435391282413,0.01520922052680631,0.6775073063423354,0.04682372226840052,0.7346526874936905,0.017151415959138255,0.013704437060851421,0.04460435391282413,0.01520922052680631,0.6775073063423354,0.04682372226840052,0.7346526874936905,0.017151415959138255
0.061206714924222916,0.0608439864939059,0.059997290034801615,0.6763976431842909,0.0002985240874512625,0.7352587229177947,4.376379483261849e-6,0.061206714924222916,0.0608439864939059,0.059997290034801615,0.6763976431842909,0.0002985240874512625,0.7352587229177947,4.376379483261849e-6
0.013761953373264368,0.07277778365356867,0.017456161634173253,0.7023483437009184,0.016908720255246968,0.7057554822207452,0.07765918018417588,0.013761953373264368,0.07277778365356867,0.017456161634173253,0.7023483437009184,0.016908720255246968,0.7057554822207452,0.07765918018417588
0.0003523168633755864,0.000130686511827016,0.05836497619113093,0.6744384370427784,0.0,0.7318752647404309,0.11640966184598238,0.0003523168633755864,0.000130686511827016,0.05836497619113093,0.6744384370427784,0.0,0.7318752647404309,0.11640966184598238
