f_1,f_2,f_3,f_4,f_5,f_6,f_7,f_1_min,f_2_min,f_3_min,f_4_min,f_5_min,f_6_min,f_7_min
2.6468609130233865e-17,6.297603785595787e-18,0.44433190252523036,0.6539166273064168,0.4346806111973118,0.4329028735843798,0.0023813745523485513,2.6468609130233865e-17,6.297603785595787e-18,0.44433190252523036,0.6539166273064168,0.4346806111973118,0.4329028735843798,0.0023813745523485513
0.014780069319347765,0.014518758671114762,0.416287068919426,0.5922935703438846,0.4430779994929479,0.5288493146475275,0.017861451288919545,0.014780069319347765,0.014518758671114762,0.416287068919426,0.5922935703438846,0.4430779994929479,0.5288493146475275,0.017861451288919545
0.05695010638236229,0.056146018823989265,0.40950772411767705,0.6239724323828787,0.4104522376851737,0.519823241729678,0.00011616810134502676,0.05695010638236229,0.056146018823989265,0.40950772411767705,0.6239724323828787,0.4104522376851737,0.519823241729678,0.00011616810134502676
0.044435544530322266,0.045567830315592035,0.4295254700611999,0.5843507771190752,0.460541251981714,0.5108245415654795,0.016698050164192978,0.044435544530322266,0.045567830315592035,0.4295254700611999,0.5843507771190752,0.460541251981714,0.5108245415654795,0.016698050164192978
0.07267803887536653,0.017475698175994855,0.42810346032904456,0.5818511785504524,0.4299180230755727,0.5366204407429023,0.01788286413265505,0.07267803887536653,0.017475698175994855,0.42810346032904456,0.5818511785504524,0.4299180230755727,0.5366204407429023,0.01788286413265505
0.017781867303820278,0.014603285623066429,0.4474174586163169,0.625895471919377,0.446875842629651,0.46655426807372263,0.01811155819256385,0.017781867303820278,0.014603285623066429,0.4474174586163169,0.625895471919377,0.446875842629651,0.46655426807372263,0.01811155819256385
0.014734962438067906,0.015324520267419948,0.4247687108326214,0.5763538986865044,0.48200068290586207,0.5029573203277584,0.04648547962051801,0.014734962438067906,0.015324520267419948,0.4247687108326214,0.5763538986865044,0.48200068290586207,0.5029573203277584,0.04648547962051801
0.015710219440582172,0.01506314891569809,0.45442081922042965,0.5704647082719143,0.5048246089707854,0.4673743093820801,0.014829798301501884,0.015710219440582172,0.01506314891569809,0.45442081922042965,0.5704647082719143,0.5048246089707854,0.4673743093820801,0.014829798301501884
2.3043525964309365e-17,8.020004159248018e-20,0.37633161729436687,0.7324991602677686,0.3784023722391782,0.4240525330869859,0.0,2.3043525964309365e-17,8.020004159248018e-20,0.37633161729436687,0.7324991602677686,0.3784023722391782,0.4240525330869859,0.0
0.058168227293569554,0.0,0.3891530978671506,0.7037333903133259,0.39593003255904996,0.4411806007534169,0.0001232538343353924,0.058168227293569554,0.0,0.3891530978671506,0.7037333903133259,0.39593003255904996,0.4411806007534169,0.0001232538343353924
0.05669929368184823,0.0,0.40221294914268857,0.5540008219787729,0.5180850957844166,0.5125687365773888,0.0,0.05669929368184823,0.0,0.40221294914268857,0.5540008219787729,0.5180850957844166,0.5125687365773888,0.0
0.12296650783177059,0.0,0.4338006784179541,0.5975402349819927,0.4346782025317648,0.4856912641450283,0.12508560943177643,0.12296650783177059,0.0,0.4338006784179541,0.5975402349819927,0.4346782025317648,0.4856912641450283,0.12508560943177643
3.2836664806419994e-9,6.093676379126978e-8,0.44851180176025013,0.5405657990819748,0.5608506766680967,0.44243012907932405,7.102277405480448e-7,3.2836664806419994e-9,6.093676379126978e-8,0.44851180176025013,0.5405657990819748,0.5608506766680967,0.44243012907932405,7.102277405480448e-7
1.0761571298564814e-17,2.1469294251626907e-17,0.39220212121068615,0.5360780109253643,0.6125641681135792,0.43896306616085523,0.00011936046729260382,1.0761571298564814e-17,2.1469294251626907e-17,0.39220212121068615,0.5360780109253643,0.6125641681135792,0.43896306616085523,0.00011936046729260382
3.5707184809670674e-18,0.05831425817555135,0.4139909690959378,0.5700091160106611,0.5323217825621541,0.4631962590353107,0.0612192365007908,3.5707184809670674e-18,0.05831425817555135,0.4139909690959378,0.5700091160106611,0.5323217825621541,0.4631962590353107,0.0612192365007908
0.17886253838626026,0.0014464146736647163,0.4198474448551175,0.5777794275426246,0.421267241842782,0.532900238387606,1.3654832256684446e-9,0.17886253838626026,0.0014464146736647163,0.4198474448551175,0.5777794275426246,0.421267241842782,0.532900238387606,1.3654832256684446e-9
0.04840316763042168,0.0009940728730672313,0.4349035376305278,0.620976065519283,0.4355176166761652,0.48719376619289323,0.07689817782393288,0.04840316763042168,0.0009940728730672313,0.4349035376305278,0.620976065519283,0.4355176166761652,0.48719376619289323,0.07689817782393288
0.05907350217426953,0.05844852188133676,0.4135274464645559,0.5637769270974121,0.41173524795691196,0.5807030306057536,2.0868058458539538e-10,0.05907350217426953,0.05844852188133676,0.4135274464645559,0.5637769270974121,0.41173524795691196,0.5807030306057536,2.0868058458539538e-10
0.00006320189337796253,0.06016387049542261,0.421981131924326,0.5812566653226435,0.4246854386530419,0.5364195683245704,0.11994694709356687,0.00006320189337796253,0.06016387049542261,0.421981131924326,0.5812566653226435,0.4246854386530419,0.5364195683245704,0.11994694709356687
0.04468425815259588,0.015657846920434912,0.4520857063882379,0.5759337045010503,0.42445756580847105,0.5331490414028844,0.016488832101462774,0.04468425815259588,0.015657846920434912,0.4520857063882379,0.5759337045010503,0.42445756580847105,0.5331490414028844,0.016488832101462774
0.05769151741984509,0.0002688205399661291,0.4588143487572124,0.5531244064284591,0.40260382425026536,0.5650776029994742,0.0,0.05769151741984509,0.0002688205399661291,0.4588143487572124,0.5531244064284591,0.40260382425026536,0.5650776029994742,0.0
0.04540686389379277,0.016249652888547166,0.46481665779017695,0.5925760936509492,0.43414656303523735,0.48813780205577034,0.07606288786225514,0.04540686389379277,0.016249652888547166,0.46481665779017695,0.5925760936509492,0.43414656303523735,0.48813780205577034,0.07606288786225514
0.06087026205736369,0.060700345330442405,0.42491589375901717,0.5841101641352552,0.4256458113661786,0.5362177975236472,0.06019463674275317,0.06087026205736369,0.060700345330442405,0.42491589375901717,0.5841101641352552,0.4256458113661786,0.5362177975236472,0.06019463674275317
0.05877886898500792,0.05917337274163402,0.5309591710223026,0.569348335834166,0.41522992997449837,0.46590643339969307,0.0,0.05877886898500792,0.05917337274163402,0.5309591710223026,0.569348335834166,0.41522992997449837,0.46590643339969307,0.0
0.05792886438383459,0.0,0.5188659373260198,0.5571243884865937,0.46265186862037927,0.4557768944371598,0.0,0.05792886438383459,0.0,0.5188659373260198,0.5571243884865937,0.46265186862037927,0.4557768944371598,0.0
0.12102604871712258,0.0,0.42101419490580744,0.5834381203166807,0.42298501070972544,0.534742552137974,0.05894861249475588,0.12102604871712258,0.0,0.42101419490580744,0.5834381203166807,0.42298501070972544,0.534742552137974,0.05894861249475588
3.611953915333683e-18,0.05898768392402554,0.571702876062832,0.5547396360794415,0.40234869349149105,0.45287658291485916,0.00012045732596463539,3.611953915333683e-18,0.05898768392402554,0.571702876062832,0.5547396360794415,0.40234869349149105,0.45287658291485916,0.00012045732596463539
0.04536847700833043,0.016423683493853643,0.42868078440662827,0.5847203911304597,0.48890491971204225,0.4816226277366581,0.04471846152507744,0.04536847700833043,0.016423683493853643,0.42868078440662827,0.5847203911304597,0.48890491971204225,0.4816226277366581,0.04471846152507744
0.0162343782214374,0.07354071934390169,0.4248326712394282,0.6109632463062704,0.4613924392048001,0.4797568992560118,0.017336683467207046,0.0162343782214374,0.07354071934390169,0.4248326712394282,0.6109632463062704,0.4613924392048001,0.4797568992560118,0.017336683467207046
0.18424445071467874,0.0004059851741238131,0.43145684946827495,0.5928566035908829,0.43533033169998303,0.48578495920102627,0.06121375858229919,0.18424445071467874,0.0004059851741238131,0.43145684946827495,0.5928566035908829,0.43533033169998303,0.48578495920102627,0.06121375858229919
0.015428123675456273,0.015291698903865426,0.42149728206518233,0.5715190912797863,0.4467309637950441,0.5481068774090134,0.01555930175559809,0.015428123675456273,0.015291698903865426,0.42149728206518233,0.5715190912797863,0.4467309637950441,0.5481068774090134,0.01555930175559809
0.07228906843911571,0.015290691510322231,0.42519660864503445,0.6118911057160351,0.45958367373453124,0.47780381922835846,0.016467573562235098,0.07228906843911571,0.015290691510322231,0.42519660864503445,0.6118911057160351,0.45958367373453124,0.47780381922835846,0.016467573562235098
1.000023550511161,0.0,0.0,0.0,0.0,0.0,0.0,1.000023550511161,0.0,0.0,0.0,0.0,0.0,0.0
2.5987916876221484e-17,1.8012193655478475e-17,0.516390313389454,0.5533780954424449,0.40443093632110677,0.5107924764335173,0.05679305009797292,2.5987916876221484e-17,1.8012193655478475e-17,0.516390313389454,0.5533780954424449,0.40443093632110677,0.5107924764335173,0.05679305009797292
2.4951373040895545e-17,1.6888724259299506e-17,0.49205566800378575,0.5758375352394641,0.42017515571291686,0.4712926543187142,0.1825600414171628,2.4951373040895545e-17,1.6888724259299506e-17,0.49205566800378575,0.5758375352394641,0.42017515571291686,0.4712926543187142,0.1825600414171628
0.018090309071586562,0.04717935644430147,0.4334437583480522,0.5906119124440848,0.4357747191273377,0.5177095305095899,0.07532247340461681,0.018090309071586562,0.04717935644430147,0.4334437583480522,0.5906119124440848,0.4357747191273377,0.5177095305095899,0.07532247340461681
0.000560392071043105,0.05425298633563504,0.4619565077401993,0.5547067089695054,0.46151270534008904,0.513618261168834,0.0,0.000560392071043105,0.05425298633563504,0.4619565077401993,0.5547067089695054,0.46151270534008904,0.513618261168834,0.0
0.07654412452972004,0.04712760908998416,0.4364537316516967,0.5909456752392243,0.46378586688396845,0.4878699950912349,0.0,0.07654412452972004,0.04712760908998416,0.4364537316516967,0.5909456752392243,0.46378586688396845,0.4878699950912349,0.0
0.07429173492325751,0.0178855436087578,0.4381139456272096,0.5954376711488084,0.47332616873207906,0.4674397315878763,0.12316436312622495,0.07429173492325751,0.0178855436087578,0.4381139456272096,0.5954376711488084,0.47332616873207906,0.4674397315878763,0.12316436312622495
0.06105421841429151,0.11997636702900631,0.4856002072140101,0.5877610158269972,0.4275877039632171,0.4773611190372042,0.00031807153555650985,0.06105421841429151,0.11997636702900631,0.4856002072140101,0.5877610158269972,0.4275877039632171,0.4773611190372042,0.00031807153555650985
0.01652018639326253,0.0166722441676248,0.41793241150369764,0.5681918446452597,0.4758815079806328,0.5251372349089081,0.016539414685823477,0.01652018639326253,0.0166722441676248,0.41793241150369764,0.5681918446452597,0.4758815079806328,0.5251372349089081,0.016539414685823477
3.610220503290664e-18,0.05895937515705328,0.4724077429591149,0.5686918595501064,0.41577156011563626,0.5250955757843796,0.05911549341421774,3.610220503290664e-18,0.05895937515705328,0.4724077429591149,0.5686918595501064,0.41577156011563626,0.5250955757843796,0.05911549341421774
3.3634697197112676e-18,0.05492962904982965,0.4000761062433846,0.5536717769810988,0.5746519614461484,0.45247545539605616,0.0,3.3634697197112676e-18,0.05492962904982965,0.4000761062433846,0.5536717769810988,0.5746519614461484,0.45247545539605616,0.0
7.37823508042895e-18,0.12049572310262788,0.4231023941778358,0.583165755041906,0.4851722882815638,0.4774174051101578,0.05981109845913632,7.37823508042895e-18,0.12049572310262788,0.4231023941778358,0.583165755041906,0.4851722882815638,0.4774174051101578,0.05981109845913632
0.07428355323999616,0.01751100232552157,0.42519604733399397,0.6377599223346573,0.4266035688294163,0.47536206295899003,0.016140008771136142,0.07428355323999616,0.01751100232552157,0.42519604733399397,0.6377599223346573,0.4266035688294163,0.47536206295899003,0.016140008771136142
0.0453430670385995,0.01658379973050381,0.4231089312777125,0.576328917789755,0.5117707590465973,0.4743715216490055,0.01650079424143861,0.0453430670385995,0.01658379973050381,0.4231089312777125,0.576328917789755,0.5117707590465973,0.4743715216490055,0.01650079424143861
0.015830626176558647,0.01611716151482615,0.47167781991015795,0.5978564100516879,0.4183404152975383,0.5007170093903657,0.014833191290057487,0.015830626176558647,0.01611716151482615,0.47167781991015795,0.5978564100516879,0.4183404152975383,0.5007170093903657,0.014833191290057487
1.781258409263685e-17,1.7611517758856795e-17,0.40908164121731344,0.6210450850333242,0.40872147826781924,0.5177740630337828,0.11473658284353105,1.781258409263685e-17,1.7611517758856795e-17,0.40908164121731344,0.6210450850333242,0.40872147826781924,0.5177740630337828,0.11473658284353105
0.0003760709868288249,0.00039192415313152643,0.45934932251512045,0.609334088155691,0.45871329637514185,0.4518561278239978,0.05799935345355621,0.0003760709868288249,0.00039192415313152643,0.45934932251512045,0.609334088155691,0.45871329637514185,0.4518561278239978,0.05799935345355621
0.12127147642026156,0.059205747642032375,0.42407070943607555,0.5834323826674732,0.48569128750434054,0.4770015611485942,0.0,0.12127147642026156,0.059205747642032375,0.42407070943607555,0.5834323826674732,0.48569128750434054,0.4770015611485942,0.0
1.981802673036039e-17,2.001904940792498e-17,0.46004162729162135,0.558886584707763,0.46117823287715615,0.5106522557441392,0.05595490302157778,1.981802673036039e-17,2.001904940792498e-17,0.46004162729162135,0.558886584707763,0.46117823287715615,0.5106522557441392,0.05595490302157778
0.01652575690745594,0.016454508156444315,0.4603452910528596,0.5832823978624845,0.4300172853390202,0.5094190263571553,0.07300120437064651,0.01652575690745594,0.016454508156444315,0.4603452910528596,0.5832823978624845,0.4300172853390202,0.5094190263571553,0.07300120437064651
0.045297844214413935,0.016383276268700335,0.4822455141058667,0.5783369958678524,0.42410007731897664,0.5033451571018835,0.01672988264902743,0.045297844214413935,0.016383276268700335,0.4822455141058667,0.5783369958678524,0.42410007731897664,0.5033451571018835,0.01672988264902743
0.05694420042205087,0.0,0.39627220791729345,0.6587582980141614,0.4561567259304624,0.44556569080520186,0.0,0.05694420042205087,0.0,0.39627220791729345,0.6587582980141614,0.4561567259304624,0.44556569080520186,0.0
0.015365453425904563,0.01433500514028145,0.41930027233018324,0.631591405325049,0.44958502174583537,0.4717431720143947,0.04553624899096701,0.015365453425904563,0.01433500514028145,0.41930027233018324,0.631591405325049,0.44958502174583537,0.4717431720143947,0.04553624899096701
0.05893655535664083,0.05940458877987489,0.4132003710013831,0.5696704886158687,0.5358910987288014,0.46308743984629197,0.0005631952167856925,0.05893655535664083,0.05940458877987489,0.4132003710013831,0.5696704886158687,0.5358910987288014,0.46308743984629197,0.0005631952167856925
0.016307777884614207,0.07549174551499489,0.4593340181956323,0.5851514601411577,0.4607077598483075,0.47942145750639337,0.016795664454739578,0.016307777884614207,0.07549174551499489,0.4593340181956323,0.5851514601411577,0.4607077598483075,0.47942145750639337,0.016795664454739578
1.665269784039161e-17,1.6839930727807422e-17,0.3867765767590004,0.6428908404215805,0.443293970525576,0.49144859421526954,1.760645515070739e-6,1.665269784039161e-17,1.6839930727807422e-17,0.3867765767590004,0.6428908404215805,0.443293970525576,0.49144859421526954,1.760645515070739e-6
0.11901669938663662,0.05918633126353861,0.4818929527282151,0.5856487464307755,0.4255872923241444,0.47569443540887074,0.0,0.11901669938663662,0.05918633126353861,0.4818929527282151,0.5856487464307755,0.4255872923241444,0.47569443540887074,0.0
0.11595467204728278,0.00012926105593297796,0.5278183657856149,0.5669678421597433,0.4118692705533763,0.46699658893826645,1.0432115157839199e-6,0.11595467204728278,0.00012926105593297796,0.5278183657856149,0.5669678421597433,0.4118692705533763,0.46699658893826645,1.0432115157839199e-6
0.016462438869669315,0.01536747568339631,0.4460457494095013,0.6024826615272082,0.4440168854210602,0.479848297973063,0.11445129414788917,0.016462438869669315,0.01536747568339631,0.4460457494095013,0.6024826615272082,0.4440168854210602,0.479848297973063,0.11445129414788917
0.01403605411160394,0.012222719691954246,0.4284290145816938,0.5860857425520484,0.42903761313413835,0.5336580934881298,0.07307727843752773,0.01403605411160394,0.012222719691954246,0.4284290145816938,0.5860857425520484,0.42903761313413835,0.5336580934881298,0.07307727843752773
2.867603974274418e-17,3.348402689858648e-18,0.4714970660585147,0.5668846357652493,0.4137578443692176,0.5221928644394779,0.11673350583157528,2.867603974274418e-17,3.348402689858648e-18,0.4714970660585147,0.5668846357652493,0.4137578443692176,0.5221928644394779,0.11673350583157528
0.00009213773480360231,0.05895200021068133,0.4681842130413322,0.6247442231202107,0.41268136204180783,0.46316871171029683,0.058700364728024305,0.00009213773480360231,0.05895200021068133,0.4681842130413322,0.6247442231202107,0.41268136204180783,0.46316871171029683,0.058700364728024305
0.016485450242804168,0.016600719990028306,0.4503063944785218,0.6030131283894737,0.4231172828401557,0.5026238942191963,0.04635575405217788,0.016485450242804168,0.016600719990028306,0.4503063944785218,0.6030131283894737,0.4231172828401557,0.5026238942191963,0.04635575405217788
0.016510181279529235,0.016117200784385527,0.42217074844369834,0.6037928700588845,0.455785360272896,0.5017870083745949,0.04534032844899378,0.016510181279529235,0.016117200784385527,0.42217074844369834,0.6037928700588845,0.455785360272896,0.5017870083745949,0.04534032844899378
0.017217244947813563,0.01675484839769522,0.50048260008692,0.5971488873676105,0.4187287811110934,0.46611216010239986,0.015900609550878204,0.017217244947813563,0.01675484839769522,0.50048260008692,0.5971488873676105,0.4187287811110934,0.46611216010239986,0.015900609550878204
0.050351701886481484,0.006319388669266923,0.43350443063992045,0.5907277076881331,0.4358601570246917,0.5171758147613841,0.0753124115839281,0.050351701886481484,0.006319388669266923,0.43350443063992045,0.5907277076881331,0.4358601570246917,0.5171758147613841,0.0753124115839281
0.017716515271158927,0.04585067096917788,0.45385276274585096,0.5776716840550251,0.4246353677933853,0.533995881631143,0.01668231256622729,0.017716515271158927,0.04585067096917788,0.45385276274585096,0.5776716840550251,0.4246353677933853,0.533995881631143,0.01668231256622729
0.0009423500459227718,0.11624563856079499,0.5278153857616329,0.5670312143428721,0.41191202207846667,0.46764622516777976,1.6934201679589749e-6,0.0009423500459227718,0.11624563856079499,0.5278153857616329,0.5670312143428721,0.41191202207846667,0.46764622516777976,1.6934201679589749e-6
0.014658202856011437,0.014611916217395923,0.41412629828627645,0.6485523689666064,0.44280917050426605,0.4628850958239094,0.016027360674808155,0.014658202856011437,0.014611916217395923,0.41412629828627645,0.6485523689666064,0.44280917050426605,0.4628850958239094,0.016027360674808155
8.717029786473262e-18,2.3596138317474092e-17,0.41080918587756027,0.5604589956905077,0.5757529666387812,0.4577177978540838,0.05706825580787341,8.717029786473262e-18,2.3596138317474092e-17,0.41080918587756027,0.5604589956905077,0.5757529666387812,0.4577177978540838,0.05706825580787341
0.05882922089243122,0.0,0.471989230432929,0.5712035349718975,0.47533553275292795,0.4684032567901357,0.05861378637690872,0.05882922089243122,0.0,0.471989230432929,0.5712035349718975,0.47533553275292795,0.4684032567901357,0.05861378637690872
0.05482199310471833,0.07163180676741966,0.434079505983362,0.5958424096045285,0.43666810299195447,0.5121253767348519,0.016526366541278176,0.05482199310471833,0.07163180676741966,0.434079505983362,0.5958424096045285,0.43666810299195447,0.5121253767348519,0.016526366541278176
0.016195620015184733,0.016318508879661305,0.4219966272860343,0.5737675882327394,0.42214057121158616,0.5592889013270838,0.044689393168172935,0.016195620015184733,0.016318508879661305,0.4219966272860343,0.5737675882327394,0.42214057121158616,0.5592889013270838,0.044689393168172935
4.853142295750229e-7,0.00020159931333615239,0.4090051323934784,0.5634155044521739,0.410420812098155,0.5780984330176853,0.11528455216247824,4.853142295750229e-7,0.00020159931333615239,0.4090051323934784,0.5634155044521739,0.410420812098155,0.5780984330176853,0.11528455216247824
0.05817812325024897,0.008911527450827883,0.42216434206742187,0.5821030831920824,0.42315487967880444,0.537014064252654,0.1118568563309674,0.05817812325024897,0.008911527450827883,0.42216434206742187,0.5821030831920824,0.42315487967880444,0.537014064252654,0.1118568563309674
0.016267868222578634,0.015542127847810507,0.41609487191522243,0.5658148844605045,0.41916228220200547,0.5797689661467926,0.0004857409104976544,0.016267868222578634,0.015542127847810507,0.41609487191522243,0.5658148844605045,0.41916228220200547,0.5797689661467926,0.0004857409104976544
0.016300246296048197,0.016406541746879333,0.44358294895754724,0.6207893901556099,0.41717366566566155,0.49376202523355106,0.017000818461187197,0.016300246296048197,0.016406541746879333,0.44358294895754724,0.6207893901556099,0.41717366566566155,0.49376202523355106,0.017000818461187197
2.133956892166196e-17,2.2180838539823848e-17,0.5026645111394539,0.5384847347272431,0.3928100090936003,0.5520632873872732,0.000050273765380102644,2.133956892166196e-17,2.2180838539823848e-17,0.5026645111394539,0.5384847347272431,0.3928100090936003,0.5520632873872732,0.000050273765380102644
0.045355449130114245,0.01663727002386593,0.45010160965234974,0.6285028905456097,0.4214715031654986,0.47361376232938646,0.016556269429958085,0.045355449130114245,0.01663727002386593,0.45010160965234974,0.6285028905456097,0.4214715031654986,0.47361376232938646,0.016556269429958085
5.932883668858266e-17,0.0,0.0,1.510732394503328e-17,0.0,1.1390073408250991e-18,1.0000053315954167,5.932883668858266e-17,0.0,0.0,1.510732394503328e-17,0.0,1.1390073408250991e-18,1.0000053315954167
3.610030734630186e-18,0.05895627599963729,0.4186752890107594,0.6377423900915187,0.4210904634070465,0.4736808714315704,0.11929751837700596,3.610030734630186e-18,0.05895627599963729,0.4186752890107594,0.6377423900915187,0.4210904634070465,0.4736808714315704,0.11929751837700596
0.017790631470770837,0.10628801667454073,0.4650643068981658,0.5915659980670387,0.4369405923519715,0.487953792270073,0.016154073632509872,0.017790631470770837,0.10628801667454073,0.4650643068981658,0.5915659980670387,0.4369405923519715,0.487953792270073,0.016154073632509872
0.01563666040622384,0.015167226864372541,0.48924856170579833,0.5823314214671499,0.4300748770881638,0.48219551226993007,0.07356476425717086,0.01563666040622384,0.015167226864372541,0.48924856170579833,0.5823314214671499,0.4300748770881638,0.48219551226993007,0.07356476425717086
4.905077484124668e-18,2.3009368235950614e-17,0.3842150316915342,0.5294122981862279,0.3856084214783925,0.6516477397810078,0.0,4.905077484124668e-18,2.3009368235950614e-17,0.3842150316915342,0.5294122981862279,0.3856084214783925,0.6516477397810078,0.0
3.688499071684519e-18,0.060237761193718806,0.4228930709629457,0.585145175125147,0.48640307223642315,0.47896696136166184,0.11866545751033081,3.688499071684519e-18,0.060237761193718806,0.4228930709629457,0.585145175125147,0.48640307223642315,0.47896696136166184,0.11866545751033081
2.3005998868998265e-17,6.401249421897653e-18,0.38998916760697944,0.5912194558747466,0.5572175527370321,0.43902610988750257,0.0,2.3005998868998265e-17,6.401249421897653e-18,0.38998916760697944,0.5912194558747466,0.5572175527370321,0.43902610988750257,0.0
0.04568269983328546,0.016943884082921225,0.45864507780512953,0.5849464668425212,0.4601352633537829,0.4820428449090296,0.045232218391517996,0.04568269983328546,0.016943884082921225,0.45864507780512953,0.5849464668425212,0.4601352633537829,0.4820428449090296,0.045232218391517996
0.015884238330649766,0.04614570688856006,0.44261162411932825,0.6336646776138887,0.42110262426340667,0.47435387292566816,0.015789379028714183,0.015884238330649766,0.04614570688856006,0.44261162411932825,0.6336646776138887,0.42110262426340667,0.47435387292566816,0.015789379028714183
0.017222157395462696,0.13934110971784192,0.43678030774593557,0.5944956376877757,0.43974362671066053,0.4950425615446199,0.015814310350267678,0.017222157395462696,0.13934110971784192,0.43678030774593557,0.5944956376877757,0.43974362671066053,0.4950425615446199,0.015814310350267678
2.7278767150496892e-17,0.0,0.44549607559484794,0.5382357234251413,0.39148479234491573,0.6069948379621939,0.0,2.7278767150496892e-17,0.0,0.44549607559484794,0.5382357234251413,0.39148479234491573,0.6069948379621939,0.0
0.015813205321192025,0.01566265643006855,0.4184391383859559,0.6556831775603292,0.4212559123649934,0.46778436859039096,0.04477947075267337,0.015813205321192025,0.01566265643006855,0.4184391383859559,0.6556831775603292,0.4212559123649934,0.46778436859039096,0.04477947075267337
0.0456035083004127,0.017137871899341482,0.45115492807370516,0.6047851384659735,0.4521535606880171,0.47346844347531725,0.016287759620903484,0.0456035083004127,0.017137871899341482,0.45115492807370516,0.6047851384659735,0.4521535606880171,0.47346844347531725,0.016287759620903484
0.016274425781046167,0.016634346679982405,0.44445497767093073,0.632291324929856,0.4227336901931542,0.4742504061544359,0.04702034597485044,0.016274425781046167,0.016634346679982405,0.44445497767093073,0.632291324929856,0.4227336901931542,0.4742504061544359,0.04702034597485044
0.0000846651334462521,0.00006971425782781119,0.49707039854135737,0.6419414943904753,0.3877499102429974,0.43693367176147213,6.120077199958842e-6,0.0000846651334462521,0.00006971425782781119,0.49707039854135737,0.6419414943904753,0.3877499102429974,0.43693367176147213,6.120077199958842e-6
0.015426972719592185,0.01568525115644017,0.4175925785386132,0.568454641997862,0.5054334184693567,0.49671008823463264,0.015331060001679792,0.015426972719592185,0.01568525115644017,0.4175925785386132,0.568454641997862,0.5054334184693567,0.49671008823463264,0.015331060001679792
0.01688626982348564,0.016808352673837908,0.4355424404687473,0.5884484041508016,0.4362393288456858,0.5176848185923155,0.10450279795452547,0.01688626982348564,0.016808352673837908,0.4355424404687473,0.5884484041508016,0.4362393288456858,0.5176848185923155,0.10450279795452547
0.0166887998172136,0.04617221608426468,0.4302581295217901,0.5879383560934499,0.4623378654836359,0.5126830429791754,0.04593609176742064,0.0166887998172136,0.04617221608426468,0.4302581295217901,0.5879383560934499,0.4623378654836359,0.5126830429791754,0.04593609176742064
0.016060953332541403,0.015622981320518464,0.4429802009339479,0.6450926581915108,0.4142655087682451,0.46506267306757987,0.01658669757716008,0.016060953332541403,0.015622981320518464,0.4429802009339479,0.6450926581915108,0.4142655087682451,0.46506267306757987,0.01658669757716008
0.003294732193768394,0.0569654568684832,0.41081336620566405,0.6273719809234051,0.47512982597185793,0.4616007405807678,0.05868069252246969,0.003294732193768394,0.0569654568684832,0.41081336620566405,0.6273719809234051,0.47512982597185793,0.4616007405807678,0.05868069252246969
3.542253834770231e-18,0.0578493952254068,0.5180840749636301,0.5562858018925576,0.46195548256593866,0.45509085663044185,0.0,3.542253834770231e-18,0.0578493952254068,0.5180840749636301,0.5562858018925576,0.46195548256593866,0.45509085663044185,0.0
8.768350303498382e-6,0.058660721918414156,0.41080334762562803,0.5647424399049359,0.4121804102154531,0.5797697385920856,0.057431648070309524,8.768350303498382e-6,0.058660721918414156,0.41080334762562803,0.5647424399049359,0.4121804102154531,0.5797697385920856,0.057431648070309524
0.04429138467551135,0.016309374660111484,0.4829759752910704,0.5798691503123194,0.45112665719005335,0.47595994471132325,0.016564801266519005,0.04429138467551135,0.016309374660111484,0.4829759752910704,0.5798691503123194,0.45112665719005335,0.47595994471132325,0.016564801266519005
0.059085208764248894,0.0,0.572162614124561,0.5559528763580661,0.4030023811205336,0.45336311379448097,0.0,0.059085208764248894,0.0,0.572162614124561,0.5559528763580661,0.4030023811205336,0.45336311379448097,0.0
6.12212193289589e-17,1.1909493687911092e-18,0.0,1.0000075478294488,0.0,0.0,0.0,6.12212193289589e-17,1.1909493687911092e-18,0.0,1.0000075478294488,0.0,0.0,0.0
0.046514677687474464,0.0746986496069259,0.44065904092165964,0.5992353629030746,0.44283591367069275,0.4922692957551174,0.0481743000191517,0.046514677687474464,0.0746986496069259,0.44065904092165964,0.5992353629030746,0.44283591367069275,0.4922692957551174,0.0481743000191517
0.11947612308682747,0.060142842479631343,0.4195558400753072,0.5804009163520915,0.4247540522973767,0.5377948243533818,0.0,0.11947612308682747,0.060142842479631343,0.4195558400753072,0.5804009163520915,0.4247540522973767,0.5377948243533818,0.0
1.4867459612169296e-9,6.328148032678844e-10,0.4629932712304482,0.5572676166385198,0.5218605290542949,0.4561227401647264,0.05705153373858779,1.4867459612169296e-9,6.328148032678844e-10,0.4629932712304482,0.5572676166385198,0.5218605290542949,0.4561227401647264,0.05705153373858779
0.1071000469880048,0.04313982312266096,0.4383832971409481,0.5977361406649487,0.4399188336327797,0.4936991317942774,0.016748468199530357,0.1071000469880048,0.04313982312266096,0.4383832971409481,0.5977361406649487,0.4399188336327797,0.4936991317942774,0.016748468199530357
0.015679283137798834,0.016294073415128858,0.47268408430060344,0.5979057383504012,0.44719122639476344,0.46950120987439903,0.01636776303172298,0.015679283137798834,0.016294073415128858,0.47268408430060344,0.5979057383504012,0.44719122639476344,0.46950120987439903,0.01636776303172298
0.10649273646569281,0.011615399468816422,0.4371828513315177,0.5987220064726891,0.4399472123842824,0.49421931631603194,0.04576303128413989,0.10649273646569281,0.011615399468816422,0.4371828513315177,0.5987220064726891,0.4399472123842824,0.49421931631603194,0.04576303128413989
0.045308721365290835,0.016823022128693153,0.42148245622229913,0.6300752807700449,0.4490867505579954,0.47283538426531974,0.014843296108657042,0.045308721365290835,0.016823022128693153,0.42148245622229913,0.6300752807700449,0.4490867505579954,0.47283538426531974,0.014843296108657042
0.00022661348398254427,0.00030195451515545996,0.41859151103498765,0.5772653997440294,0.420425890442425,0.5324934882507463,0.17885893067480887,0.00022661348398254427,0.00030195451515545996,0.41859151103498765,0.5772653997440294,0.420425890442425,0.5324934882507463,0.17885893067480887
0.003679344355539636,0.06150158367391254,0.41383457419714054,0.5729307911350892,0.4739550824879549,0.5275702214286795,0.05588301367992103,0.003679344355539636,0.06150158367391254,0.41383457419714054,0.5729307911350892,0.4739550824879549,0.5275702214286795,0.05588301367992103
0.0578375451096444,0.0,0.45885860342371015,0.6097794075998777,0.46050388246812396,0.4530628195202009,0.0,0.0578375451096444,0.0,0.45885860342371015,0.6097794075998777,0.46050388246812396,0.4530628195202009,0.0
0.01596470810514165,0.04485495264634936,0.45958898215103716,0.5854536486261656,0.46157718104158957,0.4809111278376432,0.04491159232995681,0.01596470810514165,0.04485495264634936,0.45958898215103716,0.5854536486261656,0.46157718104158957,0.4809111278376432,0.04491159232995681
1.0232047223007899e-17,2.900838524171259e-17,0.502349879416705,0.5948637536139879,0.4470368320943162,0.4407196713026017,0.0,1.0232047223007899e-17,2.900838524171259e-17,0.502349879416705,0.5948637536139879,0.4470368320943162,0.4407196713026017,0.0
0.016157789097673625,0.015316607707425876,0.42171531053259953,0.6029631126427689,0.42132169813486847,0.5293752193337466,0.04567283262925892,0.016157789097673625,0.015316607707425876,0.42171531053259953,0.6029631126427689,0.42132169813486847,0.5293752193337466,0.04567283262925892
0.013953649248748645,0.044905433987199164,0.4229429308710856,0.5769374238572065,0.4829360345425591,0.5030497982676334,0.016288746660364145,0.013953649248748645,0.044905433987199164,0.4229429308710856,0.5769374238572065,0.4829360345425591,0.5030497982676334,0.016288746660364145
0.05733626202868985,0.0,0.413079131995387,0.5675679862983657,0.4734172042274289,0.5269172239692481,0.05962688142920099,0.05733626202868985,0.0,0.413079131995387,0.5675679862983657,0.4734172042274289,0.5269172239692481,0.05962688142920099
0.014967841805656924,0.043550955905232995,0.42516427575461363,0.6378897257282748,0.42760505288972034,0.47554432718914746,0.04652989871450061,0.014967841805656924,0.043550955905232995,0.42516427575461363,0.6378897257282748,0.42760505288972034,0.47554432718914746,0.04652989871450061
0.1156927287024994,0.0,0.41058887674157296,0.5660738545698862,0.5327739798873363,0.4636869011462603,0.0,0.1156927287024994,0.0,0.41058887674157296,0.5660738545698862,0.5327739798873363,0.4636869011462603,0.0
0.01677286359746128,0.04552162182007167,0.41966005355997754,0.6288981486869802,0.4513473661159464,0.4715282979735468,0.015030722666783012,0.01677286359746128,0.04552162182007167,0.41966005355997754,0.6288981486869802,0.4513473661159464,0.4715282979735468,0.015030722666783012
7.096004370152e-18,0.11588654582027268,0.41297492334418145,0.5659511763473453,0.4133509016834112,0.5846238913085209,0.0,7.096004370152e-18,0.11588654582027268,0.41297492334418145,0.5659511763473453,0.4133509016834112,0.5846238913085209,0.0
0.0016890696723063715,0.056047170020279126,0.5174510987811602,0.6117522023124017,0.4015695802124064,0.4541431133739106,0.0,0.0016890696723063715,0.056047170020279126,0.5174510987811602,0.6117522023124017,0.4015695802124064,0.4541431133739106,0.0
0.013886404629247992,0.07278296806961593,0.42863354609238347,0.6120331345869297,0.42456034537945997,0.5072457220804073,0.017014959504763078,0.013886404629247992,0.07278296806961593,0.42863354609238347,0.6120331345869297,0.42456034537945997,0.5072457220804073,0.017014959504763078
0.01790354363895559,0.01784788712396233,0.43481191404123315,0.5913150335674257,0.4613107643346148,0.4866495035720407,0.1088731729519422,0.01790354363895559,0.01784788712396233,0.43481191404123315,0.5913150335674257,0.4613107643346148,0.4866495035720407,0.1088731729519422
0.057226817208502076,0.0,0.41098082731800506,0.6235937159998094,0.4734396451341596,0.4629363428413399,0.058674769310308045,0.057226817208502076,0.0,0.41098082731800506,0.6235937159998094,0.4734396451341596,0.4629363428413399,0.058674769310308045
1.094132841683597e-17,0.1786854532172664,0.4179622775550685,0.6329378471651477,0.41795300062447405,0.46817374721102106,0.000466484732498651,1.094132841683597e-17,0.1786854532172664,0.4179622775550685,0.6329378471651477,0.41795300062447405,0.46817374721102106,0.000466484732498651
0.0179748787732396,0.04828380699556109,0.4880905048419475,0.5843721253760655,0.43181420000383136,0.4817143606437645,0.04635837526277519,0.0179748787732396,0.04828380699556109,0.4880905048419475,0.5843721253760655,0.43181420000383136,0.4817143606437645,0.04635837526277519
2.3110510600797943e-17,7.943610876467483e-18,0.3990964151842436,0.6107449961670726,0.515704706891151,0.4516286541022287,0.05670199080305431,2.3110510600797943e-17,7.943610876467483e-18,0.3990964151842436,0.6107449961670726,0.515704706891151,0.4516286541022287,0.05670199080305431
0.000677938985472278,0.000728018798952167,0.41119175108988854,0.5671282085237553,0.5301391322664444,0.46565565035464784,0.1167140736812585,0.000677938985472278,0.000728018798952167,0.41119175108988854,0.5671282085237553,0.5301391322664444,0.46565565035464784,0.1167140736812585
1.6755225322118873e-18,3.255614384386751e-17,0.5323858481856367,0.5714353998385473,0.41585692025074167,0.4664545461592208,0.1179537010328032,1.6755225322118873e-18,3.255614384386751e-17,0.5323858481856367,0.5714353998385473,0.41585692025074167,0.4664545461592208,0.1179537010328032
0.056078678181000874,0.00037356045804230574,0.5175185271435819,0.6116040912581044,0.401535161197531,0.45410418821786047,0.0,0.056078678181000874,0.00037356045804230574,0.5175185271435819,0.6116040912581044,0.401535161197531,0.45410418821786047,0.0
3.498521295206241e-18,0.05713518865426419,0.38904718581696796,0.7061380050518011,0.3939482610100013,0.4380928825593593,9.026362234028306e-11,3.498521295206241e-18,0.05713518865426419,0.38904718581696796,0.7061380050518011,0.3939482610100013,0.4380928825593593,9.026362234028306e-11
0.017062719690228625,0.0458848885583405,0.4555592836108112,0.612056134889707,0.4281772996664377,0.4800330300213382,0.046097378404563856,0.017062719690228625,0.0458848885583405,0.4555592836108112,0.612056134889707,0.4281772996664377,0.4800330300213382,0.046097378404563856
0.01541405100548315,0.04599280421705734,0.43799627801977975,0.5963694047614871,0.44115612617706385,0.49460502306077175,0.10796123805821235,0.01541405100548315,0.04599280421705734,0.43799627801977975,0.5963694047614871,0.44115612617706385,0.49460502306077175,0.10796123805821235
0.00028695686700542665,0.000289177915003354,0.4112259954076965,0.6891049589501133,0.39686592384627145,0.4469346859652297,0.05892970510624343,0.00028695686700542665,0.000289177915003354,0.4112259954076965,0.6891049589501133,0.39686592384627145,0.4469346859652297,0.05892970510624343
0.00008696446733748366,0.06164826869873161,0.43313873109578893,0.5954181012364574,0.43447335965419787,0.4857545686985065,0.18357022585834148,0.00008696446733748366,0.06164826869873161,0.43313873109578893,0.5954181012364574,0.43447335965419787,0.4857545686985065,0.18357022585834148
0.01582165453023625,0.016618059360184116,0.4290632116465992,0.5833583652391217,0.4894740000927194,0.48108733370117746,0.07509255124630972,0.01582165453023625,0.016618059360184116,0.4290632116465992,0.5833583652391217,0.4894740000927194,0.48108733370117746,0.07509255124630972
3.4513994800445788e-18,0.05636563101210206,0.4582935434675235,0.6089177526799379,0.40234264880027937,0.5070102467693387,0.0,3.4513994800445788e-18,0.05636563101210206,0.4582935434675235,0.6089177526799379,0.40234264880027937,0.5070102467693387,0.0
0.17922840380276284,0.0,0.4190557042008931,0.6306466035209246,0.4187885372664751,0.46869867964182055,0.0,0.17922840380276284,0.0,0.4190557042008931,0.6306466035209246,0.4187885372664751,0.46869867964182055,0.0
0.05729601315330743,0.0005278566273120905,0.4609885699117994,0.5562244963639053,0.519858436823776,0.4553364035164445,1.0026281262940626e-6,0.05729601315330743,0.0005278566273120905,0.4609885699117994,0.5562244963639053,0.519858436823776,0.4553364035164445,1.0026281262940626e-6
0.05737475264655684,0.00015898728466796436,0.3943478652700886,0.6560800459787232,0.3971721722787263,0.5044927521732356,0.00009183520807320547,0.05737475264655684,0.00015898728466796436,0.3943478652700886,0.6560800459787232,0.3971721722787263,0.5044927521732356,0.00009183520807320547
0.06247059931035952,0.06286426080934109,0.4340149905404864,0.596487275293043,0.4366164972553812,0.4918959440188178,0.12431621981188373,0.06247059931035952,0.06286426080934109,0.4340149905404864,0.596487275293043,0.4366164972553812,0.4918959440188178,0.12431621981188373
0.07656881686746639,0.047916801731694464,0.44485512524094845,0.6036729209266011,0.44621433313512743,0.490784936608795,0.0,0.07656881686746639,0.047916801731694464,0.44485512524094845,0.6036729209266011,0.44621433313512743,0.490784936608795,0.0
0.016674136424082914,0.01694858470497834,0.5061276293940127,0.57892641459118,0.42682308325458695,0.47555362412724717,0.04548177521991193,0.016674136424082914,0.01694858470497834,0.5061276293940127,0.57892641459118,0.42682308325458695,0.47555362412724717,0.04548177521991193
0.016612181195661786,0.04492160867588771,0.4183957124323089,0.6550065080595102,0.4189582531123819,0.46917694362790735,0.01541319437186873,0.016612181195661786,0.04492160867588771,0.4183957124323089,0.6550065080595102,0.4189582531123819,0.46917694362790735,0.01541319437186873
0.007850839418796654,0.01952273403534678,0.4479382988639963,0.5855682460019508,0.48183132662556283,0.4740475933881969,0.04578546504961672,0.007850839418796654,0.01952273403534678,0.4479382988639963,0.5855682460019508,0.48183132662556283,0.4740475933881969,0.04578546504961672
0.07628176936396376,0.047737167268532776,0.4431874156126046,0.60140982203108,0.4445415279959906,0.48851886588817267,0.04647959830166792,0.07628176936396376,0.047737167268532776,0.4431874156126046,0.60140982203108,0.4445415279959906,0.48851886588817267,0.04647959830166792
7.406630706276417e-18,0.12095945886492664,0.42078254830320955,0.5842295197649414,0.42643536507851276,0.53606703871746,0.058778949260208664,7.406630706276417e-18,0.12095945886492664,0.42078254830320955,0.5842295197649414,0.42643536507851276,0.53606703871746,0.058778949260208664
7.204607445197974e-18,0.1176601686333415,0.4849399075343924,0.5839755635059947,0.4261132842384629,0.47768512610695024,0.05891536796162061,7.204607445197974e-18,0.1176601686333415,0.4849399075343924,0.5839755635059947,0.4261132842384629,0.47768512610695024,0.05891536796162061
0.04790290412524747,0.048486157664495794,0.4674576468216651,0.5901370647387102,0.43504497951158516,0.48753014362498004,0.0464826807794475,0.04790290412524747,0.048486157664495794,0.4674576468216651,0.5901370647387102,0.43504497951158516,0.48753014362498004,0.0464826807794475
0.015052862555598014,0.014987964005883047,0.426930902046021,0.6106765527945036,0.46001112174140774,0.4796752456488483,0.07501415542325117,0.015052862555598014,0.014987964005883047,0.426930902046021,0.6106765527945036,0.46001112174140774,0.4796752456488483,0.07501415542325117
0.04561759628383656,0.016333341564318347,0.4512698590624445,0.6057576646366406,0.4244512913908515,0.5032773791987736,0.016895601694184678,0.04561759628383656,0.016333341564318347,0.4512698590624445,0.6057576646366406,0.4244512913908515,0.5032773791987736,0.016895601694184678
0.12272741632166324,0.0615609603353436,0.4325663255305256,0.6011102263369045,0.4356605338150618,0.4911211152707372,0.059248247282242116,0.12272741632166324,0.0615609603353436,0.4325663255305256,0.6011102263369045,0.4356605338150618,0.4911211152707372,0.059248247282242116
0.0168228994494052,0.045270498386328725,0.4203072131033542,0.604455154182125,0.4539403142320905,0.5023391186841618,0.015333628816665239,0.0168228994494052,0.045270498386328725,0.4203072131033542,0.604455154182125,0.4539403142320905,0.5023391186841618,0.015333628816665239
3.6663423651658344e-18,0.05987591471628367,0.5310314350396401,0.5696323857821614,0.41453437728972287,0.4668871287804952,0.059725476104490666,3.6663423651658344e-18,0.05987591471628367,0.5310314350396401,0.5696323857821614,0.41453437728972287,0.4668871287804952,0.059725476104490666
0.03723046520158982,0.07367748084096207,0.4276125569801489,0.6191185953518783,0.4381263324066966,0.48573623508740216,0.016481221319259946,0.03723046520158982,0.07367748084096207,0.4276125569801489,0.6191185953518783,0.4381263324066966,0.48573623508740216,0.016481221319259946
0.07497692168919594,0.016092911476948107,0.42693272637314045,0.5834001130765017,0.48769311618513905,0.48554700611359947,0.015257083270192186,0.07497692168919594,0.016092911476948107,0.42693272637314045,0.5834001130765017,0.48769311618513905,0.48554700611359947,0.015257083270192186
0.0006549688232313196,0.12242470786276284,0.4333248987889787,0.5972060039324273,0.4333683896774281,0.4886361165924507,0.12399464915397729,0.0006549688232313196,0.12242470786276284,0.4333248987889787,0.5972060039324273,0.4333683896774281,0.4886361165924507,0.12399464915397729
0.05852528148305827,0.0,0.531208135543807,0.5696600925287176,0.41455454011616516,0.4669098380288989,0.05870088824592857,0.05852528148305827,0.0,0.531208135543807,0.5696600925287176,0.41455454011616516,0.4669098380288989,0.05870088824592857
0.18515479226892714,0.000055242093054133196,0.49735922545966454,0.5783611883797778,0.42675213069440454,0.4767247464619733,4.245739383292121e-6,0.18515479226892714,0.000055242093054133196,0.49735922545966454,0.5783611883797778,0.42675213069440454,0.4767247464619733,4.245739383292121e-6
0.01724142599214996,0.10591053563282171,0.4349009975277867,0.5926732441517308,0.4655799218298462,0.48565417938797867,0.01650492646294126,0.01724142599214996,0.10591053563282171,0.4349009975277867,0.5926732441517308,0.4655799218298462,0.48565417938797867,0.01650492646294126
1.7955195556411794e-17,1.7830770409930258e-17,0.41325633115560945,0.5675454684974486,0.4724321405240439,0.5216733452290491,0.11661466945924756,1.7955195556411794e-17,1.7830770409930258e-17,0.41325633115560945,0.5675454684974486,0.4724321405240439,0.5216733452290491,0.11661466945924756
4.550973233670485e-18,2.368910987482548e-17,0.393947030252142,0.6548693508176867,0.3963980121105096,0.5062039265570744,0.059577708578677925,4.550973233670485e-18,2.368910987482548e-17,0.393947030252142,0.6548693508176867,0.3963980121105096,0.5062039265570744,0.059577708578677925
0.016223286301458684,0.01618465561434726,0.4229134211922095,0.5762094038010794,0.4521698231941196,0.5333855525275407,0.04652029034165433,0.016223286301458684,0.01618465561434726,0.4229134211922095,0.5762094038010794,0.4521698231941196,0.5333855525275407,0.04652029034165433
0.060899230860799285,0.0612852721012416,0.48557102726301554,0.5866634513007062,0.4274223061751362,0.4773736601535929,0.06082598477247349,0.060899230860799285,0.0612852721012416,0.48557102726301554,0.5866634513007062,0.4274223061751362,0.4773736601535929,0.06082598477247349
0.074570023300054,0.0159416957986597,0.4280179888593352,0.5843705338682441,0.45798377830213965,0.5114899299105676,0.01650441400916258,0.074570023300054,0.0159416957986597,0.4280179888593352,0.5843705338682441,0.45798377830213965,0.5114899299105676,0.01650441400916258
2.8060723772961176e-17,2.2065965831967294e-19,0.45828056504198145,0.5529239118674787,0.40298615939401744,0.5663534063242013,0.057631118693114144,2.8060723772961176e-17,2.2065965831967294e-19,0.45828056504198145,0.5529239118674787,0.40298615939401744,0.5663534063242013,0.057631118693114144
0.05931080818745126,0.06014811325993843,0.4232260306518995,0.637138324997977,0.4248189234490867,0.4772846200043028,0.06004395388421011,0.05931080818745126,0.06014811325993843,0.4232260306518995,0.637138324997977,0.4248189234490867,0.4772846200043028,0.06004395388421011
0.04843799783727465,0.017762951556263458,0.4877585898421928,0.5850089048336201,0.4316180890723692,0.48181484005867514,0.046330803369047824,0.04843799783727465,0.017762951556263458,0.4877585898421928,0.5850089048336201,0.4316180890723692,0.48181484005867514,0.046330803369047824
0.1259844675757054,0.12573287614520645,0.4308612079013161,0.5991605370167618,0.4353965942824537,0.4886381338303392,0.0,0.1259844675757054,0.12573287614520645,0.4308612079013161,0.5991605370167618,0.4353965942824537,0.4886381338303392,0.0
0.046955393998105686,0.04648197769535302,0.4255405195885103,0.6132054906327451,0.4241362815749481,0.508338189132604,0.016816134265789928,0.046955393998105686,0.04648197769535302,0.4255405195885103,0.6132054906327451,0.4241362815749481,0.508338189132604,0.016816134265789928
0.015927647270669865,0.015798758629218278,0.4225558583544117,0.5769190305578309,0.5109790664947608,0.4752749680722714,0.04391747357945877,0.015927647270669865,0.015798758629218278,0.4225558583544117,0.5769190305578309,0.5109790664947608,0.4752749680722714,0.04391747357945877
0.05625477055265843,0.00003667695227647361,0.3970648297312638,0.6041851611267065,0.398716314159872,0.5621841933145455,0.0007728329809093585,0.05625477055265843,0.00003667695227647361,0.3970648297312638,0.6041851611267065,0.398716314159872,0.5621841933145455,0.0007728329809093585
3.386242578957768e-19,2.4334299894290006e-17,0.39744775166617147,0.5477320869609601,0.397573584216944,0.617214257648698,0.05655183133771805,3.386242578957768e-19,2.4334299894290006e-17,0.39744775166617147,0.5477320869609601,0.397573584216944,0.617214257648698,0.05655183133771805
0.016891199832014737,0.016605050185455977,0.4199022542262446,0.6302580774698205,0.4223098138259269,0.5000698601351514,0.0455287153627876,0.016891199832014737,0.016605050185455977,0.4199022542262446,0.6302580774698205,0.4223098138259269,0.5000698601351514,0.0455287153627876
1.0979294957530623e-17,0.17930549388076358,0.42093217374545355,0.5782401504874267,0.48296200025911457,0.47487986689327066,0.0,1.0979294957530623e-17,0.17930549388076358,0.42093217374545355,0.5782401504874267,0.48296200025911457,0.47487986689327066,0.0
0.01967878692687998,0.07487350952971834,0.4580166370895342,0.6092657529086675,0.42906967537842905,0.478859823152138,0.01598664828966154,0.01967878692687998,0.07487350952971834,0.4580166370895342,0.6092657529086675,0.42906967537842905,0.478859823152138,0.01598664828966154
0.11880125520000334,0.05892301990115869,0.418014456870951,0.6356889166124168,0.4227429591449602,0.47523997339760565,0.0,0.11880125520000334,0.05892301990115869,0.418014456870951,0.6356889166124168,0.4227429591449602,0.47523997339760565,0.0
0.06834113139345319,0.0446758661024104,0.437680378165347,0.5912028444144737,0.43569447242385007,0.5146686392213258,0.013630185975246685,0.06834113139345319,0.0446758661024104,0.437680378165347,0.5912028444144737,0.43569447242385007,0.5146686392213258,0.013630185975246685
3.380193762547519e-18,0.05520275339634157,0.39945734344733197,0.606432292908606,0.516683865474083,0.4513501068940387,0.0002624242493486952,3.380193762547519e-18,0.05520275339634157,0.39945734344733197,0.606432292908606,0.516683865474083,0.4513501068940387,0.0002624242493486952
0.0435135087397462,0.017736917099736533,0.4204791027545823,0.6289446499553775,0.4231119242683717,0.5001563377065845,0.016182722909067485,0.0435135087397462,0.017736917099736533,0.4204791027545823,0.6289446499553775,0.4231119242683717,0.5001563377065845,0.016182722909067485
0.0014267387178083467,0.05802176107529118,0.46694904323815944,0.5634767813555869,0.5266133584582047,0.4612529406065192,9.205780341709793e-7,0.0014267387178083467,0.05802176107529118,0.46694904323815944,0.5634767813555869,0.5266133584582047,0.4612529406065192,9.205780341709793e-7
2.2215451183808345e-17,8.06008736680162e-18,0.3859467091061291,0.641231236218451,0.3863346574205029,0.544708505401907,0.0,2.2215451183808345e-17,8.06008736680162e-18,0.3859467091061291,0.641231236218451,0.3863346574205029,0.544708505401907,0.0
1.482450698416112e-17,0.24210257185145168,0.4269424633508631,0.5884249043747588,0.42867060056692685,0.48047717232291365,0.0,1.482450698416112e-17,0.24210257185145168,0.4269424633508631,0.5884249043747588,0.42867060056692685,0.48047717232291365,0.0
0.04536897585620027,0.047705913370311645,0.43594333606793395,0.5914313820730343,0.43443697821315386,0.5155594475188381,0.04628553457524615,0.04536897585620027,0.047705913370311645,0.43594333606793395,0.5914313820730343,0.43443697821315386,0.5155594475188381,0.04628553457524615
0.11979907776058159,0.0,0.4210341393772166,0.585068877223796,0.48514488654806837,0.47731237549227745,0.05959015906864667,0.11979907776058159,0.0,0.4210341393772166,0.585068877223796,0.48514488654806837,0.47731237549227745,0.05959015906864667
0.015539593862493055,0.0995498162711981,0.4316178264487851,0.6180839014943735,0.432521122150204,0.48672597779997145,0.016277287402954997,0.015539593862493055,0.0995498162711981,0.4316178264487851,0.6180839014943735,0.432521122150204,0.48672597779997145,0.016277287402954997
2.831499613332503e-7,7.989328407986795e-7,0.4268181398440068,0.5895365181765599,0.43127179105309404,0.47654134255936836,0.242059163895821,2.831499613332503e-7,7.989328407986795e-7,0.4268181398440068,0.5895365181765599,0.43127179105309404,0.47654134255936836,0.242059163895821
0.05780992221181048,0.0,0.46152489326703616,0.5556901275511253,0.4621926560486061,0.5120159944521318,0.000011848168658569623,0.05780992221181048,0.0,0.46152489326703616,0.5556901275511253,0.4621926560486061,0.5120159944521318,0.000011848168658569623
0.07411024177880135,0.016594907371886222,0.4567852833550266,0.6113381992922671,0.428891467443671,0.47968940772568086,0.016172642686229324,0.07411024177880135,0.016594907371886222,0.4567852833550266,0.6113381992922671,0.428891467443671,0.47968940772568086,0.016172642686229324
1.888118336860121e-17,1.9846430823486907e-17,0.4473626688601299,0.5425653143176353,0.5077319922358479,0.49819250147852995,0.0,1.888118336860121e-17,1.9846430823486907e-17,0.4473626688601299,0.5425653143176353,0.5077319922358479,0.49819250147852995,0.0
0.021408149456877742,0.04217309984114126,0.4278102982542979,0.5827865766267362,0.42883323378617927,0.5385693088365548,0.04500875199807412,0.021408149456877742,0.04217309984114126,0.4278102982542979,0.5827865766267362,0.42883323378617927,0.5385693088365548,0.04500875199807412
0.015119037635567451,0.015335955990575568,0.41661709275422293,0.641341004240247,0.4141270808868965,0.4946533798111469,0.015877277761354922,0.015119037635567451,0.015335955990575568,0.41661709275422293,0.641341004240247,0.4141270808868965,0.4946533798111469,0.015877277761354922
0.045225759921761956,0.015803723974744208,0.4551173421634206,0.577678428367135,0.4822737915063297,0.4753661121436717,0.016392521765549506,0.045225759921761956,0.015803723974744208,0.4551173421634206,0.577678428367135,0.4822737915063297,0.4753661121436717,0.016392521765549506
0.001781317095984884,0.05539574783036964,0.39996037184780764,0.5455689423388526,0.4002466975289608,0.6158371848722279,0.0,0.001781317095984884,0.05539574783036964,0.39996037184780764,0.5455689423388526,0.4002466975289608,0.6158371848722279,0.0
0.016722553423385807,0.016540661532841443,0.44586866550411436,0.5967975183907192,0.44644665869036027,0.4974625905151002,0.016133586483134593,0.016722553423385807,0.016540661532841443,0.44586866550411436,0.5967975183907192,0.44644665869036027,0.4974625905151002,0.016133586483134593
0.04709716605710524,0.04758077701783898,0.48768297603309985,0.5841485062444327,0.4308615479155485,0.4810828422635761,0.016495212989252574,0.04709716605710524,0.04758077701783898,0.48768297603309985,0.5841485062444327,0.4308615479155485,0.4810828422635761,0.016495212989252574
0.016575693440664986,0.07581234513553994,0.42462618649866807,0.6375716959944528,0.42574950729437455,0.47593567022850475,0.017654153750609476,0.016575693440664986,0.07581234513553994,0.42462618649866807,0.6375716959944528,0.42574950729437455,0.47593567022850475,0.017654153750609476
2.5760583380325002e-17,0.0,0.42070225306203424,0.579072955602127,0.4826868759554819,0.4730353713619466,0.17859442592134628,2.5760583380325002e-17,0.0,0.42070225306203424,0.579072955602127,0.4826868759554819,0.4730353713619466,0.17859442592134628
0.017952002813982522,0.04643753351478638,0.45969086625702876,0.5851025236660603,0.4304291496139627,0.5107521013541267,0.04588774773790053,0.017952002813982522,0.04643753351478638,0.45969086625702876,0.5851025236660603,0.4304291496139627,0.5107521013541267,0.04588774773790053
0.04295128400001035,0.016107156585067586,0.45245286014078007,0.5770298724261042,0.4543025183105436,0.5040678494839628,0.015368742008430003,0.04295128400001035,0.016107156585067586,0.45245286014078007,0.5770298724261042,0.4543025183105436,0.5040678494839628,0.015368742008430003
0.017045134972618753,0.016900114844636188,0.5072298648913252,0.5681529266622818,0.4164293845258232,0.4967122034297447,0.01617653004607244,0.017045134972618753,0.016900114844636188,0.5072298648913252,0.5681529266622818,0.4164293845258232,0.4967122034297447,0.01617653004607244
0.04365267799179807,0.013766299077755874,0.42405435529856067,0.569838417862241,0.42402928910892457,0.5607624221591652,0.017651217536839736,0.04365267799179807,0.013766299077755874,0.42405435529856067,0.569838417862241,0.42402928910892457,0.5607624221591652,0.017651217536839736
0.015593288036075943,0.015979953364496573,0.4436094712813195,0.5956574168531986,0.4775489446986451,0.4687315073416286,0.015969513912943812,0.015593288036075943,0.015979953364496573,0.4436094712813195,0.5956574168531986,0.4775489446986451,0.4687315073416286,0.015969513912943812
0.04429874288534979,0.015916818226479026,0.42337512003996663,0.5765037297973972,0.48285388717343586,0.5029793402631376,0.016286465230991982,0.04429874288534979,0.015916818226479026,0.42337512003996663,0.5765037297973972,0.48285388717343586,0.5029793402631376,0.016286465230991982
3.427773700562929e-18,0.055979792752481425,0.39741276889703137,0.6045949805750493,0.3990936999382894,0.5621577499288124,0.0007615869575457726,3.427773700562929e-18,0.055979792752481425,0.39741276889703137,0.6045949805750493,0.3990936999382894,0.5621577499288124,0.0007615869575457726
0.014496955467156203,0.04354900932784943,0.4200499408940435,0.5722964954300273,0.4230607203413944,0.5618539199111356,0.0164815692798691,0.014496955467156203,0.04354900932784943,0.4200499408940435,0.5722964954300273,0.4230607203413944,0.5618539199111356,0.0164815692798691
0.00007220765037004808,0.00018521399317082639,0.3858747079649477,0.5856981289654023,0.38648514345191515,0.5997821842532224,0.00011797053997250835,0.00007220765037004808,0.00018521399317082639,0.3858747079649477,0.5856981289654023,0.38648514345191515,0.5997821842532224,0.00011797053997250835
0.04768240743110102,0.017441050004705434,0.4790110527216887,0.6034821638228929,0.423537502740318,0.47448855208922336,0.01592523196114791,0.04768240743110102,0.017441050004705434,0.4790110527216887,0.6034821638228929,0.423537502740318,0.47448855208922336,0.01592523196114791
0.04603248065274799,0.01699592168578341,0.45679314363919316,0.6105448325156505,0.4289676759247584,0.48035899062483745,0.04704527561308297,0.04603248065274799,0.01699592168578341,0.45679314363919316,0.6105448325156505,0.4289676759247584,0.48035899062483745,0.04704527561308297
0.05923751856505665,0.0,0.4115097703067038,0.5652271075984416,0.41119952580601465,0.5798833373984529,0.05880866353826587,0.05923751856505665,0.0,0.4115097703067038,0.5652271075984416,0.41119952580601465,0.5798833373984529,0.05880866353826587
0.05912648913829033,0.1195243297737744,0.421123735245407,0.6326057897771823,0.42334313361626935,0.4760119470169465,0.0,0.05912648913829033,0.1195243297737744,0.421123735245407,0.6326057897771823,0.42334313361626935,0.4760119470169465,0.0
0.10583891821838186,0.017391997556929443,0.4328147301181259,0.592080563766359,0.4636292560568,0.48595849132731095,0.016473892117076266,0.10583891821838186,0.017391997556929443,0.4328147301181259,0.592080563766359,0.4636292560568,0.48595849132731095,0.016473892117076266
0.11705573518772805,0.0,0.47334786682729074,0.5649260431440531,0.4139316840172204,0.5227238053287944,0.0,0.11705573518772805,0.0,0.47334786682729074,0.5649260431440531,0.4139316840172204,0.5227238053287944,0.0
0.04574521057225735,0.04559018289387156,0.4287285998356082,0.584402782354578,0.431032001469838,0.5376760828744411,0.01787364665431241,0.04574521057225735,0.04559018289387156,0.4287285998356082,0.584402782354578,0.431032001469838,0.5376760828744411,0.01787364665431241
0.016422755312102494,0.01625277212347041,0.4813815954730613,0.5757220782651523,0.4246649127285694,0.5043485990527173,0.04503322710104672,0.016422755312102494,0.01625277212347041,0.4813815954730613,0.5757220782651523,0.4246649127285694,0.5043485990527173,0.04503322710104672
9.297258695431645e-19,2.862050920628535e-17,0.4676549374440149,0.6219103969647152,0.411096141582021,0.4630825853488674,0.11671819575501834,9.297258695431645e-19,2.862050920628535e-17,0.4676549374440149,0.6219103969647152,0.411096141582021,0.4630825853488674,0.11671819575501834
2.2898351079458978e-17,8.242384638071681e-18,0.3974472715080395,0.6596436156909389,0.4537816771215678,0.44733478999331777,0.05687487484627487,2.2898351079458978e-17,8.242384638071681e-18,0.3974472715080395,0.6596436156909389,0.4537816771215678,0.44733478999331777,0.05687487484627487
0.01500072592647714,0.015601209330686594,0.45194197275832454,0.5772419763492032,0.45478561498605236,0.504436409331543,0.04601028597395476,0.01500072592647714,0.015601209330686594,0.45194197275832454,0.5772419763492032,0.45478561498605236,0.504436409331543,0.04601028597395476
7.153820378301853e-18,0.11683075288781421,0.4106162373744359,0.5665202182794001,0.532591351759172,0.46391005633345234,0.0,7.153820378301853e-18,0.11683075288781421,0.4106162373744359,0.5665202182794001,0.532591351759172,0.46391005633345234,0.0
0.05680956958273039,0.057182451566252145,0.4038135992766438,0.6751418995360401,0.4081204396122253,0.4579925790164681,0.0,0.05680956958273039,0.057182451566252145,0.4038135992766438,0.6751418995360401,0.4081204396122253,0.4579925790164681,0.0
0.07360584451036453,0.021788832795695514,0.439662301786337,0.5975601408801765,0.4406051863424516,0.49548050025034335,0.07662908281670068,0.07360584451036453,0.021788832795695514,0.439662301786337,0.5975601408801765,0.4406051863424516,0.49548050025034335,0.07662908281670068
3.501059082378313e-18,0.05717663386399877,0.4579205368285269,0.5539006016420993,0.40117492791114684,0.5668507772603227,0.0,3.501059082378313e-18,0.05717663386399877,0.4579205368285269,0.5539006016420993,0.40117492791114684,0.5668507772603227,0.0
0.000012851822754380688,0.000013305876658367,0.3912900517223043,0.5379342976403633,0.558488897362242,0.49713950670930535,0.0,0.000012851822754380688,0.000013305876658367,0.3912900517223043,0.5379342976403633,0.558488897362242,0.49713950670930535,0.0
5.640988584885575e-18,2.06539123978284e-19,6.09729564149101e-17,0.0,1.0000220523477135,0.0,0.0,5.640988584885575e-18,2.06539123978284e-19,6.09729564149101e-17,0.0,1.0000220523477135,0.0,0.0
2.568213396253517e-17,2.3849528342138368e-17,0.5723795374919054,0.5525423081727123,0.40244848439039316,0.4507464599077899,0.05729020435284767,2.568213396253517e-17,2.3849528342138368e-17,0.5723795374919054,0.5525423081727123,0.40244848439039316,0.4507464599077899,0.05729020435284767
0.015294897359183686,0.01557173597186408,0.45431867570595824,0.5758575779314936,0.4656034703810971,0.5006669923174449,0.016130623428424758,0.015294897359183686,0.01557173597186408,0.45431867570595824,0.5758575779314936,0.4656034703810971,0.5006669923174449,0.016130623428424758
0.045643403232037055,0.016666723321231727,0.5096617926336192,0.5767001736985254,0.4251784468206379,0.473639798292667,0.016728173482590442,0.045643403232037055,0.016666723321231727,0.5096617926336192,0.5767001736985254,0.4251784468206379,0.473639798292667,0.016728173482590442
1.648489395249788e-17,1.6543741854499725e-17,0.38141298273135193,0.6873697569386884,0.384653948182176,0.48477832908526086,0.0,1.648489395249788e-17,1.6543741854499725e-17,0.38141298273135193,0.6873697569386884,0.384653948182176,0.48477832908526086,0.0
0.017168915851212233,0.017007024528981618,0.4523595466739321,0.6048845887813465,0.4527297405609035,0.4747501352377126,0.04434889516910033,0.017168915851212233,0.017007024528981618,0.4523595466739321,0.6048845887813465,0.4527297405609035,0.4747501352377126,0.04434889516910033
0.0001760841694320184,0.00017349853718069994,0.42442297456099926,0.6370525168734287,0.4244254813585236,0.4781683376968255,0.07662852501626115,0.0001760841694320184,0.00017349853718069994,0.42442297456099926,0.6370525168734287,0.4244254813585236,0.4781683376968255,0.07662852501626115
2.377993397195385e-17,1.2853080083387704e-17,0.44145334577569345,0.643099849884681,0.38892970417178235,0.49128461184273003,0.0,2.377993397195385e-17,1.2853080083387704e-17,0.44145334577569345,0.643099849884681,0.38892970417178235,0.49128461184273003,0.0
0.18295010862802863,0.060912807949629735,0.431903218245531,0.5942260523276122,0.43304468451660943,0.4869885087175772,0.00005219677341482978,0.18295010862802863,0.060912807949629735,0.431903218245531,0.5942260523276122,0.43304468451660943,0.4869885087175772,0.00005219677341482978
1.0695973252725983e-17,2.134121678396715e-17,0.389852160371138,0.5925597859134965,0.5027250017214838,0.4955438129222846,0.0,1.0695973252725983e-17,2.134121678396715e-17,0.389852160371138,0.5925597859134965,0.5027250017214838,0.4955438129222846,0.0
0.017776020691614273,0.08010269193131722,0.46348384242801666,0.5920858154468885,0.43647640438480173,0.48593540822833525,0.04571297437012263,0.017776020691614273,0.08010269193131722,0.46348384242801666,0.5920858154468885,0.43647640438480173,0.48593540822833525,0.04571297437012263
1.6948304620911518e-17,1.6909454612983853e-17,0.3909872940926306,0.539552172813937,0.5039722689308815,0.552664496583432,0.0,1.6948304620911518e-17,1.6909454612983853e-17,0.3909872940926306,0.539552172813937,0.5039722689308815,0.552664496583432,0.0
0.00020768636670192659,0.05701305976793587,0.5167244672792737,0.5543984631627761,0.40315752866036303,0.5105275777382513,0.0,0.00020768636670192659,0.05701305976793587,0.5167244672792737,0.5543984631627761,0.40315752866036303,0.5105275777382513,0.0
0.01635885275936701,0.016346998882187182,0.4437314706463955,0.5949000847014012,0.41729571017264866,0.5239580441221465,0.01621226234315661,0.01635885275936701,0.016346998882187182,0.4437314706463955,0.5949000847014012,0.41729571017264866,0.5239580441221465,0.01621226234315661
0.016851410196746776,0.0761511919780495,0.43789278276708954,0.5996888550010256,0.44070437818598646,0.4931638752197026,0.07455014623842082,0.016851410196746776,0.0761511919780495,0.43789278276708954,0.5996888550010256,0.44070437818598646,0.4931638752197026,0.07455014623842082
1.6402449638858556e-19,2.682419733799185e-17,0.43808057703091713,0.6903422261453929,0.38433629243693607,0.4321988622639738,0.00007013415954747671,1.6402449638858556e-19,2.682419733799185e-17,0.43808057703091713,0.6903422261453929,0.38433629243693607,0.4321988622639738,0.00007013415954747671
0.07307966994078527,0.015925215527637825,0.43428719236658947,0.5908582108982976,0.43466605378937484,0.5170043769882775,0.04693087495093436,0.07307966994078527,0.015925215527637825,0.43428719236658947,0.5908582108982976,0.43466605378937484,0.5170043769882775,0.04693087495093436
0.017494126644992405,0.04555368855920528,0.42654324279513156,0.6121064563538294,0.46148172606534,0.4774464693062819,0.04532975791295641,0.017494126644992405,0.04555368855920528,0.42654324279513156,0.6121064563538294,0.46148172606534,0.4774464693062819,0.04532975791295641
0.04629747161442862,0.017073248281649328,0.459393817046402,0.5846688878018762,0.4309731600789332,0.5109089500216359,0.04588061777924554,0.04629747161442862,0.017073248281649328,0.459393817046402,0.5846688878018762,0.4309731600789332,0.5109089500216359,0.04588061777924554
0.061548092725258165,0.0006237435308619684,0.43183208227721964,0.5933935009700713,0.43305882730063777,0.4868402082859896,0.1839990212912162,0.061548092725258165,0.0006237435308619684,0.43183208227721964,0.5933935009700713,0.43305882730063777,0.4868402082859896,0.1839990212912162
0.00026270915153409427,0.0002651265729563027,0.41687958126882513,0.6341823540511778,0.4189559808078454,0.47042439172979256,0.17898929411021722,0.00026270915153409427,0.0002651265729563027,0.41687958126882513,0.6341823540511778,0.4189559808078454,0.47042439172979256,0.17898929411021722
0.07743297906442997,0.0793641298886244,0.4417035487949779,0.5980624335307919,0.4412434714503696,0.494166823974677,0.01680602350049846,0.07743297906442997,0.0793641298886244,0.4417035487949779,0.5980624335307919,0.4412434714503696,0.494166823974677,0.01680602350049846
0.01644751608090512,0.07451318662764479,0.43574794450794835,0.5945344234558387,0.46598412921514054,0.4815623463037639,0.04411595698192367,0.01644751608090512,0.07451318662764479,0.43574794450794835,0.5945344234558387,0.46598412921514054,0.4815623463037639,0.04411595698192367
3.470669110801666e-18,0.056680327964243736,0.39655535165914785,0.6591344388827873,0.45404655037131847,0.4478342004952222,4.4470472087617275e-6,3.470669110801666e-18,0.056680327964243736,0.39655535165914785,0.6591344388827873,0.45404655037131847,0.4478342004952222,4.4470472087617275e-6
0.05600457563358038,0.0004529198319669275,0.4525325835541819,0.6580950391256133,0.39933680912373554,0.4468384243614531,8.525654393353712e-7,0.05600457563358038,0.0004529198319669275,0.4525325835541819,0.6580950391256133,0.39933680912373554,0.4468384243614531,8.525654393353712e-7
2.1385227427429996e-17,1.159928322466001e-17,0.3973130164156226,0.6044745295847426,0.3994539458573138,0.5609792225571194,0.05579677793564536,2.1385227427429996e-17,1.159928322466001e-17,0.3973130164156226,0.6044745295847426,0.3994539458573138,0.5609792225571194,0.05579677793564536
0.046505826408664123,0.04620696894479557,0.4351957623658549,0.5928067514475664,0.46705989571415835,0.48774416668041054,0.04565093140053958,0.046505826408664123,0.04620696894479557,0.4351957623658549,0.5928067514475664,0.46705989571415835,0.48774416668041054,0.04565093140053958
8.072952015373366e-18,2.325934268750144e-17,0.40208346297988634,0.5540862757559472,0.5187935921580276,0.5106876093713364,0.05715726560032283,8.072952015373366e-18,2.325934268750144e-17,0.40208346297988634,0.5540862757559472,0.5187935921580276,0.5106876093713364,0.05715726560032283
0.01722860035474457,0.10577382611999545,0.4327732282727455,0.5903292476906202,0.43509416991336675,0.5156313630142458,0.016958548628476153,0.01722860035474457,0.10577382611999545,0.4327732282727455,0.5903292476906202,0.43509416991336675,0.5156313630142458,0.016958548628476153
0.01896351935470654,0.04529052584134278,0.4325109980622711,0.5925099100529709,0.4669305943740916,0.4860974265286785,0.07632539213537819,0.01896351935470654,0.04529052584134278,0.4325109980622711,0.5925099100529709,0.4669305943740916,0.4860974265286785,0.07632539213537819
0.016474915128092085,0.016403885575105647,0.4589290307357094,0.5867860162394605,0.4599467841803991,0.4796605611643122,0.07300109046434686,0.016474915128092085,0.016403885575105647,0.4589290307357094,0.5867860162394605,0.4599467841803991,0.4796605611643122,0.07300109046434686
0.046387450840799586,0.04551807822341538,0.4597704402297816,0.585965171481052,0.46079765490871316,0.4804635707630793,0.015757230195351957,0.046387450840799586,0.04551807822341538,0.4597704402297816,0.585965171481052,0.46079765490871316,0.4804635707630793,0.015757230195351957
9.856218670046682e-18,2.3098459122870738e-17,0.4101332717703088,0.6229935409990709,0.47080795527818187,0.46205782989034166,0.11694265231942896,9.856218670046682e-18,2.3098459122870738e-17,0.4101332717703088,0.6229935409990709,0.47080795527818187,0.46205782989034166,0.11694265231942896
3.482130952715768e-18,0.056867514047971426,0.4860655711301398,0.5816761874128561,0.4256240969023551,0.4775988194999105,0.11824926406325817,3.482130952715768e-18,0.056867514047971426,0.4860655711301398,0.5816761874128561,0.4256240969023551,0.4775988194999105,0.11824926406325817
0.016261522995340248,0.04418996829366548,0.42853552441081616,0.5843695718708379,0.4890223275435386,0.482236540102357,0.04504538697460083,0.016261522995340248,0.04418996829366548,0.42853552441081616,0.5843695718708379,0.4890223275435386,0.482236540102357,0.04504538697460083
8.839838993177865e-18,2.335167267716329e-17,0.4077722329960091,0.6760792110639134,0.40977096941120256,0.45840220062621023,0.1161059583517426,8.839838993177865e-18,2.335167267716329e-17,0.4077722329960091,0.6760792110639134,0.40977096941120256,0.45840220062621023,0.1161059583517426
0.01767659896033205,0.017431102688978274,0.4761580270934583,0.5719175569925203,0.4474656171724558,0.49767804492560386,0.016231101474899003,0.01767659896033205,0.017431102688978274,0.4761580270934583,0.5719175569925203,0.4474656171724558,0.49767804492560386,0.016231101474899003
6.12330429648183e-17,0.0,1.0000114809829435,0.0,0.0,0.0,0.0,6.12330429648183e-17,0.0,1.0000114809829435,0.0,0.0,0.0,0.0
0.05975016439815465,0.06030603855233289,0.4247730583118255,0.5837567988400685,0.48869873329600183,0.479174604776872,0.06033706125901787,0.05975016439815465,0.06030603855233289,0.4247730583118255,0.5837567988400685,0.48869873329600183,0.479174604776872,0.06033706125901787
0.017469702943580665,0.01716370761436405,0.4484239319804803,0.5710162120545859,0.44427550329960785,0.5256466590222574,0.01706274419826269,0.017469702943580665,0.01716370761436405,0.4484239319804803,0.5710162120545859,0.44427550329960785,0.5256466590222574,0.01706274419826269
0.10149919569539591,0.01834727747711681,0.4298127316413522,0.6178901823332992,0.4328953766636389,0.4856094841882169,0.016470197524087297,0.10149919569539591,0.01834727747711681,0.4298127316413522,0.6178901823332992,0.4328953766636389,0.4856094841882169,0.016470197524087297
0.0577678217461151,0.00010938687509102273,0.40995121652470035,0.6220239794190056,0.4123178774773961,0.5202184325831675,0.058154057600861786,0.0577678217461151,0.00010938687509102273,0.40995121652470035,0.6220239794190056,0.4123178774773961,0.5202184325831675,0.058154057600861786
0.016533367064807035,0.046764904746637304,0.42698034873383034,0.6114925927364712,0.4259433148291708,0.5084377381336452,0.045339011026202525,0.016533367064807035,0.046764904746637304,0.42698034873383034,0.6114925927364712,0.4259433148291708,0.5084377381336452,0.045339011026202525
0.0014917802465019942,0.0011337527953291543,0.4476048904634401,0.5935972658416694,0.503791408302301,0.44120832864270587,6.426178578852613e-8,0.0014917802465019942,0.0011337527953291543,0.4476048904634401,0.5935972658416694,0.503791408302301,0.44120832864270587,6.426178578852613e-8
7.089150623951151e-18,0.11577461565060057,0.4681976434620332,0.6244407054112692,0.4113533653912599,0.4623362844866957,0.0,7.089150623951151e-18,0.11577461565060057,0.4681976434620332,0.6244407054112692,0.4113533653912599,0.4623362844866957,0.0
0.016811836481105395,0.017111544017127812,0.4766121911780246,0.5703113715892094,0.4773285019972416,0.4689900383524482,0.01597690703918015,0.016811836481105395,0.017111544017127812,0.4766121911780246,0.5703113715892094,0.4773285019972416,0.4689900383524482,0.01597690703918015
0.01637436445581839,0.07416213673799549,0.427725729246484,0.5838331018445756,0.45760380767601083,0.5109667471125059,0.016489519812257925,0.01637436445581839,0.07416213673799549,0.427725729246484,0.5838331018445756,0.45760380767601083,0.5109667471125059,0.016489519812257925
1.4607375282341348e-6,3.766001394198521e-6,0.6087729657733842,0.5363517431253672,0.38972140705796515,0.4381793159239684,0.0,1.4607375282341348e-6,3.766001394198521e-6,0.6087729657733842,0.5363517431253672,0.38972140705796515,0.4381793159239684,0.0
0.10865414809967402,0.0,0.48092495036524935,0.5887606190783664,0.4251133127100425,0.4759472008411568,0.06713819389441635,0.10865414809967402,0.0,0.48092495036524935,0.5887606190783664,0.4251133127100425,0.4759472008411568,0.06713819389441635
0.0006264404552331336,0.0,0.47294565243254744,0.5717374497887961,0.4743648081554072,0.47349415538971346,0.116093191588317,0.0006264404552331336,0.0,0.47294565243254744,0.5717374497887961,0.4743648081554072,0.47349415538971346,0.116093191588317
3.435310131151039e-18,0.0561028720042846,0.4533120219597253,0.6592285366164754,0.3984427309135566,0.44725598692845153,0.00036896716888492904,3.435310131151039e-18,0.0561028720042846,0.4533120219597253,0.6592285366164754,0.3984427309135566,0.44725598692845153,0.00036896716888492904
8.311388577560016e-8,8.277604096445796e-8,0.5185746846700698,0.556485286450015,0.46136662648412163,0.45431887859413034,0.056838938006064835,8.311388577560016e-8,8.277604096445796e-8,0.5185746846700698,0.556485286450015,0.46136662648412163,0.45431887859413034,0.056838938006064835
1.8387311817995252e-17,2.036389811594358e-17,0.44807801576755735,0.595309506912439,0.4495164837371104,0.49744915839691817,0.0,1.8387311817995252e-17,2.036389811594358e-17,0.44807801576755735,0.595309506912439,0.4495164837371104,0.49744915839691817,0.0
0.12597530272657684,0.003003367273667726,0.41551375182031,0.6369875999778384,0.42497802926003037,0.474288718891057,0.059927428145152915,0.12597530272657684,0.003003367273667726,0.41551375182031,0.6369875999778384,0.42497802926003037,0.474288718891057,0.059927428145152915
0.04518542525375516,0.01649134626712632,0.42227584803345164,0.57629998800224,0.4526521382491634,0.5319375330741863,0.016077184147603573,0.04518542525375516,0.01649134626712632,0.42227584803345164,0.57629998800224,0.4526521382491634,0.5319375330741863,0.016077184147603573
0.05888287850071024,0.0,0.47179481901494696,0.568651273269909,0.4155319177286348,0.524782045581354,0.0592287874173636,0.05888287850071024,0.0,0.47179481901494696,0.568651273269909,0.4155319177286348,0.524782045581354,0.0592287874173636
0.016391321655741937,0.045650840281971077,0.4650559226314739,0.59263852060511,0.43426977612177775,0.4882668322432545,0.07609191658811945,0.016391321655741937,0.045650840281971077,0.4650559226314739,0.59263852060511,0.43426977612177775,0.4882668322432545,0.07609191658811945
0.05872645664763419,0.05919818749990242,0.47142021143384855,0.5699720827332723,0.41536528209476453,0.5286513222877501,0.0,0.05872645664763419,0.05919818749990242,0.47142021143384855,0.5699720827332723,0.41536528209476453,0.5286513222877501,0.0
0.07619989475821017,0.017483670534366235,0.4650154000412778,0.5920166430263415,0.43407034941308936,0.4873966929436917,0.045936322924792376,0.07619989475821017,0.017483670534366235,0.4650154000412778,0.5920166430263415,0.43407034941308936,0.4873966929436917,0.045936322924792376
3.3991220836232784e-18,0.05551187633838393,0.4002755901693877,0.6087824611307631,0.4587719772845924,0.5066477460828656,0.0,3.3991220836232784e-18,0.05551187633838393,0.4002755901693877,0.6087824611307631,0.4587719772845924,0.5066477460828656,0.0
0.08644536341979088,0.018551551641945035,0.434976865304128,0.5970503559852061,0.46761311915138587,0.4756091924660205,0.04361459478341819,0.08644536341979088,0.018551551641945035,0.434976865304128,0.5970503559852061,0.46761311915138587,0.4756091924660205,0.04361459478341819
0.044991717336919625,0.014864714229666749,0.42581480405799754,0.6085895949177211,0.4298189024650168,0.5093635183088644,0.04530767360798253,0.044991717336919625,0.014864714229666749,0.42581480405799754,0.6085895949177211,0.4298189024650168,0.5093635183088644,0.04530767360798253
0.01694670776613068,0.045241723429855205,0.4322952820604948,0.6180041940094689,0.43374485725295286,0.4849335944606755,0.07606895359155841,0.01694670776613068,0.045241723429855205,0.4322952820604948,0.6180041940094689,0.43374485725295286,0.4849335944606755,0.07606895359155841
0.043818895758430704,0.01430777412232124,0.4255736588688807,0.6392624601175904,0.42925906423233007,0.48041202940021216,0.04645402283544949,0.043818895758430704,0.01430777412232124,0.4255736588688807,0.6392624601175904,0.42925906423233007,0.48041202940021216,0.04645402283544949
7.058666108839747e-18,0.1152767657377501,0.405148449505356,0.6713065364043338,0.4060667306821537,0.455676666197124,4.503359922103573e-6,7.058666108839747e-18,0.1152767657377501,0.405148449505356,0.6713065364043338,0.4060667306821537,0.455676666197124,4.503359922103573e-6
0.044965527227262096,0.016201034597404552,0.41965502932896964,0.6036345553043543,0.4532780367034462,0.5021200965145387,0.015532144390069242,0.044965527227262096,0.016201034597404552,0.41965502932896964,0.6036345553043543,0.4532780367034462,0.5021200965145387,0.015532144390069242
0.07519641816055563,0.017456600538721462,0.459113997084698,0.5849386609450983,0.46065208921557704,0.47949545881471783,0.016791998541390893,0.07519641816055563,0.017456600538721462,0.459113997084698,0.5849386609450983,0.46065208921557704,0.47949545881471783,0.016791998541390893
3.211203707378059e-17,1.2002337195312871e-17,0.5598636171663868,0.5412573202057313,0.44828529079627216,0.4396839495664559,1.1547184437812529e-9,3.211203707378059e-17,1.2002337195312871e-17,0.5598636171663868,0.5412573202057313,0.44828529079627216,0.4396839495664559,1.1547184437812529e-9
0.0008296206888825118,0.11386394961262965,0.4120614222890048,0.6232250029121744,0.4707366738143084,0.4651302841760481,0.00006858518799143314,0.0008296206888825118,0.11386394961262965,0.4120614222890048,0.6232250029121744,0.4707366738143084,0.4651302841760481,0.00006858518799143314
0.07329686520286863,0.015460493107923162,0.4262712751538233,0.6079260703740467,0.4273303365682362,0.5117141562799645,0.016142965087841514,0.07329686520286863,0.015460493107923162,0.4262712751538233,0.6079260703740467,0.4273303365682362,0.5117141562799645,0.016142965087841514
0.059117633326760545,0.12127820419238187,0.4230716282599334,0.5835367371816652,0.4250174012348111,0.531891245005899,0.0,0.059117633326760545,0.12127820419238187,0.4230716282599334,0.5835367371816652,0.4250174012348111,0.531891245005899,0.0
2.3375330735003226e-17,3.958116816148381e-18,0.3871822321000872,0.6432382394040898,0.4991124338537955,0.43605254116690295,0.00007169512569114827,2.3375330735003226e-17,3.958116816148381e-18,0.3871822321000872,0.6432382394040898,0.4991124338537955,0.43605254116690295,0.00007169512569114827
0.05488855580237894,0.0,0.40077845229003606,0.5520926905984319,0.4602610618270955,0.5675825878630163,0.0,0.05488855580237894,0.0,0.40077845229003606,0.5520926905984319,0.4602610618270955,0.5675825878630163,0.0
0.11669577391467506,0.0,0.4089816403138187,0.6212387652656084,0.4691351831585561,0.46219667276949705,0.0,0.11669577391467506,0.0,0.4089816403138187,0.6212387652656084,0.4691351831585561,0.46219667276949705,0.0
0.01643877732622422,0.04550375922837505,0.42346175398216285,0.5767952776476728,0.45395985379317855,0.5332842140190583,0.016530354264792862,0.01643877732622422,0.04550375922837505,0.42346175398216285,0.5767952776476728,0.45395985379317855,0.5332842140190583,0.016530354264792862
0.00026244576890366913,0.0000637192959291376,0.4563175686415001,0.6099114056524806,0.40262473750505906,0.5085881979058939,0.05654128929196984,0.00026244576890366913,0.0000637192959291376,0.4563175686415001,0.6099114056524806,0.40262473750505906,0.5085881979058939,0.05654128929196984
0.016168470798344943,0.0462890427558286,0.4810165097177183,0.5773227918662925,0.4253455263197885,0.5039431886873011,0.01607429879447593,0.016168470798344943,0.0462890427558286,0.4810165097177183,0.5773227918662925,0.4253455263197885,0.5039431886873011,0.01607429879447593
0.04644792286262515,0.04635564879553444,0.42891985944012184,0.5843097313702327,0.4893839451364321,0.48326551396124967,0.016676431591538955,0.04644792286262515,0.04635564879553444,0.42891985944012184,0.5843097313702327,0.4893839451364321,0.48326551396124967,0.016676431591538955
0.07910385422720123,0.048118985426102226,0.46207014690835296,0.5934003957227604,0.43948829942260464,0.4885200706310451,0.01673994730327836,0.07910385422720123,0.048118985426102226,0.46207014690835296,0.5934003957227604,0.43948829942260464,0.4885200706310451,0.01673994730327836
0.019034284269915297,0.0797375906264229,0.48529565033589006,0.5870499317081483,0.4289862727464321,0.47881729737859496,0.016136387216154253,0.019034284269915297,0.0797375906264229,0.48529565033589006,0.5870499317081483,0.4289862727464321,0.47881729737859496,0.016136387216154253
0.11636511068849077,0.0004770075767170347,0.41099977813113786,0.5663763336223584,0.47471820141226984,0.5222910076907298,0.0,0.11636511068849077,0.0004770075767170347,0.41099977813113786,0.5663763336223584,0.47471820141226984,0.5222910076907298,0.0
0.01607088246727612,0.016124257595242684,0.47479380846863906,0.5684083269860323,0.41877425686125724,0.524971988157984,0.01644062897664865,0.01607088246727612,0.016124257595242684,0.47479380846863906,0.5684083269860323,0.41877425686125724,0.524971988157984,0.01644062897664865
0.015168108199148734,0.04332551850539544,0.45008948795368614,0.6043873293920006,0.4233440905803012,0.5014730690774295,0.016355816921047244,0.015168108199148734,0.04332551850539544,0.45008948795368614,0.6043873293920006,0.4233440905803012,0.5014730690774295,0.016355816921047244
0.04498017624687007,0.01838585532754132,0.4203849088294463,0.6024575877598353,0.42324244738516154,0.5302086383184051,0.015650147595413295,0.04498017624687007,0.01838585532754132,0.4203849088294463,0.6024575877598353,0.42324244738516154,0.5302086383184051,0.015650147595413295
0.010947064688279993,0.010293983602952089,0.42953667699343684,0.6090044772051262,0.4264670540846593,0.5082457894717926,0.07374260509068266,0.010947064688279993,0.010293983602952089,0.42953667699343684,0.6090044772051262,0.4264670540846593,0.5082457894717926,0.07374260509068266
0.04909598451339206,0.00047709316327799756,0.43028077503089884,0.5879693006880659,0.4624215246634916,0.5125358659172194,0.0459356961148575,0.04909598451339206,0.00047709316327799756,0.43028077503089884,0.5879693006880659,0.4624215246634916,0.5125358659172194,0.0459356961148575
0.04772050307128996,0.017517866266980205,0.4391198980471786,0.5981989535341913,0.43971935019696684,0.49232836238176125,0.10672069700735759,0.04772050307128996,0.017517866266980205,0.4391198980471786,0.5981989535341913,0.43971935019696684,0.49232836238176125,0.10672069700735759
0.0002827058242109549,0.05626536688408209,0.40601416165271775,0.6753456384319005,0.4081951967277792,0.45700116412054986,0.05763270613662678,0.0002827058242109549,0.05626536688408209,0.40601416165271775,0.6753456384319005,0.4081951967277792,0.45700116412054986,0.05763270613662678
0.016717890886505122,0.10582180252630559,0.43722325746844914,0.5987773426856804,0.43985466781371646,0.49422661760120273,0.04576370735836575,0.016717890886505122,0.10582180252630559,0.43722325746844914,0.5987773426856804,0.43985466781371646,0.49422661760120273,0.04576370735836575
2.3889887660517312e-17,7.450862542112152e-19,0.39034118016183306,0.5357339704498951,0.44639173432521434,0.6055294491117832,0.0,2.3889887660517312e-17,7.450862542112152e-19,0.39034118016183306,0.5357339704498951,0.44639173432521434,0.6055294491117832,0.0
0.060109892488623765,0.18354652930953946,0.4333799067251403,0.5946476623716482,0.43299293885402834,0.485032066102655,0.0,0.060109892488623765,0.18354652930953946,0.4333799067251403,0.5946476623716482,0.43299293885402834,0.485032066102655,0.0
2.723275005496007e-17,4.743475183379285e-20,0.4447452340620316,0.591271904060921,0.3910789222772022,0.54912024475879,0.00004207473062963005,2.723275005496007e-17,4.743475183379285e-20,0.4447452340620316,0.591271904060921,0.3910789222772022,0.54912024475879,0.00004207473062963005
6.12335040377532e-17,1.0000190108754026,0.0,0.0,0.0,0.0,0.0,6.12335040377532e-17,1.0000190108754026,0.0,0.0,0.0,0.0,0.0
0.01836433837854437,0.017473574461555036,0.42978781034379654,0.5856920798837044,0.4570749999892867,0.5102164117525054,0.07542426329903366,0.01836433837854437,0.017473574461555036,0.42978781034379654,0.5856920798837044,0.4570749999892867,0.5102164117525054,0.07542426329903366
0.057012560822194316,0.053033253064890595,0.43522517467595173,0.6179310652439775,0.4318595306195845,0.4841153348879167,0.046229333792475,0.057012560822194316,0.053033253064890595,0.43522517467595173,0.6179310652439775,0.4318595306195845,0.4841153348879167,0.046229333792475
0.13645620220571644,0.017973762334692136,0.43600949985297216,0.596089499713008,0.43808897308574674,0.4942301205435696,0.016728446345326248,0.13645620220571644,0.017973762334692136,0.43600949985297216,0.596089499713008,0.43808897308574674,0.4942301205435696,0.016728446345326248
0.05726172563296915,0.0,0.40179738483539434,0.6111314179283279,0.46006683932777404,0.5127842566196238,0.0,0.05726172563296915,0.0,0.40179738483539434,0.6111314179283279,0.46006683932777404,0.5127842566196238,0.0
0.17899926655551263,0.0,0.41981838710446107,0.5789911962075643,0.4820288029586249,0.4751651576995571,4.4481544264970483e-7,0.17899926655551263,0.0,0.41981838710446107,0.5789911962075643,0.4820288029586249,0.4751651576995571,4.4481544264970483e-7
1.6531590264702182e-17,1.6772649835441088e-17,0.3846051108030363,0.6876546594739903,0.44074804844753696,0.4318840093684249,0.002381591820595579,1.6531590264702182e-17,1.6772649835441088e-17,0.3846051108030363,0.6876546594739903,0.44074804844753696,0.4318840093684249,0.002381591820595579
0.014618424051784417,0.014471760473976532,0.5046105488832751,0.5708563603365252,0.4496259596596536,0.46997296312823406,0.016368566038466002,0.014618424051784417,0.014471760473976532,0.5046105488832751,0.5708563603365252,0.4496259596596536,0.46997296312823406,0.016368566038466002
3.918880051267978e-7,2.608725988166551e-6,0.3896101445368751,0.5904822313522534,0.44561294501834686,0.5487523094540675,0.0,3.918880051267978e-7,2.608725988166551e-6,0.3896101445368751,0.5904822313522534,0.44561294501834686,0.5487523094540675,0.0
3.476234649659573e-18,0.05677122011146173,0.4027231802143221,0.5547036050037515,0.5179314785222844,0.511040197111744,0.0,3.476234649659573e-18,0.05677122011146173,0.4027231802143221,0.5547036050037515,0.5179314785222844,0.511040197111744,0.0
0.014387997313202446,0.014624138828993102,0.531728552950468,0.5685936389697881,0.41955721234397664,0.4684130450721775,0.01688355862921418,0.014387997313202446,0.014624138828993102,0.531728552950468,0.5685936389697881,0.41955721234397664,0.4684130450721775,0.01688355862921418
0.0465044323072311,0.016987487669058363,0.43473023501413804,0.5913015213243497,0.46622351187851163,0.4871793916690758,0.07452936709167783,0.0465044323072311,0.016987487669058363,0.43473023501413804,0.5913015213243497,0.46622351187851163,0.4871793916690758,0.07452936709167783
7.213937841663128e-18,0.11781254557127414,0.4739541400828156,0.5716088988029618,0.4165615060892058,0.5272226516679483,0.0,7.213937841663128e-18,0.11781254557127414,0.4739541400828156,0.5716088988029618,0.4165615060892058,0.5272226516679483,0.0
0.05626797097287215,0.0016210444979657666,0.4061962901534996,0.6756485827630454,0.40792022382713955,0.45709814359575557,0.057644936279643094,0.05626797097287215,0.0016210444979657666,0.4061962901534996,0.6756485827630454,0.40792022382713955,0.45709814359575557,0.057644936279643094
0.046976024768375514,0.07580563967841952,0.43652471390497566,0.5946533289002198,0.4628561842211949,0.48489465528672226,0.015389414566581367,0.046976024768375514,0.07580563967841952,0.43652471390497566,0.5946533289002198,0.4628561842211949,0.48489465528672226,0.015389414566581367
0.018256262630990432,0.042105373102488505,0.4718127490355274,0.6088724922668504,0.4254453528705925,0.4739349658965991,0.014209759556723456,0.018256262630990432,0.042105373102488505,0.4718127490355274,0.6088724922668504,0.4254453528705925,0.4739349658965991,0.014209759556723456
0.042636571049482895,0.015553511158063266,0.420150474625526,0.604709238279453,0.4816501627591148,0.47325445621527734,0.01628699362898336,0.042636571049482895,0.015553511158063266,0.420150474625526,0.604709238279453,0.4816501627591148,0.47325445621527734,0.01628699362898336
0.01695043095836767,0.017059851873244505,0.47155840992653697,0.622148266433355,0.41653275337367923,0.4655819186232597,0.0149996874643552,0.01695043095836767,0.017059851873244505,0.47155840992653697,0.622148266433355,0.41653275337367923,0.4655819186232597,0.0149996874643552
0.01723803595302459,0.043164436061347185,0.4215362757276829,0.602472431659244,0.48247085674317935,0.47389090947863693,0.016159839979498037,0.01723803595302459,0.043164436061347185,0.4215362757276829,0.602472431659244,0.48247085674317935,0.47389090947863693,0.016159839979498037
0.045763656278486727,0.04536990138832739,0.4274496975421141,0.6120369128712725,0.46016020810906355,0.47820254299999765,0.0168052799800594,0.045763656278486727,0.04536990138832739,0.4274496975421141,0.6120369128712725,0.46016020810906355,0.47820254299999765,0.0168052799800594
0.01476711060653208,0.0146397352551062,0.4175628510397484,0.5918026388150239,0.4784925870343905,0.4965186296661607,0.016353417793359797,0.01476711060653208,0.0146397352551062,0.4175628510397484,0.5918026388150239,0.4784925870343905,0.4965186296661607,0.016353417793359797
0.016543182796522764,0.07495811299489617,0.427363579012464,0.5835520128832813,0.4881613877129788,0.4858681815366697,0.017868426530255752,0.016543182796522764,0.07495811299489617,0.427363579012464,0.5835520128832813,0.4881613877129788,0.4858681815366697,0.017868426530255752
0.04361166470083842,0.04442172591445031,0.42440364985365286,0.6396443938120212,0.4260893008118929,0.4783796094987535,0.016253347463326275,0.04361166470083842,0.04442172591445031,0.42440364985365286,0.6396443938120212,0.4260893008118929,0.4783796094987535,0.016253347463326275
0.015134925200591844,0.04401527222456216,0.45174212155836935,0.5768306006632923,0.4573908749975055,0.5017496610391812,0.016484044552572893,0.015134925200591844,0.04401527222456216,0.45174212155836935,0.5768306006632923,0.4573908749975055,0.5017496610391812,0.016484044552572893
0.015609477622810744,0.01571740127625767,0.42053020347507475,0.6057051288911676,0.47989247620750625,0.47281306017381036,0.04556074538393581,0.015609477622810744,0.01571740127625767,0.42053020347507475,0.6057051288911676,0.47989247620750625,0.47281306017381036,0.04556074538393581
0.019138927227867787,0.04469048137504944,0.5101579176404887,0.5778832741660804,0.4258467210971362,0.47572437516801014,0.0162910950464595,0.019138927227867787,0.04469048137504944,0.5101579176404887,0.5778832741660804,0.4258467210971362,0.47572437516801014,0.0162910950464595
0.04634291921479871,0.04604590184469878,0.4407011836844143,0.5993127482858684,0.44065727156482437,0.49443660228257064,0.07658860969790038,0.04634291921479871,0.04604590184469878,0.4407011836844143,0.5993127482858684,0.44065727156482437,0.49443660228257064,0.07658860969790038
0.015680428572717276,0.04287322123031143,0.4196263106960787,0.62804137456835,0.42233752572934685,0.4996541540840777,0.015907609951441717,0.015680428572717276,0.04287322123031143,0.4196263106960787,0.62804137456835,0.42233752572934685,0.4996541540840777,0.015907609951441717
0.015777969783436836,0.015019043668163042,0.44506630339905906,0.5689992740018679,0.41937102912637175,0.5523608403513587,0.015791782332699903,0.015777969783436836,0.015019043668163042,0.44506630339905906,0.5689992740018679,0.41937102912637175,0.5523608403513587,0.015791782332699903
0.10171149245290599,0.019734412072646174,0.4608703512318132,0.5981327070215632,0.4361517840360143,0.4814169988946225,0.016982121139238363,0.10171149245290599,0.019734412072646174,0.4608703512318132,0.5981327070215632,0.4361517840360143,0.4814169988946225,0.016982121139238363
0.0181565092392691,0.018241084378867477,0.4829745467207668,0.5797990489080257,0.4534559344434166,0.4721836673490953,0.04509297523588739,0.0181565092392691,0.018241084378867477,0.4829745467207668,0.5797990489080257,0.4534559344434166,0.4721836673490953,0.04509297523588739
0.0000619490218541858,0.05704589779909029,0.40127967873562786,0.5524948170668831,0.45929437139584606,0.5661574690133834,0.00007044889773556163,0.0000619490218541858,0.05704589779909029,0.40127967873562786,0.5524948170668831,0.45929437139584606,0.5661574690133834,0.00007044889773556163
0.00012184544634449123,0.0001226604757762595,0.5161547790642783,0.6109709641998354,0.4024773972800807,0.45288870463577546,0.057485084991548,0.00012184544634449123,0.0001226604757762595,0.5161547790642783,0.6109709641998354,0.4024773972800807,0.45288870463577546,0.057485084991548
7.160489574449653e-18,0.11693966912639735,0.4716796084448815,0.5676383459603612,0.4719843739295329,0.4690363152842373,4.78251055386346e-6,7.160489574449653e-18,0.11693966912639735,0.4716796084448815,0.5676383459603612,0.4719843739295329,0.4690363152842373,4.78251055386346e-6
0.07630455939107057,0.01681333331887764,0.4298001181530151,0.6220099462469884,0.4342672469042868,0.48591997711376356,0.04681586249711193,0.07630455939107057,0.01681333331887764,0.4298001181530151,0.6220099462469884,0.4342672469042868,0.48591997711376356,0.04681586249711193
0.07515824639884054,0.01612392831180962,0.4582791923717528,0.5813100428503823,0.43384685499649345,0.5103710958604103,0.01676573262833458,0.07515824639884054,0.01612392831180962,0.4582791923717528,0.5813100428503823,0.43384685499649345,0.5103710958604103,0.01676573262833458
0.03931966279377671,0.07631516426911622,0.4625951414060806,0.5922088260842705,0.4386657974744172,0.486166207917993,0.016265270664454018,0.03931966279377671,0.07631516426911622,0.4625951414060806,0.5922088260842705,0.4386657974744172,0.486166207917993,0.016265270664454018
0.016475679364461378,0.045710287427575484,0.4204006008497235,0.6019360425716987,0.4229880333886587,0.5300084064442013,0.015892198753087675,0.016475679364461378,0.045710287427575484,0.4204006008497235,0.6019360425716987,0.4229880333886587,0.5300084064442013,0.015892198753087675
0.0004789826541156139,0.11564850253821751,0.40645842782982833,0.6211687604024311,0.40895391657571745,0.5187666238573821,0.0,0.0004789826541156139,0.11564850253821751,0.40645842782982833,0.6211687604024311,0.40895391657571745,0.5187666238573821,0.0
0.014365759483081471,0.014542928206051561,0.41734253683616235,0.595401078863694,0.5041139417753703,0.46637228158370814,0.01590417423780205,0.014365759483081471,0.014542928206051561,0.41734253683616235,0.595401078863694,0.5041139417753703,0.46637228158370814,0.01590417423780205
0.05471167887532254,0.0,0.39948695427127406,0.6068706528047559,0.5173061079367461,0.45176606898966953,0.0,0.05471167887532254,0.0,0.39948695427127406,0.6068706528047559,0.5173061079367461,0.45176606898966953,0.0
1.1306863367582697e-17,0.18465509198986965,0.4324139374530125,0.594263275781836,0.4344559645720754,0.4864254016929008,0.059786647591980595,1.1306863367582697e-17,0.18465509198986965,0.4324139374530125,0.594263275781836,0.4344559645720754,0.4864254016929008,0.059786647591980595
0.06034139927031783,0.00025365433288551204,0.4002158332232509,0.5519919499306476,0.5741381786456785,0.4523332115697799,0.0,0.06034139927031783,0.00025365433288551204,0.4002158332232509,0.5519919499306476,0.5741381786456785,0.4523332115697799,0.0
5.520007155227196e-7,0.059156255871799665,0.4693789278630963,0.5726768399874665,0.47463851580679733,0.4708745181119654,0.05864096685566481,5.520007155227196e-7,0.059156255871799665,0.4693789278630963,0.5726768399874665,0.47463851580679733,0.4708745181119654,0.05864096685566481
7.075790868235032e-18,0.11555643428230039,0.4105274795643497,0.5660697262195954,0.4742826614655237,0.5232453532073773,0.0,7.075790868235032e-18,0.11555643428230039,0.4105274795643497,0.5660697262195954,0.4742826614655237,0.5232453532073773,0.0
0.04625305067517496,0.10559366673354041,0.43861629445167083,0.597885141957664,0.4400513187921602,0.49338751892789723,0.016881352628948857,0.04625305067517496,0.10559366673354041,0.43861629445167083,0.597885141957664,0.4400513187921602,0.49338751892789723,0.016881352628948857
7.068295495662699e-18,0.11543402555878024,0.4173681432150407,0.6376484928243332,0.42349346613188454,0.4737321089095677,0.05709988117916072,7.068295495662699e-18,0.11543402555878024,0.4173681432150407,0.6376484928243332,0.42349346613188454,0.4737321089095677,0.05709988117916072
0.016557259915989813,0.016501133278475424,0.4186435039473318,0.5683852478648093,0.5341031466306226,0.4695319314537289,0.016445641245718224,0.016557259915989813,0.016501133278475424,0.4186435039473318,0.5683852478648093,0.5341031466306226,0.4695319314537289,0.016445641245718224
0.045422036858406595,0.046248904667823436,0.45777297129987243,0.6104999637112104,0.4292338310400367,0.47913766739637975,0.016428103015380377,0.045422036858406595,0.046248904667823436,0.45777297129987243,0.6104999637112104,0.4292338310400367,0.47913766739637975,0.016428103015380377
0.11638772520618434,0.0,0.47371177321129604,0.570608344812482,0.4757339414969863,0.4668716240794709,0.0,0.11638772520618434,0.0,0.47371177321129604,0.570608344812482,0.4757339414969863,0.4668716240794709,0.0
3.396936367433089e-21,0.00005547618088412378,0.5574340332776047,0.5933704932690385,0.39250518760658465,0.4409473909925905,0.0,3.396936367433089e-21,0.00005547618088412378,0.5574340332776047,0.5933704932690385,0.39250518760658465,0.4409473909925905,0.0
0.05679786024950735,0.00016347032343376776,0.48594504776902797,0.5825902186469754,0.4262080050586526,0.478015008095882,0.11835907956341657,0.05679786024950735,0.00016347032343376776,0.48594504776902797,0.5825902186469754,0.4262080050586526,0.478015008095882,0.11835907956341657
0.11517572679983809,0.0,0.4047933409214816,0.6713537309740358,0.4059867051466288,0.4555868637915505,4.502472423168879e-6,0.11517572679983809,0.0,0.4047933409214816,0.6713537309740358,0.4059867051466288,0.4555868637915505,4.502472423168879e-6
0.056410039085625904,0.003075414561118204,0.4678648217541558,0.6217270923985443,0.4120521106847978,0.4685490225104591,0.05804054904440311,0.056410039085625904,0.003075414561118204,0.4678648217541558,0.6217270923985443,0.4120521106847978,0.4685490225104591,0.05804054904440311
0.016384818044833695,0.04591716171954733,0.45403505973618996,0.578559419386249,0.4825817287137159,0.4754927952559902,0.016593332674644676,0.016384818044833695,0.04591716171954733,0.45403505973618996,0.578559419386249,0.4825817287137159,0.4754927952559902,0.016593332674644676
0.000596381139289459,0.0010779019666678257,0.403591226568132,0.5513415263078616,0.45767199321388335,0.5677948897970903,0.0573148338869314,0.000596381139289459,0.0010779019666678257,0.403591226568132,0.5513415263078616,0.45767199321388335,0.5677948897970903,0.0573148338869314
0.05837791255674863,0.05809868265458344,0.47273458924447437,0.5716740348789356,0.4753982831734419,0.46837557030282617,0.0,0.05837791255674863,0.05809868265458344,0.47273458924447437,0.5716740348789356,0.4753982831734419,0.46837557030282617,0.0
3.168594998631583e-18,0.05174708333599014,0.39580708907635237,0.6571919579897396,0.3968085120250403,0.503995620150557,0.0,3.168594998631583e-18,0.05174708333599014,0.39580708907635237,0.6571919579897396,0.3968085120250403,0.503995620150557,0.0
0.0020505448907816733,0.17884972468253402,0.4198312314037471,0.5777571151556706,0.4208722673054011,0.5327615478406056,1.3651278503057108e-9,0.0020505448907816733,0.17884972468253402,0.4198312314037471,0.5777571151556706,0.4208722673054011,0.5327615478406056,1.3651278503057108e-9
0.0159440464209354,0.016357962460602466,0.41324080137854946,0.6216845372425033,0.44574960488129195,0.49425746189105657,0.016160352885306793,0.0159440464209354,0.016357962460602466,0.41324080137854946,0.6216845372425033,0.44574960488129195,0.49425746189105657,0.016160352885306793
1.2663009199817173e-17,4.73053970370294e-19,2.8626137664466123e-17,4.504292828049054e-17,2.7213461844573673e-17,1.0000093049977088,0.0,1.2663009199817173e-17,4.73053970370294e-19,2.8626137664466123e-17,4.504292828049054e-17,2.7213461844573673e-17,1.0000093049977088,0.0
0.05521996213792551,0.0001064962060912336,0.3984859625322154,0.5475101951525806,0.4006470604782541,0.6164532009271814,0.0008199172396637231,0.05521996213792551,0.0001064962060912336,0.3984859625322154,0.5475101951525806,0.4006470604782541,0.6164532009271814,0.0008199172396637231
0.061518517365226934,0.12276581649317134,0.43390456034552033,0.5997201014015582,0.43581226326732597,0.4898101052815135,0.06124559570114913,0.061518517365226934,0.12276581649317134,0.43390456034552033,0.5997201014015582,0.43581226326732597,0.4898101052815135,0.06124559570114913
0.05730819155999924,0.0,0.45535246270003904,0.6084739930168493,0.4021590248718343,0.5080643246239992,4.59226362927208e-6,0.05730819155999924,0.0,0.45535246270003904,0.6084739930168493,0.4021590248718343,0.5080643246239992,4.59226362927208e-6
0.016237925110925394,0.0746756388252351,0.42714887741811813,0.5807957248854945,0.4280068672079972,0.540715904633621,0.015643430800738496,0.016237925110925394,0.0746756388252351,0.42714887741811813,0.5807957248854945,0.4280068672079972,0.540715904633621,0.015643430800738496
0.016886265550666035,0.046411153263236034,0.42212276685335404,0.5770180536574159,0.512022965607343,0.47439586481062773,0.013406274225298895,0.016886265550666035,0.046411153263236034,0.42212276685335404,0.5770180536574159,0.512022965607343,0.47439586481062773,0.013406274225298895
0.045128347630552776,0.015675283247654867,0.4190653476363048,0.6560198368526491,0.4196064031013944,0.4707559915839861,0.016407995682419466,0.045128347630552776,0.015675283247654867,0.4190653476363048,0.6560198368526491,0.4196064031013944,0.4707559915839861,0.016407995682419466
0.11618889680398227,0.0,0.46778065033748084,0.6216214500385054,0.41113511230310323,0.46097697892492046,0.0006934256512948927,0.11618889680398227,0.0,0.46778065033748084,0.6216214500385054,0.41113511230310323,0.46097697892492046,0.0006934256512948927
0.24379069562050876,0.0,0.4272818469017471,0.5880427611814083,0.4290846241536341,0.48189293199832023,0.0,0.24379069562050876,0.0,0.4272818469017471,0.5880427611814083,0.4290846241536341,0.48189293199832023,0.0
0.015599829842944212,0.015705742264865947,0.479978979866847,0.6130013219251973,0.430610783159071,0.4721173736224572,0.0463158019931173,0.015599829842944212,0.015705742264865947,0.479978979866847,0.6130013219251973,0.430610783159071,0.4721173736224572,0.0463158019931173
3.0886894703113843e-17,0.0,0.5044212702734944,0.5418755757028343,0.5065155279556577,0.44283223530462096,0.0,3.0886894703113843e-17,0.0,0.5044212702734944,0.5418755757028343,0.5065155279556577,0.44283223530462096,0.0
2.6149578250587937e-17,9.830832584418644e-18,0.4562369899952259,0.6581638726283243,0.399030445113461,0.4477897687513787,0.05441974609018332,2.6149578250587937e-17,9.830832584418644e-18,0.4562369899952259,0.6581638726283243,0.399030445113461,0.4477897687513787,0.05441974609018332
0.05747309053312288,0.0,0.4182383006115687,0.6394937613939407,0.42171122963413316,0.47101840865971295,0.11928386193929341,0.05747309053312288,0.0,0.4182383006115687,0.6394937613939407,0.42171122963413316,0.47101840865971295,0.11928386193929341
2.7450998878941768e-17,9.860772847719905e-20,0.4483117255306849,0.5403892816638862,0.4497227271840473,0.5539278569360462,6.715988770238979e-8,2.7450998878941768e-17,9.860772847719905e-20,0.4483117255306849,0.5403892816638862,0.4497227271840473,0.5539278569360462,6.715988770238979e-8
0.015292696979391457,0.014879004158894545,0.4131678234587928,0.5938442590182722,0.4158071877752144,0.5509691465563127,0.0167962636944159,0.015292696979391457,0.014879004158894545,0.4131678234587928,0.5938442590182722,0.4158071877752144,0.5509691465563127,0.0167962636944159
0.01689358439928121,0.017111859090011443,0.4318365082097962,0.6170153308437637,0.4335305697551786,0.48410785501792764,0.10538369484519296,0.01689358439928121,0.017111859090011443,0.4318365082097962,0.6170153308437637,0.4335305697551786,0.48410785501792764,0.10538369484519296
0.11566556333570242,0.0,0.40651490312197414,0.6210850789648762,0.4093835423716159,0.5192344698371989,0.0,0.11566556333570242,0.0,0.40651490312197414,0.6210850789648762,0.4093835423716159,0.5192344698371989,0.0
7.925549540715239e-7,0.17679202279381584,0.47784564925136064,0.5803408826077237,0.42321677367389127,0.4745205567922231,0.0,7.925549540715239e-7,0.17679202279381584,0.47784564925136064,0.5803408826077237,0.42321677367389127,0.4745205567922231,0.0
3.7046624273186547e-19,3.0651293428730206e-17,0.500610170780965,0.5922949132363683,0.39327974063218085,0.49546720017105256,5.58600909599411e-10,3.7046624273186547e-19,3.0651293428730206e-17,0.500610170780965,0.5922949132363683,0.39327974063218085,0.49546720017105256,5.58600909599411e-10
0.04534190758702037,0.046057403708974085,0.4589319197061796,0.5827778940987776,0.43170402311135636,0.5107571677182758,0.016697372177386347,0.04534190758702037,0.046057403708974085,0.4589319197061796,0.5827778940987776,0.43170402311135636,0.5107571677182758,0.016697372177386347
0.016296039455898192,0.07651752639610386,0.4361017294240918,0.6178014807317374,0.4318223297568808,0.483957813068566,0.04624036762513044,0.016296039455898192,0.07651752639610386,0.4361017294240918,0.6178014807317374,0.4318223297568808,0.483957813068566,0.04624036762513044
2.1847797224585324e-17,2.1900696618356705e-17,0.5052049178489687,0.5419739501100287,0.45051615027817205,0.49932646819461957,0.0005934923653475131,2.1847797224585324e-17,2.1900696618356705e-17,0.5052049178489687,0.5419739501100287,0.45051615027817205,0.49932646819461957,0.0005934923653475131
0.055992629621743964,0.0,0.5166645940173654,0.5542166492913514,0.40316812989640655,0.5103998714832301,0.0,0.055992629621743964,0.0,0.5166645940173654,0.5542166492913514,0.40316812989640655,0.5103998714832301,0.0
0.01793583435144472,0.0725140152292374,0.43086603723762906,0.5917759841397718,0.4365634253541753,0.51610426413342,0.04501416512507601,0.01793583435144472,0.0725140152292374,0.43086603723762906,0.5917759841397718,0.4365634253541753,0.51610426413342,0.04501416512507601
0.01470135492283332,0.014660267016784578,0.4077343619292648,0.6769561020738505,0.4214149213032573,0.4616474387754192,0.01668979723977114,0.01470135492283332,0.014660267016784578,0.4077343619292648,0.6769561020738505,0.4214149213032573,0.4616474387754192,0.01668979723977114
0.07403081012555525,0.014674931112868776,0.48625894877155784,0.5854221861069419,0.42985921517047376,0.4801082887434325,0.016136311589367566,0.07403081012555525,0.014674931112868776,0.48625894877155784,0.5854221861069419,0.42985921517047376,0.4801082887434325,0.016136311589367566
3.4919759943887805e-18,0.05702829577997558,0.4583171594955912,0.6096082014640518,0.45968568866388254,0.4521081812292923,0.0,3.4919759943887805e-18,0.05702829577997558,0.4583171594955912,0.6096082014640518,0.45968568866388254,0.4521081812292923,0.0
0.05857239320644568,0.0,0.41481902268906734,0.570151366442702,0.5332015323324097,0.46365703103978917,0.056482010665067243,0.05857239320644568,0.0,0.41481902268906734,0.570151366442702,0.5332015323324097,0.46365703103978917,0.056482010665067243
0.01624174782008526,0.07493453517910235,0.45399338981214543,0.5808491865782143,0.4296888180311898,0.5168071692606463,0.016783679950206104,0.01624174782008526,0.07493453517910235,0.45399338981214543,0.5808491865782143,0.4296888180311898,0.5168071692606463,0.016783679950206104
0.015193990888203113,0.015033813701228005,0.45635832542587484,0.6117594268395717,0.42731863946855775,0.4789485867852044,0.0730198492466522,0.015193990888203113,0.015033813701228005,0.45635832542587484,0.6117594268395717,0.42731863946855775,0.4789485867852044,0.0730198492466522
0.0155542685330341,0.04586751678867775,0.45110507955364443,0.6045068084449609,0.4525476830634621,0.47381450045262447,0.016501652389155342,0.0155542685330341,0.04586751678867775,0.45110507955364443,0.6045068084449609,0.4525476830634621,0.47381450045262447,0.016501652389155342
0.060500228619882454,0.11940854928776762,0.42290313909308436,0.5848920013513762,0.48569685260828105,0.4765067198526637,0.0002568658470244052,0.060500228619882454,0.11940854928776762,0.42290313909308436,0.5848920013513762,0.48569685260828105,0.4765067198526637,0.0002568658470244052
0.06101144309722846,0.06202997600192643,0.4145865134389869,0.6242522359716812,0.4676299496200669,0.4626632621167298,7.68035290898759e-6,0.06101144309722846,0.06202997600192643,0.4145865134389869,0.6242522359716812,0.4676299496200669,0.4626632621167298,7.68035290898759e-6
0.04589400283820692,0.017194657120772457,0.4269742126113969,0.5841379628001687,0.4284250637991451,0.5384575348470094,0.04635599503607954,0.04589400283820692,0.017194657120772457,0.4269742126113969,0.5841379628001687,0.4284250637991451,0.5384575348470094,0.04635599503607954
0.017716515053593018,0.04800563058212142,0.4824296679631262,0.5797527208463632,0.4547119847507043,0.47478555865867994,0.016177713880883828,0.017716515053593018,0.04800563058212142,0.4824296679631262,0.5797527208463632,0.4547119847507043,0.47478555865867994,0.016177713880883828
2.3109140127616453e-17,8.0714780371277e-18,0.39975895614097895,0.6094454868878887,0.45885969072537436,0.506515225203303,0.05671087055081827,2.3109140127616453e-17,8.0714780371277e-18,0.39975895614097895,0.6094454868878887,0.45885969072537436,0.506515225203303,0.05671087055081827
0.11606112001192984,0.0,0.4100912992203248,0.5627276387943658,0.4111956450832269,0.5811132194337273,0.0,0.11606112001192984,0.0,0.4100912992203248,0.5627276387943658,0.4111956450832269,0.5811132194337273,0.0
0.05716551557115359,0.056480048823641014,0.4122587562434869,0.5697463087607302,0.47384513210897145,0.5240011231996627,0.0,0.05716551557115359,0.056480048823641014,0.4122587562434869,0.5697463087607302,0.47384513210897145,0.5240011231996627,0.0
0.01588507440560718,0.015436075172596916,0.4414189782828668,0.591993040609344,0.441512359564582,0.4932424199327502,0.13539209605039362,0.01588507440560718,0.015436075172596916,0.4414189782828668,0.591993040609344,0.441512359564582,0.4932424199327502,0.13539209605039362
0.04582636778626014,0.016800680971213542,0.4265709402776398,0.6120064382637147,0.46144140888131113,0.47740475736823607,0.045325797695057124,0.04582636778626014,0.016800680971213542,0.4265709402776398,0.6120064382637147,0.46144140888131113,0.47740475736823607,0.045325797695057124
0.05271999155769885,0.05070684671594434,0.4652199247597406,0.6242505392860946,0.41538171058456413,0.46542443510691023,0.0,0.05271999155769885,0.05070684671594434,0.4652199247597406,0.6242505392860946,0.41538171058456413,0.46542443510691023,0.0
3.514511887347477e-18,0.057396334841922046,0.40975861464752106,0.6216597402455246,0.4123181782254804,0.520040808732613,0.05776331484328972,3.514511887347477e-18,0.057396334841922046,0.40975861464752106,0.6216597402455246,0.4123181782254804,0.520040808732613,0.05776331484328972
0.01563377835678361,0.01582212322529745,0.4546575883048559,0.5743199791669483,0.4229182839676225,0.5322212469126713,0.04437885409309032,0.01563377835678361,0.01582212322529745,0.4546575883048559,0.5743199791669483,0.4229182839676225,0.5322212469126713,0.04437885409309032
0.10583010721469216,0.016539533380068798,0.4329396796905656,0.5898462136059244,0.43371240694399127,0.5150499285505725,0.01663640337105389,0.10583010721469216,0.016539533380068798,0.4329396796905656,0.5898462136059244,0.43371240694399127,0.5150499285505725,0.01663640337105389
0.013816513087149129,0.014067388338317473,0.41150273176655316,0.6227054855448475,0.4159739913499589,0.5196445308246408,0.015385406254591266,0.013816513087149129,0.014067388338317473,0.41150273176655316,0.6227054855448475,0.4159739913499589,0.5196445308246408,0.015385406254591266
1.4876948228804202e-17,3.0746370610923425e-17,0.5578171168344412,0.5381800418937829,0.39319455084284105,0.49574634397172657,0.00008414528004914745,1.4876948228804202e-17,3.0746370610923425e-17,0.5578171168344412,0.5381800418937829,0.39319455084284105,0.49574634397172657,0.00008414528004914745
0.01611476352783888,0.016321624412715504,0.4138828036878366,0.6225677222276556,0.4725577558924907,0.46640656938718494,0.014885658466326685,0.01611476352783888,0.016321624412715504,0.4138828036878366,0.6225677222276556,0.4725577558924907,0.46640656938718494,0.014885658466326685
