f_1,f_2,f_3,f_4,f_5,f_6,f_7,f_1_min,f_2_min,f_3_min,f_4_min,f_5_min,f_6_min,f_7_min
0.01910169229400236,0.08145037025047112,0.4387301163194995,0.01755615270938631,0.797295590584464,0.4071175942308057,0.04446307245910198,0.01910169229400236,0.08145037025047112,0.4387301163194995,0.01755615270938631,0.797295590584464,0.4071175942308057,0.04446307245910198
0.01618430860039009,0.04659964112231704,0.4031453708925639,0.04718464625106228,0.7879399088336335,0.46137933566880984,0.015517657526101444,0.01618430860039009,0.04659964112231704,0.4031453708925639,0.04718464625106228,0.7879399088336335,0.46137933566880984,0.015517657526101444
0.11469270329641436,1.5224477632623758e-7,0.43534243539026024,1.3611612287782036e-109,0.809624694268525,0.37916184094544253,4.199958270553181e-118,0.11469270329641436,1.5224477632623758e-7,0.43534243539026024,1.3611612287782036e-109,0.809624694268525,0.37916184094544253,4.199958270553181e-118
0.017284858374847386,0.016778287552300052,0.43962200773106747,0.07678574051647609,0.7971930100497694,0.4074448044803726,0.04664567459587511,0.017284858374847386,0.016778287552300052,0.43962200773106747,0.07678574051647609,0.7971930100497694,0.4074448044803726,0.04664567459587511
0.08052311301437898,0.05174899907031485,0.39938440963925487,0.01569368069247622,0.8189513463684845,0.40286371601744,0.01678798414507549,0.08052311301437898,0.05174899907031485,0.39938440963925487,0.01569368069247622,0.8189513463684845,0.40286371601744,0.01678798414507549
5.593057427593833e-6,0.06080589400151457,0.39996584228844273,0.12345831548354576,0.8102875808032656,0.4044457089788835,0.06233918814490514,5.593057427593833e-6,0.06080589400151457,0.39996584228844273,0.12345831548354576,0.8102875808032656,0.4044457089788835,0.06233918814490514
0.059957661337847495,7.965560747718968e-25,0.3915745888015916,0.0653837943325974,0.8298434762786412,0.3853846855688549,0.058606872485992556,0.059957661337847495,7.965560747718968e-25,0.3915745888015916,0.0653837943325974,0.8298434762786412,0.3853846855688549,0.058606872485992556
0.016126323762327182,0.045734547569489976,0.3908196509683295,0.015478048705392435,0.8008542515657097,0.45165205294431726,0.016747647578934915,0.016126323762327182,0.045734547569489976,0.3908196509683295,0.015478048705392435,0.8008542515657097,0.45165205294431726,0.016747647578934915
3.6106923246406e-18,0.05896708058445104,0.457154937855511,0.12093635596439314,0.793108403203519,0.3952551577555798,0.00005855223717452395,3.6106923246406e-18,0.05896708058445104,0.457154937855511,0.12093635596439314,0.793108403203519,0.3952551577555798,0.00005855223717452395
0.046916182643847344,0.015044850626966323,0.4116450748546694,0.07570118754860704,0.8088854805612382,0.4084024077625115,0.04624029456922844,0.046916182643847344,0.015044850626966323,0.4116450748546694,0.07570118754860704,0.8088854805612382,0.4084024077625115,0.04624029456922844
0.11176141978429224,0.000040271508907653887,0.3660506164880474,0.000021875201220138238,0.8476642123433855,0.368734547353373,1.980846402909674e-27,0.11176141978429224,0.000040271508907653887,0.3660506164880474,0.000021875201220138238,0.8476642123433855,0.368734547353373,1.980846402909674e-27
0.04622793274993046,0.015163693576359612,0.4017411302217254,0.016166235915991957,0.7902309443511645,0.4625141655437037,0.0466368720673569,0.04622793274993046,0.015163693576359612,0.4017411302217254,0.016166235915991957,0.7902309443511645,0.4625141655437037,0.0466368720673569
0.04786890635478108,0.017125909477169948,0.41450737703765433,0.01693614094764138,0.8087991718477577,0.4093687464546104,0.10652465999621652,0.04786890635478108,0.017125909477169948,0.41450737703765433,0.01693614094764138,0.8087991718477577,0.4093687464546104,0.10652465999621652
0.039342695904204,0.014050176192573479,0.3835537770991699,0.01703983385136335,0.8360686366520245,0.3920086833187205,0.015868047090980875,0.039342695904204,0.014050176192573479,0.3835537770991699,0.01703983385136335,0.8360686366520245,0.3920086833187205,0.015868047090980875
0.014872564343428115,0.015901449747021235,0.39192852978991755,0.04277737228110424,0.8020009374999504,0.45521160908182395,0.01525991317026258,0.014872564343428115,0.015901449747021235,0.39192852978991755,0.04277737228110424,0.8020009374999504,0.45521160908182395,0.01525991317026258
0.11727006245578378,7.1098280729342e-47,0.3856542988997528,1.4002179586449227e-43,0.8294378158870069,0.3846991327009309,0.05932191456478712,0.11727006245578378,7.1098280729342e-47,0.3856542988997528,1.4002179586449227e-43,0.8294378158870069,0.3846991327009309,0.05932191456478712
0.01358218763897292,0.01635707218021277,0.38803481835257464,0.04341452740828133,0.7921110879019323,0.48141889263351584,0.017202669018435746,0.01358218763897292,0.01635707218021277,0.38803481835257464,0.04341452740828133,0.7921110879019323,0.48141889263351584,0.017202669018435746
0.07645928133358236,0.020967309266748387,0.3997317593940687,0.01600613676178373,0.828610838040781,0.3944068014797733,0.016214017251264916,0.07645928133358236,0.020967309266748387,0.3997317593940687,0.01600613676178373,0.828610838040781,0.3944068014797733,0.016214017251264916
3.1072911775890727e-7,0.05809215313766138,0.4516014658160702,1.3196039473208278e-169,0.77283105138934,0.45704718803972383,0.060584873697997914,3.1072911775890727e-7,0.05809215313766138,0.4516014658160702,1.3196039473208278e-169,0.77283105138934,0.45704718803972383,0.060584873697997914
2.1524904644604626e-17,2.499378768782012e-18,0.35389023730222474,2.450118385139807e-146,0.81604359100204,0.46285937242829206,7.810218702116069e-101,2.1524904644604626e-17,2.499378768782012e-18,0.35389023730222474,2.450118385139807e-146,0.81604359100204,0.46285937242829206,7.810218702116069e-101
0.04389610246804054,0.01578974695227536,0.39662220657069835,0.01648099989445867,0.8045702336664635,0.4346593995650131,0.07450403785307082,0.04389610246804054,0.01578974695227536,0.39662220657069835,0.01648099989445867,0.8045702336664635,0.4346593995650131,0.07450403785307082
0.015834023892531815,0.01678823892576193,0.45565679192943,0.047811522701132876,0.7795005395662665,0.42724419317935297,0.017741926672721724,0.015834023892531815,0.01678823892576193,0.45565679192943,0.047811522701132876,0.7795005395662665,0.42724419317935297,0.017741926672721724
0.0532934669551887,0.07689419149902438,0.41061532696353303,0.015903304955539776,0.8084587454032135,0.4110700003301079,0.045310264547329206,0.0532934669551887,0.07689419149902438,0.41061532696353303,0.015903304955539776,0.8084587454032135,0.4110700003301079,0.045310264547329206
0.0387597694720655,0.02224074005585564,0.4029759738366861,0.018412101786740995,0.7759781453189138,0.4840960847726389,0.016129484773892172,0.0387597694720655,0.02224074005585564,0.4029759738366861,0.018412101786740995,0.7759781453189138,0.4840960847726389,0.016129484773892172
0.017050589930751252,0.01670811682863206,0.45184040263545117,0.016259708645746457,0.7705310006848913,0.4514218020864173,0.015547822917955718,0.017050589930751252,0.01670811682863206,0.45184040263545117,0.016259708645746457,0.7705310006848913,0.4514218020864173,0.015547822917955718
0.024717112982824287,0.039141082851145315,0.39330616806193003,0.046062173308597854,0.8281290069623656,0.3955473266614868,0.012093441394269176,0.024717112982824287,0.039141082851145315,0.39330616806193003,0.046062173308597854,0.8281290069623656,0.3955473266614868,0.012093441394269176
0.014592610855198387,0.013765022207439142,0.40770747175160943,0.13508729592997978,0.8043944062319577,0.4104082809053515,0.015535553979797242,0.014592610855198387,0.013765022207439142,0.40770747175160943,0.13508729592997978,0.8043944062319577,0.4104082809053515,0.015535553979797242
0.014217562041578011,0.015184990813014164,0.3772134114768794,0.01593817730525555,0.8481228612758076,0.37254113955156715,0.015155000528488345,0.014217562041578011,0.015184990813014164,0.3772134114768794,0.01593817730525555,0.8481228612758076,0.37254113955156715,0.015155000528488345
0.016233998054826216,0.016956443690193956,0.3990713477792184,0.046416640091863984,0.8107094758072296,0.4273503515547643,0.044553449591494175,0.016233998054826216,0.016956443690193956,0.3990713477792184,0.046416640091863984,0.8107094758072296,0.4273503515547643,0.044553449591494175
0.0000907121918851242,0.0000931701073899957,0.4971953031083136,2.0490979645249276e-8,0.7580526868875658,0.4271933638109259,0.05718640924757396,0.0000907121918851242,0.0000931701073899957,0.4971953031083136,2.0490979645249276e-8,0.7580526868875658,0.4271933638109259,0.05718640924757396
6.814673164870313e-18,0.11129205856929449,0.36799996287071735,1.2574347179979159e-40,0.8477110918410611,0.3675572690131347,8.112766034255698e-25,6.814673164870313e-18,0.11129205856929449,0.36799996287071735,1.2574347179979159e-40,0.8477110918410611,0.3675572690131347,8.112766034255698e-25
0.11541012330077957,0.045195900473491944,0.40807672437235665,0.01870154249481903,0.8060178455456015,0.4110521406767846,0.017716941192495027,0.11541012330077957,0.045195900473491944,0.40807672437235665,0.01870154249481903,0.8060178455456015,0.4110521406767846,0.017716941192495027
0.04885732802657796,0.0172062809759197,0.4123921329162074,0.10495513359259066,0.8074835471194263,0.40934977758048235,0.01725142232028171,0.04885732802657796,0.0172062809759197,0.4123921329162074,0.10495513359259066,0.8074835471194263,0.40934977758048235,0.01725142232028171
0.014028119045944311,0.04332333867011122,0.38663646066658686,0.015226269758444825,0.837841204531262,0.38498351260249936,0.015915422956431734,0.014028119045944311,0.04332333867011122,0.38663646066658686,0.015226269758444825,0.837841204531262,0.38498351260249936,0.015915422956431734
0.017242308610388328,0.07676552307893753,0.4122264485520548,0.04766045534597831,0.8070520783203677,0.41310195880969924,0.048920151337043256,0.017242308610388328,0.07676552307893753,0.4122264485520548,0.04766045534597831,0.8070520783203677,0.41310195880969924,0.048920151337043256
0.04699337747595939,0.017595307470400893,0.4563918060846655,0.017219923914992743,0.7798433093252478,0.4275933121945194,0.017139113468022094,0.04699337747595939,0.017595307470400893,0.4563918060846655,0.017219923914992743,0.7798433093252478,0.4275933121945194,0.017139113468022094
3.3198299780439193e-18,0.05421693798334857,0.43873536802742713,0.056689107907379015,0.8135471749300218,0.37797168348341065,2.367718016215424e-33,3.3198299780439193e-18,0.05421693798334857,0.43873536802742713,0.056689107907379015,0.8135471749300218,0.37797168348341065,2.367718016215424e-33
0.06036314171359921,5.28989970843946e-65,0.45493723293095123,3.673232243769962e-207,0.7878782778752978,0.3945174026714914,0.1202761943329696,0.06036314171359921,5.28989970843946e-65,0.45493723293095123,3.673232243769962e-207,0.7878782778752978,0.3945174026714914,0.1202761943329696
0.05649101221969243,0.0601252923071733,0.40509469306258844,0.1255525125559046,0.8074190319361467,0.403299122594501,0.0002765576236884365,0.05649101221969243,0.0601252923071733,0.40509469306258844,0.1255525125559046,0.8074190319361467,0.403299122594501,0.0002765576236884365
2.1391015431408086e-17,8.362580652399906e-18,0.37508853626654765,0.05252371343385812,0.7480123576086218,0.5456913553402067,9.710545381070976e-69,2.1391015431408086e-17,8.362580652399906e-18,0.37508853626654765,0.05252371343385812,0.7480123576086218,0.5456913553402067,9.710545381070976e-69
0.07704221773614768,0.015542967430907906,0.41178818089848385,0.047609784080206864,0.8061940430780457,0.41273789376546793,0.048869658709688096,0.07704221773614768,0.015542967430907906,0.41178818089848385,0.047609784080206864,0.8061940430780457,0.41273789376546793,0.048869658709688096
4.471520866149068e-34,7.30254775378879e-18,6.079842861564354e-17,1.000050229339111,0.0,1.300454625942318e-85,3.698769814009556e-27,4.471520866149068e-34,7.30254775378879e-18,6.079842861564354e-17,1.000050229339111,0.0,1.300454625942318e-85,3.698769814009556e-27
0.057069791355100596,0.05797404132523744,0.3949831993802332,0.0,0.7914380737300224,0.45641716203615984,0.06212647297763889,0.057069791355100596,0.05797404132523744,0.3949831993802332,0.0,0.7914380737300224,0.45641716203615984,0.06212647297763889
1.9797574073017967e-18,2.7175473834819166e-17,0.44498531280174025,0.11809273060366239,0.7730643008258203,0.4464899789811445,2.7312091287258687e-27,1.9797574073017967e-18,2.7175473834819166e-17,0.44498531280174025,0.11809273060366239,0.7730643008258203,0.4464899789811445,2.7312091287258687e-27
3.0399744449428874e-17,5.3029178304758085e-18,0.5039624126124709,6.697995206655984e-90,0.7702627582189148,0.3753550502726692,0.11644563015609194,3.0399744449428874e-17,5.3029178304758085e-18,0.5039624126124709,6.697995206655984e-90,0.7702627582189148,0.3753550502726692,0.11644563015609194
7.13809322712506e-18,0.11657390901760212,0.43565506423713546,4.0565466245937233e-10,0.8106731796970867,0.37608820479151356,2.938668117379171e-113,7.13809322712506e-18,0.11657390901760212,0.43565506423713546,4.0565466245937233e-10,0.8106731796970867,0.37608820479151356,2.938668117379171e-113
0.01717050957096212,0.04581730699332368,0.40856639905538084,0.044536353082387174,0.7998613759962256,0.4366255937993695,0.044364751781754856,0.01717050957096212,0.04581730699332368,0.40856639905538084,0.044536353082387174,0.7998613759962256,0.4366255937993695,0.044364751781754856
0.054045670546146056,4.439168445980786e-6,0.4163824603822398,0.0,0.8332031370845661,0.36171463521856245,3.103627616652607e-71,0.054045670546146056,4.439168445980786e-6,0.4163824603822398,0.0,0.8332031370845661,0.36171463521856245,3.103627616652607e-71
0.11716800735767245,2.7739565982997765e-8,0.3852811202938855,0.057798784007823865,0.8290847203387683,0.38526730786808605,5.433712269805159e-28,0.11716800735767245,2.7739565982997765e-8,0.3852811202938855,0.057798784007823865,0.8290847203387683,0.38526730786808605,5.433712269805159e-28
0.07789494574057254,0.017362310887463168,0.4090188440943685,0.01735320469226901,0.8031331036654095,0.4402327384291456,0.047117188965587295,0.07789494574057254,0.017362310887463168,0.4090188440943685,0.01735320469226901,0.8031331036654095,0.4402327384291456,0.047117188965587295
0.017045868226891882,0.07164541170076981,0.39242706655194465,0.015465426614085323,0.8283663986099861,0.3941067270893323,0.01625329398380091,0.017045868226891882,0.07164541170076981,0.39242706655194465,0.015465426614085323,0.8283663986099861,0.3941067270893323,0.01625329398380091
0.0018003388393054598,0.12401435854553501,0.4061293271661573,0.05827134759624652,0.8059938281512689,0.4049944312280813,0.06264306843483393,0.0018003388393054598,0.12401435854553501,0.4061293271661573,0.05827134759624652,0.8059938281512689,0.4049944312280813,0.06264306843483393
0.059139386942751414,1.495435396050358e-13,0.4463231251246167,2.900153041811548e-84,0.7726588455093875,0.4446119060631684,0.05880175184408384,0.059139386942751414,1.495435396050358e-13,0.4463231251246167,2.900153041811548e-84,0.7726588455093875,0.4446119060631684,0.05880175184408384
0.05895781673728138,6.2469736414016826e-6,0.5039788886220932,0.020905967307943463,0.776024413846292,0.38702722412652496,0.05603729275486561,0.05895781673728138,6.2469736414016826e-6,0.5039788886220932,0.020905967307943463,0.776024413846292,0.38702722412652496,0.05603729275486561
0.045574756344922876,0.0764317177972192,0.43606615563034506,0.017236256475062328,0.7979586202445851,0.4071470488866336,0.018109551146647803,0.045574756344922876,0.0764317177972192,0.43606615563034506,0.017236256475062328,0.7979586202445851,0.4071470488866336,0.018109551146647803
0.019299198520438994,0.01943478292527826,0.463997270242104,0.01669839573341015,0.7879382253994464,0.4008108601970079,0.07579848674261891,0.019299198520438994,0.01943478292527826,0.463997270242104,0.01669839573341015,0.7879382253994464,0.4008108601970079,0.07579848674261891
0.014456484609973936,0.04681021045279117,0.4393187413012593,0.01746042025346452,0.7961906467493283,0.40678654922039653,0.07586568458790963,0.014456484609973936,0.04681021045279117,0.4393187413012593,0.01746042025346452,0.7961906467493283,0.40678654922039653,0.07586568458790963
0.0002322533351684912,0.12491653313513439,0.4009501184422294,3.6767313114932944e-110,0.8045062758284874,0.40420614971689683,0.1224510431539567,0.0002322533351684912,0.12491653313513439,0.4009501184422294,3.6767313114932944e-110,0.8045062758284874,0.40420614971689683,0.1224510431539567
0.015119106508908658,0.01597609283243336,0.4319438591046429,0.07415566620317292,0.8131950833588701,0.40095138276958786,0.0164072864229644,0.015119106508908658,0.01597609283243336,0.4319438591046429,0.07415566620317292,0.8131950833588701,0.40095138276958786,0.0164072864229644
0.017669877045882368,0.01744151720802483,0.4118502673343971,0.10711160856562087,0.8057321725227918,0.4140254655634663,0.04688209613848411,0.017669877045882368,0.01744151720802483,0.4118502673343971,0.10711160856562087,0.8057321725227918,0.4140254655634663,0.04688209613848411
3.6720170467267255e-18,0.05996858929910773,0.4539211304333034,6.057893052481784e-79,0.7880679138732626,0.3938958179675225,0.12087890052498383,3.6720170467267255e-18,0.05996858929910773,0.4539211304333034,6.057893052481784e-79,0.7880679138732626,0.3938958179675225,0.12087890052498383
0.013183951036076062,0.012769106464418385,0.3908607198496228,0.0171452975394543,0.8304637211889161,0.39427282529920515,0.07155701025342409,0.013183951036076062,0.012769106464418385,0.3908607198496228,0.0171452975394543,0.8304637211889161,0.39427282529920515,0.07155701025342409
0.017737289729848633,0.04621506567188596,0.4085799270217471,0.048352338677784296,0.8081381098078776,0.4122347871247928,0.08266213348789488,0.017737289729848633,0.04621506567188596,0.4085799270217471,0.048352338677784296,0.8081381098078776,0.4122347871247928,0.08266213348789488
3.756724478529851e-18,0.06135196664287905,0.3939120115207575,1.4785792475660654e-79,0.7889883678363024,0.45359334647319877,0.12074970814058876,3.756724478529851e-18,0.06135196664287905,0.3939120115207575,1.4785792475660654e-79,0.7889883678363024,0.45359334647319877,0.12074970814058876
3.4540278701754187e-18,0.05640855588044238,0.427011570145707,2.2120367938999746e-25,0.7969034664589256,0.4260980872080457,3.0487087252540527e-39,3.4540278701754187e-18,0.05640855588044238,0.427011570145707,2.2120367938999746e-25,0.7969034664589256,0.4260980872080457,3.0487087252540527e-39
0.04660293736277161,0.016719020432097415,0.3936449902445193,0.015385997093819563,0.8164760292853505,0.4216793110658818,0.015927122491053786,0.04660293736277161,0.016719020432097415,0.3936449902445193,0.015385997093819563,0.8164760292853505,0.4216793110658818,0.015927122491053786
0.059889496299482245,0.059330499360101374,0.3978236529267811,0.06017783236656805,0.7939641371604866,0.4563200888184608,0.0003405271470272118,0.059889496299482245,0.059330499360101374,0.3978236529267811,0.06017783236656805,0.7939641371604866,0.4563200888184608,0.0003405271470272118
0.016165689717004203,0.016143033933266004,0.41529327072753547,0.016441448315434752,0.8052807740839383,0.40601343520714733,0.13488508536373067,0.016165689717004203,0.016143033933266004,0.41529327072753547,0.016441448315434752,0.8052807740839383,0.40601343520714733,0.13488508536373067
0.07375903832035209,0.019473672783799016,0.4082348176920043,0.045520695577505876,0.7976388526115576,0.434954286364207,0.017077357234877102,0.07375903832035209,0.019473672783799016,0.4082348176920043,0.045520695577505876,0.7976388526115576,0.434954286364207,0.017077357234877102
0.10062060214898029,0.016411964024584724,0.40127402808207546,0.01619198205196779,0.8182655600996462,0.40113578594179566,0.017094096888904026,0.10062060214898029,0.016411964024584724,0.40127402808207546,0.01619198205196779,0.8182655600996462,0.40113578594179566,0.017094096888904026
0.016702898463438528,0.04493689463849778,0.4277010498331357,0.04619950116656199,0.809584981728123,0.40231289800745484,0.01707820419074663,0.016702898463438528,0.04493689463849778,0.4277010498331357,0.04619950116656199,0.809584981728123,0.40231289800745484,0.01707820419074663
0.021312810786367303,0.10305397006844275,0.40129391496223743,0.016192750212413894,0.8119083273912238,0.4121318314719969,0.01701638371950225,0.021312810786367303,0.10305397006844275,0.40129391496223743,0.016192750212413894,0.8119083273912238,0.4121318314719969,0.01701638371950225
3.391721693251644e-18,0.055391018791917684,0.3689517156342058,4.409792377811884e-187,0.8509639509612895,0.3671541354469085,0.05624654453631005,3.391721693251644e-18,0.055391018791917684,0.3689517156342058,4.409792377811884e-187,0.8509639509612895,0.3671541354469085,0.05624654453631005
0.01646249824225105,0.047108136708014586,0.40603759447207105,0.10550066471491416,0.8084918958305236,0.4112502009080664,0.01625287038314343,0.01646249824225105,0.047108136708014586,0.40603759447207105,0.10550066471491416,0.8084918958305236,0.4112502009080664,0.01625287038314343
0.014900649556664754,0.04728443739229835,0.43253963006718255,0.04563653431498902,0.7891078503810979,0.4338673233981287,0.01622476950774693,0.014900649556664754,0.04728443739229835,0.43253963006718255,0.04563653431498902,0.7891078503810979,0.4338673233981287,0.01622476950774693
2.16683342269414e-17,1.718168279644081e-17,0.45161913706590223,8.111082245178161e-166,0.7837234127230992,0.3919682135948575,0.179158584191704,2.16683342269414e-17,1.718168279644081e-17,0.45161913706590223,8.111082245178161e-166,0.7837234127230992,0.3919682135948575,0.179158584191704
0.016056678639951888,0.01622162242730321,0.38475109423876824,0.04444761532707548,0.839378303014951,0.3846981113104164,0.015822113875996642,0.016056678639951888,0.01622162242730321,0.38475109423876824,0.04444761532707548,0.839378303014951,0.3846981113104164,0.015822113875996642
1.6161643849907508e-17,1.651305160374706e-17,0.37734691977376594,2.663807185725248e-63,0.8104679920408379,0.43381654165935113,0.1164043934835155,1.6161643849907508e-17,1.651305160374706e-17,0.37734691977376594,2.663807185725248e-63,0.8104679920408379,0.43381654165935113,0.1164043934835155
0.05319463166478482,0.055713487478106435,0.4083592513118332,0.04425559849272162,0.7978720539628423,0.4350967122928022,0.017082463409910854,0.05319463166478482,0.055713487478106435,0.4083592513118332,0.04425559849272162,0.7978720539628423,0.4350967122928022,0.017082463409910854
0.0616204489654554,1.0869189365637536e-59,0.4020362986041364,8.58734254198845e-43,0.8047883592375388,0.4026448193753989,0.18331332400786973,0.0616204489654554,1.0869189365637536e-59,0.4020362986041364,8.58734254198845e-43,0.8047883592375388,0.4026448193753989,0.18331332400786973
0.05866866467633242,9.103710674874994e-163,0.49187097176954864,0.00004375436360070184,0.7543143999526782,0.434121811488588,2.891618284644948e-204,0.05866866467633242,9.103710674874994e-163,0.49187097176954864,0.00004375436360070184,0.7543143999526782,0.434121811488588,2.891618284644948e-204
0.04736479945848137,0.0082548641294284,0.43779098185802257,0.07845161669033783,0.797034522743239,0.4074189190763334,0.013557622646103709,0.04736479945848137,0.0082548641294284,0.43779098185802257,0.07845161669033783,0.797034522743239,0.4074189190763334,0.013557622646103709
7.188727810565108e-18,0.11740083451931087,0.5012083318321109,9.199833846155722e-259,0.7680007028826341,0.3830778092889278,5.510261372285065e-26,7.188727810565108e-18,0.11740083451931087,0.5012083318321109,9.199833846155722e-259,0.7680007028826341,0.3830778092889278,5.510261372285065e-26
0.04814943700141635,0.013283564315048166,0.4641377467092943,0.0457614909951002,0.7919799945100545,0.40255996497085655,0.01626794676364275,0.04814943700141635,0.013283564315048166,0.4641377467092943,0.0457614909951002,0.7919799945100545,0.40255996497085655,0.01626794676364275
7.177654408505641e-18,0.11721999213982356,0.3854520607712038,0.057824428014774366,0.8294525663876842,0.38407107964655146,8.69915810664212e-27,7.177654408505641e-18,0.11721999213982356,0.3854520607712038,0.057824428014774366,0.8294525663876842,0.38407107964655146,8.69915810664212e-27
0.01581955484230276,0.01670148119845801,0.43372904381808625,0.04958492556702259,0.8071456748549924,0.3982700723591621,0.044720374504529654,0.01581955484230276,0.01670148119845801,0.43372904381808625,0.04958492556702259,0.8071456748549924,0.3982700723591621,0.044720374504529654
0.0561331280850474,1.0358995090553331e-58,0.3693596608330005,0.0,0.8505979840316584,0.36720917127411834,0.0562349728021594,0.0561331280850474,1.0358995090553331e-58,0.3693596608330005,0.0,0.8505979840316584,0.36720917127411834,0.0562349728021594
0.07501022553501187,0.019974772510744004,0.4099191003259198,0.0739645526740687,0.8089775452735565,0.40957489880725845,0.017098494492950467,0.07501022553501187,0.019974772510744004,0.4099191003259198,0.0739645526740687,0.8089775452735565,0.40957489880725845,0.017098494492950467
8.528595528365966e-6,0.00004377981716281602,0.35265408703272816,0.053911801362816605,0.8665726560887329,0.35242691045467045,0.0,8.528595528365966e-6,0.00004377981716281602,0.35265408703272816,0.053911801362816605,0.8665726560887329,0.35242691045467045,0.0
2.5675747929415587e-17,6.971644689546566e-18,0.43449932498243066,1.0041037905863214e-63,0.7538715852856072,0.4919040151118862,0.059499928611616924,2.5675747929415587e-17,6.971644689546566e-18,0.43449932498243066,1.0041037905863214e-63,0.7538715852856072,0.4919040151118862,0.059499928611616924
0.016069302672823024,0.07765682541044903,0.4123723932036211,0.01727382879248367,0.8077420678419744,0.40943410054102913,0.0733042021962639,0.016069302672823024,0.07765682541044903,0.4123723932036211,0.01727382879248367,0.8077420678419744,0.40943410054102913,0.0733042021962639
0.000029240190049450337,0.0006741844687730439,0.3642130894255845,9.626333999840561e-8,0.7248411745978682,0.5861914304539769,1.779428690796481e-35,0.000029240190049450337,0.0006741844687730439,0.3642130894255845,9.626333999840561e-8,0.7248411745978682,0.5861914304539769,1.779428690796481e-35
1.3944355604760248e-33,2.2772860900741098e-17,0.3719090421270272,1.4274371943762775e-93,0.8457145530631806,0.36675154601459886,0.11258349057093477,1.3944355604760248e-33,2.2772860900741098e-17,0.3719090421270272,1.4274371943762775e-93,0.8457145530631806,0.36675154601459886,0.11258349057093477
1.3758988459395324e-17,2.2760389389167208e-17,0.4343449886649776,0.05753213764676846,0.8141960625709235,0.3785514280363588,0.059188854459569375,1.3758988459395324e-17,2.2760389389167208e-17,0.4343449886649776,0.05753213764676846,0.8141960625709235,0.3785514280363588,0.059188854459569375
0.04595803992907897,0.01687269987337283,0.4840318460995309,0.015898706859076763,0.7822190361920512,0.39760620746610736,0.016121762924791304,0.04595803992907897,0.01687269987337283,0.4840318460995309,0.015898706859076763,0.7822190361920512,0.39760620746610736,0.016121762924791304
0.048592697108105536,0.04897950351634229,0.437831249971477,0.04685227941204774,0.7973939575085955,0.4084244456526488,0.016981891175455587,0.048592697108105536,0.04897950351634229,0.437831249971477,0.04685227941204774,0.7973939575085955,0.4084244456526488,0.016981891175455587
0.0583838322328951,2.2611174912877402e-9,0.393956215355951,0.007914077380293486,0.7868261080563489,0.4522949311727081,0.14859741976333823,0.0583838322328951,2.2611174912877402e-9,0.393956215355951,0.007914077380293486,0.7868261080563489,0.4522949311727081,0.14859741976333823
0.0594302662013059,0.06095771784364672,0.3807298865147945,2.643931741343881e-119,0.8188052712643349,0.43636935013365896,1.515612547402519e-122,0.0594302662013059,0.06095771784364672,0.3807298865147945,2.643931741343881e-119,0.8188052712643349,0.43636935013365896,1.515612547402519e-122
2.3967330177463925e-17,2.7106531599233697e-18,0.3939115773863842,0.18027425408280057,0.7807234190917195,0.4508857466368502,6.128895370209618e-85,2.3967330177463925e-17,2.7106531599233697e-18,0.3939115773863842,0.18027425408280057,0.7807234190917195,0.4508857466368502,6.128895370209618e-85
1.9361954702219e-17,1.9226575168358544e-17,0.44562038762738315,0.05887077588866769,0.7729267394373333,0.444581005917535,0.059458318255399434,1.9361954702219e-17,1.9226575168358544e-17,0.44562038762738315,0.05887077588866769,0.7729267394373333,0.444581005917535,0.059458318255399434
0.12224921607630387,0.12298854830533974,0.4031674991579628,0.0015574941999624346,0.8066597465890705,0.40189177604710885,1.4392161012086622e-37,0.12224921607630387,0.12298854830533974,0.4031674991579628,0.0015574941999624346,0.8066597465890705,0.40189177604710885,1.4392161012086622e-37
3.01924143994628e-17,1.0893637781273181e-17,0.5241929028128341,2.9497923616081458e-62,0.7745356784058459,0.3596352472566854,2.918135724003287e-76,3.01924143994628e-17,1.0893637781273181e-17,0.5241929028128341,2.9497923616081458e-62,0.7745356784058459,0.3596352472566854,2.918135724003287e-76
0.01664387045161262,0.04614874843065247,0.45637657159005907,0.017661594334572248,0.7803981102354766,0.42678004032404043,0.017827818950880536,0.01664387045161262,0.04614874843065247,0.45637657159005907,0.017661594334572248,0.7803981102354766,0.42678004032404043,0.017827818950880536
0.01447016631551807,0.014614155117177154,0.4186519392737302,0.015294999353075973,0.8185738164672379,0.3909593004759546,0.04230187365493629,0.01447016631551807,0.014614155117177154,0.4186519392737302,0.015294999353075973,0.8185738164672379,0.3909593004759546,0.04230187365493629
0.0755135151770052,0.008940935811252073,0.4002823264076057,0.01548047288053622,0.8185991425361387,0.4093349692384239,0.04701188795173073,0.0755135151770052,0.008940935811252073,0.4002823264076057,0.01548047288053622,0.8185991425361387,0.4093349692384239,0.04701188795173073
0.11722807186853913,6.447731942527944e-9,0.44422753171917695,0.0,0.7704361192900451,0.4442041625271224,7.718280170701827e-23,0.11722807186853913,6.447731942527944e-9,0.44422753171917695,0.0,0.7704361192900451,0.4442041625271224,7.718280170701827e-23
0.0217521164393134,0.10517814749691047,0.40559164839354195,0.01637653441574191,0.7973769847101463,0.4357427247505091,0.01702121736409967,0.0217521164393134,0.10517814749691047,0.40559164839354195,0.01637653441574191,0.7973769847101463,0.4357427247505091,0.01702121736409967
0.04013009918662723,0.04053719056948889,0.4063872754319776,0.01889069449514126,0.7892155234112094,0.45782901587162855,0.015964379916937492,0.04013009918662723,0.04053719056948889,0.4063872754319776,0.01889069449514126,0.7892155234112094,0.45782901587162855,0.015964379916937492
0.047829538432528275,0.016786827640295456,0.40847467523616354,0.0756918875013763,0.7979054839363015,0.43837413930295466,0.01742454489175356,0.047829538432528275,0.016786827640295456,0.40847467523616354,0.0756918875013763,0.7979054839363015,0.43837413930295466,0.01742454489175356
1.5452498619819878e-17,1.56688853516184e-17,0.35939625349168625,7.630950836920978e-94,0.7761424368978257,0.5256226840871016,7.387355578334304e-26,1.5452498619819878e-17,1.56688853516184e-17,0.35939625349168625,7.630950836920978e-94,0.7761424368978257,0.5256226840871016,7.387355578334304e-26
3.693234789290297e-33,6.031510133144791e-17,1.0516854608586571e-17,1.1562036532810906e-18,1.0000604118120344,1.6014935486455675e-71,6.259120307420859e-25,3.693234789290297e-33,6.031510133144791e-17,1.0516854608586571e-17,1.1562036532810906e-18,1.0000604118120344,1.6014935486455675e-71,6.259120307420859e-25
0.12382529461577915,1.28141773086684e-60,0.4040397871523734,0.062002892026664064,0.808316006928353,0.4046824500833915,0.061727061381785873,0.12382529461577915,1.28141773086684e-60,0.4040397871523734,0.062002892026664064,0.808316006928353,0.4046824500833915,0.061727061381785873
3.0221453556365424e-17,3.788804310184808e-21,0.4935537955091094,0.057815415849522295,0.7521157209938546,0.4337448736063398,2.2356343444987536e-98,3.0221453556365424e-17,3.788804310184808e-21,0.4935537955091094,0.057815415849522295,0.7521157209938546,0.4337448736063398,2.2356343444987536e-98
0.0000759501696567392,0.00007765722423633689,0.33736724161581544,7.1510710215235105e-87,0.8784301625282591,0.3400765920799959,3.3386237336966823e-50,0.0000759501696567392,0.00007765722423633689,0.33736724161581544,7.1510710215235105e-87,0.8784301625282591,0.3400765920799959,3.3386237336966823e-50
0.01959742035212827,0.13724202345891495,0.41002163250449286,0.01671848133030872,0.8087271959194745,0.41269506344028,0.0160084897363378,0.01959742035212827,0.13724202345891495,0.41002163250449286,0.01671848133030872,0.8087271959194745,0.41269506344028,0.0160084897363378
0.05840453256591093,2.783952284467612e-32,0.3818456492230018,0.0495630192315213,0.8103906197970512,0.44364275110569956,3.6789089109770257e-32,0.05840453256591093,2.783952284467612e-32,0.3818456492230018,0.0495630192315213,0.8103906197970512,0.44364275110569956,3.6789089109770257e-32
0.019914676028640405,0.019516259041419154,0.40351671116607607,0.04683460646801603,0.7906848078782276,0.4579596162724813,0.04519052018386763,0.019914676028640405,0.019516259041419154,0.40351671116607607,0.04683460646801603,0.7906848078782276,0.4579596162724813,0.04519052018386763
1.0892960408845705e-17,0.1778955437017401,0.3908671590793578,8.758896667832097e-125,0.7824577365686751,0.45241506160026373,1.5052832981966913e-26,1.0892960408845705e-17,0.1778955437017401,0.3908671590793578,8.758896667832097e-125,0.7824577365686751,0.45241506160026373,1.5052832981966913e-26
0.016765212543589654,0.07591645268130308,0.40774325268183464,0.04439431411739244,0.7977505413875714,0.43701033913536175,0.017109878858387637,0.016765212543589654,0.07591645268130308,0.40774325268183464,0.04439431411739244,0.7977505413875714,0.43701033913536175,0.017109878858387637
0.015497353482998653,0.015674057357081207,0.411027007228613,0.06784148029438175,0.7889545523592594,0.45702588552512846,0.01686315777355867,0.015497353482998653,0.015674057357081207,0.411027007228613,0.06784148029438175,0.7889545523592594,0.45702588552512846,0.01686315777355867
0.12030615465666415,0.0,0.39434650013042627,0.06063038148241409,0.788246746963266,0.454812360462708,0.00033131236342909395,0.12030615465666415,0.0,0.39434650013042627,0.06063038148241409,0.788246746963266,0.454812360462708,0.00033131236342909395
0.05716139827948138,6.643550380945734e-69,0.3743722256671831,3.665043626046263e-6,0.7483603361654814,0.5453537786744319,1.7264438552592715e-24,0.05716139827948138,6.643550380945734e-69,0.3743722256671831,3.665043626046263e-6,0.7483603361654814,0.5453537786744319,1.7264438552592715e-24
0.12114946195486119,0.05974269373996891,0.395778869482646,0.0,0.7886513236673383,0.45444301439572504,1.1593542978133536e-22,0.12114946195486119,0.05974269373996891,0.395778869482646,0.0,0.7886513236673383,0.45444301439572504,1.1593542978133536e-22
1.0758999171596053e-17,0.17570779067216583,0.38358886964225286,6.192225037764972e-106,0.8256460443515167,0.38330994569473564,3.863808344188111e-162,1.0758999171596053e-17,0.17570779067216583,0.38358886964225286,6.192225037764972e-106,0.8256460443515167,0.38330994569473564,3.863808344188111e-162
0.014283618463532365,0.04441502903981816,0.40547394604430786,0.07775166356636816,0.7979489304758702,0.43839481090199334,0.017009240720970004,0.014283618463532365,0.04441502903981816,0.40547394604430786,0.07775166356636816,0.7979489304758702,0.43839481090199334,0.017009240720970004
0.05841434878315895,0.00009132351442257674,0.3849790698006758,0.06019406208451856,0.7701587463799678,0.5036589852135652,2.6643660615947213e-73,0.05841434878315895,0.00009132351442257674,0.3849790698006758,0.06019406208451856,0.7701587463799678,0.5036589852135652,2.6643660615947213e-73
0.01603832394625442,0.01566883309373925,0.42437576834841295,0.015508415987519954,0.7893359006614037,0.45287743195668884,0.043493405349067926,0.01603832394625442,0.01566883309373925,0.42437576834841295,0.015508415987519954,0.7893359006614037,0.45287743195668884,0.043493405349067926
0.04837846519933041,0.047887877935214276,0.41419183281919936,0.04711904787245569,0.8070891680779978,0.4131961606186023,0.048923919161778705,0.04837846519933041,0.047887877935214276,0.41419183281919936,0.04711904787245569,0.8070891680779978,0.4131961606186023,0.048923919161778705
2.450898091409155e-18,2.475074982035108e-17,0.40618734615634006,0.06352744032652509,0.8000517303655836,0.40131017032872507,0.18289959320308669,2.450898091409155e-18,2.475074982035108e-17,0.40618734615634006,0.06352744032652509,0.8000517303655836,0.40131017032872507,0.18289959320308669
0.058933871690572646,9.67789533348976e-8,0.38620179930099996,1.4034856744976318e-184,0.8302616962244113,0.383591251866408,0.116788958365235,0.058933871690572646,9.67789533348976e-8,0.38620179930099996,1.4034856744976318e-184,0.8302616962244113,0.383591251866408,0.116788958365235
0.045780701177678594,0.047220835606395645,0.42902037022712786,0.01648511449084628,0.8094820905277135,0.3988153908383425,0.017234966501781603,0.045780701177678594,0.047220835606395645,0.42902037022712786,0.01648511449084628,0.8094820905277135,0.3988153908383425,0.017234966501781603
0.1052725495771607,0.02011233794880828,0.4076850067520282,0.04786513499484837,0.8106464327981917,0.4152146801259674,0.017349285499799253,0.1052725495771607,0.02011233794880828,0.4076850067520282,0.04786513499484837,0.8106464327981917,0.4152146801259674,0.017349285499799253
0.01680736894270789,0.01685253365068364,0.45678537710427963,0.01790346545127477,0.7813732292348118,0.42847495683908476,0.04584946526182711,0.01680736894270789,0.01685253365068364,0.45678537710427963,0.01790346545127477,0.7813732292348118,0.42847495683908476,0.04584946526182711
1.001991687768038e-17,4.328144767804401e-28,5.846632450234742e-17,2.1533524110467895e-18,1.5045830534555656e-17,1.000043248854401,4.574686708560394e-29,1.001991687768038e-17,4.328144767804401e-28,5.846632450234742e-17,2.1533524110467895e-18,1.5045830534555656e-17,1.000043248854401,4.574686708560394e-29
0.016435126339930505,0.07355726580843787,0.4015148214121618,0.018345028779738745,0.8180932429308967,0.40291874322243265,0.04658699941625125,0.016435126339930505,0.07355726580843787,0.4015148214121618,0.018345028779738745,0.8180932429308967,0.40291874322243265,0.04658699941625125
0.05515154107877196,5.597968878788652e-26,0.3619460754858326,4.7743829723028095e-82,0.8342483278782501,0.41353856482223583,1.2341398007756851e-10,0.05515154107877196,5.597968878788652e-26,0.3619460754858326,4.7743829723028095e-82,0.8342483278782501,0.41353856482223583,1.2341398007756851e-10
0.04425097184718035,0.017820708083733493,0.4019743120804398,0.04660203240112035,0.7876451523809879,0.4628280774337343,0.016677334339040072,0.04425097184718035,0.017820708083733493,0.4019743120804398,0.04660203240112035,0.7876451523809879,0.4628280774337343,0.016677334339040072
0.04354646397350819,0.04380324228011705,0.4085951204127839,0.017280789738550656,0.8002257943407985,0.43792225336890817,0.04490730124668184,0.04354646397350819,0.04380324228011705,0.4085951204127839,0.017280789738550656,0.8002257943407985,0.43792225336890817,0.04490730124668184
0.056904972443484525,0.05789938790985305,0.43255892551993796,5.670463683458821e-7,0.816524762357445,0.3752420969078042,1.313890757706759e-9,0.056904972443484525,0.05789938790985305,0.43255892551993796,5.670463683458821e-7,0.816524762357445,0.3752420969078042,1.313890757706759e-9
0.01573988992895447,0.07707274047274512,0.4072929075730262,0.014953325505005778,0.7974918231671938,0.43568577268218356,0.04498974788891445,0.01573988992895447,0.07707274047274512,0.4072929075730262,0.014953325505005778,0.7974918231671938,0.43568577268218356,0.04498974788891445
0.05925356415275561,0.06219532875880249,0.46258950851522135,0.0,0.7887282089905611,0.3930691449570572,0.05921685251380939,0.05925356415275561,0.06219532875880249,0.46258950851522135,0.0,0.7887282089905611,0.3930691449570572,0.05921685251380939
0.12286774887547441,2.0150522538722776e-42,0.40227653706016664,3.9270013783793676e-39,0.8051514821824219,0.40210608570229794,0.12240922465157017,0.12286774887547441,2.0150522538722776e-42,0.40227653706016664,3.9270013783793676e-39,0.8051514821824219,0.40210608570229794,0.12240922465157017
3.405548465547614e-18,0.055616827119765296,0.3628466250830734,8.375650939414164e-83,0.8366986003551111,0.41473222468797116,0.0,3.405548465547614e-18,0.055616827119765296,0.3628466250830734,8.375650939414164e-83,0.8366986003551111,0.41473222468797116,0.0
0.02067140180943939,0.045125641713843666,0.4614478285910597,0.04527050565933525,0.7904188008497486,0.400694497542915,0.01895187155768177,0.02067140180943939,0.045125641713843666,0.4614478285910597,0.04527050565933525,0.7904188008497486,0.400694497542915,0.01895187155768177
0.015163036580739322,0.01551012073367636,0.3815813126092408,0.01496833040836234,0.8292886316337084,0.40812663426296575,0.015916760000395578,0.015163036580739322,0.01551012073367636,0.3815813126092408,0.01496833040836234,0.8292886316337084,0.40812663426296575,0.015916760000395578
0.05461644743815079,0.000021968338968815382,0.4380073231002159,0.056602769433649655,0.8125047719475867,0.37717752552029293,3.505828821136442e-33,0.05461644743815079,0.000021968338968815382,0.4380073231002159,0.056602769433649655,0.8125047719475867,0.37717752552029293,3.505828821136442e-33
0.016050162005803958,0.0183673711140643,0.4014674399948672,0.0468306683368911,0.819548037511245,0.40045156954064376,0.07660854350488495,0.016050162005803958,0.0183673711140643,0.4014674399948672,0.0468306683368911,0.819548037511245,0.40045156954064376,0.07660854350488495
0.0005142080556301171,0.00020019504840648915,0.3635575059912032,0.05590084966885668,0.8374445437462702,0.4302192491190146,1.0673538337522223e-25,0.0005142080556301171,0.00020019504840648915,0.3635575059912032,0.05590084966885668,0.8374445437462702,0.4302192491190146,1.0673538337522223e-25
0.11201778455192823,0.018194847022488646,0.4457695431215794,0.017989664183149314,0.792617057216211,0.4013549621790458,0.016979917783757438,0.11201778455192823,0.018194847022488646,0.4457695431215794,0.017989664183149314,0.792617057216211,0.4013549621790458,0.016979917783757438
2.359106230604959e-17,1.626463038016317e-25,0.38527128511624104,0.11836565313754324,0.8283555251511977,0.385096499489442,0.05856442685714554,2.359106230604959e-17,1.626463038016317e-25,0.38527128511624104,0.11836565313754324,0.8283555251511977,0.385096499489442,0.05856442685714554
0.01719444265416752,0.017063537736196403,0.3993865922516373,0.07360729146782433,0.8088282328131721,0.42723729826652457,0.016193853454168693,0.01719444265416752,0.017063537736196403,0.3993865922516373,0.07360729146782433,0.8088282328131721,0.42723729826652457,0.016193853454168693
1.0006923179936842,1.0272147787354934e-155,0.0,0.0,7.745561840626584e-148,1.8718927082591104e-228,2.975942271332621e-146,1.0006923179936842,1.0272147787354934e-155,0.0,0.0,7.745561840626584e-148,1.8718927082591104e-228,2.975942271332621e-146
0.04569951978598479,0.01494205630921552,0.39924347866921406,0.04552648773352663,0.8093956886936716,0.4279990202028293,0.016334994948924195,0.04569951978598479,0.01494205630921552,0.39924347866921406,0.04552648773352663,0.8093956886936716,0.4279990202028293,0.016334994948924195
0.017243971942717515,0.017380659929020825,0.4114381748084267,0.015843044123113128,0.8280258308697274,0.3864318208181271,0.01666999275737209,0.017243971942717515,0.017380659929020825,0.4114381748084267,0.015843044123113128,0.8280258308697274,0.3864318208181271,0.01666999275737209
1.7764140363310045e-17,1.7040127001738227e-17,0.40200420008336496,0.12424441567385917,0.8048041180865594,0.40264411268863726,0.12269191587565292,1.7764140363310045e-17,1.7040127001738227e-17,0.40200420008336496,0.12424441567385917,0.8048041180865594,0.40264411268863726,0.12269191587565292
0.046385235766106016,0.017557276603743194,0.44027156172306703,0.05003539246607972,0.7979226773366404,0.40815513087791616,0.04494643093357113,0.046385235766106016,0.017557276603743194,0.44027156172306703,0.05003539246607972,0.7979226773366404,0.40815513087791616,0.04494643093357113
0.047334183162180875,0.016458963957900533,0.44299069958275605,0.01712713795556126,0.8026916449356712,0.4101440321271996,0.0771229924108824,0.047334183162180875,0.016458963957900533,0.44299069958275605,0.01712713795556126,0.8026916449356712,0.4101440321271996,0.0771229924108824
2.1175465567102333e-17,3.0846629132997048e-24,0.3458215965916988,2.3240308459938806e-119,0.8500063923055033,0.39859134143840647,1.1387842813639335e-35,2.1175465567102333e-17,3.0846629132997048e-24,0.3458215965916988,2.3240308459938806e-119,0.8500063923055033,0.39859134143840647,1.1387842813639335e-35
0.0542253960978771,6.726400817521972e-10,0.3529376495615569,4.901856347914966e-115,0.8672515735978733,0.3545663486664677,1.0784451730618136e-23,0.0542253960978771,6.726400817521972e-10,0.3529376495615569,4.901856347914966e-115,0.8672515735978733,0.3545663486664677,1.0784451730618136e-23
3.5698331833246e-18,0.058299800167853404,0.40067956218729534,0.06398824021107037,0.8084270796144183,0.40501137260003806,0.12446319255539622,3.5698331833246e-18,0.058299800167853404,0.40067956218729534,0.06398824021107037,0.8084270796144183,0.40501137260003806,0.12446319255539622
0.05842434670067342,0.059460859019186484,0.4451342683871699,0.0,0.7744734569792487,0.44551583287749186,7.038143908184693e-24,0.05842434670067342,0.059460859019186484,0.4451342683871699,0.0,0.7744734569792487,0.44551583287749186,7.038143908184693e-24
0.06263596325481355,0.0614354992721863,0.3866744546248417,0.05871362329111627,0.8294524464292264,0.39049466934408783,4.030512143844983e-18,0.06263596325481355,0.0614354992721863,0.3866744546248417,0.05871362329111627,0.8294524464292264,0.39049466934408783,4.030512143844983e-18
0.019011802931931884,0.017031872936028692,0.43347166117376373,0.046412983066976964,0.7767157503218102,0.4569690055276016,0.015731108221431554,0.019011802931931884,0.017031872936028692,0.43347166117376373,0.046412983066976964,0.7767157503218102,0.4569690055276016,0.015731108221431554
0.017193448587996492,0.019630988363220896,0.44208533696477936,0.047178274143316906,0.7954307080686843,0.4067386597457599,0.07729973491433344,0.017193448587996492,0.019630988363220896,0.44208533696477936,0.047178274143316906,0.7954307080686843,0.4067386597457599,0.07729973491433344
0.05676320195392626,6.5523394836874e-34,0.42652281434476225,1.2545696052145324e-11,0.7961448267719627,0.4263896662972109,3.622026314314126e-104,0.05676320195392626,6.5523394836874e-34,0.42652281434476225,1.2545696052145324e-11,0.7961448267719627,0.4263896662972109,3.622026314314126e-104
3.507325730983915e-18,0.05727897600231922,0.4508448153362559,0.059033462892257596,0.777540801149834,0.44948085781506875,1.0113459977094039e-128,3.507325730983915e-18,0.05727897600231922,0.4508448153362559,0.059033462892257596,0.777540801149834,0.44948085781506875,1.0113459977094039e-128
0.07494470604829714,0.023537487259105906,0.4610853397637838,0.01797852252499454,0.789727222032794,0.3986598886084449,0.01694832733504931,0.07494470604829714,0.023537487259105906,0.4610853397637838,0.01797852252499454,0.789727222032794,0.3986598886084449,0.01694832733504931
1.67114289712298e-17,1.7328173810497643e-17,0.393151468926887,0.11958806919410694,0.7904174994366803,0.45421333961163585,0.06010066512042321,1.67114289712298e-17,1.7328173810497643e-17,0.393151468926887,0.11958806919410694,0.7904174994366803,0.45421333961163585,0.06010066512042321
0.01805557599832054,0.04484122441061709,0.45185130491418035,0.016244660741711228,0.7996872327532517,0.39567770136825026,0.016465505938618456,0.01805557599832054,0.04484122441061709,0.45185130491418035,0.016244660741711228,0.7996872327532517,0.39567770136825026,0.016465505938618456
0.045986742330878565,0.01724470085521579,0.42282919048875106,0.016951775395681275,0.8007238749889862,0.42482870205581696,0.01662053473002751,0.045986742330878565,0.01724470085521579,0.42282919048875106,0.016951775395681275,0.8007238749889862,0.42482870205581696,0.01662053473002751
0.11702253403375115,1.1264506987637124e-28,0.5010280114239605,0.0,0.7671813025034215,0.38404215997122737,4.9306549453552236e-33,0.11702253403375115,1.1264506987637124e-28,0.5010280114239605,0.0,0.7671813025034215,0.38404215997122737,4.9306549453552236e-33
1.2062146113266706e-17,3.1159844908144143e-17,0.5456763687913794,4.057420513546267e-124,0.7485037795470932,0.37412120981883845,0.057240693228404985,1.2062146113266706e-17,3.1159844908144143e-17,0.5456763687913794,4.057420513546267e-124,0.7485037795470932,0.37412120981883845,0.057240693228404985
0.005172186703008932,0.014800431544429036,0.4085276114359975,0.1070420538802089,0.8087444006760284,0.4115201080781918,0.016258890911475376,0.005172186703008932,0.014800431544429036,0.4085276114359975,0.1070420538802089,0.8087444006760284,0.4115201080781918,0.016258890911475376
0.016323926135201724,0.04629495149386032,0.3878758417009353,0.015270507013704979,0.8240051065836173,0.4111604477833086,0.009212399293484358,0.016323926135201724,0.04629495149386032,0.3878758417009353,0.015270507013704979,0.8240051065836173,0.4111604477833086,0.009212399293484358
0.057415852298599364,0.00006099923714305519,0.4543482676099389,0.06153263946169318,0.7895030711030662,0.40051744591111693,0.05883858587068393,0.057415852298599364,0.00006099923714305519,0.4543482676099389,0.06153263946169318,0.7895030711030662,0.40051744591111693,0.05883858587068393
0.01727172309634014,0.017667239391964178,0.40444892471864247,0.017652966369016452,0.7927967826119912,0.4510139906620133,0.07741811829353737,0.01727172309634014,0.017667239391964178,0.40444892471864247,0.017652966369016452,0.7927967826119912,0.4510139906620133,0.07741811829353737
0.18330367864658415,0.000018231621614102872,0.4001780443357828,1.6590963615946118e-42,0.8009641372372918,0.4044001358954963,0.05840202412026089,0.18330367864658415,0.000018231621614102872,0.4001780443357828,1.6590963615946118e-42,0.8009641372372918,0.4044001358954963,0.05840202412026089
0.0003725558928425758,0.06148463605276168,0.4016965441198272,8.579821447699367e-43,0.8040834975061026,0.4022921689906349,0.18315277180122758,0.0003725558928425758,0.06148463605276168,0.4016965441198272,8.579821447699367e-43,0.8040834975061026,0.4022921689906349,0.18315277180122758
0.06077498427044841,0.05978103314022885,0.4560387920349632,0.06090744090002515,0.7926443567561041,0.3955500120204638,1.3907139689037262e-31,0.06077498427044841,0.05978103314022885,0.4560387920349632,0.06090744090002515,0.7926443567561041,0.3955500120204638,1.3907139689037262e-31
3.447777944559481e-18,0.05630648684926884,0.48072204296676047,0.0,0.7942132239517307,0.3688931810138101,2.7210049963417552e-62,3.447777944559481e-18,0.05630648684926884,0.48072204296676047,0.0,0.7942132239517307,0.3688931810138101,2.7210049963417552e-62
3.586357290423852e-18,0.058569659315989134,0.383595474825296,5.872983434066621e-6,0.7674328329661207,0.5591581270953153,4.5704773253442005e-93,3.586357290423852e-18,0.058569659315989134,0.383595474825296,5.872983434066621e-6,0.7674328329661207,0.5591581270953153,4.5704773253442005e-93
2.563475626759697e-17,8.450819473791549e-77,0.4186473403669513,5.034874977344098e-69,0.8330030251471292,0.36095979905302705,0.05335053896707755,2.563475626759697e-17,8.450819473791549e-77,0.4186473403669513,5.034874977344098e-69,0.8330030251471292,0.36095979905302705,0.05335053896707755
6.25618013881063e-7,0.0568885145351814,0.43505194205824566,4.5248306408437896e-157,0.8139304375507999,0.3796338279744308,0.05851968758582652,6.25618013881063e-7,0.0568885145351814,0.43505194205824566,4.5248306408437896e-157,0.8139304375507999,0.3796338279744308,0.05851968758582652
0.18369416717841092,0.0006859198232529984,0.401915576484433,0.060632111744198455,0.8012455932832095,0.4016373443836663,5.210691181537758e-34,0.18369416717841092,0.0006859198232529984,0.401915576484433,0.060632111744198455,0.8012455932832095,0.4016373443836663,5.210691181537758e-34
2.8887667721385044e-17,6.019850766718441e-23,0.4717714159145394,4.199796773521134e-10,0.7777712900035055,0.41671486081993037,3.2170661948464654e-149,2.8887667721385044e-17,6.019850766718441e-23,0.4717714159145394,4.199796773521134e-10,0.7777712900035055,0.41671486081993037,3.2170661948464654e-149
1.8418011193730104e-17,1.4490622666592602e-17,0.3827233108361528,0.175339219675732,0.823381559024213,0.38230724202289695,8.361250581444561e-34,1.8418011193730104e-17,1.4490622666592602e-17,0.3827233108361528,0.175339219675732,0.823381559024213,0.38230724202289695,8.361250581444561e-34
0.04458489971269711,0.012433709150608686,0.3911240055284753,0.015458527463925828,0.8009266546650303,0.45158833384367403,0.017095540887072772,0.04458489971269711,0.012433709150608686,0.3911240055284753,0.015458527463925828,0.8009266546650303,0.45158833384367403,0.017095540887072772
0.01697932750452726,0.015568925279841354,0.3914068599488392,0.04560750479890384,0.8202808906915421,0.41524666510505853,0.016160297139155955,0.01697932750452726,0.015568925279841354,0.3914068599488392,0.04560750479890384,0.8202808906915421,0.41524666510505853,0.016160297139155955
0.00010425588989824104,0.00009997840180929743,0.37733805307923035,0.11466913286030103,0.813416111526558,0.43646903425452577,0.0,0.00010425588989824104,0.00009997840180929743,0.37733805307923035,0.11466913286030103,0.813416111526558,0.43646903425452577,0.0
0.04539641894337122,0.12939065452401705,0.4030228956596792,6.224631962584989e-41,0.8111502572323531,0.4060632005163019,0.05803901919801811,0.04539641894337122,0.12939065452401705,0.4030228956596792,6.224631962584989e-41,0.8111502572323531,0.4060632005163019,0.05803901919801811
0.017291538637877267,0.10630408179231524,0.43540246380133696,0.012256649821860054,0.796890549781391,0.40731123728337276,0.01772291612622252,0.017291538637877267,0.10630408179231524,0.43540246380133696,0.012256649821860054,0.796890549781391,0.40731123728337276,0.01772291612622252
0.016196979422044892,0.10640048261747058,0.4101199915648615,0.047280118517499845,0.8103171892473984,0.40221863311903444,0.017028178123694747,0.016196979422044892,0.10640048261747058,0.4101199915648615,0.047280118517499845,0.8103171892473984,0.40221863311903444,0.017028178123694747
3.501553079187908e-18,0.05718470144413599,0.3780437976677914,0.0,0.8141370220266204,0.4358671288127041,0.05736809465272969,3.501553079187908e-18,0.05718470144413599,0.3780437976677914,0.0,0.8141370220266204,0.4358671288127041,0.05736809465272969
0.04610695235233729,0.04501587303847463,0.4136429302273676,0.0164746499985178,0.8087618164502318,0.40735467898815597,0.07697136702334136,0.04610695235233729,0.04501587303847463,0.4136429302273676,0.0164746499985178,0.8087618164502318,0.40735467898815597,0.07697136702334136
0.18203816383987068,0.06104658762839087,0.4023192149902936,0.0,0.8022251730549835,0.3991753492392093,1.2661953614091958e-38,0.18203816383987068,0.06104658762839087,0.4023192149902936,0.0,0.8022251730549835,0.3991753492392093,1.2661953614091958e-38
3.304962553707535e-18,0.05397413451794556,0.4166837900630807,8.38770028980246e-74,0.8337778791803169,0.36132144531018645,3.1050485172246563e-71,3.304962553707535e-18,0.05397413451794556,0.4166837900630807,8.38770028980246e-74,0.8337778791803169,0.36132144531018645,3.1050485172246563e-71
0.015172793120548384,0.015061101892410016,0.4353206027102899,0.016632604020271058,0.7957029031303663,0.40717639088916124,0.10740494174717354,0.015172793120548384,0.015061101892410016,0.4353206027102899,0.016632604020271058,0.7957029031303663,0.40717639088916124,0.10740494174717354
0.01630787071424997,0.044075003611932104,0.397599763994896,0.045700086688516606,0.8093673954158688,0.4278897081538497,0.016573346736523765,0.01630787071424997,0.044075003611932104,0.397599763994896,0.045700086688516606,0.8093673954158688,0.4278897081538497,0.016573346736523765
7.2385057530203e-18,0.11821377001205623,0.3858176426431209,0.0,0.8291877807498728,0.3846906917442785,0.05948109334018462,7.2385057530203e-18,0.11821377001205623,0.3858176426431209,0.0,0.8291877807498728,0.3846906917442785,0.05948109334018462
2.546382080606877e-17,6.227202013796999e-59,0.4158557524307853,0.05490056409958744,0.8331460059961822,0.36131467882440177,5.139078408405081e-34,2.546382080606877e-17,6.227202013796999e-59,0.4158557524307853,0.05490056409958744,0.8331460059961822,0.36131467882440177,5.139078408405081e-34
0.048970975679694675,0.04791274446586571,0.46087486472182837,0.018125408678266473,0.7872879094263696,0.4069471847176774,0.016524625994397128,0.048970975679694675,0.04791274446586571,0.46087486472182837,0.018125408678266473,0.7872879094263696,0.4069471847176774,0.016524625994397128
0.06727947634867598,0.06403582601296677,0.40843600005909825,0.05659244009054147,0.8094525380873935,0.40490693567221553,0.06123439918020659,0.06727947634867598,0.06403582601296677,0.40843600005909825,0.05659244009054147,0.8094525380873935,0.40490693567221553,0.06123439918020659
6.431183045435862e-7,0.12023374990613736,0.3941655233777373,1.1943242548250699e-169,0.7882821825172209,0.4539846389130419,0.060858941371717955,6.431183045435862e-7,0.12023374990613736,0.3941655233777373,1.1943242548250699e-169,0.7882821825172209,0.4539846389130419,0.060858941371717955
2.3286801222331485e-17,1.86638256421673e-18,0.38152183318168137,0.00002719558318458812,0.824838866875803,0.3798418328351112,0.17531509178423083,2.3286801222331485e-17,1.86638256421673e-18,0.38152183318168137,0.00002719558318458812,0.824838866875803,0.3798418328351112,0.17531509178423083
0.0583514001159862,0.1838917515430325,0.40056104792233754,2.4295976578210775e-199,0.8013736110859845,0.4013497747859695,1.4082749799063097e-88,0.0583514001159862,0.1838917515430325,0.40056104792233754,2.4295976578210775e-199,0.8013736110859845,0.4013497747859695,1.4082749799063097e-88
0.018090548810758514,0.08152219342780155,0.4360366198249113,0.04960423323928525,0.796193060908278,0.4087204605361356,0.015577065290334379,0.018090548810758514,0.08152219342780155,0.4360366198249113,0.04960423323928525,0.796193060908278,0.4087204605361356,0.015577065290334379
2.800671149873903e-17,3.481154804516585e-18,0.46090401102623074,4.863101078137662e-144,0.8144942420186112,0.35321245599359413,5.648740430269009e-117,2.800671149873903e-17,3.481154804516585e-18,0.46090401102623074,4.863101078137662e-144,0.8144942420186112,0.35321245599359413,5.648740430269009e-117
0.01518167108687699,0.047015841017425654,0.41276275005379465,0.07561291613755715,0.8100137895088501,0.4090764250426202,0.04664036058965225,0.01518167108687699,0.047015841017425654,0.41276275005379465,0.07561291613755715,0.8100137895088501,0.4090764250426202,0.04664036058965225
0.04503764344580623,0.016149742467556672,0.4263288886454002,0.016955476290454272,0.8105506046280968,0.39944216477528605,0.04635403784402532,0.04503764344580623,0.016149742467556672,0.4263288886454002,0.016955476290454272,0.8105506046280968,0.39944216477528605,0.04635403784402532
0.015945752681355924,0.07843447389500931,0.40802228961930814,0.07766125822762812,0.8090044718934235,0.4114534183164079,0.016013998302242996,0.015945752681355924,0.07843447389500931,0.40802228961930814,0.07766125822762812,0.8090044718934235,0.4114534183164079,0.016013998302242996
0.01680158043361051,0.01666340356191016,0.41720924911293517,0.044492512198230964,0.8200323240710343,0.39182470110243617,0.015802506019527273,0.01680158043361051,0.01666340356191016,0.41720924911293517,0.044492512198230964,0.8200323240710343,0.39182470110243617,0.015802506019527273
0.016829231775084434,0.01668414327196067,0.4423153001234331,0.016950852156193817,0.7945547123796388,0.4233636954799123,0.01567069474280076,0.016829231775084434,0.01668414327196067,0.4423153001234331,0.016950852156193817,0.7945547123796388,0.4233636954799123,0.01567069474280076
0.1789697429506252,1.2080161316364759e-60,0.4511369263019983,1.860632525869102e-86,0.782380346792074,0.391017184270081,2.566192212406973e-9,0.1789697429506252,1.2080161316364759e-60,0.4511369263019983,1.860632525869102e-86,0.782380346792074,0.391017184270081,2.566192212406973e-9
0.045484787564716425,0.016456309691155354,0.45122985477744487,0.016222687427135302,0.7989927226228066,0.3952978511041336,0.0164493273147351,0.045484787564716425,0.016456309691155354,0.45122985477744487,0.016222687427135302,0.7989927226228066,0.3952978511041336,0.0164493273147351
0.01620532541961233,0.016276790548238752,0.40890685123465104,0.07609358758187429,0.8004927561697851,0.4385839749663467,0.04818519425886091,0.01620532541961233,0.016276790548238752,0.40890685123465104,0.07609358758187429,0.8004927561697851,0.4385839749663467,0.04818519425886091
0.015398192065354746,0.045538605042599545,0.423372200977383,0.016648432456859593,0.8009565493063855,0.4233963764963177,0.017140047062971293,0.015398192065354746,0.045538605042599545,0.423372200977383,0.016648432456859593,0.8009565493063855,0.4233963764963177,0.017140047062971293
0.08084792459607265,0.048574049999741895,0.4104605654385025,0.016346742168710397,0.8099598439745406,0.40906121630949294,0.045782988834038835,0.08084792459607265,0.048574049999741895,0.4104605654385025,0.016346742168710397,0.8099598439745406,0.40906121630949294,0.045782988834038835
0.061927511687236536,0.12094974347952567,0.39822625858224125,7.494923786012937e-285,0.7946481667126795,0.45891000498983986,2.72209618536561e-16,0.061927511687236536,0.12094974347952567,0.39822625858224125,7.494923786012937e-285,0.7946481667126795,0.45891000498983986,2.72209618536561e-16
0.13662505210969259,0.017520638642639745,0.40738855397669194,0.016696529619737555,0.8044027871077153,0.40980249824598436,0.015571189686306422,0.13662505210969259,0.017520638642639745,0.40738855397669194,0.016696529619737555,0.8044027871077153,0.40980249824598436,0.015571189686306422
0.017077371707899063,0.04642329859866997,0.4033281922111047,0.04692952919728307,0.8196608384940005,0.4038097089802983,0.04659235166908262,0.017077371707899063,0.04642329859866997,0.4033281922111047,0.04692952919728307,0.8196608384940005,0.4038097089802983,0.04659235166908262
3.3317654765015224e-17,1.2535807679320357e-17,0.5813583090985638,5.353071930295028e-65,0.7289195287387878,0.3623507726590333,2.1017475965574264e-17,3.3317654765015224e-17,1.2535807679320357e-17,0.5813583090985638,5.353071930295028e-65,0.7289195287387878,0.3623507726590333,2.1017475965574264e-17
1.1222895620699395e-17,0.1832837946175699,0.40016975338950456,9.079211764655421e-41,0.8033215389390314,0.40058528235687124,0.057952105259776725,1.1222895620699395e-17,0.1832837946175699,0.40016975338950456,9.079211764655421e-41,0.8033215389390314,0.40058528235687124,0.057952105259776725
2.9373053639255566e-17,2.3618570023844027e-42,0.47969836951692896,2.8902599619136376e-92,0.7352315434898605,0.47957369333989125,3.3401498161751015e-8,2.9373053639255566e-17,2.3618570023844027e-42,0.47969836951692896,2.8902599619136376e-92,0.7352315434898605,0.47957369333989125,3.3401498161751015e-8
1.4786723231891442e-17,0.24148551634947374,0.3943367692868775,8.145561986165694e-6,0.794418582445914,0.39583979471417,4.839575199999891e-176,1.4786723231891442e-17,0.24148551634947374,0.3943367692868775,8.145561986165694e-6,0.794418582445914,0.39583979471417,4.839575199999891e-176
0.015779490833164263,0.0158702554410991,0.4171725019539633,0.018031285433539202,0.7725542790031338,0.47877415242442517,0.016732401915804978,0.015779490833164263,0.0158702554410991,0.4171725019539633,0.018031285433539202,0.7725542790031338,0.47877415242442517,0.016732401915804978
0.0161421230295958,0.0757025602708491,0.4075428881987356,0.01127924181244825,0.7853887750538059,0.4611516388520821,0.015599917812506251,0.0161421230295958,0.0757025602708491,0.4075428881987356,0.01127924181244825,0.7853887750538059,0.4611516388520821,0.015599917812506251
0.07464866166693775,0.01927231644312245,0.4350224300957199,0.015397228869428015,0.7916706154357573,0.431830404041446,0.017417272214212933,0.07464866166693775,0.01927231644312245,0.4350224300957199,0.015397228869428015,0.7916706154357573,0.431830404041446,0.017417272214212933
0.17790064207106682,0.00046119485900679636,0.3908796745591665,4.633402331399334e-122,0.7823806319704599,0.45238415454672953,4.694415026735104e-26,0.17790064207106682,0.00046119485900679636,0.3908796745591665,4.633402331399334e-122,0.7823806319704599,0.45238415454672953,4.694415026735104e-26
1.810538169047939e-17,1.8769388339530844e-17,0.4258962990991292,0.056753156111516496,0.7969911092687775,0.42658474528496243,1.7568915188194291e-26,1.810538169047939e-17,1.8769388339530844e-17,0.4258962990991292,0.056753156111516496,0.7969911092687775,0.42658474528496243,1.7568915188194291e-26
4.604045265077925e-18,0.07518976521693341,0.3936924295016099,0.05936499572199062,0.7922909700062704,0.45570823276731265,0.06065374516012028,4.604045265077925e-18,0.07518976521693341,0.3936924295016099,0.05936499572199062,0.7922909700062704,0.45570823276731265,0.06065374516012028
3.0228437005144606e-17,5.298519613351812e-18,0.501194191965251,0.11678878092542079,0.7672600125918085,0.3836546238219843,1.6824863893852233e-24,3.0228437005144606e-17,5.298519613351812e-18,0.501194191965251,0.11678878092542079,0.7672600125918085,0.3836546238219843,1.6824863893852233e-24
0.018317842724116868,0.018274563116793457,0.43605245743925736,0.10650983511749988,0.7966706807741843,0.40907367746836776,0.016131740623505916,0.018317842724116868,0.018274563116793457,0.43605245743925736,0.10650983511749988,0.7966706807741843,0.40907367746836776,0.016131740623505916
2.020655412760927e-18,9.149951778965565e-24,1.0485915016339229e-17,1.7616594895617854e-17,5.766802415498147e-17,1.482888505006117e-25,1.000077800237128,2.020655412760927e-18,9.149951778965565e-24,1.0485915016339229e-17,1.7616594895617854e-17,5.766802415498147e-17,1.482888505006117e-25,1.000077800237128
7.16977832976048e-18,0.11709136601267171,0.38477435240700514,0.00003817027834414562,0.7711958014048779,0.5028048538766205,2.887819026431428e-24,7.16977832976048e-18,0.11709136601267171,0.38477435240700514,0.00003817027834414562,0.7711958014048779,0.5028048538766205,2.887819026431428e-24
2.6610113049499766e-17,4.197383506897287e-24,0.43457612542697355,9.045969979824503e-72,0.8105517625712938,0.3762224666999664,0.115473919695611,2.6610113049499766e-17,4.197383506897287e-24,0.43457612542697355,9.045969979824503e-72,0.8105517625712938,0.3762224666999664,0.115473919695611
0.0685871745612765,0.04749658495337419,0.4086736799138109,0.016312605282837664,0.7961184855472696,0.43875704393734943,0.017009585404807955,0.0685871745612765,0.04749658495337419,0.4086736799138109,0.016312605282837664,0.7961184855472696,0.43875704393734943,0.017009585404807955
0.014546140454487362,0.07444914376963671,0.39909665271828443,0.015393934429064879,0.8083081851497003,0.4276552121425484,0.016761665635545424,0.014546140454487362,0.07444914376963671,0.39909665271828443,0.015393934429064879,0.8083081851497003,0.4276552121425484,0.016761665635545424
0.015652663356112206,0.0442635784149943,0.41057840169458965,0.018268567543471816,0.795673963496538,0.4370043704057086,0.07602117616265457,0.015652663356112206,0.0442635784149943,0.41057840169458965,0.018268567543471816,0.795673963496538,0.4370043704057086,0.07602117616265457
0.014876671454081225,0.04722961660876969,0.46312419766392043,0.00003236693519071899,0.7907134839475568,0.4037553603359503,0.04622189996281002,0.014876671454081225,0.04722961660876969,0.46312419766392043,0.00003236693519071899,0.7907134839475568,0.4037553603359503,0.04622189996281002
2.2068927700592393e-18,2.4466566901724588e-17,0.4011915359353665,0.05300129360380726,0.7973597450902268,0.44460528080485456,0.05946156478180728,2.2068927700592393e-18,2.4466566901724588e-17,0.4011915359353665,0.05300129360380726,0.7973597450902268,0.44460528080485456,0.05946156478180728
0.01735361093308505,0.047078267646303976,0.4415530135444785,0.047932602378181505,0.797407281335595,0.4075763206265543,0.04288843917282151,0.01735361093308505,0.047078267646303976,0.4415530135444785,0.047932602378181505,0.797407281335595,0.4075763206265543,0.04288843917282151
0.015826948123468833,0.01657226367316067,0.3953820660611549,0.07086263150110779,0.8307749444954885,0.38681616228299515,0.01713215740878987,0.015826948123468833,0.01657226367316067,0.3953820660611549,0.07086263150110779,0.8307749444954885,0.38681616228299515,0.01713215740878987
0.016860262624654225,0.01649908223469027,0.449105907235417,0.016257660825635494,0.8018547448037969,0.3939686278889565,0.04640252263899301,0.016860262624654225,0.01649908223469027,0.449105907235417,0.016257660825635494,0.8018547448037969,0.3939686278889565,0.04640252263899301
0.017501601501287142,0.016588147148473325,0.4790516635443489,0.01759583682179526,0.7684133198784928,0.42637162888050617,0.01656235553907326,0.017501601501287142,0.016588147148473325,0.4790516635443489,0.01759583682179526,0.7684133198784928,0.42637162888050617,0.01656235553907326
0.06062005854490239,0.00006200436609856155,0.3941972036781698,0.1197922174280572,0.7890626515063566,0.4550225151875793,0.0,0.06062005854490239,0.00006200436609856155,0.3941972036781698,0.1197922174280572,0.7890626515063566,0.4550225151875793,0.0
6.12371078758877e-17,3.9711772963940764e-28,1.0000778660185672,2.491113929203106e-73,0.0,4.134866529221724e-74,2.4225036712570106e-30,6.12371078758877e-17,3.9711772963940764e-28,1.0000778660185672,2.491113929203106e-73,0.0,4.134866529221724e-74,2.4225036712570106e-30
0.07749308336367368,0.021052139600596157,0.4375471871925656,0.04705035750142243,0.7981650722295017,0.40589188734960135,0.01825927408514069,0.07749308336367368,0.021052139600596157,0.4375471871925656,0.04705035750142243,0.7981650722295017,0.40589188734960135,0.01825927408514069
0.05928504789033634,0.11951790468185086,0.45651916475008725,6.409136818857866e-118,0.7884623520166156,0.3933833783743261,1.2626895984566965e-17,0.05928504789033634,0.11951790468185086,0.45651916475008725,6.409136818857866e-118,0.7884623520166156,0.3933833783743261,1.2626895984566965e-17
0.016985842776062385,0.016773139592274243,0.42341321277106553,0.04599475415430327,0.7998313600543985,0.42296254195579686,0.017175638019055674,0.016985842776062385,0.016773139592274243,0.42341321277106553,0.04599475415430327,0.7998313600543985,0.42296254195579686,0.017175638019055674
0.04229936686097577,0.07321153990692841,0.40571467738012185,0.016116672082636316,0.8148226879493968,0.40714417515037404,0.015178152736169391,0.04229936686097577,0.07321153990692841,0.40571467738012185,0.016116672082636316,0.8148226879493968,0.40714417515037404,0.015178152736169391
0.01724168569332085,0.017584316905988825,0.4592313914847956,0.07697022340081877,0.7888669562382807,0.40156770460691704,0.016837003515122972,0.01724168569332085,0.017584316905988825,0.4592313914847956,0.07697022340081877,0.7888669562382807,0.40156770460691704,0.016837003515122972
0.12127823481531981,8.001561873519181e-6,0.40094596095460205,0.12302165436683353,0.8057675121001571,0.40160964154533696,2.033783599150291e-23,0.12127823481531981,8.001561873519181e-6,0.40094596095460205,0.12302165436683353,0.8057675121001571,0.40160964154533696,2.033783599150291e-23
2.3547726501660352e-17,4.931472262851628e-21,0.38456356615541554,2.0209196815032108e-90,0.7666707695092198,0.5020991517122201,0.11695863512928156,2.3547726501660352e-17,4.931472262851628e-21,0.38456356615541554,2.0209196815032108e-90,0.7666707695092198,0.5020991517122201,0.11695863512928156
1.1118925332329683e-17,0.1815858309525834,0.40270940658928983,0.06061163658104524,0.8010622594546355,0.40205700652969456,5.210455073241096e-34,1.1118925332329683e-17,0.1815858309525834,0.40270940658928983,0.06061163658104524,0.8010622594546355,0.40205700652969456,5.210455073241096e-34
0.04663842737550105,0.01721352036265545,0.42784604875334187,0.04583224004807655,0.8091193669604836,0.3981046449065224,0.015539608697396512,0.04663842737550105,0.01721352036265545,0.42784604875334187,0.04583224004807655,0.8091193669604836,0.3981046449065224,0.015539608697396512
0.016379414109404425,0.016484726114791532,0.39191690914756694,0.01689399918187101,0.8236589383867835,0.4090981342099809,0.04467715584034477,0.016379414109404425,0.016484726114791532,0.39191690914756694,0.01689399918187101,0.8236589383867835,0.4090981342099809,0.04467715584034477
0.01585796869797109,0.016173102330614763,0.4202828583477053,0.06937018490134655,0.8060802698222614,0.40780177661728995,0.07185660799568169,0.01585796869797109,0.016173102330614763,0.4202828583477053,0.06937018490134655,0.8060802698222614,0.40780177661728995,0.07185660799568169
7.203007835354876e-18,0.11763404502212213,0.44405037815159587,0.0,0.7703229367766298,0.4441389057948308,1.4995012690654217e-23,7.203007835354876e-18,0.11763404502212213,0.44405037815159587,0.0,0.7703229367766298,0.4441389057948308,1.4995012690654217e-23
0.04667176151330038,0.015415345536311163,0.4340551610271251,0.01678628404774389,0.7885399985326983,0.4334874352281142,0.044565877626940455,0.04667176151330038,0.015415345536311163,0.4340551610271251,0.01678628404774389,0.7885399985326983,0.4334874352281142,0.044565877626940455
0.04777244332529161,0.11048243282174865,0.41341216010089227,0.01622194185733921,0.8060879853827141,0.40846414039701123,0.0171584682904609,0.04777244332529161,0.11048243282174865,0.41341216010089227,0.01622194185733921,0.8060879853827141,0.40846414039701123,0.0171584682904609
0.01641001202898491,0.04346193961040643,0.39500084984509953,0.015386338429281575,0.8272631583930148,0.3950865188723267,0.047268847282617425,0.01641001202898491,0.04346193961040643,0.39500084984509953,0.015386338429281575,0.8272631583930148,0.3950865188723267,0.047268847282617425
0.016189463272633153,0.016815953856869546,0.4315968640486732,0.04423741387833051,0.792123227528533,0.4277070617524636,0.045798923034174883,0.016189463272633153,0.016815953856869546,0.4315968640486732,0.04423741387833051,0.792123227528533,0.4277070617524636,0.045798923034174883
0.023592567652172294,0.00614809862455529,0.4093708873417943,0.04454250841664701,0.7967335100439038,0.43597991019403276,0.0762078189013156,0.023592567652172294,0.00614809862455529,0.4093708873417943,0.04454250841664701,0.7967335100439038,0.43597991019403276,0.0762078189013156
3.6101886281345525e-18,0.05895885459624941,0.385691487631319,3.691140064557622e-112,0.7744666679297751,0.5042870090467977,0.059387128016110145,3.6101886281345525e-18,0.05895885459624941,0.385691487631319,3.691140064557622e-112,0.7744666679297751,0.5042870090467977,0.059387128016110145
0.05712470153851861,0.05679771312373159,0.5036953057906219,9.521536575900207e-180,0.7702609520796124,0.3843917279442342,2.9992558759841093e-147,0.05712470153851861,0.05679771312373159,0.5036953057906219,9.521536575900207e-180,0.7702609520796124,0.3843917279442342,2.9992558759841093e-147
0.05624174414110752,1.0165673966372244e-57,0.48059414320507327,4.0975131683390925e-221,0.7939924224138013,0.36879062394318135,2.72024852179589e-62,0.05624174414110752,1.0165673966372244e-57,0.48059414320507327,4.0975131683390925e-221,0.7939924224138013,0.36879062394318135,2.72024852179589e-62
1.1044315095098856e-8,1.9878665132457046e-12,0.38806835282579905,0.06000306755702775,0.7721155543090196,0.49866166983524535,0.05629496011408731,1.1044315095098856e-8,1.9878665132457046e-12,0.38806835282579905,0.06000306755702775,0.7721155543090196,0.49866166983524535,0.05629496011408731
0.24197042282923933,1.69448489239148e-80,0.3971859665139659,5.16689626292922e-137,0.7928350062661769,0.3988825801527721,0.0,0.24197042282923933,1.69448489239148e-80,0.3971859665139659,5.16689626292922e-137,0.7928350062661769,0.3988825801527721,0.0
0.01680458976553561,0.01684375739210327,0.3850960106504408,0.017784350682710715,0.8389960447649975,0.38636884724752907,0.0440132348798539,0.01680458976553561,0.01684375739210327,0.3850960106504408,0.017784350682710715,0.8389960447649975,0.38636884724752907,0.0440132348798539
0.05718400867030471,2.0668327740283507e-43,0.3780392177916843,6.647370135854942e-39,0.8141271590247177,0.4358618484259823,0.05736739965715596,0.05718400867030471,2.0668327740283507e-43,0.3780392177916843,6.647370135854942e-39,0.8141271590247177,0.4358618484259823,0.05736739965715596
0.0164218668485596,0.01717633452264508,0.4027082925479537,0.046053914741160086,0.8234255586907294,0.39836656315572744,0.04472870997635565,0.0164218668485596,0.01717633452264508,0.4027082925479537,0.046053914741160086,0.8234255586907294,0.39836656315572744,0.04472870997635565
0.00007131819165689121,3.80607730023636e-12,0.38079798384834207,0.05705078092839585,0.8321360949361906,0.3835561594080529,0.11955145973340779,0.00007131819165689121,3.80607730023636e-12,0.38079798384834207,0.05705078092839585,0.8321360949361906,0.3835561594080529,0.11955145973340779
3.585182810288823e-18,0.058550478599788396,0.501975134886579,0.0595783950062639,0.7707649461770554,0.38430094367293915,3.0939675967860863e-283,3.585182810288823e-18,0.058550478599788396,0.501975134886579,0.0595783950062639,0.7707649461770554,0.38430094367293915,3.0939675967860863e-283
0.015830507626845007,0.045754018445100735,0.39908639239713556,0.016071944711762806,0.7795067018664096,0.4854363304398403,0.017404760658086646,0.015830507626845007,0.045754018445100735,0.39908639239713556,0.016071944711762806,0.7795067018664096,0.4854363304398403,0.017404760658086646
0.05635377461547254,0.000025116796951948676,0.3678581901024277,0.054541870564335695,0.8503388892445461,0.3715005590627243,1.6281918613757923e-148,0.05635377461547254,0.000025116796951948676,0.3678581901024277,0.054541870564335695,0.8503388892445461,0.3715005590627243,1.6281918613757923e-148
0.0009407762648452489,0.05990729605249703,0.39133557401367125,0.06165979924014432,0.8320682310217928,0.3861733358091322,0.05840511639789106,0.0009407762648452489,0.05990729605249703,0.39133557401367125,0.06165979924014432,0.8320682310217928,0.3861733358091322,0.05840511639789106
0.046521656543282684,0.017353500713507757,0.39990544547061235,0.015752843775741394,0.8092430488729,0.4265331043415092,0.04403064910913438,0.046521656543282684,0.017353500713507757,0.39990544547061235,0.015752843775741394,0.8092430488729,0.4265331043415092,0.04403064910913438
0.017661054678642988,0.015123020002189857,0.48368094702265646,0.018324053145745676,0.7784961969560927,0.3981128581072269,0.0460947385826631,0.017661054678642988,0.015123020002189857,0.48368094702265646,0.018324053145745676,0.7784961969560927,0.3981128581072269,0.0460947385826631
0.04813363389976064,0.016969798301395386,0.46011823837402954,0.017748151723658026,0.7872868100123438,0.4079730328527083,0.0461813465535003,0.04813363389976064,0.016969798301395386,0.46011823837402954,0.017748151723658026,0.7872868100123438,0.4079730328527083,0.0461813465535003
0.01629536881216303,0.016668174691087806,0.46174444895796735,0.045861418406867485,0.7894247831017966,0.400880032000509,0.045794216807831606,0.01629536881216303,0.016668174691087806,0.46174444895796735,0.045861418406867485,0.7894247831017966,0.400880032000509,0.045794216807831606
3.8712087603728e-18,0.06322163685183493,0.401425603551237,0.18310869203911714,0.801524926213177,0.4031795366807369,9.034658219096878e-238,3.8712087603728e-18,0.06322163685183493,0.401425603551237,0.18310869203911714,0.801524926213177,0.4031795366807369,9.034658219096878e-238
0.056378956228233836,0.05734041413679993,0.3682333823954775,1.3991650623575598e-9,0.8509737107112557,0.36936883555019673,3.623628389531351e-85,0.056378956228233836,0.05734041413679993,0.3682333823954775,1.3991650623575598e-9,0.8509737107112557,0.36936883555019673,3.623628389531351e-85
0.045883739016846156,0.01734098717742104,0.40353633600481403,0.04531786164244529,0.8180502770104346,0.40300078878080964,0.04514785944058108,0.045883739016846156,0.01734098717742104,0.40353633600481403,0.04531786164244529,0.8180502770104346,0.40300078878080964,0.04514785944058108
0.04370802045050511,0.015962304489177934,0.3953405368526762,0.015399727775665914,0.8273165987789691,0.39517188975543904,0.047279061205501294,0.04370802045050511,0.015962304489177934,0.3953405368526762,0.015399727775665914,0.8273165987789691,0.39517188975543904,0.047279061205501294
2.6508912867154046e-17,5.98846024089808e-18,0.4438325260347715,9.45891930405691e-26,0.769380674010373,0.44574897445930683,0.11789534322600675,2.6508912867154046e-17,5.98846024089808e-18,0.4438325260347715,9.45891930405691e-26,0.769380674010373,0.44574897445930683,0.11789534322600675
0.015663317708013134,0.015919527500037563,0.41383090877512246,0.016075791026357644,0.8109268511418638,0.4137707527687246,0.015808600546960837,0.015663317708013134,0.015919527500037563,0.41383090877512246,0.016075791026357644,0.8109268511418638,0.4137707527687246,0.015808600546960837
0.000030430217302254754,0.0009347908659851834,0.3531938285961776,1.0354535724942717e-68,0.8676160679411984,0.35222289502694704,0.05499061683632113,0.000030430217302254754,0.0009347908659851834,0.3531938285961776,1.0354535724942717e-68,0.8676160679411984,0.35222289502694704,0.05499061683632113
0.014932882519525839,0.01596594074022872,0.3935180615969359,0.003709789744450498,0.8005495596988689,0.4543878145033755,0.04779954867038717,0.014932882519525839,0.01596594074022872,0.3935180615969359,0.003709789744450498,0.8005495596988689,0.4543878145033755,0.04779954867038717
0.01638070691968388,0.01601188545085121,0.4067756614981962,0.01579863473728153,0.8096826597272302,0.4242745674669076,0.05928935672782815,0.01638070691968388,0.01601188545085121,0.4067756614981962,0.01579863473728153,0.8096826597272302,0.4242745674669076,0.05928935672782815
6.124104348835051e-17,1.0001421394476988,1.114606643971531e-55,7.098698050830874e-185,3.080928364725482e-170,1.1769621446893488e-88,4.6708404379955154e-29,6.124104348835051e-17,1.0001421394476988,1.114606643971531e-55,7.098698050830874e-185,3.080928364725482e-170,1.1769621446893488e-88,4.6708404379955154e-29
0.015333596995972532,0.04392332750908278,0.4173691131568543,0.01582237262435355,0.8189983373827282,0.3918461533467172,0.015906922041544844,0.015333596995972532,0.04392332750908278,0.4173691131568543,0.01582237262435355,0.8189983373827282,0.3918461533467172,0.015906922041544844
0.10593788237874815,0.021089823537082643,0.4031146317253445,0.016690395668224615,0.7987981177722593,0.43742352822697605,0.016104378470162377,0.10593788237874815,0.021089823537082643,0.4031146317253445,0.016690395668224615,0.7987981177722593,0.43742352822697605,0.016104378470162377
0.06318281632248587,2.1796301624880353e-37,0.4011791127103997,0.18299625622270213,0.8010327589192481,0.402931968857147,9.029110589644762e-238,0.06318281632248587,2.1796301624880353e-37,0.4011791127103997,0.18299625622270213,0.8010327589192481,0.402931968857147,9.029110589644762e-238
0.04703668146014698,0.01553587595751949,0.4321844795003631,0.045599062971549066,0.7887597918806649,0.4336371610476241,0.02745096215531758,0.04703668146014698,0.01553587595751949,0.4321844795003631,0.045599062971549066,0.7887597918806649,0.4336371610476241,0.02745096215531758
2.556754069227186e-17,1.5929945555811666e-44,0.4175496267180542,1.9979991424292165e-172,0.7776071039175456,0.47178533778672016,4.7103695066422505e-145,2.556754069227186e-17,1.5929945555811666e-44,0.4175496267180542,1.9979991424292165e-172,0.7776071039175456,0.47178533778672016,4.7103695066422505e-145
0.06889441983089721,0.04367592910491754,0.4114526151570251,0.046776128986577396,0.8071967203940323,0.4133792588689683,0.018127952003451235,0.06889441983089721,0.04367592910491754,0.4114526151570251,0.046776128986577396,0.8071967203940323,0.4133792588689683,0.018127952003451235
0.0019214745812649512,0.05739386770575758,0.454428494661912,0.061543504656117944,0.7894215407003062,0.4005046858184961,0.05883671133110255,0.0019214745812649512,0.05739386770575758,0.454428494661912,0.061543504656117944,0.7894215407003062,0.4005046858184961,0.05883671133110255
3.953076200301816e-18,0.06455863360854903,0.39830047422890025,0.05310332349538598,0.8035598599273774,0.43589123186716716,1.4249208171242592e-24,3.953076200301816e-18,0.06455863360854903,0.39830047422890025,0.05310332349538598,0.8035598599273774,0.43589123186716716,1.4249208171242592e-24
0.046293251787190445,0.04525690698617039,0.4361049372048719,0.01575239364086942,0.7900515383901294,0.4307038878007413,0.017692868876314383,0.046293251787190445,0.04525690698617039,0.4361049372048719,0.01575239364086942,0.7900515383901294,0.4307038878007413,0.017692868876314383
3.690365798407787e-18,0.060268247154643496,0.3939934411467297,0.11971570194344554,0.7885586495564367,0.45507504129470294,1.9389529915168704e-257,3.690365798407787e-18,0.060268247154643496,0.3939934411467297,0.11971570194344554,0.7885586495564367,0.45507504129470294,1.9389529915168704e-257
3.2257178851327662e-18,0.05267997086798637,0.35442106600291773,1.2032839392989224e-45,0.8705761550309016,0.3547363631958655,5.523254480956949e-25,3.2257178851327662e-18,0.05267997086798637,0.35442106600291773,1.2032839392989224e-45,0.8705761550309016,0.3547363631958655,5.523254480956949e-25
0.06637730103054207,0.00026166512167214616,0.40606535991720116,0.06405523264000723,0.8145948922005217,0.4051572705183807,0.12463417661744991,0.06637730103054207,0.00026166512167214616,0.40606535991720116,0.06405523264000723,0.8145948922005217,0.4051572705183807,0.12463417661744991
0.05828049198984331,3.2199390038950695e-13,0.3859771776134409,0.11549164082501383,0.82866741784528,0.38515345548617563,3.21918909958839e-86,0.05828049198984331,3.2199390038950695e-13,0.3859771776134409,0.11549164082501383,0.82866741784528,0.38515345548617563,3.21918909958839e-86
3.3639251522215404e-18,0.05493706682716414,0.4340168355329452,2.231216910534694e-92,0.7536497518445846,0.491384074163136,3.239722975811293e-26,3.3639251522215404e-18,0.05493706682716414,0.4340168355329452,2.231216910534694e-92,0.7536497518445846,0.491384074163136,3.239722975811293e-26
0.12027648040747951,3.6293488881248225e-54,0.39426314523597483,2.207199584826917e-8,0.7890792889203301,0.45441041466421966,0.06099377922189247,0.12027648040747951,3.6293488881248225e-54,0.39426314523597483,2.207199584826917e-8,0.7890792889203301,0.45441041466421966,0.06099377922189247
0.10595514577117882,0.021454938218866494,0.4076917665025203,0.016950253071962157,0.806513470434268,0.41290947945629913,0.048889975075781564,0.10595514577117882,0.021454938218866494,0.4076917665025203,0.016950253071962157,0.806513470434268,0.41290947945629913,0.048889975075781564
0.040730247147453706,0.07282536020447145,0.4087429601518908,0.016133879607321724,0.7972107059843832,0.43799024841393425,0.01575768539604858,0.040730247147453706,0.07282536020447145,0.4087429601518908,0.016133879607321724,0.7972107059843832,0.43799024841393425,0.01575768539604858
0.01596946953753935,0.015693024179540844,0.4233384798262662,0.01643884838566839,0.8000930635279246,0.42379596525266783,0.0451363959661985,0.01596946953753935,0.015693024179540844,0.4233384798262662,0.01643884838566839,0.8000930635279246,0.42379596525266783,0.0451363959661985
8.070355786117186e-18,2.303581720507066e-17,0.3986226095438867,3.942864010559944e-8,0.8499387033746163,0.3465384608673103,7.802652719777121e-25,8.070355786117186e-18,2.303581720507066e-17,0.3986226095438867,3.942864010559944e-8,0.8499387033746163,0.3465384608673103,7.802652719777121e-25
2.9122632498878085e-17,3.639645889881854e-18,0.47930858890109956,0.054741909456879484,0.7951149121302169,0.3687157842325975,0.0,2.9122632498878085e-17,3.639645889881854e-18,0.47930858890109956,0.054741909456879484,0.7951149121302169,0.3687157842325975,0.0
0.009972755122452428,0.04761825359492778,0.48504727584540597,0.01742616107882175,0.7832063845949231,0.3975988054252371,0.017434698028461187,0.009972755122452428,0.04761825359492778,0.48504727584540597,0.01742616107882175,0.7832063845949231,0.3975988054252371,0.017434698028461187
7.485618489231689e-18,0.12224942725434741,0.4004047266745034,0.12295250291918801,0.805850054971005,0.4013831085140832,3.923165416473048e-117,7.485618489231689e-18,0.12224942725434741,0.4004047266745034,0.12295250291918801,0.805850054971005,0.4013831085140832,3.923165416473048e-117
0.05734502758745229,5.981142414925689e-6,0.5439976324516487,5.794648083845114e-113,0.7494400263588022,0.3749142563117401,5.467358136725643e-25,0.05734502758745229,5.981142414925689e-6,0.5439976324516487,5.794648083845114e-113,0.7494400263588022,0.3749142563117401,5.467358136725643e-25
3.5101960709860596e-18,0.057325852211919305,0.5438157242905246,5.792710403027382e-113,0.7491894200161895,0.3747888881871867,5.465529898870391e-25,3.5101960709860596e-18,0.057325852211919305,0.5438157242905246,5.792710403027382e-113,0.7491894200161895,0.3747888881871867,5.465529898870391e-25
3.450805384609175e-18,0.05635592869734784,0.3705363433460331,0.05492993114276598,0.852636694727634,0.372773179602173,1.6337694314617737e-148,3.450805384609175e-18,0.05635592869734784,0.3705363433460331,0.05492993114276598,0.852636694727634,0.372773179602173,1.6337694314617737e-148
0.012921788100473487,0.012696438642427869,0.39014523406227525,0.016176727083812376,0.7690467419962523,0.5073199610115846,0.016606964928200085,0.012921788100473487,0.012696438642427869,0.39014523406227525,0.016176727083812376,0.7690467419962523,0.5073199610115846,0.016606964928200085
0.017305316146043328,0.04623568706890007,0.4121188184356653,0.017540995562209175,0.8092431690298486,0.40891227341946407,0.10917336519991498,0.017305316146043328,0.04623568706890007,0.4121188184356653,0.017540995562209175,0.8092431690298486,0.40891227341946407,0.10917336519991498
1.6381631402198666e-17,1.7899413009294982e-17,0.3962629205883673,2.7758385427074846e-109,0.7925419841675119,0.396471706180695,0.2424593810117682,1.6381631402198666e-17,1.7899413009294982e-17,0.3962629205883673,2.7758385427074846e-109,0.7925419841675119,0.396471706180695,0.2424593810117682
0.12391881283849697,0.06136507712372853,0.4048391126863089,2.2141248213922296e-8,0.8086936285299379,0.4024396992335265,0.057641849780470975,0.12391881283849697,0.06136507712372853,0.4048391126863089,2.2141248213922296e-8,0.8086936285299379,0.4024396992335265,0.057641849780470975
0.01704990452502688,0.07570879396660207,0.4601911223067445,0.017282805273775185,0.7883641403008481,0.4018726346615695,0.016768809911061396,0.01704990452502688,0.07570879396660207,0.4601911223067445,0.017282805273775185,0.7883641403008481,0.4018726346615695,0.016768809911061396
0.07586962356964946,0.017408765135043996,0.40319768453284177,0.016171493208790296,0.7906166834939667,0.45444758846273203,0.015958453667397225,0.07586962356964946,0.017408765135043996,0.40319768453284177,0.016171493208790296,0.7906166834939667,0.45444758846273203,0.015958453667397225
0.020016444681173053,0.014830464340198145,0.5073384089000837,0.017880781684333078,0.769431051520717,0.3905884917413248,0.014765643727550579,0.020016444681173053,0.014830464340198145,0.5073384089000837,0.017880781684333078,0.769431051520717,0.3905884917413248,0.014765643727550579
0.014773261368450944,0.01533929172877945,0.4383948815857748,0.017251238589875366,0.8125920339084601,0.3863709101531207,0.017231153707179824,0.014773261368450944,0.01533929172877945,0.4383948815857748,0.017251238589875366,0.8125920339084601,0.3863709101531207,0.017231153707179824
7.324925885055406e-18,0.11962511787325625,0.391807077233947,0.06010632586826251,0.7893847709039216,0.4552103093321902,2.2233944477338944e-26,7.324925885055406e-18,0.11962511787325625,0.391807077233947,0.06010632586826251,0.7893847709039216,0.4552103093321902,2.2233944477338944e-26
3.540201219566268e-18,0.057815873475210874,0.3861206499157241,0.11551317734782776,0.8289016140751344,0.38525510830640636,4.171725753476968e-93,3.540201219566268e-18,0.057815873475210874,0.3861206499157241,0.11551317734782776,0.8289016140751344,0.38525510830640636,4.171725753476968e-93
0.05866662833462217,4.316483008237793e-46,0.45505297088432567,0.12037931487069464,0.7894552918722001,0.393434585574366,0.00005828254158154781,0.05866662833462217,4.316483008237793e-46,0.45505297088432567,0.12037931487069464,0.7894552918722001,0.393434585574366,0.00005828254158154781
1.0792864265748249e-17,2.5677960796663066e-17,0.4548898348750865,0.06027176951574708,0.7886514632029693,0.39609815808540644,0.12153306254036705,1.0792864265748249e-17,2.5677960796663066e-17,0.4548898348750865,0.06027176951574708,0.7886514632029693,0.39609815808540644,0.12153306254036705
2.282204073329038e-17,6.592124288504324e-76,0.3727122097437396,0.05502326776692453,0.8523971052748912,0.36224673217169623,0.05670208813128418,2.282204073329038e-17,6.592124288504324e-76,0.3727122097437396,0.05502326776692453,0.8523971052748912,0.36224673217169623,0.05670208813128418
0.058995941872528594,0.0,0.5048796411639149,0.05992458322387432,0.7722623020987223,0.38559964511746947,1.776972541460967e-163,0.058995941872528594,0.0,0.5048796411639149,0.05992458322387432,0.7722623020987223,0.38559964511746947,1.776972541460967e-163
0.11985931626124183,0.059584980612361255,0.45660674339429325,4.1421182886568915e-82,0.7888062126239579,0.39272815785075016,1.2628310394519386e-17,0.11985931626124183,0.059584980612361255,0.45660674339429325,4.1421182886568915e-82,0.7888062126239579,0.39272815785075016,1.2628310394519386e-17
0.05409321575532271,4.0591017086901413e-32,0.4526046336184013,0.05848535014432519,0.7706711107944748,0.44274317044078526,1.1714372133492235e-32,0.05409321575532271,4.0591017086901413e-32,0.4526046336184013,0.05848535014432519,0.7706711107944748,0.44274317044078526,1.1714372133492235e-32
0.00018514922271474529,0.058692962466934874,0.38597374651056054,0.0,0.8299973396813385,0.3827159884100871,0.11671135556053645,0.00018514922271474529,0.058692962466934874,0.38597374651056054,0.0,0.8299973396813385,0.3827159884100871,0.11671135556053645
0.11597448590311475,4.923663793733877e-34,0.4567371363707749,3.5949768455685855e-11,0.788036290073111,0.3937164391957928,0.05526354303190775,0.11597448590311475,4.923663793733877e-34,0.4567371363707749,3.5949768455685855e-11,0.788036290073111,0.3937164391957928,0.05526354303190775
0.1696129418635735,2.849482678157551e-58,0.38649922206358306,0.0,0.8258389359695737,0.38587616772095873,1.743684329806705e-276,0.1696129418635735,2.849482678157551e-58,0.38649922206358306,0.0,0.8258389359695737,0.38587616772095873,1.743684329806705e-276
1.658716870798107e-17,1.573117827086716e-17,0.3733408956346385,0.05627374787410362,0.792085292300669,0.48245665730679793,9.677541454544128e-6,1.658716870798107e-17,1.573117827086716e-17,0.3733408956346385,0.05627374787410362,0.792085292300669,0.48245665730679793,9.677541454544128e-6
0.04423778335460625,0.016719339035962424,0.42684405788538793,0.01618616978652808,0.7800260203913892,0.45620189725634286,0.015633396931125886,0.04423778335460625,0.016719339035962424,0.42684405788538793,0.01618616978652808,0.7800260203913892,0.45620189725634286,0.015633396931125886
0.1149714706996543,1.291198890066313e-12,0.3768952863699148,3.0845981413531214e-66,0.8116037705603435,0.43384734958106796,0.0,0.1149714706996543,1.291198890066313e-12,0.3768952863699148,3.0845981413531214e-66,0.8116037705603435,0.43384734958106796,0.0
0.01759739238134132,0.01696794215116895,0.4059340022891491,0.01767329193968649,0.7958187280065239,0.436827713710921,0.10592865347795662,0.01759739238134132,0.01696794215116895,0.4059340022891491,0.01767329193968649,0.7958187280065239,0.436827713710921,0.10592865347795662
0.01392846277719471,0.1076882566433994,0.4112132171358935,0.016345543932018713,0.8083503467315938,0.40845619820161116,0.04618290953513386,0.01392846277719471,0.1076882566433994,0.4112132171358935,0.016345543932018713,0.8083503467315938,0.40845619820161116,0.04618290953513386
0.057675324362431134,0.056746373910914555,0.3875228500853194,0.000738876004817131,0.7709099841526651,0.5017102207075199,0.00026469892240263545,0.057675324362431134,0.056746373910914555,0.3875228500853194,0.000738876004817131,0.7709099841526651,0.5017102207075199,0.00026469892240263545
3.1098580066459226e-17,1.0074086208364572e-17,0.5338614189094588,1.8468809139430364e-41,0.7314619272696963,0.4258578176282531,5.301518841722505e-23,3.1098580066459226e-17,1.0074086208364572e-17,0.5338614189094588,1.8468809139430364e-41,0.7314619272696963,0.4258578176282531,5.301518841722505e-23
0.04717008629802293,0.046145249749782374,0.40671507534596907,0.01602982035994725,0.8175010131526333,0.40350684218293836,0.04446169179879812,0.04717008629802293,0.046145249749782374,0.40671507534596907,0.01602982035994725,0.8175010131526333,0.40350684218293836,0.04446169179879812
0.016767649685001156,0.016613049872196778,0.4405648225201785,0.01686694545864361,0.7912270469844114,0.4220862998645145,0.07911043744159982,0.016767649685001156,0.016613049872196778,0.4405648225201785,0.01686694545864361,0.7912270469844114,0.4220862998645145,0.07911043744159982
0.058088571001696544,0.057644032786193705,0.4063941177932433,1.286519916575512e-117,0.8067347767197204,0.40465436264185356,0.12436640379378651,0.058088571001696544,0.057644032786193705,0.4063941177932433,1.286519916575512e-117,0.8067347767197204,0.40465436264185356,0.12436640379378651
0.016129805699929098,0.07686938517510818,0.4031040395893404,0.04558706903847433,0.8181043236977094,0.4029209721002685,0.016314042028138836,0.016129805699929098,0.07686938517510818,0.4031040395893404,0.04558706903847433,0.8181043236977094,0.4029209721002685,0.016314042028138836
0.07378624476929534,0.015302951729995106,0.4037250218056407,0.04672774382885236,0.8172238329157512,0.40302619146054175,0.015125957058733609,0.07378624476929534,0.015302951729995106,0.4037250218056407,0.04672774382885236,0.8172238329157512,0.40302619146054175,0.015125957058733609
1.601008452505846e-17,1.7050568062677185e-17,0.3819711326622684,0.11706837112228712,0.7684273851902729,0.5010357224800523,3.9492500502632996e-33,1.601008452505846e-17,1.7050568062677185e-17,0.3819711326622684,0.11706837112228712,0.7684273851902729,0.5010357224800523,3.9492500502632996e-33
2.4063158361886562e-17,6.818539782420051e-18,0.40845342983335625,9.507339396427992e-126,0.8168934802022038,0.4080263182937584,2.3450821650163013e-80,2.4063158361886562e-17,6.818539782420051e-18,0.40845342983335625,9.507339396427992e-126,0.8168934802022038,0.4080263182937584,2.3450821650163013e-80
0.00007399089581070489,2.8655554511437302e-12,0.39506868154202057,0.05918880287795968,0.7890785880060409,0.4535897347555927,0.11956014531832532,0.00007399089581070489,2.8655554511437302e-12,0.39506868154202057,0.05918880287795968,0.7890785880060409,0.4535897347555927,0.11956014531832532
0.017447809165988277,0.017313737659261738,0.4054027505234751,0.07270106336499307,0.8203348355484974,0.40440086327792524,0.04652086348237715,0.017447809165988277,0.017313737659261738,0.4054027505234751,0.07270106336499307,0.8203348355484974,0.40440086327792524,0.04652086348237715
0.015957985932735577,0.04626554790114716,0.4032992136639421,0.015306000643010449,0.8067258016900135,0.42721585838280707,0.044059342172691904,0.015957985932735577,0.04626554790114716,0.4032992136639421,0.015306000643010449,0.8067258016900135,0.42721585838280707,0.044059342172691904
0.0012982825385306962,0.000012260311390269933,0.4005353062819382,0.19769896625131683,0.8003706247826297,0.40056841873199134,0.04714068894611941,0.0012982825385306962,0.000012260311390269933,0.4005353062819382,0.19769896625131683,0.8003706247826297,0.40056841873199134,0.04714068894611941
0.04470752106088268,0.015807640801478447,0.40317126834628264,0.01675313565651154,0.8178553701912856,0.40255601180592365,0.07450389183070874,0.04470752106088268,0.015807640801478447,0.40317126834628264,0.01675313565651154,0.8178553701912856,0.40255601180592365,0.07450389183070874
2.433438104087467e-18,2.596416008266779e-17,0.425885166137745,1.6354095127387462e-173,0.7963304318255671,0.42633913137570606,0.056298761836217764,2.433438104087467e-18,2.596416008266779e-17,0.425885166137745,1.6354095127387462e-173,0.7963304318255671,0.42633913137570606,0.056298761836217764
0.017102049792276544,0.01696786768106986,0.448956904383641,0.04699690094906936,0.8009284349503156,0.3932719165823554,0.01672466282215675,0.017102049792276544,0.01696786768106986,0.448956904383641,0.04699690094906936,0.8009284349503156,0.3932719165823554,0.01672466282215675
0.07226482096677578,0.044366014665164454,0.43555555692415093,0.018009636316376407,0.7983644293724795,0.40732574939055527,0.015915633468817025,0.07226482096677578,0.044366014665164454,0.43555555692415093,0.018009636316376407,0.7983644293724795,0.40732574939055527,0.015915633468817025
0.01661422648443645,0.07392697338518994,0.42778126641440245,0.01682574058933465,0.8087717313051597,0.39690632778542023,0.01737873822830734,0.01661422648443645,0.07392697338518994,0.42778126641440245,0.01682574058933465,0.8087717313051597,0.39690632778542023,0.01737873822830734
3.151501490457329e-18,2.3780559571193703e-17,0.39176154135483676,1.039615621018263e-165,0.7836521859299224,0.4517727652408449,0.17773021940260836,3.151501490457329e-18,2.3780559571193703e-17,0.39176154135483676,1.039615621018263e-165,0.7836521859299224,0.4517727652408449,0.17773021940260836
0.009287387950701997,0.056727194663444225,0.48367238453947564,1.8434334493616243e-135,0.7877464497302263,0.3745457845502114,0.05646306476158665,0.009287387950701997,0.056727194663444225,0.48367238453947564,1.8434334493616243e-135,0.7877464497302263,0.3745457845502114,0.05646306476158665
0.07801210981723945,0.014883344355395067,0.4115221037066068,0.018098468003706243,0.8065694880288719,0.4125557155817378,0.07491745601117189,0.07801210981723945,0.014883344355395067,0.4115221037066068,0.018098468003706243,0.8065694880288719,0.4125557155817378,0.07491745601117189
0.015052073083902355,0.0753147145733791,0.43115185976412684,0.017288531773167474,0.7862783850343004,0.43624073472570374,0.012132589531667962,0.015052073083902355,0.0753147145733791,0.43115185976412684,0.017288531773167474,0.7862783850343004,0.43624073472570374,0.012132589531667962
0.05199359608366239,0.050906178399489826,0.4412409386114554,0.016642835098234995,0.7982407164363523,0.4076001973802702,0.04451577963537615,0.05199359608366239,0.050906178399489826,0.4412409386114554,0.016642835098234995,0.7982407164363523,0.4076001973802702,0.04451577963537615
0.017521211550085635,0.049690474712188834,0.4274238826606567,0.016420457455658125,0.7820358913671214,0.4515807541513216,0.016752281757148966,0.017521211550085635,0.049690474712188834,0.4274238826606567,0.016420457455658125,0.7820358913671214,0.4515807541513216,0.016752281757148966
1.706336165609883e-17,1.736247387089983e-17,0.39756214749394325,0.2425104197090737,0.7951375935682568,0.3973560995762531,3.012990772193864e-57,1.706336165609883e-17,1.736247387089983e-17,0.39756214749394325,0.2425104197090737,0.7951375935682568,0.3973560995762531,3.012990772193864e-57
1.0982825061936647e-17,0.17936314486076016,0.45102318314966316,0.0,0.7825211361117484,0.39126491647337586,2.9983382632311767e-9,1.0982825061936647e-17,0.17936314486076016,0.45102318314966316,0.0,0.7825211361117484,0.39126491647337586,2.9983382632311767e-9
1.615194038488027e-17,1.6781972126417635e-17,0.38038810438251935,1.1023941111632679e-63,0.790574727482797,0.49080582745324974,0.05878608881473423,1.615194038488027e-17,1.6781972126417635e-17,0.38038810438251935,1.1023941111632679e-63,0.790574727482797,0.49080582745324974,0.05878608881473423
0.07201993249696331,0.017922912270161573,0.39689250528743464,0.015699288957075456,0.8090930934724676,0.4274676265512292,0.017116456339466516,0.07201993249696331,0.017922912270161573,0.39689250528743464,0.015699288957075456,0.8090930934724676,0.4274676265512292,0.017116456339466516
0.05751189364750082,6.966561223970662e-34,0.43435983883535684,7.624837650247288e-11,0.7537071123545621,0.49183066420517785,2.3199952764610416e-145,0.05751189364750082,6.966561223970662e-34,0.43435983883535684,7.624837650247288e-11,0.7537071123545621,0.49183066420517785,2.3199952764610416e-145
0.014881222413109445,0.04570097572838127,0.4376454059365809,0.07842552966054152,0.7967694897940067,0.40728344258865473,0.013553114413885447,0.014881222413109445,0.04570097572838127,0.4376454059365809,0.07842552966054152,0.7967694897940067,0.40728344258865473,0.013553114413885447
0.07982840842490518,0.07530111134032587,0.4158045384884144,0.015727100609453593,0.805022537969793,0.4109290154396045,0.015559395860696929,0.07982840842490518,0.07530111134032587,0.4158045384884144,0.015727100609453593,0.805022537969793,0.4109290154396045,0.015559395860696929
0.06081970167056968,0.000012217120515215768,0.3959469464735656,0.05933279868006859,0.7919718057511854,0.4555114761358118,0.06056250517531247,0.06081970167056968,0.000012217120515215768,0.3959469464735656,0.05933279868006859,0.7919718057511854,0.4555114761358118,0.06056250517531247
0.0005000639407863807,0.11915115756658841,0.456466261113,0.05981544779840188,0.7905165934614612,0.39559094541609485,1.7330191605609217e-93,0.0005000639407863807,0.11915115756658841,0.456466261113,0.05981544779840188,0.7905165934614612,0.39559094541609485,1.7330191605609217e-93
0.017273097819114017,0.044218045180155485,0.40361491284011825,0.014526027959384156,0.8185814026017443,0.4029133717038305,0.07462538896670466,0.017273097819114017,0.044218045180155485,0.40361491284011825,0.014526027959384156,0.8185814026017443,0.4029133717038305,0.07462538896670466
0.0003013889232012515,0.000916496124025215,0.4350171172180358,0.05739387479996034,0.7543429481336885,0.4892810537750476,2.349547418728215e-17,0.0003013889232012515,0.000916496124025215,0.4350171172180358,0.05739387479996034,0.7543429481336885,0.4892810537750476,2.349547418728215e-17
0.01635972979348558,0.01632138606631707,0.47064311696077243,0.016587480549880455,0.790352086829042,0.39308355090781283,0.016115452761118993,0.01635972979348558,0.01632138606631707,0.47064311696077243,0.016587480549880455,0.790352086829042,0.39308355090781283,0.016115452761118993
0.027781583790357254,0.11405969496473797,0.38480131944101503,1.3897294164240338e-91,0.8268839377786182,0.39378163567985025,6.395054763896084e-157,0.027781583790357254,0.11405969496473797,0.38480131944101503,1.3897294164240338e-91,0.8268839377786182,0.39378163567985025,6.395054763896084e-157
3.4292358789622144e-18,0.05600367193789722,0.49140813630483754,0.0000348463852575257,0.7534705658274083,0.4356890483102504,1.918314525883787e-33,3.4292358789622144e-18,0.05600367193789722,0.49140813630483754,0.0000348463852575257,0.7534705658274083,0.4356890483102504,1.918314525883787e-33
3.627281960594404e-18,0.05923800989999498,0.38564531479239866,0.055774751732548596,0.7708655511795062,0.5034704902517794,3.935853571869149e-23,3.627281960594404e-18,0.05923800989999498,0.38564531479239866,0.055774751732548596,0.7708655511795062,0.5034704902517794,3.935853571869149e-23
2.002612321934925e-17,1.0030083054691151e-17,0.3657789957670453,0.11115108049145084,0.848350553096001,0.3695684837492086,1.5500626235028783e-13,2.002612321934925e-17,1.0030083054691151e-17,0.3657789957670453,0.11115108049145084,0.848350553096001,0.3695684837492086,1.5500626235028783e-13
0.056213949964549426,1.2305347442174815e-97,0.3689148013505084,1.3495853124910497e-81,0.7935198227486174,0.48181169002897917,3.187833297592096e-183,0.056213949964549426,1.2305347442174815e-97,0.3689148013505084,1.3495853124910497e-81,0.7935198227486174,0.48181169002897917,3.187833297592096e-183
0.057041934665362795,2.9960530352344816e-54,0.4362252144600823,4.53703345710642e-157,0.813310001351389,0.3793689606372446,0.05856176851889979,0.057041934665362795,2.9960530352344816e-54,0.4362252144600823,4.53703345710642e-157,0.813310001351389,0.3793689606372446,0.05856176851889979
0.0008497713788569237,0.0008867820330001103,0.5468084203023158,0.05950034495686623,0.748889346921963,0.37528705392230566,6.0063666442247504e-71,0.0008497713788569237,0.0008867820330001103,0.5468084203023158,0.05950034495686623,0.748889346921963,0.37528705392230566,6.0063666442247504e-71
0.01589538658671618,0.01553483143004153,0.38861864863736906,0.015090619641271476,0.8096776927544073,0.44119754593077126,0.01668510545521909,0.01589538658671618,0.01553483143004153,0.38861864863736906,0.015090619641271476,0.8096776927544073,0.44119754593077126,0.01668510545521909
0.07460693904367452,0.019877928639388222,0.42726377290859174,0.017289299989857825,0.8090223877506036,0.3965049744005555,0.01567357854147505,0.07460693904367452,0.019877928639388222,0.42726377290859174,0.017289299989857825,0.8090223877506036,0.3965049744005555,0.01567357854147505
0.04986021779138216,0.049709061068038164,0.4107199477312074,0.07935424387500317,0.8065662301951395,0.41392056059496485,0.01701438496974991,0.04986021779138216,0.049709061068038164,0.4107199477312074,0.07935424387500317,0.8065662301951395,0.41392056059496485,0.01701438496974991
0.030892294007498974,0.08231260970505681,0.4215106629663439,0.046221250503947105,0.8099088347701789,0.4023221508033773,0.017084224030606204,0.030892294007498974,0.08231260970505681,0.4215106629663439,0.046221250503947105,0.8099088347701789,0.4023221508033773,0.017084224030606204
0.05907061155544229,4.873857662840012e-10,0.3864225687918502,2.9103902358268466e-114,0.7755790685115291,0.5050582199989533,0.058268937551715506,0.05907061155544229,4.873857662840012e-10,0.3864225687918502,2.9103902358268466e-114,0.7755790685115291,0.5050582199989533,0.058268937551715506
0.04729921890966278,0.016570077684180146,0.4171773166652474,0.0450722859171661,0.8074767760032289,0.4069300878050316,0.07699635173625274,0.04729921890966278,0.016570077684180146,0.4171773166652474,0.0450722859171661,0.8074767760032289,0.4069300878050316,0.07699635173625274
0.016577025932171065,0.017349557397313278,0.4138955099246717,0.04503065267905719,0.8054649646795501,0.40981500878169463,0.10227605920343895,0.016577025932171065,0.017349557397313278,0.4138955099246717,0.04503065267905719,0.8054649646795501,0.40981500878169463,0.10227605920343895
0.017273637974753682,0.016609478832577584,0.486163327057524,0.05095009397943251,0.7773354005997944,0.3977272409619286,0.01705720794101869,0.017273637974753682,0.016609478832577584,0.486163327057524,0.05095009397943251,0.7773354005997944,0.3977272409619286,0.01705720794101869
0.04631465127459058,0.017597956420731233,0.40760046802781597,0.04486258011374476,0.7983078990883589,0.43649113549237895,0.044613297420050844,0.04631465127459058,0.017597956420731233,0.40760046802781597,0.04486258011374476,0.7983078990883589,0.43649113549237895,0.044613297420050844
1.1118519063051452e-17,2.425144307392799e-17,0.43569651803090126,0.11624445588633014,0.8104277323796444,0.3747422080804414,2.4248641588841097e-26,1.1118519063051452e-17,2.425144307392799e-17,0.43569651803090126,0.11624445588633014,0.8104277323796444,0.3747422080804414,2.4248641588841097e-26
0.016771821707184435,0.017677817040430095,0.4262289472619523,0.014760114397072312,0.8094357349083859,0.39794362270613426,0.07472398729247604,0.016771821707184435,0.017677817040430095,0.4262289472619523,0.014760114397072312,0.8094357349083859,0.39794362270613426,0.07472398729247604
0.11663881780552811,4.7562057132966354e-83,0.38328723214129923,1.2447416765025065e-197,0.7682151915251041,0.5008615534692107,2.6212558806868737e-38,0.11663881780552811,4.7562057132966354e-83,0.38328723214129923,1.2447416765025065e-197,0.7682151915251041,0.5008615534692107,2.6212558806868737e-38
0.016158533659986655,0.017203516234208606,0.4008117380587237,0.01529034032478412,0.8140772025796265,0.40738542403080197,0.10479967720577639,0.016158533659986655,0.017203516234208606,0.4008117380587237,0.01529034032478412,0.8140772025796265,0.40738542403080197,0.10479967720577639
0.12092482044470021,7.356641524115934e-8,0.45673318509918637,0.05873289873465486,0.7870915626318384,0.39330723918879446,7.077564671953407e-85,0.12092482044470021,7.356641524115934e-8,0.45673318509918637,0.05873289873465486,0.7870915626318384,0.39330723918879446,7.077564671953407e-85
0.015540707878249143,0.015421557558681263,0.4364371193466273,0.07863333247475117,0.7878006466778682,0.42827536206078987,0.016952442308849368,0.015540707878249143,0.015421557558681263,0.4364371193466273,0.07863333247475117,0.7878006466778682,0.42827536206078987,0.016952442308849368
0.04544318912855025,0.016410132379029913,0.4032424309636014,0.073710855659605,0.8175530896169325,0.402307305700436,0.01630618357012574,0.04544318912855025,0.016410132379029913,0.4032424309636014,0.073710855659605,0.8175530896169325,0.402307305700436,0.01630618357012574
2.439828534566787e-17,8.590282288258256e-18,0.4224299366884622,6.403350728919393e-70,0.73282073141756,0.5343789790376622,0.0,2.439828534566787e-17,8.590282288258256e-18,0.4224299366884622,6.403350728919393e-70,0.73282073141756,0.5343789790376622,0.0
0.013222236037288317,0.013690163193392094,0.4112050965843286,0.1072404442864607,0.7930271212583245,0.43632168171758534,0.016070319097342772,0.013222236037288317,0.013690163193392094,0.4112050965843286,0.1072404442864607,0.7930271212583245,0.43632168171758534,0.016070319097342772
0.06092984796827253,0.00006449060303552198,0.4039081141557572,0.1257165490823663,0.8097264533147861,0.399473273551228,0.06471356418418905,0.06092984796827253,0.00006449060303552198,0.4039081141557572,0.1257165490823663,0.8097264533147861,0.399473273551228,0.06471356418418905
0.06085554702667339,0.12642931268863797,0.4097852413483215,0.05617862861535957,0.8052322017275377,0.4029989229103802,0.00015319908467596136,0.06085554702667339,0.12642931268863797,0.4097852413483215,0.05617862861535957,0.8052322017275377,0.4029989229103802,0.00015319908467596136
7.03485231601838e-18,0.11488785698727694,0.3766211869443865,3.0823548482977105e-66,0.8092994439905101,0.43643346147382767,0.0,7.03485231601838e-18,0.11488785698727694,0.3766211869443865,3.0823548482977105e-66,0.8092994439905101,0.43643346147382767,0.0
0.04471426978654633,0.04508927448951919,0.4039908071157876,0.04272497838678205,0.819328194843732,0.4031950737193699,0.016796651171026376,0.04471426978654633,0.04508927448951919,0.4039908071157876,0.04272497838678205,0.819328194843732,0.4031950737193699,0.016796651171026376
0.00031550578242924715,0.056263625937183655,0.36946065187452626,1.8226843965162723e-202,0.7940356569838585,0.4813313958228138,1.1842759143213563e-23,0.00031550578242924715,0.056263625937183655,0.36946065187452626,1.8226843965162723e-202,0.7940356569838585,0.4813313958228138,1.1842759143213563e-23
0.11691762618338619,0.05864339770108286,0.383958020660948,4.724341160481627e-99,0.8275960613213326,0.3893639705922302,1.4445197445040148e-76,0.11691762618338619,0.05864339770108286,0.383958020660948,4.724341160481627e-99,0.8275960613213326,0.3893639705922302,1.4445197445040148e-76
0.05904173421214135,0.060641514693008804,0.3902175026762854,0.0,0.8318043274415317,0.38516746934778934,0.05846795709291149,0.05904173421214135,0.060641514693008804,0.3902175026762854,0.0,0.8318043274415317,0.38516746934778934,0.05846795709291149
0.001158091702213265,0.11830512470454217,0.4558262075732353,1.892510656180144e-147,0.7892947573210085,0.39445139759804465,0.0573597162020542,0.001158091702213265,0.11830512470454217,0.4558262075732353,1.892510656180144e-147,0.7892947573210085,0.39445139759804465,0.0573597162020542
1.8006596418546513e-17,2.0252183768870965e-17,0.4425700967114582,0.17649064530773353,0.7878376737716389,0.39075799336129424,1.672485386883741e-84,1.8006596418546513e-17,2.0252183768870965e-17,0.4425700967114582,0.17649064530773353,0.7878376737716389,0.39075799336129424,1.672485386883741e-84
0.016451398905600493,0.04550663076465551,0.40426506700173115,0.0733060385360674,0.8188057203941752,0.4027257441737944,0.016374929655744958,0.016451398905600493,0.04550663076465551,0.40426506700173115,0.0733060385360674,0.8188057203941752,0.4027257441737944,0.016374929655744958
0.04370064156535564,0.015638114150042324,0.41768540550507444,0.015847694428211403,0.8195890117478817,0.392128758899502,0.01591839436163338,0.04370064156535564,0.015638114150042324,0.41768540550507444,0.015847694428211403,0.8195890117478817,0.392128758899502,0.01591839436163338
0.013554320327026099,0.045466708281865054,0.4260606604389323,0.015675806222720537,0.8098717112004259,0.3990967958783918,0.04703826919575282,0.013554320327026099,0.045466708281865054,0.4260606604389323,0.015675806222720537,0.8098717112004259,0.3990967958783918,0.04703826919575282
1.5539271968965038e-17,1.5877682746602664e-17,0.362821843542027,0.0,0.837482059005276,0.41360666593225404,0.0434806084853059,1.5539271968965038e-17,1.5877682746602664e-17,0.362821843542027,0.0,0.837482059005276,0.41360666593225404,0.0434806084853059
0.07545317486784951,0.012994934672210778,0.43729507142730334,0.018195352739530424,0.798879338265437,0.408235455740624,0.046457932696318226,0.07545317486784951,0.012994934672210778,0.43729507142730334,0.018195352739530424,0.798879338265437,0.408235455740624,0.046457932696318226
0.01714058274308915,0.01677027531441684,0.3976222903627164,0.015068885245704,0.7780659674061359,0.4839911041077905,0.04577847941241731,0.01714058274308915,0.01677027531441684,0.3976222903627164,0.015068885245704,0.7780659674061359,0.4839911041077905,0.04577847941241731
0.015856427235793887,0.04486612946826945,0.433722872864422,0.016767303083056385,0.7906370992458444,0.4307395812624619,0.04471042656644183,0.015856427235793887,0.04486612946826945,0.433722872864422,0.016767303083056385,0.7906370992458444,0.4307395812624619,0.04471042656644183
0.045110385502419095,0.044806252975034176,0.40172824475208524,0.017137078729578266,0.8170826486368252,0.4317689308717971,0.01717033785197418,0.045110385502419095,0.044806252975034176,0.40172824475208524,0.017137078729578266,0.8170826486368252,0.4317689308717971,0.01717033785197418
0.015166183494725764,0.04504162179183632,0.4010208168904734,0.015798722424207528,0.7885473007049802,0.46216505828489396,0.04655120870626717,0.015166183494725764,0.04504162179183632,0.4010208168904734,0.015798722424207528,0.7885473007049802,0.46216505828489396,0.04655120870626717
2.292086455325546e-17,1.8816760718923603e-25,0.37432612520138636,1.137568570002251e-42,0.7488353939680775,0.5461770376342102,0.05635317066446407,2.292086455325546e-17,1.8816760718923603e-25,0.37432612520138636,1.137568570002251e-42,0.7488353939680775,0.5461770376342102,0.05635317066446407
0.045059510329992725,0.045064392387612257,0.3964846401223953,0.015191290490986617,0.8302414374317447,0.38817654714984234,0.01671573347161431,0.045059510329992725,0.045064392387612257,0.3964846401223953,0.015191290490986617,0.8302414374317447,0.38817654714984234,0.01671573347161431
0.12221476133583874,0.061262090583698754,0.40523704468409,0.06203881935447913,0.8076662331033692,0.40365491078844146,9.280437477965048e-90,0.12221476133583874,0.061262090583698754,0.40523704468409,0.06203881935447913,0.8076662331033692,0.40365491078844146,9.280437477965048e-90
0.014043613638727071,0.014556943720087052,0.4176350278539938,0.015023285348427342,0.7904777015991608,0.4485359220873935,0.015133170536975125,0.014043613638727071,0.014556943720087052,0.4176350278539938,0.015023285348427342,0.7904777015991608,0.4485359220873935,0.015133170536975125
0.014591000358413582,0.015599974230009084,0.3874152995722809,0.017779458526985148,0.7899661914584698,0.4756016527998569,0.015560812273944805,0.014591000358413582,0.015599974230009084,0.3874152995722809,0.017779458526985148,0.7899661914584698,0.4756016527998569,0.015560812273944805
0.04680337470872121,0.016634961068796934,0.39995435348614994,0.05631424437163306,0.8266133625962996,0.39208883688846236,0.01584925251481485,0.04680337470872121,0.016634961068796934,0.39995435348614994,0.05631424437163306,0.8266133625962996,0.39208883688846236,0.01584925251481485
1.0317672279857177e-6,1.788857727200084e-10,0.5042963982381493,0.05695734218996575,0.7705428273095708,0.3851288739165887,0.05488009992731256,1.0317672279857177e-6,1.788857727200084e-10,0.5042963982381493,0.05695734218996575,0.7705428273095708,0.3851288739165887,0.05488009992731256
0.07682818336849997,0.000013420747363229868,0.5015985789785607,0.02090730539917818,0.77607408346697,0.38705199589281886,0.05604087943464704,0.07682818336849997,0.000013420747363229868,0.5015985789785607,0.02090730539917818,0.77607408346697,0.38705199589281886,0.05604087943464704
1.3726396669745907e-17,2.27064754095531e-17,0.4333161281097396,0.05739585761907614,0.8122674246566606,0.38420672162228064,0.05919681146045482,1.3726396669745907e-17,2.27064754095531e-17,0.4333161281097396,0.05739585761907614,0.8122674246566606,0.38420672162228064,0.05919681146045482
