f_1,f_2,f_3,f_4,f_5,f_6,f_7,f_1_min,f_2_min,f_3_min,f_4_min,f_5_min,f_6_min,f_7_min
0.04480333916090137,0.20845171700165424,0.14650694853660268,0.49556437667795616,0.0878326407632469,0.34268807748897473,0.7508274936061541,0.04480333916090137,0.20845171700165424,0.14650694853660268,0.49556437667795616,0.0878326407632469,0.34268807748897473,0.7508274936061541
0.15062836210876887,0.25833896354966596,0.1341575351522135,0.48649383694451226,0.009349637068254835,0.33229693980083985,0.7395151238034839,0.15062836210876887,0.25833896354966596,0.1341575351522135,0.48649383694451226,0.009349637068254835,0.33229693980083985,0.7395151238034839
0.041605547713560884,0.2610114294308111,0.11535383614876087,0.48219302899245114,0.027180276353954605,0.3305205828865459,0.7587036045539185,0.041605547713560884,0.2610114294308111,0.11535383614876087,0.48219302899245114,0.027180276353954605,0.3305205828865459,0.7587036045539185
0.043979377025008384,0.291174644267197,0.11589738254871984,0.4844129930443161,0.026282976339774517,0.3366828604669342,0.7435232609260894,0.043979377025008384,0.291174644267197,0.11589738254871984,0.4844129930443161,0.026282976339774517,0.3366828604669342,0.7435232609260894
0.09487376779700027,0.3033979253164353,0.07112756618716042,0.47179041584035436,0.010199001376943814,0.38029450083668004,0.7267484974410127,0.09487376779700027,0.3033979253164353,0.07112756618716042,0.47179041584035436,0.010199001376943814,0.38029450083668004,0.7267484974410127
0.04108162683924435,0.28443107068638734,0.08510793681305144,0.48033722407322776,0.025216434879841963,0.3312154308358234,0.755421880443982,0.04108162683924435,0.28443107068638734,0.08510793681305144,0.48033722407322776,0.025216434879841963,0.3312154308358234,0.755421880443982
0.04209667134283273,0.19854055487374872,0.08597038303802745,0.47614219487813275,0.05542154175274604,0.3547035041702996,0.7727444120385913,0.04209667134283273,0.19854055487374872,0.08597038303802745,0.47614219487813275,0.05542154175274604,0.3547035041702996,0.7727444120385913
0.02465374299884155,0.1910333544586932,0.3136014759847198,0.4739249570439126,0.01102431937689537,0.3197004787371226,0.7345006919048389,0.02465374299884155,0.1910333544586932,0.3136014759847198,0.4739249570439126,0.01102431937689537,0.3197004787371226,0.7345006919048389
0.14175246460213337,0.1802386811274974,0.06902857629195143,0.4532676292023514,0.007950734198728143,0.30395300864179436,0.8036914557500813,0.14175246460213337,0.1802386811274974,0.06902857629195143,0.4532676292023514,0.007950734198728143,0.30395300864179436,0.8036914557500813
0.026856281141741885,0.17927890292312457,0.12459985713691395,0.4509129730360317,0.009325322121938168,0.3580634876475247,0.7883401074062018,0.026856281141741885,0.17927890292312457,0.12459985713691395,0.4509129730360317,0.009325322121938168,0.3580634876475247,0.7883401074062018
0.024596953504543904,0.23362450343806548,0.07221894457859399,0.608088142749596,0.012019745887600216,0.29582793492052323,0.6953915246027293,0.024596953504543904,0.23362450343806548,0.07221894457859399,0.608088142749596,0.012019745887600216,0.29582793492052323,0.6953915246027293
0.023352215814897038,0.1784474711878656,0.06560024762501453,0.44313108319830286,0.007531349864928283,0.4090450679781458,0.7747611870832997,0.023352215814897038,0.1784474711878656,0.06560024762501453,0.44313108319830286,0.007531349864928283,0.4090450679781458,0.7747611870832997
0.024592846160129432,0.17576134548756037,0.06624424848494893,0.5627521500329464,0.07044613532344508,0.30346359267709433,0.7467554537791113,0.024592846160129432,0.17576134548756037,0.06624424848494893,0.5627521500329464,0.07044613532344508,0.30346359267709433,0.7467554537791113
0.09207512469310222,0.30036518425034314,0.13027829770514276,0.485524319434354,0.011657574502398797,0.3255874201667156,0.7372193532822306,0.09207512469310222,0.30036518425034314,0.13027829770514276,0.485524319434354,0.011657574502398797,0.3255874201667156,0.7372193532822306
0.2105876105244572,0.1916667723910061,0.07092027748779539,0.48053353843795676,0.009410257774804623,0.3782355235736398,0.735339568883451,0.2105876105244572,0.1916667723910061,0.07092027748779539,0.48053353843795676,0.009410257774804623,0.3782355235736398,0.735339568883451
0.041215028071582796,0.199509980081816,0.08634749105004798,0.5346443467837887,0.022823060546182494,0.3868193569395883,0.7185301584298214,0.041215028071582796,0.199509980081816,0.08634749105004798,0.5346443467837887,0.022823060546182494,0.3868193569395883,0.7185301584298214
0.1041292666123574,0.2124635678956498,0.09433433216566209,0.49544521407370795,0.08691040970805909,0.34334998611075823,0.751643939400478,0.1041292666123574,0.2124635678956498,0.09433433216566209,0.49544521407370795,0.08691040970805909,0.34334998611075823,0.751643939400478
0.07343588318513908,0.20740591361057925,0.08876046999055875,0.4797685353107568,0.02511481374392047,0.42296422429483493,0.7318097658512095,0.07343588318513908,0.20740591361057925,0.08876046999055875,0.4797685353107568,0.02511481374392047,0.42296422429483493,0.7318097658512095
0.07317646747994362,0.2052770054227249,0.08881113766045808,0.5346020190451779,0.030514733722655656,0.3543056341693323,0.730520312339137,0.07317646747994362,0.2052770054227249,0.08881113766045808,0.5346020190451779,0.030514733722655656,0.3543056341693323,0.730520312339137
0.13457155756562414,0.21006959622991786,0.08775104324417457,0.4974372565608815,0.05924411697600104,0.3412861647647763,0.7512215960713203,0.13457155756562414,0.21006959622991786,0.08775104324417457,0.4974372565608815,0.05924411697600104,0.3412861647647763,0.7512215960713203
0.16070158605208398,0.2105724608904663,0.09226605647800079,0.49425770881105235,0.028587677250628187,0.34131884262341405,0.7491885703663687,0.16070158605208398,0.2105724608904663,0.09226605647800079,0.49425770881105235,0.028587677250628187,0.34131884262341405,0.7491885703663687
0.044087965842737435,0.2323741458669015,0.08786657818864613,0.48774596872579495,0.05627184899545115,0.39446321369998955,0.7363137513890804,0.044087965842737435,0.2323741458669015,0.08786657818864613,0.48774596872579495,0.05627184899545115,0.39446321369998955,0.7363137513890804
0.08217322365866112,0.18382157851835096,0.1318683796905947,0.5812832429017145,0.011226603461733679,0.3119531886377316,0.7131864803403799,0.08217322365866112,0.18382157851835096,0.1318683796905947,0.5812832429017145,0.011226603461733679,0.3119531886377316,0.7131864803403799
0.14528901586907775,0.18906988055174642,0.1347575601255898,0.533159663336345,0.011651702571980714,0.3266654856337734,0.7315720355299229,0.14528901586907775,0.18906988055174642,0.1347575601255898,0.533159663336345,0.011651702571980714,0.3266654856337734,0.7315720355299229
0.08387340401139416,0.19746934136824645,0.2544115030821326,0.48355666287507865,0.009427071410124816,0.3301289876446521,0.7402289330997196,0.08387340401139416,0.19746934136824645,0.2544115030821326,0.48355666287507865,0.009427071410124816,0.3301289876446521,0.7402289330997196
0.02354007123463189,0.23720595286129936,0.0711558049101807,0.578441461626659,0.0665572961765223,0.31520080914779564,0.7082840927352707,0.02354007123463189,0.23720595286129936,0.0711558049101807,0.578441461626659,0.0665572961765223,0.31520080914779564,0.7082840927352707
0.03473863442552641,0.2449433986463282,0.07301245750745407,0.4688917828123445,0.06940987057803465,0.43675274707368655,0.7205488171466862,0.03473863442552641,0.2449433986463282,0.07301245750745407,0.4688917828123445,0.06940987057803465,0.43675274707368655,0.7205488171466862
0.07407136716528939,0.20268586142991213,0.08761330193832428,0.4792351623187176,0.05808365379594843,0.36445903129904184,0.762371017336028,0.07407136716528939,0.20268586142991213,0.08761330193832428,0.4792351623187176,0.05808365379594843,0.36445903129904184,0.762371017336028
1.0004794703055921,0.0,0.0,0.0,0.0,0.0,0.0,1.0004794703055921,0.0,0.0,0.0,0.0,0.0,0.0
0.02871404025287117,0.1903408947068635,0.1357161725241302,0.48063563684997884,0.13083150681309869,0.38636696549113364,0.7406511817215128,0.02871404025287117,0.1903408947068635,0.1357161725241302,0.48063563684997884,0.13083150681309869,0.38636696549113364,0.7406511817215128
0.08624036581010487,0.19069961632754498,0.13292044065775108,0.4746403393930296,0.010610009937669132,0.4395759076717882,0.7217779589927351,0.08624036581010487,0.19069961632754498,0.13292044065775108,0.4746403393930296,0.010610009937669132,0.4395759076717882,0.7217779589927351
0.040959950982148725,0.19452257062352898,0.11332367970250669,0.4630699556640394,0.02590820598260911,0.3278044333968084,0.7914563982174198,0.040959950982148725,0.19452257062352898,0.11332367970250669,0.4630699556640394,0.02590820598260911,0.3278044333968084,0.7914563982174198
0.0434379887895998,0.20255931070673638,0.08575674060730748,0.48110694198729453,0.056402375259907614,0.39047196458649547,0.7508371885143753,0.0434379887895998,0.20255931070673638,0.08575674060730748,0.48110694198729453,0.056402375259907614,0.39047196458649547,0.7508371885143753
0.07952345595506025,0.17673911480370808,0.06580968920732519,0.44480642935107634,0.0135644461207504,0.3569266306574305,0.7965534380099085,0.07952345595506025,0.17673911480370808,0.06580968920732519,0.44480642935107634,0.0135644461207504,0.3569266306574305,0.7965534380099085
0.0773844635386501,0.1708941807149077,0.06896385256586667,0.43181856896401977,0.009719555205635923,0.2976500398311612,0.8282440936289059,0.0773844635386501,0.1708941807149077,0.06896385256586667,0.43181856896401977,0.009719555205635923,0.2976500398311612,0.8282440936289059
0.04390407101399864,0.266865087129815,0.11710736390719446,0.4927862187019531,0.05723219595414718,0.339017139969399,0.7440063188273234,0.04390407101399864,0.266865087129815,0.11710736390719446,0.4927862187019531,0.05723219595414718,0.339017139969399,0.7440063188273234
0.044046259320146164,0.21059757021281184,0.08559269810297017,0.49557683152407633,0.1471944040110316,0.3419178070023378,0.7502541603859936,0.044046259320146164,0.21059757021281184,0.08559269810297017,0.49557683152407633,0.1471944040110316,0.3419178070023378,0.7502541603859936
0.042202982416841714,0.2640910043660751,0.12053110256716036,0.4869464019471518,0.02712072758606225,0.36932805651494677,0.735591597537926,0.042202982416841714,0.2640910043660751,0.12053110256716036,0.4869464019471518,0.02712072758606225,0.36932805651494677,0.735591597537926
0.07204209803693701,0.20516123951435905,0.09048908237819546,0.508358269557922,0.05662131422110942,0.3306935956273365,0.7577367734303613,0.07204209803693701,0.20516123951435905,0.09048908237819546,0.508358269557922,0.05662131422110942,0.3306935956273365,0.7577367734303613
0.027246882226872268,0.20069808120877397,0.07572350437526924,0.480192581653366,0.25179763067994676,0.3307502021929495,0.7422516630914961,0.027246882226872268,0.20069808120877397,0.07572350437526924,0.480192581653366,0.25179763067994676,0.3307502021929495,0.7422516630914961
0.08479342946571258,0.19090475156274306,0.07022570970788788,0.4678066424305218,0.0653425946739541,0.37332395757493464,0.7680696175315281,0.08479342946571258,0.19090475156274306,0.07022570970788788,0.4678066424305218,0.0653425946739541,0.37332395757493464,0.7680696175315281
0.08055694618070113,0.18187711859979716,0.0722630258935703,0.5088750199697166,0.010664663533921192,0.3618834236969973,0.7527246757955031,0.08055694618070113,0.18187711859979716,0.0722630258935703,0.5088750199697166,0.010664663533921192,0.3618834236969973,0.7527246757955031
0.0242094723872882,0.22786182542588793,0.06740762741164447,0.4435308497173241,0.00845800373075381,0.3590226403245854,0.7864648267135768,0.0242094723872882,0.22786182542588793,0.06740762741164447,0.4435308497173241,0.00845800373075381,0.3590226403245854,0.7864648267135768
0.023012581015029916,0.4163499312858954,0.06538817197464565,0.47478593183290807,0.013566063231117267,0.3173841329968331,0.7049237301763291,0.023012581015029916,0.4163499312858954,0.06538817197464565,0.47478593183290807,0.013566063231117267,0.3173841329968331,0.7049237301763291
0.026434872976133526,0.1829679832821918,0.12626109179288209,0.45050971505352333,0.06544210393085742,0.30691136745403996,0.8062622781152055,0.026434872976133526,0.1829679832821918,0.12626109179288209,0.45050971505352333,0.06544210393085742,0.30691136745403996,0.8062622781152055
0.021037821099191698,0.2888870256179585,0.07800941165125888,0.451776335360268,0.007837368277761912,0.43867227130455916,0.7174916861189518,0.021037821099191698,0.2888870256179585,0.07800941165125888,0.451776335360268,0.007837368277761912,0.43867227130455916,0.7174916861189518
0.04480906886319822,0.2073969640972013,0.08918847696280564,0.49255636249857015,0.12162420354125851,0.3709161970114913,0.7437075499548886,0.04480906886319822,0.2073969640972013,0.08918847696280564,0.49255636249857015,0.12162420354125851,0.3709161970114913,0.7437075499548886
0.024946344559136222,0.2427858769654194,0.12630098828597083,0.46858621626035435,0.011434520580443721,0.4418334026816333,0.7149692982049839,0.024946344559136222,0.2427858769654194,0.12630098828597083,0.46858621626035435,0.011434520580443721,0.4418334026816333,0.7149692982049839
0.0446613059732195,0.20613607123327798,0.1471172408221684,0.5187392152811591,0.05708089347770769,0.33733617982989206,0.7409632117702252,0.0446613059732195,0.20613607123327798,0.1471172408221684,0.5187392152811591,0.05708089347770769,0.33733617982989206,0.7409632117702252
0.02215532144831018,0.1896058243575365,0.1319389067718532,0.5863327326621703,0.07586762262024023,0.31939378310386485,0.7046352355946015,0.02215532144831018,0.1896058243575365,0.1319389067718532,0.5863327326621703,0.07586762262024023,0.31939378310386485,0.7046352355946015
0.044704693960538305,0.23297865602408582,0.08751531450852068,0.48446563685496574,0.08579353762908318,0.33488446149715495,0.7637139536644879,0.044704693960538305,0.23297865602408582,0.08751531450852068,0.48446563685496574,0.08579353762908318,0.33488446149715495,0.7637139536644879
0.043800133512291,0.20298710417197366,0.11664631175587793,0.48192189709095645,0.05734455888910819,0.3601144652630106,0.7611629076429528,0.043800133512291,0.20298710417197366,0.11664631175587793,0.48192189709095645,0.05734455888910819,0.3601144652630106,0.7611629076429528
0.02628627905354632,0.1812100131237688,0.06898036503121377,0.4518786721705697,0.1259467486553768,0.3067478747214678,0.8056232557442897,0.02628627905354632,0.1812100131237688,0.06898036503121377,0.4518786721705697,0.1259467486553768,0.3067478747214678,0.8056232557442897
0.043889257789137395,0.20762871852770728,0.17912768454596176,0.4874690614021478,0.02795179797757486,0.36733020740782363,0.7418856320390627,0.043889257789137395,0.20762871852770728,0.17912768454596176,0.4874690614021478,0.02795179797757486,0.36733020740782363,0.7418856320390627
0.0401590815699653,0.26515844880407347,0.09229813054056182,0.48790018836702226,0.056160807942329735,0.3694079596403175,0.7375149566732446,0.0401590815699653,0.26515844880407347,0.09229813054056182,0.48790018836702226,0.056160807942329735,0.3694079596403175,0.7375149566732446
0.02358418861249987,0.17644552446125591,0.06846298563453726,0.5027744808542336,0.007541185906006585,0.41096309745472126,0.7367307684453085,0.02358418861249987,0.17644552446125591,0.06846298563453726,0.5027744808542336,0.007541185906006585,0.41096309745472126,0.7367307684453085
0.040617414087628735,0.194209519697904,0.08155392219558258,0.46138608172371626,0.024048121474071604,0.35143786501476215,0.7860902127532773,0.040617414087628735,0.194209519697904,0.08155392219558258,0.46138608172371626,0.024048121474071604,0.35143786501476215,0.7860902127532773
0.02891736218707393,0.19813991737990214,0.25632321232499194,0.4842561910060931,0.07361859297758282,0.3336140384055909,0.7375353352439974,0.02891736218707393,0.19813991737990214,0.25632321232499194,0.4842561910060931,0.07361859297758282,0.3336140384055909,0.7375353352439974
0.07535043769898367,0.21119688990523264,0.11892641385923583,0.49847698548539615,0.09067918995862537,0.34314036052130964,0.7499229710618848,0.07535043769898367,0.21119688990523264,0.11892641385923583,0.49847698548539615,0.09067918995862537,0.34314036052130964,0.7499229710618848
0.04262794051092158,0.20101772592064968,0.08685669838094547,0.48225584296555496,0.05615404334747741,0.4227724601183169,0.7325589095246655,0.04262794051092158,0.20101772592064968,0.08685669838094547,0.48225584296555496,0.05615404334747741,0.4227724601183169,0.7325589095246655
0.04330266103550005,0.264193537564675,0.148472204569623,0.4892782156418233,0.026639160089243438,0.3393427632720432,0.7436679329878605,0.04330266103550005,0.264193537564675,0.148472204569623,0.4892782156418233,0.026639160089243438,0.3393427632720432,0.7436679329878605
0.02732386225787422,0.19367064699205558,0.1952186027700753,0.4817991354857955,0.06817665912681596,0.38575175584224325,0.7347270672931348,0.02732386225787422,0.19367064699205558,0.1952186027700753,0.4817991354857955,0.06817665912681596,0.38575175584224325,0.7347270672931348
0.024994582900927303,0.17923346071166285,0.12504274863761225,0.5589086456986829,0.013404797719803083,0.30260499580297545,0.7410674443720723,0.024994582900927303,0.17923346071166285,0.12504274863761225,0.5589086456986829,0.013404797719803083,0.30260499580297545,0.7410674443720723
0.025717210547145316,0.247307943569594,0.06330878468232272,0.5251216647600344,0.07146274048563107,0.3743795139550488,0.7172107383119125,0.025717210547145316,0.247307943569594,0.06330878468232272,0.5251216647600344,0.07146274048563107,0.3743795139550488,0.7172107383119125
0.04129710168697662,0.29291483092323206,0.08849666593811453,0.4898071645956316,0.05624664725714548,0.34243273515259887,0.7388136414206298,0.04129710168697662,0.29291483092323206,0.08849666593811453,0.4898071645956316,0.05624664725714548,0.34243273515259887,0.7388136414206298
0.07371762297977041,0.2056972607995932,0.08955087346694716,0.4780100741898582,0.05276185532135746,0.3263415989013081,0.7799825846744755,0.07371762297977041,0.2056972607995932,0.08955087346694716,0.4780100741898582,0.05276185532135746,0.3263415989013081,0.7799825846744755
0.031402040671537325,0.3600447734813504,0.06989574936958316,0.46252009258971216,0.01080768858898439,0.3758659737660803,0.7144652016998139,0.031402040671537325,0.3600447734813504,0.06989574936958316,0.46252009258971216,0.01080768858898439,0.3758659737660803,0.7144652016998139
0.07191460915373034,0.2076498389419249,0.08681748516439303,0.4880645850193813,0.05578187927962674,0.3955963172885227,0.7398416292876963,0.07191460915373034,0.2076498389419249,0.08681748516439303,0.4880645850193813,0.05578187927962674,0.3955963172885227,0.7398416292876963
0.20619433501083154,0.1895372312746595,0.07095468372771992,0.4666048044479045,0.007492977341047441,0.31876938277549843,0.773640399827827,0.20619433501083154,0.1895372312746595,0.07095468372771992,0.4666048044479045,0.007492977341047441,0.31876938277549843,0.773640399827827
0.084289731510637,0.24438126318694078,0.13009736491073012,0.46744301043048203,0.010961396437988356,0.3165985301228881,0.7738263355217028,0.084289731510637,0.24438126318694078,0.13009736491073012,0.46744301043048203,0.010961396437988356,0.3165985301228881,0.7738263355217028
0.1015446792354482,0.20507129417248346,0.08762473321350513,0.5112342830075048,0.024815120367760693,0.3289939016698679,0.7555748877851006,0.1015446792354482,0.20507129417248346,0.08762473321350513,0.5112342830075048,0.024815120367760693,0.3289939016698679,0.7555748877851006
0.039112491772280766,0.19547072710839583,0.08273996313030345,0.48841963477511785,0.024585987772159822,0.3190635546425429,0.7833582865533278,0.039112491772280766,0.19547072710839583,0.08273996313030345,0.48841963477511785,0.024585987772159822,0.3190635546425429,0.7833582865533278
0.03488042916012725,0.24559849545084103,0.07309043724145885,0.530730821375169,0.13784724212477104,0.32420300529190577,0.7272656000756146,0.03488042916012725,0.24559849545084103,0.07309043724145885,0.530730821375169,0.13784724212477104,0.32420300529190577,0.7272656000756146
0.03213783544548261,0.24236611545934783,0.12624478035901487,0.5205989562453892,0.011455373081521067,0.3760105187274174,0.7160272667333566,0.03213783544548261,0.24236611545934783,0.12624478035901487,0.5205989562453892,0.011455373081521067,0.3760105187274174,0.7160272667333566
0.07594167258269492,0.28675993439033065,0.08781969556644527,0.4943249779029997,0.030646610398590214,0.335666239381742,0.7400826735270019,0.07594167258269492,0.28675993439033065,0.08781969556644527,0.4943249779029997,0.030646610398590214,0.335666239381742,0.7400826735270019
0.02657590476461374,0.18467923462479624,0.07037302100995926,0.5718405249079688,0.06757079261763864,0.36900189718466514,0.7026255542650983,0.02657590476461374,0.18467923462479624,0.07037302100995926,0.5718405249079688,0.06757079261763864,0.36900189718466514,0.7026255542650983
0.04394509461279789,0.23779096693386484,0.08814996060519169,0.4773375672606613,0.052981425054417226,0.36120896557088333,0.7575734081535236,0.04394509461279789,0.23779096693386484,0.08814996060519169,0.4773375672606613,0.052981425054417226,0.36120896557088333,0.7575734081535236
0.044540533346373375,0.2076851458621091,0.17967642828349076,0.5188662717608356,0.027235814987381052,0.3364585197585529,0.7354238157417213,0.044540533346373375,0.2076851458621091,0.17967642828349076,0.5188662717608356,0.027235814987381052,0.3364585197585529,0.7354238157417213
0.14706117359312168,0.1834439650261237,0.06887942842096619,0.4761794726805101,0.0663390014239317,0.3205847354892258,0.7794638685847063,0.14706117359312168,0.1834439650261237,0.06887942842096619,0.4761794726805101,0.0663390014239317,0.3205847354892258,0.7794638685847063
0.0877342479221667,0.25246452745442427,0.13455897016197896,0.5393415555542588,0.011103539321662213,0.32277603867371873,0.7187607149955093,0.0877342479221667,0.25246452745442427,0.13455897016197896,0.5393415555542588,0.011103539321662213,0.32277603867371873,0.7187607149955093
0.04436107139789166,0.2048767296236045,0.11986557779136923,0.5039966199280661,0.058961424409828635,0.32923423981380767,0.7597234401939945,0.04436107139789166,0.2048767296236045,0.11986557779136923,0.5039966199280661,0.058961424409828635,0.32923423981380767,0.7597234401939945
0.0284511221333403,0.24071036465124485,0.12521392407007725,0.5733245134900555,0.013649498183086193,0.31937953339188097,0.704577098708179,0.0284511221333403,0.24071036465124485,0.12521392407007725,0.5733245134900555,0.013649498183086193,0.31937953339188097,0.704577098708179
0.1432039320752462,0.18671481988541008,0.07090569656245178,0.4706897891539753,0.013163479879008056,0.43614973840515103,0.7271192633218428,0.1432039320752462,0.18671481988541008,0.07090569656245178,0.4706897891539753,0.013163479879008056,0.43614973840515103,0.7271192633218428
0.03991969109348441,0.20015979936953637,0.1456820649903068,0.5134186012634602,0.02648867513419989,0.3650632383975303,0.735062797148884,0.03991969109348441,0.20015979936953637,0.1456820649903068,0.5134186012634602,0.02648867513419989,0.3650632383975303,0.735062797148884
0.08685851598517373,0.19594232947992565,0.07828000105362122,0.4912421387108061,0.186633044335615,0.33436985578268963,0.7495884630665863,0.08685851598517373,0.19594232947992565,0.07828000105362122,0.4912421387108061,0.186633044335615,0.33436985578268963,0.7495884630665863
0.026147704894346282,0.18532772716983287,0.18639825440711666,0.5779922969056539,0.011082496165840828,0.32201487757627995,0.7028508421663382,0.026147704894346282,0.18532772716983287,0.18639825440711666,0.5779922969056539,0.011082496165840828,0.32201487757627995,0.7028508421663382
0.044734894787719116,0.23575017798850945,0.09006159057545637,0.49204379612172316,0.12106467776289334,0.3427882576957653,0.7491986455982296,0.044734894787719116,0.23575017798850945,0.09006159057545637,0.49204379612172316,0.12106467776289334,0.3427882576957653,0.7491986455982296
0.022213563234753986,0.17084818192882287,0.06957329994888665,0.42740703509468786,0.008935466643398341,0.34315062977335503,0.8160951727408495,0.022213563234753986,0.17084818192882287,0.06957329994888665,0.42740703509468786,0.008935466643398341,0.34315062977335503,0.8160951727408495
0.04430287455284498,0.20714843929865054,0.11447362719609529,0.5076777608006462,0.026436915524161785,0.3933220209966051,0.7288827417971027,0.04430287455284498,0.20714843929865054,0.11447362719609529,0.5076777608006462,0.026436915524161785,0.3933220209966051,0.7288827417971027
0.07078025981954124,0.20440494725856986,0.08916678206946624,0.513715059345063,0.05645802948088771,0.36499541847853667,0.7389056924587791,0.07078025981954124,0.20440494725856986,0.08916678206946624,0.513715059345063,0.05645802948088771,0.36499541847853667,0.7389056924587791
0.20822066027841077,0.19670632048446274,0.07447469921951655,0.4864397989656713,0.06732365489272292,0.33474031136211785,0.7492547249674256,0.20822066027841077,0.19670632048446274,0.07447469921951655,0.4864397989656713,0.06732365489272292,0.33474031136211785,0.7492547249674256
0.041569414464462315,0.19815314273201579,0.08559350422934002,0.5276371308961655,0.02716841859132432,0.35382218514514263,0.7407793840998046,0.041569414464462315,0.19815314273201579,0.08559350422934002,0.5276371308961655,0.02716841859132432,0.35382218514514263,0.7407793840998046
0.025654034971058177,0.1819561130758295,0.07062101647998144,0.5182268463190549,0.12430962989454548,0.31294200250145765,0.7617655929752168,0.025654034971058177,0.1819561130758295,0.07062101647998144,0.5182268463190549,0.12430962989454548,0.31294200250145765,0.7617655929752168
0.03607641521337002,0.34961675581092216,0.06995277471792158,0.5217759939011252,0.011774742344528532,0.3143252055264585,0.7080821028900048,0.03607641521337002,0.34961675581092216,0.06995277471792158,0.5217759939011252,0.011774742344528532,0.3143252055264585,0.7080821028900048
0.07486125929698335,0.20782055761721505,0.08899608961348907,0.5195696247566215,0.08547494347341203,0.3383973867992958,0.743549629990158,0.07486125929698335,0.20782055761721505,0.08899608961348907,0.5195696247566215,0.08547494347341203,0.3383973867992958,0.743549629990158
0.04408976813841907,0.20557575487294355,0.08756588729032029,0.5124278602759202,0.11671911231705241,0.3365206146224388,0.7484311318528297,0.04408976813841907,0.20557575487294355,0.08756588729032029,0.5124278602759202,0.11671911231705241,0.3365206146224388,0.7484311318528297
0.08397600950921842,0.24373349875053285,0.06684185231261486,0.46819132515238293,0.06770540632159802,0.321257798187434,0.7770014260792614,0.08397600950921842,0.24373349875053285,0.06684185231261486,0.46819132515238293,0.06770540632159802,0.321257798187434,0.7770014260792614
0.08503772891595132,0.24576702734045394,0.07131577589421674,0.5196960334834513,0.01050841099807082,0.3763286840232731,0.7189934419125227,0.08503772891595132,0.24576702734045394,0.07131577589421674,0.5196960334834513,0.01050841099807082,0.3763286840232731,0.7189934419125227
0.024618728635082653,0.2948852324774103,0.06240852303952944,0.51621117969392,0.012420244287395493,0.3650741665935692,0.7140939910512061,0.024618728635082653,0.2948852324774103,0.06240852303952944,0.51621117969392,0.012420244287395493,0.3650741665935692,0.7140939910512061
0.04369270628116166,0.26075608729840916,0.08697520364133747,0.5146449228622638,0.05895603450926557,0.3335241823828671,0.7377255121341462,0.04369270628116166,0.26075608729840916,0.08697520364133747,0.5146449228622638,0.05895603450926557,0.3335241823828671,0.7377255121341462
0.09909318132450434,0.20012045033661172,0.08550929149821994,0.48360678734789136,0.028289005256287015,0.3631763667781244,0.7601826513846565,0.09909318132450434,0.20012045033661172,0.08550929149821994,0.48360678734789136,0.028289005256287015,0.3631763667781244,0.7601826513846565
0.10284158622066807,0.20651570294526325,0.08820842622688319,0.4855563660813299,0.056219445675648586,0.3359404154920304,0.7669761217867257,0.10284158622066807,0.20651570294526325,0.08820842622688319,0.4855563660813299,0.056219445675648586,0.3359404154920304,0.7669761217867257
0.026749664073622108,0.1911987372500799,0.18549201954062197,0.4685551864703434,0.07056858023613262,0.31747374540761536,0.7771117468933181,0.026749664073622108,0.1911987372500799,0.18549201954062197,0.4685551864703434,0.07056858023613262,0.31747374540761536,0.7771117468933181
0.041778799767478184,0.19841135874106502,0.11567299732844694,0.47241141977693424,0.02643084964250489,0.35470324396099456,0.7727438451558734,0.041778799767478184,0.19841135874106502,0.11567299732844694,0.47241141977693424,0.02643084964250489,0.35470324396099456,0.7727438451558734
0.07937517804521597,0.233339104650374,0.0892403809999925,0.5185835624887083,0.055766271707164874,0.3352313904351154,0.740383430928495,0.07937517804521597,0.233339104650374,0.0892403809999925,0.5185835624887083,0.055766271707164874,0.3352313904351154,0.740383430928495
0.026027608412207526,0.18463598099451253,0.07136585197656917,0.46634125601923854,0.07088641051505426,0.4903016901169187,0.7059250509109393,0.026027608412207526,0.18463598099451253,0.07136585197656917,0.46634125601923854,0.07088641051505426,0.4903016901169187,0.7059250509109393
0.08314418843025001,0.18726114516744918,0.07255088625140989,0.5425348695589489,0.1280802994059759,0.3290917151952094,0.7312474509528085,0.08314418843025001,0.18726114516744918,0.07255088625140989,0.5425348695589489,0.1280802994059759,0.3290917151952094,0.7312474509528085
0.04160756056907958,0.1980743958076984,0.11355333013413944,0.5286260746895175,0.027476495074361177,0.3266556975263541,0.7490055824474087,0.04160756056907958,0.1980743958076984,0.11355333013413944,0.5286260746895175,0.027476495074361177,0.3266556975263541,0.7490055824474087
0.07194107138967644,0.2371470399087415,0.08950124776562383,0.48975695376732464,0.058918347086996316,0.36946854956960556,0.74342627080659,0.07194107138967644,0.2371470399087415,0.08950124776562383,0.48975695376732464,0.058918347086996316,0.36946854956960556,0.74342627080659
0.02679068387688219,0.188004269727738,0.18846141001288852,0.4692407406955523,0.010523708152448196,0.4369335661136278,0.720275975591416,0.02679068387688219,0.188004269727738,0.18846141001288852,0.4692407406955523,0.010523708152448196,0.4369335661136278,0.720275975591416
0.027785089694754614,0.18908681285172005,0.07286233914100793,0.5110781629080684,0.01219624857217521,0.46751958009727057,0.6923155428975564,0.027785089694754614,0.18908681285172005,0.07286233914100793,0.5110781629080684,0.01219624857217521,0.46751958009727057,0.6923155428975564
0.04197907511405168,0.20287298397949682,0.14520171883002572,0.4801154948834507,0.025402995703458164,0.33029858184107697,0.7726131841467128,0.04197907511405168,0.20287298397949682,0.14520171883002572,0.4801154948834507,0.025402995703458164,0.33029858184107697,0.7726131841467128
0.09926503924985285,0.207257805008584,0.117681249199258,0.519873708019583,0.027691153755465183,0.33675579164683195,0.7417580662672737,0.09926503924985285,0.207257805008584,0.117681249199258,0.519873708019583,0.027691153755465183,0.33675579164683195,0.7417580662672737
0.016879024969221095,0.15745950512848977,0.05009441892907556,0.6331054759684251,0.011995427437279407,0.2972871782770669,0.6960822955270283,0.016879024969221095,0.15745950512848977,0.05009441892907556,0.6331054759684251,0.011995427437279407,0.2972871782770669,0.6960822955270283
0.0820196224148354,0.1865579631308645,0.07418415983229613,0.6057648619020031,0.012912314410351455,0.312160835380653,0.6995393004552077,0.0820196224148354,0.1865579631308645,0.07418415983229613,0.6057648619020031,0.012912314410351455,0.312160835380653,0.6995393004552077
0.14715281224920732,0.19348156255165092,0.13492668603287464,0.48039232683122823,0.01079875135674998,0.3888570146053037,0.7363695903165863,0.14715281224920732,0.19348156255165092,0.13492668603287464,0.48039232683122823,0.01079875135674998,0.3888570146053037,0.7363695903165863
0.02730238816244152,0.1854579622452855,0.1252486009554722,0.5155652318247752,0.06785853670434747,0.3118290024099196,0.7640566716975354,0.02730238816244152,0.1854579622452855,0.1252486009554722,0.5155652318247752,0.06785853670434747,0.3118290024099196,0.7640566716975354
0.08422200785471962,0.1883224930407127,0.06881084336258672,0.5211467543236445,0.068682123169437,0.31139551195770976,0.7617785763847935,0.08422200785471962,0.1883224930407127,0.06881084336258672,0.5211467543236445,0.068682123169437,0.31139551195770976,0.7617785763847935
0.026616819850053784,0.1865742604758197,0.24551146875761304,0.4622684187770365,0.013307209301850403,0.3151807290301939,0.7697857556335083,0.026616819850053784,0.1865742604758197,0.24551146875761304,0.4622684187770365,0.013307209301850403,0.3151807290301939,0.7697857556335083
0.15049127454139546,0.1971213833491205,0.07865977547297867,0.4910214989736521,0.13419768563112827,0.3341269998693982,0.7502821978921634,0.15049127454139546,0.1971213833491205,0.07865977547297867,0.4910214989736521,0.13419768563112827,0.3341269998693982,0.7502821978921634
0.04460958665167348,0.20548894225851916,0.1164936426248491,0.4830543344326589,0.025522398435767056,0.4224958693047769,0.7286525908298244,0.04460958665167348,0.20548894225851916,0.1164936426248491,0.4830543344326589,0.025522398435767056,0.4224958693047769,0.7286525908298244
0.04267507390374855,0.23093977173357083,0.11272739467274463,0.47705394975033655,0.026982558383168667,0.3295966046899437,0.7720627198217163,0.04267507390374855,0.23093977173357083,0.11272739467274463,0.47705394975033655,0.026982558383168667,0.3295966046899437,0.7720627198217163
0.027898385304434437,0.23295900233765088,0.06806407089931224,0.5062921892367911,0.010685347664609638,0.3597606174065958,0.7454505773701473,0.027898385304434437,0.23295900233765088,0.06806407089931224,0.5062921892367911,0.010685347664609638,0.3597606174065958,0.7454505773701473
0.07279342212377717,0.20497365426403166,0.1443386858219209,0.5188483376401737,0.0267847293315647,0.336930199731382,0.7413848391824202,0.07279342212377717,0.20497365426403166,0.1443386858219209,0.5188483376401737,0.0267847293315647,0.336930199731382,0.7413848391824202
0.0421009030398553,0.25771938363313623,0.08659128703911054,0.536505751799737,0.026247367699018597,0.33327199179375566,0.7257317896108758,0.0421009030398553,0.25771938363313623,0.08659128703911054,0.536505751799737,0.026247367699018597,0.33327199179375566,0.7257317896108758
0.028254894220409915,0.20001202208162752,0.1969036788652749,0.5330859368929982,0.07401900890084699,0.32105654050678084,0.7275405794919491,0.028254894220409915,0.20001202208162752,0.1969036788652749,0.5330859368929982,0.07401900890084699,0.32105654050678084,0.7275405794919491
0.04283452423232259,0.22872833182500732,0.08656871241843905,0.5611494328539222,0.026880655226272372,0.327047346343695,0.7193522931430951,0.04283452423232259,0.22872833182500732,0.08656871241843905,0.5611494328539222,0.026880655226272372,0.327047346343695,0.7193522931430951
0.04338396814474284,0.2026138785681959,0.08434461548062427,0.5077605898947578,0.025676950713437986,0.4155818180691068,0.7211793839252004,0.04338396814474284,0.2026138785681959,0.08434461548062427,0.5077605898947578,0.025676950713437986,0.4155818180691068,0.7211793839252004
0.04132832792061636,0.1987370555689231,0.08860514217532729,0.5555869495631377,0.02793949112297746,0.35847014707522856,0.7174100109944522,0.04132832792061636,0.1987370555689231,0.08860514217532729,0.5555869495631377,0.02793949112297746,0.35847014707522856,0.7174100109944522
0.041209783626484586,0.22519778191664497,0.08638302397607316,0.4689691852071114,0.026534954851816766,0.3220261012061509,0.7858189064322875,0.041209783626484586,0.22519778191664497,0.08638302397607316,0.4689691852071114,0.026534954851816766,0.3220261012061509,0.7858189064322875
0.07103280732543846,0.20121504823925482,0.08894349986174391,0.5049201118184807,0.026509684066137372,0.3617492309702194,0.7492662233063102,0.07103280732543846,0.20121504823925482,0.08894349986174391,0.5049201118184807,0.026509684066137372,0.3617492309702194,0.7492662233063102
0.06844059023406861,0.19849748479019652,0.08575324164835406,0.4703907452331489,0.027424156091473386,0.3532067357344195,0.7770720387097935,0.06844059023406861,0.19849748479019652,0.08575324164835406,0.4703907452331489,0.027424156091473386,0.3532067357344195,0.7770720387097935
0.04300364138024634,0.23801604839093804,0.12005350883081324,0.490491129355662,0.05533216007978614,0.3691593169957553,0.7407620434421399,0.04300364138024634,0.23801604839093804,0.12005350883081324,0.490491129355662,0.05533216007978614,0.3691593169957553,0.7407620434421399
0.025325792437700213,0.24430171861822164,0.07189225046878372,0.45404610931095546,0.0637349969654017,0.37301345795083596,0.7660144929692114,0.025325792437700213,0.24430171861822164,0.07189225046878372,0.45404610931095546,0.0637349969654017,0.37301345795083596,0.7660144929692114
0.04288954747284781,0.2003873345118645,0.0850756035514113,0.5417121748443601,0.0551176152005587,0.35624772150688944,0.7270460986539936,0.04288954747284781,0.2003873345118645,0.0850756035514113,0.5417121748443601,0.0551176152005587,0.35624772150688944,0.7270460986539936
0.04158592982777416,0.2021752942218702,0.1461635042789397,0.5078495238761268,0.02791614714423678,0.33355010065575247,0.753449208942982,0.04158592982777416,0.2021752942218702,0.1461635042789397,0.5078495238761268,0.02791614714423678,0.33355010065575247,0.753449208942982
0.02478645859853444,0.17627785526988052,0.123722407392063,0.6055143306665219,0.013362034139976747,0.3120362393093092,0.6998602600839025,0.02478645859853444,0.17627785526988052,0.123722407392063,0.6055143306665219,0.013362034139976747,0.3120362393093092,0.6998602600839025
0.07326272606692799,0.20224726138441165,0.08548630566214901,0.4799558034158674,0.02775696368113563,0.389555925670962,0.7517618744387335,0.07326272606692799,0.20224726138441165,0.08548630566214901,0.4799558034158674,0.02775696368113563,0.389555925670962,0.7517618744387335
6.376842239348225e-18,6.092660093686957e-17,1.000442021379854,0.0,0.0,0.0,0.0,6.376842239348225e-18,6.092660093686957e-17,1.000442021379854,0.0,0.0,0.0,0.0
0.027192067157577056,0.1825657582445181,0.07221760395023016,0.5970033395791924,0.011772936566356421,0.3583405038607876,0.6908240433065688,0.027192067157577056,0.1825657582445181,0.07221760395023016,0.5970033395791924,0.011772936566356421,0.3583405038607876,0.6908240433065688
0.024671444847814496,0.17162350018504427,0.11706555367462525,0.4363875884707741,0.009644190385001822,0.2934850266017144,0.825014157141777,0.024671444847814496,0.17162350018504427,0.11706555367462525,0.4363875884707741,0.009644190385001822,0.2934850266017144,0.825014157141777
0.07230815730208982,0.2337659080319742,0.08835162875145348,0.5140070981993398,0.026901143040589125,0.3632847096891066,0.7323843736706107,0.07230815730208982,0.2337659080319742,0.08835162875145348,0.5140070981993398,0.026901143040589125,0.3632847096891066,0.7323843736706107
0.028108495579212883,0.19201781266908532,0.13079839146507222,0.5353109349049819,0.12981847967859697,0.32332540710548674,0.7338530956386096,0.028108495579212883,0.19201781266908532,0.13079839146507222,0.5353109349049819,0.12981847967859697,0.32332540710548674,0.7338530956386096
0.028342635640947307,0.18692673396213588,0.12593233892735156,0.5699635288746707,0.013412031484177894,0.3673308240039489,0.7000710731131815,0.028342635640947307,0.18692673396213588,0.12593233892735156,0.5699635288746707,0.013412031484177894,0.3673308240039489,0.7000710731131815
0.024854526229078494,0.23418281584743947,0.06886799820971977,0.4528705546843118,0.010630575898819963,0.4213628910650617,0.7472544026773409,0.024854526229078494,0.23418281584743947,0.06886799820971977,0.4528705546843118,0.010630575898819963,0.4213628910650617,0.7472544026773409
0.040617264852985176,0.19845817137223906,0.08651263974859096,0.4995577906571472,0.05680779395436104,0.32523551350271696,0.7706784420138844,0.040617264852985176,0.19845817137223906,0.08651263974859096,0.4995577906571472,0.05680779395436104,0.32523551350271696,0.7706784420138844
0.04253844236772407,0.20317113944782028,0.11682878192682727,0.5414084678066585,0.056758347709415596,0.33677933613346783,0.731105097978951,0.04253844236772407,0.20317113944782028,0.11682878192682727,0.5414084678066585,0.056758347709415596,0.33677933613346783,0.731105097978951
0.07924157040458628,0.18146213616469162,0.1271452104241257,0.4754635843183999,0.07824403572391032,0.3228643060994222,0.7802782351185735,0.07924157040458628,0.18146213616469162,0.1271452104241257,0.4754635843183999,0.07824403572391032,0.3228643060994222,0.7802782351185735
0.07132773509746794,0.26949314086474196,0.12128443202376231,0.49248700029707704,0.030303220800163736,0.34056000299208994,0.7412308922447993,0.07132773509746794,0.26949314086474196,0.12128443202376231,0.49248700029707704,0.030303220800163736,0.34056000299208994,0.7412308922447993
0.04288461965465607,0.19775785000682572,0.08471091955788043,0.5063528963812832,0.05609632891807168,0.35997018279316273,0.7510073150822844,0.04288461965465607,0.19775785000682572,0.08471091955788043,0.5063528963812832,0.05609632891807168,0.35997018279316273,0.7510073150822844
0.08292115178602588,0.18097964347128914,0.07044486743863825,0.5226932499154389,0.010097412284305206,0.4278169485108525,0.7074104978448535,0.08292115178602588,0.18097964347128914,0.07044486743863825,0.5226932499154389,0.010097412284305206,0.4278169485108525,0.7074104978448535
0.02960061532763238,0.24300589542929243,0.13025579051233604,0.4736680029270973,0.07047527105667016,0.3191578983072467,0.7704164758497688,0.02960061532763238,0.24300589542929243,0.13025579051233604,0.4736680029270973,0.07047527105667016,0.3191578983072467,0.7704164758497688
0.04374187314746884,0.2278877188127504,0.11554284561008756,0.48158779982110816,0.02803683664455792,0.36243604931434037,0.7548310429003882,0.04374187314746884,0.2278877188127504,0.11554284561008756,0.48158779982110816,0.02803683664455792,0.36243604931434037,0.7548310429003882
0.02453146719367382,0.2909332696897692,0.06968056924059322,0.5081740520451697,0.009401035075999167,0.30685723240831797,0.747465636492785,0.02453146719367382,0.2909332696897692,0.06968056924059322,0.5081740520451697,0.009401035075999167,0.30685723240831797,0.747465636492785
0.10069257883544691,0.20365449241073816,0.09013012280667124,0.5155223015245283,0.027768358909835637,0.36625502575048374,0.73539145090297,0.10069257883544691,0.20365449241073816,0.09013012280667124,0.5155223015245283,0.027768358909835637,0.36625502575048374,0.73539145090297
0.03371266803410664,0.19868951413174235,0.0849714994329291,0.5629571532757613,0.05621650606872093,0.3280332464869811,0.7249164458858692,0.03371266803410664,0.19868951413174235,0.0849714994329291,0.5629571532757613,0.05621650606872093,0.3280332464869811,0.7249164458858692
0.2068316684317079,0.19013123043632887,0.07118042905521685,0.5325321796330332,0.010905322262722538,0.31725132014909846,0.729974810302685,0.2068316684317079,0.19013123043632887,0.07118042905521685,0.5325321796330332,0.010905322262722538,0.31725132014909846,0.729974810302685
0.02620494265268313,0.1851621120659972,0.24822769923430998,0.5374948798048251,0.014607290145902702,0.32044708756299994,0.7165051722894569,0.02620494265268313,0.1851621120659972,0.24822769923430998,0.5374948798048251,0.014607290145902702,0.32044708756299994,0.7165051722894569
0.03394122715331085,0.18713009023443286,0.07125222700671069,0.5812768314059666,0.11690340442822347,0.31160608714909876,0.7160753183912703,0.03394122715331085,0.18713009023443286,0.07125222700671069,0.5812768314059666,0.11690340442822347,0.31160608714909876,0.7160753183912703
0.02331431275195061,0.24575004005712606,0.18383432574490177,0.534905583019866,0.008527041405662359,0.3217178730572727,0.7194829394114446,0.02331431275195061,0.24575004005712606,0.18383432574490177,0.534905583019866,0.008527041405662359,0.3217178730572727,0.7194829394114446
0.04096647082030134,0.20699087528332752,0.1511408340172856,0.491841191867363,0.05539427558238895,0.3688175494420787,0.7435600537814366,0.04096647082030134,0.20699087528332752,0.1511408340172856,0.491841191867363,0.05539427558238895,0.3688175494420787,0.7435600537814366
0.04083169715878039,0.2316988497799068,0.09329365204512625,0.4816017981261967,0.028605650010700468,0.41371680469748034,0.7303282832267053,0.04083169715878039,0.2316988497799068,0.09329365204512625,0.4816017981261967,0.028605650010700468,0.41371680469748034,0.7303282832267053
2.6155283410809643e-18,3.318440566667796e-17,7.882993175282535e-18,5.0818461876644466e-17,1.000440501566601,0.0,0.0,2.6155283410809643e-18,3.318440566667796e-17,7.882993175282535e-18,5.0818461876644466e-17,1.000440501566601,0.0,0.0
0.08701321645499076,0.25545445157965085,0.19358540103850574,0.48251576496586696,0.01185439074041298,0.3241772958511338,0.7434011208690443,0.08701321645499076,0.25545445157965085,0.19358540103850574,0.48251576496586696,0.01185439074041298,0.3241772958511338,0.7434011208690443
0.027280410646947535,0.18739076714221323,0.06878906699723264,0.6088044302806455,0.057625266692911924,0.31021293293591307,0.7002707798049335,0.027280410646947535,0.18739076714221323,0.06878906699723264,0.6088044302806455,0.057625266692911924,0.31021293293591307,0.7002707798049335
0.1016883522914007,0.3021148127229467,0.07055609096007684,0.4863038369968311,0.07342093448942212,0.3269214341317652,0.7390659084068634,0.1016883522914007,0.3021148127229467,0.07055609096007684,0.4863038369968311,0.07342093448942212,0.3269214341317652,0.7390659084068634
0.023495271928948576,0.30072120009912834,0.07071199728992981,0.4571090301222175,0.06514244665187473,0.3134728005308244,0.7713521397213129,0.023495271928948576,0.30072120009912834,0.07071199728992981,0.4571090301222175,0.06514244665187473,0.3134728005308244,0.7713521397213129
0.041506901847202377,0.2252583337077531,0.08640804469220986,0.5308647722291292,0.02687491233917132,0.33063078433366955,0.7410622008000631,0.041506901847202377,0.2252583337077531,0.08640804469220986,0.5308647722291292,0.02687491233917132,0.33063078433366955,0.7410622008000631
0.042567753137043814,0.19956338581580252,0.11316955526881581,0.4744393262094768,0.028439179460652907,0.3888179032168408,0.7548438015401493,0.042567753137043814,0.19956338581580252,0.11316955526881581,0.4744393262094768,0.028439179460652907,0.3888179032168408,0.7548438015401493
0.040297606044693096,0.19446639798526483,0.07609656570279748,0.4590206950917128,0.025935566109048142,0.3145346643823583,0.803712783595679,0.040297606044693096,0.19446639798526483,0.07609656570279748,0.4590206950917128,0.025935566109048142,0.3145346643823583,0.803712783595679
0.028418246746532587,0.3058492238927082,0.07121136901054317,0.4703120387456884,0.07338451851342571,0.37348764605500934,0.7320704913059891,0.028418246746532587,0.3058492238927082,0.07121136901054317,0.4703120387456884,0.07338451851342571,0.37348764605500934,0.7320704913059891
0.04190426403442859,0.1993410787021168,0.0855981111443917,0.4727801343764322,0.026174541391649576,0.4137446598829428,0.7467164744129713,0.04190426403442859,0.1993410787021168,0.0855981111443917,0.4727801343764322,0.026174541391649576,0.4137446598829428,0.7467164744129713
0.07516863452522421,0.20315609582404554,0.08632081927103435,0.5427831144548798,0.05670470408489398,0.33600076271528906,0.7322725529785503,0.07516863452522421,0.20315609582404554,0.08632081927103435,0.5427831144548798,0.05670470408489398,0.33600076271528906,0.7322725529785503
0.02923713241497048,0.19667416251668576,0.13720151740834083,0.4852237377050031,0.19625951947586967,0.3340614229823691,0.7464480677741101,0.02923713241497048,0.19667416251668576,0.13720151740834083,0.4852237377050031,0.19625951947586967,0.3340614229823691,0.7464480677741101
0.07235147049104494,0.23350363411645775,0.11722517973299702,0.5138445177212309,0.0273270801343149,0.3389694163194914,0.7403801324584154,0.07235147049104494,0.23350363411645775,0.11722517973299702,0.5138445177212309,0.0273270801343149,0.3389694163194914,0.7403801324584154
0.08655425793639625,0.2503155511776883,0.13219648325722436,0.4775585237836948,0.012203132372481242,0.3852620865627744,0.7328232583585528,0.08655425793639625,0.2503155511776883,0.13219648325722436,0.4775585237836948,0.012203132372481242,0.3852620865627744,0.7328232583585528
0.039724363230350224,0.20494172038269606,0.11653918114515605,0.48332444641924477,0.05893009980090987,0.3291744343850396,0.7739276969133527,0.039724363230350224,0.20494172038269606,0.11653918114515605,0.48332444641924477,0.05893009980090987,0.3291744343850396,0.7739276969133527
0.04288484368175212,0.1999018178932902,0.08676631286854085,0.4780242034700374,0.027305860232253648,0.4453999445360864,0.7239680300256218,0.04288484368175212,0.1999018178932902,0.08676631286854085,0.4780242034700374,0.027305860232253648,0.4453999445360864,0.7239680300256218
0.1340508086712209,0.2066654395268355,0.11794947243665671,0.49733108818782495,0.026342255426431614,0.34378311895096236,0.748524659586275,0.1340508086712209,0.2066654395268355,0.11794947243665671,0.49733108818782495,0.026342255426431614,0.34378311895096236,0.748524659586275
0.04381663153966461,0.20529941140731886,0.0865329063127149,0.5132353355216006,0.08462979539575,0.36492252447013707,0.7388209398230914,0.04381663153966461,0.20529941140731886,0.0865329063127149,0.5132353355216006,0.08462979539575,0.36492252447013707,0.7388209398230914
0.08050848865792203,0.18129241254585687,0.07294019743395852,0.571986155410732,0.009722879584484312,0.3694856782349232,0.7019081115548075,0.08050848865792203,0.18129241254585687,0.07294019743395852,0.571986155410732,0.009722879584484312,0.3694856782349232,0.7019081115548075
0.02666226819192972,0.19161199530237982,0.12853040198842608,0.5289833478847393,0.06850715013203154,0.3781634041289979,0.7209337615170285,0.02666226819192972,0.19161199530237982,0.12853040198842608,0.5289833478847393,0.06850715013203154,0.3781634041289979,0.7209337615170285
0.02796562738561785,0.29128645546683946,0.07040233914102098,0.4575905838537829,0.0106019768826194,0.3650737364900904,0.7532040262009949,0.02796562738561785,0.29128645546683946,0.07040233914102098,0.4575905838537829,0.0106019768826194,0.3650737364900904,0.7532040262009949
0.0891402443051579,0.24468174562012635,0.06806331355932414,0.4664993819119236,0.011122322331492808,0.4381999417827011,0.720439895491631,0.0891402443051579,0.24468174562012635,0.06806331355932414,0.4664993819119236,0.011122322331492808,0.4381999417827011,0.720439895491631
3.2002117827491215e-18,3.9411052102845756e-17,1.3374584004781617e-17,3.521918957507417e-17,8.477609694210609e-19,2.7711510837900653e-17,1.0002653766065563,3.2002117827491215e-18,3.9411052102845756e-17,1.3374584004781617e-17,3.521918957507417e-17,8.477609694210609e-19,2.7711510837900653e-17,1.0002653766065563
0.08153705355665401,0.18199839095526377,0.12714967441228545,0.4633255023126003,0.009260907848344128,0.37459549935843744,0.7680541391636171,0.08153705355665401,0.18199839095526377,0.12714967441228545,0.4633255023126003,0.009260907848344128,0.37459549935843744,0.7680541391636171
0.04339759968596701,0.2044958729067515,0.14742586150017015,0.4850665062024496,0.05428587889969461,0.3350243482558032,0.7650601592858128,0.04339759968596701,0.2044958729067515,0.14742586150017015,0.4850665062024496,0.05428587889969461,0.3350243482558032,0.7650601592858128
0.07006918509801024,0.22638602643445008,0.08565124765526357,0.5076189597384388,0.028066942241809195,0.33018034443730426,0.7550931528428748,0.07006918509801024,0.22638602643445008,0.08565124765526357,0.5076189597384388,0.028066942241809195,0.33018034443730426,0.7550931528428748
0.07226917786303064,0.20312840331648319,0.12136212060961894,0.5190833432717524,0.05688549544309064,0.33754624992655957,0.7439715273141474,0.07226917786303064,0.20312840331648319,0.12136212060961894,0.5190833432717524,0.05688549544309064,0.33754624992655957,0.7439715273141474
0.04330217880807822,0.234979211475841,0.17775453123788987,0.4929195052609145,0.025442485116216076,0.3396632786305717,0.7440501885740617,0.04330217880807822,0.234979211475841,0.17775453123788987,0.4929195052609145,0.025442485116216076,0.3396632786305717,0.7440501885740617
0.0736603016252703,0.2142734864751864,0.1218076489959218,0.48714210145694015,0.05935583215602228,0.36968352460748466,0.7467274303699655,0.0736603016252703,0.2142734864751864,0.1218076489959218,0.48714210145694015,0.05935583215602228,0.36968352460748466,0.7467274303699655
0.14108919602040526,0.1841228249096614,0.07104174664230245,0.5153645014466331,0.010375770749243786,0.3126077700965694,0.7605507510460954,0.14108919602040526,0.1841228249096614,0.07104174664230245,0.5153645014466331,0.010375770749243786,0.3126077700965694,0.7605507510460954
0.08426650016738159,0.18989921041031782,0.07545410660380394,0.4761243063712944,0.06390771526913494,0.44353706114173064,0.7248302526600847,0.08426650016738159,0.18989921041031782,0.07545410660380394,0.4761243063712944,0.06390771526913494,0.44353706114173064,0.7248302526600847
0.07258209165191111,0.20512942783898921,0.14740036335198367,0.48155609723619563,0.027817317771885883,0.3331900566495165,0.7673005411708722,0.07258209165191111,0.20512942783898921,0.14740036335198367,0.48155609723619563,0.027817317771885883,0.3331900566495165,0.7673005411708722
0.08276083341153968,0.18241939579097574,0.0709344809974398,0.4608472304376154,0.013396982402061506,0.48051015791229235,0.7158741567625553,0.08276083341153968,0.18241939579097574,0.0709344809974398,0.4608472304376154,0.013396982402061506,0.48051015791229235,0.7158741567625553
0.07302275014943414,0.2077181486162388,0.11829631097777916,0.5435525102805502,0.027661569963329642,0.33631794358940403,0.7274924294804069,0.07302275014943414,0.2077181486162388,0.11829631097777916,0.5435525102805502,0.027661569963329642,0.33631794358940403,0.7274924294804069
0.025552660914897874,0.23825991856824932,0.08138090339290639,0.512685707590134,0.06623219807362259,0.31001434300828323,0.7575810751532055,0.025552660914897874,0.23825991856824932,0.08138090339290639,0.512685707590134,0.06623219807362259,0.31001434300828323,0.7575810751532055
0.09101970354566088,0.25581866795120994,0.07352355175005289,0.4858067851824632,0.13327433970832103,0.3275526834584122,0.7490448957529611,0.09101970354566088,0.25581866795120994,0.07352355175005289,0.4858067851824632,0.13327433970832103,0.3275526834584122,0.7490448957529611
0.02495720430774175,0.2996648537266508,0.13063296764241075,0.5288925319337138,0.011358653749656958,0.3157375111479144,0.7173412999408443,0.02495720430774175,0.2996648537266508,0.13063296764241075,0.5288925319337138,0.011358653749656958,0.3157375111479144,0.7173412999408443
0.14554442349234137,0.18392216593306845,0.20316435423098939,0.4839584305308293,0.012682567846426886,0.33084088850913174,0.7490041360444049,0.14554442349234137,0.18392216593306845,0.20316435423098939,0.4839584305308293,0.012682567846426886,0.33084088850913174,0.7490041360444049
0.07220171015787384,0.20815069268535605,0.08486592433318507,0.49011652402782435,0.07528189463407077,0.33369605549485276,0.7668591456671318,0.07220171015787384,0.20815069268535605,0.08486592433318507,0.49011652402782435,0.07528189463407077,0.33369605549485276,0.7668591456671318
0.07274781847344468,0.2667510325535889,0.09363456147205104,0.4820272247573027,0.028941511471999335,0.3670520024218234,0.7401295413989903,0.07274781847344468,0.2667510325535889,0.09363456147205104,0.4820272247573027,0.028941511471999335,0.3670520024218234,0.7401295413989903
0.04139283217075783,0.20548070198731302,0.14780314623187507,0.4876673609770393,0.02739034852994872,0.3957080988064734,0.7350815636678343,0.04139283217075783,0.20548070198731302,0.14780314623187507,0.4876673609770393,0.02739034852994872,0.3957080988064734,0.7350815636678343
0.13888224295683466,0.18735633597912418,0.07127292874349575,0.5285566579454946,0.011279481746853724,0.37785628346261846,0.7208775136506709,0.13888224295683466,0.18735633597912418,0.07127292874349575,0.5285566579454946,0.011279481746853724,0.37785628346261846,0.7208775136506709
0.08457012492452849,0.1871761316845406,0.13264782412836085,0.529106351603353,0.01212477794611393,0.377651037701266,0.720191508248782,0.08457012492452849,0.1871761316845406,0.13264782412836085,0.529106351603353,0.01212477794611393,0.377651037701266,0.720191508248782
0.03969728066459122,0.2068825055644341,0.11862565966432101,0.48900013444281465,0.0857004485911254,0.3358828238904141,0.7638874930508213,0.03969728066459122,0.2068825055644341,0.11862565966432101,0.48900013444281465,0.0857004485911254,0.3358828238904141,0.7638874930508213
0.04266826533798663,0.23456800851515405,0.08922647803128758,0.5118566809521328,0.05684673751659318,0.36412672562917303,0.7344995464130388,0.04266826533798663,0.23456800851515405,0.08922647803128758,0.5118566809521328,0.05684673751659318,0.36412672562917303,0.7344995464130388
0.04049875364666539,0.20775750813157168,0.1198121247880278,0.53602978075971,0.028074877022909856,0.36003533263093407,0.7241136865783487,0.04049875364666539,0.20775750813157168,0.1198121247880278,0.53602978075971,0.028074877022909856,0.36003533263093407,0.7241136865783487
0.02494082711116126,0.23439463900315552,0.12731685392096742,0.4472226532141076,0.008200443007197942,0.3000105173717495,0.7994723048510951,0.02494082711116126,0.23439463900315552,0.12731685392096742,0.4472226532141076,0.008200443007197942,0.3000105173717495,0.7994723048510951
0.08585027550171882,0.20090067999822964,0.13767521252543505,0.4951417156038185,0.13308263445233265,0.3328267612003771,0.7487849174471455,0.08585027550171882,0.20090067999822964,0.13767521252543505,0.4951417156038185,0.13308263445233265,0.3328267612003771,0.7487849174471455
0.043506821460771415,0.21412393921850903,0.12208325321735057,0.4958632240581551,0.12804330058690247,0.3439631505401364,0.7469581306724566,0.043506821460771415,0.21412393921850903,0.12208325321735057,0.4958632240581551,0.12804330058690247,0.3439631505401364,0.7469581306724566
0.03184838458665941,0.23103756097483955,0.06745457521193975,0.5557114948036262,0.008997644101474746,0.3022798290725268,0.7365766497692312,0.03184838458665941,0.23103756097483955,0.06745457521193975,0.5557114948036262,0.008997644101474746,0.3022798290725268,0.7365766497692312
0.04163374339104888,0.2568839485479588,0.08707405847112895,0.4753931534667658,0.027667167036951205,0.3567024783805258,0.7563499111124322,0.04163374339104888,0.2568839485479588,0.08707405847112895,0.4753931534667658,0.027667167036951205,0.3567024783805258,0.7563499111124322
0.10365774850796015,0.21143755476752538,0.1199713843027671,0.4820791947072121,0.02482537162824145,0.3334895112662325,0.7660854209712266,0.10365774850796015,0.21143755476752538,0.1199713843027671,0.4820791947072121,0.02482537162824145,0.3334895112662325,0.7660854209712266
0.04251714199237705,0.2346603255629307,0.12051594559348247,0.4871647490661198,0.05420813873022451,0.33692346026911063,0.7587806315128718,0.04251714199237705,0.2346603255629307,0.12051594559348247,0.4871647490661198,0.05420813873022451,0.33692346026911063,0.7587806315128718
0.042567590710987376,0.196932781217166,0.08118623076651281,0.5515686674600978,0.027521408743700817,0.32600911209846023,0.7364974729042226,0.042567590710987376,0.196932781217166,0.08118623076651281,0.5515686674600978,0.027521408743700817,0.32600911209846023,0.7364974729042226
0.04346273215925449,0.26559080699824206,0.08941228016231113,0.4931062724844408,0.08577001361210139,0.3382658702403265,0.7454137944076037,0.04346273215925449,0.26559080699824206,0.08941228016231113,0.4931062724844408,0.08577001361210139,0.3382658702403265,0.7454137944076037
0.041235365143814574,0.26488585818744553,0.12030351287784535,0.5098027671722193,0.028052617172928753,0.3372835761458872,0.7351114792637841,0.041235365143814574,0.26488585818744553,0.12030351287784535,0.5098027671722193,0.028052617172928753,0.3372835761458872,0.7351114792637841
0.0790472458249569,0.17857180061873362,0.12123322470696697,0.4498599800302043,0.008812332179224995,0.3094052316311681,0.8067951780736993,0.0790472458249569,0.17857180061873362,0.12123322470696697,0.4498599800302043,0.008812332179224995,0.3094052316311681,0.8067951780736993
0.040962548034152634,0.25999507333751426,0.08771823129451306,0.5096845776135169,0.030506944451356162,0.361916138314614,0.7296842277824278,0.040962548034152634,0.25999507333751426,0.08771823129451306,0.5096845776135169,0.030506944451356162,0.361916138314614,0.7296842277824278
0.043037946129423056,0.23037215151377843,0.08731561952487983,0.5093761146042874,0.026913021875447047,0.38980806396926854,0.725674979632601,0.043037946129423056,0.23037215151377843,0.08731561952487983,0.5093761146042874,0.026913021875447047,0.38980806396926854,0.725674979632601
0.027957975839732967,0.31079024747486805,0.12835353563519758,0.4548308041628875,0.012547137074935018,0.315097418639088,0.7621662329076767,0.027957975839732967,0.31079024747486805,0.12835353563519758,0.4548308041628875,0.012547137074935018,0.315097418639088,0.7621662329076767
7.638206145175482e-18,6.078160423642694e-17,2.501387666717266e-19,1.0004544654498062,0.0,0.0,0.0,7.638206145175482e-18,6.078160423642694e-17,2.501387666717266e-19,1.0004544654498062,0.0,0.0,0.0
0.027297429235068216,0.3644126869645744,0.12838391688398765,0.46956810048979586,0.006573506046233877,0.31895195044774755,0.7275132445936038,0.027297429235068216,0.3644126869645744,0.12838391688398765,0.46956810048979586,0.006573506046233877,0.31895195044774755,0.7275132445936038
0.025901483895802716,0.18343276126771205,0.06858768425972837,0.4559988337093562,0.06609693914849185,0.42240794822702576,0.7558913168904984,0.025901483895802716,0.18343276126771205,0.06858768425972837,0.4559988337093562,0.06609693914849185,0.42240794822702576,0.7558913168904984
0.07384148079051316,0.22880278295566575,0.11524378994671051,0.48678934933823076,0.02753928634070654,0.33673029568856877,0.7607459872050345,0.07384148079051316,0.22880278295566575,0.11524378994671051,0.48678934933823076,0.02753928634070654,0.33673029568856877,0.7607459872050345
0.08316762034299026,0.24131301586975595,0.0703714634866604,0.510255970964629,0.010456168128307073,0.31351323043824164,0.7565398662192748,0.08316762034299026,0.24131301586975595,0.0703714634866604,0.510255970964629,0.010456168128307073,0.31351323043824164,0.7565398662192748
0.08192350756058024,0.18587374082747343,0.07193573722760656,0.5825174357898739,0.0684414013365919,0.3153811272654801,0.7150321122344483,0.08192350756058024,0.18587374082747343,0.07193573722760656,0.5825174357898739,0.0684414013365919,0.3153811272654801,0.7150321122344483
0.0865031616137051,0.24972304881461868,0.07287452659143638,0.5341234281016813,0.06644677033803381,0.32750167624812776,0.7271771049468272,0.0865031616137051,0.24972304881461868,0.07287452659143638,0.5341234281016813,0.06644677033803381,0.32750167624812776,0.7271771049468272
0.07147199742072147,0.23477368453287656,0.08849530931129833,0.4868957670210812,0.024591341649796913,0.3942762761949882,0.7353352176446261,0.07147199742072147,0.23477368453287656,0.08849530931129833,0.4868957670210812,0.024591341649796913,0.3942762761949882,0.7353352176446261
0.04088346722477712,0.19597770039950677,0.11436535804657795,0.5001192222101214,0.023564135279604024,0.32433853295087206,0.769300229872553,0.04088346722477712,0.19597770039950677,0.11436535804657795,0.5001192222101214,0.023564135279604024,0.32433853295087206,0.769300229872553
0.025822144839310793,0.18368742702896124,0.07137495826140523,0.46458305155975255,0.19620969694445714,0.31842474633368084,0.7794798133853582,0.025822144839310793,0.18368742702896124,0.07137495826140523,0.46458305155975255,0.19620969694445714,0.31842474633368084,0.7794798133853582
0.02227800259529682,0.2501542065746858,0.1338364149863945,0.4912458093335344,0.13194423397079397,0.33066455689172924,0.7428767944358803,0.02227800259529682,0.2501542065746858,0.1338364149863945,0.4912458093335344,0.13194423397079397,0.33066455689172924,0.7428767944358803
0.149993422784744,0.19144331694314065,0.07589910337531797,0.48735219304806887,0.07093492502809091,0.3857453406034749,0.7386117716509487,0.149993422784744,0.19144331694314065,0.07589910337531797,0.48735219304806887,0.07093492502809091,0.3857453406034749,0.7386117716509487
0.044004360224454295,0.22898167820049217,0.0865940472220649,0.477282984002361,0.02784620022930048,0.3873079446056943,0.7487042522753734,0.044004360224454295,0.22898167820049217,0.0865940472220649,0.477282984002361,0.02784620022930048,0.3873079446056943,0.7487042522753734
0.08303056545709642,0.3658027738519673,0.07430667875986055,0.47228999445083114,0.013377472127717978,0.32931898659687225,0.7232456963443886,0.08303056545709642,0.3658027738519673,0.07430667875986055,0.47228999445083114,0.013377472127717978,0.32931898659687225,0.7232456963443886
0.07158056866977337,0.23192566369434015,0.08788983266359919,0.480562609568292,0.02725921564090222,0.3606081777423952,0.7568329306984876,0.07158056866977337,0.23192566369434015,0.08788983266359919,0.480562609568292,0.02725921564090222,0.3606081777423952,0.7568329306984876
0.02589026485254831,0.18404236053840425,0.18783269079364107,0.4619473464505676,0.01098011861093437,0.3729765655541301,0.7609149217154949,0.02589026485254831,0.18404236053840425,0.18783269079364107,0.4619473464505676,0.01098011861093437,0.3729765655541301,0.7609149217154949
0.03615936622673992,0.3680787706825134,0.0711219556464496,0.4749933431010093,0.06667385698707576,0.3195923717532134,0.72606637238424,0.03615936622673992,0.3680787706825134,0.0711219556464496,0.4749933431010093,0.06667385698707576,0.3195923717532134,0.72606637238424
0.07451291213690452,0.2103804792949845,0.0898168180271703,0.4946617229169551,0.08893686230038306,0.3669010013868263,0.7455975917289146,0.07451291213690452,0.2103804792949845,0.0898168180271703,0.4946617229169551,0.08893686230038306,0.3669010013868263,0.7455975917289146
0.15007802421737115,0.2419841066838987,0.07091871528287849,0.4805620347533005,0.010645479855527185,0.3777255478857342,0.7355589774380692,0.15007802421737115,0.2419841066838987,0.07091871528287849,0.4805620347533005,0.010645479855527185,0.3777255478857342,0.7355589774380692
0.024944866924896572,0.23439202102858975,0.0692343740545098,0.4950434618757983,0.009539321543105992,0.305800894202301,0.7763912700871165,0.024944866924896572,0.23439202102858975,0.0692343740545098,0.4950434618757983,0.009539321543105992,0.305800894202301,0.7763912700871165
0.14885688716858048,0.256087963374972,0.07200551608501377,0.4852581073507813,0.059496141842206834,0.3293756019252469,0.7489559739700326,0.14885688716858048,0.256087963374972,0.07200551608501377,0.4852581073507813,0.059496141842206834,0.3293756019252469,0.7489559739700326
0.030331184779805054,0.30871707501659795,0.12863740761651243,0.4744544918462194,0.011194137554053456,0.37978169583589033,0.7202348129600287,0.030331184779805054,0.30871707501659795,0.12863740761651243,0.4744544918462194,0.011194137554053456,0.37978169583589033,0.7202348129600287
0.07591992527852995,0.23902480896142678,0.1482544134013582,0.4947284043633806,0.03016717963283429,0.34165213310705844,0.7443688097283823,0.07591992527852995,0.23902480896142678,0.1482544134013582,0.4947284043633806,0.03016717963283429,0.34165213310705844,0.7443688097283823
0.025041729634116276,0.2269545540731636,0.06797046356057507,0.43004690068131773,0.010722111826934848,0.29097666488391427,0.8218506748732916,0.025041729634116276,0.2269545540731636,0.06797046356057507,0.43004690068131773,0.010722111826934848,0.29097666488391427,0.8218506748732916
6.574492246530073e-18,6.080157562091308e-17,1.3094803857110653e-18,0.0,3.0866630090595516e-18,1.0002531174454035,0.0,6.574492246530073e-18,6.080157562091308e-17,1.3094803857110653e-18,0.0,3.0866630090595516e-18,1.0002531174454035,0.0
0.04352582127650113,0.23879186863664134,0.08806234076994031,0.48898233809724756,0.0871995066489312,0.36861004378867296,0.743022707082895,0.04352582127650113,0.23879186863664134,0.08806234076994031,0.48898233809724756,0.0871995066489312,0.36861004378867296,0.743022707082895
0.03987226049361291,0.19654268109439624,0.11225853030677155,0.5584017471105898,0.02874085736078999,0.3268167732041766,0.7272959786653934,0.03987226049361291,0.19654268109439624,0.11225853030677155,0.5584017471105898,0.02874085736078999,0.3268167732041766,0.7272959786653934
0.02686479307987377,0.18282536430545984,0.07044953500975139,0.521249656333336,0.06465375432664311,0.42954652747607575,0.7081728932849489,0.02686479307987377,0.18282536430545984,0.07044953500975139,0.521249656333336,0.06465375432664311,0.42954652747607575,0.7081728932849489
0.043982108070265036,0.23550811201459895,0.0868026421654707,0.5357401040964214,0.055754353616856225,0.33661818663046256,0.7301092120166821,0.043982108070265036,0.23550811201459895,0.0868026421654707,0.5357401040964214,0.055754353616856225,0.33661818663046256,0.7301092120166821
0.08644776075831608,0.19323736130252267,0.07231633819216798,0.4886620925286499,0.13073171153243698,0.39116676717564275,0.7364741843079188,0.08644776075831608,0.19323736130252267,0.07231633819216798,0.4886620925286499,0.13073171153243698,0.39116676717564275,0.7364741843079188
0.04394648737888231,0.206813320999444,0.08970663568802595,0.48439848754347525,0.11547741656143436,0.3344387712441069,0.7671586078922097,0.04394648737888231,0.206813320999444,0.08970663568802595,0.48439848754347525,0.11547741656143436,0.3344387712441069,0.7671586078922097
0.04308444827656052,0.20898494067011567,0.11182856247818436,0.49160485763453843,0.054096041460368546,0.39468754372249076,0.736993903690791,0.04308444827656052,0.20898494067011567,0.11182856247818436,0.49160485763453843,0.054096041460368546,0.39468754372249076,0.736993903690791
0.024396696773170932,0.19026106542879156,0.07368235568201811,0.5294951343897443,0.13263431214708576,0.3803563128023712,0.7187487711228285,0.024396696773170932,0.19026106542879156,0.07368235568201811,0.5294951343897443,0.13263431214708576,0.3803563128023712,0.7187487711228285
0.14489376475251892,0.30859450678754285,0.06912268542270884,0.4776003993578506,0.010333180984679762,0.3336574318862115,0.7354707230229733,0.14489376475251892,0.30859450678754285,0.06912268542270884,0.4776003993578506,0.010333180984679762,0.3336574318862115,0.7354707230229733
0.04486624013801142,0.231517381366189,0.11652287215658907,0.5129158633403186,0.026161317778737914,0.3634500516628576,0.7323246930808134,0.04486624013801142,0.231517381366189,0.11652287215658907,0.5129158633403186,0.026161317778737914,0.3634500516628576,0.7323246930808134
0.07234321531975069,0.22765031782121112,0.08654495368157285,0.538030357199221,0.02859271545531914,0.3365154215021894,0.7302226694483133,0.07234321531975069,0.22765031782121112,0.08654495368157285,0.538030357199221,0.02859271545531914,0.3365154215021894,0.7302226694483133
0.04312275167780239,0.22854593900128464,0.08967631796287626,0.4958183060057998,0.02633203329686801,0.3273671076460644,0.7651336466077175,0.04312275167780239,0.22854593900128464,0.08967631796287626,0.4958183060057998,0.02633203329686801,0.3273671076460644,0.7651336466077175
0.02999776083371057,0.2518334038159592,0.18639977637410962,0.47439009391924275,0.012220223327982371,0.38219658407442797,0.728397679284151,0.02999776083371057,0.2518334038159592,0.18639977637410962,0.47439009391924275,0.012220223327982371,0.38219658407442797,0.728397679284151
0.027135884336288687,0.19164610315949232,0.07597652908533832,0.5373945705255977,0.18979280142675187,0.32809385864862467,0.7250503919211162,0.027135884336288687,0.19164610315949232,0.07597652908533832,0.5373945705255977,0.18979280142675187,0.32809385864862467,0.7250503919211162
0.024731307820298386,0.1764400084815193,0.06945428320955209,0.5578283441804163,0.010658534450016823,0.4118196656790323,0.6953166017226605,0.024731307820298386,0.1764400084815193,0.06945428320955209,0.5578283441804163,0.010658534450016823,0.4118196656790323,0.6953166017226605
0.04551515221759523,0.23344365855526888,0.14784076884833022,0.4809259870869678,0.02564802417515361,0.3364930677082699,0.7600316733095278,0.04551515221759523,0.23344365855526888,0.14784076884833022,0.4809259870869678,0.02564802417515361,0.3364930677082699,0.7600316733095278
0.1408745347057877,0.1913009173914206,0.07134273651873388,0.5364369431068353,0.07249686929830175,0.32402360749906955,0.736144109445678,0.1408745347057877,0.1913009173914206,0.07134273651873388,0.5364369431068353,0.07249686929830175,0.32402360749906955,0.736144109445678
0.10173211404600087,0.20645289907292308,0.11932438846731737,0.4964044908658167,0.05636638769036424,0.3430285111462131,0.7524481237400175,0.10173211404600087,0.20645289907292308,0.11932438846731737,0.4964044908658167,0.05636638769036424,0.3430285111462131,0.7524481237400175
0.0263855685561394,0.1745043633848539,0.06668992654112535,0.594562969281088,0.006974746426377366,0.29692056221747537,0.7241654464198096,0.0263855685561394,0.1745043633848539,0.06668992654112535,0.594562969281088,0.006974746426377366,0.29692056221747537,0.7241654464198096
0.20936517388354237,0.19483997313353885,0.1351165463111014,0.48688384336260615,0.012307597933276035,0.32917346578967993,0.7455927319061959,0.20936517388354237,0.19483997313353885,0.1351165463111014,0.48688384336260615,0.012307597933276035,0.32917346578967993,0.7455927319061959
0.04473562195256124,0.2570686298265529,0.08739474906654737,0.47561849946617824,0.027685116115917344,0.32801608064186044,0.7688189372872232,0.04473562195256124,0.2570686298265529,0.08739474906654737,0.47561849946617824,0.027685116115917344,0.32801608064186044,0.7688189372872232
0.07165346776613774,0.20016259814671122,0.11924504735848072,0.4789650359935692,0.028272478908443283,0.32297610342798605,0.7789185355654532,0.07165346776613774,0.20016259814671122,0.11924504735848072,0.4789650359935692,0.028272478908443283,0.32297610342798605,0.7789185355654532
0.02765670611584777,0.18881398705985283,0.2501542516482511,0.4754562752743826,0.01073997106740206,0.3831348118535857,0.7275570179011686,0.02765670611584777,0.18881398705985283,0.2501542516482511,0.4754562752743826,0.01073997106740206,0.3831348118535857,0.7275570179011686
0.07123043461525586,0.26702569133917414,0.09017776209113122,0.4921936314124526,0.05608949301810865,0.3435801938078927,0.7436134334496249,0.07123043461525586,0.26702569133917414,0.09017776209113122,0.4921936314124526,0.05608949301810865,0.3435801938078927,0.7436134334496249
0.021489427639082268,0.1648216531026125,0.06270129201555937,0.4796201981786177,0.008927873689562221,0.28892812863767603,0.810212668795011,0.021489427639082268,0.1648216531026125,0.06270129201555937,0.4796201981786177,0.008927873689562221,0.28892812863767603,0.810212668795011
0.02519857574459426,0.18702367107672666,0.13019526857682606,0.46265713513739043,0.06827265250711052,0.3727396137422248,0.7685874581488661,0.02519857574459426,0.18702367107672666,0.13019526857682606,0.46265713513739043,0.06827265250711052,0.3727396137422248,0.7685874581488661
0.04242815159222517,0.22804620074190546,0.08674456302941053,0.5361138550830278,0.02763312726846808,0.3583434924032735,0.7232267084404085,0.04242815159222517,0.22804620074190546,0.08674456302941053,0.5361138550830278,0.02763312726846808,0.3583434924032735,0.7232267084404085
0.04181251911364679,0.20614980335843272,0.11551714960679793,0.5156060604455682,0.05571868904984762,0.3669527981244284,0.735069489931172,0.04181251911364679,0.20614980335843272,0.11551714960679793,0.5156060604455682,0.05571868904984762,0.3669527981244284,0.735069489931172
0.03724518301379862,0.1970859765403874,0.08337323140909036,0.46656905986063824,0.053380073619153846,0.32785065266096913,0.7913066892006139,0.03724518301379862,0.1970859765403874,0.08337323140909036,0.46656905986063824,0.053380073619153846,0.32785065266096913,0.7913066892006139
0.08145268183781226,0.18532815347701637,0.06868738983682461,0.45209906393553495,0.06198576808878645,0.3053816158590711,0.8090817792565896,0.08145268183781226,0.18532815347701637,0.06868738983682461,0.45209906393553495,0.06198576808878645,0.3053816158590711,0.8090817792565896
0.04471439882737114,0.2297841584971203,0.08257779916046648,0.5175797023878184,0.08600666300647837,0.3359714121381405,0.742557214891107,0.04471439882737114,0.2297841584971203,0.08257779916046648,0.5175797023878184,0.08600666300647837,0.3359714121381405,0.742557214891107
0.024463569955900162,0.3080826257297899,0.07089656579731443,0.5247639077898157,0.06880437210232303,0.31972079469596765,0.7199538525877348,0.024463569955900162,0.3080826257297899,0.07089656579731443,0.5247639077898157,0.06880437210232303,0.31972079469596765,0.7199538525877348
0.10295420995935378,0.23422192083650992,0.08731392324014538,0.4944687388590119,0.05746911468095854,0.34300195288124213,0.7497420843341176,0.10295420995935378,0.23422192083650992,0.08731392324014538,0.4944687388590119,0.05746911468095854,0.34300195288124213,0.7497420843341176
0.06719056329876073,0.19480718777519312,0.08445420055484602,0.5024034945590343,0.027890104286721427,0.3288312835613248,0.7683975417080101,0.06719056329876073,0.19480718777519312,0.08445420055484602,0.5024034945590343,0.027890104286721427,0.3288312835613248,0.7683975417080101
0.07271019478294229,0.2058593721631813,0.11860419308179461,0.4877414055790662,0.05366070231047745,0.3322379708455449,0.7673912508606312,0.07271019478294229,0.2058593721631813,0.11860419308179461,0.4877414055790662,0.05366070231047745,0.3322379708455449,0.7673912508606312
0.027335548445668222,0.35219754306888784,0.06679565405226588,0.45425270491593395,0.010299144693659244,0.30901932362783807,0.7550428847265649,0.027335548445668222,0.35219754306888784,0.06679565405226588,0.45425270491593395,0.010299144693659244,0.30901932362783807,0.7550428847265649
0.0424775148858702,0.2266227814416445,0.0858283807887916,0.47049635385477523,0.02675040939576651,0.35393553582806314,0.7702664360055833,0.0424775148858702,0.2266227814416445,0.0858283807887916,0.47049635385477523,0.02675040939576651,0.35393553582806314,0.7702664360055833
0.02644531282969045,0.18559579212589486,0.06970977527411319,0.46251476267253855,0.12637207211333273,0.3743882383077935,0.768743640460365,0.02644531282969045,0.18559579212589486,0.06970977527411319,0.46251476267253855,0.12637207211333273,0.3743882383077935,0.768743640460365
0.025631589192284452,0.18206016946764136,0.18543822581900385,0.5134445004869761,0.011067452979314225,0.30902245637972847,0.7575538969181148,0.025631589192284452,0.18206016946764136,0.18543822581900385,0.5134445004869761,0.011067452979314225,0.30902245637972847,0.7575538969181148
0.08954327604776782,0.18951396708365206,0.13249115416639565,0.5359778554304333,0.07150273698486337,0.32403413174805823,0.7364867476127094,0.08954327604776782,0.18951396708365206,0.13249115416639565,0.5359778554304333,0.07150273698486337,0.32403413174805823,0.7364867476127094
0.025695699326586007,0.30860535123980365,0.07364356068592479,0.48022943858748407,0.13877907596728212,0.32784417630594853,0.7366447781001455,0.025695699326586007,0.30860535123980365,0.07364356068592479,0.48022943858748407,0.13877907596728212,0.32784417630594853,0.7366447781001455
0.025428991917593142,0.17958284868139535,0.1220128740471266,0.49205297450263735,0.010291435469063217,0.29863257824742123,0.7887126658443205,0.025428991917593142,0.17958284868139535,0.1220128740471266,0.49205297450263735,0.010291435469063217,0.29863257824742123,0.7887126658443205
0.04231109168573177,0.1982782007925364,0.08520765739903194,0.4983322769118411,0.025203895418189473,0.38139183786110203,0.7471181077444328,0.04231109168573177,0.1982782007925364,0.08520765739903194,0.4983322769118411,0.025203895418189473,0.38139183786110203,0.7471181077444328
0.03046638016025974,0.25764886013469707,0.0746342300040333,0.47549751507403376,0.12644866848784983,0.38613990365678047,0.7331428963973463,0.03046638016025974,0.25764886013469707,0.0746342300040333,0.47549751507403376,0.12644866848784983,0.38613990365678047,0.7331428963973463
0.1023545559603296,0.20442652821705037,0.12204509478853524,0.4913789530209501,0.02728133418086072,0.36897364156508355,0.7456262306977408,0.1023545559603296,0.20442652821705037,0.12204509478853524,0.4913789530209501,0.02728133418086072,0.36897364156508355,0.7456262306977408
0.02966458981272544,0.18165997852383478,0.12063231355039089,0.5078290199452085,0.010713156931669916,0.3648270778979278,0.749736877118811,0.02966458981272544,0.18165997852383478,0.12063231355039089,0.5078290199452085,0.010713156931669916,0.3648270778979278,0.749736877118811
0.14287955927505028,0.24633899201876433,0.07227381696073913,0.5249485689320856,0.010554582722207247,0.3318502620610523,0.7273594161247937,0.14287955927505028,0.24633899201876433,0.07227381696073913,0.5249485689320856,0.010554582722207247,0.3318502620610523,0.7273594161247937
0.04108559865972849,0.19983360822419188,0.11530818668413924,0.5058749539421886,0.025854614142253825,0.3578251470912055,0.7500078615868456,0.04108559865972849,0.19983360822419188,0.11530818668413924,0.5058749539421886,0.025854614142253825,0.3578251470912055,0.7500078615868456
0.084262801674456,0.18434026110604704,0.06863727612956486,0.5311864453991801,0.06298717700127218,0.3747279453057569,0.7270284852904112,0.084262801674456,0.18434026110604704,0.06863727612956486,0.5311864453991801,0.06298717700127218,0.3747279453057569,0.7270284852904112
0.04216672772911022,0.1982429366327402,0.084448642367538,0.5005999328957865,0.024935004627948582,0.3461163829940566,0.762743581299468,0.04216672772911022,0.1982429366327402,0.084448642367538,0.5005999328957865,0.024935004627948582,0.3461163829940566,0.762743581299468
0.067844176452345,0.199259994969049,0.08443687816971003,0.4674736128189737,0.028244287417066208,0.31994659486067445,0.7926003942081861,0.067844176452345,0.199259994969049,0.08443687816971003,0.4674736128189737,0.028244287417066208,0.31994659486067445,0.7926003942081861
0.0881438170073836,0.19036972322013637,0.19220314414634423,0.47831703634964934,0.01007631059331784,0.3883687063271891,0.7348167253778961,0.0881438170073836,0.19036972322013637,0.19220314414634423,0.47831703634964934,0.01007631059331784,0.3883687063271891,0.7348167253778961
0.04136309593071494,0.19828314762059765,0.08517322500638863,0.5834381835388142,0.027904893146452676,0.32449593635762486,0.7119042638717151,0.04136309593071494,0.19828314762059765,0.08517322500638863,0.5834381835388142,0.027904893146452676,0.32449593635762486,0.7119042638717151
0.04104408644891228,0.2320771106237766,0.12012221535522039,0.4837909663467764,0.025929052891512976,0.3917032520752259,0.7371005104466353,0.04104408644891228,0.2320771106237766,0.12012221535522039,0.4837909663467764,0.025929052891512976,0.3917032520752259,0.7371005104466353
0.13620368922378073,0.2060022654791197,0.0840123685786811,0.4885814887858987,0.027483499516166434,0.33795323629206075,0.7613121001703019,0.13620368922378073,0.2060022654791197,0.0840123685786811,0.4885814887858987,0.027483499516166434,0.33795323629206075,0.7613121001703019
0.04219488867918746,0.19676250683710422,0.08531294731477902,0.46901663594971743,0.028146063349915238,0.3803650167690187,0.7667751710155615,0.04219488867918746,0.19676250683710422,0.08531294731477902,0.46901663594971743,0.028146063349915238,0.3803650167690187,0.7667751710155615
0.039264104195285636,0.2298912498172013,0.08660152725493324,0.5027572218176299,0.02710034195530168,0.3569124764629752,0.7472221452276396,0.039264104195285636,0.2298912498172013,0.08660152725493324,0.5027572218176299,0.02710034195530168,0.3569124764629752,0.7472221452276396
0.03884088277601332,0.26348408113383787,0.08850443911269816,0.4794386079273979,0.0531311150506167,0.33097740462939396,0.7619234294774433,0.03884088277601332,0.26348408113383787,0.08850443911269816,0.4794386079273979,0.0531311150506167,0.33097740462939396,0.7619234294774433
0.02209986657706546,0.18534864998381415,0.06880406637243074,0.45232713907991184,0.06535388062846963,0.35375174178158314,0.792221690055616,0.02209986657706546,0.18534864998381415,0.06880406637243074,0.45232713907991184,0.06535388062846963,0.35375174178158314,0.792221690055616
0.08651028145661548,0.19086850257821567,0.1944103133010639,0.49097923886324984,0.06891057301141168,0.33381670823604725,0.750383829884996,0.08651028145661548,0.19086850257821567,0.1944103133010639,0.49097923886324984,0.06891057301141168,0.33381670823604725,0.750383829884996
0.03372132406221221,0.2488106165196731,0.1331714859810736,0.4801185236186685,0.06645737602043399,0.3852077279472131,0.7334138076812361,0.03372132406221221,0.2488106165196731,0.1331714859810736,0.4801185236186685,0.06645737602043399,0.3852077279472131,0.7334138076812361
0.14073405033889985,0.18460397961096037,0.07017540416190336,0.5816435992016477,0.008709577742032768,0.3150593021384019,0.7105158923432443,0.14073405033889985,0.18460397961096037,0.07017540416190336,0.5816435992016477,0.008709577742032768,0.3150593021384019,0.7105158923432443
0.04472257310656392,0.23397511610121008,0.1456845964298622,0.5144356092655722,0.02536155345890639,0.33872511708786346,0.7372722811292586,0.04472257310656392,0.23397511610121008,0.1456845964298622,0.5144356092655722,0.02536155345890639,0.33872511708786346,0.7372722811292586
0.041885411273914396,0.20077686026889452,0.08684585242489146,0.5108860655048826,0.05348225938391647,0.3900032470676697,0.7317168520841325,0.041885411273914396,0.20077686026889452,0.08684585242489146,0.5108860655048826,0.05348225938391647,0.3900032470676697,0.7317168520841325
0.09975839385922211,0.2072157143303273,0.08944112088849297,0.5432788536130319,0.027158314600927484,0.32953369236789015,0.7322191996119781,0.09975839385922211,0.2072157143303273,0.08944112088849297,0.5432788536130319,0.027158314600927484,0.32953369236789015,0.7322191996119781
0.0407317293441477,0.2616226282869654,0.0870166100087218,0.4812944746542507,0.024624289063380617,0.3904531081437436,0.7339800660638125,0.0407317293441477,0.2616226282869654,0.0870166100087218,0.4812944746542507,0.024624289063380617,0.3904531081437436,0.7339800660638125
0.02113088019145396,0.2405200979597345,0.07213491174424767,0.4539357028204834,0.010426998659629372,0.48573261565355924,0.7036437899859118,0.02113088019145396,0.2405200979597345,0.07213491174424767,0.4539357028204834,0.010426998659629372,0.48573261565355924,0.7036437899859118
0.042424361552588684,0.32240379760804744,0.0820592790024291,0.48406553496971105,0.026430934650678715,0.3360872473204075,0.7353863613139109,0.042424361552588684,0.32240379760804744,0.0820592790024291,0.48406553496971105,0.026430934650678715,0.3360872473204075,0.7353863613139109
0.04425303257190642,0.2054257859874001,0.08271530844942433,0.48533262753598916,0.0908746710820833,0.39784869065257705,0.7401448403161979,0.04425303257190642,0.2054257859874001,0.08271530844942433,0.48533262753598916,0.0908746710820833,0.39784869065257705,0.7401448403161979
0.10023055553799193,0.2977004057724746,0.07768666869595438,0.5287127069324384,0.010330901607661548,0.319885443019408,0.7174165536290866,0.10023055553799193,0.2977004057724746,0.07768666869595438,0.5287127069324384,0.010330901607661548,0.319885443019408,0.7174165536290866
0.07317596568074174,0.23625134230466105,0.09402414024713351,0.4934385953975329,0.08750719169632394,0.34133077523054245,0.7507238553513814,0.07317596568074174,0.23625134230466105,0.09402414024713351,0.4934385953975329,0.08750719169632394,0.34133077523054245,0.7507238553513814
0.044212220023796704,0.23517474648813844,0.14721216211509555,0.49012436885819743,0.05739177593168382,0.3433442886138125,0.7488765511566775,0.044212220023796704,0.23517474648813844,0.14721216211509555,0.49012436885819743,0.05739177593168382,0.3433442886138125,0.7488765511566775
0.07076898323552337,0.20417738520603348,0.0828290864498131,0.5633129636122306,0.028386551555465173,0.3349013650031675,0.7196096381088181,0.07076898323552337,0.20417738520603348,0.0828290864498131,0.5633129636122306,0.028386551555465173,0.3349013650031675,0.7196096381088181
0.07995271069978162,0.23736353204283875,0.06776158349275581,0.4505841272384911,0.010271178633736866,0.3047537252676435,0.7990087513871803,0.07995271069978162,0.23736353204283875,0.06776158349275581,0.4505841272384911,0.010271178633736866,0.3047537252676435,0.7990087513871803
0.043106507471300654,0.20303772734174644,0.11671354971713971,0.4961806133068983,0.08302157107571137,0.3707154297241571,0.7443092041256948,0.043106507471300654,0.20303772734174644,0.11671354971713971,0.4961806133068983,0.08302157107571137,0.3707154297241571,0.7443092041256948
0.028513547054508842,0.18565106686802316,0.12747143787577486,0.46268865406377957,0.01138127752389028,0.4868768326525756,0.7062903754297781,0.028513547054508842,0.18565106686802316,0.12747143787577486,0.46268865406377957,0.01138127752389028,0.4868768326525756,0.7062903754297781
0.03831283041735258,0.2019987036046689,0.08332646419488482,0.5318551322881926,0.05515327899730027,0.3242467727233553,0.7489772173889647,0.03831283041735258,0.2019987036046689,0.08332646419488482,0.5318551322881926,0.05515327899730027,0.3242467727233553,0.7489772173889647
0.026333675132835382,0.18868757875023595,0.12934368041499814,0.4721931315343967,0.06971855048736822,0.4384667910503938,0.7266907100922468,0.026333675132835382,0.18868757875023595,0.12934368041499814,0.4721931315343967,0.06971855048736822,0.4384667910503938,0.7266907100922468
6.127939627045215e-17,1.0007684879120617,0.0,0.0,0.0,0.0,0.0,6.127939627045215e-17,1.0007684879120617,0.0,0.0,0.0,0.0,0.0
0.10206125661153737,0.2000471243637871,0.08320751596492429,0.47985250242916444,0.028092041556854574,0.3257435047456856,0.7788441108732094,0.10206125661153737,0.2000471243637871,0.08320751596492429,0.47985250242916444,0.028092041556854574,0.3257435047456856,0.7788441108732094
0.07309853596797947,0.2043713543117875,0.14774187700308786,0.4915744126381048,0.026352568741550113,0.3698505573272029,0.7434039372358928,0.07309853596797947,0.2043713543117875,0.14774187700308786,0.4915744126381048,0.026352568741550113,0.3698505573272029,0.7434039372358928
0.04266619884182917,0.20677239816393286,0.0889746312324206,0.5416721286809831,0.08765195415580575,0.33125389812663614,0.7332849154780533,0.04266619884182917,0.20677239816393286,0.0889746312324206,0.5416721286809831,0.08765195415580575,0.33125389812663614,0.7332849154780533
0.04500446987434672,0.2260272665725954,0.09048436695938747,0.507452902125087,0.05437590383992077,0.33146776155443397,0.7545947959901351,0.04500446987434672,0.2260272665725954,0.09048436695938747,0.507452902125087,0.05437590383992077,0.33146776155443397,0.7545947959901351
0.10376967671135835,0.23821652822937928,0.11945218183371738,0.48966397086545393,0.029825260449256978,0.34353303670419916,0.748888283223093,0.10376967671135835,0.23821652822937928,0.11945218183371738,0.48966397086545393,0.029825260449256978,0.34353303670419916,0.748888283223093
0.04440079769427346,0.290455449169099,0.08739361427733856,0.4815921224957621,0.026966702496233248,0.3699266411132218,0.7331795801108453,0.04440079769427346,0.290455449169099,0.08739361427733856,0.4815921224957621,0.026966702496233248,0.3699266411132218,0.7331795801108453
0.07023883106684761,0.26035297071505126,0.0864842021608998,0.4800336431194486,0.029720322267382356,0.3364902401617859,0.7591856576853175,0.07023883106684761,0.26035297071505126,0.0864842021608998,0.4800336431194486,0.029720322267382356,0.3364902401617859,0.7591856576853175
0.26704619069970564,0.19528166539908598,0.06479091749248327,0.48269994546692935,0.008523389340418176,0.3296473505076542,0.7389974893910566,0.26704619069970564,0.19528166539908598,0.06479091749248327,0.48269994546692935,0.008523389340418176,0.3296473505076542,0.7389974893910566
0.02424377431654825,0.16724421309839746,0.06449983417113005,0.41870817557541357,0.008831360349800204,0.2795731227622782,0.8451943232993636,0.02424377431654825,0.16724421309839746,0.06449983417113005,0.41870817557541357,0.008831360349800204,0.2795731227622782,0.8451943232993636
0.04403119190334799,0.19973554251206913,0.0869095856560624,0.47727415894482944,0.08367876998158205,0.3305732633931921,0.7794381314804117,0.04403119190334799,0.19973554251206913,0.0869095856560624,0.47727415894482944,0.08367876998158205,0.3305732633931921,0.7794381314804117
0.024913217770958944,0.18445822438212658,0.18026401461906646,0.4502196273191115,0.010281684655480891,0.3034620522624748,0.7993983380108012,0.024913217770958944,0.18445822438212658,0.18026401461906646,0.4502196273191115,0.010281684655480891,0.3034620522624748,0.7993983380108012
0.13101858146037007,0.2059467972529382,0.08813374152716537,0.5200680044077216,0.02637141458892033,0.3398705135185466,0.7398867779891921,0.13101858146037007,0.2059467972529382,0.08813374152716537,0.5200680044077216,0.02637141458892033,0.3398705135185466,0.7398867779891921
0.03997235373006374,0.21076120275336754,0.18211097331755682,0.49078812242991515,0.05476352462035765,0.34267380916222306,0.7490002911817849,0.03997235373006374,0.21076120275336754,0.18211097331755682,0.49078812242991515,0.05476352462035765,0.34267380916222306,0.7490002911817849
0.10003341756152406,0.23558923285433941,0.0883334221909675,0.5159236720017508,0.029725033732055574,0.3380230775557332,0.7399079561033309,0.10003341756152406,0.23558923285433941,0.0883334221909675,0.5159236720017508,0.029725033732055574,0.3380230775557332,0.7399079561033309
0.031027439311193984,0.19307376549094699,0.07192223522705354,0.4836433582022202,0.17991367666440627,0.38740972880310237,0.7357455585871141,0.031027439311193984,0.19307376549094699,0.07192223522705354,0.4836433582022202,0.17991367666440627,0.38740972880310237,0.7357455585871141
0.07329592747453866,0.2048753590368134,0.12123474413606743,0.48154906843032713,0.025635541998172768,0.3588532139950626,0.7601439533538005,0.07329592747453866,0.2048753590368134,0.12123474413606743,0.48154906843032713,0.025635541998172768,0.3588532139950626,0.7601439533538005
0.027669173836054054,0.18841780175012682,0.12839710782587221,0.5184895111061677,0.008124900045370639,0.4298350003724217,0.7032890312015208,0.027669173836054054,0.18841780175012682,0.12839710782587221,0.5184895111061677,0.008124900045370639,0.4298350003724217,0.7032890312015208
0.13953806704683602,0.1868237138687878,0.06788118935865256,0.4649330490648145,0.008135385556122636,0.36935755289148575,0.7693457945295155,0.13953806704683602,0.1868237138687878,0.06788118935865256,0.4649330490648145,0.008135385556122636,0.36935755289148575,0.7693457945295155
0.042300291580030264,0.22796333807251012,0.12229162496342325,0.5392000332338536,0.028184623999971684,0.33205502576173446,0.728719245621107,0.042300291580030264,0.22796333807251012,0.12229162496342325,0.5392000332338536,0.028184623999971684,0.33205502576173446,0.728719245621107
0.025135827219795775,0.31338718969411955,0.1334962875850392,0.48096539035592406,0.0720410978420819,0.32753491040500066,0.7355215325162185,0.025135827219795775,0.31338718969411955,0.1334962875850392,0.48096539035592406,0.0720410978420819,0.32753491040500066,0.7355215325162185
0.024688454993352395,0.17145190480700787,0.06621177842771092,0.489416196868786,0.009523353682285997,0.34903062059607554,0.7784181572043082,0.024688454993352395,0.17145190480700787,0.06621177842771092,0.489416196868786,0.009523353682285997,0.34903062059607554,0.7784181572043082
0.02979184488905165,0.2030190712203969,0.19137308304751188,0.4928865497109434,0.13573291633672602,0.3302606069290121,0.7430186136147234,0.02979184488905165,0.2030190712203969,0.19137308304751188,0.4928865497109434,0.13573291633672602,0.3302606069290121,0.7430186136147234
0.026836574895531665,0.18841607324833118,0.0740071451990809,0.47187958248859485,0.1287903700841303,0.43879430760122473,0.7266597699007229,0.026836574895531665,0.18841607324833118,0.0740071451990809,0.47187958248859485,0.1287903700841303,0.43879430760122473,0.7266597699007229
0.0721978371791347,0.20627121292525868,0.15150645020548376,0.4937869214083417,0.057038773882681665,0.3440764934488206,0.7515430602176967,0.0721978371791347,0.20627121292525868,0.15150645020548376,0.4937869214083417,0.057038773882681665,0.3440764934488206,0.7515430602176967
0.044285041467277915,0.2295436648740864,0.08938886640687128,0.4776841204580163,0.058662523927873106,0.329175882083463,0.7735679366366499,0.044285041467277915,0.2295436648740864,0.08938886640687128,0.4776841204580163,0.058662523927873106,0.329175882083463,0.7735679366366499
0.04360043340828198,0.2041583787761016,0.08710385020798814,0.4830725728751269,0.08602741538322554,0.36046071180620953,0.7610838502367098,0.04360043340828198,0.2041583787761016,0.08710385020798814,0.4830725728751269,0.08602741538322554,0.36046071180620953,0.7610838502367098
0.02223108473227554,0.29307222941053024,0.07712080981610099,0.5635208857884392,0.013669181601236497,0.30671527038645247,0.70505405789721,0.02223108473227554,0.29307222941053024,0.07712080981610099,0.5635208857884392,0.013669181601236497,0.30671527038645247,0.70505405789721
0.02954179909057189,0.2357424190403039,0.12349707066696432,0.5165197605722842,0.011514280150538668,0.3058354989063547,0.7541652974311897,0.02954179909057189,0.2357424190403039,0.12349707066696432,0.5165197605722842,0.011514280150538668,0.3058354989063547,0.7541652974311897
0.09964294241441438,0.23195439173825752,0.08679485003576513,0.49249644938241666,0.03067458636787703,0.36506644395420595,0.7444578195552994,0.09964294241441438,0.23195439173825752,0.08679485003576513,0.49249644938241666,0.03067458636787703,0.36506644395420595,0.7444578195552994
0.04166434664826553,0.20304668098769602,0.1448239541504999,0.48116307576686,0.02782363255413379,0.36228209916762616,0.7575423463963115,0.04166434664826553,0.20304668098769602,0.1448239541504999,0.48116307576686,0.02782363255413379,0.36228209916762616,0.7575423463963115
0.08354425993169919,0.2425757774610914,0.06895129430495285,0.4619915190516112,0.010197692122456267,0.3676788915772552,0.7628327361126738,0.08354425993169919,0.2425757774610914,0.06895129430495285,0.4619915190516112,0.010197692122456267,0.3676788915772552,0.7628327361126738
0.026160215466884178,0.18836070932766086,0.12893752386695215,0.4716144428444507,0.12876425524068275,0.3173548013988961,0.780782344470724,0.026160215466884178,0.18836070932766086,0.12893752386695215,0.4716144428444507,0.12876425524068275,0.3173548013988961,0.780782344470724
0.0684605849361276,0.2016172659684986,0.08472565804039923,0.5342557752291539,0.02719916152653729,0.3206027671950691,0.7479289229754629,0.0684605849361276,0.2016172659684986,0.08472565804039923,0.5342557752291539,0.02719916152653729,0.3206027671950691,0.7479289229754629
0.028998877300200777,0.23839129557758185,0.0719718414853239,0.5733727819982452,0.009372416770433335,0.36578182581030105,0.689801212466653,0.028998877300200777,0.23839129557758185,0.0719718414853239,0.5733727819982452,0.009372416770433335,0.36578182581030105,0.689801212466653
0.07144883988013401,0.23248648058319982,0.11728781525485024,0.4938869857173534,0.060311970601084126,0.3427762232201351,0.7501538646340871,0.07144883988013401,0.23248648058319982,0.11728781525485024,0.4938869857173534,0.060311970601084126,0.3427762232201351,0.7501538646340871
0.10415312653045827,0.2063495548859952,0.09119404022593858,0.4900478221987136,0.028090994373067786,0.39821985680867183,0.7349387370572139,0.10415312653045827,0.2063495548859952,0.09119404022593858,0.4900478221987136,0.028090994373067786,0.39821985680867183,0.7349387370572139
0.07534534906767254,0.20766733317569472,0.18209830919147107,0.48987130678361224,0.0291447235822274,0.34311345819144706,0.7488822171972718,0.07534534906767254,0.20766733317569472,0.18209830919147107,0.48987130678361224,0.0291447235822274,0.34311345819144706,0.7488822171972718
0.0860440353375692,0.19111659540266607,0.0740210439904132,0.47722649694526187,0.12892150193757188,0.3173017673562414,0.7792387595132518,0.0860440353375692,0.19111659540266607,0.0740210439904132,0.47722649694526187,0.12892150193757188,0.3173017673562414,0.7792387595132518
0.07027885817633324,0.2598298202174113,0.08972298527301598,0.5196986176082642,0.02582211753283332,0.3362753078612249,0.7325790872776015,0.07027885817633324,0.2598298202174113,0.08972298527301598,0.5196986176082642,0.02582211753283332,0.3362753078612249,0.7325790872776015
0.02907955527060858,0.23919130736061675,0.18619703867922194,0.459855378290389,0.00878459971351633,0.3226660846651447,0.7699333049808372,0.02907955527060858,0.23919130736061675,0.18619703867922194,0.459855378290389,0.00878459971351633,0.3226660846651447,0.7699333049808372
0.13139967217105195,0.23368849728042623,0.08860951101729513,0.4936208473253993,0.027565303973075064,0.34333812106097084,0.7478987026224121,0.13139967217105195,0.23368849728042623,0.08860951101729513,0.4936208473253993,0.027565303973075064,0.34333812106097084,0.7478987026224121
0.08238616518971657,0.2512802391189214,0.07562809511255969,0.48117248935424256,0.06779579201665265,0.38598934433829163,0.735028434968746,0.08238616518971657,0.2512802391189214,0.07562809511255969,0.48117248935424256,0.06779579201665265,0.38598934433829163,0.735028434968746
0.025223521582286523,0.1748896685043735,0.06706765761445925,0.4987187191771638,0.06523612428622919,0.30093153748970647,0.7886205963944739,0.025223521582286523,0.1748896685043735,0.06706765761445925,0.4987187191771638,0.06523612428622919,0.30093153748970647,0.7886205963944739
0.026528211235077585,0.18132524511900247,0.126538954311109,0.4604804639578382,0.011383038582684349,0.4222659877227165,0.7488475803500998,0.026528211235077585,0.18132524511900247,0.126538954311109,0.4604804639578382,0.011383038582684349,0.4222659877227165,0.7488475803500998
0.14162316648493556,0.24155079046683656,0.070228450000809,0.46613304120111787,0.010921262339290475,0.31829960802659063,0.7742582361631372,0.14162316648493556,0.24155079046683656,0.070228450000809,0.46613304120111787,0.010921262339290475,0.31829960802659063,0.7742582361631372
0.09991662077402652,0.2663099491425706,0.08874875732493226,0.49295678949824984,0.030490216912790656,0.33907648305883437,0.7439728323263848,0.09991662077402652,0.2663099491425706,0.08874875732493226,0.49295678949824984,0.030490216912790656,0.33907648305883437,0.7439728323263848
0.08828233726403874,0.19188265079761413,0.18765237112861127,0.5333731178238507,0.011353282476984283,0.3234727981294324,0.7297600554985003,0.08828233726403874,0.19188265079761413,0.18765237112861127,0.5333731178238507,0.011353282476984283,0.3234727981294324,0.7297600554985003
0.04221744357360824,0.207725957653929,0.11538373844289976,0.5171326351629414,0.08588474569699119,0.3373228380898789,0.7446270921836751,0.04221744357360824,0.207725957653929,0.11538373844289976,0.5171326351629414,0.08588474569699119,0.3373228380898789,0.7446270921836751
0.043370720064111266,0.23700771971185494,0.11863061438354287,0.5157784674777316,0.05695202479933984,0.33594084784430456,0.7395760909836051,0.043370720064111266,0.23700771971185494,0.11863061438354287,0.5157784674777316,0.05695202479933984,0.33594084784430456,0.7395760909836051
0.024680448164233704,0.17609512811700503,0.06778668111835592,0.5484559402014214,0.011869682435845925,0.3582170011213676,0.7319504889158764,0.024680448164233704,0.17609512811700503,0.06778668111835592,0.5484559402014214,0.011869682435845925,0.3582170011213676,0.7319504889158764
0.039803971267570015,0.22745577608345047,0.11627891380773672,0.5062774907531724,0.02588261978994019,0.3291215766503925,0.7540053652538001,0.039803971267570015,0.22745577608345047,0.11627891380773672,0.5062774907531724,0.02588261978994019,0.3291215766503925,0.7540053652538001
0.13007755359010278,0.2055873889966949,0.0888829780015236,0.4903215942033206,0.028208043871907163,0.37042284915790386,0.7456372075462805,0.13007755359010278,0.2055873889966949,0.0888829780015236,0.4903215942033206,0.028208043871907163,0.37042284915790386,0.7456372075462805
0.14798498675340027,0.19265139395864583,0.14055476664031308,0.4946962031678908,0.06006921798344703,0.3337292215685097,0.7501892450617217,0.14798498675340027,0.19265139395864583,0.14055476664031308,0.4946962031678908,0.06006921798344703,0.3337292215685097,0.7501892450617217
0.04258911982005503,0.2925291074393161,0.09010422144410797,0.5084995821031786,0.02770097081438026,0.3328346932141444,0.7321182635999947,0.04258911982005503,0.2925291074393161,0.09010422144410797,0.5084995821031786,0.02770097081438026,0.3328346932141444,0.7321182635999947
0.026199371605750085,0.18871160799403616,0.1867631872948546,0.5249089452691176,0.01035850668210909,0.37621790843177155,0.7161033220348804,0.026199371605750085,0.18871160799403616,0.1867631872948546,0.5249089452691176,0.01035850668210909,0.37621790843177155,0.7161033220348804
0.027666138481428636,0.1839130326441452,0.067662489422356,0.45670013626111705,0.009623452920136447,0.528365815532356,0.688680843635292,0.027666138481428636,0.1839130326441452,0.067662489422356,0.45670013626111705,0.009623452920136447,0.528365815532356,0.688680843635292
0.02711569935158277,0.18113696248744424,0.06839922203958192,0.5102424969710679,0.06762543421643807,0.3669630290615269,0.7504705161495021,0.02711569935158277,0.18113696248744424,0.06839922203958192,0.5102424969710679,0.06762543421643807,0.3669630290615269,0.7504705161495021
0.024062584287069703,0.238088296683234,0.0705725995226409,0.4708148865041246,0.12788257967546363,0.3189648422263097,0.7736747122609743,0.024062584287069703,0.238088296683234,0.0705725995226409,0.4708148865041246,0.12788257967546363,0.3189648422263097,0.7736747122609743
0.0436989218584149,0.20432451739010346,0.14978082637662518,0.5420438404502202,0.02798663416915969,0.33208690345579656,0.7289824811321317,0.0436989218584149,0.20432451739010346,0.14978082637662518,0.5420438404502202,0.02798663416915969,0.33208690345579656,0.7289824811321317
0.04384845243206554,0.20215748464930414,0.08551622315717647,0.5085348366069945,0.0864949293913136,0.3292424293040202,0.7593583597302175,0.04384845243206554,0.20215748464930414,0.08551622315717647,0.5085348366069945,0.0864949293913136,0.3292424293040202,0.7593583597302175
0.024335030921555405,0.23816108292359653,0.06658932798744818,0.5121076783500802,0.010297515739826494,0.42829482016546266,0.7027218557611956,0.024335030921555405,0.23816108292359653,0.06658932798744818,0.5121076783500802,0.010297515739826494,0.42829482016546266,0.7027218557611956
0.028837684211583465,0.315475127700144,0.193086749991748,0.4733675263678043,0.00987038310142489,0.3223664201339817,0.7316012504909558,0.028837684211583465,0.315475127700144,0.193086749991748,0.4733675263678043,0.00987038310142489,0.3223664201339817,0.7316012504909558
0.04215718512873643,0.2065267542367946,0.1768009390689501,0.4834128213668878,0.028360040467982593,0.3359134110521909,0.7607767148406159,0.04215718512873643,0.2065267542367946,0.1768009390689501,0.4834128213668878,0.028360040467982593,0.3359134110521909,0.7607767148406159
0.07159900357776018,0.20332200124945532,0.09245052545716516,0.5085764213809629,0.02867156879448806,0.39059085065276705,0.7308493363256442,0.07159900357776018,0.20332200124945532,0.09245052545716516,0.5085764213809629,0.02867156879448806,0.39059085065276705,0.7308493363256442
0.1020101789421966,0.2085197397359235,0.09202034075093751,0.4925022494037942,0.062111762409946064,0.36686491600623405,0.74722574899931,0.1020101789421966,0.2085197397359235,0.09202034075093751,0.4925022494037942,0.062111762409946064,0.36686491600623405,0.74722574899931
0.10284791327533259,0.20425524689399008,0.08802237529323388,0.5200337276691872,0.05871371202483534,0.3391078995985991,0.743026404581459,0.10284791327533259,0.20425524689399008,0.08802237529323388,0.5200337276691872,0.05871371202483534,0.3391078995985991,0.743026404581459
0.08259264007711177,0.18182208708237332,0.0703676699665238,0.4560940110598397,0.009885123606737954,0.4242836311526804,0.7542680256716582,0.08259264007711177,0.18182208708237332,0.0703676699665238,0.4560940110598397,0.009885123606737954,0.4242836311526804,0.7542680256716582
0.08021006698565142,0.1793663519194233,0.06537176635658817,0.56005819777514,0.010693400822121148,0.3004583980168155,0.7445405242619068,0.08021006698565142,0.1793663519194233,0.06537176635658817,0.56005819777514,0.010693400822121148,0.3004583980168155,0.7445405242619068
0.04320941141533909,0.25830901365889797,0.08734852968234948,0.5059330908420739,0.02620163146236223,0.3280577752771325,0.7487199029033049,0.04320941141533909,0.25830901365889797,0.08734852968234948,0.5059330908420739,0.02620163146236223,0.3280577752771325,0.7487199029033049
0.031652401663695366,0.24261710747164422,0.12468571890994928,0.45368534260137106,0.009740631731888709,0.3760823331375226,0.7608008755746777,0.031652401663695366,0.24261710747164422,0.12468571890994928,0.45368534260137106,0.009740631731888709,0.3760823331375226,0.7608008755746777
0.04249573293623921,0.2351570520960033,0.14705701609796684,0.48716187769785724,0.027017102358910507,0.3662547511953128,0.7418388812655251,0.04249573293623921,0.2351570520960033,0.14705701609796684,0.48716187769785724,0.027017102358910507,0.3662547511953128,0.7418388812655251
0.14342806604441574,0.18748419550050124,0.13363468800720646,0.46902646754546046,0.009547619811911516,0.31635603884695024,0.7792252455695208,0.14342806604441574,0.18748419550050124,0.13363468800720646,0.46902646754546046,0.009547619811911516,0.31635603884695024,0.7792252455695208
0.20809200545426682,0.25370750305776474,0.07325384084131915,0.4816175444965598,0.011892426219287539,0.33024471965709046,0.7396018892956531,0.20809200545426682,0.25370750305776474,0.07325384084131915,0.4816175444965598,0.011892426219287539,0.33024471965709046,0.7396018892956531
0.019670180842707847,0.24524288145235767,0.24498666754577367,0.4825764888732915,0.008746944660333152,0.32684606186664444,0.7354201218146371,0.019670180842707847,0.24524288145235767,0.24498666754577367,0.4825764888732915,0.008746944660333152,0.32684606186664444,0.7354201218146371
0.08278194741855696,0.24063807204739562,0.07484554551965121,0.5779947165783612,0.01116988350825014,0.3155429647098076,0.7053452808826253,0.08278194741855696,0.24063807204739562,0.07484554551965121,0.5779947165783612,0.01116988350825014,0.3155429647098076,0.7053452808826253
0.02417767269621016,0.17145866135562582,0.06621461787173942,0.5400067771639964,0.00965736408487324,0.2917001636087585,0.7685162534540284,0.02417767269621016,0.17145866135562582,0.06621461787173942,0.5400067771639964,0.00965736408487324,0.2917001636087585,0.7685162534540284
0.02464613976704929,0.17523554696557175,0.06538540994429887,0.4357724063088435,0.06474140316650484,0.29565779034577166,0.8271772928742376,0.02464613976704929,0.17523554696557175,0.06538540994429887,0.4357724063088435,0.06474140316650484,0.29565779034577166,0.8271772928742376
0.023594075900816275,0.23425143767031198,0.0696002582527746,0.4481978170825465,0.06512404299728602,0.3084065506243137,0.80054166434239,0.023594075900816275,0.23425143767031198,0.0696002582527746,0.4481978170825465,0.06512404299728602,0.3084065506243137,0.80054166434239
0.08159752569156613,0.17882741387865927,0.06642866219577033,0.5042340247366719,0.01287987722694826,0.30327729347992727,0.7820190517827613,0.08159752569156613,0.17882741387865927,0.06642866219577033,0.5042340247366719,0.01287987722694826,0.30327729347992727,0.7820190517827613
0.022675266579357072,0.2691809566231073,0.06771795866826022,0.4721823172807979,0.1967393832778939,0.3212202398152608,0.7473278878012932,0.022675266579357072,0.2691809566231073,0.06771795866826022,0.4721823172807979,0.1967393832778939,0.3212202398152608,0.7473278878012932
0.07115581642637825,0.20869143253976094,0.08821096965357858,0.49800795766285944,0.12469990989742955,0.34350365986672443,0.7503430317742418,0.07115581642637825,0.20869143253976094,0.08821096965357858,0.49800795766285944,0.12469990989742955,0.34350365986672443,0.7503430317742418
0.02508769568456039,0.2933950817168787,0.05856031784981156,0.4375882475429083,0.009603753375156784,0.3005298534852985,0.7931587055168519,0.02508769568456039,0.2933950817168787,0.05856031784981156,0.4375882475429083,0.009603753375156784,0.3005298534852985,0.7931587055168519
0.08733538119809868,0.2532115169379907,0.1357642449132967,0.4854012190480536,0.06751272801559179,0.33091873917641496,0.7493984339619182,0.08733538119809868,0.2532115169379907,0.1357642449132967,0.4854012190480536,0.06751272801559179,0.33091873917641496,0.7493984339619182
0.08417620988270104,0.18970962527914023,0.19038140174437357,0.4713097364745847,0.011066670297772155,0.32130547546977173,0.7722229663516493,0.08417620988270104,0.18970962527914023,0.19038140174437357,0.4713097364745847,0.011066670297772155,0.32130547546977173,0.7722229663516493
0.06831746381580679,0.19973838097610408,0.11528949476158715,0.5177884279956741,0.025938790601264094,0.36641845119364574,0.7348169530426575,0.06831746381580679,0.19973838097610408,0.11528949476158715,0.5177884279956741,0.025938790601264094,0.36641845119364574,0.7348169530426575
0.07323040786914775,0.23740967732348206,0.11677320569665683,0.49101560880538836,0.026393846259913235,0.36510968263291965,0.7422680485105486,0.07323040786914775,0.23740967732348206,0.11677320569665683,0.49101560880538836,0.026393846259913235,0.36510968263291965,0.7422680485105486
0.04518483283018024,0.21177922814632572,0.2062248323011784,0.4904627793890442,0.030187751939402915,0.3405969363263124,0.744710919472316,0.04518483283018024,0.21177922814632572,0.2062248323011784,0.4904627793890442,0.030187751939402915,0.3405969363263124,0.744710919472316
0.07210330885330747,0.20291646312960632,0.11610665504721354,0.5105436483531304,0.024767188363402106,0.33023342282501694,0.755576971065234,0.07210330885330747,0.20291646312960632,0.11610665504721354,0.5105436483531304,0.024767188363402106,0.33023342282501694,0.755576971065234
0.08576986878617128,0.1827192479052193,0.12758927744513543,0.516131631053617,0.008270028912977291,0.3124595094317305,0.7619543112954411,0.08576986878617128,0.1827192479052193,0.12758927744513543,0.516131631053617,0.008270028912977291,0.3124595094317305,0.7619543112954411
0.09502448576816698,0.21330852068160622,0.14748798339440441,0.49261365245629957,0.028784832407175134,0.3384666690975202,0.7527094936024737,0.09502448576816698,0.21330852068160622,0.14748798339440441,0.49261365245629957,0.028784832407175134,0.3384666690975202,0.7527094936024737
0.026158635385820292,0.17643822114201577,0.06729871044324026,0.44566176746803116,0.010151219195721081,0.46915157078369296,0.7389607426916012,0.026158635385820292,0.17643822114201577,0.06729871044324026,0.44566176746803116,0.010151219195721081,0.46915157078369296,0.7389607426916012
0.06994664127709366,0.2266283519748453,0.08590380457120701,0.47620330430662394,0.026378895556742527,0.32641215112631566,0.7769193204517759,0.06994664127709366,0.2266283519748453,0.08590380457120701,0.47620330430662394,0.026378895556742527,0.32641215112631566,0.7769193204517759
0.08491206484519144,0.19166578809885335,0.131823124198399,0.48168638694968713,0.07597420836451463,0.39103868932984515,0.7410371150787666,0.08491206484519144,0.19166578809885335,0.131823124198399,0.48168638694968713,0.07597420836451463,0.39103868932984515,0.7410371150787666
0.04133591658754946,0.20019690880606766,0.08562354858536034,0.5182371074449765,0.026200879942999793,0.320156741211155,0.7618012289931291,0.04133591658754946,0.20019690880606766,0.08562354858536034,0.5182371074449765,0.026200879942999793,0.320156741211155,0.7618012289931291
0.08209973631930595,0.2961276569382286,0.06986379562985812,0.4575881303963415,0.010518969447432618,0.3054809196617834,0.7737954861425473,0.08209973631930595,0.2961276569382286,0.06986379562985812,0.4575881303963415,0.010518969447432618,0.3054809196617834,0.7737954861425473
0.04632549733276041,0.2397123191092386,0.12172482559015706,0.49564495747886056,0.08391704899688185,0.3440017404673498,0.7462120273744178,0.04632549733276041,0.2397123191092386,0.12172482559015706,0.49564495747886056,0.08391704899688185,0.3440017404673498,0.7462120273744178
0.026878317680575376,0.2541007396331515,0.1951012323482114,0.4815543928758599,0.07292271751398408,0.3282088392170348,0.743441528362054,0.026878317680575376,0.2541007396331515,0.1951012323482114,0.4815543928758599,0.07292271751398408,0.3282088392170348,0.743441528362054
0.10019123288850515,0.22793611866273877,0.08510509354232672,0.4812781646306362,0.02906270360348677,0.33272034294559644,0.7669333969916494,0.10019123288850515,0.22793611866273877,0.08510509354232672,0.4812781646306362,0.02906270360348677,0.33272034294559644,0.7669333969916494
0.07221195546333432,0.20295761245098298,0.12049468519126823,0.4873769896701646,0.027815395815656316,0.39584780118834495,0.7384596581244065,0.07221195546333432,0.20295761245098298,0.12049468519126823,0.4873769896701646,0.027815395815656316,0.39584780118834495,0.7384596581244065
0.0776477070288441,0.23440453701477665,0.09028228456954107,0.4910352948030858,0.05168351518642944,0.33862391897187477,0.7571973733729777,0.0776477070288441,0.23440453701477665,0.09028228456954107,0.4910352948030858,0.05168351518642944,0.33862391897187477,0.7571973733729777
0.02461807080162828,0.25026504608588857,0.1289471731479935,0.533506797913498,0.06860008898850607,0.32105342596508474,0.727470664801065,0.02461807080162828,0.25026504608588857,0.1289471731479935,0.533506797913498,0.06860008898850607,0.32105342596508474,0.727470664801065
