f_1,f_2,f_3,f_4,f_5,f_6,f_7,f_1_min,f_2_min,f_3_min,f_4_min,f_5_min,f_6_min,f_7_min
0.7126375518407345,0.06600612005211984,0.3171384844080061,8.394237977327219,0.780943811715528,0.7900118848560442,0.06451864000112095,0.7126375518407345,0.06600612005211984,0.3171384844080061,8.394237977327219,0.780943811715528,0.7900118848560442,0.06451864000112095
0.8164771949748626,0.09558161376539462,0.0887201094972526,7.121672821172596,0.8531524050081489,0.779009906131201,0.813870235645464,0.8164771949748626,0.09558161376539462,0.0887201094972526,7.121672821172596,0.8531524050081489,0.779009906131201,0.813870235645464
0.0326906866450891,0.11806033923551407,0.8957871699764319,5.586473094246713,0.8669079073961924,0.7851081764829055,0.0,0.0326906866450891,0.11806033923551407,0.8957871699764319,5.586473094246713,0.8669079073961924,0.7851081764829055,0.0
0.7683560796062978,0.06552878173970884,0.10880551579786868,9.131606211420278,0.7820102371733243,0.7844508140021283,0.0064897311996393835,0.7683560796062978,0.06552878173970884,0.10880551579786868,9.131606211420278,0.7820102371733243,0.7844508140021283,0.0064897311996393835
0.803605904867987,0.08825004188560981,0.18127725306152542,7.004287875657104,0.7751411881939482,0.7792402027461167,0.7778718691394314,0.803605904867987,0.08825004188560981,0.18127725306152542,7.004287875657104,0.7751411881939482,0.7792402027461167,0.7778718691394314
0.0936932192953325,0.7617277698435791,0.07825579724648639,7.61031481383884,0.7754011391231895,0.7845037308499004,0.8441584746988262,0.0936932192953325,0.7617277698435791,0.07825579724648639,7.61031481383884,0.7754011391231895,0.7845037308499004,0.8441584746988262
0.8735882882970187,0.13670693965062525,0.13393536785269033,5.116027301701836,0.7709287381744793,0.7846511180961488,0.4715435031218484,0.8735882882970187,0.13670693965062525,0.13393536785269033,5.116027301701836,0.7709287381744793,0.7846511180961488,0.4715435031218484
0.7330111246630152,0.1196568774187332,0.2126048008440187,8.479117468446491,0.8174673990361239,0.7809970689137795,0.9738111319562176,0.7330111246630152,0.1196568774187332,0.2126048008440187,8.479117468446491,0.8174673990361239,0.7809970689137795,0.9738111319562176
0.7421539893623426,0.19677770942920175,0.07767163221064032,8.095507789884408,0.775929224111074,0.7787334221310025,0.9763516764304818,0.7421539893623426,0.19677770942920175,0.07767163221064032,8.095507789884408,0.775929224111074,0.7787334221310025,0.9763516764304818
0.15529602118307265,0.8112110682093248,0.10923067453743948,7.098061977298384,0.7792363398458455,0.7838545174098949,0.009060882955906407,0.15529602118307265,0.8112110682093248,0.10923067453743948,7.098061977298384,0.7792363398458455,0.7838545174098949,0.009060882955906407
0.3012046680794595,0.700821214562127,0.1429952024912936,8.021558372630327,0.9535382729171058,0.7839570431982108,0.19661569207345747,0.3012046680794595,0.700821214562127,0.1429952024912936,8.021558372630327,0.9535382729171058,0.7839570431982108,0.19661569207345747
0.09684038730101575,0.010538023455936728,0.7630608240459177,7.129995969456789,0.7742316691702775,0.7793859259420791,0.8858836263132258,0.09684038730101575,0.010538023455936728,0.7630608240459177,7.129995969456789,0.7742316691702775,0.7793859259420791,0.8858836263132258
0.009245420409718567,0.08861234043065862,0.8539114222852183,7.4230566194291665,0.7796519598139822,0.7899057981906182,0.07143011881196733,0.009245420409718567,0.08861234043065862,0.8539114222852183,7.4230566194291665,0.7796519598139822,0.7899057981906182,0.07143011881196733
0.07676362457488982,0.007505384001958186,0.7720486100030343,7.935671864531135,0.8572945351172342,0.7882289397155484,0.07206002965851013,0.07676362457488982,0.007505384001958186,0.7720486100030343,7.935671864531135,0.8572945351172342,0.7882289397155484,0.07206002965851013
0.1915802659833664,0.7484689464351946,0.07612266653020183,8.054136319144803,0.780193243299324,0.8590449552133096,0.00021463030862192323,0.1915802659833664,0.7484689464351946,0.07612266653020183,8.054136319144803,0.780193243299324,0.8590449552133096,0.00021463030862192323
0.7033522004141837,0.20118354942109248,0.2518149982461614,7.582803514902935,0.9087012586464763,0.8483451123109383,0.14432212400521974,0.7033522004141837,0.20118354942109248,0.2518149982461614,7.582803514902935,0.9087012586464763,0.8483451123109383,0.14432212400521974
0.06550209885984952,0.7683674825172639,0.10878090609343363,9.135526940642444,0.7820092332022953,0.7844516091491293,0.006492458002022195,0.06550209885984952,0.7683674825172639,0.10878090609343363,9.135526940642444,0.7820092332022953,0.7844516091491293,0.006492458002022195
0.07693747696200333,0.7284659547117373,0.24651740031273095,7.3270830796083395,0.7771944520864659,0.944738185614619,0.262991375333493,0.07693747696200333,0.7284659547117373,0.24651740031273095,7.3270830796083395,0.7771944520864659,0.944738185614619,0.262991375333493
0.0743918804798658,0.007237518984556181,0.7682578864552354,7.933932793383396,0.8129055464806401,0.7802110717862756,0.8767884013905828,0.0743918804798658,0.007237518984556181,0.7682578864552354,7.933932793383396,0.8129055464806401,0.7802110717862756,0.8767884013905828
0.7498728844634068,0.0892163658277576,0.1406698935078839,6.61749159829584,0.7729542574952151,0.7804109151993258,0.8854627432767486,0.7498728844634068,0.0892163658277576,0.1406698935078839,6.61749159829584,0.7729542574952151,0.7804109151993258,0.8854627432767486
0.8667258830955982,0.12475790422381813,0.1437744361125223,5.264713173130742,0.9433802919660956,0.7804053420690666,0.42270387632149864,0.8667258830955982,0.12475790422381813,0.1437744361125223,5.264713173130742,0.9433802919660956,0.7804053420690666,0.42270387632149864
0.0824637589531201,0.7611943780252239,0.08335844411510172,7.10919603368167,0.7789757271335573,0.7792618978269261,0.7883983304085739,0.0824637589531201,0.7611943780252239,0.08335844411510172,7.10919603368167,0.7789757271335573,0.7792618978269261,0.7883983304085739
0.08639990923614113,0.009778608835907324,0.7682690763527122,6.797178378595436,0.7742554146791377,0.7791981884252221,0.7489022713799605,0.08639990923614113,0.009778608835907324,0.7682690763527122,6.797178378595436,0.7742554146791377,0.7791981884252221,0.7489022713799605
0.1998664793140983,0.7360696870375408,0.08771336578386413,6.676056386033054,0.7770522984471802,0.822027333220549,0.7838365832179962,0.1998664793140983,0.7360696870375408,0.08771336578386413,6.676056386033054,0.7770522984471802,0.822027333220549,0.7838365832179962
0.11386391167954847,0.0137377661582367,0.8922669828358155,6.384214828050411,0.7778974837190175,0.7835113622588106,0.010416732400201544,0.11386391167954847,0.0137377661582367,0.8922669828358155,6.384214828050411,0.7778974837190175,0.7835113622588106,0.010416732400201544
0.009424831763024347,0.07643676336983772,0.7689318983233562,7.70820802304756,0.7759183259351418,0.8211284007620833,0.7809753188526458,0.009424831763024347,0.07643676336983772,0.7689318983233562,7.70820802304756,0.7759183259351418,0.8211284007620833,0.7809753188526458
0.01279056991122598,0.10658770187980053,0.7639736895125676,6.4087657797451705,0.9824878762423077,0.7836311403780208,0.018572279648681578,0.01279056991122598,0.10658770187980053,0.7639736895125676,6.4087657797451705,0.9824878762423077,0.7836311403780208,0.018572279648681578
0.10566430181632683,0.012710014076575358,0.8782841433050884,6.361851526713399,0.7722123495013568,0.7792577646661082,0.7924967726518058,0.10566430181632683,0.012710014076575358,0.8782841433050884,6.361851526713399,0.7722123495013568,0.7792577646661082,0.7924967726518058
0.06986059553393058,0.006309197819391944,0.7767018120298184,8.614386808098965,0.7811575900551828,0.784336729224143,0.0,0.06986059553393058,0.006309197819391944,0.7767018120298184,8.614386808098965,0.7811575900551828,0.784336729224143,0.0
0.009209140625209814,0.08472517045546156,0.7664534915316197,7.071301966523669,0.8902328934456091,0.7837919995565285,0.7857574309040015,0.009209140625209814,0.08472517045546156,0.7664534915316197,7.071301966523669,0.8902328934456091,0.7837919995565285,0.7857574309040015
0.7342496052428158,4.131985759586539,0.7457521787081742,0.7574349486562839,0.769317490432133,0.7813529347152106,0.012447879447035846,0.7342496052428158,4.131985759586539,0.7457521787081742,0.7574349486562839,0.769317490432133,0.7813529347152106,0.012447879447035846
0.7358473131572353,0.1292547165676026,0.19862149293587697,7.741105533231077,0.7769103449971329,0.7823035305346918,0.7245599576060875,0.7358473131572353,0.1292547165676026,0.19862149293587697,7.741105533231077,0.7769103449971329,0.7823035305346918,0.7245599576060875
0.08559766537181202,0.7560747980229438,0.0861444814392195,6.763923501974402,0.9328008397032554,0.782187869034862,0.8475529560340119,0.08559766537181202,0.7560747980229438,0.0861444814392195,6.763923501974402,0.9328008397032554,0.782187869034862,0.8475529560340119
0.257154898318479,0.6892978587367108,0.22272407861833116,6.855886313517679,0.8064316531903911,0.7800950245669603,0.7924625545369898,0.257154898318479,0.6892978587367108,0.22272407861833116,6.855886313517679,0.8064316531903911,0.7800950245669603,0.7924625545369898
2.627563699608471,0.6758220487296434,0.6999013139704009,0.7616176677939043,0.7468138097570137,0.8130306001800668,0.2889906354062634,2.627563699608471,0.6758220487296434,0.6999013139704009,0.7616176677939043,0.7468138097570137,0.8130306001800668,0.2889906354062634
0.27453524819139763,0.7401298592289841,0.08345529550252703,7.318009811532032,0.9051208455158736,0.7845991927423838,0.01182137061158604,0.27453524819139763,0.7401298592289841,0.08345529550252703,7.318009811532032,0.9051208455158736,0.7845991927423838,0.01182137061158604
0.7398799843443782,0.13029759300991897,0.16922957449768916,7.3220082172422565,0.8097918838204318,0.7804419988016986,0.839952006927891,0.7398799843443782,0.13029759300991897,0.16922957449768916,7.3220082172422565,0.8097918838204318,0.7804419988016986,0.839952006927891
0.07162945621190983,0.023099885969087724,0.7725716803139399,8.009916532061359,0.779393967434871,0.8936274281083583,0.09685548290032686,0.07162945621190983,0.023099885969087724,0.7725716803139399,8.009916532061359,0.779393967434871,0.8936274281083583,0.09685548290032686
0.15596563928263185,0.7389445494995363,0.11894006493754042,6.365273808710333,0.8652405248117395,0.7797240981785529,0.8821293556552562,0.15596563928263185,0.7389445494995363,0.11894006493754042,6.365273808710333,0.8652405248117395,0.7797240981785529,0.8821293556552562
0.7104295417382033,0.09884601380230482,0.2882590574237686,8.532196480338404,0.8550420008481178,0.8015124482382037,0.8877543941452106,0.7104295417382033,0.09884601380230482,0.2882590574237686,8.532196480338404,0.8550420008481178,0.8015124482382037,0.8877543941452106
0.6751947565767126,0.2530839118371524,0.25727023431514334,6.282977353224328,0.8308506309700799,0.7777921963422958,0.7788387173051625,0.6751947565767126,0.2530839118371524,0.25727023431514334,6.282977353224328,0.8308506309700799,0.7777921963422958,0.7788387173051625
0.6995211785898751,0.06346336923854115,0.34282643551753555,8.55523491742649,0.7794761065011729,0.9694584706354337,0.06520815301138125,0.6995211785898751,0.06346336923854115,0.34282643551753555,8.55523491742649,0.7794761065011729,0.9694584706354337,0.06520815301138125
1.082445070294367e-17,1.082445070294367e-17,1.530808498934192e-17,2.1648901405887338e-17,3.0616169978683836e-17,4.329780281177467e-17,1.0,1.082445070294367e-17,1.082445070294367e-17,1.530808498934192e-17,2.1648901405887338e-17,3.0616169978683836e-17,4.329780281177467e-17,1.0
0.8743397339820629,0.14376347928678265,0.10635188229344567,6.360644395311342,0.8306982568008741,0.777335873572039,0.8252111023474749,0.8743397339820629,0.14376347928678265,0.10635188229344567,6.360644395311342,0.8306982568008741,0.777335873572039,0.8252111023474749
0.09016133207022763,0.7015815714850947,0.3218303481606479,6.95028763103852,0.7791828215329095,0.7837830708963949,0.027279777393384157,0.09016133207022763,0.7015815714850947,0.3218303481606479,6.95028763103852,0.7791828215329095,0.7837830708963949,0.027279777393384157
0.2861956240234107,0.650883045809936,0.3190741779306272,7.642424739773578,0.7802831771610625,0.7840525844160962,0.030993125382475596,0.2861956240234107,0.650883045809936,0.3190741779306272,7.642424739773578,0.7802831771610625,0.7840525844160962,0.030993125382475596
0.8053967581100476,0.1039509150607643,0.13503196535951528,5.883969934702135,0.9240528835328479,0.783020436202312,0.820871876455643,0.8053967581100476,0.1039509150607643,0.13503196535951528,5.883969934702135,0.9240528835328479,0.783020436202312,0.820871876455643
0.14021151042069202,0.725228645556423,3.821129581643819,0.7523327708992423,0.7683433563865738,0.7836019175369875,0.00049612581052701,0.14021151042069202,0.725228645556423,3.821129581643819,0.7523327708992423,0.7683433563865738,0.7836019175369875,0.00049612581052701
0.6877537129507759,0.23652880067905416,0.25190960723692224,7.268010452780507,0.7738894990441276,0.7782158338630439,0.8982175230942169,0.6877537129507759,0.23652880067905416,0.25190960723692224,7.268010452780507,0.7738894990441276,0.7782158338630439,0.8982175230942169
0.09835751832714074,0.6841703243082187,0.3414197955647856,6.67513533781995,0.8854085111514367,0.8378825096732069,0.1393615847382685,0.09835751832714074,0.6841703243082187,0.3414197955647856,6.67513533781995,0.8854085111514367,0.8378825096732069,0.1393615847382685
0.011934540868927507,0.09017944777565404,0.8244350336155717,6.997859317371736,0.897149342537986,0.7849993168847015,0.0,0.011934540868927507,0.09017944777565404,0.8244350336155717,6.997859317371736,0.897149342537986,0.7849993168847015,0.0
0.8269844703631726,0.0881835174026833,0.09939862573194215,7.2617160860528305,0.779475106590332,0.7868248894662613,0.00041057028005456376,0.8269844703631726,0.0881835174026833,0.09939862573194215,7.2617160860528305,0.779475106590332,0.7868248894662613,0.00041057028005456376
0.0780157429368365,0.028057249374445384,0.8274469881404957,7.691653993589491,0.7752013335755177,0.782827619579972,0.887066737222202,0.0780157429368365,0.028057249374445384,0.8274469881404957,7.691653993589491,0.7752013335755177,0.782827619579972,0.887066737222202
0.7508998765804008,0.15899885981804648,0.081507368797296,7.310849999672671,0.7750246575719032,0.7793196749953308,0.8119094462476311,0.7508998765804008,0.15899885981804648,0.081507368797296,7.310849999672671,0.7750246575719032,0.7793196749953308,0.8119094462476311
0.001036413821042432,0.007816750353680334,0.07768313613170703,0.7762006768022031,0.07874433379663963,7.794406649827792,0.011109729014042155,0.001036413821042432,0.007816750353680334,0.07768313613170703,0.7762006768022031,0.07874433379663963,7.794406649827792,0.011109729014042155
0.0697484728683284,0.6873575648747757,0.3409428132148006,7.59035911877302,0.7787668430991057,0.7878049825255053,0.9398580552428604,0.0697484728683284,0.6873575648747757,0.3409428132148006,7.59035911877302,0.7787668430991057,0.7878049825255053,0.9398580552428604
0.10639258361648438,0.7592438748424121,0.07903556435476128,7.476200161514072,0.84619086042991,0.7839596716816848,0.7966199509668571,0.10639258361648438,0.7592438748424121,0.07903556435476128,7.476200161514072,0.84619086042991,0.7839596716816848,0.7966199509668571
0.16459320892332643,0.7112910960124785,0.24445123517177392,7.381491858546711,0.7745013143655135,0.8788031482011508,0.8222015741708114,0.16459320892332643,0.7112910960124785,0.24445123517177392,7.381491858546711,0.7745013143655135,0.8788031482011508,0.8222015741708114
0.1001283810864285,0.019157214630863614,0.762161604690977,6.128645779822733,0.9182098015000095,0.7837310532274834,0.0,0.1001283810864285,0.019157214630863614,0.762161604690977,6.128645779822733,0.9182098015000095,0.7837310532274834,0.0
0.019247024516130782,0.09935968440764478,0.8411159334743312,6.354521751319058,0.8320769411746993,0.7778388911636289,0.7885505180338797,0.019247024516130782,0.09935968440764478,0.8411159334743312,6.354521751319058,0.8320769411746993,0.7778388911636289,0.7885505180338797
0.08772794466617476,0.7695923227718566,0.07916409577205465,7.583598797707726,0.8533312657207018,0.7841831551078535,0.06935302124896547,0.08772794466617476,0.7695923227718566,0.07916409577205465,7.583598797707726,0.8533312657207018,0.7841831551078535,0.06935302124896547
0.08942458013147879,0.23161927437708763,0.0997025075209708,0.6620806513085041,1.849589974882911,0.7654718843417662,0.16400903064891123,0.08942458013147879,0.23161927437708763,0.0997025075209708,0.6620806513085041,1.849589974882911,0.7654718843417662,0.16400903064891123
0.7355163598623917,0.10255559300758214,0.2045896749899144,7.020843833114475,0.7743348718662,0.8300523711973625,0.7468754633053344,0.7355163598623917,0.10255559300758214,0.2045896749899144,7.020843833114475,0.7743348718662,0.8300523711973625,0.7468754633053344
0.767237577939906,0.07353437696342939,0.08236813853789403,8.0876106833198,0.9678735977900984,0.7843089780363574,0.024507195943779383,0.767237577939906,0.07353437696342939,0.08236813853789403,8.0876106833198,0.9678735977900984,0.7843089780363574,0.024507195943779383
0.007873016345297829,0.09062856832464736,0.7723870473272164,8.952625541212914,0.7810426596602765,0.88610888711268,0.006371761811017935,0.007873016345297829,0.09062856832464736,0.7723870473272164,8.952625541212914,0.7810426596602765,0.88610888711268,0.006371761811017935
0.06753622929113078,0.6775708187602799,0.36523498832942763,7.952770681589465,0.7761512593665068,0.7810808710077107,0.853610124264343,0.06753622929113078,0.6775708187602799,0.36523498832942763,7.952770681589465,0.7761512593665068,0.7810808710077107,0.853610124264343
0.008949823435224023,0.0825489088917448,0.7658536588708205,7.081544410205385,0.8901609167861632,0.7839462256841713,0.8600241068854891,0.008949823435224023,0.0825489088917448,0.7658536588708205,7.081544410205385,0.8901609167861632,0.7839462256841713,0.8600241068854891
0.009650950091218155,0.09027197994683271,0.8492288766437025,7.225491946481229,0.7778151627043551,0.9154885774866108,0.06972613196492858,0.009650950091218155,0.09027197994683271,0.8492288766437025,7.225491946481229,0.7778151627043551,0.9154885774866108,0.06972613196492858
0.7517180417963909,0.07347548315222213,0.17750093052214422,7.937896690360479,0.8566570043741463,0.7840584215863018,0.12721031487603768,0.7517180417963909,0.07347548315222213,0.17750093052214422,7.937896690360479,0.8566570043741463,0.7840584215863018,0.12721031487603768
0.8253760260161231,0.08326690201912561,0.08368955380676059,7.638079155751774,0.7754711851158376,0.779072172719605,0.8810707485588364,0.8253760260161231,0.08326690201912561,0.08368955380676059,7.638079155751774,0.7754711851158376,0.779072172719605,0.8810707485588364
0.7543559961874399,0.11158074982440264,0.13866209441733882,5.24358215185814,0.7750309792063494,0.8193341003671158,0.09378709521180773,0.7543559961874399,0.11158074982440264,0.13866209441733882,5.24358215185814,0.7750309792063494,0.8193341003671158,0.09378709521180773
0.7677985212077106,0.08196641424222882,0.09146966982859091,7.248257262032368,0.7782319312653292,0.888093246766069,0.011981973673343905,0.7677985212077106,0.08196641424222882,0.09146966982859091,7.248257262032368,0.7782319312653292,0.888093246766069,0.011981973673343905
0.6810961010336039,0.2520903945119929,0.2507924248441152,7.03760884861924,0.7728222839710527,0.8399381284182357,0.8684628724762529,0.6810961010336039,0.2520903945119929,0.2507924248441152,7.03760884861924,0.7728222839710527,0.8399381284182357,0.8684628724762529
0.7576308578307203,0.08785843560665677,0.08341193375025069,7.015687449991712,0.8382517825179915,0.9282855415921731,0.7828878801098839,0.7576308578307203,0.08785843560665677,0.08341193375025069,7.015687449991712,0.8382517825179915,0.9282855415921731,0.7828878801098839
0.25353480111572896,0.08686501450305788,0.7215092656257143,6.8372958916324285,0.7749681891715852,0.7795634897036305,0.7344393627519922,0.25353480111572896,0.08686501450305788,0.7215092656257143,6.8372958916324285,0.7749681891715852,0.7795634897036305,0.7344393627519922
0.7316229020206694,0.10788789767628411,0.2022593925821384,6.5234702750329925,0.7764364660784784,0.899107607233381,0.8074384324411585,0.7316229020206694,0.10788789767628411,0.2022593925821384,6.5234702750329925,0.7764364660784784,0.899107607233381,0.8074384324411585
0.08061540261597896,0.00852669162680226,0.7664278895019023,7.286594009888479,0.7750023692492766,0.7799202538237283,0.8074065613810786,0.08061540261597896,0.00852669162680226,0.7664278895019023,7.286594009888479,0.7750023692492766,0.7799202538237283,0.8074065613810786
0.7093722675492835,0.06817606978856662,0.31735466245414734,8.064166309006312,0.9671165277861585,0.7842619192760177,0.06219241842132641,0.7093722675492835,0.06817606978856662,0.31735466245414734,8.064166309006312,0.9671165277861585,0.7842619192760177,0.06219241842132641
0.010780674966826925,0.09155881213553348,0.7829683716892621,6.540939710203499,0.8868035742418011,0.8367155664468109,0.10658767688874535,0.010780674966826925,0.09155881213553348,0.7829683716892621,6.540939710203499,0.8868035742418011,0.8367155664468109,0.10658767688874535
0.7719341532360662,0.12946351483217097,0.07877485982458964,7.66969200077903,0.7759585484572893,0.8843226918119204,0.6949265108016095,0.7719341532360662,0.12946351483217097,0.07877485982458964,7.66969200077903,0.7759585484572893,0.8843226918119204,0.6949265108016095
1.4611266000043241,6.449078402082234,0.7559582003816092,0.95250647411794,0.7686346923438104,0.9649320086689847,0.9391826081368628,1.4611266000043241,6.449078402082234,0.7559582003816092,0.95250647411794,0.7686346923438104,0.9649320086689847,0.9391826081368628
0.17934108326743362,0.7549287589425238,0.07618846757641197,8.439493605894565,1.0150347368173729,0.7862011033650336,0.00968391452650007,0.17934108326743362,0.7549287589425238,0.07618846757641197,8.439493605894565,1.0150347368173729,0.7862011033650336,0.00968391452650007
0.1006993103749986,0.011336720834318104,0.9001200210662376,6.808140927916674,0.8502411864944115,0.7791175673314146,0.761000553590486,0.1006993103749986,0.011336720834318104,0.9001200210662376,6.808140927916674,0.8502411864944115,0.7791175673314146,0.761000553590486
0.10911580389150868,0.7003056519306455,0.3138201422875028,7.8236734085532325,0.8468177363484125,0.8531026983046371,0.009530321101344554,0.10911580389150868,0.7003056519306455,0.3138201422875028,7.8236734085532325,0.8468177363484125,0.8531026983046371,0.009530321101344554
0.09594562348922811,0.8344765111270785,0.08803401830326825,7.295101070564545,1.0375406007054773,0.7773179415752856,0.9778179055172819,0.09594562348922811,0.8344765111270785,0.08803401830326825,7.295101070564545,1.0375406007054773,0.7773179415752856,0.9778179055172819
0.01447036016636326,0.10433066030610609,0.7594201869263928,5.518064349678523,0.7776790951207604,0.9130656046676563,0.033825435692319085,0.01447036016636326,0.10433066030610609,0.7594201869263928,5.518064349678523,0.7776790951207604,0.9130656046676563,0.033825435692319085
0.013035764991146321,0.11254847546113321,0.9449754667204139,6.627118975747289,0.9762259054682799,0.7840594903558058,0.013993716064305673,0.013035764991146321,0.11254847546113321,0.9449754667204139,6.627118975747289,0.9762259054682799,0.7840594903558058,0.013993716064305673
0.10505308760977726,0.7256108193560546,0.2456590406349909,7.470335731708485,0.7773690333198309,0.9483012485084303,0.28018007896830477,0.10505308760977726,0.7256108193560546,0.2456590406349909,7.470335731708485,0.7773690333198309,0.9483012485084303,0.28018007896830477
0.07793157062497016,0.007566106881198918,0.7807044674719343,7.956994138268612,0.7764648620902539,0.7898180119194959,0.8351780198685491,0.07793157062497016,0.007566106881198918,0.7807044674719343,7.956994138268612,0.7764648620902539,0.7898180119194959,0.8351780198685491
3.1419824023325855,0.7014669746743784,0.7213162680525209,0.7365561450007717,0.7546894295944108,0.8239168861290371,0.33121560247564913,3.1419824023325855,0.7014669746743784,0.7213162680525209,0.7365561450007717,0.7546894295944108,0.8239168861290371,0.33121560247564913
0.21407847701774463,1.100300842341089,0.1409868244147314,5.987224684926916,1.2712026608570473,0.8148685629448895,0.0,0.21407847701774463,1.100300842341089,0.1409868244147314,5.987224684926916,1.2712026608570473,0.8148685629448895,0.0
0.7670491357363509,0.08741349968629628,0.08071890022778477,7.368523191594482,0.7796276779310458,0.8302930859900789,0.8012260883454175,0.7670491357363509,0.08741349968629628,0.08071890022778477,7.368523191594482,0.7796276779310458,0.8302930859900789,0.8012260883454175
0.1717882323082695,0.7402287586853397,0.09168824482779073,6.340412312669453,0.7705764649808484,0.783266693684543,0.8873905432275154,0.1717882323082695,0.7402287586853397,0.09168824482779073,6.340412312669453,0.7705764649808484,0.783266693684543,0.8873905432275154
0.0089405812805216,0.08461174247864321,0.8513925484682743,7.71853407684682,0.780223302321819,0.7805823711428479,0.807354560253954,0.0089405812805216,0.08461174247864321,0.8513925484682743,7.71853407684682,0.780223302321819,0.7805823711428479,0.807354560253954
0.7480185654516026,0.09789486409846827,0.10016234310472578,5.814852587941817,0.9527634769826864,0.8145739084483841,0.680216403572551,0.7480185654516026,0.09789486409846827,0.10016234310472578,5.814852587941817,0.9527634769826864,0.8145739084483841,0.680216403572551
0.8090092610920756,0.0847741462113461,0.17526004483726781,7.515576917241908,0.7742956981576999,0.7781221871208082,0.9446943540501308,0.8090092610920756,0.0847741462113461,0.17526004483726781,7.515576917241908,0.7742956981576999,0.7781221871208082,0.9446943540501308
0.019673483391475035,0.09935597289965553,0.8708009414856059,6.634613469285792,0.7783960303674191,0.7836436436444133,0.008498402643525955,0.019673483391475035,0.09935597289965553,0.8708009414856059,6.634613469285792,0.7783960303674191,0.7836436436444133,0.008498402643525955
0.1034324161426025,0.7657633295121505,0.08170725153558535,7.7221741325514595,0.7759830434476921,0.7798519756941584,0.819189833360492,0.1034324161426025,0.7657633295121505,0.08170725153558535,7.7221741325514595,0.7759830434476921,0.7798519756941584,0.819189833360492
0.9181268443343227,0.08305548424149199,0.08415292111581006,8.584576830879007,0.7810881338643448,0.7921757972643215,0.006078074578347296,0.9181268443343227,0.08305548424149199,0.08415292111581006,8.584576830879007,0.7810881338643448,0.7921757972643215,0.006078074578347296
0.08295922357695659,0.762682770431027,0.09691801267230177,7.484907455899498,0.8409274772943793,0.7774504112169108,0.9922167399755613,0.08295922357695659,0.762682770431027,0.09691801267230177,7.484907455899498,0.8409274772943793,0.7774504112169108,0.9922167399755613
0.7600001168360451,0.09059784376265835,0.09583800890108525,6.740120158808901,0.9329118072514774,0.7837883083390471,0.0026973649876423597,0.7600001168360451,0.09059784376265835,0.09583800890108525,6.740120158808901,0.9329118072514774,0.7837883083390471,0.0026973649876423597
0.09232928366198563,0.03519413917478309,0.7564463319838372,5.839717016992707,0.8238070439336541,0.8195037795181934,0.726994748606437,0.09232928366198563,0.03519413917478309,0.7564463319838372,5.839717016992707,0.8238070439336541,0.8195037795181934,0.726994748606437
0.8299029913393473,0.09862074768493244,0.21376952481523567,6.439054596312233,0.8819071222622589,0.7784421052424491,0.7957776409118456,0.8299029913393473,0.09862074768493244,0.21376952481523567,6.439054596312233,0.8819071222622589,0.7784421052424491,0.7957776409118456
0.6751576452920816,0.2754999123797731,0.2524952579649323,6.838422782108676,0.7765789602795817,0.9327423266152779,0.13932991061766678,0.6751576452920816,0.2754999123797731,0.2524952579649323,6.838422782108676,0.7765789602795817,0.9327423266152779,0.13932991061766678
0.008465589202056254,0.07850765992416969,0.7728446780520092,7.53879304564099,0.9077523637221653,0.7853957402437973,0.7897887235598058,0.008465589202056254,0.07850765992416969,0.7728446780520092,7.53879304564099,0.9077523637221653,0.7853957402437973,0.7897887235598058
0.0813786389001997,0.008693079247937316,0.7661451497278012,7.212929564615691,0.7749028814759693,0.7798848868737659,0.7995095725830123,0.0813786389001997,0.008693079247937316,0.7661451497278012,7.212929564615691,0.7749028814759693,0.7798848868737659,0.7995095725830123
0.0832295910980996,0.009047286726524795,0.7701724895158131,7.12686024022205,0.7793043699597766,0.7838929004083266,0.003149258308662356,0.0832295910980996,0.009047286726524795,0.7701724895158131,7.12686024022205,0.7793043699597766,0.7838929004083266,0.003149258308662356
0.10161517785518885,0.012539769809796687,0.0106481235793502,0.979261217438588,0.10244795068603366,7.514086095234247,0.027126983757537526,0.10161517785518885,0.012539769809796687,0.0106481235793502,0.979261217438588,0.10244795068603366,7.514086095234247,0.027126983757537526
0.8340637894977372,0.10169103871369134,0.07664789259455869,8.471343439140423,0.7765913057313494,0.8025134237692726,0.9038224851037486,0.8340637894977372,0.10169103871369134,0.07664789259455869,8.471343439140423,0.7765913057313494,0.8025134237692726,0.9038224851037486
0.7653253357294679,0.0846178193739536,0.08513345402521216,6.960066221392096,0.7759385653222284,0.7860624118524527,0.7798893138339504,0.7653253357294679,0.0846178193739536,0.08513345402521216,6.960066221392096,0.7759385653222284,0.7860624118524527,0.7798893138339504
0.10216387632979528,0.7600838021310565,0.07527148556436987,7.839180970701939,0.8605880563260022,0.9349686090065733,0.8857406933510196,0.10216387632979528,0.7600838021310565,0.07527148556436987,7.839180970701939,0.8605880563260022,0.9349686090065733,0.8857406933510196
0.8242841429156917,0.08149310506590685,0.19375102735962177,7.775410150493497,0.9646074805270841,0.7792724010318645,0.8953005643218213,0.8242841429156917,0.08149310506590685,0.19375102735962177,7.775410150493497,0.9646074805270841,0.7792724010318645,0.8953005643218213
0.7645829487042569,0.07830477269978843,0.09653742049359074,7.563552463357637,0.8160952586285561,0.8642977573588945,0.02447267861916326,0.7645829487042569,0.07830477269978843,0.09653742049359074,7.563552463357637,0.8160952586285561,0.8642977573588945,0.02447267861916326
0.2997923124074161,0.7033422769187188,0.0813384371323957,7.226505297486928,0.7731429785790158,0.8418917928741687,0.8909639836869123,0.2997923124074161,0.7033422769187188,0.0813384371323957,7.226505297486928,0.7731429785790158,0.8418917928741687,0.8909639836869123
0.7117379263651191,0.09898450038695199,0.28496913064290497,8.533023745196452,0.8550512935481627,0.8015149397311706,0.8878383314852999,0.7117379263651191,0.09898450038695199,0.28496913064290497,8.533023745196452,0.8550512935481627,0.8015149397311706,0.8878383314852999
0.0781976338178224,0.013057143338778427,0.7670412515031694,7.460705162758714,0.9526300749457798,0.8001210713286802,0.5896732913716576,0.0781976338178224,0.013057143338778427,0.7670412515031694,7.460705162758714,0.9526300749457798,0.8001210713286802,0.5896732913716576
0.007514139810669036,0.07568463663272519,0.7660658822225274,7.753977055518146,0.7736169645165711,0.8905480977671335,0.9394843872698972,0.007514139810669036,0.07568463663272519,0.7660658822225274,7.753977055518146,0.7736169645165711,0.8905480977671335,0.9394843872698972
0.11769390995943615,1.0084561371004173,6.669610305135663,0.9544928435030412,0.7688170117779656,0.9678735875050022,0.952354686549085,0.11769390995943615,1.0084561371004173,6.669610305135663,0.9544928435030412,0.7688170117779656,0.9678735875050022,0.952354686549085
0.8231129619045622,0.16348856734432302,0.12745785150841857,4.9496008764569845,0.7709656658419229,0.8347545381370505,0.8003418743507196,0.8231129619045622,0.16348856734432302,0.12745785150841857,4.9496008764569845,0.7709656658419229,0.8347545381370505,0.8003418743507196
0.1041756336716948,0.7492821086008219,0.1698531189375493,7.562438232916507,0.8472820317797987,0.7800141773096176,0.8055237588602474,0.1041756336716948,0.7492821086008219,0.1698531189375493,7.562438232916507,0.8472820317797987,0.7800141773096176,0.8055237588602474
0.8274756324264028,0.07782948640124406,0.10127034554362883,8.264197171179864,0.8525598072526034,0.7801488975331211,0.8623768214106767,0.8274756324264028,0.07782948640124406,0.10127034554362883,8.264197171179864,0.8525598072526034,0.7801488975331211,0.8623768214106767
0.08589490581897397,0.009104691478225003,0.8513098057889033,7.5625203554667095,0.7722645787202825,0.9690215680688972,0.9332585396058913,0.08589490581897397,0.009104691478225003,0.8513098057889033,7.5625203554667095,0.7722645787202825,0.9690215680688972,0.9332585396058913
0.6909716254403627,0.20950877481263086,0.2590594563769909,6.297235901326202,0.8791789145026463,0.8504374915755162,0.48992692325143683,0.6909716254403627,0.20950877481263086,0.2590594563769909,6.297235901326202,0.8791789145026463,0.8504374915755162,0.48992692325143683
6.68467190303792e-17,1.6555160275269017e-17,9.047682143409672e-18,1.2199301888953993e-17,3.627278228301183e-16,4.795836302879488e-17,6.085325684388133,6.68467190303792e-17,1.6555160275269017e-17,9.047682143409672e-18,1.2199301888953993e-17,3.627278228301183e-16,4.795836302879488e-17,6.085325684388133
0.7569116765981421,0.08841974291015803,0.0939870466900839,6.917970569185566,0.7756615763234159,0.8392656117078127,0.8543322899972959,0.7569116765981421,0.08841974291015803,0.0939870466900839,6.917970569185566,0.7756615763234159,0.8392656117078127,0.8543322899972959
0.7744103169372503,0.11105356377455605,0.08180614089745138,7.396809548900258,0.7765809520663199,0.7866057507631837,0.6735025319452315,0.7744103169372503,0.11105356377455605,0.08180614089745138,7.396809548900258,0.7765809520663199,0.7866057507631837,0.6735025319452315
0.11914874029583637,0.7450903980731817,0.12081334423853997,4.767869988274276,0.7737020756144326,0.7856886810567154,0.006443638321084187,0.11914874029583637,0.7450903980731817,0.12081334423853997,4.767869988274276,0.7737020756144326,0.7856886810567154,0.006443638321084187
0.758201717446125,0.14065749449073212,0.08261456453119853,7.196825518734855,0.8550237396027504,0.7821739530357854,0.6532074503529309,0.758201717446125,0.14065749449073212,0.08261456453119853,7.196825518734855,0.8550237396027504,0.7821739530357854,0.6532074503529309
0.08441829980586654,0.7211261538906343,0.25795420635132116,6.581947620455912,0.8875795270977098,0.8383896629685017,0.1277970364058819,0.08441829980586654,0.7211261538906343,0.25795420635132116,6.581947620455912,0.8875795270977098,0.8383896629685017,0.1277970364058819
0.010196221810446212,0.09104283091753743,0.7869364453318136,6.854893796094522,0.7728154425025194,0.7781548601232281,0.8781780833706269,0.010196221810446212,0.09104283091753743,0.7869364453318136,6.854893796094522,0.7728154425025194,0.7781548601232281,0.8781780833706269
0.07931153901850664,0.008616112450405276,0.7662158570067304,7.386984540532096,0.7733017786606718,0.9346918057580104,0.82362386511884,0.07931153901850664,0.008616112450405276,0.7662158570067304,7.386984540532096,0.7733017786606718,0.9346918057580104,0.82362386511884
0.07924468773339367,0.7410394112658414,0.19746794617328153,7.1971870299416505,0.8228309545760453,0.8438387213819258,0.7543991987457783,0.07924468773339367,0.7410394112658414,0.19746794617328153,7.1971870299416505,0.8228309545760453,0.8438387213819258,0.7543991987457783
0.019255809099794137,0.07833165011896213,0.009673547932130943,0.8118601173416166,7.749039107123078,0.8626537347722989,0.7442070219374728,0.019255809099794137,0.07833165011896213,0.009673547932130943,0.8118601173416166,7.749039107123078,0.8626537347722989,0.7442070219374728
0.06933242057660768,0.7147018112193172,0.31597032137530795,8.000253017835501,0.7798179854529622,0.8548376821268541,0.009731797481311779,0.06933242057660768,0.7147018112193172,0.31597032137530795,8.000253017835501,0.7798179854529622,0.8548376821268541,0.009731797481311779
0.010611155580484434,0.0823135660876856,0.7668837933641866,7.739542463660289,0.8617280550943814,0.7802344881077969,0.832289275734378,0.010611155580484434,0.0823135660876856,0.7668837933641866,7.739542463660289,0.8617280550943814,0.7802344881077969,0.832289275734378
0.013222268788777036,0.10928074160627109,0.9470301176167658,7.113849860664802,0.7758895442828122,0.7795852065605898,0.7636308992093855,0.013222268788777036,0.10928074160627109,0.9470301176167658,7.113849860664802,0.7758895442828122,0.7795852065605898,0.7636308992093855
0.08842515953519517,0.7546811108931151,0.14855691493245055,7.3207493396110985,0.9355784647078417,0.7837247250124288,0.17890447598819476,0.08842515953519517,0.7546811108931151,0.14855691493245055,7.3207493396110985,0.9355784647078417,0.7837247250124288,0.17890447598819476
0.7885044057837213,0.1321046420943708,0.13463279573867135,4.4977565438502305,0.765690655839863,0.8489735766309419,0.4382791629910765,0.7885044057837213,0.1321046420943708,0.13463279573867135,4.4977565438502305,0.765690655839863,0.8489735766309419,0.4382791629910765
0.09940140065163457,0.017640619863722572,0.7579167462231534,5.740316363223088,0.7717603165325556,0.8213358705789099,0.6096827703436137,0.09940140065163457,0.017640619863722572,0.7579167462231534,5.740316363223088,0.7717603165325556,0.8213358705789099,0.6096827703436137
0.09334759035230565,0.01458101591051641,0.8714455280309725,7.073179426002604,0.7727295276803368,0.777247263897895,0.9435280179008108,0.09334759035230565,0.01458101591051641,0.8714455280309725,7.073179426002604,0.7727295276803368,0.777247263897895,0.9435280179008108
0.08812811136825566,0.010417324229469897,0.760816204302469,6.908690309968945,0.7716942955403208,0.8262953279726049,0.9988887651993502,0.08812811136825566,0.010417324229469897,0.760816204302469,6.908690309968945,0.7716942955403208,0.8262953279726049,0.9988887651993502
0.18092607141729394,0.7465826922965181,0.07979406141934627,7.872175565365854,0.9910848554516122,0.7798168435397598,0.9991967544356463,0.18092607141729394,0.7465826922965181,0.07979406141934627,7.872175565365854,0.9910848554516122,0.7798168435397598,0.9991967544356463
0.9490327059542762,0.09290931139046389,0.09318197941129991,7.902264109064664,0.7916126128295865,0.7816942125946622,0.6384771939210887,0.9490327059542762,0.09290931139046389,0.09318197941129991,7.902264109064664,0.7916126128295865,0.7816942125946622,0.6384771939210887
0.07363229976559736,0.011409450364626657,0.7702610597390398,7.9780694964478505,0.912566975681847,0.8449663224433828,0.8336316192615124,0.07363229976559736,0.011409450364626657,0.7702610597390398,7.9780694964478505,0.912566975681847,0.8449663224433828,0.8336316192615124
0.17408057436366486,0.7624311758371692,0.22672161241448296,5.806131018581849,1.4322282278915761,0.7775234002034985,0.7399897385142692,0.17408057436366486,0.7624311758371692,0.22672161241448296,5.806131018581849,1.4322282278915761,0.7775234002034985,0.7399897385142692
0.8225323837592302,0.08443455399248162,0.08487824951157774,7.494314498356681,0.8586825629189113,0.7790260459073061,0.8659957733572211,0.8225323837592302,0.08443455399248162,0.08487824951157774,7.494314498356681,0.8586825629189113,0.7790260459073061,0.8659957733572211
0.012326720114507349,0.10494559604227012,0.8996141544338975,6.511300380136977,0.772523416000228,0.7902301948562622,0.8263056450196933,0.012326720114507349,0.10494559604227012,0.8996141544338975,6.511300380136977,0.772523416000228,0.7902301948562622,0.8263056450196933
0.19607994223650566,0.7395811924009965,0.08196282369046182,7.183464750850838,0.7744923151689705,0.8261443828957701,0.830144995798992,0.19607994223650566,0.7395811924009965,0.08196282369046182,7.183464750850838,0.7744923151689705,0.8261443828957701,0.830144995798992
0.7444101151006309,0.1300534035020414,0.09560232431732565,6.010427410662196,0.7767223595851693,0.8509987824738241,0.9585463201288998,0.7444101151006309,0.1300534035020414,0.09560232431732565,6.010427410662196,0.7767223595851693,0.8509987824738241,0.9585463201288998
0.7582820886048284,0.08133211157009547,0.09051039158681862,7.160124490755235,0.8373697417025344,0.7867499885097798,0.9231680900477559,0.7582820886048284,0.08133211157009547,0.09051039158681862,7.160124490755235,0.8373697417025344,0.7867499885097798,0.9231680900477559
0.14237942141913953,0.8940060242777004,0.1177982022701397,5.947438399416586,0.7714524425708903,0.9029507309220203,0.5665004773950574,0.14237942141913953,0.8940060242777004,0.1177982022701397,5.947438399416586,0.7714524425708903,0.9029507309220203,0.5665004773950574
0.0340162063039014,0.266655433920705,0.7207346588756581,6.706468651979594,0.7746980459772015,0.7794854914456275,0.7220272326013789,0.0340162063039014,0.266655433920705,0.7207346588756581,6.706468651979594,0.7746980459772015,0.7794854914456275,0.7220272326013789
1.661099440221996,0.21470153103788392,0.21648753149529712,5.766506004632602,0.7766440512986624,0.7911319702835923,0.0,1.661099440221996,0.21470153103788392,0.21648753149529712,5.766506004632602,0.7766440512986624,0.7911319702835923,0.0
0.007745133237917975,0.07694057418840723,0.7681946479112953,7.641142927998419,0.9069059389993048,0.9158449413754722,0.8003362952637867,0.007745133237917975,0.07694057418840723,0.7681946479112953,7.641142927998419,0.9069059389993048,0.9158449413754722,0.8003362952637867
0.13265065598091527,0.017004010794740777,0.9102355264793889,5.98842827396769,0.7815449707914922,0.795108767425757,0.0,0.13265065598091527,0.017004010794740777,0.9102355264793889,5.98842827396769,0.7815449707914922,0.795108767425757,0.0
0.028392259573949787,0.11876264949447021,0.7421332768100053,4.561743455981121,1.0327240234780926,0.8678890698307115,0.006726754394068258,0.028392259573949787,0.11876264949447021,0.7421332768100053,4.561743455981121,1.0327240234780926,0.8678890698307115,0.006726754394068258
0.08696923644946908,0.7578828192015827,0.09583701154033693,7.4581057855323944,0.9603019185491388,0.7793491205483157,0.8425106781965463,0.08696923644946908,0.7578828192015827,0.09583701154033693,7.4581057855323944,0.9603019185491388,0.7793491205483157,0.8425106781965463
0.00750030954276077,0.07574306053422146,0.7686442663142926,7.7714035286807155,0.9089803966524971,0.7848103494210158,0.9410178945719696,0.00750030954276077,0.07574306053422146,0.7686442663142926,7.7714035286807155,0.9089803966524971,0.7848103494210158,0.9410178945719696
0.10688900821820001,0.011808331128774182,0.907815328804827,6.964505856392957,0.7759883534696508,0.9078160126011924,0.4339572755820619,0.10688900821820001,0.011808331128774182,0.907815328804827,6.964505856392957,0.7759883534696508,0.9078160126011924,0.4339572755820619
0.7652923777593597,0.107306104696371,0.0770257228344488,7.789414904953406,0.7803220445835468,0.7841069103864609,0.000041195904883414036,0.7652923777593597,0.107306104696371,0.0770257228344488,7.789414904953406,0.7803220445835468,0.7841069103864609,0.000041195904883414036
0.7330493891105598,0.25143211043848224,0.07879608764888275,7.910140619804891,0.8084761525825899,0.7874901515068419,0.0,0.7330493891105598,0.25143211043848224,0.07879608764888275,7.910140619804891,0.8084761525825899,0.7874901515068419,0.0
0.09176200676011134,0.01353736676797427,0.7647363000049319,7.78666084702277,0.9417389243978255,0.800650509887429,0.833517203556288,0.09176200676011134,0.01353736676797427,0.7647363000049319,7.78666084702277,0.9417389243978255,0.800650509887429,0.833517203556288
0.0010535344063920475,0.011035253179148925,0.11586512861524433,1.0542719566916354,8.145473630534113,0.7842128145141941,0.0,0.0010535344063920475,0.011035253179148925,0.11586512861524433,1.0542719566916354,8.145473630534113,0.7842128145141941,0.0
0.25215187889793866,0.040957042836765024,0.7242220008018702,6.2165527635078375,0.7736628534709878,0.779238257874729,0.6668123657891667,0.25215187889793866,0.040957042836765024,0.7242220008018702,6.2165527635078375,0.7736628534709878,0.779238257874729,0.6668123657891667
0.7938589683769819,0.12485260801926516,0.11042338429910065,6.299607786114602,0.7736232387934856,0.891087838016038,0.5092642104228023,0.7938589683769819,0.12485260801926516,0.11042338429910065,6.299607786114602,0.7736232387934856,0.891087838016038,0.5092642104228023
0.742263559520434,0.10826923050463486,5.64659157023811,1.0813441876378593,0.7732381267525762,0.7816744924032073,0.7451439036060451,0.742263559520434,0.10826923050463486,5.64659157023811,1.0813441876378593,0.7732381267525762,0.7816744924032073,0.7451439036060451
0.8304012496503135,0.09825986420371274,0.21365354693866082,6.457666744696328,0.8817155874037612,0.7784536722825408,0.7979692304734629,0.8304012496503135,0.09825986420371274,0.21365354693866082,6.457666744696328,0.8817155874037612,0.7784536722825408,0.7979692304734629
0.09382409489337644,0.7486040573638615,0.11224855656648795,6.085953892113409,0.8710152041525375,0.8275190301661063,0.7848502096825895,0.09382409489337644,0.7486040573638615,0.11224855656648795,6.085953892113409,0.8710152041525375,0.8275190301661063,0.7848502096825895
0.08893953726136698,0.7561255532323443,0.08892654471792408,6.595577005624885,0.9176698302968015,0.7790079570866068,0.7375603101704059,0.08893953726136698,0.7561255532323443,0.08892654471792408,6.595577005624885,0.9176698302968015,0.7790079570866068,0.7375603101704059
0.7634862740643458,0.07646664151395935,0.09181831049353238,7.70857457861896,0.7759188190335005,0.8211307023994229,0.7810113597704725,0.7634862740643458,0.07646664151395935,0.09181831049353238,7.70857457861896,0.7759188190335005,0.8211307023994229,0.7810113597704725
0.7577655489564957,0.0841864559761803,0.08639428382638095,6.914170584312683,0.8374460502964366,0.7778546777551968,0.8924438349673159,0.7577655489564957,0.0841864559761803,0.08639428382638095,6.914170584312683,0.8374460502964366,0.7778546777551968,0.8924438349673159
0.09573618576693066,0.8145008452350191,0.4351663565615723,6.530549664799719,0.7753169014630067,0.780777944883158,0.5820620727065157,0.09573618576693066,0.8145008452350191,0.4351663565615723,6.530549664799719,0.7753169014630067,0.780777944883158,0.5820620727065157
0.10986737630548339,0.7571127647242895,0.09466121404069129,6.1935421621415925,0.9553499082835337,0.9135736930650172,0.0,0.10986737630548339,0.7571127647242895,0.09466121404069129,6.1935421621415925,0.9553499082835337,0.9135736930650172,0.0
0.02635006416973074,0.19799065877183394,1.0944268899726297,6.868613428749712,0.7419810702359785,2.385803880553287,0.005003256455362548,0.02635006416973074,0.19799065877183394,1.0944268899726297,6.868613428749712,0.7419810702359785,2.385803880553287,0.005003256455362548
0.09824239819795716,0.01606451833946978,0.861476384177499,6.623577436332297,0.7719237548169137,0.777050645589718,0.885240076447209,0.09824239819795716,0.01606451833946978,0.861476384177499,6.623577436332297,0.7719237548169137,0.777050645589718,0.885240076447209
0.8826807308721382,0.10180371429004842,0.13576305602216823,6.6696214714370194,1.0487724906784768,0.7837272261004491,0.0,0.8826807308721382,0.10180371429004842,0.13576305602216823,6.6696214714370194,1.0487724906784768,0.7837272261004491,0.0
0.009441363599150357,0.08503306633327155,0.7705513555426979,6.9374367260990075,1.0030219881154252,0.8432470909313401,0.030110856410459578,0.009441363599150357,0.08503306633327155,0.7705513555426979,6.9374367260990075,1.0030219881154252,0.8432470909313401,0.030110856410459578
0.07954422459896388,0.7669186366266242,0.10807133931060289,8.983876728961325,0.7818762703592756,0.7844201101895534,0.006386995552758599,0.07954422459896388,0.7669186366266242,0.10807133931060289,8.983876728961325,0.7818762703592756,0.7844201101895534,0.006386995552758599
0.09275599335968757,0.010689347829088463,0.8096752000749153,6.6309071476703885,0.8758321865636082,0.7764948976647235,0.9245713982276141,0.09275599335968757,0.010689347829088463,0.8096752000749153,6.6309071476703885,0.8758321865636082,0.7764948976647235,0.9245713982276141
0.09598133256757088,0.011565015954317645,0.8023378482525358,6.30786122066814,0.8664408927183329,0.965989174229648,0.87866239395603,0.09598133256757088,0.011565015954317645,0.8023378482525358,6.30786122066814,0.8664408927183329,0.965989174229648,0.87866239395603
0.09051813294780596,0.7558451708235719,0.08913296335288597,6.5451697842845595,0.8276340429158338,0.7777477389982379,0.8294341958183352,0.09051813294780596,0.7558451708235719,0.08913296335288597,6.5451697842845595,0.8276340429158338,0.7777477389982379,0.8294341958183352
0.7549891312815292,0.09531829055283851,0.11305791677418481,6.093683786502476,0.8776827636094148,0.7843427610569075,0.0,0.7549891312815292,0.09531829055283851,0.11305791677418481,6.093683786502476,0.8776827636094148,0.7843427610569075,0.0
0.08443215874133857,0.8505658635376206,0.09066084016516726,7.757778866432347,0.7747950170108427,0.7786627532144018,0.9397140660271902,0.08443215874133857,0.8505658635376206,0.09066084016516726,7.757778866432347,0.7747950170108427,0.7786627532144018,0.9397140660271902
0.07846369707476743,0.7524621107884579,0.14351243016702894,7.372604424490354,0.842864605806751,0.7829024340166995,0.9322106455998309,0.07846369707476743,0.7524621107884579,0.14351243016702894,7.372604424490354,0.842864605806751,0.7829024340166995,0.9322106455998309
0.8329898135322421,0.09654239657427365,0.10000109960601046,6.605542569327449,0.8431409310486786,0.7783955580695444,0.8183799435239498,0.8329898135322421,0.09654239657427365,0.10000109960601046,6.605542569327449,0.8431409310486786,0.7783955580695444,0.8183799435239498
0.00899208741991847,0.08183783726373878,0.770402507054446,7.882366369544017,0.9684090667485368,0.784634543149213,0.0,0.00899208741991847,0.08183783726373878,0.770402507054446,7.882366369544017,0.9684090667485368,0.784634543149213,0.0
0.1008744582379843,0.011240033840106188,0.9109074568219884,6.874860931757626,0.775953389492595,0.7776372576168648,0.884894124232413,0.1008744582379843,0.011240033840106188,0.9109074568219884,6.874860931757626,0.775953389492595,0.7776372576168648,0.884894124232413
0.8240133420733854,0.09772649584483944,0.09841138350886884,6.446769102106853,0.7709711059317321,0.7778680597253228,0.898649791639905,0.8240133420733854,0.09772649584483944,0.09841138350886884,6.446769102106853,0.7709711059317321,0.7778680597253228,0.898649791639905
0.8984557877575159,0.11849947088913425,0.12233295740130862,5.785087432297184,0.7724826031428917,0.8323660699547917,0.5269041745599969,0.8984557877575159,0.11849947088913425,0.12233295740130862,5.785087432297184,0.7724826031428917,0.8323660699547917,0.5269041745599969
0.01959388772062019,0.14801287278234096,0.8728312126609089,5.7920802335811175,0.7757408701798295,0.8221412025212215,0.009583293618069389,0.01959388772062019,0.14801287278234096,0.8728312126609089,5.7920802335811175,0.7757408701798295,0.8221412025212215,0.009583293618069389
0.7519025374764986,0.10759808811003832,0.10158782971139013,6.875956540930157,0.9400948309814556,0.7780336500473031,0.8559466703592181,0.7519025374764986,0.10759808811003832,0.10158782971139013,6.875956540930157,0.9400948309814556,0.7780336500473031,0.8559466703592181
0.08128551583369518,0.6923796116783751,0.37063898602930584,6.529813172747786,0.7721853040420632,0.7779697647354578,0.8380785738346083,0.08128551583369518,0.6923796116783751,0.37063898602930584,6.529813172747786,0.7721853040420632,0.7779697647354578,0.8380785738346083
6.002651933131433,0.7235372992448266,0.7251741483626223,0.7303716256622776,0.7356898973988824,2.161995885942352,0.6779744163449641,6.002651933131433,0.7235372992448266,0.7251741483626223,0.7303716256622776,0.7356898973988824,2.161995885942352,0.6779744163449641
0.014680241333076657,0.12361288802943374,0.8935637600344619,6.421554292340846,0.9128269845129752,0.7783509332690379,0.8108304725097542,0.014680241333076657,0.12361288802943374,0.8935637600344619,6.421554292340846,0.9128269845129752,0.7783509332690379,0.8108304725097542
0.7029423291553694,0.24007540009925848,0.20406296825892958,7.5029637062467724,0.774272272438498,0.7783413106848067,0.9231112626519284,0.7029423291553694,0.24007540009925848,0.20406296825892958,7.5029637062467724,0.774272272438498,0.7783413106848067,0.9231112626519284
0.08859357455922234,0.01357033122284808,0.8570989545725779,7.342112325689752,0.773046559761782,0.7848791123698169,0.9793236927099325,0.08859357455922234,0.01357033122284808,0.8570989545725779,7.342112325689752,0.773046559761782,0.7848791123698169,0.9793236927099325
0.7453564276938545,0.19400299524690334,0.07377868778703596,8.055513686714328,0.7752112586745691,0.786128311866047,0.9614563671432098,0.7453564276938545,0.19400299524690334,0.07377868778703596,8.055513686714328,0.7752112586745691,0.786128311866047,0.9614563671432098
0.8414894374125172,0.09878581975064235,0.09345894102105308,6.9940977214453195,0.777512969172533,0.9267733748587609,0.0,0.8414894374125172,0.09878581975064235,0.09345894102105308,6.9940977214453195,0.777512969172533,0.9267733748587609,0.0
0.8218764926987271,0.1480672923637514,0.09991881511171288,6.7900394392186625,0.7721266837497754,0.8679432015356,0.8277050264568786,0.8218764926987271,0.1480672923637514,0.09991881511171288,6.7900394392186625,0.7721266837497754,0.8679432015356,0.8277050264568786
0.07898252175052418,0.012180295928458722,0.7642923849525102,7.349807481501003,0.9433730895055752,0.8632894402548658,0.7699203049608787,0.07898252175052418,0.012180295928458722,0.7642923849525102,7.349807481501003,0.9433730895055752,0.8632894402548658,0.7699203049608787
0.007162678850595553,0.07436985095049711,0.7757527062580188,8.041000286294508,0.7780704812934793,1.0027970490733626,0.1869449242609394,0.007162678850595553,0.07436985095049711,0.7757527062580188,8.041000286294508,0.7780704812934793,1.0027970490733626,0.1869449242609394
0.08351746106704061,0.00901512129580518,0.008640543455275868,0.7690275135179488,0.07957796607079982,7.5610428260055444,0.9687794801387405,0.08351746106704061,0.00901512129580518,0.008640543455275868,0.7690275135179488,0.07957796607079982,7.5610428260055444,0.9687794801387405
0.21728863570472381,0.788790812702207,0.22184635389580612,5.5782733237662745,0.8650220597289293,0.7838774226838987,0.0,0.21728863570472381,0.788790812702207,0.22184635389580612,5.5782733237662745,0.8650220597289293,0.7838774226838987,0.0
0.07067363584317916,0.772722384262224,0.07246076740077534,8.51758686671848,0.7805933429604084,0.8805480887256335,0.00022669467359862178,0.07067363584317916,0.772722384262224,0.07246076740077534,8.51758686671848,0.7805933429604084,0.8805480887256335,0.00022669467359862178
0.11895317192782857,0.735278202162578,0.40865709211003204,7.308371931119939,0.7792943651193776,0.7804025081202723,0.7657652010419098,0.11895317192782857,0.735278202162578,0.40865709211003204,7.308371931119939,0.7792943651193776,0.7804025081202723,0.7657652010419098
0.757476228528225,0.08571782298818885,0.10976780066414708,7.107457637931564,0.7783871933461746,0.779355130819425,0.7882063996251386,0.757476228528225,0.08571782298818885,0.10976780066414708,7.107457637931564,0.7783871933461746,0.779355130819425,0.7882063996251386
0.11852994166809888,0.0167602337270148,0.7496607738826286,5.37419649501573,0.7704506427438044,0.7850051662953953,0.8095336611963749,0.11852994166809888,0.0167602337270148,0.7496607738826286,5.37419649501573,0.7704506427438044,0.7850051662953953,0.8095336611963749
0.09009530407658443,0.03436238899632693,0.7598809421937119,6.541490561421469,0.7751416189754781,0.8649771735225373,0.8201471835781998,0.09009530407658443,0.03436238899632693,0.7598809421937119,6.541490561421469,0.7751416189754781,0.8649771735225373,0.8201471835781998
0.0072013747919820615,0.07429991593212863,0.7701788831533931,7.952349451360263,0.912038772401594,0.8447252877091127,0.8310225114810129,0.0072013747919820615,0.07429991593212863,0.7701788831533931,7.952349451360263,0.912038772401594,0.8447252877091127,0.8310225114810129
0.7426260916635622,0.19616634305392502,0.0767664183391118,8.203270467156846,0.7753718851173337,0.7794116019015596,0.9890060254396402,0.7426260916635622,0.19616634305392502,0.0767664183391118,8.203270467156846,0.7753718851173337,0.7794116019015596,0.9890060254396402
0.07705395073673013,0.007727446775323556,0.7721946873239578,7.738534227383979,0.7799608955823791,0.7878999559489589,0.16725298062788163,0.07705395073673013,0.007727446775323556,0.7721946873239578,7.738534227383979,0.7799608955823791,0.7878999559489589,0.16725298062788163
0.09225353509608507,0.7446706634853627,0.19094055744116845,6.800587222593139,0.769045372514669,0.9645694595433273,0.9556386735006726,0.09225353509608507,0.7446706634853627,0.19094055744116845,6.800587222593139,0.769045372514669,0.9645694595433273,0.9556386735006726
4.745730044478683e-19,4.7204583011664524e-18,5.833995257766604e-19,4.753162559349693e-17,4.758002689241303e-16,4.801154744551147e-17,7.848738385535151,4.745730044478683e-19,4.7204583011664524e-18,5.833995257766604e-19,4.753162559349693e-17,4.758002689241303e-16,4.801154744551147e-17,7.848738385535151
0.08076445565656797,0.7628829951321998,0.08121579495117655,7.286786703075097,1.0165340618014118,0.8467443208490826,0.0716294837884906,0.08076445565656797,0.7628829951321998,0.08121579495117655,7.286786703075097,1.0165340618014118,0.8467443208490826,0.0716294837884906
0.7410430848062053,0.08468866993802536,0.19591082467432547,7.259088917237563,0.7747200537265333,0.779661583978837,0.8257236125002835,0.7410430848062053,0.08468866993802536,0.19591082467432547,7.259088917237563,0.7747200537265333,0.779661583978837,0.8257236125002835
0.7515445568360578,5.50785605317267,0.7585086013081098,0.7655371767716623,0.7729523901847495,0.77979625033315,0.5228069965351116,0.7515445568360578,5.50785605317267,0.7585086013081098,0.7655371767716623,0.7729523901847495,0.77979625033315,0.5228069965351116
0.013167195820204074,0.09790150744632815,0.7700381215453715,7.364762063304803,0.7752998154065123,0.779536997831522,0.7999855114673082,0.013167195820204074,0.09790150744632815,0.7700381215453715,7.364762063304803,0.7752998154065123,0.779536997831522,0.7999855114673082
0.07926676237268011,0.7749412368432796,0.1681455582868252,7.5180596385592855,0.8011129040868654,0.7808373531556698,0.9797773801945233,0.07926676237268011,0.7749412368432796,0.1681455582868252,7.5180596385592855,0.8011129040868654,0.7808373531556698,0.9797773801945233
0.011765870601640027,0.0895182906603719,0.8252646303035308,7.0591321736653425,0.8952741375041087,0.7898819962647159,0.0,0.011765870601640027,0.0895182906603719,0.8252646303035308,7.0591321736653425,0.8952741375041087,0.7898819962647159,0.0
0.7532475866507349,0.12399328605802593,0.08670756630936836,6.764153824328452,0.8395509527828214,0.7790911060737852,0.754033502312147,0.7532475866507349,0.12399328605802593,0.08670756630936836,6.764153824328452,0.8395509527828214,0.7790911060737852,0.754033502312147
0.0610344952977847,0.018716188675413872,0.009158956828374613,0.5412471093127846,3.9588061689940943,5.280924552514785,0.01341571476843914,0.0610344952977847,0.018716188675413872,0.009158956828374613,0.5412471093127846,3.9588061689940943,5.280924552514785,0.01341571476843914
0.11607022208697726,0.013788934800347116,0.7621069456364,6.916982052541525,0.7757936544528421,0.8307775956383183,0.5705131607150004,0.11607022208697726,0.013788934800347116,0.7621069456364,6.916982052541525,0.7757936544528421,0.8307775956383183,0.5705131607150004
0.756985563925403,0.09356608105924016,0.09986205805711379,7.589746047264825,0.845725535832478,0.7781448682810606,0.9766039099588146,0.756985563925403,0.09356608105924016,0.09986205805711379,7.589746047264825,0.845725535832478,0.7781448682810606,0.9766039099588146
0.7519648432585725,0.10414458469774528,0.09889364038686065,6.4142875949096405,0.8311201719993794,0.777587537834911,0.8303421117414531,0.7519648432585725,0.10414458469774528,0.09889364038686065,6.4142875949096405,0.8311201719993794,0.777587537834911,0.8303421117414531
0.011745761533327686,0.08267013595994571,0.7634247263190864,7.022377717829103,0.9065312260986286,0.7788916043375324,0.8093779252626837,0.011745761533327686,0.08267013595994571,0.7634247263190864,7.022377717829103,0.9065312260986286,0.7788916043375324,0.8093779252626837
0.10735622583865158,0.7467131191314641,0.10835871855150864,5.288740023228815,0.7686392440690677,0.7804940016407904,0.7501285923507904,0.10735622583865158,0.7467131191314641,0.10835871855150864,5.288740023228815,0.7686392440690677,0.7804940016407904,0.7501285923507904
0.12704332961376033,0.7300349238026252,0.17045880244200415,5.2834176336346586,0.7960078990407657,0.7785712253201141,0.7885813540736425,0.12704332961376033,0.7300349238026252,0.17045880244200415,5.2834176336346586,0.7960078990407657,0.7785712253201141,0.7885813540736425
0.9214237065090833,0.14220081008612373,0.10411236927695389,6.886642764970858,0.776126378773338,0.7840203317785005,0.5956513740808534,0.9214237065090833,0.14220081008612373,0.10411236927695389,6.886642764970858,0.776126378773338,0.7840203317785005,0.5956513740808534
0.6228055425981806,4.515458298726839,2.274513556554052,0.7026270351400788,0.709548472785126,2.358976805473854,0.5681284069763151,0.6228055425981806,4.515458298726839,2.274513556554052,0.7026270351400788,0.709548472785126,2.358976805473854,0.5681284069763151
7.356338323577172e-18,5.311723259964793e-17,8.46416270222634e-18,3.3229335220058085e-16,4.6649122473090927e-17,8.112052303366329e-17,5.707125614677704,7.356338323577172e-18,5.311723259964793e-17,8.46416270222634e-18,3.3229335220058085e-16,4.6649122473090927e-17,8.112052303366329e-17,5.707125614677704
0.6925474145957127,0.07004603649132796,0.34469800599785677,7.673550791914794,0.7800888857286328,0.7840688186279712,0.00038891334116184585,0.6925474145957127,0.07004603649132796,0.34469800599785677,7.673550791914794,0.7800888857286328,0.7840688186279712,0.00038891334116184585
0.07641707634730348,0.6912841347742102,0.32256454631705583,6.9353220474082695,0.7713258678305189,0.9593239932457324,0.8295741976542963,0.07641707634730348,0.6912841347742102,0.32256454631705583,6.9353220474082695,0.7713258678305189,0.9593239932457324,0.8295741976542963
0.0951510828644595,0.017884614107167046,0.8436792037522945,6.702299434915631,0.7752787001600817,0.7803668071881228,0.6324101255831521,0.0951510828644595,0.017884614107167046,0.8436792037522945,6.702299434915631,0.7752787001600817,0.7803668071881228,0.6324101255831521
0.007714585625396748,0.07680137091800118,0.7684318500482035,7.68838888992039,0.776173934313234,0.7841508433629958,0.7880841643222952,0.007714585625396748,0.07680137091800118,0.7684318500482035,7.68838888992039,0.776173934313234,0.7841508433629958,0.7880841643222952
0.08289841198245769,0.7590552141936132,0.09162906551750978,7.036845731425232,0.7741915804557098,0.8391554243914499,0.9208097046474756,0.08289841198245769,0.7590552141936132,0.09162906551750978,7.036845731425232,0.7741915804557098,0.8391554243914499,0.9208097046474756
0.3104560354497859,0.7728223138166258,0.12108404503392299,6.359492767223543,0.7798769603360927,0.7750093870802542,0.9680199129324577,0.3104560354497859,0.7728223138166258,0.12108404503392299,6.359492767223543,0.7798769603360927,0.7750093870802542,0.9680199129324577
0.1953415635603856,0.7423957198782294,0.07791770338867826,7.602091842764239,0.832865161033378,0.7832406886166872,0.7695890474698027,0.1953415635603856,0.7423957198782294,0.07791770338867826,7.602091842764239,0.832865161033378,0.7832406886166872,0.7695890474698027
0.7627809648726099,0.08550480714477708,0.09069295564919655,7.203903440623381,0.9436839334011845,0.7839952297178341,0.02378505707690121,0.7627809648726099,0.08550480714477708,0.09069295564919655,7.203903440623381,0.9436839334011845,0.7839952297178341,0.02378505707690121
0.08342263156002964,0.7667143864190831,0.08139442078319495,7.2952864264905255,0.8453561606764175,0.7886120061571747,0.7960175758394146,0.08342263156002964,0.7667143864190831,0.08139442078319495,7.2952864264905255,0.8453561606764175,0.7886120061571747,0.7960175758394146
0.2153190937464006,0.028272906037849158,1.6622198705883313,5.701688705038505,0.7770296782816245,0.7909844195866249,0.0,0.2153190937464006,0.028272906037849158,1.6622198705883313,5.701688705038505,0.7770296782816245,0.7909844195866249,0.0
0.008346802732953188,0.08448276038970923,0.8593070662920665,7.835310521803187,0.7787654331387847,0.9282406582302388,0.07540901216299892,0.008346802732953188,0.08448276038970923,0.8593070662920665,7.835310521803187,0.7787654331387847,0.9282406582302388,0.07540901216299892
4.154540868427051,0.727359963442457,0.7357061629851797,0.8126246512777259,0.7564313589567332,0.8022427635903686,0.8225296816178855,4.154540868427051,0.727359963442457,0.7357061629851797,0.8126246512777259,0.7564313589567332,0.8022427635903686,0.8225296816178855
0.7704066757686239,0.07752911709322316,0.2024111501115213,7.793331114743991,0.7753681357171993,0.851080055107292,0.8267297787525766,0.7704066757686239,0.07752911709322316,0.2024111501115213,7.793331114743991,0.7753681357171993,0.851080055107292,0.8267297787525766
0.2032832464460583,0.7269690448770648,0.12754949700027102,6.1320823279782175,0.7723895153669135,0.83356814146936,0.7123919537233653,0.2032832464460583,0.7269690448770648,0.12754949700027102,6.1320823279782175,0.7723895153669135,0.83356814146936,0.7123919537233653
0.7561722994958597,0.12380979099715798,0.09384439172936275,7.754131585477193,1.0176979752650401,0.9342301563967402,0.13011931401945004,0.7561722994958597,0.12380979099715798,0.09384439172936275,7.754131585477193,1.0176979752650401,0.9342301563967402,0.13011931401945004
0.8374701676499635,0.0936994183068252,0.13095793538626463,6.909246329305244,0.7792038195163488,0.784625230045252,0.0013542033692643396,0.8374701676499635,0.0936994183068252,0.13095793538626463,6.909246329305244,0.7792038195163488,0.784625230045252,0.0013542033692643396
0.014832641675543335,0.10830496669317315,0.7612156675332112,6.189975379679531,0.9242439876230645,0.7835134926673624,0.0036820188627466966,0.014832641675543335,0.10830496669317315,0.7612156675332112,6.189975379679531,0.9242439876230645,0.7835134926673624,0.0036820188627466966
0.822505332581983,0.0987496322823449,0.09954445019005875,6.366459344706682,0.7708908123655592,0.7778999248443101,0.881812960374481,0.822505332581983,0.0987496322823449,0.09954445019005875,6.366459344706682,0.7708908123655592,0.7778999248443101,0.881812960374481
0.0795760683174861,0.7635735633098194,0.08000703256617155,7.39326038188255,0.7749051687717738,0.8460731164244827,0.7963922814477927,0.0795760683174861,0.7635735633098194,0.08000703256617155,7.39326038188255,0.7749051687717738,0.8460731164244827,0.7963922814477927
0.7496340132226919,0.13305589799506717,0.09437948181662646,6.47671951335639,0.7721509008160384,0.7789332767032187,0.8244785250832101,0.7496340132226919,0.13305589799506717,0.09437948181662646,6.47671951335639,0.7721509008160384,0.7789332767032187,0.8244785250832101
0.010715969690107664,0.0818511293300677,0.7591775959162004,7.022456864838429,0.7921656053356696,1.0302051642455168,0.99785012272239,0.010715969690107664,0.0818511293300677,0.7591775959162004,7.022456864838429,0.7921656053356696,1.0302051642455168,0.99785012272239
0.013697225098127845,0.09355116903691209,0.7615732446077677,6.854952563079692,0.9367712474138831,0.8279708652836979,0.6972683905569959,0.013697225098127845,0.09355116903691209,0.7615732446077677,6.854952563079692,0.9367712474138831,0.8279708652836979,0.6972683905569959
0.7716093476059643,0.129893721791203,0.07919890414107716,7.62512423382637,0.7758942521522313,0.8836343280770615,0.6910122962714643,0.7716093476059643,0.129893721791203,0.07919890414107716,7.62512423382637,0.7758942521522313,0.8836343280770615,0.6910122962714643
0.08340634183118337,0.008460157366371856,0.8264992134673873,7.604776393605666,0.7760002647285047,0.7799462707590037,0.7949605036758098,0.08340634183118337,0.008460157366371856,0.8264992134673873,7.604776393605666,0.7760002647285047,0.7799462707590037,0.7949605036758098
0.8044460629595103,0.19955130073581873,0.12126812583075579,6.145315317137743,0.869794119946275,0.7753627773770133,0.9385962727750655,0.8044460629595103,0.19955130073581873,0.12126812583075579,6.145315317137743,0.869794119946275,0.7753627773770133,0.9385962727750655
0.016142042843886352,0.11402546745364421,0.013826823095403982,0.9628613641892153,6.448164699793937,0.8257658756454027,0.02722435549325533,0.016142042843886352,0.11402546745364421,0.013826823095403982,0.9628613641892153,6.448164699793937,0.8257658756454027,0.02722435549325533
0.07383251500821,0.010922279675372171,0.7662849596823005,7.905245922464893,0.9593752030638766,0.8689274430594751,0.8258714455795827,0.07383251500821,0.010922279675372171,0.7662849596823005,7.905245922464893,0.9593752030638766,0.8689274430594751,0.8258714455795827
0.09039103677004762,0.00891371751841502,0.7655618199772498,7.816418098726119,0.7789800880313461,0.7797562197715142,0.9684605271460205,0.09039103677004762,0.00891371751841502,0.7655618199772498,7.816418098726119,0.7789800880313461,0.7797562197715142,0.9684605271460205
0.00876755403910107,0.08069377957488187,0.7683710328459714,7.961213703959046,0.7841311086446787,0.7803153619146727,0.8545644166697636,0.00876755403910107,0.08069377957488187,0.7683710328459714,7.961213703959046,0.7841311086446787,0.7803153619146727,0.8545644166697636
0.834769158731557,0.09359536706565184,0.08802782244526987,7.295972733279633,1.0375891327084312,0.7773303882082814,0.9770253635978876,0.834769158731557,0.09359536706565184,0.08802782244526987,7.295972733279633,1.0375891327084312,0.7773303882082814,0.9770253635978876
0.8226283878838935,0.08109806301088958,0.10483391995849237,7.8298593097684,0.7763303681180791,0.7800217027218183,0.817553462701456,0.8226283878838935,0.08109806301088958,0.10483391995849237,7.8298593097684,0.7763303681180791,0.7800217027218183,0.817553462701456
0.02065828165605744,0.1491428078877024,0.7532935781703152,5.928682532869058,0.7724711529983285,0.7796572927849019,0.6420029310807036,0.02065828165605744,0.1491428078877024,0.7532935781703152,5.928682532869058,0.7724711529983285,0.7796572927849019,0.6420029310807036
0.11589969209420807,0.8763787539525772,0.12202273729665693,5.782703541024107,0.7738061393926438,0.9037000006787096,0.16886180264649908,0.11589969209420807,0.8763787539525772,0.12202273729665693,5.782703541024107,0.7738061393926438,0.9037000006787096,0.16886180264649908
0.12142077882156353,0.7416463884604859,4.5902573281149985,0.7613900559031124,0.7740277482039893,0.7856372494620416,0.0006517440295595148,0.12142077882156353,0.7416463884604859,4.5902573281149985,0.7613900559031124,0.7740277482039893,0.7856372494620416,0.0006517440295595148
0.1024924238427723,0.011877897390885359,0.8835014408164359,6.60017017241452,0.7713970556797815,0.7780895957154361,0.9137267834726798,0.1024924238427723,0.011877897390885359,0.8835014408164359,6.60017017241452,0.7713970556797815,0.7780895957154361,0.9137267834726798
0.10953863110926051,0.7608152948722978,0.08404424385105744,7.035586894985466,0.8914025037314462,0.7796025555720225,0.7499635417950157,0.10953863110926051,0.7608152948722978,0.08404424385105744,7.035586894985466,0.8914025037314462,0.7796025555720225,0.7499635417950157
0.09766160649999808,0.011715005098906611,0.7817111389067998,6.422165902552663,0.8869767975874184,0.7838802689270397,0.11578513596446838,0.09766160649999808,0.011715005098906611,0.7817111389067998,6.422165902552663,0.8869767975874184,0.7838802689270397,0.11578513596446838
0.7481214177905287,0.14292338112013067,0.10824672955375361,5.406691978973427,0.7752476036113422,0.7827985793039439,0.00724317466407887,0.7481214177905287,0.14292338112013067,0.10824672955375361,5.406691978973427,0.7752476036113422,0.7827985793039439,0.00724317466407887
0.020962484947533895,0.10411851435808031,0.8254151888590903,5.928199157651727,0.8262372139091132,0.7775746824102084,0.7378973742114927,0.020962484947533895,0.10411851435808031,0.8254151888590903,5.928199157651727,0.8262372139091132,0.7775746824102084,0.7378973742114927
0.01290812820149996,0.10460536100659681,0.8541344271488263,6.187700009873357,0.7709018120965276,0.7767489565073855,0.8334217032510279,0.01290812820149996,0.10460536100659681,0.8541344271488263,6.187700009873357,0.7709018120965276,0.7767489565073855,0.8334217032510279
0.0764220149443836,0.011590384199172183,0.7493899571067483,7.302753819231471,1.8068426191531897,0.7853345299961436,0.782385822837271,0.0764220149443836,0.011590384199172183,0.7493899571067483,7.302753819231471,1.8068426191531897,0.7853345299961436,0.782385822837271
0.14751459955468235,0.015142928783268363,0.841983375729205,7.517565999146446,0.7721646662934538,0.9677060645989485,0.9304227010978264,0.14751459955468235,0.015142928783268363,0.841983375729205,7.517565999146446,0.7721646662934538,0.9677060645989485,0.9304227010978264
0.8128122771933384,0.09819250903234458,0.11548396359206779,7.121672821172596,0.8531524050081489,0.779009906131201,0.813870235645464,0.8128122771933384,0.09819250903234458,0.11548396359206779,7.121672821172596,0.8531524050081489,0.779009906131201,0.813870235645464
0.08300344152517902,0.008349730902419302,0.8292893082153934,7.654649026366484,0.9033078315987575,0.7865673231368494,0.8033146298948795,0.08300344152517902,0.008349730902419302,0.8292893082153934,7.654649026366484,0.9033078315987575,0.7865673231368494,0.8033146298948795
0.11363969960050871,0.02104538504044928,0.7547801524851572,6.017217025625302,0.8624530645478307,0.7788014214554209,0.8433407154061211,0.11363969960050871,0.02104538504044928,0.7547801524851572,6.017217025625302,0.8624530645478307,0.7788014214554209,0.8433407154061211
0.0768300104813945,0.013492170509695103,0.7890602767808601,7.833700185420678,0.7783885666539698,0.9625292979210044,0.00910054173504245,0.0768300104813945,0.013492170509695103,0.7890602767808601,7.833700185420678,0.7783885666539698,0.9625292979210044,0.00910054173504245
0.856435100629579,0.13188650644690011,0.08295641964418823,8.118293961772597,0.7800819731040002,0.8450463916253312,0.0,0.856435100629579,0.13188650644690011,0.08295641964418823,8.118293961772597,0.7800819731040002,0.8450463916253312,0.0
0.07033601587114319,0.01008291795802029,0.7685096879522798,8.347417459166932,0.7754282704110836,0.8774288868725831,0.9609119247360606,0.07033601587114319,0.01008291795802029,0.7685096879522798,8.347417459166932,0.7754282704110836,0.8774288868725831,0.9609119247360606
0.11517147753941509,0.7528701420270311,0.11626471031071675,5.834441268428884,0.8508166349449947,0.780910980404309,0.4563095484855875,0.11517147753941509,0.7528701420270311,0.11626471031071675,5.834441268428884,0.8508166349449947,0.780910980404309,0.4563095484855875
0.7705357178721419,0.0930716394659015,0.10991666767707839,6.277016993458545,0.775111572000457,1.3501869636251833,0.5009947640285042,0.7705357178721419,0.0930716394659015,0.10991666767707839,6.277016993458545,0.775111572000457,1.3501869636251833,0.5009947640285042
0.07573046806750178,0.008159180165468481,0.7668146706773211,7.756439016464588,0.774250430258451,0.778696614568893,0.9834321111971664,0.07573046806750178,0.008159180165468481,0.7668146706773211,7.756439016464588,0.774250430258451,0.778696614568893,0.9834321111971664
0.7639377116262028,0.13198711363628263,0.0738102862860861,8.309886057613715,0.8703591142868343,0.7825600146413617,0.7766028025853898,0.7639377116262028,0.13198711363628263,0.0738102862860861,8.309886057613715,0.8703591142868343,0.7825600146413617,0.7766028025853898
0.0072666305553035476,0.07453083004609402,0.7680566801095923,7.914873277337151,0.7753460636944742,0.8923433939786566,0.8147548539876531,0.0072666305553035476,0.07453083004609402,0.7680566801095923,7.914873277337151,0.7753460636944742,0.8923433939786566,0.8147548539876531
0.08145364744917433,0.008637600975267785,0.7696655328584171,7.29902760994515,0.7807186284406812,0.8812692881523183,0.06714694776460853,0.08145364744917433,0.008637600975267785,0.7696655328584171,7.29902760994515,0.7807186284406812,0.8812692881523183,0.06714694776460853
0.05169526226293472,0.26274163065371137,0.11835590221340513,2.894151588035224,0.29113405868106806,7.3110743099880215,0.00943514055527997,0.05169526226293472,0.26274163065371137,0.11835590221340513,2.894151588035224,0.29113405868106806,7.3110743099880215,0.00943514055527997
0.7511772858180504,0.13222676566716648,0.09335279298366979,6.566961347177254,0.7723285102041743,0.7798883252741338,0.8354750275753512,0.7511772858180504,0.13222676566716648,0.09335279298366979,6.566961347177254,0.7723285102041743,0.7798883252741338,0.8354750275753512
0.07092437756176012,0.012160862774880491,0.7661468086672187,8.193014398264598,0.8029534411960731,0.9934123306813818,0.9929927189481623,0.07092437756176012,0.012160862774880491,0.7661468086672187,8.193014398264598,0.8029534411960731,0.9934123306813818,0.9929927189481623
0.08631326850819185,0.7562433951685166,0.22704982387836217,7.087611241190908,0.7739933517127893,0.8437094249417977,0.7809499789252339,0.08631326850819185,0.7562433951685166,0.22704982387836217,7.087611241190908,0.7739933517127893,0.8437094249417977,0.7809499789252339
0.10641475414174413,0.02113294466393275,0.015833717869906463,0.9008689065947076,6.36809545970347,0.8219024769368856,0.0641438430329571,0.10641475414174413,0.02113294466393275,0.015833717869906463,0.9008689065947076,6.36809545970347,0.8219024769368856,0.0641438430329571
0.8343833974888182,0.09210311232138395,0.09829407126178395,6.94551226362852,0.7723335079222965,0.8770577108112425,0.8457096473734682,0.8343833974888182,0.09210311232138395,0.09829407126178395,6.94551226362852,0.7723335079222965,0.8770577108112425,0.8457096473734682
0.7592952192775753,0.11930733193967125,0.0840872348043507,7.019697580642393,0.7726203387701018,0.7772198975032422,0.9351034965519964,0.7592952192775753,0.11930733193967125,0.0840872348043507,7.019697580642393,0.7726203387701018,0.7772198975032422,0.9351034965519964
0.0869270351442496,0.015757161436379823,0.764505501350738,7.321489103494777,0.8971672996514073,0.7853341465633576,0.7881710321783827,0.0869270351442496,0.015757161436379823,0.764505501350738,7.321489103494777,0.8971672996514073,0.7853341465633576,0.7881710321783827
0.7462161131624484,0.08126920312493947,0.26152688427961374,7.061608626529469,0.7737798414319091,0.8984702207758506,0.7298669451511818,0.7462161131624484,0.08126920312493947,0.26152688427961374,7.061608626529469,0.7737798414319091,0.8984702207758506,0.7298669451511818
0.8431412370455267,0.118306965582911,0.13127895403270404,5.409834924770979,0.7686583057011379,0.7761854525770395,0.7339327143136384,0.8431412370455267,0.118306965582911,0.13127895403270404,5.409834924770979,0.7686583057011379,0.7761854525770395,0.7339327143136384
0.012432263848259385,0.10697803396876826,0.9613533490107804,7.136323984827774,0.9503099139395037,0.7843262876947981,0.01501081352378256,0.012432263848259385,0.10697803396876826,0.9613533490107804,7.136323984827774,0.9503099139395037,0.7843262876947981,0.01501081352378256
0.7351746634620773,0.20544897790280206,0.09106100344600407,6.430915659519295,0.7726220842112265,0.7838416650730649,0.7733453484968409,0.7351746634620773,0.20544897790280206,0.09106100344600407,6.430915659519295,0.7726220842112265,0.7838416650730649,0.7733453484968409
0.015440126868682881,0.08328085503306726,0.7649002267355854,7.22772630924649,0.7974034676291705,0.7785688411077345,0.8641297973944462,0.015440126868682881,0.08328085503306726,0.7649002267355854,7.22772630924649,0.7974034676291705,0.7785688411077345,0.8641297973944462
0.022967492741023995,0.1610472471481855,1.1066477122881477,5.679236921660562,0.772870089533645,0.8433266976427108,0.45157884004112064,0.022967492741023995,0.1610472471481855,1.1066477122881477,5.679236921660562,0.772870089533645,0.8433266976427108,0.45157884004112064
0.7491512272668179,0.08034791643892526,0.2606855581427313,7.294759368071531,0.7749308097085696,0.8418498901253435,0.7523994360763708,0.7491512272668179,0.08034791643892526,0.2606855581427313,7.294759368071531,0.7749308097085696,0.8418498901253435,0.7523994360763708
0.7338404244679008,0.17607051661711598,0.13062227441454538,6.556393460512801,0.8735581660888956,0.7812037480324575,0.8204191126076534,0.7338404244679008,0.17607051661711598,0.13062227441454538,6.556393460512801,0.8735581660888956,0.7812037480324575,0.8204191126076534
0.00967571204099576,0.08369143068017526,0.7723350162536953,7.435478061047895,0.9160675828290229,0.7844510873500701,0.003997466681421035,0.00967571204099576,0.08369143068017526,0.7723350162536953,7.435478061047895,0.9160675828290229,0.7844510873500701,0.003997466681421035
0.1744306255571778,0.019996872858032564,0.7457312580572284,6.682791120581494,0.7711390147154376,0.9788282385423309,0.7394303661872992,0.1744306255571778,0.019996872858032564,0.7457312580572284,6.682791120581494,0.7711390147154376,0.9788282385423309,0.7394303661872992
0.011878033919314262,0.08995795611587327,0.8247000227522712,7.018081327883527,0.8944323710863928,0.7898247835998414,0.0,0.011878033919314262,0.08995795611587327,0.8247000227522712,7.018081327883527,0.8944323710863928,0.7898247835998414,0.0
0.07468263788264906,0.7474649917029018,0.1824981000052716,7.707407649871965,0.9090235283614592,0.8497281901547662,0.8070379481327173,0.07468263788264906,0.7474649917029018,0.1824981000052716,7.707407649871965,0.9090235283614592,0.8497281901547662,0.8070379481327173
0.07257998105578489,0.7701956322959674,0.07290153768907524,8.190247130275242,0.7752800147540801,0.7787147970146309,0.9907689805782333,0.07257998105578489,0.7701956322959674,0.07290153768907524,8.190247130275242,0.7752800147540801,0.7787147970146309,0.9907689805782333
0.7399527018571667,0.11986014904098426,4.659518305731759,0.8683867352872876,0.7746066495944391,0.7858340641151533,0.0005939333132981871,0.7399527018571667,0.11986014904098426,4.659518305731759,0.8683867352872876,0.7746066495944391,0.7858340641151533,0.0005939333132981871
0.01175408959953623,0.08094226845716028,0.7698165263126634,7.229927735820489,0.884375616400746,0.7864208789424696,0.884748011251463,0.01175408959953623,0.08094226845716028,0.7698165263126634,7.229927735820489,0.884375616400746,0.7864208789424696,0.884748011251463
0.7550690595449027,0.07744078932375895,0.12240352377770647,7.505934031968181,0.8591784439313744,0.7877018294040496,0.9562717415558105,0.7550690595449027,0.07744078932375895,0.12240352377770647,7.505934031968181,0.8591784439313744,0.7877018294040496,0.9562717415558105
0.010079957653213885,0.0886343180152436,0.766434852189405,7.417231396441088,0.7756653134341629,0.7891986974372508,0.7685266182215339,0.010079957653213885,0.0886343180152436,0.766434852189405,7.417231396441088,0.7756653134341629,0.7891986974372508,0.7685266182215339
0.11113210450703209,0.7565969726019179,0.08424253813949759,6.98372863034478,0.8401430354356451,0.7834549594626343,0.745854720062323,0.11113210450703209,0.7565969726019179,0.08424253813949759,6.98372863034478,0.8401430354356451,0.7834549594626343,0.745854720062323
4.784345044391235,0.7012552435218437,0.7093870535920643,0.7163343284267085,0.7321446678288821,1.8679823836383171,0.8363511708030699,4.784345044391235,0.7012552435218437,0.7093870535920643,0.7163343284267085,0.7321446678288821,1.8679823836383171,0.8363511708030699
0.09009699250787492,0.7550426867130792,0.09114285909416664,6.418009909562727,0.930245333066348,0.7792220724159986,0.6943441998304554,0.09009699250787492,0.7550426867130792,0.09114285909416664,6.418009909562727,0.930245333066348,0.7792220724159986,0.6943441998304554
0.761310849763662,0.08169464307393207,0.07837378670368735,7.5977133625998,0.773634218635172,0.9401344402454636,0.847033632302675,0.761310849763662,0.08169464307393207,0.07837378670368735,7.5977133625998,0.773634218635172,0.9401344402454636,0.847033632302675
0.9479110204471342,0.09527958446497917,0.09558891054760067,7.6904659774610735,0.7909367528995457,0.7816275197918515,0.6219310344806086,0.9479110204471342,0.09527958446497917,0.09558891054760067,7.6904659774610735,0.7909367528995457,0.7816275197918515,0.6219310344806086
0.8633705598476966,0.09422962219007784,0.10579113722159514,7.019759112126961,0.8937467545046716,0.7787699930845757,0.8645397023661228,0.8633705598476966,0.09422962219007784,0.10579113722159514,7.019759112126961,0.8937467545046716,0.7787699930845757,0.8645397023661228
0.7402079917071425,0.09427524328772459,0.18676680954857208,6.852286888755168,0.8914070568749328,0.7801015421448748,0.7192259278150741,0.7402079917071425,0.09427524328772459,0.18676680954857208,6.852286888755168,0.8914070568749328,0.7801015421448748,0.7192259278150741
0.09112806259376637,0.016112665340100894,0.7694636691959676,6.421624275329976,0.7779213741150561,0.7835235760626623,0.008221455941232154,0.09112806259376637,0.016112665340100894,0.7694636691959676,6.421624275329976,0.7779213741150561,0.7835235760626623,0.008221455941232154
0.07998082375096652,0.7677162736998968,0.07787646208399503,7.630587653008748,0.8935379901467823,0.8306223176712946,0.8322156715617194,0.07998082375096652,0.7677162736998968,0.07787646208399503,7.630587653008748,0.8935379901467823,0.8306223176712946,0.8322156715617194
0.08443353938260195,0.014782124391295292,0.7645216141000658,6.861537399197227,0.935688266457131,0.7981175955919727,0.5439353839939394,0.08443353938260195,0.014782124391295292,0.7645216141000658,6.861537399197227,0.935688266457131,0.7981175955919727,0.5439353839939394
0.7611059039998543,0.11618445628765375,0.08481941378983304,7.00389513855498,0.7762970741269629,0.7841113579393706,0.6037095977352263,0.7611059039998543,0.11618445628765375,0.08481941378983304,7.00389513855498,0.7762970741269629,0.7841113579393706,0.6037095977352263
0.017519491541975827,0.126151591893495,0.8796857386347505,5.89440498307958,0.7734009205195412,0.8456524821988014,0.4645832724697541,0.017519491541975827,0.126151591893495,0.8796857386347505,5.89440498307958,0.7734009205195412,0.8456524821988014,0.4645832724697541
0.7495622528829978,0.09540153769715679,0.09761256253685219,5.9859732368703265,0.9604577097436241,0.8159276246567247,0.699221050114193,0.7495622528829978,0.09540153769715679,0.09761256253685219,5.9859732368703265,0.9604577097436241,0.8159276246567247,0.699221050114193
0.009766451482824798,0.09826107592262691,0.7640944988869313,8.058818718590448,0.7739615153902548,0.9008986073368734,0.975407033531965,0.009766451482824798,0.09826107592262691,0.7640944988869313,8.058818718590448,0.7739615153902548,0.9008986073368734,0.975407033531965
0.09595135474694681,0.020307948598809033,0.7548895933491164,5.859285042417791,0.8782723819140035,0.8806940350393985,0.7095419491694591,0.09595135474694681,0.020307948598809033,0.7548895933491164,5.859285042417791,0.8782723819140035,0.8806940350393985,0.7095419491694591
0.07564667712483905,0.7679597129073112,0.0760127883352576,7.869618515867172,0.7837400639522782,0.7889509180785075,0.46433186544391936,0.07564667712483905,0.7679597129073112,0.0760127883352576,7.869618515867172,0.7837400639522782,0.7889509180785075,0.46433186544391936
0.6800920073535079,6.162163772955865,2.8034341111037877,1.8265536925278665,0.7784801867944754,0.8563831515073851,0.28807760867130844,0.6800920073535079,6.162163772955865,2.8034341111037877,1.8265536925278665,0.7784801867944754,0.8563831515073851,0.28807760867130844
0.010232889520951038,0.08732976917803426,0.7879730247782996,6.887537058381241,0.7736325314499087,0.8415690510593841,0.7596871394325893,0.010232889520951038,0.08732976917803426,0.7879730247782996,6.887537058381241,0.7736325314499087,0.8415690510593841,0.7596871394325893
0.6987566295255482,0.08264666856860142,0.31748801461697806,6.526454949258219,0.7949676623715624,0.8233286785505659,0.06679057053117837,0.6987566295255482,0.08264666856860142,0.31748801461697806,6.526454949258219,0.7949676623715624,0.8233286785505659,0.06679057053117837
0.01773317197579168,0.12925336309210717,0.8933000342609437,5.506939087485702,0.766234929002657,0.8505407708675096,0.8541760532016822,0.01773317197579168,0.12925336309210717,0.8933000342609437,5.506939087485702,0.766234929002657,0.8505407708675096,0.8541760532016822
0.7506004444755453,0.14267077348938884,0.08230390365943721,7.133722071453022,0.9415014859431219,0.7819531198700526,0.768478318010524,0.7506004444755453,0.14267077348938884,0.08230390365943721,7.133722071453022,0.9415014859431219,0.7819531198700526,0.768478318010524
0.020523183192532796,0.12234789767195232,0.7395610831838695,4.46417221316727,1.0285595510074288,0.8845092843394846,0.028049510569185216,0.020523183192532796,0.12234789767195232,0.7395610831838695,4.46417221316727,1.0285595510074288,0.8845092843394846,0.028049510569185216
0.09201785674418006,0.7885047585710265,0.36518358874420387,6.723337361827938,0.7735977692537725,0.7829903301998685,0.7824436969195147,0.09201785674418006,0.7885047585710265,0.36518358874420387,6.723337361827938,0.7735977692537725,0.7829903301998685,0.7824436969195147
0.8098863027362821,0.10319011581318345,0.1344663811407972,5.982387608464056,0.798937590625461,0.777569855753796,0.8314175523578382,0.8098863027362821,0.10319011581318345,0.1344663811407972,5.982387608464056,0.798937590625461,0.777569855753796,0.8314175523578382
0.008755259160785244,0.08296558970025839,0.7905545812466672,7.286814838243989,0.7735315838461708,0.778370377425991,0.9315444950703486,0.008755259160785244,0.08296558970025839,0.7905545812466672,7.286814838243989,0.7735315838461708,0.778370377425991,0.9315444950703486
0.07656645769970542,0.7626578617835689,0.07877657954778743,7.675033416642467,0.7792939856322308,0.7783445340859665,0.9483465630491216,0.07656645769970542,0.7626578617835689,0.07877657954778743,7.675033416642467,0.7792939856322308,0.7783445340859665,0.9483465630491216
0.008829072287668356,0.08197804528478257,0.7655689717829057,7.1374645995392045,0.8215022982188291,0.9050109812854774,0.748406761422474,0.008829072287668356,0.08197804528478257,0.7655689717829057,7.1374645995392045,0.8215022982188291,0.9050109812854774,0.748406761422474
0.010404919177096513,0.09757679537390088,0.9202579084340912,7.193486878089278,0.7733861956920173,0.7777707092963427,0.9243486269926365,0.010404919177096513,0.09757679537390088,0.9202579084340912,7.193486878089278,0.7733861956920173,0.7777707092963427,0.9243486269926365
0.7560574154372426,0.08222380518167097,0.1093856265791625,7.066144712798263,0.8324561602443635,0.7782201667160085,0.8760489457733519,0.7560574154372426,0.08222380518167097,0.1093856265791625,7.066144712798263,0.8324561602443635,0.7782201667160085,0.8760489457733519
8.660610899884861e-19,6.002436025989204e-18,4.697878557478545e-17,3.8431346181181554e-16,4.774039777972514e-17,5.048912962522445e-17,6.424820822120887,8.660610899884861e-19,6.002436025989204e-18,4.697878557478545e-17,3.8431346181181554e-16,4.774039777972514e-17,5.048912962522445e-17,6.424820822120887
0.0929015770216848,0.7573417344177769,0.08506024499255521,6.885122974904172,0.7786992282113093,0.9130110277142673,0.7825570210493296,0.0929015770216848,0.7573417344177769,0.08506024499255521,6.885122974904172,0.7786992282113093,0.9130110277142673,0.7825570210493296
0.8149830367594819,0.1115718292177529,0.08266190854841604,7.679923029156636,0.7762620638393977,0.9193523190068953,0.6186391110511621,0.8149830367594819,0.1115718292177529,0.08266190854841604,7.679923029156636,0.7762620638393977,0.9193523190068953,0.6186391110511621
0.11144657599925611,0.8927924079980305,0.11278554913012294,6.159576948334372,0.7772307955529589,0.7832145012064254,0.13035926506695777,0.11144657599925611,0.8927924079980305,0.11278554913012294,6.159576948334372,0.7772307955529589,0.7832145012064254,0.13035926506695777
0.830004987298857,0.08008961879231655,0.08046160760149663,7.985847329175027,0.7751601793169092,0.7784170515343273,0.9894056838143517,0.830004987298857,0.08008961879231655,0.08046160760149663,7.985847329175027,0.7751601793169092,0.7784170515343273,0.9894056838143517
0.7834117817609338,0.1300050508245905,0.0766632748461299,8.032529431354877,0.9200335676514352,0.784910599452727,0.012937890383294598,0.7834117817609338,0.1300050508245905,0.0766632748461299,8.032529431354877,0.9200335676514352,0.784910599452727,0.012937890383294598
0.14372422105240842,0.7848881437693521,0.43001543740400866,5.971650254127493,0.8242190741876614,0.7806005099481744,0.5198388182468214,0.14372422105240842,0.7848881437693521,0.43001543740400866,5.971650254127493,0.8242190741876614,0.7806005099481744,0.5198388182468214
0.7649429916364767,0.09821046143253566,0.12730597518856293,5.999378199537754,0.7767659124329618,0.7835455402972801,0.10643205909831442,0.7649429916364767,0.09821046143253566,0.12730597518856293,5.999378199537754,0.7767659124329618,0.7835455402972801,0.10643205909831442
0.08284542143004604,0.016102062189493175,0.7652704799563045,6.958409930216309,0.8876420992283212,0.7837846608394804,0.8456031930243187,0.08284542143004604,0.016102062189493175,0.7652704799563045,6.958409930216309,0.8876420992283212,0.7837846608394804,0.8456031930243187
0.7824661057832181,0.07094037976302846,0.17916609045969678,8.688654837320518,0.776421112599136,0.8605204545272198,0.9156891973070969,0.7824661057832181,0.07094037976302846,0.17916609045969678,8.688654837320518,0.776421112599136,0.8605204545272198,0.9156891973070969
0.07595270606507175,0.00742864451511599,0.7802688973342001,7.8928457044235545,0.7759673658314493,0.8326375694683492,0.8288868747918838,0.07595270606507175,0.00742864451511599,0.7802688973342001,7.8928457044235545,0.7759673658314493,0.8326375694683492,0.8288868747918838
0.011837635563223666,0.09474600553255881,0.7621960337515377,6.112434616617466,0.8266482718600666,0.7768070878776847,0.8293266101190764,0.011837635563223666,0.09474600553255881,0.7621960337515377,6.112434616617466,0.8266482718600666,0.7768070878776847,0.8293266101190764
0.6754103941602694,0.2548024087593633,0.2510645576637435,6.104166425774806,0.8386436068110952,0.7775646516020109,0.7827802179615768,0.6754103941602694,0.2548024087593633,0.2510645576637435,6.104166425774806,0.8386436068110952,0.7775646516020109,0.7827802179615768
0.05377918877859451,0.13203147825929282,0.8076480360605756,5.528526694989088,1.2763713237494343,0.777342836967854,0.7006542709746846,0.05377918877859451,0.13203147825929282,0.8076480360605756,5.528526694989088,1.2763713237494343,0.777342836967854,0.7006542709746846
0.7351220517426641,0.1992663123708435,0.08352621589585275,7.3751648811253,0.7704943161653446,1.0888562042390708,0.896364254780941,0.7351220517426641,0.1992663123708435,0.08352621589585275,7.3751648811253,0.7704943161653446,1.0888562042390708,0.896364254780941
0.10141738010117278,0.014789594812515048,0.7666669979648687,6.442564110510227,0.834095886975807,0.8567848671210736,0.6123181138012543,0.10141738010117278,0.014789594812515048,0.7666669979648687,6.442564110510227,0.834095886975807,0.8567848671210736,0.6123181138012543
0.13579133647906444,0.7573767723106968,0.08337602674739582,7.114457895354267,0.774258463760549,0.7819603430709686,0.8271176696403041,0.13579133647906444,0.7573767723106968,0.08337602674739582,7.114457895354267,0.774258463760549,0.7819603430709686,0.8271176696403041
0.09757188451210927,0.01020171240005236,0.9382903864024122,7.375969875775709,0.7774833502175482,0.9683518315852027,0.011871300160902733,0.09757188451210927,0.01020171240005236,0.9382903864024122,7.375969875775709,0.7774833502175482,0.9683518315852027,0.011871300160902733
0.759323004126168,0.10126838002774645,0.07565332785371079,7.971151656181007,0.7733544493426817,0.9315887228592908,0.9788132723729417,0.759323004126168,0.10126838002774645,0.07565332785371079,7.971151656181007,0.7733544493426817,0.9315887228592908,0.9788132723729417
0.10586910069743002,0.012942846465552391,0.7560830207575792,6.248273066828786,0.7737089839885876,0.7876232896916172,0.934221072781074,0.10586910069743002,0.012942846465552391,0.7560830207575792,6.248273066828786,0.7737089839885876,0.7876232896916172,0.934221072781074
0.7537786241056931,0.09000173339523486,0.09918375831644291,6.411664241615257,0.8283949968061023,0.7795972484098682,0.8300399610252277,0.7537786241056931,0.09000173339523486,0.09918375831644291,6.411664241615257,0.8283949968061023,0.7795972484098682,0.8300399610252277
0.11937207894987718,0.014901547308911559,0.015017205517912791,0.9656298643719596,6.149809490701132,0.7897194442485366,0.7771146825481826,0.11937207894987718,0.014901547308911559,0.015017205517912791,0.9656298643719596,6.149809490701132,0.7897194442485366,0.7771146825481826
0.9173033789021883,0.1216076132622152,0.11506900922434168,6.150970200859915,0.7732379420284488,0.8560840090697086,0.5620077461119146,0.9173033789021883,0.1216076132622152,0.11506900922434168,6.150970200859915,0.7732379420284488,0.8560840090697086,0.5620077461119146
0.09013771937942519,0.7553845302353133,0.0907967832444638,6.42030047191161,0.8256040625657878,0.7778144234761709,0.7988955432749986,0.09013771937942519,0.7553845302353133,0.0907967832444638,6.42030047191161,0.8256040625657878,0.7778144234761709,0.7988955432749986
0.7497372881641337,0.1407291261803091,0.08521152595578478,6.871487496673492,0.935897732004432,0.7838000540254009,0.7412955616375437,0.7497372881641337,0.1407291261803091,0.08521152595578478,6.871487496673492,0.935897732004432,0.7838000540254009,0.7412955616375437
0.08188534481973815,0.008804503561104078,0.7659555031448916,7.164747661373042,0.7754170602698903,0.7793045339095362,0.7943459612579973,0.08188534481973815,0.008804503561104078,0.7659555031448916,7.164747661373042,0.7754170602698903,0.7793045339095362,0.7943459612579973
0.8284674549436912,0.14070385143482253,0.09509538182614731,6.787445933583292,0.7741037233476198,0.829992869495291,0.7115365852626189,0.8284674549436912,0.14070385143482253,0.09509538182614731,6.787445933583292,0.7741037233476198,0.829992869495291,0.7115365852626189
0.23680715266380678,0.8642589839333393,0.12134453065368829,5.642651670731236,0.774156728525382,0.8914642690988424,0.0,0.23680715266380678,0.8642589839333393,0.12134453065368829,5.642651670731236,0.774156728525382,0.8914642690988424,0.0
0.7612359287188563,0.08233883535989882,0.09321059794770502,7.120977163452887,0.7747434966714738,0.7792624108894469,0.789986120464821,0.7612359287188563,0.08233883535989882,0.09321059794770502,7.120977163452887,0.7747434966714738,0.7792624108894469,0.789986120464821
0.08015498967410553,0.009863709381543186,0.008370314450589148,0.7755828597861059,0.0808585826465792,7.564314909681134,0.010778759772258527,0.08015498967410553,0.009863709381543186,0.008370314450589148,0.7755828597861059,0.0808585826465792,7.564314909681134,0.010778759772258527
0.7491562389016848,6.063920439478382,0.8180563340341498,1.0597371179988027,0.7727588731880507,0.7794845472205897,0.7043963987777303,0.7491562389016848,6.063920439478382,0.8180563340341498,1.0597371179988027,0.7727588731880507,0.7794845472205897,0.7043963987777303
0.10199420151671436,0.011764363298552414,0.764041171511568,6.683592562254867,0.9359577968263322,0.7970875774120185,0.0,0.10199420151671436,0.011764363298552414,0.764041171511568,6.683592562254867,0.9359577968263322,0.7970875774120185,0.0
0.018476487248760675,0.12649279981620154,0.8751781447007032,5.1839836888126145,0.9399643046584977,0.7803272421430737,0.41663580549093776,0.018476487248760675,0.12649279981620154,0.8751781447007032,5.1839836888126145,0.9399643046584977,0.7803272421430737,0.41663580549093776
0.09037878914337556,0.8432284202471121,0.09672254620001573,7.345426405071918,0.7728735588477613,0.9628649314561212,0.8215605507476397,0.09037878914337556,0.8432284202471121,0.09672254620001573,7.345426405071918,0.7728735588477613,0.9628649314561212,0.8215605507476397
0.10883745063405167,0.03358661167664841,0.8830193860502005,5.9081197850301805,0.7707020196047328,0.7770870268834872,0.7662622422075989,0.10883745063405167,0.03358661167664841,0.8830193860502005,5.9081197850301805,0.7707020196047328,0.7770870268834872,0.7662622422075989
0.019687734312304694,0.1480764812949741,0.8726216683035021,5.785877592649237,0.7765816624478786,0.8220902875024572,0.0,0.019687734312304694,0.1480764812949741,0.8726216683035021,5.785877592649237,0.7765816624478786,0.8220902875024572,0.0
6.12462877919809,0.7202457028682356,0.726053814421818,0.7302178455066991,0.7458155375070779,2.2198870089272553,0.6638912315525017,6.12462877919809,0.7202457028682356,0.726053814421818,0.7302178455066991,0.7458155375070779,2.2198870089272553,0.6638912315525017
0.18149206476907329,0.7397222778554371,0.08837204467726584,6.7233348225472325,0.775462460405884,0.7839281045430108,0.9388642423252166,0.18149206476907329,0.7397222778554371,0.08837204467726584,6.7233348225472325,0.775462460405884,0.7839281045430108,0.9388642423252166
0.107528795856442,0.7583700321411491,0.09207851435539101,6.848910303889823,0.8932588334374623,0.8395642358243253,0.15036969958782823,0.107528795856442,0.7583700321411491,0.09207851435539101,6.848910303889823,0.8932588334374623,0.8395642358243253,0.15036969958782823
0.08086623992840652,0.008528087824442122,0.7710535453708777,7.351937846440627,0.7797673126116081,0.7839538444872769,0.0,0.08086623992840652,0.008528087824442122,0.7710535453708777,7.351937846440627,0.7797673126116081,0.7839538444872769,0.0
0.012079911834821697,0.09060131563980481,0.7683635913905164,7.772766324295901,0.966924653447986,0.8395619328188118,0.0,0.012079911834821697,0.09060131563980481,0.7683635913905164,7.772766324295901,0.966924653447986,0.8395619328188118,0.0
0.7647363748219175,0.09458668315818072,0.07936033390553808,7.582747145628217,0.845647684083065,0.7781424095962839,0.9757994277796299,0.7647363748219175,0.09458668315818072,0.07936033390553808,7.582747145628217,0.845647684083065,0.7781424095962839,0.9757994277796299
8.442422415835664e-19,6.99746696722483e-18,5.66250544625357e-17,3.9062030754499753e-16,4.7651285997731044e-17,4.8124329259734593e-17,6.5412045890664094,8.442422415835664e-19,6.99746696722483e-18,5.66250544625357e-17,3.9062030754499753e-16,4.7651285997731044e-17,4.8124329259734593e-17,6.5412045890664094
0.9022495260661705,0.09358379594800338,0.11536315426458177,7.4319368069033915,0.7738988437435282,0.7780421257144833,0.9408418628811817,0.9022495260661705,0.09358379594800338,0.11536315426458177,7.4319368069033915,0.7738988437435282,0.7780421257144833,0.9408418628811817
0.025390470360709974,0.0930969455374033,0.7612951858823516,6.589434631258331,0.7735381034610104,0.8385609151815389,0.7631905729882992,0.025390470360709974,0.0930969455374033,0.7612951858823516,6.589434631258331,0.7735381034610104,0.8385609151815389,0.7631905729882992
0.09004151778717148,0.763177025788225,0.09066603490635489,6.550204420429342,0.7781831793224628,0.7835805640988526,0.039210256643535175,0.09004151778717148,0.763177025788225,0.09066603490635489,6.550204420429342,0.7781831793224628,0.7835805640988526,0.039210256643535175
0.7594918483751186,0.0969541834243672,0.09790025929295915,6.023096749954843,0.7771830490873122,0.8859710192102095,0.021391815887321305,0.7594918483751186,0.0969541834243672,0.09790025929295915,6.023096749954843,0.7771830490873122,0.8859710192102095,0.021391815887321305
0.7582236441056108,0.08485704631713971,0.08687028052516127,6.861144728634384,0.7730090743162112,0.875781762839794,0.7939524409466044,0.7582236441056108,0.08485704631713971,0.08687028052516127,6.861144728634384,0.7730090743162112,0.875781762839794,0.7939524409466044
0.07029204324428213,0.010068862396323318,0.7685244755605074,8.35304344496384,0.7754347765495537,0.8775039288515334,0.9615428455486716,0.07029204324428213,0.010068862396323318,0.7685244755605074,8.35304344496384,0.7754347765495537,0.8775039288515334,0.9615428455486716
0.15383472858225591,0.7475077088832561,0.09402331903156957,6.2047454028943285,0.7717260966682449,0.7823139151614797,0.8677410255093575,0.15383472858225591,0.7475077088832561,0.09402331903156957,6.2047454028943285,0.7717260966682449,0.7823139151614797,0.8677410255093575
0.0122652556884353,0.10445917917171575,0.893204427425071,6.525027230864196,0.8348491414842133,0.7798043699890572,0.68058546273016,0.0122652556884353,0.10445917917171575,0.893204427425071,6.525027230864196,0.8348491414842133,0.7798043699890572,0.68058546273016
0.09656231611724832,0.7582483285482389,0.0813516825354065,7.2630711805913295,0.9363402220413718,0.7793085545606317,0.8087796096161658,0.09656231611724832,0.7582483285482389,0.0813516825354065,7.2630711805913295,0.9363402220413718,0.7793085545606317,0.8087796096161658
0.010816761881570793,0.09935759403104658,0.9180437222857316,7.041281533732148,0.7731721583305304,0.7776962108501551,0.9064786518208898,0.010816761881570793,0.09935759403104658,0.9180437222857316,7.041281533732148,0.7731721583305304,0.7776962108501551,0.9064786518208898
0.7575771407257806,0.09420534710492824,0.08784416039078174,6.678228575766284,0.7735199655007075,0.8246395341094112,0.7285879282460623,0.7575771407257806,0.09420534710492824,0.08784416039078174,6.678228575766284,0.7735199655007075,0.8246395341094112,0.7285879282460623
0.7992197048351318,0.11078902325223201,0.14134191434952717,5.492709216341895,0.76867263315723,0.7770728321867739,0.7662482802887433,0.7992197048351318,0.11078902325223201,0.14134191434952717,5.492709216341895,0.76867263315723,0.7770728321867739,0.7662482802887433
0.7145538413525042,0.08747351674429174,5.909396169809182,0.8463411088599313,0.8696733653926212,2.147522335962983,0.672858886203386,0.7145538413525042,0.08747351674429174,5.909396169809182,0.8463411088599313,0.8696733653926212,2.147522335962983,0.672858886203386
0.02960291876556384,0.14773640271128238,1.1130240891104979,5.508367145794368,0.7610269388801985,1.264808033381095,0.5368596933888901,0.02960291876556384,0.14773640271128238,1.1130240891104979,5.508367145794368,0.7610269388801985,1.264808033381095,0.5368596933888901
0.011434092023410794,0.07814444304668264,0.764879164465032,7.447113054995163,0.7730340109968621,0.9576178081588489,0.8391661295814544,0.011434092023410794,0.07814444304668264,0.764879164465032,7.447113054995163,0.7730340109968621,0.9576178081588489,0.8391661295814544
0.0141432556813995,0.09361334429445232,0.7617340501607386,6.162732149673716,0.8714825471920488,0.778700508054421,0.6954595730255954,0.0141432556813995,0.09361334429445232,0.7617340501607386,6.162732149673716,0.8714825471920488,0.778700508054421,0.6954595730255954
0.012447981547374838,0.10542078112576352,0.899001093760383,6.4756029093909815,0.7724233601649891,0.7774365678720275,0.8358668475015087,0.012447981547374838,0.10542078112576352,0.899001093760383,6.4756029093909815,0.7724233601649891,0.7774365678720275,0.8358668475015087
0.922761335427589,0.10677708670267977,0.12696175089162282,6.640312990404509,0.7877731639235867,0.7815277301006079,0.5242823476736082,0.922761335427589,0.10677708670267977,0.12696175089162282,6.640312990404509,0.7877731639235867,0.7815277301006079,0.5242823476736082
0.01488736013861822,0.11868330022921181,0.8991851770503604,6.518397643672563,0.775013515767713,0.8528300291038691,0.5113567919148154,0.01488736013861822,0.11868330022921181,0.8991851770503604,6.518397643672563,0.775013515767713,0.8528300291038691,0.5113567919148154
0.02810006074353277,0.08444712447339561,0.826646975092446,7.174816104490243,0.9006469943240172,0.7848573598920721,0.17471710039271499,0.02810006074353277,0.08444712447339561,0.826646975092446,7.174816104490243,0.9006469943240172,0.7848573598920721,0.17471710039271499
0.044295966935899794,0.15145605946861013,0.7453903176359672,5.426141052391648,0.7701589442602147,0.825811339070548,0.6309377674317646,0.044295966935899794,0.15145605946861013,0.7453903176359672,5.426141052391648,0.7701589442602147,0.825811339070548,0.6309377674317646
0.08585607691185886,0.014124441221996657,0.7450292618546294,6.419487527394605,1.66451138507807,0.784244526191188,0.6916764863512991,0.08585607691185886,0.014124441221996657,0.7450292618546294,6.419487527394605,1.66451138507807,0.784244526191188,0.6916764863512991
0.07440831382045104,0.025506438270336055,0.7667406838311712,7.538476326829029,0.8471658081164679,0.7796098342214223,0.8182685426797667,0.07440831382045104,0.025506438270336055,0.7667406838311712,7.538476326829029,0.8471658081164679,0.7796098342214223,0.8182685426797667
0.7600677460524291,0.08775839865085737,0.0933357945183799,7.0069937677289955,0.7727820974082322,0.8402315401339672,0.86215004209444,0.7600677460524291,0.08775839865085737,0.0933357945183799,7.0069937677289955,0.7727820974082322,0.8402315401339672,0.86215004209444
0.7518386058025344,0.08440881076301768,0.12883658190230535,6.843668951473536,0.8379358890135338,0.7865552989738352,0.8466180066436122,0.7518386058025344,0.08440881076301768,0.12883658190230535,6.843668951473536,0.8379358890135338,0.7865552989738352,0.8466180066436122
0.07627549157003131,0.007626339825391748,0.76667955538756,7.704945182006376,0.774231223778998,0.7787063528361152,0.9745487284565865,0.07627549157003131,0.007626339825391748,0.76667955538756,7.704945182006376,0.774231223778998,0.7787063528361152,0.9745487284565865
0.7561057101503876,0.08971613057080259,0.08789214415841448,6.765514070129884,0.7713698420574001,0.9053276501044162,0.8353192214829206,0.7561057101503876,0.08971613057080259,0.08789214415841448,6.765514070129884,0.7713698420574001,0.9053276501044162,0.8353192214829206
0.7500603156795171,0.14379427296279587,0.09984509048368391,7.176903788148661,0.7734902560693516,0.7779387913668757,0.9076537013105195,0.7500603156795171,0.14379427296279587,0.09984509048368391,7.176903788148661,0.7734902560693516,0.7779387913668757,0.9076537013105195
0.209026814825506,0.730613923137151,0.10242676736828675,5.72005412885611,0.7668896649094316,1.048599629001039,0.5915478732843856,0.209026814825506,0.730613923137151,0.10242676736828675,5.72005412885611,0.7668896649094316,1.048599629001039,0.5915478732843856
0.8718324052473788,0.11791288804709225,0.19973549701979013,5.624583775678647,0.7704329033078435,0.8950479761814796,0.537351908751728,0.8718324052473788,0.11791288804709225,0.19973549701979013,5.624583775678647,0.7704329033078435,0.8950479761814796,0.537351908751728
0.00138483293194221,0.013907139903544979,0.11838374577444351,1.0401678668239476,7.804479774804285,0.7841093642367041,0.0,0.00138483293194221,0.013907139903544979,0.11838374577444351,1.0401678668239476,7.804479774804285,0.7841093642367041,0.0
4.679934973196839e-17,5.499182173335334e-18,5.538909009254973e-18,4.024019377035618e-16,4.7767743143938126e-17,5.082793099621059e-17,6.714575802711869,4.679934973196839e-17,5.499182173335334e-18,5.538909009254973e-18,4.024019377035618e-16,4.7767743143938126e-17,5.082793099621059e-17,6.714575802711869
0.07515840496541594,0.7634258662192392,0.07464363741158735,7.9213351838913635,0.8937635366192577,0.8335495761608391,0.8559538406903571,0.07515840496541594,0.7634258662192392,0.07464363741158735,7.9213351838913635,0.8937635366192577,0.8335495761608391,0.8559538406903571
0.09334873280896624,0.7596847548009237,0.09243315862714532,6.382499081078359,0.7801807428659643,0.7895502029363709,0.379349057704328,0.09334873280896624,0.7596847548009237,0.09243315862714532,6.382499081078359,0.7801807428659643,0.7895502029363709,0.379349057704328
0.680902507187812,0.08169730591193619,0.34703493025357535,6.401527801361318,0.7736600977497943,0.7796955632511766,0.6944293264995253,0.680902507187812,0.08169730591193619,0.34703493025357535,6.401527801361318,0.7736600977497943,0.7796955632511766,0.6944293264995253
0.010440860387732632,0.09772078478438384,0.9198191080623472,7.178778984229322,0.7733953512407575,0.7777519572334812,0.9235106173056508,0.010440860387732632,0.09772078478438384,0.9198191080623472,7.178778984229322,0.7733953512407575,0.7777519572334812,0.9235106173056508
0.07916599221530683,0.7710870969975924,0.097064579224258,7.495939012764466,0.9622051320235662,0.7801928479106315,0.7730268508676323,0.07916599221530683,0.7710870969975924,0.097064579224258,7.495939012764466,0.9622051320235662,0.7801928479106315,0.7730268508676323
0.10543182838896895,0.01269027745941249,0.7593335111406775,6.36912668718703,0.7722956200493967,0.7788525338062738,0.7946912503157286,0.10543182838896895,0.01269027745941249,0.7593335111406775,6.36912668718703,0.7722956200493967,0.7788525338062738,0.7946912503157286
7.445115348125098,0.7411602417445892,0.7451131315019266,1.9579093846904247,0.9077686753164574,0.7787301157896307,0.9256505153775298,7.445115348125098,0.7411602417445892,0.7451131315019266,1.9579093846904247,0.9077686753164574,0.7787301157896307,0.9256505153775298
0.008858811766390104,0.0823891880035244,0.7682304417634065,7.138604602653525,0.8398757640237943,0.7775670842355052,0.9477966220516114,0.008858811766390104,0.0823891880035244,0.7682304417634065,7.138604602653525,0.8398757640237943,0.7775670842355052,0.9477966220516114
0.6864723398962855,0.23680754922111982,0.252201113782983,7.1629763950860506,0.7730386336024743,0.8399662621932433,0.8834308782635281,0.6864723398962855,0.23680754922111982,0.252201113782983,7.1629763950860506,0.7730386336024743,0.8399662621932433,0.8834308782635281
0.7605239419179227,0.08965574195077493,0.09488529057980763,6.821843910507189,0.9352184778506752,0.7837384738308828,0.002728778236531191,0.7605239419179227,0.08965574195077493,0.09488529057980763,6.821843910507189,0.9352184778506752,0.7837384738308828,0.002728778236531191
0.7587616983420157,0.09522217544762478,0.08652869819284502,6.801423008822334,0.7745108679941948,0.8704952437240816,0.6167218155613081,0.7587616983420157,0.09522217544762478,0.08652869819284502,6.801423008822334,0.7745108679941948,0.8704952437240816,0.6167218155613081
0.1449453044722193,0.01737936680694119,0.9220519334462116,6.523294268185336,0.8800676711725746,0.779680567200492,0.6733480095259855,0.1449453044722193,0.01737936680694119,0.9220519334462116,6.523294268185336,0.8800676711725746,0.779680567200492,0.6733480095259855
0.10409253160521674,0.011615877709701943,0.9385869053285366,6.878074573769653,0.7748321197858771,0.7800017269268804,0.7331008347245457,0.10409253160521674,0.011615877709701943,0.9385869053285366,6.878074573769653,0.7748321197858771,0.7800017269268804,0.7331008347245457
0.07846070597983919,0.741406151571021,0.1968635107075924,7.273660713843872,0.823423195617981,0.8449994691331704,0.7727884884550955,0.07846070597983919,0.741406151571021,0.1968635107075924,7.273660713843872,0.823423195617981,0.8449994691331704,0.7727884884550955
