f_1,f_2,f_3,f_4,f_5,f_6,f_7,f_1_min,f_2_min,f_3_min,f_4_min,f_5_min,f_6_min,f_7_min
2.552861283904456e-17,0.4169138866294931,2.5658080148142486e-215,0.36109500489751145,0.8336207916269369,1.4282608233963385e-24,0.05534112785154316,2.552861283904456e-17,0.4169138866294931,2.5658080148142486e-215,0.36109500489751145,0.8336207916269369,1.4282608233963385e-24,0.05534112785154316
0.045925997740214934,0.4043775209168736,0.04632619844497737,0.40471479405953875,0.8235530366738871,0.016447418053486033,0.046698637969605876,0.045925997740214934,0.4043775209168736,0.04632619844497737,0.40471479405953875,0.8235530366738871,0.016447418053486033,0.046698637969605876
0.0003899888148774679,0.42598145239579605,0.0,0.4255071141725284,0.798563822271952,0.056273450077621454,3.3651596294518965e-37,0.0003899888148774679,0.42598145239579605,0.0,0.4255071141725284,0.798563822271952,0.056273450077621454,3.3651596294518965e-37
0.04587424222205848,0.4338569999580759,0.07295244980658794,0.41139278584108907,0.7968657564822024,0.015442698434133475,0.018684596688893246,0.04587424222205848,0.4338569999580759,0.07295244980658794,0.41139278584108907,0.7968657564822024,0.015442698434133475,0.018684596688893246
0.04061506261759698,0.3963772665715745,0.01558073296880346,0.45190200096320704,0.7983353922986989,0.015429027772572273,0.015869981438114585,0.04061506261759698,0.3963772665715745,0.01558073296880346,0.45190200096320704,0.7983353922986989,0.015429027772572273,0.015869981438114585
0.01590761425976883,0.4517789431027213,0.01744176800556067,0.3918051695512439,0.8001613645946758,4.122260424656614e-100,0.04465521666298724,0.01590761425976883,0.4517789431027213,0.01744176800556067,0.3918051695512439,0.8001613645946758,4.122260424656614e-100,0.04465521666298724
2.462336450691808e-17,0.40213005944345465,0.06119240480533769,0.4023867031037078,0.8001565130899988,0.181649600124771,3.6799470993399587e-23,2.462336450691808e-17,0.40213005944345465,0.06119240480533769,0.4023867031037078,0.8001565130899988,0.181649600124771,3.6799470993399587e-23
0.01659744410535868,0.45997806048463474,0.07499067190213268,0.40273158312599855,0.7879199724848879,0.01679727295524065,0.013721457535892486,0.01659744410535868,0.45997806048463474,0.07499067190213268,0.40273158312599855,0.7879199724848879,0.01679727295524065,0.013721457535892486
0.0002935266862874728,0.5236446937290961,6.252040348841972e-7,0.36008800719765105,0.7737249006501957,2.7029102718684885e-94,1.4953138401281083e-34,0.0002935266862874728,0.5236446937290961,6.252040348841972e-7,0.36008800719765105,0.7737249006501957,2.7029102718684885e-94,1.4953138401281083e-34
0.017586116119510813,0.4363945904610507,0.01762561484393727,0.40603595433787604,0.7955521177341403,0.016342759994861147,0.10660487113341527,0.017586116119510813,0.4363945904610507,0.01762561484393727,0.40603595433787604,0.7955521177341403,0.016342759994861147,0.10660487113341527
2.687965997221873e-17,0.43897816073880885,2.5301036318335193e-150,0.38018028010599453,0.8111538989564658,0.05810335748773593,0.058559528192250375,2.687965997221873e-17,0.43897816073880885,2.5301036318335193e-150,0.38018028010599453,0.8111538989564658,0.05810335748773593,0.058559528192250375
0.016759072856566457,0.4070142610239814,0.0465711112999091,0.4363173103614958,0.797739873863648,0.016434102664534513,0.07876588429312845,0.016759072856566457,0.4070142610239814,0.0465711112999091,0.4363173103614958,0.797739873863648,0.016434102664534513,0.07876588429312845
0.06175770756606404,0.4028726132004615,1.4547874820356626e-100,0.40063553056783896,0.8003184978484263,0.18335634284286814,1.1525142808372773e-19,0.06175770756606404,0.4028726132004615,1.4547874820356626e-100,0.40063553056783896,0.8003184978484263,0.18335634284286814,1.1525142808372773e-19
0.014720143308748953,0.4096029394883521,0.017711696730801415,0.409950123782692,0.8070104890029988,0.04622845367000629,0.1064824070483409,0.014720143308748953,0.4096029394883521,0.017711696730801415,0.409950123782692,0.8070104890029988,0.04622845367000629,0.1064824070483409
0.0658966322093255,0.5024336237270904,9.199291443698943e-100,0.4400961746194309,0.755173659211563,4.16122114200866e-79,1.3067257674086898e-26,0.0658966322093255,0.5024336237270904,9.199291443698943e-100,0.4400961746194309,0.755173659211563,4.16122114200866e-79,1.3067257674086898e-26
0.04751145548299621,0.4123736782402984,0.01792183215431697,0.4107027162722334,0.8049156872460694,0.10661479479922475,0.018679623717979904,0.04751145548299621,0.4123736782402984,0.01792183215431697,0.4107027162722334,0.8049156872460694,0.10661479479922475,0.018679623717979904
0.01628169532892725,0.45831198216370433,0.016629845966684237,0.4267456594933352,0.779783093238877,0.015479088239411371,0.04706133850949129,0.01628169532892725,0.45831198216370433,0.016629845966684237,0.4267456594933352,0.779783093238877,0.015479088239411371,0.04706133850949129
0.0001767632080910696,0.3682926593540097,6.025223365950164e-10,0.4820770658948527,0.7938044058483918,0.0001023636879137299,0.05586038033921064,0.0001767632080910696,0.3682926593540097,6.025223365950164e-10,0.4820770658948527,0.7938044058483918,0.0001023636879137299,0.05586038033921064
0.04637235401912552,0.40074434649039453,0.016839917516038215,0.40531125086251935,0.8180185581671132,0.04554705277302524,0.047201606712212046,0.04637235401912552,0.40074434649039453,0.016839917516038215,0.40531125086251935,0.8180185581671132,0.04554705277302524,0.047201606712212046
0.06407259316237711,0.4568773324447319,4.77968643229251e-183,0.39649790901162757,0.7906113100312132,0.05792588596986074,0.05725592446675781,0.06407259316237711,0.4568773324447319,4.77968643229251e-183,0.39649790901162757,0.7906113100312132,0.05792588596986074,0.05725592446675781
2.2432059194949987e-17,0.36634332789777524,0.05575334677732393,0.3680375203672509,0.8531654927051953,0.056607471190910794,7.152757846009727e-33,2.2432059194949987e-17,0.36634332789777524,0.05575334677732393,0.3680375203672509,0.8531654927051953,0.056607471190910794,7.152757846009727e-33
2.3593690510866008e-17,0.38531420695816715,2.0871205192547932e-91,0.5015281559367946,0.7688008494197135,2.571046690734012e-153,0.11734371966032545,2.3593690510866008e-17,0.38531420695816715,2.0871205192547932e-91,0.5015281559367946,0.7688008494197135,2.571046690734012e-153,0.11734371966032545
0.015315958274071272,0.4182326186599428,0.016429209799755356,0.3895190943955764,0.8199162025975304,0.015608494332309004,0.044764268187967166,0.015315958274071272,0.4182326186599428,0.016429209799755356,0.3895190943955764,0.8199162025975304,0.015608494332309004,0.044764268187967166
0.017272969639812348,0.41709881418869,0.04707361510714547,0.38813250719131565,0.8207436611063816,0.015358544801178223,0.01713128357903914,0.017272969639812348,0.41709881418869,0.04707361510714547,0.38813250719131565,0.8207436611063816,0.015358544801178223,0.01713128357903914
0.05749052381765353,0.39884276398236296,8.402933108943913e-189,0.45845986464332544,0.7875980295079607,0.061299456565629025,0.059768860619676484,0.05749052381765353,0.39884276398236296,8.402933108943913e-189,0.45845986464332544,0.7875980295079607,0.061299456565629025,0.059768860619676484
3.082487235249672e-9,0.533404512025499,2.129772539935343e-101,0.4231617719445605,0.7336127572518358,1.8148414569522532e-92,4.337200808108776e-22,3.082487235249672e-9,0.533404512025499,2.129772539935343e-101,0.4231617719445605,0.7336127572518358,1.8148414569522532e-92,4.337200808108776e-22
0.04535382862398538,0.4323203688787219,0.046259266639470185,0.4331488248711965,0.7881591395186035,0.01637615202613108,0.01702962891875544,0.04535382862398538,0.4323203688787219,0.046259266639470185,0.4331488248711965,0.7881591395186035,0.01637615202613108,0.01702962891875544
0.0464279688719071,0.43457728486287794,0.01691043573563945,0.4089174092010333,0.7975305382049879,0.07744882509160235,0.01635544866175532,0.0464279688719071,0.43457728486287794,0.01691043573563945,0.4089174092010333,0.7975305382049879,0.07744882509160235,0.01635544866175532
0.060086381757408845,0.40988002562562975,0.0674159362693234,0.41102256671305876,0.8116328289453342,0.125219144679562,3.8276712485067956e-32,0.060086381757408845,0.40988002562562975,0.0674159362693234,0.41102256671305876,0.8116328289453342,0.125219144679562,3.8276712485067956e-32
0.017297708637136977,0.4116170930085608,0.04706508596476543,0.41183166808344035,0.804871263678183,0.017740741664311496,0.10745933630649863,0.017297708637136977,0.4116170930085608,0.04706508596476543,0.41183166808344035,0.804871263678183,0.017740741664311496,0.10745933630649863
0.04303758417434453,0.4064163909005072,0.015813210631360732,0.4383576219598497,0.7968063139603707,0.07638290525361485,0.01635220334003943,0.04303758417434453,0.4064163909005072,0.015813210631360732,0.4383576219598497,0.7968063139603707,0.07638290525361485,0.01635220334003943
0.016061074976134456,0.42720631521409036,0.01537312685499757,0.4563988322991836,0.7789353444367909,0.04556619309554421,0.016518548836285948,0.016061074976134456,0.42720631521409036,0.01537312685499757,0.4563988322991836,0.7789353444367909,0.04556619309554421,0.016518548836285948
0.014200629091237803,0.4032699026498054,0.01568965658835939,0.4017736416561073,0.816720832869322,0.01571866191582352,0.10021843813485988,0.014200629091237803,0.4032699026498054,0.01568965658835939,0.4017736416561073,0.816720832869322,0.01571866191582352,0.10021843813485988
5.468470531926247e-7,0.40328720494411263,0.06271896968620666,0.40338898633001014,0.8084352375707919,0.12259998479647154,0.0660151364060592,5.468470531926247e-7,0.40328720494411263,0.06271896968620666,0.40338898633001014,0.8084352375707919,0.12259998479647154,0.0660151364060592
0.016684843939771064,0.4112277945964907,0.07478925081550712,0.4148545455767926,0.8046998732185164,0.07805206305691006,0.01741786065721822,0.016684843939771064,0.4112277945964907,0.07478925081550712,0.4148545455767926,0.8046998732185164,0.07805206305691006,0.01741786065721822
0.00037874035273281076,0.3564782494465028,3.715404593287209e-139,0.3537182958264973,0.8672856682518862,0.05932516377355802,1.7644173819404714e-32,0.00037874035273281076,0.3564782494465028,3.715404593287209e-139,0.3537182958264973,0.8672856682518862,0.05932516377355802,1.7644173819404714e-32
0.10589605828583908,0.40935357340888756,0.047034848835944505,0.405666022947438,0.8092305342749571,0.014956032874630777,0.017395556061765786,0.10589605828583908,0.40935357340888756,0.047034848835944505,0.405666022947438,0.8092305342749571,0.014956032874630777,0.017395556061765786
0.0005963042730845814,0.3954178347126594,0.07587669339296256,0.46278494429387573,0.7893776611796849,0.059480078195962224,0.05818569092039538,0.0005963042730845814,0.3954178347126594,0.07587669339296256,0.46278494429387573,0.7893776611796849,0.059480078195962224,0.05818569092039538
0.016139149706507233,0.38518070575317304,0.015566441371753286,0.3852123643316394,0.838018368218311,0.045017414763372926,0.017189865418853544,0.016139149706507233,0.38518070575317304,0.015566441371753286,0.3852123643316394,0.838018368218311,0.045017414763372926,0.017189865418853544
0.0474822857888521,0.44122830171117533,0.046447029703968246,0.4032688297991913,0.7977086576138992,0.0162192636571759,0.04722570740390944,0.0474822857888521,0.44122830171117533,0.046447029703968246,0.4032688297991913,0.7977086576138992,0.0162192636571759,0.04722570740390944
2.6671236084548625e-17,0.4355743403423449,1.0785558783609987e-16,0.3772694125564445,0.8096568906093966,2.0995694590255532e-100,0.11444509768182481,2.6671236084548625e-17,0.4355743403423449,1.0785558783609987e-16,0.3772694125564445,0.8096568906093966,2.0995694590255532e-100,0.11444509768182481
0.016164635404091077,0.4358259076654625,0.048647957235887655,0.4075309791482697,0.7983998586469075,0.04781427477674316,0.04702048592993367,0.016164635404091077,0.4358259076654625,0.048647957235887655,0.4075309791482697,0.7983998586469075,0.04781427477674316,0.04702048592993367
0.01798320726684861,0.45531781878665334,0.050244001587908274,0.4287150711302513,0.7791948970443698,0.016085120442119672,0.014727565714549558,0.01798320726684861,0.45531781878665334,0.050244001587908274,0.4287150711302513,0.7791948970443698,0.016085120442119672,0.014727565714549558
0.0007027592040631472,0.5465039448465089,1.6239322677942875e-26,0.3749276312809449,0.7470692074750163,5.5291045865630885e-104,0.057158039005217966,0.0007027592040631472,0.5465039448465089,1.6239322677942875e-26,0.3749276312809449,0.7470692074750163,5.5291045865630885e-104,0.057158039005217966
0.07418489683274349,0.430171176310798,0.016020648821734703,0.3947868942877518,0.8082425666400856,0.018533074222672818,0.016529299568299318,0.07418489683274349,0.430171176310798,0.016020648821734703,0.3947868942877518,0.8082425666400856,0.018533074222672818,0.016529299568299318
0.014248304718241735,0.3928789110499611,0.015227018572563476,0.4710462722226312,0.7909451733820461,0.0164629473270624,0.0163865465802003,0.014248304718241735,0.3928789110499611,0.015227018572563476,0.4710462722226312,0.7909451733820461,0.0164629473270624,0.0163865465802003
0.015415863687341812,0.42181746862183433,0.017362431999952917,0.4806638682823532,0.7692250410154786,0.017568340413469923,0.01608197688787816,0.015415863687341812,0.42181746862183433,0.017362431999952917,0.4806638682823532,0.7692250410154786,0.017568340413469923,0.01608197688787816
2.889659578952512e-17,0.47191722233127226,4.9227654299354354e-126,0.41597161833724605,0.7775454836510519,1.2723491424630678e-51,1.6357617026741992e-29,2.889659578952512e-17,0.47191722233127226,4.9227654299354354e-126,0.41597161833724605,0.7775454836510519,1.2723491424630678e-51,1.6357617026741992e-29
0.04606804748635391,0.457319781435641,0.016439796192882845,0.4280819341803324,0.7783717134238181,0.016127420850955396,0.014981043150527899,0.04606804748635391,0.457319781435641,0.016439796192882845,0.4280819341803324,0.7783717134238181,0.016127420850955396,0.014981043150527899
0.015672939996490082,0.4096495780731238,0.07584315003678892,0.4154811633571963,0.8072337203593536,0.046597635845253255,0.044695492413983795,0.015672939996490082,0.4096495780731238,0.07584315003678892,0.4154811633571963,0.8072337203593536,0.046597635845253255,0.044695492413983795
0.01615067435604415,0.4210870677639752,0.01670766742074025,0.4213440743322274,0.8015381709597185,0.047108237663432244,0.016445664538319336,0.01615067435604415,0.4210870677639752,0.01670766742074025,0.4213440743322274,0.8015381709597185,0.047108237663432244,0.016445664538319336
0.11523637336018058,0.3766402566319785,0.0,0.4342032940638449,0.8108457047254337,1.2118037758585692e-7,4.694349388817155e-25,0.11523637336018058,0.3766402566319785,0.0,0.4342032940638449,0.8108457047254337,1.2118037758585692e-7,4.694349388817155e-25
0.05983803414161672,0.38485359233106353,0.05796104618653802,0.3882425792864447,0.8319776121063452,3.874684530625263e-6,0.05817826649883839,0.05983803414161672,0.38485359233106353,0.05796104618653802,0.3882425792864447,0.8319776121063452,3.874684530625263e-6,0.05817826649883839
0.058802133536090165,0.38593181439343266,0.06079441111120383,0.5036289916700869,0.7719320906255047,0.0006208227788519184,5.204576779235293e-23,0.058802133536090165,0.38593181439343266,0.06079441111120383,0.5036289916700869,0.7719320906255047,0.0006208227788519184,5.204576779235293e-23
2.2618894208850307e-17,0.369394575229339,0.052638772634418206,0.48249954051628463,0.7941714162170133,3.200342821121734e-85,3.397524107759686e-23,2.2618894208850307e-17,0.369394575229339,0.052638772634418206,0.48249954051628463,0.7941714162170133,3.200342821121734e-85,3.397524107759686e-23
0.05633891246804517,0.3959457876987766,0.06121054937531766,0.45578680045819586,0.7914823904404193,0.000011495799543502282,0.05702798148161347,0.05633891246804517,0.3959457876987766,0.06121054937531766,0.45578680045819586,0.7914823904404193,0.000011495799543502282,0.05702798148161347
0.05931854606786803,0.38660832842671966,1.3075997377739657e-125,0.5009189495609466,0.7699526799074038,0.06381370330648331,9.570888840544557e-19,0.05931854606786803,0.38660832842671966,1.3075997377739657e-125,0.5009189495609466,0.7699526799074038,0.06381370330648331,9.570888840544557e-19
0.1846009996555771,0.3972479009458116,0.06054440581571463,0.4020260762404277,0.8032061309497752,3.49441156477485e-75,1.7246122466972712e-19,0.1846009996555771,0.3972479009458116,0.06054440581571463,0.4020260762404277,0.8032061309497752,3.49441156477485e-75,1.7246122466972712e-19
0.07260766598599558,0.48293537730758296,4.306671144024853e-88,0.37148059904548303,0.7995052726779629,7.53911452813923e-49,9.240976886697038e-28,0.07260766598599558,0.48293537730758296,4.306671144024853e-88,0.37148059904548303,0.7995052726779629,7.53911452813923e-49,9.240976886697038e-28
0.017251477626535953,0.43753405127255574,0.04885709669970628,0.4096047965874451,0.801580396104149,0.01651160957731564,0.07694410976729009,0.017251477626535953,0.43753405127255574,0.04885709669970628,0.4096047965874451,0.801580396104149,0.01651160957731564,0.07694410976729009
0.015776973642778764,0.4333107231918812,0.017836823324326675,0.4323414359521634,0.7893302802945332,0.04584233638548098,0.04665699694697892,0.015776973642778764,0.4333107231918812,0.017836823324326675,0.4323414359521634,0.7893302802945332,0.04584233638548098,0.04665699694697892
0.016475417971975766,0.43339737253464106,0.07094210677400647,0.43276715021765894,0.7882334862828069,0.016225055874945934,0.013729877136589137,0.016475417971975766,0.43339737253464106,0.07094210677400647,0.43276715021765894,0.7882334862828069,0.016225055874945934,0.013729877136589137
0.10456205996237893,0.40746006420914443,0.017731238301911863,0.4130679691849023,0.808103296774014,0.046319364780546386,0.01716615984897062,0.10456205996237893,0.40746006420914443,0.017731238301911863,0.4130679691849023,0.808103296774014,0.046319364780546386,0.01716615984897062
0.016813218837228482,0.4060180533380599,0.016700790413266952,0.43702958028016065,0.7955944632714551,0.01610994634928766,0.1052085794483391,0.016813218837228482,0.4060180533380599,0.016700790413266952,0.43702958028016065,0.7955944632714551,0.01610994634928766,0.1052085794483391
0.04311659601647577,0.4013499097738516,0.00005089797650064816,0.42879510501429735,0.8072481394012194,0.015441910067008265,0.04621268175061645,0.04311659601647577,0.4013499097738516,0.00005089797650064816,0.42879510501429735,0.8072481394012194,0.015441910067008265,0.04621268175061645
0.058902557216643996,0.44537612037916957,1.1128094454684992e-7,0.4453905790288417,0.7746497522335211,0.00008038328161610002,0.05717762995750542,0.058902557216643996,0.44537612037916957,1.1128094454684992e-7,0.4453905790288417,0.7746497522335211,0.00008038328161610002,0.05717762995750542
0.1151057049759797,0.38700286011458523,0.06029482561239222,0.4579733490720978,0.7904875400749444,0.00005872525128154087,2.449424903101137e-16,0.1151057049759797,0.38700286011458523,0.06029482561239222,0.4579733490720978,0.7904875400749444,0.00005872525128154087,2.449424903101137e-16
0.06104154760312572,0.4002581397905109,0.12003361704555816,0.45225530179871815,0.7860202882680568,1.2111224366394462e-98,7.806178951277172e-35,0.06104154760312572,0.4002581397905109,0.12003361704555816,0.45225530179871815,0.7860202882680568,1.2111224366394462e-98,7.806178951277172e-35
2.120616844981904e-17,0.3463230127181747,4.0657728993283074e-184,0.39844989552460236,0.8495395911809789,0.000011900606338922008,3.440616857201078e-34,2.120616844981904e-17,0.3463230127181747,4.0657728993283074e-184,0.39844989552460236,0.8495395911809789,0.000011900606338922008,3.440616857201078e-34
0.07678248858572924,0.4123325197476942,0.01615844962827492,0.41320828675219123,0.8056187207143041,0.01813061596897076,0.07621931016951285,0.07678248858572924,0.4123325197476942,0.01615844962827492,0.41320828675219123,0.8056187207143041,0.01813061596897076,0.07621931016951285
0.07709395585810021,0.41180651819701497,0.016383921365171254,0.41230962839557583,0.8065874838447257,0.04621450956797547,0.04790193123195185,0.07709395585810021,0.41180651819701497,0.016383921365171254,0.41230962839557583,0.8065874838447257,0.04621450956797547,0.04790193123195185
0.0602347038750663,0.3789555556259318,4.543856892696858e-164,0.4363457910246429,0.8146340393597497,0.05790997935486191,5.970184074286842e-32,0.0602347038750663,0.3789555556259318,4.543856892696858e-164,0.4363457910246429,0.8146340393597497,0.05790997935486191,5.970184074286842e-32
0.05660307920466653,0.42635148242755705,6.233775271363231e-113,0.42607509297242185,0.7962654592981617,1.7605474979114152e-78,6.708836501466456e-8,0.05660307920466653,0.42635148242755705,6.233775271363231e-113,0.42607509297242185,0.7962654592981617,1.7605474979114152e-78,6.708836501466456e-8
0.06140898754577676,0.4566433613649782,0.1220747079144764,0.39127283818453273,0.7915563689426777,1.1942302860867461e-8,1.7693786178048886e-53,0.06140898754577676,0.4566433613649782,0.1220747079144764,0.39127283818453273,0.7915563689426777,1.1942302860867461e-8,1.7693786178048886e-53
0.11903637085742269,0.44824272578327395,1.100576696325079e-7,0.3990652859804934,0.7892933039077712,6.794933227403176e-11,0.05759008397664053,0.11903637085742269,0.44824272578327395,1.100576696325079e-7,0.3990652859804934,0.7892933039077712,6.794933227403176e-11,0.05759008397664053
0.054577885100479236,0.36102523042795315,0.0,0.41672095947014465,0.833197237502077,0.000017301616606722616,1.4137016731314303e-9,0.054577885100479236,0.36102523042795315,0.0,0.41672095947014465,0.833197237502077,0.000017301616606722616,1.4137016731314303e-9
0.00003398317019262975,0.40066012421499614,1.9063862212528848e-15,0.40402581528247783,0.80124937618133,0.1840616683088265,0.06100356497237593,0.00003398317019262975,0.40066012421499614,1.9063862212528848e-15,0.40402581528247783,0.80124937618133,0.1840616683088265,0.06100356497237593
2.6666448583576414e-17,0.43549615451806406,0.11450400742823107,0.3753827552687394,0.8104929435469849,1.8760387313311646e-6,6.377966972105777e-6,2.6666448583576414e-17,0.43549615451806406,0.11450400742823107,0.3753827552687394,0.8104929435469849,1.8760387313311646e-6,6.377966972105777e-6
2.2238416865808837e-17,0.36318090867166086,1.1413483834883284e-118,0.5849907761844031,0.7260119002910473,1.2786979829473236e-56,3.2333920489806267e-19,2.2238416865808837e-17,0.36318090867166086,1.1413483834883284e-118,0.5849907761844031,0.7260119002910473,1.2786979829473236e-56,3.2333920489806267e-19
0.017618757103778287,0.4096370333806213,0.1372133931915709,0.41150319704442384,0.8030860627941825,0.01613211193473001,0.017570496073164892,0.017618757103778287,0.4096370333806213,0.1372133931915709,0.41150319704442384,0.8030860627941825,0.01613211193473001,0.017570496073164892
0.017161013249481473,0.4027511691345011,0.015592353482683494,0.4034466151075617,0.8167275493130405,0.07537530798156515,0.046334969457814415,0.017161013249481473,0.4027511691345011,0.015592353482683494,0.4034466151075617,0.8167275493130405,0.07537530798156515,0.046334969457814415
2.398692254056997e-17,0.3917361733566054,0.11909561729319174,0.45135159483545706,0.792380600241701,0.0595503096335954,2.4497207396081688e-20,2.398692254056997e-17,0.3917361733566054,0.11909561729319174,0.45135159483545706,0.792380600241701,0.0595503096335954,2.4497207396081688e-20
2.943877525074777e-17,0.48077168488488575,0.05662314319800669,0.37030789317633495,0.7931831716743414,8.139945477893874e-92,9.020575197395352e-67,2.943877525074777e-17,0.48077168488488575,0.05662314319800669,0.37030789317633495,0.7931831716743414,8.139945477893874e-92,9.020575197395352e-67
0.018349409194439725,0.43779581219215813,0.017504474536704163,0.40840428407775103,0.7966734129939742,0.04689323615452975,0.07640030584647285,0.018349409194439725,0.43779581219215813,0.017504474536704163,0.40840428407775103,0.7966734129939742,0.04689323615452975,0.07640030584647285
0.05982070511186777,0.38969104613577515,0.06630901424042783,0.3938161850072023,0.8308704512699857,0.05196816763561957,4.9231584824228297e-32,0.05982070511186777,0.38969104613577515,0.06630901424042783,0.3938161850072023,0.8308704512699857,0.05196816763561957,4.9231584824228297e-32
0.059337210189482875,0.3844058141536893,5.336500603556727e-6,0.3864202555221135,0.8305353261598307,1.9993372101787462e-243,0.12005765013181105,0.059337210189482875,0.3844058141536893,5.336500603556727e-6,0.3864202555221135,0.8305353261598307,1.9993372101787462e-243,0.12005765013181105
0.055349334608098356,0.37324012924253375,0.0001149533978712329,0.48010430465279275,0.7929990212318573,6.28474787824029e-81,1.643421768110566e-21,0.055349334608098356,0.37324012924253375,0.0001149533978712329,0.48010430465279275,0.7929990212318573,6.28474787824029e-81,1.643421768110566e-21
0.06689201226504471,0.45420884508154613,0.0005853618976622083,0.3957406784634484,0.7889997131753794,2.439263892430815e-11,0.12082696547134636,0.06689201226504471,0.45420884508154613,0.0005853618976622083,0.3957406784634484,0.7889997131753794,2.439263892430815e-11,0.12082696547134636
0.016960230139936125,0.39402235273723235,0.04521318743385252,0.3920072648486968,0.8287711889847365,0.01605211919625168,0.044845997119564274,0.016960230139936125,0.39402235273723235,0.04521318743385252,0.3920072648486968,0.8287711889847365,0.01605211919625168,0.044845997119564274
0.0454440070407022,0.40237624953378903,0.07040613583497544,0.4058128087933363,0.81609234327863,0.01598003184766647,0.016739972252859867,0.0454440070407022,0.40237624953378903,0.07040613583497544,0.4058128087933363,0.81609234327863,0.01598003184766647,0.016739972252859867
2.4609590046481996e-17,0.4019051054331118,0.18308033183589728,0.39998224386526426,0.801416351601958,2.034072222489279e-120,0.05724114472985736,2.4609590046481996e-17,0.4019051054331118,0.18308033183589728,0.39998224386526426,0.801416351601958,2.034072222489279e-120,0.05724114472985736
0.04093543995498526,0.4008883308839232,0.016145448088315507,0.4832609342279394,0.7805732511441134,0.04840086405473971,0.015074399114667706,0.04093543995498526,0.4008883308839232,0.016145448088315507,0.4832609342279394,0.7805732511441134,0.04840086405473971,0.015074399114667706
0.0754837573057227,0.43770279475848267,0.046990166673640685,0.40366897631296483,0.7985040898246737,0.016181441231625435,0.01763251856902791,0.0754837573057227,0.43770279475848267,0.046990166673640685,0.40366897631296483,0.7985040898246737,0.016181441231625435,0.01763251856902791
2.4435243631804057e-17,0.39905781240463495,5.497807747007009e-7,0.34576954370023455,0.8511328861083443,2.332705797072255e-95,4.1780063610915484e-32,2.4435243631804057e-17,0.39905781240463495,5.497807747007009e-7,0.34576954370023455,0.8511328861083443,2.332705797072255e-95,4.1780063610915484e-32
2.6412575614978282e-17,0.4313500943025817,0.05187477968819249,0.4940556593519827,0.7534160749062948,9.550766235595154e-6,0.00016279803979611635,2.6412575614978282e-17,0.4313500943025817,0.05187477968819249,0.4940556593519827,0.7534160749062948,9.550766235595154e-6,0.00016279803979611635
0.01564399257413014,0.40703785102516105,0.014794034902869286,0.4012660324906998,0.8167673288168211,0.04611610944255364,0.06360291966726316,0.01564399257413014,0.40703785102516105,0.014794034902869286,0.4012660324906998,0.8167673288168211,0.04611610944255364,0.06360291966726316
0.014966363738581491,0.39407391980950723,0.015373049299844543,0.4509358605847946,0.7994718059431273,0.015838392433328307,0.045048272115726734,0.014966363738581491,0.39407391980950723,0.015373049299844543,0.4509358605847946,0.7994718059431273,0.015838392433328307,0.045048272115726734
2.681791464472902e-17,0.437969783016633,3.340020479010754e-8,0.3770286448570079,0.8099834812162067,0.11463843088007414,1.7121819142880851e-38,2.681791464472902e-17,0.437969783016633,3.340020479010754e-8,0.3770286448570079,0.8099834812162067,0.11463843088007414,1.7121819142880851e-38
3.0297944205052645e-17,0.49480297872247336,5.0509015238486683e-17,0.4338746462012531,0.7544804485189328,0.05772593902905949,1.400528293584161e-24,3.0297944205052645e-17,0.49480297872247336,5.0509015238486683e-17,0.4338746462012531,0.7544804485189328,0.05772593902905949,1.400528293584161e-24
2.7361637829015383e-17,0.44684945648109514,1.355282451528612e-216,0.4451508214519964,0.7720408108461406,0.060931361709668834,0.05964961432497642,2.7361637829015383e-17,0.44684945648109514,1.355282451528612e-216,0.4451508214519964,0.7720408108461406,0.060931361709668834,0.05964961432497642
0.06003791394181868,0.40553898390926435,0.06502385530711517,0.4099895875311497,0.8069920346553491,0.00004767435653477042,0.12435170839176136,0.06003791394181868,0.40553898390926435,0.06502385530711517,0.4099895875311497,0.8069920346553491,0.00004767435653477042,0.12435170839176136
0.03405495447320884,0.41905357147919603,0.12775213638376287,0.4082223348982546,0.7978376113937088,0.00004195226613808715,0.07666928771667679,0.03405495447320884,0.41905357147919603,0.12775213638376287,0.4082223348982546,0.7978376113937088,0.00004195226613808715,0.07666928771667679
1.0001580934021468,0.0,0.0,0.0,0.0,0.0,0.0,1.0001580934021468,0.0,0.0,0.0,0.0,0.0,0.0
2.259952951669602e-17,0.36907832580676636,1.9684797603921007e-126,0.48013524495414994,0.7984721116934516,0.05544400300234286,9.934728361725732e-6,2.259952951669602e-17,0.36907832580676636,1.9684797603921007e-126,0.48013524495414994,0.7984721116934516,0.05544400300234286,9.934728361725732e-6
0.01644870732872856,0.43308621647666984,0.0448921429210203,0.43082949025220774,0.7897729473620317,0.045535335016866685,0.018199906135679355,0.01644870732872856,0.43308621647666984,0.0448921429210203,0.43082949025220774,0.7897729473620317,0.045535335016866685,0.018199906135679355
0.016031242722675483,0.4075240332817824,0.01575270742483284,0.406422690485482,0.8054774359131239,0.14271824281451173,6.752609467112524e-22,0.016031242722675483,0.4075240332817824,0.01575270742483284,0.406422690485482,0.8054774359131239,0.14271824281451173,6.752609467112524e-22
0.047017520457314554,0.40655150419462327,0.10214265513428696,0.41042054147205476,0.8094141325530501,0.01575846204325655,1.3735636885016101e-34,0.047017520457314554,0.40655150419462327,0.10214265513428696,0.41042054147205476,0.8094141325530501,0.01575846204325655,1.3735636885016101e-34
0.054476265573854626,0.36926661630558794,2.983475034279408e-228,0.368617780367996,0.8499405978421141,4.114084233539052e-100,0.056039015852505904,0.054476265573854626,0.36926661630558794,2.983475034279408e-228,0.368617780367996,0.8499405978421141,4.114084233539052e-100,0.056039015852505904
2.3665845739372872e-17,0.3864925912654972,0.11445812703264276,0.3846439857013834,0.8291414642754474,0.059369202582274246,1.1043869873273457e-6,2.3665845739372872e-17,0.3864925912654972,0.11445812703264276,0.3846439857013834,0.8291414642754474,0.059369202582274246,1.1043869873273457e-6
0.012162104037394332,0.5051754672479276,0.018675256786296772,0.3992503972141241,0.7702601068086455,0.016418740513387233,0.016167167844893585,0.012162104037394332,0.5051754672479276,0.018675256786296772,0.3992503972141241,0.7702601068086455,0.016418740513387233,0.016167167844893585
0.015081728193963164,0.4000009029917229,0.045894802489086076,0.3988278398967368,0.8215905236360892,0.07241703390887748,0.015257980449858637,0.015081728193963164,0.4000009029917229,0.045894802489086076,0.3988278398967368,0.8215905236360892,0.07241703390887748,0.015257980449858637
1.060082112284996e-6,0.462072573703322,1.084221340322628e-127,0.35261599921520687,0.8144741708911987,4.490100761864999e-14,1.1452684638824896e-21,1.060082112284996e-6,0.462072573703322,1.084221340322628e-127,0.35261599921520687,0.8144741708911987,4.490100761864999e-14,1.1452684638824896e-21
3.1054966247102754e-17,0.5071660868868384,0.00014499995428382447,0.38176130015168314,0.7686264017113473,0.05908409514747806,0.05929579618867412,3.1054966247102754e-17,0.5071660868868384,0.00014499995428382447,0.38176130015168314,0.7686264017113473,0.05908409514747806,0.05929579618867412
0.054006980242511334,0.3736752102948265,7.269654712731211e-135,0.5462430826143572,0.7482246857869889,3.882539322222776e-169,1.8442516260836428e-42,0.054006980242511334,0.3736752102948265,7.269654712731211e-135,0.5462430826143572,0.7482246857869889,3.882539322222776e-169,1.8442516260836428e-42
0.0017654550293677252,0.3693558673833428,0.0,0.36921314774350833,0.8543666792573549,0.05809840420116359,0.05563824688164516,0.0017654550293677252,0.3693558673833428,0.0,0.36921314774350833,0.8543666792573549,0.05809840420116359,0.05563824688164516
0.12087690484165158,0.3974936927014717,1.2988849696431202e-10,0.40862556537408035,0.8047816421145919,0.12227485285721204,5.222860260763612e-19,0.12087690484165158,0.3974936927014717,1.2988849696431202e-10,0.40862556537408035,0.8047816421145919,0.12227485285721204,5.222860260763612e-19
0.01837171046446591,0.41193688852265914,0.11008950125245368,0.4071632511379922,0.8077052974479472,0.045467604947893044,0.0156901510051439,0.01837171046446591,0.41193688852265914,0.11008950125245368,0.4071632511379922,0.8077052974479472,0.045467604947893044,0.0156901510051439
0.11222749233313463,0.3681846193202412,2.951693229208959e-12,0.3673423324437457,0.8485728376187216,1.0317815738736071e-17,1.495236904322863e-24,0.11222749233313463,0.3681846193202412,2.951693229208959e-12,0.3673423324437457,0.8485728376187216,1.0317815738736071e-17,1.495236904322863e-24
0.01570935111397967,0.4196244933401545,0.016444949761434687,0.4499473908220217,0.7870703672642443,0.01590172303576406,0.04484195402962415,0.01570935111397967,0.4196244933401545,0.016444949761434687,0.4499473908220217,0.7870703672642443,0.01590172303576406,0.04484195402962415
0.046298441726545674,0.40010474429867493,0.016997056915050136,0.40456241886455596,0.8172811532518381,0.08015501420776744,0.01677555614896973,0.046298441726545674,0.40010474429867493,0.016997056915050136,0.40456241886455596,0.8172811532518381,0.08015501420776744,0.01677555614896973
0.00007069321213252774,0.40341978198056966,0.12319057450366415,0.4007816250574492,0.8039986280977663,0.12393767711534596,5.820839510056715e-27,0.00007069321213252774,0.40341978198056966,0.12319057450366415,0.4007816250574492,0.8039986280977663,0.12393767711534596,5.820839510056715e-27
0.05937550764622133,0.3846975201881966,0.11569512336306131,0.38517860268827064,0.8294374879004999,0.0076159245053930005,3.1762121776912066e-31,0.05937550764622133,0.3846975201881966,0.11569512336306131,0.38517860268827064,0.8294374879004999,0.0076159245053930005,3.1762121776912066e-31
0.00948916293200024,0.39077956331691777,0.07091271327312651,0.39247309088182636,0.8295869309640866,0.016025050881385398,0.016350819420905986,0.00948916293200024,0.39077956331691777,0.07091271327312651,0.39247309088182636,0.8295869309640866,0.016025050881385398,0.016350819420905986
0.044349432431936175,0.42831194767050984,0.04573201127589159,0.39926078677531823,0.8117027803618786,0.014995091137812826,0.016768892225332264,0.044349432431936175,0.42831194767050984,0.04573201127589159,0.39926078677531823,0.8117027803618786,0.014995091137812826,0.016768892225332264
0.01536265428162579,0.4386409480684945,0.0773438583885592,0.40562904894089,0.7970461402160953,0.046216579912582,0.016617888965836325,0.01536265428162579,0.4386409480684945,0.0773438583885592,0.40562904894089,0.7970461402160953,0.046216579912582,0.016617888965836325
0.04333690243598135,0.40468048803359113,0.015400353093169972,0.4626178802045621,0.7901837888560441,0.015801601991805275,0.045949159355744326,0.04333690243598135,0.40468048803359113,0.015400353093169972,0.4626178802045621,0.7901837888560441,0.015801601991805275,0.045949159355744326
0.05757292550813985,0.37751146957278664,0.058257264670778214,0.4368398721343627,0.8155136203656176,7.951690768523363e-94,5.880996564419827e-22,0.05757292550813985,0.37751146957278664,0.058257264670778214,0.4368398721343627,0.8155136203656176,7.951690768523363e-94,5.880996564419827e-22
0.061752094507622694,0.4554160452591806,0.06036976388307447,0.3952228916825516,0.7912128458442902,0.05730999948607566,6.287438328561863e-24,0.061752094507622694,0.4554160452591806,0.06036976388307447,0.3952228916825516,0.7912128458442902,0.05730999948607566,6.287438328561863e-24
1.1404486980047393e-6,0.4047063490916084,0.18531267890063313,0.40233749973923183,0.8002489587756244,0.06041836134817029,4.533587363855175e-38,1.1404486980047393e-6,0.4047063490916084,0.18531267890063313,0.40233749973923183,0.8002489587756244,0.06041836134817029,4.533587363855175e-38
0.056129018942304515,0.43108286885680064,0.0,0.4945096168376326,0.7531568951199887,4.570356729896556e-11,8.266584695218672e-36,0.056129018942304515,0.43108286885680064,0.0,0.4945096168376326,0.7531568951199887,4.570356729896556e-11,8.266584695218672e-36
0.01615869030345546,0.4139772417627535,0.01570289901251777,0.4133649197091557,0.8106374328711821,0.017043990457822587,0.015814022526172138,0.01615869030345546,0.4139772417627535,0.01570289901251777,0.4133649197091557,0.8106374328711821,0.017043990457822587,0.015814022526172138
0.11622167002487044,0.3844496033413646,0.06047180446888799,0.38417878452755516,0.8298661948822454,1.02060900935719e-61,2.572697241104425e-25,0.11622167002487044,0.3844496033413646,0.06047180446888799,0.38417878452755516,0.8298661948822454,1.02060900935719e-61,2.572697241104425e-25
0.014921371327928167,0.3942560907106283,0.017204560841882165,0.3938158369353449,0.8280321589895929,0.04506705139454579,0.04600691101318149,0.014921371327928167,0.3942560907106283,0.017204560841882165,0.3938158369353449,0.8280321589895929,0.04506705139454579,0.04600691101318149
0.015483248890337661,0.45558424761711974,0.04816158040099307,0.39856002479077424,0.7966117997964417,0.01642264776647581,0.044557667582662455,0.015483248890337661,0.45558424761711974,0.04816158040099307,0.39856002479077424,0.7966117997964417,0.01642264776647581,0.044557667582662455
2.766072024705795e-7,0.38357479733756844,0.11664076535751423,0.5003279928255602,0.767854307790434,2.789358567120686e-11,8.397874822227403e-30,2.766072024705795e-7,0.38357479733756844,0.11664076535751423,0.5003279928255602,0.767854307790434,2.789358567120686e-11,8.397874822227403e-30
0.04312424362139119,0.3942216436593568,0.01543482492638415,0.39478374860209836,0.8295439101736083,0.0163941849838983,0.04445133236195286,0.04312424362139119,0.3942216436593568,0.01543482492638415,0.39478374860209836,0.8295439101736083,0.0163941849838983,0.04445133236195286
0.015138769413007897,0.4081668256303152,0.04556058262973509,0.43544190417966344,0.7982452614903177,0.04780501631953674,0.04701138117703635,0.015138769413007897,0.4081668256303152,0.04556058262973509,0.43544190417966344,0.7982452614903177,0.04780501631953674,0.04701138117703635
0.00020900425443022718,0.39909628080898035,6.778194099228552e-191,0.4094700253424014,0.8063443329019601,0.12320855329216991,0.12267722009176103,0.00020900425443022718,0.39909628080898035,6.778194099228552e-191,0.4094700253424014,0.8063443329019601,0.12320855329216991,0.12267722009176103
2.3596849827689058e-17,0.38536580251739694,0.11966560184367765,0.38409454636297147,0.8289402446427598,0.00004182439953464917,0.05682965169296036,2.3596849827689058e-17,0.38536580251739694,0.11966560184367765,0.38409454636297147,0.8289402446427598,0.00004182439953464917,0.05682965169296036
0.01616913715175872,0.4337040378058025,0.01662525568887471,0.43140160113574144,0.787572691092123,0.015164413342622826,0.0753610455496556,0.01616913715175872,0.4337040378058025,0.01662525568887471,0.43140160113574144,0.787572691092123,0.015164413342622826,0.0753610455496556
0.18393572877827735,0.40235205532293933,0.0,0.4000604835701104,0.8001396703704556,1.881410870143897e-97,0.06616810785405967,0.18393572877827735,0.40235205532293933,0.0,0.4000604835701104,0.8001396703704556,1.881410870143897e-97,0.06616810785405967
2.291438951566137e-17,0.3742203798126163,3.771739427894413e-243,0.5458247107352291,0.7479815946673934,0.05723697633297536,7.428346572223903e-20,2.291438951566137e-17,0.3742203798126163,3.771739427894413e-243,0.5458247107352291,0.7479815946673934,0.05723697633297536,7.428346572223903e-20
0.0462816760439698,0.43732356135993355,0.01837130032606957,0.4078931250989132,0.8005422175370118,0.04637942553813435,0.01747230705668331,0.0462816760439698,0.43732356135993355,0.01837130032606957,0.4078931250989132,0.8005422175370118,0.04637942553813435,0.01747230705668331
0.04486293295452008,0.38883237431930184,0.016107407312019505,0.418047306042385,0.8198319593815944,0.016378211395210913,0.016763003641089177,0.04486293295452008,0.38883237431930184,0.016107407312019505,0.418047306042385,0.8198319593815944,0.016378211395210913,0.016763003641089177
0.016632676384017882,0.4229241527364003,0.04580575019613164,0.4232127443821256,0.8022938339239096,0.015754149171758478,0.016689110307629606,0.016632676384017882,0.4229241527364003,0.04580575019613164,0.4232127443821256,0.8022938339239096,0.015754149171758478,0.016689110307629606
0.17566500762126233,0.38220723031743703,7.669496546953957e-30,0.3824484238982585,0.8235460165136981,3.627007619553312e-52,1.2393398012595714e-18,0.17566500762126233,0.38220723031743703,7.669496546953957e-30,0.3824484238982585,0.8235460165136981,3.627007619553312e-52,1.2393398012595714e-18
0.04775693775428256,0.438057924433083,2.023552828826479e-104,0.40992363255763625,0.7966491804588036,0.04604739464091628,0.04662816294391315,0.04775693775428256,0.438057924433083,2.023552828826479e-104,0.40992363255763625,0.7966491804588036,0.04604739464091628,0.04662816294391315
0.016260764595026737,0.4229024068139697,0.016469262013011233,0.42229073225672475,0.8002228731760738,0.016463710612121,0.04581243982378692,0.016260764595026737,0.4229024068139697,0.016469262013011233,0.42229073225672475,0.8002228731760738,0.016463710612121,0.04581243982378692
0.12248688607701855,0.40196353749980596,0.05893998985350579,0.4049593971019096,0.8090134408296027,0.04321639491405599,1.4931808139475142e-24,0.12248688607701855,0.40196353749980596,0.05893998985350579,0.4049593971019096,0.8090134408296027,0.04321639491405599,1.4931808139475142e-24
0.045741145484759896,0.43371193908465844,0.04835127043492932,0.407579924327827,0.8004089197314881,0.04646334691386908,0.017875355989758295,0.045741145484759896,0.43371193908465844,0.04835127043492932,0.407579924327827,0.8004089197314881,0.04646334691386908,0.017875355989758295
0.01584383488007062,0.40276001085331875,0.015685305559949833,0.4021741800296276,0.815823545224826,0.10387056073530665,0.015968754184044177,0.01584383488007062,0.40276001085331875,0.015685305559949833,0.4021741800296276,0.815823545224826,0.10387056073530665,0.015968754184044177
2.3038825291230088e-17,0.37625257024752956,4.90738504688221e-106,0.4334579361510975,0.8111351054951936,0.11465250353056419,9.206417584955732e-35,2.3038825291230088e-17,0.37625257024752956,4.90738504688221e-106,0.4334579361510975,0.8111351054951936,0.11465250353056419,9.206417584955732e-35
0.015448725384860107,0.4002504096553907,0.01746476174595912,0.48335066450625047,0.7774091483034623,0.016341688257873715,0.0459565120349661,0.015448725384860107,0.4002504096553907,0.01746476174595912,0.48335066450625047,0.7774091483034623,0.016341688257873715,0.0459565120349661
0.019255897981157857,0.49198544123000304,0.01976223689287048,0.39937840352798537,0.7726666225194894,0.016100188544110425,0.04733438016092742,0.019255897981157857,0.49198544123000304,0.01976223689287048,0.39937840352798537,0.7726666225194894,0.016100188544110425,0.04733438016092742
0.046506314471014706,0.4106392480505936,0.07916611127515047,0.40892160612679057,0.809304218660848,0.04625255492454526,0.016984916870035744,0.046506314471014706,0.4106392480505936,0.07916611127515047,0.40892160612679057,0.809304218660848,0.04625255492454526,0.016984916870035744
3.057664954626171e-17,0.4993545823587726,0.11636232856003442,0.38117922121651493,0.7699692099524806,3.873687860473796e-108,1.2723620888589963e-23,3.057664954626171e-17,0.4993545823587726,0.11636232856003442,0.38117922121651493,0.7699692099524806,3.873687860473796e-108,1.2723620888589963e-23
1.0533326619015289e-6,0.39637754828238847,1.9393311850715757e-284,0.3964357187023025,0.7934170531937939,0.2443051908134548,3.715098490477974e-6,1.0533326619015289e-6,0.39637754828238847,1.9393311850715757e-284,0.3964357187023025,0.7934170531937939,0.2443051908134548,3.715098490477974e-6
0.07164432833757041,0.4352111757915946,0.016880653882867157,0.4058092686480558,0.7993235684815849,0.017108591550008292,0.044991823374047814,0.07164432833757041,0.4352111757915946,0.016880653882867157,0.4058092686480558,0.7993235684815849,0.017108591550008292,0.044991823374047814
0.0483450704876094,0.46052444673657855,0.01663781122353055,0.4017604492594819,0.7898360590437122,0.04843766244136813,0.016508993149157714,0.0483450704876094,0.46052444673657855,0.01663781122353055,0.4017604492594819,0.7898360590437122,0.04843766244136813,0.016508993149157714
0.01822045391283788,0.41866170586975343,0.016111873256403075,0.3910583883227995,0.8214508777443075,0.04481475809226743,0.017126033984008675,0.01822045391283788,0.41866170586975343,0.016111873256403075,0.3910583883227995,0.8214508777443075,0.04481475809226743,0.017126033984008675
0.018389198397649426,0.42457577340081104,0.048670254617670376,0.42365561996106577,0.7977738178208803,0.016494422709848893,0.044507512098709956,0.018389198397649426,0.42457577340081104,0.048670254617670376,0.42365561996106577,0.7977738178208803,0.016494422709848893,0.044507512098709956
0.04644964321498297,0.4361890611206107,0.016864985234253595,0.4077620341557112,0.796995543478871,0.016509050781811762,0.0765988654585985,0.04644964321498297,0.4361890611206107,0.016864985234253595,0.4077620341557112,0.796995543478871,0.016509050781811762,0.0765988654585985
2.6096415299162697e-17,0.42618680451101554,6.731323800735584e-7,0.4267303796454403,0.7960706044546652,1.4685348969505551e-74,0.05656685789626403,2.6096415299162697e-17,0.42618680451101554,6.731323800735584e-7,0.4267303796454403,0.7960706044546652,1.4685348969505551e-74,0.05656685789626403
0.05909768482853218,0.45283356135584085,2.495170263922315e-110,0.3955406890975271,0.7901094386712534,0.11938615893841674,6.449300504412128e-10,0.05909768482853218,0.45283356135584085,2.495170263922315e-110,0.3955406890975271,0.7901094386712534,0.11938615893841674,6.449300504412128e-10
0.05406108500763225,0.5038367242072985,8.458187654478304e-14,0.38513912225654345,0.7712666360933097,0.05865224879551091,3.304733199726912e-24,0.05406108500763225,0.5038367242072985,8.458187654478304e-14,0.38513912225654345,0.7712666360933097,0.05865224879551091,3.304733199726912e-24
2.1551170016206857e-17,0.3519573158760815,1.6156841413116683e-107,0.35199467934891443,0.8658400330777205,2.954054967506889e-86,0.05397417109986921,2.1551170016206857e-17,0.3519573158760815,1.6156841413116683e-107,0.35199467934891443,0.8658400330777205,2.954054967506889e-86,0.05397417109986921
2.3657564377277423e-17,0.3863573463589459,1.7295861416952445e-116,0.3861126419025687,0.8276549228363346,0.05582033602837551,0.11739958346543901,2.3657564377277423e-17,0.3863573463589459,1.7295861416952445e-116,0.3861126419025687,0.8276549228363346,0.05582033602837551,0.11739958346543901
2.6618838661891372e-17,0.4347186254914387,1.3448267241790622e-124,0.49134268751490384,0.7531039969006413,3.041847528520394e-13,0.057518099016780136,2.6618838661891372e-17,0.4347186254914387,1.3448267241790622e-124,0.49134268751490384,0.7531039969006413,3.041847528520394e-13,0.057518099016780136
0.048512138869134115,0.4570056496602315,5.317634293245722e-21,0.39823151691404335,0.7957308064007744,0.01686559144851446,0.043109358922986674,0.048512138869134115,0.4570056496602315,5.317634293245722e-21,0.39823151691404335,0.7957308064007744,0.01686559144851446,0.043109358922986674
0.044744724719952354,0.39275979050580984,0.01723778779773724,0.3936849474435486,0.8287049349748583,0.04510353830510151,0.015984397120864243,0.044744724719952354,0.39275979050580984,0.01723778779773724,0.3936849474435486,0.8287049349748583,0.04510353830510151,0.015984397120864243
0.07654908736347336,0.4033105445041832,0.015617963534939492,0.39966864870430013,0.8212931687800249,0.04453260031881361,0.016480028042596784,0.07654908736347336,0.4033105445041832,0.015617963534939492,0.39966864870430013,0.8212931687800249,0.04453260031881361,0.016480028042596784
0.10474012887892947,0.385577439502619,2.3908622660328304e-106,0.5035853093073673,0.769187644626574,1.441353610463442e-132,1.5310609205341147e-26,0.10474012887892947,0.385577439502619,2.3908622660328304e-106,0.5035853093073673,0.769187644626574,1.441353610463442e-132,1.5310609205341147e-26
0.24263698166953923,0.39334941688115804,8.2836623042405e-124,0.3938558645790329,0.7948441071150522,1.497066573208527e-10,9.077041934511466e-30,0.24263698166953923,0.39334941688115804,8.2836623042405e-124,0.3938558645790329,0.7948441071150522,1.497066573208527e-10,9.077041934511466e-30
0.015283346148677745,0.4133848408224615,0.015871845467686864,0.41339625247061274,0.8009486700073228,0.015963255878893894,0.13232069613948438,0.015283346148677745,0.4133848408224615,0.015871845467686864,0.41339625247061274,0.8009486700073228,0.015963255878893894,0.13232069613948438
0.04484449995279453,0.40929256829275734,0.017373558604559722,0.4385077591063447,0.7972702907508079,0.04713852146347396,0.04748044291091779,0.04484449995279453,0.40929256829275734,0.017373558604559722,0.4385077591063447,0.7972702907508079,0.04713852146347396,0.04748044291091779
0.01566489363579959,0.4032408023712972,0.04613239145668629,0.45971108643596775,0.7904540321965389,0.045927528002547305,0.01720906205125086,0.01566489363579959,0.4032408023712972,0.04613239145668629,0.45971108643596775,0.7904540321965389,0.045927528002547305,0.01720906205125086
0.06523897438835058,0.40016769677231084,0.017586273851413363,0.4602926534641345,0.7900273317620785,0.01649064296099001,0.018079874489760995,0.06523897438835058,0.40016769677231084,0.017586273851413363,0.4602926534641345,0.7900273317620785,0.01649064296099001,0.018079874489760995
0.04645310677558618,0.4140073660340323,0.01798675185116308,0.4109392317949596,0.8070806750197691,0.07717503598655347,0.04746234831952165,0.04645310677558618,0.4140073660340323,0.01798675185116308,0.4109392317949596,0.8070806750197691,0.07717503598655347,0.04746234831952165
0.04115368274129474,0.3969748035129188,0.04562752452778401,0.4268769711644947,0.8115622723035228,0.016202353552413205,0.017647650009662265,0.04115368274129474,0.3969748035129188,0.04562752452778401,0.4268769711644947,0.8115622723035228,0.016202353552413205,0.017647650009662265
0.016900262169273622,0.44473519194031863,0.017684152362202422,0.41485851862970186,0.7863356530058461,0.11103023694283672,0.017054090131274905,0.016900262169273622,0.44473519194031863,0.017684152362202422,0.41485851862970186,0.7863356530058461,0.11103023694283672,0.017054090131274905
0.016167814201827585,0.4019307437599105,0.07797601965863392,0.4030284334017148,0.8173813064676712,0.0162933110124256,0.04614078805185286,0.016167814201827585,0.4019307437599105,0.07797601965863392,0.4030284334017148,0.8173813064676712,0.0162933110124256,0.04614078805185286
0.000029425113890154123,0.3590016596926847,5.880873396878425e-131,0.5241790536455762,0.7733329815762552,9.18508345402612e-82,3.072276359549809e-37,0.000029425113890154123,0.3590016596926847,5.880873396878425e-131,0.5241790536455762,0.7733329815762552,9.18508345402612e-82,3.072276359549809e-37
2.2983368287459392e-17,0.37534688864513926,0.05831896033472474,0.43290722258837716,0.8158609562385708,0.05714955844555062,4.067512163210798e-32,2.2983368287459392e-17,0.37534688864513926,0.05831896033472474,0.43290722258837716,0.8158609562385708,0.05714955844555062,4.067512163210798e-32
0.016267782158065992,0.4260002579635737,0.04832403000543947,0.39868480117480715,0.8102451723412598,0.0171335381510495,0.04685583998822319,0.016267782158065992,0.4260002579635737,0.04832403000543947,0.39868480117480715,0.8102451723412598,0.0171335381510495,0.04685583998822319
0.07021344339207468,0.4126580819104846,0.04652067672547087,0.4093230571484469,0.8084680794066819,0.017715577086416634,0.045889665929453136,0.07021344339207468,0.4126580819104846,0.04652067672547087,0.4093230571484469,0.8084680794066819,0.017715577086416634,0.045889665929453136
3.3419959869591947e-17,0.5457893638044901,0.0,0.3743143260426514,0.7479830654006004,0.05427146483918598,7.422660123956123e-28,3.3419959869591947e-17,0.5457893638044901,0.0,0.3743143260426514,0.7479830654006004,0.05427146483918598,7.422660123956123e-28
0.04292437407884109,0.4020096529290738,0.04624602710346583,0.45912379213668075,0.7901268133422606,0.015949977673515824,0.017473255479713366,0.04292437407884109,0.4020096529290738,0.04624602710346583,0.45912379213668075,0.7901268133422606,0.015949977673515824,0.017473255479713366
0.06291927680555982,0.3971215251976709,0.06550805507599919,0.4608915639047703,0.786575151638447,0.05714340102861027,2.152643089399293e-31,0.06291927680555982,0.3971215251976709,0.06550805507599919,0.4608915639047703,0.786575151638447,0.05714340102861027,2.152643089399293e-31
0.046896860432103914,0.4496393319948426,0.016346160624352436,0.3929471522736108,0.8010303567049563,0.01620746279279202,0.016791495688134088,0.046896860432103914,0.4496393319948426,0.016346160624352436,0.3929471522736108,0.8010303567049563,0.01620746279279202,0.016791495688134088
0.1226780146003633,0.4020570250263819,1.2148499712990751e-132,0.4016126325266009,0.8052596020988608,2.3297217272979493e-49,0.12142271440590059,0.1226780146003633,0.4020570250263819,1.2148499712990751e-132,0.4016126325266009,0.8052596020988608,2.3297217272979493e-49,0.12142271440590059
2.3696200261285526e-18,6.112965595580295e-17,2.6500217691641708e-18,1.0000097475222451,0.0,6.770760811777664e-73,4.384443391232507e-22,2.3696200261285526e-18,6.112965595580295e-17,2.6500217691641708e-18,1.0000097475222451,0.0,6.770760811777664e-73,4.384443391232507e-22
2.185299188859327e-6,0.4223492048333977,2.7978869827111993e-121,0.5345070555199198,0.7324967153375312,2.7950253530009634e-87,7.28326762041916e-36,2.185299188859327e-6,0.4223492048333977,2.7978869827111993e-121,0.5345070555199198,0.7324967153375312,2.7950253530009634e-87,7.28326762041916e-36
0.1798349934391804,0.4530770373965266,1.147780675281835e-13,0.39289630974098216,0.7866188372110323,7.872800269215155e-8,8.800807292160736e-33,0.1798349934391804,0.4530770373965266,1.147780675281835e-13,0.39289630974098216,0.7866188372110323,7.872800269215155e-8,8.800807292160736e-33
0.000010958756917074615,0.45234772682670077,3.4251241825375585e-132,0.39652528951103105,0.7882735366784746,0.06161049945715041,0.11654592199873384,0.000010958756917074615,0.45234772682670077,3.4251241825375585e-132,0.39652528951103105,0.7882735366784746,0.06161049945715041,0.11654592199873384
0.01568080508683831,0.4036503899773747,0.046179249948357946,0.4601124875064846,0.7886466968416531,0.016357568321830364,0.04537327366478942,0.01568080508683831,0.4036503899773747,0.046179249948357946,0.4601124875064846,0.7886466968416531,0.016357568321830364,0.04537327366478942
0.0010158651500670102,0.45582389268238754,0.12124713799275702,0.39015988978706917,0.7887937850312875,0.05948088173770929,4.8157113748287424e-21,0.0010158651500670102,0.45582389268238754,0.12124713799275702,0.39015988978706917,0.7887937850312875,0.05948088173770929,4.8157113748287424e-21
2.3503126257967742e-17,0.38383518046724224,3.204919686276904e-79,0.38183586515066936,0.8237499803544874,0.17351256933685894,8.114282112848645e-6,2.3503126257967742e-17,0.38383518046724224,3.204919686276904e-79,0.38183586515066936,0.8237499803544874,0.17351256933685894,8.114282112848645e-6
2.9552838868667404e-17,0.48263448513062285,4.120583810510532e-59,0.36920374598278355,0.7933412785473841,3.0259422428739375e-88,0.05547255701398085,2.9552838868667404e-17,0.48263448513062285,4.120583810510532e-59,0.36920374598278355,0.7933412785473841,3.0259422428739375e-88,0.05547255701398085
0.00003316506780222797,0.3664415653059073,3.9781113635947137e-20,0.3662262457149618,0.8482869452163168,1.2680103962175383e-8,0.11266801129211056,0.00003316506780222797,0.3664415653059073,3.9781113635947137e-20,0.3662262457149618,0.8482869452163168,1.2680103962175383e-8,0.11266801129211056
0.01602665752632457,0.4281003076209443,0.037760879537288204,0.4604624731714091,0.7772293371240139,0.016165596531120447,0.007455524449382226,0.01602665752632457,0.4281003076209443,0.037760879537288204,0.4604624731714091,0.7772293371240139,0.016165596531120447,0.007455524449382226
2.4413150752644793e-17,0.3986970083070838,1.0405386827594243e-21,0.3965558595944468,0.7919262674029941,5.6306199835407455e-86,0.24135628195654737,2.4413150752644793e-17,0.3986970083070838,1.0405386827594243e-21,0.3965558595944468,0.7919262674029941,5.6306199835407455e-86,0.24135628195654737
2.204011859231272e-17,0.3599424521038704,0.05480466166811922,0.4181060599161032,0.8326065052541411,0.000010537222058659318,2.7737997792192254e-33,2.204011859231272e-17,0.3599424521038704,0.05480466166811922,0.4181060599161032,0.8326065052541411,0.000010537222058659318,2.7737997792192254e-33
0.015159979812283515,0.4121406869735085,0.1070827505393871,0.40742013047677667,0.8072600570304853,0.014713182295081865,0.04297813112529503,0.015159979812283515,0.4121406869735085,0.1070827505393871,0.40742013047677667,0.8072600570304853,0.014713182295081865,0.04297813112529503
0.00024158289658743286,0.3681751280539124,0.10945794058641332,0.36689265519655107,0.8473702994658266,2.7484017259963813e-64,2.3154680320520487e-32,0.00024158289658743286,0.3681751280539124,0.10945794058641332,0.36689265519655107,0.8473702994658266,2.7484017259963813e-64,2.3154680320520487e-32
0.01619857842930727,0.4427732128569999,0.015522664046029163,0.38602786546431705,0.8125010652387439,0.01609722014618329,0.016228785606840785,0.01619857842930727,0.4427732128569999,0.015522664046029163,0.38602786546431705,0.8125010652387439,0.01609722014618329,0.016228785606840785
0.05614030703738299,0.5030282793668206,1.4732931075768026e-116,0.38499305779244797,0.769591428532431,2.1133831497142983e-67,0.0602497639861721,0.05614030703738299,0.5030282793668206,1.4732931075768026e-116,0.38499305779244797,0.769591428532431,2.1133831497142983e-67,0.0602497639861721
0.05833669747338753,0.3950679679747213,0.00011681729112277576,0.4552536057195935,0.787192075729574,0.12035503739867015,1.6427449470437584e-21,0.05833669747338753,0.3950679679747213,0.00011681729112277576,0.4552536057195935,0.787192075729574,0.12035503739867015,1.6427449470437584e-21
0.0448730477385152,0.40550392284136466,0.07604158598975057,0.43947381779909583,0.7968322803001856,0.01619680687023055,0.017325350477949704,0.0448730477385152,0.40550392284136466,0.07604158598975057,0.43947381779909583,0.7968322803001856,0.01619680687023055,0.017325350477949704
0.013670561998922333,0.40129252676553323,0.016516160324833735,0.4832751359230722,0.778409083187812,0.04549182678375744,3.700038734053397e-32,0.013670561998922333,0.40129252676553323,0.016516160324833735,0.4832751359230722,0.778409083187812,0.04549182678375744,3.700038734053397e-32
0.05687799205773951,0.38811882830724265,1.2716902273647037e-102,0.3873013824740521,0.8337284411242484,0.05978369311025839,0.05914372708064302,0.05687799205773951,0.38811882830724265,1.2716902273647037e-102,0.3873013824740521,0.8337284411242484,0.05978369311025839,0.05914372708064302
0.016698376006841785,0.4269070833660878,0.017149479220942235,0.3984138418762435,0.8088570640545637,0.016398508762078278,0.07491930354205997,0.016698376006841785,0.4269070833660878,0.017149479220942235,0.3984138418762435,0.8088570640545637,0.016398508762078278,0.07491930354205997
2.939967471159388e-17,0.48013312462112473,1.3347173413282239e-196,0.4798812418226917,0.734882507718236,1.4361065301874057e-32,7.470138446117473e-7,2.939967471159388e-17,0.48013312462112473,1.3347173413282239e-196,0.4798812418226917,0.734882507718236,1.4361065301874057e-32,7.470138446117473e-7
0.060872889192134454,0.4036719659753162,2.023681585474856e-11,0.4032257747893841,0.8087352793733299,0.062055070601090494,0.12307397476655779,0.060872889192134454,0.4036719659753162,2.023681585474856e-11,0.4032257747893841,0.8087352793733299,0.062055070601090494,0.12307397476655779
0.018001531134695554,0.4076932675041321,0.07688866609657874,0.4375968716738087,0.7988685569402041,0.047521666942566376,0.01720699292595147,0.018001531134695554,0.4076932675041321,0.07688866609657874,0.4375968716738087,0.7988685569402041,0.047521666942566376,0.01720699292595147
0.060216463494112214,0.39890890138089324,0.18193110157183612,0.40408729121413367,0.8080970805935288,8.448951941867033e-62,1.0342629459113669e-19,0.060216463494112214,0.39890890138089324,0.18193110157183612,0.40408729121413367,0.8080970805935288,8.448951941867033e-62,1.0342629459113669e-19
0.07821355211351395,0.4306892953636345,0.016904133635750346,0.43374544405803894,0.7902207080114095,0.01635202211226764,0.015850737259815912,0.07821355211351395,0.4306892953636345,0.016904133635750346,0.43374544405803894,0.7902207080114095,0.01635202211226764,0.015850737259815912
2.9483634832272264e-17,0.4815042974480465,3.1867765866191067e-84,0.3699010562842576,0.7943819581976815,0.058198557518577276,6.173016952357981e-8,2.9483634832272264e-17,0.4815042974480465,3.1867765866191067e-84,0.3699010562842576,0.7943819581976815,0.058198557518577276,6.173016952357981e-8
0.00001562135407458339,0.40056075788099227,0.1256574459417105,0.4034629812890885,0.8044659567802723,7.806904005682311e-146,0.1228042971440234,0.00001562135407458339,0.40056075788099227,0.1256574459417105,0.4034629812890885,0.8044659567802723,7.806904005682311e-146,0.1228042971440234
2.7686150481612093e-17,0.4521491502837924,0.18101500795487094,0.392821316840865,0.7851950041544044,4.3340716544141173e-73,6.46764600899538e-22,2.7686150481612093e-17,0.4521491502837924,0.18101500795487094,0.392821316840865,0.7851950041544044,4.3340716544141173e-73,6.46764600899538e-22
0.04477954819552707,0.42312969552683777,0.017189283230921202,0.4233090965677873,0.8010254575478699,0.01641385068498127,0.017456072237243114,0.04477954819552707,0.42312969552683777,0.017189283230921202,0.4233090965677873,0.8010254575478699,0.01641385068498127,0.017456072237243114
2.5493001681853374e-17,0.4163323122977596,9.85931517577355e-21,0.47157106063617915,0.777519555259016,2.222274394084466e-50,3.9231429029433845e-35,2.5493001681853374e-17,0.4163323122977596,9.85931517577355e-21,0.47157106063617915,0.777519555259016,2.222274394084466e-50,3.9231429029433845e-35
0.05294778164756778,0.445180164333265,0.0012293127912162824,0.4452683833650138,0.7734738129619668,0.058353719853816176,1.2386999253788167e-22,0.05294778164756778,0.445180164333265,0.0012293127912162824,0.4452683833650138,0.7734738129619668,0.058353719853816176,1.2386999253788167e-22
2.4670141829136385e-20,6.123299520511635e-17,1.9385696608793334e-19,1.9784364213173767e-85,1.000015793641152,2.6841693763241134e-79,1.5374086899928748e-21,2.4670141829136385e-20,6.123299520511635e-17,1.9385696608793334e-19,1.9784364213173767e-85,1.000015793641152,2.6841693763241134e-79,1.5374086899928748e-21
0.0005037009480035053,0.3644339694314813,0.06650265622527356,0.368981420172523,0.8529961435707621,0.00012216103729666565,9.963923976247685e-33,0.0005037009480035053,0.3644339694314813,0.06650265622527356,0.368981420172523,0.8529961435707621,0.00012216103729666565,9.963923976247685e-33
0.00003954293942371456,0.39538822455347145,9.020717630168687e-19,0.4533912702926609,0.7883222478576071,0.0627637663254885,0.12404405260267856,0.00003954293942371456,0.39538822455347145,9.020717630168687e-19,0.4533912702926609,0.7883222478576071,0.0627637663254885,0.12404405260267856
0.0170958184779522,0.4121831136946985,0.016053668657879466,0.41162983288982097,0.8072245154150192,0.07656844562090834,0.07650381912229667,0.0170958184779522,0.4121831136946985,0.016053668657879466,0.41162983288982097,0.8072245154150192,0.07656844562090834,0.07650381912229667
0.01510779274430561,0.3926452610160397,0.015831538541505815,0.5062736051720559,0.767978997027984,0.016872238681093953,0.011643496247463147,0.01510779274430561,0.3926452610160397,0.015831538541505815,0.5062736051720559,0.767978997027984,0.016872238681093953,0.011643496247463147
0.00003535675435863,0.49221565740605916,7.355689724876655e-145,0.4341868513908239,0.7533227115788359,5.047269584758879e-87,0.05560332930974417,0.00003535675435863,0.49221565740605916,7.355689724876655e-145,0.4341868513908239,0.7533227115788359,5.047269584758879e-87,0.05560332930974417
0.018032914053320505,0.40843823387689954,0.10733412795865484,0.43408652731917846,0.796202104421575,0.01460933206575775,0.016712965937654315,0.018032914053320505,0.40843823387689954,0.10733412795865484,0.43408652731917846,0.796202104421575,0.01460933206575775,0.016712965937654315
0.017021254326771398,0.41037256240582903,0.01683964200478584,0.41047348663399097,0.8059220179191263,0.10767249665767215,0.04680979602203872,0.017021254326771398,0.41037256240582903,0.01683964200478584,0.41047348663399097,0.8059220179191263,0.10767249665767215,0.04680979602203872
2.475683948198136e-17,0.40430987120887485,9.203556222183731e-139,0.40334204071497487,0.7984476991533599,0.05989241553607261,0.18298773166574403,2.475683948198136e-17,0.40430987120887485,9.203556222183731e-139,0.40334204071497487,0.7984476991533599,0.05989241553607261,0.18298773166574403
0.01733119665381424,0.39783534047088415,0.016339600778393634,0.42722970643489144,0.8081962722805678,0.01630921133246656,0.07572222887210016,0.01733119665381424,0.39783534047088415,0.016339600778393634,0.42722970643489144,0.8081962722805678,0.01630921133246656,0.07572222887210016
0.017047983674368508,0.3966256815441985,0.015889857354378936,0.3917113897481385,0.822718251947724,0.11276043871537762,0.07464717618707267,0.017047983674368508,0.3966256815441985,0.015889857354378936,0.3917113897481385,0.822718251947724,0.11276043871537762,0.07464717618707267
0.04423889729906759,0.4281997071207697,0.017194721689379973,0.45790704617430017,0.7787638953143544,0.016198618947698657,0.017628658647434545,0.04423889729906759,0.4281997071207697,0.017194721689379973,0.45790704617430017,0.7787638953143544,0.016198618947698657,0.017628658647434545
0.06174666463599967,0.43609548121277547,1.065352695786914e-18,0.37995677610891027,0.8121081910342975,0.05837999526578708,4.103125692977579e-22,0.06174666463599967,0.43609548121277547,1.065352695786914e-18,0.37995677610891027,0.8121081910342975,0.05837999526578708,4.103125692977579e-22
0.014252422877834658,0.4113512746350499,0.017893484080245502,0.38068343736051086,0.8290521177052972,0.01571713446933151,0.015760020443318395,0.014252422877834658,0.4113512746350499,0.017893484080245502,0.38068343736051086,0.8290521177052972,0.01571713446933151,0.015760020443318395
0.015893157321072014,0.43250284971897623,0.016578273424459538,0.4314959516989042,0.7879468335416838,0.07610334355884989,0.015812834863902593,0.015893157321072014,0.43250284971897623,0.016578273424459538,0.4314959516989042,0.7879468335416838,0.07610334355884989,0.015812834863902593
0.04572456697302293,0.3953076003306939,0.016799380677427228,0.4845578808623935,0.7789982113172352,0.016451467752316113,0.010223974010130104,0.04572456697302293,0.3953076003306939,0.016799380677427228,0.4845578808623935,0.7789982113172352,0.016451467752316113,0.010223974010130104
0.055824881103376106,0.3837162362325575,6.567379847944732e-225,0.38280015096807385,0.8305537268007406,0.11914503964837794,1.934997275879916e-32,0.055824881103376106,0.3837162362325575,6.567379847944732e-225,0.38280015096807385,0.8305537268007406,0.11914503964837794,1.934997275879916e-32
0.044166831937824835,0.39253380396960563,0.04396278797619507,0.3926034756850219,0.8294894313937268,0.01557572538010354,0.01654685411561649,0.044166831937824835,0.39253380396960563,0.04396278797619507,0.3926034756850219,0.8294894313937268,0.01557572538010354,0.01654685411561649
0.01598333260257809,0.4043506101139366,0.046259234220329314,0.4041439473249197,0.8176850305441609,0.016466927926824765,0.07587688522210358,0.01598333260257809,0.4043506101139366,0.046259234220329314,0.4041439473249197,0.8176850305441609,0.016466927926824765,0.07587688522210358
0.0161694028768175,0.3761604390041246,0.015472236442316784,0.4038281002937546,0.8336858001344561,0.016125927104925525,0.017446639592402467,0.0161694028768175,0.3761604390041246,0.015472236442316784,0.4038281002937546,0.8336858001344561,0.016125927104925525,0.017446639592402467
0.016364225655465726,0.3938170458728088,0.04599937833303793,0.44970001571448576,0.8001264608328874,0.016511085895563528,0.017149922621766543,0.016364225655465726,0.3938170458728088,0.04599937833303793,0.44970001571448576,0.8001264608328874,0.016511085895563528,0.017149922621766543
0.01499318299830488,0.3908295762678034,0.04421969389830318,0.4168121392494201,0.8204263504192129,0.01562787347752438,0.0174020588241518,0.01499318299830488,0.3908295762678034,0.04421969389830318,0.4168121392494201,0.8204263504192129,0.01562787347752438,0.0174020588241518
0.12439178128930245,0.5005711260616452,2.8421626985706117e-111,0.3825702700850812,0.7673021919291391,8.426774706038705e-127,1.0206152091976878e-21,0.12439178128930245,0.5005711260616452,2.8421626985706117e-111,0.3825702700850812,0.7673021919291391,8.426774706038705e-127,1.0206152091976878e-21
0.017540418931396212,0.4049788779549905,0.0771361858848865,0.43852348861234763,0.7978979142033388,0.016496988472403776,0.04451443539090167,0.017540418931396212,0.4049788779549905,0.0771361858848865,0.43852348861234763,0.7978979142033388,0.016496988472403776,0.04451443539090167
0.0008944374862330921,0.38976301329479524,0.11440310484348612,0.4621845949354247,0.7903600952666706,1.1852361528042298e-8,0.058277504155967226,0.0008944374862330921,0.38976301329479524,0.11440310484348612,0.4621845949354247,0.7903600952666706,1.1852361528042298e-8,0.058277504155967226
0.04911862692914217,0.46006730557540193,0.04923781645934143,0.4041704807573073,0.7873825770798898,0.016353027449576056,0.01702888608822632,0.04911862692914217,0.46006730557540193,0.04923781645934143,0.4041704807573073,0.7873825770798898,0.016353027449576056,0.01702888608822632
2.6506769592542188e-17,0.43288839869580736,3.086277633920464e-87,0.4929031104011609,0.7533475849199908,0.057459732093676864,2.288921604736846e-25,2.6506769592542188e-17,0.43288839869580736,3.086277633920464e-87,0.4929031104011609,0.7533475849199908,0.057459732093676864,2.288921604736846e-25
0.04708137777654507,0.40545116835907613,0.04650512129617883,0.4381594066793486,0.7985010567829578,0.016971824656665004,0.04688283795921564,0.04708137777654507,0.40545116835907613,0.04650512129617883,0.4381594066793486,0.7985010567829578,0.016971824656665004,0.04688283795921564
0.017739822664227276,0.460599580266071,0.018251904075227608,0.40159327141726997,0.7882145363282748,0.07532909016091523,0.01647256512855331,0.017739822664227276,0.460599580266071,0.018251904075227608,0.40159327141726997,0.7882145363282748,0.07532909016091523,0.01647256512855331
2.3830877612239564e-17,0.38918776628218926,0.17878402453223774,0.45166139106219977,0.786114747915103,0.00018524879996067276,2.1334418564665005e-42,2.3830877612239564e-17,0.38918776628218926,0.17878402453223774,0.45166139106219977,0.786114747915103,0.00018524879996067276,2.1334418564665005e-42
0.015188973386998431,0.4188166551922249,0.016232301627154364,0.44737312122678563,0.7902844914106609,0.016449195713346437,0.016380905701983226,0.015188973386998431,0.4188166551922249,0.016232301627154364,0.44737312122678563,0.7902844914106609,0.016449195713346437,0.016380905701983226
0.014763302033709335,0.40371495944727914,0.015024365301420366,0.4598896998125597,0.7883041562987599,0.01640375199957687,0.07744102918428587,0.014763302033709335,0.40371495944727914,0.015024365301420366,0.4598896998125597,0.7883041562987599,0.01640375199957687,0.07744102918428587
2.6188267682425922e-17,0.42768686776724874,0.05651473949969777,0.426797635719185,0.7980573073076068,4.933937036765351e-10,1.954538924690966e-26,2.6188267682425922e-17,0.42768686776724874,0.05651473949969777,0.426797635719185,0.7980573073076068,4.933937036765351e-10,1.954538924690966e-26
3.0123661649476787e-17,0.49195672859227746,0.05919548367921485,0.4357980778684163,0.7549506774056355,1.4192690516765027e-11,3.335572063835282e-32,3.0123661649476787e-17,0.49195672859227746,0.05919548367921485,0.4357980778684163,0.7549506774056355,1.4192690516765027e-11,3.335572063835282e-32
0.053505426219559366,0.445664474024118,0.05930640603267378,0.4458924465640353,0.7724839680740384,1.7927774805154866e-71,1.7547540184671825e-30,0.053505426219559366,0.445664474024118,0.05930640603267378,0.4458924465640353,0.7724839680740384,1.7927774805154866e-71,1.7547540184671825e-30
2.300865541705101e-17,0.3757598588110553,0.11128855517501915,0.43582353641725313,0.8104790341631127,1.0659100548984758e-66,2.0835023710604337e-31,2.300865541705101e-17,0.3757598588110553,0.11128855517501915,0.43582353641725313,0.8104790341631127,1.0659100548984758e-66,2.0835023710604337e-31
0.0813548166471609,0.4342670881980885,0.015615833482223465,0.4086398818938651,0.7975109873001658,0.04755941308961799,0.016949916364454243,0.0813548166471609,0.4342670881980885,0.015615833482223465,0.4086398818938651,0.7975109873001658,0.04755941308961799,0.016949916364454243
0.0173261603364233,0.3897824854316063,0.015800649370283297,0.41847969785678585,0.8196834205047764,0.016024004624831084,0.04440836552526488,0.0173261603364233,0.3897824854316063,0.015800649370283297,0.41847969785678585,0.8196834205047764,0.016024004624831084,0.04440836552526488
2.3937146576037404e-17,0.3909232701657879,1.327072439995112e-20,0.4503506543947213,0.7828534634883557,0.17962738387615354,1.0071495036356244e-50,2.3937146576037404e-17,0.3909232701657879,1.327072439995112e-20,0.4503506543947213,0.7828534634883557,0.17962738387615354,1.0071495036356244e-50
4.010487931685358e-7,0.38364629377912696,1.9766751705777616e-12,0.3830364438858658,0.822291211990606,7.537177619129287e-79,0.17568736394359522,4.010487931685358e-7,0.38364629377912696,1.9766751705777616e-12,0.3830364438858658,0.822291211990606,7.537177619129287e-79,0.17568736394359522
0.08144499261179809,0.459701719877023,0.018054060338735075,0.4028372770020636,0.7880787267516485,2.2134763677873157e-94,0.015161038552923556,0.08144499261179809,0.459701719877023,0.018054060338735075,0.4028372770020636,0.7880787267516485,2.2134763677873157e-94,0.015161038552923556
0.0011408418236489655,0.4685742390440159,0.07113255197207075,0.3853719460655407,0.7836585503039267,0.1190610950786339,6.464113638569807e-112,0.0011408418236489655,0.4685742390440159,0.07113255197207075,0.3853719460655407,0.7836585503039267,0.1190610950786339,6.464113638569807e-112
5.789476323848294e-22,6.121111373966172e-17,1.4257988555682658e-18,8.1628909055871725e-19,5.249076773762127e-19,1.0000501064032947,3.4192033816664116e-21,5.789476323848294e-22,6.121111373966172e-17,1.4257988555682658e-18,8.1628909055871725e-19,5.249076773762127e-19,1.0000501064032947,3.4192033816664116e-21
2.3104759280171873e-17,0.3773293540024488,0.0,0.4341537950303325,0.8100948290766491,1.8389064509356203e-8,0.11431984066363188,2.3104759280171873e-17,0.3773293540024488,0.0,0.4341537950303325,0.8100948290766491,1.8389064509356203e-8,0.11431984066363188
7.046187333415735e-6,0.4088430534936842,0.06313785477326572,0.40596170367162465,0.8158122364891568,0.05630427762338777,0.11805635459387703,7.046187333415735e-6,0.4088430534936842,0.06313785477326572,0.40596170367162465,0.8158122364891568,0.05630427762338777,0.11805635459387703
0.01618447892111743,0.39787264399563704,0.01609139238301091,0.42669046999205384,0.8086143470552307,0.07524464726855577,0.016771076071412337,0.01618447892111743,0.39787264399563704,0.01609139238301091,0.42669046999205384,0.8086143470552307,0.07524464726855577,0.016771076071412337
0.017203000826509357,0.48553628176252034,0.017857568805391143,0.3971749079634032,0.7779459482204903,0.043858878099356007,0.018421238695442592,0.017203000826509357,0.48553628176252034,0.017857568805391143,0.3971749079634032,0.7779459482204903,0.043858878099356007,0.018421238695442592
0.00007751190342957144,0.39219322222720043,0.05961024052620406,0.4564478279536946,0.7874831681748996,0.12217630145688142,3.424683357555954e-22,0.00007751190342957144,0.39219322222720043,0.05961024052620406,0.4564478279536946,0.7874831681748996,0.12217630145688142,3.424683357555954e-22
0.04313477811410189,0.384874648314275,0.016710743274258356,0.38511198960021914,0.8374229910285016,0.01603553147371182,0.016367186020260608,0.04313477811410189,0.384874648314275,0.016710743274258356,0.38511198960021914,0.8374229910285016,0.01603553147371182,0.016367186020260608
2.752254199099096e-17,0.4494772208632436,0.05856811928046898,0.4450301602951049,0.7732869080385683,8.342889644874054e-6,0.05721191848970426,2.752254199099096e-17,0.4494772208632436,0.05856811928046898,0.4450301602951049,0.7732869080385683,8.342889644874054e-6,0.05721191848970426
0.000010075773097163126,0.4457299398875352,0.059395243169405545,0.4469252281806287,0.771399955572534,0.058586358878560396,2.1895194830587886e-29,0.000010075773097163126,0.4457299398875352,0.059395243169405545,0.4469252281806287,0.771399955572534,0.058586358878560396,2.1895194830587886e-29
2.5525074826336562e-17,0.4168561064971241,3.2880554923915522e-152,0.36113932622477096,0.8341326520723137,0.05441907392164959,7.686565697929456e-32,2.5525074826336562e-17,0.4168561064971241,3.2880554923915522e-152,0.36113932622477096,0.8341326520723137,0.05441907392164959,7.686565697929456e-32
2.3424054225374263e-17,0.3825438361768144,0.06203213371964137,0.504799545329421,0.7710035757060674,6.442613280423299e-90,0.05970173258291538,2.3424054225374263e-17,0.3825438361768144,0.06203213371964137,0.504799545329421,0.7710035757060674,6.442613280423299e-90,0.05970173258291538
6.123388576823653e-17,1.0000252450072944,1.0754489835469414e-143,6.926642401620383e-56,5.2049952684667725e-111,8.86296877850358e-83,2.7690099258860566e-21,6.123388576823653e-17,1.0000252450072944,1.0754489835469414e-143,6.926642401620383e-56,5.2049952684667725e-111,8.86296877850358e-83,2.7690099258860566e-21
0.015445818971822149,0.45347651178552373,0.05062598161090462,0.39526490057897284,0.8011545869704966,0.016536837978885485,0.017962603558748895,0.015445818971822149,0.45347651178552373,0.05062598161090462,0.39526490057897284,0.8011545869704966,0.016536837978885485,0.017962603558748895
0.05534606124388101,0.41836000730221784,9.664128326902902e-102,0.3632728219011064,0.8336470579297169,6.085951171386498e-82,1.2882744442119677e-33,0.05534606124388101,0.41836000730221784,9.664128326902902e-102,0.3632728219011064,0.8336470579297169,6.085951171386498e-82,1.2882744442119677e-33
0.12038515210945619,0.45465053153788393,0.06082011648665658,0.39445280186320303,0.7942891065071245,0.00017825187099764937,3.7745005983209345e-9,0.12038515210945619,0.45465053153788393,0.06082011648665658,0.39445280186320303,0.7942891065071245,0.00017825187099764937,3.7745005983209345e-9
0.018281640962186586,0.4613965906790608,0.052787253118831395,0.39921658786156516,0.7899862828945762,0.04588923207909494,0.008243104829176255,0.018281640962186586,0.4613965906790608,0.052787253118831395,0.39921658786156516,0.7899862828945762,0.04588923207909494,0.008243104829176255
2.2903212610904458e-17,0.37403784710580334,0.057076633986979375,0.5457058701086285,0.7482387989668411,0.000012918898838891062,1.1481767977152763e-32,2.2903212610904458e-17,0.37403784710580334,0.057076633986979375,0.5457058701086285,0.7482387989668411,0.000012918898838891062,1.1481767977152763e-32
2.6826503426037377e-17,0.438110048459932,0.05718083961079737,0.3833728371777882,0.8106542285494586,0.05165398237422812,5.702256361919614e-23,2.6826503426037377e-17,0.438110048459932,0.05718083961079737,0.3833728371777882,0.8106542285494586,0.05165398237422812,5.702256361919614e-23
0.04905337054350996,0.4846211913611221,3.7908748289708203e-97,0.39793339186162435,0.7787661195234957,0.0003095018926994227,0.0154229533762335,0.04905337054350996,0.4846211913611221,3.7908748289708203e-97,0.39793339186162435,0.7787661195234957,0.0003095018926994227,0.0154229533762335
2.5494629345830667e-17,0.41635889406775933,0.05502231549556537,0.3614888594622713,0.8330127158483037,1.3777319496053438e-9,6.626619224413553e-14,2.5494629345830667e-17,0.41635889406775933,0.05502231549556537,0.3614888594622713,0.8330127158483037,1.3777319496053438e-9,6.626619224413553e-14
0.06062308821816659,0.3958382437926848,8.158824533005248e-148,0.456800338794532,0.7883042928707704,4.754361218835423e-23,0.12087431289498561,0.06062308821816659,0.3958382437926848,8.158824533005248e-148,0.456800338794532,0.7883042928707704,4.754361218835423e-23,0.12087431289498561
0.057018745370401164,0.3680671720413173,0.0,0.36957971886867985,0.8502187135639919,0.058231319988719554,7.566607841573841e-30,0.057018745370401164,0.3680671720413173,0.0,0.36957971886867985,0.8502187135639919,0.058231319988719554,7.566607841573841e-30
0.044055745855060134,0.41386989844415806,0.017173633770139193,0.41368457599075353,0.8023795012691478,0.016467459739821565,0.10726198276005078,0.044055745855060134,0.41386989844415806,0.017173633770139193,0.41368457599075353,0.8023795012691478,0.016467459739821565,0.10726198276005078
0.07736603786554397,0.4110099749438437,0.046133099664976564,0.4126865129172702,0.8072153193831354,0.044157597187166636,0.017965678637116893,0.07736603786554397,0.4110099749438437,0.046133099664976564,0.4126865129172702,0.8072153193831354,0.044157597187166636,0.017965678637116893
2.3114249411789875e-17,0.3774843396133957,0.05618127019291984,0.4349553320551987,0.8143158916704435,2.0040526415087558e-64,0.056919116800200724,2.3114249411789875e-17,0.3774843396133957,0.05618127019291984,0.4349553320551987,0.8143158916704435,2.0040526415087558e-64,0.056919116800200724
0.015890286766873898,0.3998507852410063,0.0446414057895464,0.4266767402158972,0.8084514128400208,0.04621847090891706,0.017746998419890875,0.015890286766873898,0.3998507852410063,0.0446414057895464,0.4266767402158972,0.8084514128400208,0.04621847090891706,0.017746998419890875
0.12304536409137108,0.40330376564843695,7.793719284938895e-29,0.40288616204360855,0.8087029585144113,0.061577650395216406,0.04827552228342158,0.12304536409137108,0.40330376564843695,7.793719284938895e-29,0.40288616204360855,0.8087029585144113,0.061577650395216406,0.04827552228342158
2.2240393029400294e-17,0.3632131818722741,1.8612646169933402e-126,0.4173744712802511,0.8339445137904173,2.658191936926324e-15,0.055296502712245496,2.2240393029400294e-17,0.3632131818722741,1.8612646169933402e-126,0.4173744712802511,0.8339445137904173,2.658191936926324e-15,0.055296502712245496
0.046405259869305306,0.43418657342510675,0.016945001745616122,0.4347763264484809,0.7903179314844062,0.015822433008690014,0.046037899994945466,0.046405259869305306,0.43418657342510675,0.016945001745616122,0.4347763264484809,0.7903179314844062,0.015822433008690014,0.046037899994945466
0.07549492612849551,0.40170692801232116,0.01590342454757936,0.4028366309261528,0.818461318909973,0.016101233797986177,0.044399368510013124,0.07549492612849551,0.40170692801232116,0.01590342454757936,0.4028366309261528,0.818461318909973,0.016101233797986177,0.044399368510013124
0.04645119143090211,0.4024016653911549,0.04498231484595081,0.40384719086088744,0.8176199113912834,0.047664635943537634,0.016263050400914157,0.04645119143090211,0.4024016653911549,0.04498231484595081,0.40384719086088744,0.8176199113912834,0.047664635943537634,0.016263050400914157
0.01576734845376847,0.4017104951267577,0.047000158548439246,0.40346864656860737,0.8184168727110334,0.04606499794803191,0.047321896443578974,0.01576734845376847,0.4017104951267577,0.047000158548439246,0.40346864656860737,0.8184168727110334,0.04606499794803191,0.047321896443578974
0.017751486294595945,0.4009179843091287,0.08092367529248147,0.40245585871915573,0.8196811590383746,0.047300623376463666,0.01666630464379252,0.017751486294595945,0.4009179843091287,0.08092367529248147,0.40245585871915573,0.8196811590383746,0.047300623376463666,0.01666630464379252
0.07138894128306321,0.39006703190603165,0.01539266207841473,0.39293613346897877,0.8304934699791927,0.015701576737794896,0.015755816369467192,0.07138894128306321,0.39006703190603165,0.01539266207841473,0.39293613346897877,0.8304934699791927,0.015701576737794896,0.015755816369467192
0.06121683357577876,0.4013974363284117,2.008170363898262e-96,0.40114595589724616,0.802971198448157,1.081320813332809e-63,0.1784813862474609,0.06121683357577876,0.4013974363284117,2.008170363898262e-96,0.40114595589724616,0.802971198448157,1.081320813332809e-63,0.1784813862474609
0.023470494945087787,0.539733389689281,0.10093622607619561,0.37849713079852393,0.7498260865804198,8.803439671157149e-83,0.021646953648109004,0.023470494945087787,0.539733389689281,0.10093622607619561,0.37849713079852393,0.7498260865804198,8.803439671157149e-83,0.021646953648109004
0.01634091285199034,0.3935790241664382,0.015262317523325363,0.3917074774253212,0.8307309623496594,0.07496907663287611,0.01598737877115385,0.01634091285199034,0.3935790241664382,0.015262317523325363,0.3917074774253212,0.8307309623496594,0.07496907663287611,0.01598737877115385
2.2556632066028587e-17,0.3683777572722746,2.8208320464690296e-116,0.36586499129486144,0.8477927992131917,0.11442468875948046,1.250279882637901e-22,2.2556632066028587e-17,0.3683777572722746,2.8208320464690296e-116,0.36586499129486144,0.8477927992131917,0.11442468875948046,1.250279882637901e-22
0.016492563338237284,0.4282155405319874,0.017043503911267792,0.3993972055919029,0.8098701226605527,0.07628307894717108,0.016340067556990325,0.016492563338237284,0.4282155405319874,0.017043503911267792,0.3993972055919029,0.8098701226605527,0.07628307894717108,0.016340067556990325
0.1204518850568544,0.4555439102357974,4.1353882322091877e-106,0.39220516312575765,0.7893215098162091,0.05993181291919848,1.0053197786544847e-24,0.1204518850568544,0.4555439102357974,4.1353882322091877e-106,0.39220516312575765,0.7893215098162091,0.05993181291919848,1.0053197786544847e-24
0.01644022929746843,0.3958529701238322,0.01654177754559444,0.4493536774801977,0.7995217677533625,0.04513053930214655,0.017173270096502352,0.01644022929746843,0.3958529701238322,0.01654177754559444,0.4493536774801977,0.7995217677533625,0.04513053930214655,0.017173270096502352
0.01677178752220791,0.4027196241146443,0.1052019128716345,0.3995439552101969,0.816892202344167,0.015253396831491097,0.017138671190425173,0.01677178752220791,0.4027196241146443,0.1052019128716345,0.3995439552101969,0.816892202344167,0.015253396831491097,0.017138671190425173
0.052145654818022406,0.3529525960891401,0.0,0.3533313158278473,0.8690000457130803,4.506112052117626e-84,2.8066940624238154e-26,0.052145654818022406,0.3529525960891401,0.0,0.3533313158278473,0.8690000457130803,4.506112052117626e-84,2.8066940624238154e-26
0.07241936371314718,0.39565652058883516,0.01591214698464578,0.4294702925345065,0.8082453352638134,0.016339546371140694,0.016517707358944103,0.07241936371314718,0.39565652058883516,0.01591214698464578,0.4294702925345065,0.8082453352638134,0.016339546371140694,0.016517707358944103
3.084443096894328e-17,0.5037277848669245,0.05755023035054006,0.38533877815151724,0.7714076283389332,6.04957908904925e-15,0.060026250586392244,3.084443096894328e-17,0.5037277848669245,0.05755023035054006,0.38533877815151724,0.7714076283389332,6.04957908904925e-15,0.060026250586392244
0.000040355515353273974,0.3848194351857051,0.05984376727577228,0.504576365507914,0.7720203892101002,0.05965250525458105,0.0004943931244316773,0.000040355515353273974,0.3848194351857051,0.05984376727577228,0.504576365507914,0.7720203892101002,0.05965250525458105,0.0004943931244316773
2.7280047332884283e-17,0.4455169825598322,0.12857822972435284,0.4436922475394141,0.7734394826600718,1.06506270127578e-107,1.2780966602861217e-23,2.7280047332884283e-17,0.4455169825598322,0.12857822972435284,0.4436922475394141,0.7734394826600718,1.06506270127578e-107,1.2780966602861217e-23
0.05322144543381279,0.43649952950132903,0.05866714673755566,0.3772481446585258,0.8131924190733423,1.228754279612894e-11,2.8686157189626197e-29,0.05322144543381279,0.43649952950132903,0.05866714673755566,0.3772481446585258,0.8131924190733423,1.228754279612894e-11,2.8686157189626197e-29
0.04643558066255854,0.4078922182896881,0.015775297768046054,0.43591982701197074,0.797571500314305,0.016820501262271297,0.07587771726741138,0.04643558066255854,0.4078922182896881,0.015775297768046054,0.43591982701197074,0.797571500314305,0.016820501262271297,0.07587771726741138
0.018154279924755653,0.4086273939010712,0.014907222240902872,0.43667857890980477,0.7967321078458414,0.07681306583559837,0.046872578616590936,0.018154279924755653,0.4086273939010712,0.014907222240902872,0.43667857890980477,0.7967321078458414,0.07681306583559837,0.046872578616590936
0.07688090562570753,0.40715907972148274,0.01708069738661373,0.43675355774786745,0.7974898597429518,0.04583317710326277,0.016979087056590923,0.07688090562570753,0.40715907972148274,0.01708069738661373,0.43675355774786745,0.7974898597429518,0.04583317710326277,0.016979087056590923
0.11565997083563766,0.4351008777610091,3.103534774287594e-111,0.37723077533535543,0.8109969979075402,2.2846038367179654e-18,3.787824363286407e-24,0.11565997083563766,0.4351008777610091,3.103534774287594e-111,0.37723077533535543,0.8109969979075402,2.2846038367179654e-18,3.787824363286407e-24
0.12620062626174033,0.41772528901097583,0.0174699671573948,0.3994700849157394,0.8066976917604404,3.5547191098419736e-102,0.01609653943617301,0.12620062626174033,0.41772528901097583,0.0174699671573948,0.3994700849157394,0.8066976917604404,3.5547191098419736e-102,0.01609653943617301
0.11960880113793963,0.4053397352748205,0.061214807171993804,0.4034227304656031,0.8090195075812774,3.9059474746963833e-10,0.061198651677068276,0.11960880113793963,0.4053397352748205,0.061214807171993804,0.4034227304656031,0.8090195075812774,3.9059474746963833e-10,0.061198651677068276
1.0566816265725731e-6,0.44389329649324005,3.0543032490777454e-233,0.44364732542856755,0.7704592954710416,6.743173759338744e-30,0.11767375312357313,1.0566816265725731e-6,0.44389329649324005,3.0543032490777454e-233,0.44364732542856755,0.7704592954710416,6.743173759338744e-30,0.11767375312357313
2.8011881635990977e-17,0.45746874373074653,0.11829476998515759,0.39231773188012187,0.7892452986500649,1.001861430114546e-62,0.06355318658688563,2.8011881635990977e-17,0.45746874373074653,0.11829476998515759,0.39231773188012187,0.7892452986500649,1.001861430114546e-62,0.06355318658688563
0.014840428313578048,0.38599925837239274,0.016901081744361543,0.3853394429526864,0.8370787003021597,0.017185707993705775,0.04563909229851689,0.014840428313578048,0.38599925837239274,0.016901081744361543,0.3853394429526864,0.8370787003021597,0.017185707993705775,0.04563909229851689
0.04304533818827721,0.4081506244835037,0.045791965519333414,0.43719266487080977,0.7978494833000447,0.04643837184264148,0.017246427660199435,0.04304533818827721,0.4081506244835037,0.045791965519333414,0.43719266487080977,0.7978494833000447,0.04643837184264148,0.017246427660199435
2.7284648425479043e-17,0.4455921241042834,2.4303852049613294e-18,0.4439135809439926,0.7691564425502188,0.11772423211273172,2.2181515716740803e-35,2.7284648425479043e-17,0.4455921241042834,2.4303852049613294e-18,0.4439135809439926,0.7691564425502188,0.11772423211273172,2.2181515716740803e-35
0.0004192720475620718,0.386829269376037,0.060213906917960996,0.38867043012697616,0.8259990684016741,0.1190216963409799,8.373932028608228e-22,0.0004192720475620718,0.386829269376037,0.060213906917960996,0.38867043012697616,0.8259990684016741,0.1190216963409799,8.373932028608228e-22
0.06197732458054319,0.40280167959485824,0.06041653360703029,0.40468371974527545,0.8161896955422235,0.05640897452890041,0.06281070347477231,0.06197732458054319,0.40280167959485824,0.06041653360703029,0.40468371974527545,0.8161896955422235,0.05640897452890041,0.06281070347477231
0.017219922674422912,0.4351867014104011,0.04835553593097187,0.40718369466140486,0.7990585098679387,0.0780211306223415,0.01714410499588798,0.017219922674422912,0.4351867014104011,0.04835553593097187,0.40718369466140486,0.7990585098679387,0.0780211306223415,0.01714410499588798
2.7645915971525317e-17,0.45149207086930665,1.03040517944893e-20,0.39122895867423646,0.781738565509824,0.18211986078557565,8.056507050806473e-23,2.7645915971525317e-17,0.45149207086930665,1.03040517944893e-20,0.39122895867423646,0.781738565509824,0.18211986078557565,8.056507050806473e-23
0.015603765492572997,0.4069538072621579,0.046629492511001576,0.43646358837066673,0.7973423956695552,0.07794668186269205,0.017414743199356077,0.015603765492572997,0.4069538072621579,0.046629492511001576,0.43646358837066673,0.7973423956695552,0.07794668186269205,0.017414743199356077
0.014273574857412603,0.3770382742718614,0.014592731772959009,0.37518469192376636,0.8465559720062755,0.016476721347994827,0.01620767128321633,0.014273574857412603,0.3770382742718614,0.014592731772959009,0.37518469192376636,0.8465559720062755,0.016476721347994827,0.01620767128321633
0.1179772341992086,0.4477066953409628,4.132896838930371e-95,0.45028709415313395,0.777965965984153,1.1882968454132077e-126,3.1712691348941904e-55,0.1179772341992086,0.4477066953409628,4.132896838930371e-95,0.45028709415313395,0.777965965984153,1.1882968454132077e-126,3.1712691348941904e-55
0.017376468420954663,0.39702983332662506,0.07424358600058092,0.4268111872908956,0.8096555683793039,8.33938619987134e-58,0.017116572774951752,0.017376468420954663,0.39702983332662506,0.07424358600058092,0.4268111872908956,0.8096555683793039,8.33938619987134e-58,0.017116572774951752
0.01697772066712903,0.41264834925228006,0.04609229153350307,0.41301278759681315,0.8072265370426289,0.0765376515931795,0.0469035756183406,0.01697772066712903,0.41264834925228006,0.04609229153350307,0.41301278759681315,0.8072265370426289,0.0765376515931795,0.0469035756183406
0.00022539926703447444,0.36661073983557446,2.6137515904011168e-87,0.4185563337100901,0.8317863807319057,0.057562798987615064,2.8054055483658866e-25,0.00022539926703447444,0.36661073983557446,2.6137515904011168e-87,0.4185563337100901,0.8317863807319057,0.057562798987615064,2.8054055483658866e-25
0.05862940237429927,0.4360090867375497,4.55782245345869e-183,0.37809322808996476,0.8135074502229179,1.4377538186311387e-8,0.05715465121883791,0.05862940237429927,0.4360090867375497,4.55782245345869e-183,0.37809322808996476,0.8135074502229179,1.4377538186311387e-8,0.05715465121883791
2.7992656846241554e-17,0.4571547790878338,0.06307663216342917,0.4046471978700184,0.8003148234526029,1.0346171896328696e-49,0.12334939225100577,2.7992656846241554e-17,0.4571547790878338,0.06307663216342917,0.4046471978700184,0.8003148234526029,1.0346171896328696e-49,0.12334939225100577
0.015512702402153742,0.40339602835333266,0.017273840010995554,0.46208306068141053,0.7876473468256684,0.04578893364942447,0.04561174877099012,0.015512702402153742,0.40339602835333266,0.017273840010995554,0.46208306068141053,0.7876473468256684,0.04578893364942447,0.04561174877099012
0.05574997009946825,0.3690522703817942,0.05623362933888359,0.36893242580542346,0.8502050827213222,1.0455519305646774e-72,2.279644614414456e-29,0.05574997009946825,0.3690522703817942,0.05623362933888359,0.36893242580542346,0.8502050827213222,1.0455519305646774e-72,2.279644614414456e-29
0.015699995784252373,0.40925779500140363,0.015750892014480537,0.43465922299331333,0.7971945544655181,0.04644615330972785,0.07552689627047343,0.015699995784252373,0.40925779500140363,0.015750892014480537,0.43465922299331333,0.7971945544655181,0.04644615330972785,0.07552689627047343
2.4671531919850623e-17,0.4029166929930802,0.06224101574823834,0.4021391326756788,0.7992587138465406,8.35699546874661e-6,0.1829816117552076,2.4671531919850623e-17,0.4029166929930802,0.06224101574823834,0.4021391326756788,0.7992587138465406,8.35699546874661e-6,0.1829816117552076
0.06021541340577325,0.4052160357363663,0.12157029952522062,0.40419711724430507,0.8072326292149506,0.06058332203876798,7.271708959301003e-23,0.06021541340577325,0.4052160357363663,0.12157029952522062,0.40419711724430507,0.8072326292149506,0.06058332203876798,7.271708959301003e-23
0.017459561600860613,0.48602167532448426,0.04457142289966595,0.39794202731858647,0.7769468681967894,0.016148932541994173,0.008076980755136196,0.017459561600860613,0.48602167532448426,0.04457142289966595,0.39794202731858647,0.7769468681967894,0.016148932541994173,0.008076980755136196
2.3118180645855468e-17,0.37754854153787437,2.791234360687411e-9,0.43555003339476334,0.8146247782309534,0.05847566431768542,0.053065324056492856,2.3118180645855468e-17,0.37754854153787437,2.791234360687411e-9,0.43555003339476334,0.8146247782309534,0.05847566431768542,0.053065324056492856
0.017244933537212473,0.4540701184713991,0.01626212314991793,0.39243490807736886,0.8013052573065814,0.05062924263307024,0.016993046880485647,0.017244933537212473,0.4540701184713991,0.01626212314991793,0.39243490807736886,0.8013052573065814,0.05062924263307024,0.016993046880485647
0.060505724519737014,0.5004393389816615,0.05834881504542994,0.3877126111840912,0.7699741407178692,5.719446901210927e-10,5.800897860724064e-22,0.060505724519737014,0.5004393389816615,0.05834881504542994,0.3877126111840912,0.7699741407178692,5.719446901210927e-10,5.800897860724064e-22
0.013159689615897667,0.38629612285361953,0.015898947207755563,0.4401485613603803,0.811279137303006,0.014012765343539298,0.016012088228150992,0.013159689615897667,0.38629612285361953,0.015898947207755563,0.4401485613603803,0.811279137303006,0.014012765343539298,0.016012088228150992
0.07662427368455677,0.40621712581137787,0.04489816184650748,0.4049036883358516,0.8146032384303028,0.017124233861547378,0.016627485219081313,0.07662427368455677,0.40621712581137787,0.04489816184650748,0.4049036883358516,0.8146032384303028,0.017124233861547378,0.016627485219081313
0.0026476908730936623,0.3998357847234804,2.036622795517026e-132,0.4488569566586316,0.7885681821342182,0.11881215262503665,0.060495081118980935,0.0026476908730936623,0.3998357847234804,2.036622795517026e-132,0.4488569566586316,0.7885681821342182,0.11881215262503665,0.060495081118980935
0.046665314742340896,0.41181732308309416,0.04685875974985005,0.41217564257671835,0.8070046576572519,0.016434861521186887,0.07611269358962403,0.046665314742340896,0.41181732308309416,0.04685875974985005,0.41217564257671835,0.8070046576572519,0.016434861521186887,0.07611269358962403
0.015082732508681633,0.40323593159953447,0.01503112807069851,0.45963660840216514,0.7872313327217881,0.07793755127803009,0.017412703256367505,0.015082732508681633,0.40323593159953447,0.01503112807069851,0.45963660840216514,0.7872313327217881,0.07793755127803009,0.017412703256367505
2.3413087252799234e-17,0.3823647319227117,0.1748847753464879,0.38237285974567187,0.8230999437971597,3.612916358452857e-11,3.3183021450438973e-32,2.3413087252799234e-17,0.3823647319227117,0.1748847753464879,0.38237285974567187,0.8230999437971597,3.612916358452857e-11,3.3183021450438973e-32
0.10626957270233672,0.40810987702416723,0.01733559982490388,0.41417986694997155,0.8068649012552532,0.016676498485096898,0.049977545315898875,0.10626957270233672,0.40810987702416723,0.01733559982490388,0.41417986694997155,0.8068649012552532,0.016676498485096898,0.049977545315898875
2.4380269573401768e-17,0.39816001789865063,0.242974120286239,0.3954751972364827,0.7916962115263956,3.131634424671154e-6,2.3958171535525674e-7,2.4380269573401768e-17,0.39816001789865063,0.242974120286239,0.3954751972364827,0.7916962115263956,3.131634424671154e-6,2.3958171535525674e-7
2.353186799911129e-17,0.3843045687212851,0.0001591624942236135,0.5000997008020667,0.7675823224515184,0.1185188780999833,1.2279960410067811e-29,2.353186799911129e-17,0.3843045687212851,0.0001591624942236135,0.5000997008020667,0.7675823224515184,0.1185188780999833,1.2279960410067811e-29
0.00007089103108249564,0.3368605066487591,3.403297227351253e-125,0.3370386658461553,0.8793230713109462,2.0300313651512183e-8,2.299992432016441e-8,0.00007089103108249564,0.3368605066487591,3.403297227351253e-125,0.3370386658461553,0.8793230713109462,2.0300313651512183e-8,2.299992432016441e-8
0.1178220073142748,0.3856687055342732,1.538590346529984e-20,0.38584085526742207,0.8307351038232194,0.05818550709644658,3.068009925613647e-26,0.1178220073142748,0.3856687055342732,1.538590346529984e-20,0.38584085526742207,0.8307351038232194,0.05818550709644658,3.068009925613647e-26
0.020061545456928155,0.45520038735585905,0.017335573190200456,0.426100659064992,0.7802616675718248,0.04722578400312756,0.016884940724408225,0.020061545456928155,0.45520038735585905,0.017335573190200456,0.426100659064992,0.7802616675718248,0.04722578400312756,0.016884940724408225
0.017090725787158634,0.39237264274228856,0.014930467177511451,0.4177244491454478,0.8219213260166705,0.04483579180808732,0.01651280048510062,0.017090725787158634,0.39237264274228856,0.014930467177511451,0.4177244491454478,0.8219213260166705,0.04483579180808732,0.01651280048510062
0.10318960070058797,0.4058895572658732,0.01764949652058377,0.40005950218420677,0.8152132062105307,0.014973740210582282,0.01712860772454939,0.10318960070058797,0.4058895572658732,0.01764949652058377,0.40005950218420677,0.8152132062105307,0.014973740210582282,0.01712860772454939
0.057644013202223086,0.37966261640194093,2.3685018204226785e-99,0.4379652301041047,0.8161277057250939,7.013597562801524e-87,0.05556423659698165,0.057644013202223086,0.37966261640194093,2.3685018204226785e-99,0.4379652301041047,0.8161277057250939,7.013597562801524e-87,0.05556423659698165
2.818387069945534e-17,0.460277538292315,0.058575569491056,0.3956944292434435,0.7899212683571366,0.0575568305909054,0.057158491216988364,2.818387069945534e-17,0.460277538292315,0.058575569491056,0.3956944292434435,0.7899212683571366,0.0575568305909054,0.057158491216988364
0.11628782902213086,0.3877543373069786,0.000045536458624574176,0.3872123746808355,0.8321466307950312,1.6245414834147841e-66,0.05780952524087895,0.11628782902213086,0.3877543373069786,0.000045536458624574176,0.3872123746808355,0.8321466307950312,1.6245414834147841e-66,0.05780952524087895
0.11386751779018084,0.39879351746474007,3.400242343871266e-64,0.4578358648404751,0.7841450302402249,1.2270284690214655e-80,0.06061836212997551,0.11386751779018084,0.39879351746474007,3.400242343871266e-64,0.4578358648404751,0.7841450302402249,1.2270284690214655e-80,0.06061836212997551
0.015789439996270322,0.4115718379635088,0.047799690508633204,0.40933838351684243,0.805614587780339,0.10692225867412816,0.01744890281907472,0.015789439996270322,0.4115718379635088,0.047799690508633204,0.40933838351684243,0.805614587780339,0.10692225867412816,0.01744890281907472
3.58817574334615e-17,0.585993569059157,1.9595220934e-314,0.3648660985909355,0.7276361463573945,1.1104457611458573e-126,1.3435033741026265e-22,3.58817574334615e-17,0.585993569059157,1.9595220934e-314,0.3648660985909355,0.7276361463573945,1.1104457611458573e-126,1.3435033741026265e-22
0.016868429230481992,0.42734933756375443,0.016441112052865612,0.39807406420879116,0.8093933354665978,0.046247772882608895,0.04648610951041036,0.016868429230481992,0.42734933756375443,0.016441112052865612,0.39807406420879116,0.8093933354665978,0.046247772882608895,0.04648610951041036
5.946378600827193e-6,0.5007525012310726,1.0349556884472071e-156,0.3844869844466721,0.7674203847542277,6.7326378571552e-147,0.11603841578202516,5.946378600827193e-6,0.5007525012310726,1.0349556884472071e-156,0.3844869844466721,0.7674203847542277,6.7326378571552e-147,0.11603841578202516
0.1213664279415494,0.4006807995205712,0.12369368061364804,0.39931173752263943,0.8063779219420397,5.0156810334354364e-98,1.3000104865262992e-18,0.1213664279415494,0.4006807995205712,0.12369368061364804,0.39931173752263943,0.8063779219420397,5.0156810334354364e-98,1.3000104865262992e-18
0.014247772407126661,0.45116885179823274,0.017503069229376205,0.4161974124847214,0.7879891623857783,0.045480355065846134,0.04665443597576435,0.014247772407126661,0.45116885179823274,0.017503069229376205,0.4161974124847214,0.7879891623857783,0.045480355065846134,0.04665443597576435
0.11671005535171829,0.39527292786950086,0.0013475802991282728,0.4573781000248002,0.787813789271899,0.05903643564336871,3.2444854243710286e-10,0.11671005535171829,0.39527292786950086,0.0013475802991282728,0.4573781000248002,0.787813789271899,0.05903643564336871,3.2444854243710286e-10
0.056727342465350716,0.5446907303015279,5.947881385288507e-23,0.3753406279147784,0.7480924544958896,3.721349217305766e-79,1.293650803203712e-26,0.056727342465350716,0.5446907303015279,5.947881385288507e-23,0.3753406279147784,0.7480924544958896,3.721349217305766e-79,1.293650803203712e-26
0.1795170957674631,0.3916741103031777,6.600139419307017e-140,0.4514144722776155,0.7822464292123272,1.1412694403378547e-7,2.102068873647716e-33,0.1795170957674631,0.3916741103031777,6.600139419307017e-140,0.4514144722776155,0.7822464292123272,1.1412694403378547e-7,2.102068873647716e-33
2.1636273565511018e-17,0.35334716230957425,0.0,0.4611487472342225,0.8144065095951385,1.2067001740729065e-7,3.620332820650852e-25,2.1636273565511018e-17,0.35334716230957425,0.0,0.4611487472342225,0.8144065095951385,1.2067001740729065e-7,3.620332820650852e-25
0.014996099884556979,0.3973949705578312,0.04833992775486696,0.4805199637976203,0.7812313660647294,2.4577248192632383e-77,0.016916436059536688,0.014996099884556979,0.3973949705578312,0.04833992775486696,0.4805199637976203,0.7812313660647294,2.4577248192632383e-77,0.016916436059536688
0.04486063137765854,0.4182479555796389,0.016363416564056356,0.39113739887238413,0.8227290989957696,0.015934702372233333,0.016471802590656403,0.04486063137765854,0.4182479555796389,0.016363416564056356,0.39113739887238413,0.8227290989957696,0.015934702372233333,0.016471802590656403
0.10912199703066716,0.42765948512054985,0.016969042629516217,0.4102779364569556,0.7980103133759567,0.016558809782193623,1.4784447756384056e-19,0.10912199703066716,0.42765948512054985,0.016969042629516217,0.4102779364569556,0.7980103133759567,0.016558809782193623,1.4784447756384056e-19
0.045580083261366804,0.4113094804367073,0.016008501470664852,0.4120814713142235,0.8069724153623923,0.04703115319601053,0.0763885039459809,0.045580083261366804,0.4113094804367073,0.016008501470664852,0.4120814713142235,0.8069724153623923,0.04703115319601053,0.0763885039459809
0.01616847106535116,0.42569370140122514,0.07417593672097164,0.397088033022128,0.8096297582692756,0.016103885803234217,0.016375741342288083,0.01616847106535116,0.42569370140122514,0.07417593672097164,0.397088033022128,0.8096297582692756,0.016103885803234217,0.016375741342288083
0.016668765236929693,0.4792716759315482,0.015209476737741607,0.4222814026339857,0.7699601705476804,0.014981866573678927,0.018193859154204864,0.016668765236929693,0.4792716759315482,0.015209476737741607,0.4222814026339857,0.7699601705476804,0.014981866573678927,0.018193859154204864
5.913347151488159e-6,0.3837008654150948,0.06083849207169874,0.38596177742358584,0.8295651458314627,8.898090524307182e-54,0.11087300555951173,5.913347151488159e-6,0.3837008654150948,0.06083849207169874,0.38596177742358584,0.8295651458314627,8.898090524307182e-54,0.11087300555951173
0.04548846886238595,0.4242083407497965,0.016300564831117345,0.4004574896811666,0.8097231679736012,0.015366194755559306,0.045666536414101844,0.04548846886238595,0.4242083407497965,0.016300564831117345,0.4004574896811666,0.8097231679736012,0.015366194755559306,0.045666536414101844
0.016443259283213916,0.47906100632421017,0.015256966942524739,0.3885785556858013,0.7900273373516327,0.016680516819719878,0.016800038689807187,0.016443259283213916,0.47906100632421017,0.015256966942524739,0.3885785556858013,0.7900273373516327,0.016680516819719878,0.016800038689807187
0.014740647179679888,0.41231981285681457,0.04716424346178682,0.4124232848696298,0.8066623039471702,0.048987578217133725,0.07877318361209748,0.014740647179679888,0.41231981285681457,0.04716424346178682,0.4124232848696298,0.8066623039471702,0.048987578217133725,0.07877318361209748
2.7681871054242336e-17,0.4520792619311222,1.324953185902946e-106,0.3914536500183695,0.7835743557510553,1.0971940531981686e-94,0.18027142487738182,2.7681871054242336e-17,0.4520792619311222,1.324953185902946e-106,0.3914536500183695,0.7835743557510553,1.0971940531981686e-94,0.18027142487738182
0.01638584984699425,0.42683354506502524,0.048059486886812976,0.3980282067050241,0.8096263911559684,0.04657054090793279,0.01587980992570745,0.01638584984699425,0.42683354506502524,0.048059486886812976,0.3980282067050241,0.8096263911559684,0.04657054090793279,0.01587980992570745
0.01460578914802156,0.3849193261348696,0.043747758346054745,0.3858124268567268,0.8380032650019457,0.0158087310108159,0.016471658817906736,0.01460578914802156,0.3849193261348696,0.043747758346054745,0.3858124268567268,0.8380032650019457,0.0158087310108159,0.016471658817906736
3.076730766438669e-17,0.5024682657205014,0.05677989439486016,0.3865367017216784,0.7698256031257406,0.05897063896014228,1.4790738907559846e-6,3.076730766438669e-17,0.5024682657205014,0.05677989439486016,0.3865367017216784,0.7698256031257406,0.05897063896014228,1.4790738907559846e-6
3.070335400201894e-17,0.5014238231528602,3.0401387199291724e-18,0.38195132995554376,0.7682327057346826,0.1177409804933775,2.218467143465737e-35,3.070335400201894e-17,0.5014238231528602,3.0401387199291724e-18,0.38195132995554376,0.7682327057346826,0.1177409804933775,2.218467143465737e-35
0.017136001842902187,0.398673446649431,0.015971896155524475,0.3937337825294768,0.8269659187180893,0.01605482454648468,0.07456407671914599,0.017136001842902187,0.398673446649431,0.015971896155524475,0.3937337825294768,0.8269659187180893,0.01605482454648468,0.07456407671914599
0.07650360961190904,0.40529435921680873,0.016303950687956453,0.4375650790248995,0.79809288901307,0.016375373441392362,0.04462692185183403,0.07650360961190904,0.40529435921680873,0.016303950687956453,0.4375650790248995,0.79809288901307,0.016375373441392362,0.04462692185183403
0.015877134627254284,0.4591886273435237,0.01826900788924904,0.3992885036548998,0.7895401367234589,0.015204656403502846,0.07634792994662962,0.015877134627254284,0.4591886273435237,0.01826900788924904,0.3992885036548998,0.7895401367234589,0.015204656403502846,0.07634792994662962
5.696629737819803e-6,0.36919477882833884,0.05495792368724106,0.366935904111336,0.8509742920491524,2.2702239001912173e-7,0.05376894604456883,5.696629737819803e-6,0.36919477882833884,0.05495792368724106,0.366935904111336,0.8509742920491524,2.2702239001912173e-7,0.05376894604456883
2.6761256753969208e-17,0.4370444894413873,0.05555703961820584,0.37514731888570985,0.8139688138310616,1.0888304463410591e-79,0.05499362445965828,2.6761256753969208e-17,0.4370444894413873,0.05555703961820584,0.37514731888570985,0.8139688138310616,1.0888304463410591e-79,0.05499362445965828
2.1510727472531592e-18,5.9828835713141e-17,1.0342774881294912e-17,3.031288396398268e-22,1.6765548197046108e-23,7.641346175071339e-18,1.0000107221668189,2.1510727472531592e-18,5.9828835713141e-17,1.0342774881294912e-17,3.031288396398268e-22,1.6765548197046108e-23,7.641346175071339e-18,1.0000107221668189
0.044899836804482215,0.4034672404309465,0.01566257248193256,0.4042225927714072,0.8167233200080146,0.017246614856722207,0.07877837574821618,0.044899836804482215,0.4034672404309465,0.01566257248193256,0.4042225927714072,0.8167233200080146,0.017246614856722207,0.07877837574821618
0.07141639503244097,0.41217792565045763,0.01609928575830241,0.4071385856679431,0.8086540824172127,0.07677553941573098,0.01630483470090511,0.07141639503244097,0.41217792565045763,0.01609928575830241,0.4071385856679431,0.8086540824172127,0.07677553941573098,0.01630483470090511
0.059583685640053036,0.38387352345683495,8.422468453840838e-7,0.5037777468615522,0.7699833310596029,4.9015948508777256e-6,0.055714857468339624,0.059583685640053036,0.38387352345683495,8.422468453840838e-7,0.5037777468615522,0.7699833310596029,4.9015948508777256e-6,0.055714857468339624
0.01847094604018796,0.393969685352965,0.04553645785382076,0.3920195322838397,0.8291147944361843,0.04465837266974932,0.015879014682066806,0.01847094604018796,0.393969685352965,0.04553645785382076,0.3920195322838397,0.8291147944361843,0.04465837266974932,0.015879014682066806
0.04280926687399491,0.39901665541025416,0.015609957775765751,0.4268051990401608,0.8096073859815769,0.04729754948012598,0.01587092212777797,0.04280926687399491,0.39901665541025416,0.015609957775765751,0.4268051990401608,0.8096073859815769,0.04729754948012598,0.01587092212777797
0.01679281469628988,0.45147292605841344,0.016684545736950877,0.4505819917023794,0.7701575222572697,0.01630817606970376,0.01716537460733464,0.01679281469628988,0.45147292605841344,0.016684545736950877,0.4505819917023794,0.7701575222572697,0.01630817606970376,0.01716537460733464
2.3942454409830344e-17,0.3910099536699073,2.7915971945570347e-200,0.4508291191809352,0.7823208696683953,9.481192895823799e-7,0.17930853662147264,2.3942454409830344e-17,0.3910099536699073,2.7915971945570347e-200,0.4508291191809352,0.7823208696683953,9.481192895823799e-7,0.17930853662147264
0.18409436535081264,0.40181258810974957,1.7026598758184902e-92,0.40078484262695036,0.801196752663266,0.05944220861461821,3.0317447969381146e-26,0.18409436535081264,0.40181258810974957,1.7026598758184902e-92,0.40078484262695036,0.801196752663266,0.05944220861461821,3.0317447969381146e-26
0.016993699544713522,0.4471940229740889,0.017781923672910704,0.41776460827235984,0.7914422366733944,0.016622601513182456,0.016816466176259016,0.016993699544713522,0.4471940229740889,0.017781923672910704,0.41776460827235984,0.7914422366733944,0.016622601513182456,0.016816466176259016
0.04913654832652226,0.4287615619428224,0.01881930267807111,0.4286791870597877,0.7934140447607098,0.045139161246638776,0.016010977754867962,0.04913654832652226,0.4287615619428224,0.01881930267807111,0.4286791870597877,0.7934140447607098,0.045139161246638776,0.016010977754867962
0.061980935388376596,0.4576019101578874,0.06235891320054769,0.398002914747234,0.7882824909966227,1.6904010349195477e-15,0.05916817563624803,0.061980935388376596,0.4576019101578874,0.06235891320054769,0.398002914747234,0.7882824909966227,1.6904010349195477e-15,0.05916817563624803
0.0005407221678315809,0.39299078327076303,0.0717137614141204,0.4508941284747992,0.7873446013913604,0.0001210464340093224,0.13183092656725862,0.0005407221678315809,0.39299078327076303,0.0717137614141204,0.4508941284747992,0.7873446013913604,0.0001210464340093224,0.13183092656725862
0.10696265803549235,0.4031051368962172,0.017696791679998276,0.43524586768324064,0.7983078690911003,0.015467335925960944,3.8767545048947333e-19,0.10696265803549235,0.4031051368962172,0.017696791679998276,0.43524586768324064,0.7983078690911003,0.015467335925960944,3.8767545048947333e-19
0.07630529935696037,0.4113434365941078,0.07822050405902403,0.4093137008420903,0.8074459152784565,0.018178318802918293,0.01622636987021933,0.07630529935696037,0.4113434365941078,0.07822050405902403,0.4093137008420903,0.8074459152784565,0.018178318802918293,0.01622636987021933
0.047585970217749914,0.41111097735534635,0.046153537294811336,0.41131948900980536,0.807169426685474,0.07748277039943219,0.016525065270377278,0.047585970217749914,0.41111097735534635,0.046153537294811336,0.41131948900980536,0.807169426685474,0.07748277039943219,0.016525065270377278
0.0030037265730149575,0.45360180964514,2.310488007595324e-132,0.3944359487537408,0.7885628455366672,0.11881134856945985,0.060509940952903025,0.0030037265730149575,0.45360180964514,2.310488007595324e-132,0.3944359487537408,0.7885628455366672,0.11881134856945985,0.060509940952903025
0.016918433555732092,0.4073673214466988,0.01465193789605439,0.43450484182850224,0.7961776093286793,0.10651081854348055,0.016776812007510567,0.016918433555732092,0.4073673214466988,0.01465193789605439,0.43450484182850224,0.7961776093286793,0.10651081854348055,0.016776812007510567
0.017648490511322775,0.39980635234074796,0.015306716965501373,0.42958049501219575,0.8125098438027731,0.04548037654402731,0.04457303124137763,0.017648490511322775,0.39980635234074796,0.015306716965501373,0.42958049501219575,0.8125098438027731,0.04548037654402731,0.04457303124137763
0.017174421974497922,0.3979716542686506,0.04589764014409847,0.4277341500165143,0.8091227430197009,0.016354366928771933,0.04542740978421027,0.017174421974497922,0.3979716542686506,0.04589764014409847,0.4277341500165143,0.8091227430197009,0.016354366928771933,0.04542740978421027
0.01858229545004776,0.43878018078466047,0.10641290381044757,0.40415101675092757,0.7957231040794843,0.017015478128497574,0.016564215956522646,0.01858229545004776,0.43878018078466047,0.10641290381044757,0.40415101675092757,0.7957231040794843,0.017015478128497574,0.016564215956522646
2.3702933082515194e-17,0.3870982735433286,1.827980819291151e-126,0.504936252966401,0.7706329843381757,0.05954530319415749,0.06055143570018381,2.3702933082515194e-17,0.3870982735433286,1.827980819291151e-126,0.504936252966401,0.7706329843381757,0.05954530319415749,0.06055143570018381
0.000265819253808462,0.40720261588485657,0.1187993210520799,0.40452925415928753,0.8063188629215395,0.059300411554739973,0.0650858717644115,0.000265819253808462,0.40720261588485657,0.1187993210520799,0.40452925415928753,0.8063188629215395,0.059300411554739973,0.0650858717644115
2.3718422602375296e-18,6.118698346191664e-17,1.0000097514103232,3.826190263891722e-68,0.0,6.770760838102454e-73,4.152490972255104e-22,2.3718422602375296e-18,6.118698346191664e-17,1.0000097514103232,3.826190263891722e-68,0.0,6.770760838102454e-73,4.152490972255104e-22
2.8713593674678998e-8,0.408862752854113,1.8895779247501106e-18,0.40790445079018084,0.819415059785601,1.469411555892848e-89,2.8655838382507182e-9,2.8713593674678998e-8,0.408862752854113,1.8895779247501106e-18,0.40790445079018084,0.819415059785601,1.469411555892848e-89,2.8655838382507182e-9
0.04759284544811388,0.41065270772065854,0.07803209350259448,0.41273626030624866,0.8072020140096627,0.016442964014057277,0.04646752877325333,0.04759284544811388,0.41065270772065854,0.07803209350259448,0.41273626030624866,0.8072020140096627,0.016442964014057277,0.04646752877325333
0.018009833006317692,0.4104403848406346,0.07887697375247933,0.4110333293634936,0.8086529767278564,0.01629304446430814,0.07464415461917752,0.018009833006317692,0.4104403848406346,0.07887697375247933,0.4110333293634936,0.8086529767278564,0.01629304446430814,0.07464415461917752
0.04579896491651225,0.4123704702984362,0.04689644261032347,0.4121663751261293,0.8074152599459657,0.04781549339995745,0.04673009159477236,0.04579896491651225,0.4123704702984362,0.04689644261032347,0.4121663751261293,0.8074152599459657,0.04781549339995745,0.04673009159477236
0.016884890719775256,0.43840199113431916,0.01744893714348326,0.4073999453612294,0.7965967432950158,0.07605328101175242,0.04691040176081646,0.016884890719775256,0.43840199113431916,0.01744893714348326,0.4073999453612294,0.7965967432950158,0.07605328101175242,0.04691040176081646
0.07503683437545082,0.40847729890913,0.046725850414162114,0.43754209868239646,0.801506693725696,0.016910365677712105,0.015891715808026962,0.07503683437545082,0.40847729890913,0.046725850414162114,0.43754209868239646,0.801506693725696,0.016910365677712105,0.015891715808026962
2.29115300458308e-17,0.3741736811263901,4.570775925974491e-109,0.5460850602100756,0.747448965656052,6.064415597744627e-76,0.05903028931363617,2.29115300458308e-17,0.3741736811263901,4.570775925974491e-109,0.5460850602100756,0.747448965656052,6.064415597744627e-76,0.05903028931363617
0.06045401863979146,0.40387945290668587,1.6722083206713686e-90,0.4058009709231886,0.8088974910978185,0.1179496582423065,0.04708231112147181,0.06045401863979146,0.40387945290668587,1.6722083206713686e-90,0.4058009709231886,0.8088974910978185,0.1179496582423065,0.04708231112147181
0.01721913479804311,0.40265410668184887,0.07529851762596025,0.46319698970996537,0.7864971624481929,0.01624038713954689,0.01579850715263727,0.01721913479804311,0.40265410668184887,0.07529851762596025,0.46319698970996537,0.7864971624481929,0.01624038713954689,0.01579850715263727
0.017026031474173687,0.445015843308277,0.08239091452634925,0.39224118986535395,0.8005423997759432,0.01628472379929843,0.04469260810191113,0.017026031474173687,0.445015843308277,0.08239091452634925,0.39224118986535395,0.8005423997759432,0.01628472379929843,0.04469260810191113
0.017951951731806713,0.4599873890720061,1.5389597204457592e-125,0.4499641030859204,0.7816572807961464,0.015098993043286768,9.688702702854266e-19,0.017951951731806713,0.4599873890720061,1.5389597204457592e-125,0.4499641030859204,0.7816572807961464,0.015098993043286768,9.688702702854266e-19
