f_1,f_2,f_3,f_4,f_5,f_6,f_7,f_1_min,f_2_min,f_3_min,f_4_min,f_5_min,f_6_min,f_7_min
0.07417600183013423,0.04530066221432323,0.4898497227239421,0.519609228088775,0.49437581984609763,0.49160533518351374,0.015359803139559817,0.07417600183013423,0.04530066221432323,0.4898497227239421,0.519609228088775,0.49437581984609763,0.49160533518351374,0.015359803139559817
0.016217443726157958,0.016215792528686733,0.5266861137256578,0.47025768402203694,0.47133659764451175,0.5286017031658005,0.016448483628747193,0.016217443726157958,0.016215792528686733,0.5266861137256578,0.47025768402203694,0.47133659764451175,0.5286017031658005,0.016448483628747193
0.04518633457496563,0.04536593495990699,0.4830934358257678,0.5129328287656455,0.48523859778486195,0.5137428147814658,0.016030890742455423,0.04518633457496563,0.04536593495990699,0.4830934358257678,0.5129328287656455,0.48523859778486195,0.5137428147814658,0.016030890742455423
1.1806999839665961e-17,2.905704569533943e-17,0.5122173268615701,0.4558781136530687,0.5137090903364517,0.5130663026682323,0.05696180943552163,1.1806999839665961e-17,2.905704569533943e-17,0.5122173268615701,0.4558781136530687,0.5137090903364517,0.5130663026682323,0.05696180943552163
1.9971823746834806e-17,2.060440574157708e-17,0.4686284005080646,0.5001731425762996,0.555793900466389,0.47054154104160134,5.509750629768126e-6,1.9971823746834806e-17,2.060440574157708e-17,0.4686284005080646,0.5001731425762996,0.555793900466389,0.47054154104160134,5.509750629768126e-6
0.04582217314553694,0.04608703749231297,0.4833466372641189,0.5131245480328791,0.51463520949987,0.4838599091895463,0.01646778659583976,0.04582217314553694,0.04608703749231297,0.4833466372641189,0.5131245480328791,0.51463520949987,0.4838599091895463,0.01646778659583976
0.016465517650330254,0.0452990367302016,0.4767467424692422,0.47675421911657095,0.5358852240900827,0.5064965725918912,0.01650654662677156,0.016465517650330254,0.0452990367302016,0.4767467424692422,0.47675421911657095,0.5358852240900827,0.5064965725918912,0.01650654662677156
0.04649751882911836,0.04667880533099232,0.5127715659851227,0.4833630721480306,0.4852636501214584,0.5135242812508055,0.016505801219616378,0.04649751882911836,0.04667880533099232,0.5127715659851227,0.4833630721480306,0.4852636501214584,0.5135242812508055,0.016505801219616378
0.05728081936561533,0.0,0.5103777176327252,0.4542253989210631,0.455463125661657,0.5684157381160646,0.0,0.05728081936561533,0.0,0.5103777176327252,0.4542253989210631,0.455463125661657,0.5684157381160646,0.0
0.015382104869488883,0.01581947098241777,0.4702551894234047,0.49870176936718413,0.4713720068256998,0.558774659848905,0.004904597061262446,0.015382104869488883,0.01581947098241777,0.4702551894234047,0.49870176936718413,0.4713720068256998,0.558774659848905,0.004904597061262446
0.11641650363590839,0.0,0.4659318865757239,0.4664119471637059,0.5257240589320071,0.5250425851223602,0.0,0.11641650363590839,0.0,0.4659318865757239,0.4664119471637059,0.5257240589320071,0.5250425851223602,0.0
0.044863440509993704,0.017028383998207445,0.47572918053538166,0.47584265470787507,0.47723125065201166,0.5634493757944424,0.016121994554058546,0.044863440509993704,0.017028383998207445,0.47572918053538166,0.47584265470787507,0.47723125065201166,0.5634493757944424,0.016121994554058546
1.000023550511161,0.0,0.0,0.0,0.0,0.0,0.0,1.000023550511161,0.0,0.0,0.0,0.0,0.0,0.0
0.01673594119009486,0.04581377500366688,0.5127147446967901,0.4842345215321231,0.4848623338822261,0.5137038464568975,0.04623802466983765,0.01673594119009486,0.04581377500366688,0.5127147446967901,0.4842345215321231,0.4848623338822261,0.5137038464568975,0.04623802466983765
0.06112925973506881,0.0,0.4895430323049776,0.49102397479881293,0.49143455610336884,0.4907910774254815,0.18337080961715183,0.06112925973506881,0.0,0.4895430323049776,0.49102397479881293,0.49143455610336884,0.4907910774254815,0.18337080961715183
3.179874470441019e-17,1.1411477601720308e-17,0.5517402291182064,0.5519446760467646,0.44292092386886656,0.4419442622621691,0.0,3.179874470441019e-17,1.1411477601720308e-17,0.5517402291182064,0.5519446760467646,0.44292092386886656,0.4419442622621691,0.0
0.04595976683711295,0.016815713298963458,0.4831544798458211,0.48424565145467763,0.5142142094326856,0.5132908575425216,0.04590994115461229,0.04595976683711295,0.016815713298963458,0.4831544798458211,0.48424565145467763,0.5142142094326856,0.5132908575425216,0.04590994115461229
1.0921081317273875e-17,0.17835479298810983,0.4758383445522608,0.47605664953016663,0.4775073028858019,0.5362786227332352,0.0,1.0921081317273875e-17,0.17835479298810983,0.4758383445522608,0.47605664953016663,0.4775073028858019,0.5362786227332352,0.0
0.056816341581836925,2.039684372704863e-6,0.5098365276711991,0.5678470055549217,0.45566374250467073,0.45505871567362266,0.0,0.056816341581836925,2.039684372704863e-6,0.5098365276711991,0.5678470055549217,0.45566374250467073,0.45505871567362266,0.0
3.5068151143238e-18,0.05727063699942516,0.5122261154894932,0.5127393105860696,0.5140686608726193,0.4561475518435879,0.0,3.5068151143238e-18,0.05727063699942516,0.5122261154894932,0.5127393105860696,0.5140686608726193,0.4561475518435879,0.0
3.46027180365783e-18,0.05651052705264907,0.4514454542174542,0.4516598466160528,0.452350571622568,0.6209194963955625,0.0,3.46027180365783e-18,0.05651052705264907,0.4514454542174542,0.4516598466160528,0.452350571622568,0.6209194963955625,0.0
0.046438092936319196,0.0753859183828001,0.5185718247002902,0.4906868785218181,0.492484273806029,0.4898439357514964,0.016713396262333313,0.046438092936319196,0.0753859183828001,0.5185718247002902,0.4906868785218181,0.492484273806029,0.4898439357514964,0.016713396262333313
0.12217918255530599,0.0,0.4912379772747838,0.4920617573901203,0.494386924167861,0.4927660375910648,0.12340265830497273,0.12217918255530599,0.0,0.4912379772747838,0.4920617573901203,0.494386924167861,0.4927660375910648,0.12340265830497273
0.04540694830639748,0.016631968789336465,0.47652345562110676,0.5056250526613925,0.5358084642259111,0.4776894438463048,0.016252148632828516,0.04540694830639748,0.016631968789336465,0.47652345562110676,0.5056250526613925,0.5358084642259111,0.4776894438463048,0.016252148632828516
0.07190508081930935,0.014904706972531559,0.4844784405776698,0.5120330554896276,0.4837400744438821,0.5136955677147086,0.016239537343823916,0.07190508081930935,0.014904706972531559,0.4844784405776698,0.5120330554896276,0.4837400744438821,0.5136955677147086,0.016239537343823916
0.01720190664267098,0.07446148423156698,0.4832765641768124,0.5138396077422671,0.4858467177364477,0.5133715312039668,0.015975081387193862,0.01720190664267098,0.07446148423156698,0.4832765641768124,0.5138396077422671,0.4858467177364477,0.5133715312039668,0.015975081387193862
0.01543220676867107,0.04377571247418451,0.47615210298022015,0.476022595474465,0.47685109226613853,0.5634186187772838,0.014985938059570117,0.01543220676867107,0.04377571247418451,0.47615210298022015,0.476022595474465,0.47685109226613853,0.5634186187772838,0.014985938059570117
0.014601514696383164,0.014585498204968371,0.5554374616543728,0.4980386110984637,0.4713878086938939,0.46997523808904257,0.01614182075995348,0.014601514696383164,0.014585498204968371,0.5554374616543728,0.4980386110984637,0.4713878086938939,0.46997523808904257,0.01614182075995348
0.016243913720834006,0.045388720544206354,0.47631590862121076,0.5350324922761657,0.506612605169084,0.47733709007891656,0.01650755498592155,0.016243913720834006,0.045388720544206354,0.47631590862121076,0.5350324922761657,0.506612605169084,0.47733709007891656,0.01650755498592155
0.016355512475557415,0.01653689161520694,0.48428807892542497,0.5145520859628736,0.5130273282907949,0.48402775961144706,0.07566213060090556,0.016355512475557415,0.01653689161520694,0.48428807892542497,0.5145520859628736,0.5130273282907949,0.48402775961144706,0.07566213060090556
0.11631008790836117,3.167902030827595e-6,0.5238785186172966,0.4667686287217794,0.5265971262762281,0.46656197288332446,0.00014806644716120198,0.11631008790836117,3.167902030827595e-6,0.5238785186172966,0.4667686287217794,0.5265971262762281,0.46656197288332446,0.00014806644716120198
0.0006716062439552565,0.00014377172987865472,0.4760681601680963,0.47620569893225345,0.4776636356540757,0.5358858950681943,0.1780086701903795,0.0006716062439552565,0.00014377172987865472,0.4760681601680963,0.47620569893225345,0.4776636356540757,0.5358858950681943,0.1780086701903795
0.04813403173872475,0.017497761883027433,0.5099012471039435,0.49016187463044153,0.5298032133888064,0.48092368431105414,0.02053691635524293,0.04813403173872475,0.017497761883027433,0.5099012471039435,0.49016187463044153,0.5298032133888064,0.48092368431105414,0.02053691635524293
0.07537827152215185,0.04642479574424852,0.4910110768479551,0.4893060199599072,0.5221955484453378,0.4913980858985437,0.016509885246275356,0.07537827152215185,0.04642479574424852,0.4910110768479551,0.4893060199599072,0.5221955484453378,0.4913980858985437,0.016509885246275356
3.765479042197318e-18,0.06149493951756525,0.467240343114735,0.5260298256602876,0.5274551368392387,0.46980888908304513,0.05768971291199687,3.765479042197318e-18,0.06149493951756525,0.467240343114735,0.5260298256602876,0.5274551368392387,0.46980888908304513,0.05768971291199687
0.07649496541468208,0.015919495463690515,0.5116325151509,0.4840166060475061,0.4852476795439409,0.5125274149247051,0.01532647049906293,0.07649496541468208,0.015919495463690515,0.5116325151509,0.4840166060475061,0.4852476795439409,0.5125274149247051,0.01532647049906293
0.057066786796242705,0.0,0.5120840624288521,0.5124275170600282,0.45694725168372524,0.513112996278226,0.0,0.057066786796242705,0.0,0.5120840624288521,0.5124275170600282,0.45694725168372524,0.513112996278226,0.0
0.05954311285631269,0.060526077729966675,0.5409529821363422,0.4805827854209901,0.48360249026565916,0.4816946124572969,0.05951597617514669,0.05954311285631269,0.060526077729966675,0.5409529821363422,0.4805827854209901,0.48360249026565916,0.4816946124572969,0.05951597617514669
1.2709440012630803e-17,2.3963692898895356e-17,0.44299173639285583,0.5545086154666212,0.5003713956994117,0.49933360518063197,0.0,1.2709440012630803e-17,2.3963692898895356e-17,0.44299173639285583,0.5545086154666212,0.5003713956994117,0.49933360518063197,0.0
0.016495033267796423,0.01612229197116979,0.46983741721759986,0.5552380634400751,0.47129531492487714,0.4986966620205704,0.01622190520317189,0.016495033267796423,0.01612229197116979,0.46983741721759986,0.5552380634400751,0.47129531492487714,0.4986966620205704,0.01622190520317189
0.11676032584083444,0.0,0.46609260887553505,0.5248633896777398,0.5262355205734386,0.4669818051002014,0.0,0.11676032584083444,0.0,0.46609260887553505,0.5248633896777398,0.5262355205734386,0.4669818051002014,0.0
0.01632830466140099,0.044847014661135484,0.4768226059593985,0.5062833878169871,0.5074704772291525,0.506594062601696,0.016658202126926758,0.01632830466140099,0.044847014661135484,0.4768226059593985,0.5062833878169871,0.5074704772291525,0.506594062601696,0.016658202126926758
0.016844976892491204,0.044801522740942575,0.47660525284026134,0.477354700702973,0.5070505277613621,0.5348563799263344,0.01605800787149622,0.016844976892491204,0.044801522740942575,0.47660525284026134,0.477354700702973,0.5070505277613621,0.5348563799263344,0.01605800787149622
0.07561081833592918,0.01669344676010615,0.4891144005787213,0.4899392554043336,0.4925261012520358,0.5208667174549857,0.04634550613855327,0.07561081833592918,0.01669344676010615,0.4891144005787213,0.4899392554043336,0.4925261012520358,0.5208667174549857,0.04634550613855327
0.01602889243491295,0.01609387957974823,0.4996706699484255,0.47150103479825084,0.5002919955956625,0.5267796971196562,0.016101443376178498,0.01602889243491295,0.01609387957974823,0.4996706699484255,0.47150103479825084,0.5002919955956625,0.5267796971196562,0.016101443376178498
0.055810704229275386,0.05821603634610637,0.4800388417553138,0.4817658027561064,0.48340892447229633,0.5433030227184492,0.060661010345213255,0.055810704229275386,0.05821603634610637,0.4800388417553138,0.4817658027561064,0.48340892447229633,0.5433030227184492,0.060661010345213255
2.1205521335766692e-20,0.00034631244454369703,0.4953568911216061,0.6058689357203703,0.44051690925565623,0.4402974203489698,0.0,2.1205521335766692e-20,0.00034631244454369703,0.4953568911216061,0.6058689357203703,0.44051690925565623,0.4402974203489698,0.0
3.4865741004126694e-18,0.05694007615649114,0.5101732482502696,0.4546930421100191,0.45526919791309844,0.5681557696846157,0.0,3.4865741004126694e-18,0.05694007615649114,0.5101732482502696,0.4546930421100191,0.45526919791309844,0.5681557696846157,0.0
7.101761855744274e-18,0.11598057269555268,0.581346134470857,0.46507861768882236,0.46687149872753353,0.4646728518699881,8.610722114986488e-7,7.101761855744274e-18,0.11598057269555268,0.581346134470857,0.46507861768882236,0.46687149872753353,0.4646728518699881,8.610722114986488e-7
2.183819282612883e-7,0.00023393029775863164,0.6047523227542654,0.4407135841212224,0.4416778724619715,0.4958687608593317,0.0,2.183819282612883e-7,0.00023393029775863164,0.6047523227542654,0.4407135841212224,0.4416778724619715,0.4958687608593317,0.0
0.016123836206771304,0.07471353920282811,0.5404066863170504,0.48301794217743194,0.48371881211312895,0.4846776644844751,0.016170105612007078,0.016123836206771304,0.07471353920282811,0.5404066863170504,0.48301794217743194,0.48371881211312895,0.4846776644844751,0.016170105612007078
1.9194046998063675e-17,2.007933232055039e-17,0.4536414480641041,0.45408698072030806,0.5127675240114228,0.5675432680950735,0.05646792470958285,1.9194046998063675e-17,2.007933232055039e-17,0.4536414480641041,0.45408698072030806,0.5127675240114228,0.5675432680950735,0.05646792470958285
0.05917656476673011,0.0,0.4659233112622436,0.4663219553501022,0.5844812981208384,0.46644207775653806,0.05428273424669364,0.05917656476673011,0.0,0.4659233112622436,0.4663219553501022,0.5844812981208384,0.46644207775653806,0.05428273424669364
2.6437331245543273e-17,5.0417035616668075e-18,0.4395352933646631,0.6054022683252301,0.4413177225200013,0.49556053221514534,0.0,2.6437331245543273e-17,5.0417035616668075e-18,0.4395352933646631,0.6054022683252301,0.4413177225200013,0.49556053221514534,0.0
7.35646618553669e-18,0.12014021006968781,0.47995580652099,0.5401622994433698,0.48054592348068426,0.4800603550102286,0.059650495897321236,7.35646618553669e-18,0.12014021006968781,0.47995580652099,0.5401622994433698,0.48054592348068426,0.4800603550102286,0.059650495897321236
0.0757461077522976,0.016267885048325798,0.5195268961472909,0.48949117147243765,0.491897352338794,0.4906080107511878,0.046176999734583155,0.0757461077522976,0.016267885048325798,0.5195268961472909,0.48949117147243765,0.491897352338794,0.4906080107511878,0.046176999734583155
0.01618751338898383,0.01627074623034379,0.4684286586349491,0.46862007722259535,0.5835010494548664,0.46887383031067786,0.016193298043040885,0.01618751338898383,0.01627074623034379,0.4684286586349491,0.46862007722259535,0.5835010494548664,0.46887383031067786,0.016193298043040885
2.8574423934430866e-17,1.0727877742889515e-17,0.4984601024585316,0.5534703338628055,0.49939907926154675,0.4432865918151603,1.5613642001614842e-10,2.8574423934430866e-17,1.0727877742889515e-17,0.4984601024585316,0.5534703338628055,0.49939907926154675,0.4432865918151603,1.5613642001614842e-10
7.166196341614696e-18,0.11703286770690262,0.5242215456281418,0.5248135153052617,0.4674783957930101,0.4670315532593773,0.0,7.166196341614696e-18,0.11703286770690262,0.5242215456281418,0.5248135153052617,0.4674783957930101,0.4670315532593773,0.0
7.119997635941524e-18,0.11627838558674623,0.46485348437928947,0.46564348986192333,0.46616063447920136,0.5820744172230927,0.0,7.119997635941524e-18,0.11627838558674623,0.46485348437928947,0.46564348986192333,0.46616063447920136,0.5820744172230927,0.0
1.093857412849514e-17,0.17864047227512458,0.47600272726304127,0.476111132614492,0.5371062536786422,0.4762194303697016,0.0,1.093857412849514e-17,0.17864047227512458,0.47600272726304127,0.476111132614492,0.5371062536786422,0.4762194303697016,0.0
2.1065882050571134e-17,2.2035708109132783e-17,0.49786013348948427,0.4982595557392515,0.5552646818562902,0.4436627299322091,6.65575447275935e-9,2.1065882050571134e-17,2.2035708109132783e-17,0.49786013348948427,0.4982595557392515,0.5552646818562902,0.4436627299322091,6.65575447275935e-9
0.015914244015142295,0.016480804475158328,0.4691647642705569,0.5266817130968237,0.47211426950901386,0.5283197210255266,0.016030930934155672,0.015914244015142295,0.016480804475158328,0.4691647642705569,0.5266817130968237,0.47211426950901386,0.5283197210255266,0.016030930934155672
0.05756679453680972,0.0,0.5673957577136878,0.4545865294036919,0.456091108812681,0.511970546692843,0.0,0.05756679453680972,0.0,0.5673957577136878,0.4545865294036919,0.456091108812681,0.511970546692843,0.0
0.016200937767715584,0.04541463235839285,0.4835897603430074,0.48377351540371416,0.5143532691934872,0.5130373265931142,0.0457688111592628,0.016200937767715584,0.04541463235839285,0.4835897603430074,0.48377351540371416,0.5143532691934872,0.5130373265931142,0.0457688111592628
2.2363993243382406e-17,1.782919607569597e-17,0.46709298162217244,0.5261101623223006,0.4688600749769851,0.5263318961517762,0.1171971648666083,2.2363993243382406e-17,1.782919607569597e-17,0.46709298162217244,0.5261101623223006,0.4688600749769851,0.5263318961517762,0.1171971648666083
0.04581964244140883,0.04590532825193604,0.4825567745691598,0.5419437384851873,0.48475614239947384,0.48385343013338233,0.01672918041759027,0.04581964244140883,0.04590532825193604,0.4825567745691598,0.5419437384851873,0.48475614239947384,0.48385343013338233,0.01672918041759027
8.674052302777534e-18,2.652280027829436e-17,0.45572589494232235,0.5136624527690744,0.5143182340636704,0.51351412107556,0.057249366810509836,8.674052302777534e-18,2.652280027829436e-17,0.45572589494232235,0.5136624527690744,0.5143182340636704,0.51351412107556,0.057249366810509836
0.015647306755611674,0.016592510969540536,0.5063501130730563,0.5062579997486741,0.4786970880489929,0.505870899766136,0.045390145307670916,0.015647306755611674,0.016592510969540536,0.5063501130730563,0.5062579997486741,0.4786970880489929,0.505870899766136,0.045390145307670916
2.698913045052243e-17,2.398705042030945e-18,0.44250334545551195,0.49818055055687394,0.5546538639127067,0.498409068512638,0.0,2.698913045052243e-17,2.398705042030945e-18,0.44250334545551195,0.49818055055687394,0.5546538639127067,0.498409068512638,0.0
3.4133106782626216e-18,0.05574359367352451,0.5105531493093273,0.5685052731084186,0.4555404358766718,0.4538346605489266,1.0535906115724125e-6,3.4133106782626216e-18,0.05574359367352451,0.5105531493093273,0.5685052731084186,0.4555404358766718,0.4538346605489266,1.0535906115724125e-6
0.045108675960996866,0.01625188540739001,0.4765385622021564,0.5345642575329582,0.47839257543898256,0.5059891436712715,0.016611749831296506,0.045108675960996866,0.01625188540739001,0.4765385622021564,0.5345642575329582,0.47839257543898256,0.5059891436712715,0.016611749831296506
8.173089593949728e-10,9.692363344877926e-8,0.46417482982172004,0.4646685698378123,0.582371948388216,0.4650954428136476,0.11649384538083704,8.173089593949728e-10,9.692363344877926e-8,0.46417482982172004,0.4646685698378123,0.582371948388216,0.4650954428136476,0.11649384538083704
3.639221309189374e-18,0.05943299425962067,0.5402169636858936,0.48067121254659523,0.48155528647768137,0.48060809939032256,0.12013667300005079,3.639221309189374e-18,0.05943299425962067,0.5402169636858936,0.48067121254659523,0.48155528647768137,0.48060809939032256,0.12013667300005079
0.01633288292863763,0.016218848739699865,0.47018008758812935,0.4704535272986809,0.5287485942822528,0.5272293843514845,0.015063317027516407,0.01633288292863763,0.016218848739699865,0.47018008758812935,0.4704535272986809,0.5287485942822528,0.5272293843514845,0.015063317027516407
0.056944621401409476,1.7752050742665487e-6,0.5118463975651958,0.5129478788563061,0.5139112338375053,0.4557460370613797,0.0,0.056944621401409476,1.7752050742665487e-6,0.5118463975651958,0.5129478788563061,0.5139112338375053,0.4557460370613797,0.0
2.7459824848977382e-17,9.74192078521223e-18,0.47583834163118793,0.47656415827083026,0.5371490920003028,0.4766549220819179,0.17873791452577897,2.7459824848977382e-17,9.74192078521223e-18,0.47583834163118793,0.47656415827083026,0.5371490920003028,0.4766549220819179,0.17873791452577897
3.473572794912631e-18,0.05672774872446598,0.4530936918095162,0.4549049111369293,0.5118557537433153,0.5686240348975111,0.0,3.473572794912631e-18,0.05672774872446598,0.4530936918095162,0.4549049111369293,0.5118557537433153,0.5686240348975111,0.0
3.581903141845631e-18,0.05849691754944351,0.5260968564206152,0.4675906455727999,0.528209660986304,0.46841054848927044,0.057589165143846745,3.581903141845631e-18,0.05849691754944351,0.5260968564206152,0.4675906455727999,0.528209660986304,0.46841054848927044,0.057589165143846745
0.015809102181621956,0.015737393007110235,0.5274619267679768,0.47169420081790076,0.5011809077612932,0.49894691193100493,0.015893972063663175,0.015809102181621956,0.015737393007110235,0.5274619267679768,0.47169420081790076,0.5011809077612932,0.49894691193100493,0.015893972063663175
0.046272055330831556,0.07633383074225256,0.49005109055104096,0.5193240654769723,0.49115714442059094,0.49086052638744726,0.01645085839307319,0.046272055330831556,0.07633383074225256,0.49005109055104096,0.5193240654769723,0.49115714442059094,0.49086052638744726,0.01645085839307319
3.4784121447362086e-18,0.05680678130474867,0.4539406700540642,0.5113732725417695,0.4557309003661677,0.5672508870432812,0.0,3.4784121447362086e-18,0.05680678130474867,0.4539406700540642,0.5113732725417695,0.4557309003661677,0.5672508870432812,0.0
0.016476148959426996,0.0462092239093595,0.5128423588047725,0.5132990999797382,0.48520533088830353,0.4845054281916085,0.04569251529898623,0.016476148959426996,0.0462092239093595,0.5128423588047725,0.5132990999797382,0.48520533088830353,0.4845054281916085,0.04569251529898623
1.3218534729742328e-17,2.9995728144098957e-17,0.535324316971393,0.47630406452433,0.47753155416037557,0.4765206408073944,0.1786703510724636,1.3218534729742328e-17,2.9995728144098957e-17,0.535324316971393,0.47630406452433,0.47753155416037557,0.4765206408073944,0.1786703510724636
3.3973548548810494e-18,0.05548301530280274,0.45383636433762153,0.5115844348285549,0.5694000735052882,0.45423845571048127,0.0,3.3973548548810494e-18,0.05548301530280274,0.45383636433762153,0.5115844348285549,0.5694000735052882,0.45423845571048127,0.0
0.12228666333947279,0.12260884236023366,0.4921986550640505,0.4925259497169349,0.49395140293639006,0.4912872786416099,0.0,0.12228666333947279,0.12260884236023366,0.4921986550640505,0.4925259497169349,0.49395140293639006,0.4912872786416099,0.0
0.045869404245848795,0.01659574961630145,0.5128378370780009,0.4846506709795563,0.5143722168920759,0.48475066327701255,0.044668157187744945,0.045869404245848795,0.01659574961630145,0.5128378370780009,0.4846506709795563,0.5143722168920759,0.48475066327701255,0.044668157187744945
0.04464386013250451,0.01601620021658701,0.4766537997936868,0.5346525954105958,0.5070622578834443,0.47695468203596175,0.0160859351322348,0.04464386013250451,0.01601620021658701,0.4766537997936868,0.5346525954105958,0.5070622578834443,0.47695468203596175,0.0160859351322348
0.016472201756560667,0.016554577435924176,0.476462792827788,0.5628903298055128,0.4770974401871515,0.4789846528950649,0.04512625482806678,0.016472201756560667,0.016554577435924176,0.476462792827788,0.5628903298055128,0.4770974401871515,0.4789846528950649,0.04512625482806678
0.01563367959504801,0.015434404240752493,0.499160915554301,0.5285793442361075,0.5000045825222941,0.4701242021203287,0.015785896163649414,0.01563367959504801,0.015434404240752493,0.499160915554301,0.5285793442361075,0.5000045825222941,0.4701242021203287,0.015785896163649414
0.015885247647868972,0.07595738387435112,0.4893273788842012,0.49002513002761344,0.49345322526968943,0.5189410594017931,0.04635156529787484,0.015885247647868972,0.07595738387435112,0.4893273788842012,0.49002513002761344,0.49345322526968943,0.5189410594017931,0.04635156529787484
0.07519889933115968,0.017485932232780995,0.48249831219216277,0.4833515716227048,0.48448266351457886,0.5413076524900664,0.016710971070977403,0.07519889933115968,0.017485932232780995,0.48249831219216277,0.4833515716227048,0.48448266351457886,0.5413076524900664,0.016710971070977403
0.045250235899218734,0.016387656833252773,0.5058503339136765,0.47734419851718196,0.4780920264544205,0.5349754316330251,0.01652770196250268,0.045250235899218734,0.016387656833252773,0.5058503339136765,0.47734419851718196,0.4780920264544205,0.5349754316330251,0.01652770196250268
2.6951063315959148e-17,0.0,0.4401442658360521,0.4405893126776471,0.49684038073319425,0.6061193544113591,3.12900606719772e-6,2.6951063315959148e-17,0.0,0.4401442658360521,0.4405893126776471,0.49684038073319425,0.6061193544113591,3.12900606719772e-6
2.0988371542681716e-17,2.019044510022627e-17,0.4756193616853528,0.5357034739351962,0.4775187245068803,0.4764990563209145,0.17887199575487972,2.0988371542681716e-17,2.019044510022627e-17,0.4756193616853528,0.5357034739351962,0.4775187245068803,0.4764990563209145,0.17887199575487972
2.4741899560397197e-19,2.778645378345585e-17,0.45380521678225927,0.5111405021627174,0.5690591013754525,0.45488145096715665,0.05649950419447994,2.4741899560397197e-19,2.778645378345585e-17,0.45380521678225927,0.5111405021627174,0.5690591013754525,0.45488145096715665,0.05649950419447994
0.07500928993914555,0.016523125067918636,0.5410282777072656,0.48295473631058455,0.484964583519992,0.48380062411423974,0.01677089270553039,0.07500928993914555,0.016523125067918636,0.5410282777072656,0.48295473631058455,0.484964583519992,0.48380062411423974,0.01677089270553039
0.056933466631271634,0.0,0.453519421610388,0.5681594447183538,0.45518067734758344,0.5113557896347789,3.2892500996412903e-6,0.056933466631271634,0.0,0.453519421610388,0.5681594447183538,0.45518067734758344,0.5113557896347789,3.2892500996412903e-6
3.5501991421921684e-18,0.05797915194264918,0.46829121198973406,0.5265937081587163,0.4696419168402316,0.5266731427827841,0.05849525845787539,3.5501991421921684e-18,0.05797915194264918,0.46829121198973406,0.5265937081587163,0.4696419168402316,0.5266731427827841,0.05849525845787539
0.01656525702367466,0.04506294131173995,0.5049807848415762,0.4772892906491625,0.4779727114642379,0.5351085424742038,0.014986288699592844,0.01656525702367466,0.04506294131173995,0.5049807848415762,0.4772892906491625,0.4779727114642379,0.5351085424742038,0.014986288699592844
0.01661756591111568,0.016785828675051562,0.5042822546285815,0.47674348231443336,0.5369248481260485,0.47735249494358517,0.04475724307430299,0.01661756591111568,0.016785828675051562,0.5042822546285815,0.47674348231443336,0.5369248481260485,0.47735249494358517,0.04475724307430299
0.04522163471635077,0.016442852388435108,0.48324307796476496,0.5424471536396723,0.4847544993100212,0.48408350833854036,0.04545588602782424,0.04522163471635077,0.016442852388435108,0.48324307796476496,0.5424471536396723,0.4847544993100212,0.48408350833854036,0.04545588602782424
0.04567581299081163,0.04635643479050818,0.48208756612733167,0.4846176763918215,0.5150597327276412,0.5134983521471973,0.016770306845743283,0.04567581299081163,0.04635643479050818,0.48208756612733167,0.4846176763918215,0.5150597327276412,0.5134983521471973,0.016770306845743283
0.016394639179123722,0.016034432146594165,0.46910295516866346,0.5555443626833592,0.5000341784597019,0.4703940640363853,0.01601577908183154,0.016394639179123722,0.016034432146594165,0.46910295516866346,0.5555443626833592,0.5000341784597019,0.4703940640363853,0.01601577908183154
3.4416333201010244e-18,0.05620613751650229,0.6202795152331014,0.4514414606099598,0.45258799483296236,0.45156021205136554,0.0,3.4416333201010244e-18,0.05620613751650229,0.6202795152331014,0.4514414606099598,0.45258799483296236,0.45156021205136554,0.0
0.06000566031354378,0.0,0.4789286978711222,0.48014047908990315,0.48065878538684936,0.5400564199591719,0.12006685231401228,0.06000566031354378,0.0,0.4789286978711222,0.48014047908990315,0.48065878538684936,0.5400564199591719,0.12006685231401228
0.016036689926189777,0.01634897697448703,0.4988059949069546,0.5011102197681803,0.5010202658895075,0.4984814047059401,0.015844395671998628,0.016036689926189777,0.01634897697448703,0.4988059949069546,0.5011102197681803,0.5010202658895075,0.4984814047059401,0.015844395671998628
0.015764718560884388,0.01556595573167602,0.5537957969120562,0.46999375824398515,0.4722382346111643,0.4987439955714832,0.01615366914700745,0.015764718560884388,0.01556595573167602,0.5537957969120562,0.46999375824398515,0.4722382346111643,0.4987439955714832,0.01615366914700745
0.01617001139812953,0.04523256274998436,0.5340005778777182,0.5059397442802215,0.4782540234954172,0.47722267090530673,0.016377314113201858,0.01617001139812953,0.04523256274998436,0.5340005778777182,0.5059397442802215,0.4782540234954172,0.47722267090530673,0.016377314113201858
0.046559334030624,0.046777140016655436,0.48416680327228717,0.48347442068199903,0.4850405571297985,0.543609992073619,0.016114930246380464,0.046559334030624,0.046777140016655436,0.48416680327228717,0.48347442068199903,0.4850405571297985,0.543609992073619,0.016114930246380464
0.017023698499584412,0.07539057677891978,0.4829843081705612,0.48335096518896636,0.5139518488587121,0.5129171769150291,0.016711224827746847,0.017023698499584412,0.07539057677891978,0.4829843081705612,0.48335096518896636,0.5139518488587121,0.5129171769150291,0.016711224827746847
0.05683134908572232,0.0,0.5100977301390374,0.4545113901387464,0.5690172001793002,0.45424544696653213,0.0,0.05683134908572232,0.0,0.5100977301390374,0.4545113901387464,0.5690172001793002,0.45424544696653213,0.0
3.669648384933271e-18,0.05992990611641207,0.4786692373363558,0.4794728775777113,0.5409883247755645,0.4802113202338341,0.11966637670266347,3.669648384933271e-18,0.05992990611641207,0.4786692373363558,0.4794728775777113,0.5409883247755645,0.4802113202338341,0.11966637670266347
0.015571070794574258,0.014839489061761569,0.4772823280124613,0.507380454452808,0.5075315828409607,0.5055360142336248,0.04573023761446975,0.015571070794574258,0.014839489061761569,0.4772823280124613,0.507380454452808,0.5075315828409607,0.5055360142336248,0.04573023761446975
0.016357420013527472,0.04541585830043487,0.4764775441803701,0.5349210449927655,0.4783876157868996,0.5055555002384059,0.01641207041883472,0.016357420013527472,0.04541585830043487,0.4764775441803701,0.5349210449927655,0.4783876157868996,0.5055555002384059,0.01641207041883472
3.580166791546622e-18,0.0584685607971094,0.5824387449126086,0.4670335078138818,0.4681983022001413,0.46715685679756797,0.05832131628585416,3.580166791546622e-18,0.0584685607971094,0.5824387449126086,0.4670335078138818,0.4681983022001413,0.46715685679756797,0.05832131628585416
0.046315193620543045,0.01697883761349309,0.48927960442828,0.49075344523251935,0.49151680867314873,0.5201275838641906,0.07572917504413577,0.046315193620543045,0.01697883761349309,0.48927960442828,0.49075344523251935,0.49151680867314873,0.5201275838641906,0.07572917504413577
9.256421585140387e-18,2.5312965903628477e-17,0.44016479813824144,0.4406452175385206,0.6068775088374412,0.4959805297852219,0.0,9.256421585140387e-18,2.5312965903628477e-17,0.44016479813824144,0.4406452175385206,0.6068775088374412,0.4959805297852219,0.0
0.1792078442627907,0.0,0.4759240126324459,0.5356634649383953,0.47743528555397835,0.47672003324316664,0.0,0.1792078442627907,0.0,0.4759240126324459,0.5356634649383953,0.47743528555397835,0.47672003324316664,0.0
3.3146666056368684e-18,3.114475912995345e-17,0.511505010872682,0.5674736020305877,0.4556523244350066,0.4540664260594215,0.05771588071234699,3.3146666056368684e-18,3.114475912995345e-17,0.511505010872682,0.5674736020305877,0.4556523244350066,0.4540664260594215,0.05771588071234699
0.01630379522505958,0.015454035621874208,0.5269373036170166,0.49982979103293884,0.4998151795109645,0.4713467029052386,0.015768596025464078,0.01630379522505958,0.015454035621874208,0.5269373036170166,0.49982979103293884,0.4998151795109645,0.4713467029052386,0.015768596025464078
1.6224947276972378e-7,0.11598883528518823,0.46433256493964753,0.5811942565602135,0.46623008396483534,0.46499734240205864,0.00006871764453157053,1.6224947276972378e-7,0.11598883528518823,0.46433256493964753,0.5811942565602135,0.46623008396483534,0.46499734240205864,0.00006871764453157053
0.1212993361451008,0.06085693787032075,0.4863929219450236,0.4841853027150724,0.5352790365499019,0.48057525611816865,0.00010234098163130341,0.1212993361451008,0.06085693787032075,0.4863929219450236,0.4841853027150724,0.5352790365499019,0.48057525611816865,0.00010234098163130341
0.01639908364458492,0.01739326636703989,0.49860607556912817,0.49858250016397726,0.47162016059474865,0.5290518279626897,0.01514035482721826,0.01639908364458492,0.01739326636703989,0.49860607556912817,0.49858250016397726,0.47162016059474865,0.5290518279626897,0.01514035482721826
0.1156632100558852,0.0,0.4641832564475447,0.4651298101749553,0.5822849841880084,0.465081749349926,0.0,0.1156632100558852,0.0,0.4641832564475447,0.4651298101749553,0.5822849841880084,0.465081749349926,0.0
0.015472301692476244,0.07542703460273606,0.4822883833029235,0.48310286391982143,0.543648331409197,0.483634348217041,0.016581217490564022,0.015472301692476244,0.07542703460273606,0.4822883833029235,0.48310286391982143,0.543648331409197,0.483634348217041,0.016581217490564022
0.24354807389764596,4.117848696416665e-6,0.484790960556718,0.4858026589145382,0.4845006603613502,0.48529637958280136,0.00003377047237039995,0.24354807389764596,4.117848696416665e-6,0.484790960556718,0.4858026589145382,0.4845006603613502,0.48529637958280136,0.00003377047237039995
0.016787877132021276,0.01691078879640942,0.5187522926168652,0.4896964024856744,0.49057966705812606,0.48896440353886306,0.10486678594583848,0.016787877132021276,0.01691078879640942,0.5187522926168652,0.4896964024856744,0.49057966705812606,0.48896440353886306,0.10486678594583848
7.117517095259712e-18,0.11623787528314622,0.4662122905113393,0.5248518519319688,0.5263102181267274,0.46699860564086904,0.0,7.117517095259712e-18,0.11623787528314622,0.4662122905113393,0.5248518519319688,0.5263102181267274,0.46699860564086904,0.0
0.016335382480019128,0.04533346548497071,0.5059486244680027,0.5064903521332065,0.5075210005901315,0.477664752636196,0.01591866103278498,0.016335382480019128,0.04533346548497071,0.5059486244680027,0.5064903521332065,0.5075210005901315,0.477664752636196,0.01591866103278498
0.07234483829267468,0.02709287276547646,0.512301412061468,0.48479812247058585,0.5146451443636918,0.4835326378847099,0.016768208839880762,0.07234483829267468,0.02709287276547646,0.512301412061468,0.48479812247058585,0.5146451443636918,0.4835326378847099,0.016768208839880762
0.07637260955821573,0.01659980646061786,0.4894691450683825,0.5200320893473236,0.49193213888381127,0.4900234630640685,0.046225656874026494,0.07637260955821573,0.01659980646061786,0.4894691450683825,0.5200320893473236,0.49193213888381127,0.4900234630640685,0.046225656874026494
0.0602997284953472,0.0,0.5391840439351999,0.4802495556800347,0.48148254303862237,0.48011997508773496,0.11995472678467232,0.0602997284953472,0.0,0.5391840439351999,0.4802495556800347,0.48148254303862237,0.48011997508773496,0.11995472678467232
0.01625762850811209,0.07484868652170812,0.48213307821895424,0.5133393874654704,0.513270080611891,0.4844242974657363,0.016612525029147562,0.01625762850811209,0.07484868652170812,0.48213307821895424,0.5133393874654704,0.513270080611891,0.4844242974657363,0.016612525029147562
7.143118324408622e-18,0.11665597508411304,0.4657538119092439,0.5256297747463768,0.46772102710044877,0.525213226212558,0.0,7.143118324408622e-18,0.11665597508411304,0.4657538119092439,0.5256297747463768,0.46772102710044877,0.525213226212558,0.0
2.7746855816630005e-17,6.275809576700626e-18,0.46458681725435075,0.4644364386252854,0.46618319818780346,0.5813138022594555,0.11675201854087373,2.7746855816630005e-17,6.275809576700626e-18,0.46458681725435075,0.4644364386252854,0.46618319818780346,0.5813138022594555,0.11675201854087373
2.563897224106801e-17,2.6730026255006752e-17,0.6048847672789366,0.4401097910958149,0.49655260782578137,0.4403814454898383,0.0,2.563897224106801e-17,2.6730026255006752e-17,0.6048847672789366,0.4401097910958149,0.49655260782578137,0.4403814454898383,0.0
6.123377402239887e-17,1.0000234200592728,0.0,0.0,0.0,0.0,0.0,6.123377402239887e-17,1.0000234200592728,0.0,0.0,0.0,0.0,0.0
2.7156038078192395e-17,5.8993582821324536e-18,0.45383595403342436,0.5675257765585099,0.455752814626647,0.5112151763072957,0.05702447338127354,2.7156038078192395e-17,5.8993582821324536e-18,0.45383595403342436,0.5675257765585099,0.455752814626647,0.5112151763072957,0.05702447338127354
3.9883526780961385e-6,0.0561368799280181,0.4536643874257307,0.5684093295556384,0.5117018850705706,0.45458152539844876,0.0,3.9883526780961385e-6,0.0561368799280181,0.4536643874257307,0.5684093295556384,0.5117018850705706,0.45458152539844876,0.0
0.06227507084909611,0.18499102620748178,0.49150511580151346,0.4876524181763119,0.4925733812220375,0.4901716832543987,0.0,0.06227507084909611,0.18499102620748178,0.49150511580151346,0.4876524181763119,0.4925733812220375,0.4901716832543987,0.0
1.866306849838388e-33,3.047910387121876e-17,0.49776154059177713,0.4984363285405431,0.4439680418229628,0.5540555428385887,0.0,1.866306849838388e-33,3.047910387121876e-17,0.49776154059177713,0.4984363285405431,0.4439680418229628,0.5540555428385887,0.0
1.0900102630122126e-17,0.17801218502691882,0.5353441407508814,0.47618051372300163,0.4774209498518289,0.47676959027453136,0.0,1.0900102630122126e-17,0.17801218502691882,0.5353441407508814,0.47618051372300163,0.4774209498518289,0.47676959027453136,0.0
0.016873656557313786,0.07487247149895784,0.4814914368469067,0.4839822115762168,0.4842618019603193,0.5417942460047384,0.016387102595313154,0.016873656557313786,0.07487247149895784,0.4814914368469067,0.4839822115762168,0.4842618019603193,0.5417942460047384,0.016387102595313154
2.1564892910350014e-17,2.1602543920789434e-17,0.49849473238356806,0.554755218257747,0.44487214392233815,0.499299164401089,0.000042715195585371283,2.1564892910350014e-17,2.1602543920789434e-17,0.49849473238356806,0.554755218257747,0.44487214392233815,0.499299164401089,0.000042715195585371283
0.11658084864957076,0.0,0.46433981067053137,0.5820319758470092,0.4660061775203251,0.4652670950674421,0.0,0.11658084864957076,0.0,0.46433981067053137,0.5820319758470092,0.4660061775203251,0.4652670950674421,0.0
0.057393341967483316,0.0,0.5123496026690768,0.45585574477433405,0.5140654022250016,0.5127479143929268,0.000033066399830135944,0.057393341967483316,0.0,0.5123496026690768,0.45585574477433405,0.5140654022250016,0.5127479143929268,0.000033066399830135944
0.06042674195555814,0.11978151845373715,0.47942067882110434,0.47930345631671334,0.5406891569961104,0.47987142252165715,0.0,0.06042674195555814,0.11978151845373715,0.47942067882110434,0.47930345631671334,0.5406891569961104,0.47987142252165715,0.0
0.11600073675117355,0.0,0.5819954473682284,0.4661636538314524,0.4676349561916025,0.4658439921878253,0.0,0.11600073675117355,0.0,0.5819954473682284,0.4661636538314524,0.4676349561916025,0.4658439921878253,0.0
0.0159267221428473,0.044754364174401616,0.535026109458982,0.4786550667751476,0.48004009184706914,0.5054079320084154,0.016378211155308214,0.0159267221428473,0.044754364174401616,0.535026109458982,0.4786550667751476,0.48004009184706914,0.5054079320084154,0.016378211155308214
3.477992061406428e-18,0.05679992082334173,0.45507433659798546,0.5128839162500706,0.5136055252650615,0.5128575574902899,0.0,3.477992061406428e-18,0.05679992082334173,0.45507433659798546,0.5128839162500706,0.5136055252650615,0.5128575574902899,0.0
0.05905297572715987,0.057815266978642255,0.4673246125277153,0.46823251119123976,0.5284656844703521,0.5270346841113295,0.0,0.05905297572715987,0.057815266978642255,0.4673246125277153,0.46823251119123976,0.5284656844703521,0.5270346841113295,0.0
0.11931088900129558,0.0,0.5388948769905457,0.47998290137209465,0.48128373931234997,0.4795994772419584,0.05941402168804136,0.11931088900129558,0.0,0.5388948769905457,0.47998290137209465,0.48128373931234997,0.4795994772419584,0.05941402168804136
0.01547124804570771,0.015584588761050337,0.48864950570443794,0.48991166087899385,0.5202774812676055,0.4898388758953119,0.10484211182016562,0.01547124804570771,0.015584588761050337,0.48864950570443794,0.48991166087899385,0.5202774812676055,0.4898388758953119,0.10484211182016562
0.016375638962567492,0.01633471998552818,0.47665489003725875,0.5344247804437875,0.4783562362698399,0.5060061762174383,0.04527873052321681,0.016375638962567492,0.01633471998552818,0.47665489003725875,0.5344247804437875,0.4783562362698399,0.5060061762174383,0.04527873052321681
0.003650988538108871,0.003662194831311119,0.4770535766581756,0.5062573928649938,0.4791960285569346,0.5357367339166628,0.04567765162701334,0.003650988538108871,0.003662194831311119,0.4770535766581756,0.5062573928649938,0.4791960285569346,0.5357367339166628,0.04567765162701334
0.07486555839453507,0.016185711527981452,0.48306827857083495,0.48381698959011143,0.5146054697861911,0.5120891396072471,0.01651485028726525,0.07486555839453507,0.016185711527981452,0.48306827857083495,0.48381698959011143,0.5146054697861911,0.5120891396072471,0.01651485028726525
0.04542127327173588,0.016230123401015897,0.4763655873244559,0.4772101148386674,0.507038498296319,0.5350556992852237,0.01650512649291793,0.04542127327173588,0.016230123401015897,0.4763655873244559,0.4772101148386674,0.507038498296319,0.5350556992852237,0.01650512649291793
0.04528402118730689,0.015724896028058693,0.5358420892022157,0.47792481991045516,0.47968460020995096,0.5082677280943475,0.016320567456700266,0.04528402118730689,0.015724896028058693,0.5358420892022157,0.47792481991045516,0.47968460020995096,0.5082677280943475,0.016320567456700266
3.708785812701217e-18,5.177528694161707e-19,4.311863907179998e-17,4.3316119419279696e-17,0.0,1.0000169279720856,0.0,3.708785812701217e-18,5.177528694161707e-19,4.311863907179998e-17,4.3316119419279696e-17,0.0,1.0000169279720856,0.0
0.04579202730361263,0.015278044102047087,0.4764712613262314,0.5059000636724394,0.4782978538084441,0.5351172887862663,0.016660575883591662,0.04579202730361263,0.015278044102047087,0.4764712613262314,0.5059000636724394,0.4782978538084441,0.5351172887862663,0.016660575883591662
0.07528673613861163,0.047057534296693515,0.4898610924620261,0.4929587183095692,0.492946923403618,0.5203625403346281,0.017065353981139664,0.07528673613861163,0.047057534296693515,0.4898610924620261,0.4929587183095692,0.492946923403618,0.5203625403346281,0.017065353981139664
3.4680660151755045e-18,0.05663781618651365,0.4532044881378158,0.4547099663491791,0.5690068808758311,0.5110405773246213,0.0,3.4680660151755045e-18,0.05663781618651365,0.4532044881378158,0.4547099663491791,0.5690068808758311,0.5110405773246213,0.0
0.12038609064129852,0.060259581088504405,0.4773879642696671,0.5410340838543078,0.4809069375736539,0.48001754225764176,0.0,0.12038609064129852,0.060259581088504405,0.4773879642696671,0.5410340838543078,0.4809069375736539,0.48001754225764176,0.0
3.514761760120372e-18,0.05740041557398403,0.5679151910888524,0.45471620918929107,0.4561911382665575,0.5100355333544939,0.0002501771378104317,3.514761760120372e-18,0.05740041557398403,0.5679151910888524,0.45471620918929107,0.4561911382665575,0.5100355333544939,0.0002501771378104317
4.255666063967274e-18,1.5881363025088686e-18,4.7798903839799095e-17,3.8002380601392294e-17,1.0000199434707582,0.0,0.0,4.255666063967274e-18,1.5881363025088686e-18,4.7798903839799095e-17,3.8002380601392294e-17,1.0000199434707582,0.0,0.0
0.056062670121643475,0.0,0.4999957462539572,0.4885198511166386,0.5247744236104217,0.4793233434689965,0.06011545384700079,0.056062670121643475,0.0,0.4999957462539572,0.4885198511166386,0.5247744236104217,0.4793233434689965,0.06011545384700079
0.06004996233405806,0.0,0.47955922918453886,0.47929981992994114,0.5411936133563999,0.478994957581448,0.12015455031859268,0.06004996233405806,0.0,0.47955922918453886,0.47929981992994114,0.5411936133563999,0.478994957581448,0.12015455031859268
0.07493317616788986,0.016426571865063924,0.48317840992320066,0.5125081979638323,0.5138718988898651,0.48422764384275757,0.01662057592362173,0.07493317616788986,0.016426571865063924,0.48317840992320066,0.5125081979638323,0.5138718988898651,0.48422764384275757,0.01662057592362173
0.12014149909890955,0.060953322997657294,0.5386042622981986,0.4795165927655267,0.4811530548929919,0.48053079840243257,0.0,0.12014149909890955,0.060953322997657294,0.5386042622981986,0.4795165927655267,0.4811530548929919,0.48053079840243257,0.0
3.377826164595458e-17,0.0,0.5516408758749431,0.44161337606758544,0.5529142188963483,0.4417617282303993,0.0,3.377826164595458e-17,0.0,0.5516408758749431,0.44161337606758544,0.5529142188963483,0.4417617282303993,0.0
2.1199058986124615e-17,2.321979517990204e-17,0.5134763423628181,0.5117889796603126,0.5128452115709117,0.4567868986391546,0.05685977677222275,2.1199058986124615e-17,2.321979517990204e-17,0.5134763423628181,0.5117889796603126,0.5128452115709117,0.4567868986391546,0.05685977677222275
0.016858033045939566,0.07477343453367553,0.4824012074300139,0.5415089384600575,0.4840524150642805,0.4834977739633505,0.016555082605934007,0.016858033045939566,0.07477343453367553,0.4824012074300139,0.5415089384600575,0.4840524150642805,0.4834977739633505,0.016555082605934007
0.05863935789008625,0.0,0.4683033378399705,0.5256194892782775,0.5278211451646229,0.46839408266275484,0.058212647200328586,0.05863935789008625,0.0,0.4683033378399705,0.5256194892782775,0.5278211451646229,0.46839408266275484,0.058212647200328586
0.016327262527778275,0.016092721712975596,0.48925494536200886,0.49001646773144864,0.49122371400930964,0.5180129984522227,0.10527277835934583,0.016327262527778275,0.016092721712975596,0.48925494536200886,0.49001646773144864,0.49122371400930964,0.5180129984522227,0.10527277835934583
0.10742670759208868,0.01612030041141702,0.49597511598426935,0.4965487625777509,0.4984124723533828,0.4969815031598346,0.04539086473282081,0.10742670759208868,0.01612030041141702,0.49597511598426935,0.4965487625777509,0.4984124723533828,0.4969815031598346,0.04539086473282081
0.06310721608314145,0.12694161308604962,0.5317003490175604,0.4857162030793994,0.48093729100635474,0.4801063380132998,0.0002890690578826955,0.06310721608314145,0.12694161308604962,0.5317003490175604,0.4857162030793994,0.48093729100635474,0.4801063380132998,0.0002890690578826955
0.059601179090493825,0.05835604241147596,0.46698355780214734,0.525886687209881,0.5289936201936773,0.46815144061683434,0.0,0.059601179090493825,0.05835604241147596,0.46698355780214734,0.525886687209881,0.5289936201936773,0.46815144061683434,0.0
2.1991804411581806e-17,2.111115223117507e-17,0.4978538097413364,0.443285492100811,0.5550042666288958,0.49869894698587885,0.0,2.1991804411581806e-17,2.111115223117507e-17,0.4978538097413364,0.443285492100811,0.5550042666288958,0.49869894698587885,0.0
3.512338208910442e-18,0.05736083597908995,0.45389592305943033,0.5679022723503386,0.4550271911054042,0.5113014027570181,0.0,3.512338208910442e-18,0.05736083597908995,0.45389592305943033,0.5679022723503386,0.4550271911054042,0.5113014027570181,0.0
1.9642549772066167e-17,1.9388830714954888e-17,0.4507411759893816,0.4512266317594631,0.6213634459526514,0.451683396626703,0.05646095207987524,1.9642549772066167e-17,1.9388830714954888e-17,0.4507411759893816,0.4512266317594631,0.6213634459526514,0.451683396626703,0.05646095207987524
0.015978443427792154,0.01600495178636146,0.48307722243353335,0.5407437059600557,0.48415147742491604,0.48385641556795184,0.07448010226987081,0.015978443427792154,0.01600495178636146,0.48307722243353335,0.5407437059600557,0.48415147742491604,0.48385641556795184,0.07448010226987081
0.016438972672495243,0.07681043675145759,0.4961131052827559,0.4973894475202868,0.49776279517024274,0.49706478659042536,0.0771041468092573,0.016438972672495243,0.07681043675145759,0.4961131052827559,0.4973894475202868,0.49776279517024274,0.49706478659042536,0.0771041468092573
0.07706409231879037,0.01695038333253026,0.49497934686700984,0.49839568031043396,0.49799419804035544,0.4969268971753235,0.07740480126245289,0.07706409231879037,0.01695038333253026,0.49497934686700984,0.49839568031043396,0.49799419804035544,0.4969268971753235,0.07740480126245289
0.016259554134030723,0.046202081552242,0.5129396226538115,0.48397321194493853,0.5140480683615355,0.4842074601693634,0.045846032579138433,0.016259554134030723,0.046202081552242,0.5129396226538115,0.48397321194493853,0.5140480683615355,0.4842074601693634,0.045846032579138433
0.07699331345094557,0.0768368162453013,0.49601211782509763,0.4967547310840784,0.4985317057237947,0.49710871027192644,0.016814751676472527,0.07699331345094557,0.0768368162453013,0.49601211782509763,0.4967547310840784,0.4985317057237947,0.49710871027192644,0.016814751676472527
0.017879013927764042,0.04673652950479846,0.5627559369861826,0.4744598478761621,0.47813596858624763,0.47750677736617947,0.01645108446171106,0.017879013927764042,0.04673652950479846,0.5627559369861826,0.4744598478761621,0.47813596858624763,0.47750677736617947,0.01645108446171106
3.584459380733035e-18,0.05853866409855764,0.46726175150222016,0.46844420488429633,0.5273810257371891,0.5268918918617099,0.05782641945349491,3.584459380733035e-18,0.05853866409855764,0.46726175150222016,0.46844420488429633,0.5273810257371891,0.5268918918617099,0.05782641945349491
0.11626695387746493,0.0,0.4654643475789496,0.5251732379457621,0.46765875077974095,0.5248880639512442,0.000020858012912718972,0.11626695387746493,0.0,0.4654643475789496,0.5251732379457621,0.46765875077974095,0.5248880639512442,0.000020858012912718972
3.4578029693389633e-18,0.05647020792846428,0.451040029030211,0.6204277604865894,0.45253778763617963,0.4515409696634082,0.0,3.4578029693389633e-18,0.05647020792846428,0.451040029030211,0.6204277604865894,0.45253778763617963,0.4515409696634082,0.0
1.0823798315628083e-17,3.311505446111567e-17,0.568965341831124,0.5136447295338235,0.4571897592925652,0.4553176607564717,0.05693518042129943,1.0823798315628083e-17,3.311505446111567e-17,0.568965341831124,0.5136447295338235,0.4571897592925652,0.4553176607564717,0.05693518042129943
9.221890749429523e-19,3.047234412153448e-17,0.4978789822774461,0.4430348611850322,0.4993630148596502,0.5541263976332769,0.0,9.221890749429523e-19,3.047234412153448e-17,0.4978789822774461,0.4430348611850322,0.4993630148596502,0.5541263976332769,0.0
0.01456143633355947,0.014689973126921588,0.47015101298054984,0.4703595524750109,0.5002019820219347,0.5571404677999515,0.016465227411033418,0.01456143633355947,0.014689973126921588,0.47015101298054984,0.4703595524750109,0.5002019820219347,0.5571404677999515,0.016465227411033418
7.530355838145636e-18,0.12298004360748849,0.49176894298224894,0.4915518667201303,0.4931375411157282,0.49330437966890434,0.12313294496861414,7.530355838145636e-18,0.12298004360748849,0.49176894298224894,0.4915518667201303,0.4931375411157282,0.49330437966890434,0.12313294496861414
0.058566011641220335,0.05848094174538883,0.5249493643846634,0.4680721825275837,0.471052855666818,0.5261933994319327,0.0,0.058566011641220335,0.05848094174538883,0.5249493643846634,0.4680721825275837,0.471052855666818,0.5261933994319327,0.0
0.04533435487170403,0.016605230008792313,0.47698314235616446,0.5063577368164225,0.5073442647452169,0.506480087689564,0.016676817585308486,0.04533435487170403,0.016605230008792313,0.47698314235616446,0.5063577368164225,0.5073442647452169,0.506480087689564,0.016676817585308486
0.016069296927517393,0.016382410198695293,0.4998231785810156,0.4690076067828218,0.47082864402928115,0.5549361494060909,0.015844422114770915,0.016069296927517393,0.016382410198695293,0.4998231785810156,0.4690076067828218,0.47082864402928115,0.5549361494060909,0.015844422114770915
2.7291206952618592e-17,8.220534296194874e-18,0.46547961832585844,0.524845446321164,0.5259293911741488,0.46686610401879136,0.1166790505177246,2.7291206952618592e-17,8.220534296194874e-18,0.46547961832585844,0.524845446321164,0.5259293911741488,0.46686610401879136,0.1166790505177246
0.04544834308443173,0.016447768457612852,0.5052069497650747,0.5346727950757874,0.4781197427321734,0.47727787441329383,0.0165533443514575,0.04544834308443173,0.016447768457612852,0.5052069497650747,0.5346727950757874,0.4781197427321734,0.47727787441329383,0.0165533443514575
0.016199471529553835,0.10360983726030902,0.5176648405337612,0.4903530555012819,0.49144047260699325,0.4904072309493243,0.017009679715175318,0.016199471529553835,0.10360983726030902,0.5176648405337612,0.4903530555012819,0.49144047260699325,0.4904072309493243,0.017009679715175318
0.016430615504880428,0.045398810131695305,0.48331320991555177,0.4839683471281467,0.5433233913381751,0.4837734783449573,0.04552554992595689,0.016430615504880428,0.045398810131695305,0.48331320991555177,0.4839683471281467,0.5433233913381751,0.4837734783449573,0.04552554992595689
0.0015095536917922902,0.06130016150820821,0.48983129974737205,0.49027060519478227,0.49199730144411574,0.4905785318186704,0.1833623776859424,0.0015095536917922902,0.06130016150820821,0.48983129974737205,0.49027060519478227,0.49199730144411574,0.4905785318186704,0.1833623776859424
0.0002480530667158589,0.058113937150316104,0.46547620824959063,0.46670039477510145,0.467257072720005,0.5836781122329983,0.05766502959269024,0.0002480530667158589,0.058113937150316104,0.46547620824959063,0.46670039477510145,0.467257072720005,0.5836781122329983,0.05766502959269024
0.016609295620171282,0.016817500607254447,0.4825870453331326,0.4828188170999843,0.5428985784019821,0.48335744144518467,0.07421815241666291,0.016609295620171282,0.016817500607254447,0.4825870453331326,0.4828188170999843,0.5428985784019821,0.48335744144518467,0.07421815241666291
3.0285882250461235e-17,1.3276121985957786e-18,0.49508098034474646,0.4400648188374153,0.6065976164859731,0.44023101947929943,0.0,3.0285882250461235e-17,1.3276121985957786e-18,0.49508098034474646,0.4400648188374153,0.6065976164859731,0.44023101947929943,0.0
2.5476575945034448e-17,8.90291435675835e-18,0.44073709804826866,0.5519501184319195,0.4424946452022743,0.5526823884414128,0.0,2.5476575945034448e-17,8.90291435675835e-18,0.44073709804826866,0.5519501184319195,0.4424946452022743,0.5526823884414128,0.0
0.04633280852189772,0.017099521703429415,0.5207572009238344,0.49201318224506807,0.4926804392987274,0.49188886110096813,0.07597642893138046,0.04633280852189772,0.017099521703429415,0.5207572009238344,0.49201318224506807,0.4926804392987274,0.49188886110096813,0.07597642893138046
0.015356756377393043,0.015340884854395736,0.4837605239068797,0.5128134755212838,0.4854234214394452,0.5153106858436619,0.0739009808245701,0.015356756377393043,0.015340884854395736,0.4837605239068797,0.5128134755212838,0.4854234214394452,0.5153106858436619,0.0739009808245701
0.046433223222857256,0.04615347728197545,0.4903476190877185,0.5204585186628403,0.49168535776626016,0.4911390532712338,0.04604285259815338,0.046433223222857256,0.04615347728197545,0.4903476190877185,0.5204585186628403,0.49168535776626016,0.4911390532712338,0.04604285259815338
7.149515268609156e-18,0.116760445110981,0.46563107283039185,0.4664530274581546,0.5258477360907267,0.5250172619777874,0.0,7.149515268609156e-18,0.116760445110981,0.46563107283039185,0.4664530274581546,0.5258477360907267,0.5250172619777874,0.0
0.016253914133224506,0.016210792519892988,0.4695569383853486,0.47049001552364655,0.5566042537866207,0.4981723155315219,0.016002691858022312,0.016253914133224506,0.016210792519892988,0.4695569383853486,0.47049001552364655,0.5566042537866207,0.4981723155315219,0.016002691858022312
0.05886908372555686,0.0,0.5261662672139523,0.46756246815982505,0.5282259690911674,0.46867309523616174,0.05857156254423317,0.05886908372555686,0.0,0.5261662672139523,0.46756246815982505,0.5282259690911674,0.46867309523616174,0.05857156254423317
3.4551791525433792e-18,0.05642735774835666,0.5675148424799457,0.5112792832021824,0.4557155702348808,0.45408544622807345,0.0,3.4551791525433792e-18,0.05642735774835666,0.5675148424799457,0.5112792832021824,0.4557155702348808,0.45408544622807345,0.0
0.01649394176023468,0.01656081438954638,0.5127002506518515,0.5138383556449174,0.48547367400095914,0.48357865677897716,0.07478550470464781,0.01649394176023468,0.01656081438954638,0.5127002506518515,0.5138383556449174,0.48547367400095914,0.48357865677897716,0.07478550470464781
1.4891958017423724e-17,0.24320413082028364,0.48418988253749834,0.48462336473062395,0.4862169878664736,0.4850174518898209,0.0,1.4891958017423724e-17,0.24320413082028364,0.48418988253749834,0.48462336473062395,0.4862169878664736,0.4850174518898209,0.0
7.113882559589521e-18,0.1161785188111786,0.5239848901082378,0.4659728810298457,0.5265204871386295,0.4667600180000704,0.0,7.113882559589521e-18,0.1161785188111786,0.5239848901082378,0.4659728810298457,0.5265204871386295,0.4667600180000704,0.0
0.12000361508281883,0.0,0.4787100839216607,0.4792964449965183,0.5415813569952993,0.4796923953214852,0.060098110949636,0.12000361508281883,0.0,0.4787100839216607,0.4792964449965183,0.5415813569952993,0.4796923953214852,0.060098110949636
2.151427122552509e-17,2.1330906047229868e-17,0.4947776430207651,0.44056417819706273,0.44138983469175264,0.6056311257289623,0.0,2.151427122552509e-17,2.1330906047229868e-17,0.4947776430207651,0.44056417819706273,0.44138983469175264,0.6056311257289623,0.0
3.488329074999558e-18,0.0569687370665284,0.5123395996163392,0.455360065031915,0.5139766947064642,0.5129944710551433,0.0,3.488329074999558e-18,0.0569687370665284,0.5123395996163392,0.455360065031915,0.5139766947064642,0.5129944710551433,0.0
0.016007761008294336,0.015173430813727948,0.553492521856971,0.47027477107452187,0.4998158566181218,0.4713473414457216,0.01576861738741879,0.016007761008294336,0.015173430813727948,0.553492521856971,0.47027477107452187,0.4998158566181218,0.4713473414457216,0.01576861738741879
0.04550558437486526,0.01631305824054739,0.48266467628788956,0.48757601368068426,0.5458720282591231,0.4858618767112278,0.04546960832745596,0.04550558437486526,0.01631305824054739,0.48266467628788956,0.48757601368068426,0.5458720282591231,0.4858618767112278,0.04546960832745596
2.0601642304311058e-17,1.957502364313388e-17,0.46410877215595286,0.5809557563886734,0.4664533940803543,0.46545182727340007,0.11602354732206907,2.0601642304311058e-17,1.957502364313388e-17,0.46410877215595286,0.5809557563886734,0.4664533940803543,0.46545182727340007,0.11602354732206907
0.1849789034515776,0.062045181392006814,0.4907047235524708,0.48939171304727036,0.49059666057978607,0.49121917913636987,0.0,0.1849789034515776,0.062045181392006814,0.4907047235524708,0.48939171304727036,0.49059666057978607,0.49121917913636987,0.0
0.05641317887350565,0.0,0.5673395547926592,0.5110767300397908,0.45533664212382413,0.45462978260262765,0.0,0.05641317887350565,0.0,0.5673395547926592,0.5110767300397908,0.45533664212382413,0.45462978260262765,0.0
8.517073871515216e-18,6.5268443749339324e-18,6.028871606387029e-17,1.000062684447943,0.0,0.0,0.0,8.517073871515216e-18,6.5268443749339324e-18,6.028871606387029e-17,1.000062684447943,0.0,0.0,0.0
0.016386201925904082,0.04623198913771095,0.48922671941465273,0.5200218781044029,0.4918455702395834,0.49040355337923186,0.07592896329306059,0.016386201925904082,0.04623198913771095,0.48922671941465273,0.5200218781044029,0.4918455702395834,0.49040355337923186,0.07592896329306059
3.518144490230301e-18,0.05745565974907656,0.5663064206403012,0.4548451984988463,0.5124180963736225,0.45471986174296997,0.0,3.518144490230301e-18,0.05745565974907656,0.5663064206403012,0.4548451984988463,0.5124180963736225,0.45471986174296997,0.0
3.499317157785898e-18,0.05714818607654482,0.512212702693438,0.5124493977541101,0.45701816051668115,0.5130344661479758,0.0,3.499317157785898e-18,0.05714818607654482,0.512212702693438,0.5124493977541101,0.45701816051668115,0.5130344661479758,0.0
6.044881159811518e-18,3.07883681336656e-17,0.5124117830379585,0.5126528649375641,0.4569016863456361,0.512918891303739,0.05672111629690941,6.044881159811518e-18,3.07883681336656e-17,0.5124117830379585,0.5126528649375641,0.4569016863456361,0.512918891303739,0.05672111629690941
0.015597471668372588,0.01566384857831055,0.47711808396388755,0.5344779050620073,0.5071546809566859,0.4780696037315338,0.04553943068401363,0.015597471668372588,0.01566384857831055,0.47711808396388755,0.5344779050620073,0.5071546809566859,0.4780696037315338,0.04553943068401363
0.01730330609745333,0.04851591096513929,0.5057217426113413,0.5077980607809274,0.4805803489712156,0.5084989698494813,0.016291623695656152,0.01730330609745333,0.04851591096513929,0.5057217426113413,0.5077980607809274,0.4805803489712156,0.5084989698494813,0.016291623695656152
0.016537220615050675,0.01658511185271631,0.505201902657903,0.5347563541727923,0.47784025470799346,0.477574725481802,0.04521581673277615,0.016537220615050675,0.01658511185271631,0.505201902657903,0.5347563541727923,0.47784025470799346,0.477574725481802,0.04521581673277615
0.016513480284843746,0.10403708251137593,0.4892596437805018,0.4892386753849839,0.5203585721682547,0.48960676587678675,0.017486082913196657,0.016513480284843746,0.10403708251137593,0.4892596437805018,0.4892386753849839,0.5203585721682547,0.48960676587678675,0.017486082913196657
0.04585394042549497,0.016883777033750606,0.48493167203373094,0.5147941818030332,0.4863544593284512,0.5149449446196517,0.04571522399493213,0.04585394042549497,0.016883777033750606,0.48493167203373094,0.5147941818030332,0.4863544593284512,0.5149449446196517,0.04571522399493213
0.01632194113314023,0.045313651685675214,0.5057944481255516,0.4775864723462717,0.5360572521581773,0.47771516134396935,0.015778244630343507,0.01632194113314023,0.045313651685675214,0.5057944481255516,0.4775864723462717,0.5360572521581773,0.47771516134396935,0.015778244630343507
0.016273356899074276,0.01633933519458351,0.512310176528331,0.4840500246614357,0.5145629921418513,0.48273282822618596,0.07444172423099767,0.016273356899074276,0.01633933519458351,0.512310176528331,0.4840500246614357,0.5145629921418513,0.48273282822618596,0.07444172423099767
0.06089955668328793,0.12004770312999591,0.48034654099380764,0.48058475635440084,0.4783149650182952,0.5401173224915965,0.0003225965527779842,0.06089955668328793,0.12004770312999591,0.48034654099380764,0.48058475635440084,0.4783149650182952,0.5401173224915965,0.0003225965527779842
9.104036041343608e-18,3.079537601858736e-17,0.5244435350409418,0.5248913582645804,0.46744127363469,0.466461923778477,0.1166016865700767,9.104036041343608e-18,3.079537601858736e-17,0.5244435350409418,0.5248913582645804,0.46744127363469,0.466461923778477,0.1166016865700767
0.062076200786591124,0.1235744855190018,0.4926722503049534,0.4936784979269918,0.4974587132539169,0.49499772199244885,0.060698101036744216,0.062076200786591124,0.1235744855190018,0.4926722503049534,0.4936784979269918,0.4974587132539169,0.49499772199244885,0.060698101036744216
0.016836081944031925,0.01678283019920635,0.4770481576207281,0.5057274837919725,0.535183029702352,0.4775181629263941,0.04532202207303992,0.016836081944031925,0.01678283019920635,0.4770481576207281,0.5057274837919725,0.535183029702352,0.4775181629263941,0.04532202207303992
0.04842853061093904,0.0503405178737128,0.520627897810259,0.491610295533758,0.49201638947790766,0.4905605259859633,0.045892152698768805,0.04842853061093904,0.0503405178737128,0.520627897810259,0.491610295533758,0.49201638947790766,0.4905605259859633,0.045892152698768805
9.153994094855164e-18,2.820868231974497e-17,0.4843321835710269,0.48517675492648804,0.4862568270071329,0.48511596252643285,0.2419543436607292,9.153994094855164e-18,2.820868231974497e-17,0.4843321835710269,0.48517675492648804,0.4862568270071329,0.48511596252643285,0.2419543436607292
2.692455712871699e-17,2.3782401851151856e-19,0.43972854008402606,0.4953022550644302,0.4412907992268553,0.6058117202463799,0.0,2.692455712871699e-17,2.3782401851151856e-19,0.43972854008402606,0.4953022550644302,0.4412907992268553,0.6058117202463799,0.0
0.05807522049064052,0.05759700865450504,0.4677574432324982,0.5264928682718271,0.4686885714286002,0.5274039025655188,0.0,0.05807522049064052,0.05759700865450504,0.4677574432324982,0.5264928682718271,0.4686885714286002,0.5274039025655188,0.0
0.015928094838735862,0.015586973531958752,0.5271898397097812,0.47013123190739536,0.5284960164276338,0.4703488769846985,0.016377440230269547,0.015928094838735862,0.015586973531958752,0.5271898397097812,0.47013123190739536,0.5284960164276338,0.4703488769846985,0.016377440230269547
0.04400231554058922,0.01600277533574204,0.48433474318794884,0.513479130215339,0.514338558433402,0.4837887784080748,0.04564480448906688,0.04400231554058922,0.01600277533574204,0.48433474318794884,0.513479130215339,0.514338558433402,0.4837887784080748,0.04564480448906688
0.01682520995123805,0.07533105624214126,0.5116894310575846,0.48416861688433116,0.5141203422627841,0.4830822289375422,0.016749609610735582,0.01682520995123805,0.07533105624214126,0.5116894310575846,0.48416861688433116,0.5141203422627841,0.4830822289375422,0.016749609610735582
0.015917682175069465,0.04392249254701473,0.5055205206667489,0.47749787987833875,0.5072942589003576,0.5068050194021954,0.016448754977512605,0.015917682175069465,0.04392249254701473,0.5055205206667489,0.47749787987833875,0.5072942589003576,0.5068050194021954,0.016448754977512605
0.05665732638244615,0.05826699229071444,0.5297299700452817,0.5295342414267677,0.4660713478138855,0.4644447273674275,4.211812089818115e-6,0.05665732638244615,0.05826699229071444,0.5297299700452817,0.5295342414267677,0.4660713478138855,0.4644447273674275,4.211812089818115e-6
0.07507500812109791,0.01657749247977529,0.4826158340227411,0.5414082573930946,0.48449364936714123,0.48341320117834546,0.015822945531743307,0.07507500812109791,0.01657749247977529,0.4826158340227411,0.5414082573930946,0.48449364936714123,0.48341320117834546,0.015822945531743307
3.000107202840906e-17,1.5491158958941028e-17,0.5514158574972845,0.4417018575143137,0.44286166020832307,0.5522915715041407,0.0,3.000107202840906e-17,1.5491158958941028e-17,0.5514158574972845,0.4417018575143137,0.44286166020832307,0.5522915715041407,0.0
0.18447142829335134,0.0,0.4905852156003631,0.4912300142748857,0.49009567892546796,0.49098307209081843,0.05849456949548246,0.18447142829335134,0.0,0.4905852156003631,0.4912300142748857,0.49009567892546796,0.49098307209081843,0.05849456949548246
0.12257399169999082,0.06133570779010701,0.49244888812192267,0.49214100566981445,0.4983211919958534,0.49467377408623914,0.0615710433662471,0.12257399169999082,0.06133570779010701,0.49244888812192267,0.49214100566981445,0.4983211919958534,0.49467377408623914,0.0615710433662471
0.13606568454149112,0.0161407918254594,0.49390992088443136,0.49251025914887697,0.4997637227996414,0.49540599605869684,0.01673348587807796,0.13606568454149112,0.0161407918254594,0.49390992088443136,0.49251025914887697,0.4997637227996414,0.49540599605869684,0.01673348587807796
0.04617882538219924,0.07682833402739601,0.49104523216840146,0.48774772057560706,0.5217504731344176,0.4914972080624405,0.016568562059534123,0.04617882538219924,0.07682833402739601,0.49104523216840146,0.48774772057560706,0.5217504731344176,0.4914972080624405,0.016568562059534123
0.04566994503471281,0.016530796465658547,0.48260403730381163,0.48340075427300017,0.4851724037243406,0.5420720007188651,0.04654702368704066,0.04566994503471281,0.016530796465658547,0.48260403730381163,0.48340075427300017,0.4851724037243406,0.5420720007188651,0.04654702368704066
2.6745977676807743e-17,0.0,0.43679496317516747,0.4354435052179081,0.6551939230162278,0.4364469621989803,0.0,2.6745977676807743e-17,0.0,0.43679496317516747,0.4354435052179081,0.6551939230162278,0.4364469621989803,0.0
0.0008148941701008233,0.12013741546819597,0.47932435763818587,0.4797655481059878,0.5409799991601532,0.47974440407764146,0.05928962832151802,0.0008148941701008233,0.12013741546819597,0.47932435763818587,0.4797655481059878,0.5409799991601532,0.47974440407764146,0.05928962832151802
0.05950851317159128,0.11980179493259108,0.47940043613943334,0.5397029035058233,0.480934816661077,0.48019149084614154,0.0003265486999607303,0.05950851317159128,0.11980179493259108,0.47940043613943334,0.5397029035058233,0.480934816661077,0.48019149084614154,0.0003265486999607303
0.045154481015183684,0.01651095253925807,0.5344730189194464,0.5064459986712391,0.4787078513956951,0.4776722919238878,0.0035588280378725354,0.045154481015183684,0.01651095253925807,0.5344730189194464,0.5064459986712391,0.4787078513956951,0.4776722919238878,0.0035588280378725354
0.10451131200306757,0.0167676232018099,0.4890131034020333,0.48965142791517513,0.5195437553008594,0.49048181810783303,0.015979934667299574,0.10451131200306757,0.0167676232018099,0.4890131034020333,0.48965142791517513,0.5195437553008594,0.49048181810783303,0.015979934667299574
0.01605304587199043,0.015850647789043014,0.5272539473944965,0.4995646285223247,0.47223633145073324,0.4987419855905709,0.016153604046340704,0.01605304587199043,0.015850647789043014,0.5272539473944965,0.4995646285223247,0.47223633145073324,0.4987419855905709,0.016153604046340704
0.17911187572954376,0.0,0.47590326778189035,0.4763629641141927,0.47781455088033625,0.5366236866314221,0.0,0.17911187572954376,0.0,0.47590326778189035,0.4763629641141927,0.47781455088033625,0.5366236866314221,0.0
4.822622931098981e-19,3.128659923784642e-17,0.5110096383131397,0.45471156389652945,0.5694781844481953,0.454812819263985,0.05682638449608093,4.822622931098981e-19,3.128659923784642e-17,0.5110096383131397,0.45471156389652945,0.5694781844481953,0.454812819263985,0.05682638449608093
3.493111575355823e-18,0.057046841224553294,0.5109622286014449,0.4547150710955518,0.5687716772109166,0.4546895066659108,0.0,3.493111575355823e-18,0.057046841224553294,0.5109622286014449,0.4547150710955518,0.5687716772109166,0.4546895066659108,0.0
1.8684936772436078e-17,1.90531385645268e-17,0.43581739804125436,0.4361894781338614,0.4373538243034474,0.6551713531288924,0.0,1.8684936772436078e-17,1.90531385645268e-17,0.43581739804125436,0.4361894781338614,0.4373538243034474,0.6551713531288924,0.0
0.01619865494454039,0.04500364364096614,0.47569257739444754,0.5627623802613223,0.47764266984157755,0.47659416584715103,0.01617059079009883,0.01619865494454039,0.04500364364096614,0.47569257739444754,0.5627623802613223,0.47764266984157755,0.47659416584715103,0.01617059079009883
1.2819053262932962e-17,3.483514891064864e-17,0.6061982979581139,0.4961682407867604,0.4423128807209199,0.44145406352364286,0.0,1.2819053262932962e-17,3.483514891064864e-17,0.6061982979581139,0.4961682407867604,0.4423128807209199,0.44145406352364286,0.0
0.05781701499654141,0.0003198862875071569,0.46565490762964057,0.5830097275794507,0.46854165741143294,0.46606227292449054,0.057854916038468804,0.05781701499654141,0.0003198862875071569,0.46565490762964057,0.5830097275794507,0.46854165741143294,0.46606227292449054,0.057854916038468804
0.015920729371025837,0.016103160649993238,0.4700860031334414,0.5271984927413615,0.5287848213537454,0.4707370276362695,0.01621985252419966,0.015920729371025837,0.016103160649993238,0.4700860031334414,0.5271984927413615,0.5287848213537454,0.4707370276362695,0.01621985252419966
0.10713703040711253,0.04668794304808996,0.49632993778001894,0.49670521722997996,0.4982826797161656,0.49594552228248523,0.016499402633545542,0.10713703040711253,0.04668794304808996,0.49632993778001894,0.49670521722997996,0.4982826797161656,0.49594552228248523,0.016499402633545542
1.0795118997476234e-17,2.4660268259417172e-17,0.43962999428459826,0.4956990506443713,0.606989408000542,0.4406888636632878,5.209665752873594e-10,1.0795118997476234e-17,2.4660268259417172e-17,0.43962999428459826,0.4956990506443713,0.606989408000542,0.4406888636632878,5.209665752873594e-10
6.123380747435043e-17,0.0,1.0000239663711004,0.0,0.0,0.0,0.0,6.123380747435043e-17,0.0,1.0000239663711004,0.0,0.0,0.0,0.0
0.015959632470078564,0.04495416910999942,0.48245625506057005,0.48402513496747335,0.484709252891663,0.5421853372191076,0.04521538814152553,0.015959632470078564,0.04495416910999942,0.48245625506057005,0.48402513496747335,0.484709252891663,0.5421853372191076,0.04521538814152553
0.01715139720289141,0.10529196556937938,0.4890882915846726,0.5199474130398832,0.48979083276672314,0.4893350056298069,0.017059540927242402,0.01715139720289141,0.10529196556937938,0.4890882915846726,0.5199474130398832,0.48979083276672314,0.4893350056298069,0.017059540927242402
0.016634254141907175,0.01647989470906628,0.5408809548569378,0.48371507697274824,0.4842224541251266,0.4833552858450659,0.07480045696452914,0.016634254141907175,0.01647989470906628,0.5408809548569378,0.48371507697274824,0.4842224541251266,0.4833552858450659,0.07480045696452914
0.12199735906923977,0.053851888593313184,0.4804446451363844,0.4818966665647776,0.4789408085662552,0.54118966055602,0.0004256318964401713,0.12199735906923977,0.053851888593313184,0.4804446451363844,0.4818966665647776,0.4789408085662552,0.54118966055602,0.0004256318964401713
0.015992180883121765,0.016420512450522534,0.49844627493483296,0.499125884923813,0.5292801922637007,0.4709512655681413,0.01612944090024882,0.015992180883121765,0.016420512450522534,0.49844627493483296,0.499125884923813,0.5292801922637007,0.4709512655681413,0.01612944090024882
0.015249547118182839,0.015236953636325396,0.48232770131210273,0.4808020819723174,0.5127328058921108,0.520663108907982,0.04529133526795001,0.015249547118182839,0.015236953636325396,0.48232770131210273,0.4808020819723174,0.5127328058921108,0.520663108907982,0.04529133526795001
0.016557070527049134,0.04557090864991071,0.48365524979258356,0.5135420212925612,0.5142243836587288,0.48379919086784856,0.04558405535489461,0.016557070527049134,0.04557090864991071,0.48365524979258356,0.5135420212925612,0.5142243836587288,0.48379919086784856,0.04558405535489461
0.0013277354442720627,0.11950429981607284,0.5387807126323017,0.4799663245701087,0.48135718750050843,0.48045689847106404,0.06084692012424601,0.0013277354442720627,0.11950429981607284,0.5387807126323017,0.4799663245701087,0.48135718750050843,0.48045689847106404,0.06084692012424601
1.0894111040685278e-17,0.17791433494571957,0.4749086447133671,0.5367724068587868,0.477522489064063,0.47642315437819277,7.762531800407731e-6,1.0894111040685278e-17,0.17791433494571957,0.4749086447133671,0.5367724068587868,0.477522489064063,0.47642315437819277,7.762531800407731e-6
0.046657246308426895,0.07570817830033442,0.4906721241161727,0.49377487850454865,0.4906406287116161,0.5201349652936048,0.017057890629473653,0.046657246308426895,0.07570817830033442,0.4906721241161727,0.49377487850454865,0.4906406287116161,0.5201349652936048,0.017057890629473653
0.01738550525799913,0.017422122132336983,0.559373479866541,0.47855779256898606,0.4775908658762268,0.47692281078038756,0.04525193507024478,0.01738550525799913,0.017422122132336983,0.559373479866541,0.47855779256898606,0.4775908658762268,0.47692281078038756,0.04525193507024478
1.7009368526392906e-33,2.7778406865123057e-17,0.45365581136477007,0.5113372867627626,0.45545079574310127,0.5680198097010153,0.05678556056740924,1.7009368526392906e-33,2.7778406865123057e-17,0.45365581136477007,0.5113372867627626,0.45545079574310127,0.5680198097010153,0.05678556056740924
0.046091613233934195,0.016798543245452928,0.48930026678786426,0.5201000550347081,0.491960047019216,0.4904902438732228,0.07594238554355356,0.046091613233934195,0.016798543245452928,0.48930026678786426,0.5201000550347081,0.491960047019216,0.4904902438732228,0.07594238554355356
0.04618871274746641,0.016707969819636886,0.5141666977642716,0.48562032156089163,0.48620972192832046,0.514987129161797,0.04567396047967538,0.04618871274746641,0.016707969819636886,0.5141666977642716,0.48562032156089163,0.48620972192832046,0.514987129161797,0.04567396047967538
1.9210688532674556e-17,1.9107106869956832e-17,0.442492839316545,0.49830851725690345,0.49921567307381143,0.5545339876035033,0.0,1.9210688532674556e-17,1.9107106869956832e-17,0.442492839316545,0.49830851725690345,0.49921567307381143,0.5545339876035033,0.0
9.437029149394176e-18,2.9080874922898386e-17,0.49930739379855693,0.5002095486903977,0.5011296216947317,0.5000718286145928,0.0,9.437029149394176e-18,2.9080874922898386e-17,0.49930739379855693,0.5002095486903977,0.5011296216947317,0.5000718286145928,0.0
0.017218445193133414,0.13702395044082044,0.49433252917635445,0.4946797805373682,0.49633131807493525,0.49591319883658824,0.01697591062792993,0.017218445193133414,0.13702395044082044,0.49433252917635445,0.4946797805373682,0.49633131807493525,0.49591319883658824,0.01697591062792993
0.04525924734739703,0.01641829099081288,0.506124759599488,0.5058646823309767,0.47876443149178066,0.5067468027705989,0.01644364080499833,0.04525924734739703,0.01641829099081288,0.506124759599488,0.5058646823309767,0.47876443149178066,0.5067468027705989,0.01644364080499833
0.05858983341863472,0.058964847019832664,0.5837055518647416,0.4675943438289427,0.46742571963114177,0.46492018880360225,0.00022410922630812397,0.05858983341863472,0.058964847019832664,0.5837055518647416,0.4675943438289427,0.46742571963114177,0.46492018880360225,0.00022410922630812397
0.10674070442957032,0.017113164897893714,0.48923924700464716,0.4888823190844848,0.4905776834460927,0.5198227085470628,0.01655710827419214,0.10674070442957032,0.017113164897893714,0.48923924700464716,0.4888823190844848,0.4905776834460927,0.5198227085470628,0.01655710827419214
0.0410765021853164,0.07905215041883756,0.4980917311753872,0.4977446159030336,0.5018265839426388,0.5014295402588914,0.04663093915415907,0.0410765021853164,0.07905215041883756,0.4980917311753872,0.4977446159030336,0.5018265839426388,0.5014295402588914,0.04663093915415907
0.0453548860652667,0.01631177675124935,0.4767491794959539,0.4767566561815016,0.5358879634199808,0.5064991616933298,0.016506631004684323,0.0453548860652667,0.01631177675124935,0.4767491794959539,0.4767566561815016,0.5358879634199808,0.5064991616933298,0.016506631004684323
0.015944719892097163,0.015994084546094783,0.47055731068432616,0.5274113164376499,0.5014184399649373,0.49955969241897397,0.016571595128389644,0.015944719892097163,0.015994084546094783,0.47055731068432616,0.5274113164376499,0.5014184399649373,0.49955969241897397,0.016571595128389644
0.016963625675291368,0.04635987797566529,0.48964901003638045,0.49060828702318715,0.49163023500917696,0.5197366302596194,0.07573832740054634,0.016963625675291368,0.04635987797566529,0.48964901003638045,0.49060828702318715,0.49163023500917696,0.5197366302596194,0.07573832740054634
0.016213356842470942,0.016449497938374504,0.4981697311238767,0.5556212882308125,0.4714438441873662,0.47108474245299015,0.016282169995442512,0.016213356842470942,0.016449497938374504,0.4981697311238767,0.5556212882308125,0.4714438441873662,0.47108474245299015,0.016282169995442512
2.613307890826624e-17,9.515506356592488e-18,0.45419718583824265,0.4552498410291785,0.5699082547596599,0.5120951837142687,0.05693292421934996,2.613307890826624e-17,9.515506356592488e-18,0.45419718583824265,0.4552498410291785,0.5699082547596599,0.5120951837142687,0.05693292421934996
3.557103737113734e-18,0.05809191253495012,0.4657010510166326,0.4664141777213825,0.5843156613971573,0.46696881365924464,0.05777708955774086,3.557103737113734e-18,0.05809191253495012,0.4657010510166326,0.4664141777213825,0.5843156613971573,0.46696881365924464,0.05777708955774086
0.016702066568983757,0.04598199492843514,0.5414857312238667,0.4832830034348853,0.4845749142429923,0.4838463207216277,0.046177980235581624,0.016702066568983757,0.04598199492843514,0.5414857312238667,0.4832830034348853,0.4845749142429923,0.4838463207216277,0.046177980235581624
0.04708275809940029,0.04698133699774899,0.49659530737821106,0.4974789794234688,0.49853550787566114,0.4983542832454758,0.07758885112776212,0.04708275809940029,0.04698133699774899,0.49659530737821106,0.4974789794234688,0.49853550787566114,0.4983542832454758,0.07758885112776212
0.05794857799890049,0.0,0.5262777386326394,0.5266718032625377,0.4694296670164579,0.4681903676726167,0.058460571082301335,0.05794857799890049,0.0,0.5262777386326394,0.5266718032625377,0.4694296670164579,0.4681903676726167,0.058460571082301335
2.3247251094994827e-33,3.7965642193619366e-17,0.6200259898617712,0.45171459081019494,0.45282869636277345,0.4517942679266184,0.05645183519607229,2.3247251094994827e-33,3.7965642193619366e-17,0.6200259898617712,0.45171459081019494,0.45282869636277345,0.4517942679266184,0.05645183519607229
0.05614768844682065,0.0000919207031718293,0.45111438767640205,0.4519562350447587,0.4517872817455267,0.6207331889145423,0.0,0.05614768844682065,0.0000919207031718293,0.45111438767640205,0.4519562350447587,0.4517872817455267,0.6207331889145423,0.0
0.07514595396518313,0.016664555844412475,0.4821253383589874,0.482938479731754,0.5434639507068142,0.48357602692025714,0.016576440483143242,0.07514595396518313,0.016664555844412475,0.4821253383589874,0.482938479731754,0.5434639507068142,0.48357602692025714,0.016576440483143242
0.11658151506617408,0.0003408546204472983,0.5238017617474947,0.4667145366806322,0.46888953304343167,0.5252766430358979,0.0,0.11658151506617408,0.0003408546204472983,0.5238017617474947,0.4667145366806322,0.46888953304343167,0.5252766430358979,0.0
0.045456924576235666,0.016592146218188518,0.5060471591024724,0.5064215987733245,0.5074658603338098,0.47748581396699125,0.0163716084414734,0.045456924576235666,0.016592146218188518,0.5060471591024724,0.5064215987733245,0.5074658603338098,0.47748581396699125,0.0163716084414734
2.2787911435475164e-17,2.2708062130456732e-17,0.5253851313751647,0.4671756128019677,0.4685876994675567,0.5259885205135876,0.1168935038312135,2.2787911435475164e-17,2.2708062130456732e-17,0.5253851313751647,0.4671756128019677,0.4685876994675567,0.5259885205135876,0.1168935038312135
0.01638768928976232,0.0447736209474944,0.533702654743606,0.47741082056776574,0.5071315370404379,0.47712265470156995,0.016633666599228214,0.01638768928976232,0.0447736209474944,0.533702654743606,0.47741082056776574,0.5071315370404379,0.47712265470156995,0.016633666599228214
0.11695794096194807,0.000984598256989862,0.4648925843683496,0.46584200662607733,0.46635937171648173,0.5815925059603175,0.0,0.11695794096194807,0.000984598256989862,0.4648925843683496,0.46584200662607733,0.46635937171648173,0.5815925059603175,0.0
3.387563553249942e-17,0.0,0.5532311121228578,0.49907527853854716,0.4996096586633483,0.4434580086961928,0.00007891820718947445,3.387563553249942e-17,0.0,0.5532311121228578,0.49907527853854716,0.4996096586633483,0.4434580086961928,0.00007891820718947445
6.8800100355477026e-18,3.0488740907033115e-17,0.5104388518247807,0.4542758403710066,0.4562860002456119,0.5682160947553149,0.05684269430568286,6.8800100355477026e-18,3.0488740907033115e-17,0.5104388518247807,0.4542758403710066,0.4562860002456119,0.5682160947553149,0.05684269430568286
0.00018111573344455352,0.0001815066234196764,0.5533807548620809,0.49888123459070477,0.44446800069452636,0.4988668924683863,1.0526853149890731e-13,0.00018111573344455352,0.0001815066234196764,0.5533807548620809,0.49888123459070477,0.44446800069452636,0.4988668924683863,1.0526853149890731e-13
0.01661808594013795,0.047734597037044954,0.49623816387415326,0.49710924126289,0.4970847598288881,0.496325683069088,0.10690132532632358,0.01661808594013795,0.047734597037044954,0.49623816387415326,0.49710924126289,0.4970847598288881,0.496325683069088,0.10690132532632358
0.01680413773162025,0.04601840430452286,0.4830396890094773,0.5129500550635692,0.4856540232526634,0.5137552041111081,0.04586456106626182,0.01680413773162025,0.04601840430452286,0.4830396890094773,0.5129500550635692,0.4856540232526634,0.5137552041111081,0.04586456106626182
0.17863992040582102,0.0,0.4760012567603593,0.47610966177691616,0.5371045944104461,0.4762179591975644,0.0,0.17863992040582102,0.0,0.4760012567603593,0.47610966177691616,0.5371045944104461,0.4762179591975644,0.0
0.12037638606599407,0.0,0.47898966440322455,0.47943916045028395,0.48205546136712274,0.5407866682305364,0.06016187386845216,0.12037638606599407,0.0,0.47898966440322455,0.47943916045028395,0.48205546136712274,0.5407866682305364,0.06016187386845216
0.016308204479104065,0.016345223057571242,0.5351655021323962,0.5067894214129849,0.47895575965160553,0.47840458332070984,0.04500590755132834,0.016308204479104065,0.016345223057571242,0.5351655021323962,0.5067894214129849,0.47895575965160553,0.47840458332070984,0.04500590755132834
7.093526753638792e-18,0.11584608327197005,0.46491716902802976,0.4646726439754006,0.5824805817803512,0.4645992190872012,0.0,7.093526753638792e-18,0.11584608327197005,0.46491716902802976,0.4646726439754006,0.5824805817803512,0.4645992190872012,0.0
0.015892436988555893,0.015867064070742596,0.4976806235245125,0.47017603703899674,0.5564133166720968,0.47033900703718573,0.01617304762237476,0.015892436988555893,0.015867064070742596,0.4976806235245125,0.47017603703899674,0.5564133166720968,0.47033900703718573,0.01617304762237476
2.4892284697796158e-17,2.3274402571516736e-17,0.5565392259015736,0.44631373590649803,0.5028484590486848,0.5019554021830173,0.0,2.4892284697796158e-17,2.3274402571516736e-17,0.5565392259015736,0.44631373590649803,0.5028484590486848,0.5019554021830173,0.0
0.046216492630857045,0.01649692896461177,0.49659038352153395,0.49711404839160844,0.49727720006973775,0.49530221102172806,0.10735042103660014,0.046216492630857045,0.01649692896461177,0.49659038352153395,0.49711404839160844,0.49727720006973775,0.49530221102172806,0.10735042103660014
0.058709943455743194,0.0002508549018668079,0.5263556732913727,0.4684227617874707,0.4695905765009668,0.5263940040644801,0.058587548422902036,0.058709943455743194,0.0002508549018668079,0.5263556732913727,0.4684227617874707,0.4695905765009668,0.5263940040644801,0.058587548422902036
0.05576295199281408,0.055324809092431405,0.46459279005109716,0.4669393181017474,0.4689098601615902,0.5837069385690207,0.0,0.05576295199281408,0.055324809092431405,0.46459279005109716,0.4669393181017474,0.4689098601615902,0.5837069385690207,0.0
2.89261465332993e-18,2.876219186788697e-18,3.196025858114106e-17,2.953491315884054e-17,3.2583094271123056e-17,2.7883829414321694e-17,1.0000234166292619,2.89261465332993e-18,2.876219186788697e-18,3.196025858114106e-17,2.953491315884054e-17,3.2583094271123056e-17,2.7883829414321694e-17,1.0000234166292619
0.016702547989397083,0.07636302616888102,0.5118577717877154,0.4837223059033477,0.48520950265871127,0.5124975598999577,0.015325577723100677,0.016702547989397083,0.07636302616888102,0.5118577717877154,0.4837223059033477,0.48520950265871127,0.5124975598999577,0.015325577723100677
2.5482766470340056e-17,1.2850233974328911e-17,0.4660845013708236,0.46644080524464454,0.5261276174065295,0.5247388752361787,0.11678710232635944,2.5482766470340056e-17,1.2850233974328911e-17,0.4660845013708236,0.46644080524464454,0.5261276174065295,0.5247388752361787,0.11678710232635944
0.04687863372204488,0.10649992939120374,0.4957480299205767,0.4961547538339316,0.49878305689849184,0.49645199210738356,0.016818895417136718,0.04687863372204488,0.10649992939120374,0.4957480299205767,0.4961547538339316,0.49878305689849184,0.49645199210738356,0.016818895417136718
0.05462426142954093,0.0,0.6200399874436756,0.45144434175082926,0.4526970723178104,0.45167181916377325,0.0,0.05462426142954093,0.0,0.6200399874436756,0.45144434175082926,0.4526970723178104,0.45167181916377325,0.0
2.681938152082076e-17,3.1241952166263472e-18,0.44095550542418444,0.5519638079538897,0.5531763206046582,0.44232530505694767,0.0,2.681938152082076e-17,3.1241952166263472e-18,0.44095550542418444,0.5519638079538897,0.5531763206046582,0.44232530505694767,0.0
0.0613329425284286,0.06219274639943079,0.4794864202214043,0.5423454150886903,0.4836967787444658,0.48142332524781084,0.06059493392448179,0.0613329425284286,0.06219274639943079,0.4794864202214043,0.5423454150886903,0.4836967787444658,0.48142332524781084,0.06059493392448179
0.016680444894696948,0.04557568175386659,0.4845720415965982,0.5437831715646303,0.4868705375318977,0.48550023494004624,0.04543682890381617,0.016680444894696948,0.04557568175386659,0.4845720415965982,0.5437831715646303,0.4868705375318977,0.48550023494004624,0.04543682890381617
2.7442414005426683e-17,8.266080202815769e-18,0.46805861020963563,0.5817688110884077,0.4707340411775703,0.4700132009985845,0.014825901546076,2.7442414005426683e-17,8.266080202815769e-18,0.46805861020963563,0.5817688110884077,0.4707340411775703,0.4700132009985845,0.014825901546076
0.016472087105504234,0.07613151228064374,0.4892853023631808,0.4903797534905602,0.5211834410693845,0.4908843602611116,0.046135300863134686,0.016472087105504234,0.07613151228064374,0.4892853023631808,0.4903797534905602,0.5211834410693845,0.4908843602611116,0.046135300863134686
1.9649643203708405e-17,1.8003676653557743e-17,0.43523315153800507,0.6548023905846353,0.43756891723908453,0.43663965562852297,0.0,1.9649643203708405e-17,1.8003676653557743e-17,0.43523315153800507,0.6548023905846353,0.43756891723908453,0.43663965562852297,0.0
0.05804424878621415,0.0003605057251791742,0.46584313634443303,0.4670475155297328,0.46760793982751986,0.5834971353418025,0.05755389755913082,0.05804424878621415,0.0003605057251791742,0.46584313634443303,0.4670475155297328,0.46760793982751986,0.5834971353418025,0.05755389755913082
0.016319470720636893,0.015555914141408859,0.470001988156035,0.4997083233807669,0.5000431699442447,0.5287474604513026,0.015471732010003427,0.016319470720636893,0.015555914141408859,0.470001988156035,0.4997083233807669,0.5000431699442447,0.5287474604513026,0.015471732010003427
0.04636182180416101,0.04605028161473547,0.5130093672520917,0.48292817274552974,0.5139255291517117,0.48491238394924485,0.016026980768621097,0.04636182180416101,0.04605028161473547,0.5130093672520917,0.48292817274552974,0.5139255291517117,0.48491238394924485,0.016026980768621097
0.04509122732231551,0.016449222146302747,0.4757412378994524,0.5628391534998526,0.47790741615815385,0.47596563317385987,0.01616899918391655,0.04509122732231551,0.016449222146302747,0.4757412378994524,0.5628391534998526,0.47790741615815385,0.47596563317385987,0.01616899918391655
0.016151455774602037,0.015998410159245146,0.5119998918016994,0.48384512534704616,0.4841602095279973,0.5135621270864722,0.07376283696852667,0.016151455774602037,0.015998410159245146,0.5119998918016994,0.48384512534704616,0.4841602095279973,0.5135621270864722,0.07376283696852667
0.0036820821889977156,0.11803179918434421,0.5318345553327122,0.4735734663047079,0.4514705393676633,0.5246991316620806,0.0,0.0036820821889977156,0.11803179918434421,0.5318345553327122,0.4735734663047079,0.4514705393676633,0.5246991316620806,0.0
3.0620656824787953e-17,1.6574303564280655e-17,0.5686302472720937,0.4549250654850467,0.5132656634024824,0.4556570573350541,0.056901040507823686,3.0620656824787953e-17,1.6574303564280655e-17,0.5686302472720937,0.4549250654850467,0.5132656634024824,0.4556570573350541,0.056901040507823686
0.10534458255685777,0.01672865022210172,0.48804126667049913,0.5185771619986832,0.4915526845673301,0.48983159822856653,0.017115208223072883,0.10534458255685777,0.01672865022210172,0.48804126667049913,0.5185771619986832,0.4915526845673301,0.48983159822856653,0.017115208223072883
0.016833475008936435,0.07463519291001178,0.5129553176747115,0.5130228695119068,0.4840689928295598,0.48349353633233233,0.016702409607438278,0.016833475008936435,0.07463519291001178,0.5129553176747115,0.5130228695119068,0.4840689928295598,0.48349353633233233,0.016702409607438278
0.017638819070906045,0.10511231428068821,0.4894112182670395,0.4901556356536803,0.4921973213271314,0.5192767990610104,0.016329766886658433,0.017638819070906045,0.10511231428068821,0.4894112182670395,0.4901556356536803,0.4921973213271314,0.5192767990610104,0.016329766886658433
3.57470398361765e-18,3.5435958186821756e-17,0.581650253496512,0.4633657411059011,0.46609522052080327,0.4651336682500746,0.11675472697464784,3.57470398361765e-18,3.5435958186821756e-17,0.581650253496512,0.4633657411059011,0.46609522052080327,0.4651336682500746,0.11675472697464784
0.016347803267508967,0.016406492972081535,0.5338254046331679,0.4769719411926027,0.5069645701907292,0.47753640368086386,0.04523755154401115,0.016347803267508967,0.016406492972081535,0.5338254046331679,0.4769719411926027,0.5069645701907292,0.47753640368086386,0.04523755154401115
0.015139920141636077,0.014891626126244879,0.49938281853423794,0.5274965091638905,0.4717541979738924,0.4994041929409499,0.01637592998575872,0.015139920141636077,0.014891626126244879,0.49938281853423794,0.5274965091638905,0.4717541979738924,0.4994041929409499,0.01637592998575872
0.05685228383402275,0.0,0.45520992776361685,0.512749152708538,0.5139912231131192,0.5124847486594306,0.0,0.05685228383402275,0.0,0.45520992776361685,0.512749152708538,0.5139912231131192,0.5124847486594306,0.0
0.01663838579373811,0.016594244177584767,0.48066388372337504,0.4816190319587518,0.5383702500833022,0.49857269806617743,0.0159864972562784,0.01663838579373811,0.016594244177584767,0.48066388372337504,0.4816190319587518,0.5383702500833022,0.49857269806617743,0.0159864972562784
0.016744717481989285,0.016763888832537793,0.5073744536159934,0.48003846730981103,0.5063418294607608,0.5076403088049559,0.04573253840246696,0.016744717481989285,0.016763888832537793,0.5073744536159934,0.48003846730981103,0.5063418294607608,0.5076403088049559,0.04573253840246696
0.04616916640455361,0.016787380483896695,0.512575613093589,0.5136528974200257,0.48508258517876596,0.483798238046906,0.04558251833283671,0.04616916640455361,0.016787380483896695,0.512575613093589,0.5136528974200257,0.48508258517876596,0.483798238046906,0.04558251833283671
0.056908091777515726,0.0,0.5668447960784825,0.4550573989094798,0.5120458699770659,0.4544891466642194,0.0,0.056908091777515726,0.0,0.5668447960784825,0.4550573989094798,0.5120458699770659,0.4544891466642194,0.0
0.01625934934602944,0.016366236509543598,0.47445839821465685,0.47661988639844716,0.5639597521471075,0.476969011752429,0.04510778690753866,0.01625934934602944,0.016366236509543598,0.47445839821465685,0.47661988639844716,0.5639597521471075,0.476969011752429,0.04510778690753866
0.05833868563057804,0.05825026660955407,0.5269101666374855,0.4684225274180465,0.5284442455138316,0.468170053877323,0.0,0.05833868563057804,0.05825026660955407,0.5269101666374855,0.4684225274180465,0.5284442455138316,0.468170053877323,0.0
0.07521625154380658,0.016606235086894416,0.5120483472359101,0.5134514265391038,0.48446350989711257,0.4835831603121331,0.016458138116159666,0.07521625154380658,0.016606235086894416,0.5120483472359101,0.5134514265391038,0.48446350989711257,0.4835831603121331,0.016458138116159666
3.4431231955860634e-18,0.056230469029654916,0.45063177319164566,0.451638936451893,0.6214982084536225,0.4515693198936609,0.0,3.4431231955860634e-18,0.056230469029654916,0.45063177319164566,0.451638936451893,0.6214982084536225,0.4515693198936609,0.0
0.059001138556780644,0.0,0.4792695961963307,0.5410059728520381,0.480466653763465,0.48042124121318536,0.12027893818197011,0.059001138556780644,0.0,0.4792695961963307,0.5410059728520381,0.480466653763465,0.48042124121318536,0.12027893818197011
0.07572394824902033,0.04612107921425035,0.5188035606826931,0.49091920465848027,0.49224840583314683,0.4897866113705295,0.016678447575806672,0.07572394824902033,0.04612107921425035,0.5188035606826931,0.49091920465848027,0.49224840583314683,0.4897866113705295,0.016678447575806672
0.015907493032488177,0.04528770415731472,0.47572704070785915,0.47563997998972574,0.5638655400482326,0.47652861177894573,0.016278162267164574,0.015907493032488177,0.04528770415731472,0.47572704070785915,0.47563997998972574,0.5638655400482326,0.47652861177894573,0.016278162267164574
2.5882021298139754e-17,9.622147060260598e-18,0.45095065950880153,0.4509775724415579,0.4523233750289817,0.6209885494130474,0.05630636213106855,2.5882021298139754e-17,9.622147060260598e-18,0.45095065950880153,0.4509775724415579,0.4523233750289817,0.6209885494130474,0.05630636213106855
3.6293037811239806e-18,0.05927102873499271,0.5257215260199168,0.46789881770524333,0.46969081226158793,0.5264601738894598,0.059022775568738944,3.6293037811239806e-18,0.05927102873499271,0.5257215260199168,0.46789881770524333,0.46969081226158793,0.5264601738894598,0.059022775568738944
0.10359425517472659,0.021564371472773226,0.5171480613151631,0.4901531821293221,0.4912601900859201,0.49007227261044556,0.017000870880154853,0.10359425517472659,0.021564371472773226,0.5171480613151631,0.4901531821293221,0.4912601900859201,0.49007227261044556,0.017000870880154853
1.848438000792628e-19,3.4740310184531074e-17,0.5673603516897576,0.45431121774407635,0.45527134463850055,0.51136349261684,0.05725744862980689,1.848438000792628e-19,3.4740310184531074e-17,0.5673603516897576,0.45431121774407635,0.45527134463850055,0.51136349261684,0.05725744862980689
0.016310223852918405,0.016266545567403787,0.47596179013842727,0.47693807687044004,0.47757709822115824,0.563363557950291,0.04524686149051982,0.016310223852918405,0.016266545567403787,0.47596179013842727,0.47693807687044004,0.47757709822115824,0.563363557950291,0.04524686149051982
0.017229493634503896,0.0755074023579805,0.5193583564274147,0.48933237564197396,0.4922153920292958,0.49084813580763104,0.0461819549872768,0.017229493634503896,0.0755074023579805,0.5193583564274147,0.48933237564197396,0.4922153920292958,0.49084813580763104,0.0461819549872768
0.0750790642633353,0.04749867117582467,0.496496266696456,0.49644164747166314,0.4990272075287107,0.49886381980077693,0.04622955777897187,0.0750790642633353,0.04749867117582467,0.496496266696456,0.49644164747166314,0.4990272075287107,0.49886381980077693,0.04622955777897187
0.01666216278648369,0.01679334955348961,0.4841455743517913,0.48434150178898244,0.48600699155699956,0.540841596140927,0.07434529551685902,0.01666216278648369,0.01679334955348961,0.4841455743517913,0.48434150178898244,0.48600699155699956,0.540841596140927,0.07434529551685902
0.05822753877181676,0.0,0.583425268989268,0.4672583472857232,0.4681936146026558,0.4675148919747524,0.058426324922574144,0.05822753877181676,0.0,0.583425268989268,0.4672583472857232,0.4681936146026558,0.4675148919747524,0.058426324922574144
0.015616253258795345,0.015856238857742445,0.5265324962436747,0.5277100186812566,0.4717684092443974,0.47078777929374627,0.016102931069213174,0.015616253258795345,0.015856238857742445,0.5265324962436747,0.5277100186812566,0.4717684092443974,0.47078777929374627,0.016102931069213174
3.57692876444985e-18,0.058415679801559886,0.526033006202768,0.5265888541601093,0.4690536959445151,0.4682797557326011,0.05845944374863056,3.57692876444985e-18,0.058415679801559886,0.526033006202768,0.5265888541601093,0.4690536959445151,0.4682797557326011,0.05845944374863056
0.04767957255193715,0.04457262806315268,0.48910352872791907,0.4903266279759322,0.49222760424310064,0.5230382992136356,0.04722184608133823,0.04767957255193715,0.04457262806315268,0.48910352872791907,0.4903266279759322,0.49222760424310064,0.5230382992136356,0.04722184608133823
0.015289879633708793,0.042770559830987015,0.504934991018356,0.5352271093049834,0.4782504668556737,0.47729090083111747,0.01592010204163349,0.015289879633708793,0.042770559830987015,0.504934991018356,0.5352271093049834,0.4782504668556737,0.47729090083111747,0.01592010204163349
0.07600850276957917,0.01722199677737691,0.4895494502356407,0.4906444922185709,0.5209727062586696,0.4907360980164233,0.046138989297700043,0.07600850276957917,0.01722199677737691,0.4895494502356407,0.4906444922185709,0.5209727062586696,0.4907360980164233,0.046138989297700043
3.559333602161322e-18,0.05812832899476761,0.46572021417357706,0.5836675384792768,0.46858699296038453,0.4651881841026397,0.05829724090666189,3.559333602161322e-18,0.05812832899476761,0.46572021417357706,0.5836675384792768,0.46858699296038453,0.4651881841026397,0.05829724090666189
0.05555158518213014,0.0,0.4506483761987673,0.6208996442784394,0.45252194249532424,0.4515958806243498,0.0,0.05555158518213014,0.0,0.4506483761987673,0.6208996442784394,0.45252194249532424,0.4515958806243498,0.0
0.01676727877338836,0.01629844203881445,0.4684176240087202,0.4687656664043645,0.47013728561800233,0.5826831579660114,0.016374306256389828,0.01676727877338836,0.01629844203881445,0.4684176240087202,0.4687656664043645,0.47013728561800233,0.5826831579660114,0.016374306256389828
3.072988571547602e-17,9.302946219142967e-18,0.5243499593615826,0.46608809292438985,0.5259544897302127,0.46689007730874443,0.11668488454463596,3.072988571547602e-17,9.302946219142967e-18,0.5243499593615826,0.46608809292438985,0.5259544897302127,0.46689007730874443,0.11668488454463596
2.4513909305649554e-33,4.0034252035308614e-17,0.6538089523147739,0.43644173314872436,0.43826839066376955,0.4365455052862347,0.0,2.4513909305649554e-33,4.0034252035308614e-17,0.6538089523147739,0.43644173314872436,0.43826839066376955,0.4365455052862347,0.0
1.9205619649154607e-17,2.0055280605831575e-17,0.4534882898903964,0.5677030708067458,0.5120724497806337,0.4546288981776006,0.05684819093751821,1.9205619649154607e-17,2.0055280605831575e-17,0.4534882898903964,0.5677030708067458,0.5120724497806337,0.4546288981776006,0.05684819093751821
0.02459355603489054,0.04159559241468816,0.50496724534118,0.47663958467020756,0.5204355332315521,0.4902324714319846,0.07543908663474123,0.02459355603489054,0.04159559241468816,0.50496724534118,0.47663958467020756,0.5204355332315521,0.4902324714319846,0.07543908663474123
0.11628294456277458,0.0,0.5237429279886622,0.5252423738636094,0.46735639752576685,0.46692999525112544,0.0,0.11628294456277458,0.0,0.5237429279886622,0.5252423738636094,0.46735639752576685,0.46692999525112544,0.0
0.016467995437610912,0.045083614197782874,0.4761691780406624,0.5059014148420898,0.5361230353732421,0.47729882529811307,0.01605753487074284,0.016467995437610912,0.045083614197782874,0.4761691780406624,0.5059014148420898,0.5361230353732421,0.47729882529811307,0.01605753487074284
2.6935349993721544e-17,0.0,0.4398876478095559,0.6052436381873937,0.49624539552579866,0.4406212766035484,0.0,2.6935349993721544e-17,0.0,0.4398876478095559,0.6052436381873937,0.49624539552579866,0.4406212766035484,0.0
0.05658268472870577,0.0,0.45403659116540623,0.45451332314474746,0.5125560873802629,0.568983575355451,0.0,0.05658268472870577,0.0,0.45403659116540623,0.45451332314474746,0.5125560873802629,0.568983575355451,0.0
0.05850831787447494,0.05942185416726847,0.4660640637204546,0.465905265059724,0.5832040504350577,0.4678758200592576,0.0,0.05850831787447494,0.05942185416726847,0.4660640637204546,0.465905265059724,0.5832040504350577,0.4678758200592576,0.0
0.045720221632943696,0.016655108915403696,0.5344143453452957,0.47694311826314145,0.5072117763601632,0.47789965074687085,0.016247507150997344,0.045720221632943696,0.016655108915403696,0.5344143453452957,0.47694311826314145,0.5072117763601632,0.47789965074687085,0.016247507150997344
0.0454791033904146,0.016634241129270342,0.5060485083284136,0.47790484110639414,0.5070279189602883,0.5067898019886532,0.01625117339874551,0.0454791033904146,0.016634241129270342,0.5060485083284136,0.47790484110639414,0.5070279189602883,0.5067898019886532,0.01625117339874551
0.046186163659725124,0.046040293754124745,0.512115288887242,0.5139397353770422,0.48604128725718404,0.484511940941837,0.016085150898261267,0.046186163659725124,0.046040293754124745,0.512115288887242,0.5139397353770422,0.48604128725718404,0.484511940941837,0.016085150898261267
0.04607347228769071,0.0167340569994374,0.5410977756967147,0.4835652378994119,0.48510022317105644,0.483772259633795,0.043308773556146506,0.04607347228769071,0.0167340569994374,0.5410977756967147,0.4835652378994119,0.48510022317105644,0.483772259633795,0.043308773556146506
0.016512616676336668,0.07512808061589298,0.49022399478990636,0.5198188924792883,0.4921164918810902,0.48969648460456866,0.04569648827030878,0.016512616676336668,0.07512808061589298,0.49022399478990636,0.5198188924792883,0.4921164918810902,0.48969648460456866,0.04569648827030878
0.05871729131671056,0.05954368994834411,0.48073243905004875,0.48215721948218254,0.5420724106179632,0.4821532013765474,0.05934537648939328,0.05871729131671056,0.05954368994834411,0.48073243905004875,0.48215721948218254,0.5420724106179632,0.4821532013765474,0.05934537648939328
0.014781311844190636,0.01459480633764678,0.5821739986704126,0.4689286801201426,0.47041006774411004,0.46937256037341163,0.006896790328611349,0.014781311844190636,0.01459480633764678,0.5821739986704126,0.4689286801201426,0.47041006774411004,0.46937256037341163,0.006896790328611349
0.062171809051584585,0.06115676515026713,0.49519959826493415,0.4952424494073221,0.4964023140745377,0.49530023276869456,0.12434621507483905,0.062171809051584585,0.06115676515026713,0.49519959826493415,0.4952424494073221,0.4964023140745377,0.49530023276869456,0.12434621507483905
0.015599190848952404,0.04148199450348713,0.4767218239357334,0.505831356164972,0.47820080419668054,0.5350087101574659,0.0162656819085819,0.015599190848952404,0.04148199450348713,0.4767218239357334,0.505831356164972,0.47820080419668054,0.5350087101574659,0.0162656819085819
0.015846668800273713,0.01596275980807829,0.4896696559185391,0.518858815788286,0.4905879569360912,0.488962518858946,0.10486830952465283,0.015846668800273713,0.01596275980807829,0.4896696559185391,0.518858815788286,0.4905879569360912,0.488962518858946,0.10486830952465283
0.177999066852348,0.0006344372226902652,0.535308090123178,0.47614844723508654,0.4773887998316629,0.4767374841175925,0.0,0.177999066852348,0.0006344372226902652,0.535308090123178,0.47614844723508654,0.4773887998316629,0.4767374841175925,0.0
0.01622323036514221,0.016272616312363868,0.5057834066732,0.5063224518670381,0.5073223787797481,0.4775775410494633,0.04521701600539368,0.01622323036514221,0.016272616312363868,0.5057834066732,0.5063224518670381,0.5073223787797481,0.4775775410494633,0.04521701600539368
0.056557443656873686,0.0,0.45323966088632467,0.5112459665085728,0.456074694125461,0.5676616190319833,0.0,0.056557443656873686,0.0,0.45323966088632467,0.5112459665085728,0.456074694125461,0.5676616190319833,0.0
0.012215808881300916,0.11044323025885655,0.48804047160378644,0.49871768422677487,0.5013613398960685,0.498127255922846,0.0471996900821517,0.012215808881300916,0.11044323025885655,0.48804047160378644,0.49871768422677487,0.5013613398960685,0.498127255922846,0.0471996900821517
0.058146799309427795,0.0,0.46820030068038354,0.5265160472685486,0.4695726550758831,0.526834698742692,0.058493810275739314,0.058146799309427795,0.0,0.46820030068038354,0.5265160472685486,0.4695726550758831,0.526834698742692,0.058493810275739314
0.047080000744585765,0.04677902173009561,0.4911033240119312,0.4905053022736207,0.5205886148769501,0.49085674831826515,0.04708875981552797,0.047080000744585765,0.04677902173009561,0.4911033240119312,0.4905053022736207,0.5205886148769501,0.49085674831826515,0.04708875981552797
0.015737909776301972,0.01742114113829003,0.535298157417896,0.47779549276734357,0.4793733521197853,0.5074342892449963,0.04616336772834028,0.015737909776301972,0.01742114113829003,0.535298157417896,0.47779549276734357,0.4793733521197853,0.5074342892449963,0.04616336772834028
0.05620496274561338,0.0,0.4505159980943344,0.45170300156590926,0.621479674546361,0.45155247935863246,0.0,0.05620496274561338,0.0,0.4505159980943344,0.45170300156590926,0.621479674546361,0.45155247935863246,0.0
2.667638035270833e-17,4.145832720319375e-18,0.4408881740950442,0.44170595196072804,0.5530894602809896,0.5523764894257263,0.0,2.667638035270833e-17,4.145832720319375e-18,0.4408881740950442,0.44170595196072804,0.5530894602809896,0.5523764894257263,0.0
0.016483080380847955,0.016468455016025136,0.4768650874673403,0.47699892980799186,0.5361352141713497,0.5062926703566091,0.0454831076711024,0.016483080380847955,0.016468455016025136,0.4768650874673403,0.47699892980799186,0.5361352141713497,0.5062926703566091,0.0454831076711024
0.05650348225119112,0.0,0.4536209506588137,0.5675979831401745,0.5121710786540147,0.4545711845695902,0.0,0.05650348225119112,0.0,0.4536209506588137,0.5675979831401745,0.5121710786540147,0.4545711845695902,0.0
0.016865660462954624,0.016945300989288904,0.49987614188897184,0.4708188951446533,0.5269981869065207,0.5001117443383375,0.015858504570419114,0.016865660462954624,0.016945300989288904,0.49987614188897184,0.4708188951446533,0.5269981869065207,0.5001117443383375,0.015858504570419114
0.04486322860760382,0.017131823256623067,0.5624826221001569,0.47487073808051944,0.4780990864780516,0.4767734551543544,0.015983613870986263,0.04486322860760382,0.017131823256623067,0.5624826221001569,0.47487073808051944,0.4780990864780516,0.4767734551543544,0.015983613870986263
8.94983558141548e-18,2.610227592441477e-17,0.45064407944276896,0.620378098954914,0.4518920480306806,0.4536280141962557,0.05617674581703165,8.94983558141548e-18,2.610227592441477e-17,0.45064407944276896,0.620378098954914,0.4518920480306806,0.4536280141962557,0.05617674581703165
0.05858765111251791,0.0,0.46670050742553343,0.4682171361404495,0.5269510680119082,0.5281210663734806,0.05867328253008459,0.05858765111251791,0.0,0.46670050742553343,0.4682171361404495,0.5269510680119082,0.5281210663734806,0.05867328253008459
0.01517988182472945,0.015247219556304566,0.5057437709240696,0.47733640318456405,0.4782915474060301,0.5345098424681891,0.04495659632697546,0.01517988182472945,0.015247219556304566,0.5057437709240696,0.47733640318456405,0.4782915474060301,0.5345098424681891,0.04495659632697546
0.01696748330177102,0.017033968007484676,0.4834769133682796,0.4839172738970674,0.5145127278887217,0.5112295430312032,0.07487652781834973,0.01696748330177102,0.017033968007484676,0.4834769133682796,0.4839172738970674,0.5145127278887217,0.5112295430312032,0.07487652781834973
0.04579972458829678,0.046403441359057475,0.5422204185018058,0.48326442997025565,0.48477112102010483,0.4829338332820163,0.01647557578590027,0.04579972458829678,0.046403441359057475,0.5422204185018058,0.48326442997025565,0.48477112102010483,0.4829338332820163,0.01647557578590027
3.67324359332443e-18,0.059988620325172694,0.4787926950440612,0.48000413214967413,0.4814883434585896,0.539354149519965,0.11960606063837118,3.67324359332443e-18,0.059988620325172694,0.4787926950440612,0.48000413214967413,0.4814883434585896,0.539354149519965,0.11960606063837118
0.05678895062793613,0.0,0.4533572791715731,0.4545428749581227,0.5688377654272823,0.5110249290482659,8.461238225245505e-8,0.05678895062793613,0.0,0.4533572791715731,0.4545428749581227,0.5688377654272823,0.5110249290482659,8.461238225245505e-8
0.01770176000659693,0.04620185037835785,0.5197014675906569,0.49034749843375813,0.4915225341126234,0.49005412784592006,0.07588812865663802,0.01770176000659693,0.04620185037835785,0.5197014675906569,0.49034749843375813,0.4915225341126234,0.49005412784592006,0.07588812865663802
1.1296676700622236e-17,0.18448873109352706,0.4900300349936605,0.4916058965612234,0.49001560419460877,0.49097193854641014,0.057664683863839654,1.1296676700622236e-17,0.18448873109352706,0.4900300349936605,0.4916058965612234,0.49001560419460877,0.49097193854641014,0.057664683863839654
0.01685957272615791,0.01694555446362365,0.49526396392879224,0.4956837757146348,0.49606143704465067,0.49571240602481925,0.13502269729713226,0.01685957272615791,0.01694555446362365,0.49526396392879224,0.4956837757146348,0.49606143704465067,0.49571240602481925,0.13502269729713226
0.04613731440486037,0.04541126822142156,0.48307711636760076,0.4834718518936597,0.5431143020334228,0.4833595702060294,0.01650873948355954,0.04613731440486037,0.04541126822142156,0.48307711636760076,0.4834718518936597,0.5431143020334228,0.4833595702060294,0.01650873948355954
0.045761930582854306,0.016710671432887444,0.476331564728129,0.47616543613815987,0.5634081589850286,0.47584231265228116,0.01636959845812538,0.045761930582854306,0.016710671432887444,0.476331564728129,0.47616543613815987,0.5634081589850286,0.47584231265228116,0.01636959845812538
3.614886218252744e-18,0.05903557206485279,0.4794852726096381,0.5412659288537229,0.4811198610167289,0.4793300396734091,0.11998690692598321,3.614886218252744e-18,0.05903557206485279,0.4794852726096381,0.5412659288537229,0.4811198610167289,0.4793300396734091,0.11998690692598321
0.05703098705985128,0.0002425522716090259,0.45354286955206236,0.5113704004618191,0.5685771721656843,0.4543509611599655,0.0,0.05703098705985128,0.0002425522716090259,0.45354286955206236,0.5113704004618191,0.5685771721656843,0.4543509611599655,0.0
0.12002350283839948,0.0,0.4794894529270627,0.5394837457048203,0.4805237837055363,0.48027031326604097,0.0596197731023321,0.12002350283839948,0.0,0.4794894529270627,0.5394837457048203,0.4805237837055363,0.48027031326604097,0.0596197731023321
7.33516762206863e-18,0.1197923781318117,0.47839328390592745,0.479551566618939,0.4819212669695568,0.5401414524143692,0.05983927526995655,7.33516762206863e-18,0.1197923781318117,0.47839328390592745,0.479551566618939,0.4819212669695568,0.5401414524143692,0.05983927526995655
0.01458347940094091,0.014616582964071966,0.5062390224668308,0.4793493512321966,0.5350971285078069,0.4782930800147237,0.044995417878662486,0.01458347940094091,0.014616582964071966,0.5062390224668308,0.4793493512321966,0.5350971285078069,0.4782930800147237,0.044995417878662486
