f_1,f_2,f_3,f_4,f_5,f_6,f_7,f_1_min,f_2_min,f_3_min,f_4_min,f_5_min,f_6_min,f_7_min
0.8574466539571091,0.09207775724256616,0.092331346583562,7.2280565966118475,0.7794316307231353,0.7859636571571812,0.0,0.8574466539571091,0.09207775724256616,0.092331346583562,7.2280565966118475,0.7794316307231353,0.7859636571571812,0.0
0.09806965663559415,0.8096252843929875,0.11996319239269287,6.337365457910819,0.7702177107310536,0.7756999069979595,0.939866948910848,0.09806965663559415,0.8096252843929875,0.11996319239269287,6.337365457910819,0.7702177107310536,0.7756999069979595,0.939866948910848
0.5299839536433578,0.5557724929061902,0.48195837688058385,5.766272820929357,0.7699121204795778,0.7744393635512387,0.9640268324954026,0.5299839536433578,0.5557724929061902,0.48195837688058385,5.766272820929357,0.7699121204795778,0.7744393635512387,0.9640268324954026
0.7915782949244563,0.09371402616551375,0.09954224949514436,6.4593439130436865,0.7717578693563608,0.7760026067833967,0.9247512453382538,0.7915782949244563,0.09371402616551375,0.09954224949514436,6.4593439130436865,0.7717578693563608,0.7760026067833967,0.9247512453382538
0.8027530162028046,0.2851864130994511,0.1541276538419164,4.40591339395198,0.7664474448724996,0.7775284388540539,0.47712533673116775,0.8027530162028046,0.2851864130994511,0.1541276538419164,4.40591339395198,0.7664474448724996,0.7775284388540539,0.47712533673116775
0.024097632256036672,0.1526703966700946,0.8919297153107336,5.748166174194248,0.7678385786284384,0.7745057904988992,0.8874199240601194,0.024097632256036672,0.1526703966700946,0.8919297153107336,5.748166174194248,0.7678385786284384,0.7745057904988992,0.8874199240601194
0.6789323518366681,0.10545281963091434,0.4474280966795969,4.88336194109891,0.7716358082006234,0.7821268666360791,0.5027713549611047,0.6789323518366681,0.10545281963091434,0.4474280966795969,4.88336194109891,0.7716358082006234,0.7821268666360791,0.5027713549611047
0.2011950024390756,0.821960507450572,0.0935729808369691,6.965205504181954,0.7707798358413686,1.2096874094499057,0.7047602075548824,0.2011950024390756,0.821960507450572,0.0935729808369691,6.965205504181954,0.7707798358413686,1.2096874094499057,0.7047602075548824
0.7301009673443111,3.9433483495122146,0.7425093044174013,0.7551285257870557,0.7679862032878939,0.7810148271178599,0.012695652828917391,0.7301009673443111,3.9433483495122146,0.7425093044174013,0.7551285257870557,0.7679862032878939,0.7810148271178599,0.012695652828917391
0.4779082803080792,0.4819940794798999,0.5424686292367895,6.746206160161794,0.7723294206327468,0.7770311159275652,0.9987256175735377,0.4779082803080792,0.4819940794798999,0.5424686292367895,6.746206160161794,0.7723294206327468,0.7770311159275652,0.9987256175735377
0.03999255565082822,0.19537043150938405,0.9275709045904768,3.5223244334240946,0.7473044956144593,1.1033272660993632,0.21882872792433905,0.03999255565082822,0.19537043150938405,0.9275709045904768,3.5223244334240946,0.7473044956144593,1.1033272660993632,0.21882872792433905
0.08849663305635358,0.1394144191063796,0.7643597650356155,7.0897472390195375,0.7685980710464646,1.4380244985819521,0.0288151051429692,0.08849663305635358,0.1394144191063796,0.7643597650356155,7.0897472390195375,0.7685980710464646,1.4380244985819521,0.0288151051429692
0.4260200254357474,0.47747018924087614,0.4247493319229088,5.987348936829067,0.7698605191366032,0.7784062273515528,0.8651350272045549,0.4260200254357474,0.47747018924087614,0.4247493319229088,5.987348936829067,0.7698605191366032,0.7784062273515528,0.8651350272045549
0.06957759030813046,0.09773147443082009,0.8491605205902026,6.281654904341708,0.776492034717264,0.7875297776312872,0.37519565702276164,0.06957759030813046,0.09773147443082009,0.8491605205902026,6.281654904341708,0.776492034717264,0.7875297776312872,0.37519565702276164
0.16054864596495166,1.139348262374172,0.14543450775052189,5.969158144463089,0.7688658521180013,1.1677655228720993,0.29932791752696114,0.16054864596495166,1.139348262374172,0.14543450775052189,5.969158144463089,0.7688658521180013,1.1677655228720993,0.29932791752696114
0.6897196019505869,0.1457883234641698,0.4611947458344023,5.341313540141198,0.7656527476588778,0.9648433519938668,0.6487072087892466,0.6897196019505869,0.1457883234641698,0.4611947458344023,5.341313540141198,0.7656527476588778,0.9648433519938668,0.6487072087892466
0.21476072526769588,0.02580096567113827,0.7358497518133701,6.384171762910934,0.7725545885539924,0.7788698224723295,0.7743289500875958,0.21476072526769588,0.02580096567113827,0.7358497518133701,6.384171762910934,0.7725545885539924,0.7788698224723295,0.7743289500875958
0.7978683545232366,0.11818363350905002,0.2876167023845616,5.027326114997756,0.7548377178089933,1.176185500111018,0.8450231901223368,0.7978683545232366,0.11818363350905002,0.2876167023845616,5.027326114997756,0.7548377178089933,1.176185500111018,0.8450231901223368
0.7478124676451364,0.09144030105771782,0.09152253419968098,6.24659664807702,0.7655875114601697,1.1354343037407157,0.8586410371377391,0.7478124676451364,0.09144030105771782,0.09152253419968098,6.24659664807702,0.7655875114601697,1.1354343037407157,0.8586410371377391
0.3646383758212281,0.5776903938171228,0.330267122876967,5.402815022011376,0.752873596826498,1.2526492345923308,0.9496802841508197,0.3646383758212281,0.5776903938171228,0.330267122876967,5.402815022011376,0.752873596826498,1.2526492345923308,0.9496802841508197
0.14511760035642565,0.7318150191889972,0.1484868472485817,5.01689299493644,0.7606560785457386,0.9170261018123612,0.8324930571818674,0.14511760035642565,0.7318150191889972,0.1484868472485817,5.01689299493644,0.7606560785457386,0.9170261018123612,0.8324930571818674
0.7692652515227544,0.10250361312050116,0.3036091755086122,5.736301398524994,0.7724057810667826,0.7836868518365842,0.584835178374251,0.7692652515227544,0.10250361312050116,0.3036091755086122,5.736301398524994,0.7724057810667826,0.7836868518365842,0.584835178374251
0.01222417547150989,0.09340213330315016,0.7542996340807145,6.084234066101462,0.7660946626347791,1.0043431857936271,0.8787028292315155,0.01222417547150989,0.09340213330315016,0.7542996340807145,6.084234066101462,0.7660946626347791,1.0043431857936271,0.8787028292315155
0.2944449236339073,1.0366288542957256,0.21402451870185218,3.668924914938897,0.781677337286285,0.7763207579169212,0.40788673441992973,0.2944449236339073,1.0366288542957256,0.21402451870185218,3.668924914938897,0.781677337286285,0.7763207579169212,0.40788673441992973
0.0936882571746992,0.011710851230835461,0.7592479152416771,6.144554114424668,0.7700153621805971,0.7759474379879225,0.8733723742160937,0.0936882571746992,0.011710851230835461,0.7592479152416771,6.144554114424668,0.7700153621805971,0.7759474379879225,0.8733723742160937
0.5064917491216996,0.49279828670691683,0.2966819752467286,6.011475243579152,0.7665160350655051,0.9923319071033926,0.8254230858205234,0.5064917491216996,0.49279828670691683,0.2966819752467286,6.011475243579152,0.7665160350655051,0.9923319071033926,0.8254230858205234
0.8399831467891199,0.09834349014665997,0.6639499778271207,6.548435928690798,0.7770621197747821,0.7825112837974266,0.3977644388255008,0.8399831467891199,0.09834349014665997,0.6639499778271207,6.548435928690798,0.7770621197747821,0.7825112837974266,0.3977644388255008
0.11171716427633112,0.8404955166015787,0.664295814892901,6.581771992237652,0.7771311191834863,0.782529910589096,0.39970210252550664,0.11171716427633112,0.8404955166015787,0.664295814892901,6.581771992237652,0.7771311191834863,0.782529910589096,0.39970210252550664
0.19289341140388017,1.1595161767120592,0.1908142568785767,4.5604325740317915,0.7651306925906443,0.775155369831197,0.645288273691758,0.19289341140388017,1.1595161767120592,0.1908142568785767,4.5604325740317915,0.7651306925906443,0.775155369831197,0.645288273691758
0.9120994042136249,0.15371272738599903,0.15004308835710467,4.538485235969902,0.7507070736127935,1.370570766106142,0.015221026184190384,0.9120994042136249,0.15371272738599903,0.15004308835710467,4.538485235969902,0.7507070736127935,1.370570766106142,0.015221026184190384
0.6127601233956926,0.08597815608138117,0.4560591100426642,6.71656226409649,0.7742321597318721,0.7780865631737455,0.824359768943573,0.6127601233956926,0.08597815608138117,0.4560591100426642,6.71656226409649,0.7742321597318721,0.7780865631737455,0.824359768943573
0.22558367795314802,0.8968984959132618,0.23735356366825397,4.449589009945213,0.7669133063028314,0.7998489488903506,0.43882917562371415,0.22558367795314802,0.8968984959132618,0.23735356366825397,4.449589009945213,0.7669133063028314,0.7998489488903506,0.43882917562371415
0.04115211895867464,0.240922267303957,0.7332103755809274,4.43582661521847,0.7694146002909337,0.7764229842849606,0.5407797478381197,0.04115211895867464,0.240922267303957,0.7332103755809274,4.43582661521847,0.7694146002909337,0.7764229842849606,0.5407797478381197
0.1233848229616793,0.8817786415396685,0.22599708893458512,5.33442428627625,0.7580402225806336,1.2179724551485651,0.746421885134043,0.1233848229616793,0.8817786415396685,0.22599708893458512,5.33442428627625,0.7580402225806336,1.2179724551485651,0.746421885134043
0.014975541698935379,0.0016668159431297244,0.08322532578243469,0.7746101118515383,0.08510201004157116,7.178858112454001,0.021322696562407453,0.014975541698935379,0.0016668159431297244,0.08322532578243469,0.7746101118515383,0.08510201004157116,7.178858112454001,0.021322696562407453
1.0487744517547368,0.1758255801281005,0.17827934009199717,4.470842680497005,0.7710478712108506,0.7817815350758592,0.023936072228687613,1.0487744517547368,0.1758255801281005,0.17827934009199717,4.470842680497005,0.7710478712108506,0.7817815350758592,0.023936072228687613
3.140701231211925,0.7058275495579157,0.7243302842234352,0.7415204327478226,0.7600340512288165,0.7789726659917823,0.03784714777170347,3.140701231211925,0.7058275495579157,0.7243302842234352,0.7415204327478226,0.7600340512288165,0.7789726659917823,0.03784714777170347
0.20613927242540608,0.19151484456229267,0.19457501638498093,0.5117794907601508,0.9210347773924944,0.7406275779074589,0.034825986720090525,0.20613927242540608,0.19151484456229267,0.19457501638498093,0.5117794907601508,0.9210347773924944,0.7406275779074589,0.034825986720090525
0.824306786617099,0.09906977160330296,0.14765535848317937,6.349994728656896,0.7656582793160327,1.0808891397576388,0.8939741902123747,0.824306786617099,0.09906977160330296,0.14765535848317937,6.349994728656896,0.7656582793160327,1.0808891397576388,0.8939741902123747
0.013359683797503607,0.0965903656529225,0.7646672417944623,5.990786252310213,0.7702397182702312,1.1257953201869455,0.005353976588268902,0.013359683797503607,0.0965903656529225,0.7646672417944623,5.990786252310213,0.7702397182702312,1.1257953201869455,0.005353976588268902
1.082445070294367e-17,1.082445070294367e-17,1.530808498934192e-17,2.1648901405887338e-17,3.0616169978683836e-17,4.329780281177467e-17,1.0,1.082445070294367e-17,1.082445070294367e-17,1.530808498934192e-17,2.1648901405887338e-17,3.0616169978683836e-17,4.329780281177467e-17,1.0
0.03643075836817436,0.1791416360573259,1.0063928555212505,4.158835972301963,0.7684911627220896,0.7800483513086772,0.24908081521062292,0.03643075836817436,0.1791416360573259,1.0063928555212505,4.158835972301963,0.7684911627220896,0.7800483513086772,0.24908081521062292
0.8816156686898603,0.10775378480349511,0.11186248802084607,6.257700992000915,0.7726425961342648,0.9325578876875964,0.5258255104252124,0.8816156686898603,0.10775378480349511,0.11186248802084607,6.257700992000915,0.7726425961342648,0.9325578876875964,0.5258255104252124
0.40943392319356975,0.5518908400437978,0.5230333325563914,5.990736425973652,0.7773011987556873,0.7778159924792389,0.731521277309257,0.40943392319356975,0.5518908400437978,0.5230333325563914,5.990736425973652,0.7773011987556873,0.7778159924792389,0.731521277309257
0.57308646890576,0.4253175191331167,0.47405548776722495,6.5402071833341795,0.7719171803970185,0.8310101681689489,0.8106801807987957,0.57308646890576,0.4253175191331167,0.47405548776722495,6.5402071833341795,0.7719171803970185,0.8310101681689489,0.8106801807987957
1.1965003764027071,0.22556586713350005,0.19579826082327054,4.6102356505721565,0.7949118576667175,0.778010129100156,0.5015409399214875,1.1965003764027071,0.22556586713350005,0.19579826082327054,4.6102356505721565,0.7949118576667175,0.778010129100156,0.5015409399214875
0.11882694433862794,0.7691716608824222,0.15232200744325675,5.806747803281801,0.7712534177613228,0.7779044363143315,0.694238589301687,0.11882694433862794,0.7691716608824222,0.15232200744325675,5.806747803281801,0.7712534177613228,0.7779044363143315,0.694238589301687
0.4985327236804179,0.49022256948780285,2.6799746863954774,0.7889990831505765,0.7576973240045733,0.7768997798232593,0.0045575218957172375,0.4985327236804179,0.49022256948780285,2.6799746863954774,0.7889990831505765,0.7576973240045733,0.7768997798232593,0.0045575218957172375
0.3797026786497022,0.5153313348254622,0.5379117980729491,5.444523206380047,0.7625983541249458,1.1659240082540046,0.5576168998916673,0.3797026786497022,0.5153313348254622,0.5379117980729491,5.444523206380047,0.7625983541249458,1.1659240082540046,0.5576168998916673
0.4628161356840021,0.338440739521955,0.5105330437399088,6.091586074375436,0.7709427917934889,1.0782588887032452,0.3976725197704997,0.4628161356840021,0.338440739521955,0.5105330437399088,6.091586074375436,0.7709427917934889,1.0782588887032452,0.3976725197704997
0.01924270682974193,0.11750663225912025,0.7552821186181456,5.835458895257579,0.7642302685808265,1.1373574454727462,0.7290027860466383,0.01924270682974193,0.11750663225912025,0.7552821186181456,5.835458895257579,0.7642302685808265,1.1373574454727462,0.7290027860466383
0.19213805157157174,0.031261417615078536,0.891908624883462,4.618234331014129,0.7659399138944021,0.7760117630155114,0.6013338964104866,0.19213805157157174,0.031261417615078536,0.891908624883462,4.618234331014129,0.7659399138944021,0.7760117630155114,0.6013338964104866
0.2758424651694,0.03412201954604838,0.731353030548757,6.285501505364018,0.7756548416050592,0.7844544985634843,0.5876665244784013,0.2758424651694,0.03412201954604838,0.731353030548757,6.285501505364018,0.7756548416050592,0.7844544985634843,0.5876665244784013
0.7313187738857675,0.1257267199161829,0.10365902691725741,5.359273283568696,0.7559353676429499,1.4698080971328011,0.07608768174804716,0.7313187738857675,0.1257267199161829,0.10365902691725741,5.359273283568696,0.7559353676429499,1.4698080971328011,0.07608768174804716
0.7718917871881874,0.1234702395492008,0.4102004944374418,4.884057472726641,0.7641941455674576,0.7726717921024895,0.8078262970488174,0.7718917871881874,0.1234702395492008,0.4102004944374418,4.884057472726641,0.7641941455674576,0.7726717921024895,0.8078262970488174
0.3977981575152342,0.5316779111093142,0.5093211836545778,5.171086644058775,0.7654531246588947,0.9569087598739644,0.6397256331231173,0.3977981575152342,0.5316779111093142,0.5093211836545778,5.171086644058775,0.7654531246588947,0.9569087598739644,0.6397256331231173
0.13238826247649685,0.9820288194938097,0.17387830046972327,7.382751409124229,0.7797174409057395,0.7844825955673222,0.0,0.13238826247649685,0.9820288194938097,0.17387830046972327,7.382751409124229,0.7797174409057395,0.7844825955673222,0.0
0.2354782459042868,0.8116973807267981,0.11264105210052716,5.7217838982739755,0.7668569284569907,1.1229194448447997,0.5847584130578216,0.2354782459042868,0.8116973807267981,0.11264105210052716,5.7217838982739755,0.7668569284569907,1.1229194448447997,0.5847584130578216
0.08382783574635432,0.75628795294091,0.08171376735433744,7.353737848318909,0.767545260742229,1.2566730710913072,0.9027258598792048,0.08382783574635432,0.75628795294091,0.08171376735433744,7.353737848318909,0.767545260742229,1.2566730710913072,0.9027258598792048
0.48931634841243926,0.47170979579554145,0.4213823072241969,5.111833457269537,0.770250088257042,0.7808094144709723,0.5202809595050939,0.48931634841243926,0.47170979579554145,0.4213823072241969,5.111833457269537,0.770250088257042,0.7808094144709723,0.5202809595050939
0.7674599123874668,0.3118993347061304,0.09817462341335097,6.415194615064362,0.7673072064128713,1.062472600445031,0.8741884662784684,0.7674599123874668,0.3118993347061304,0.09817462341335097,6.415194615064362,0.7673072064128713,1.062472600445031,0.8741884662784684
0.9040603771632735,0.1678359106905882,0.14456858512337503,4.743004719677978,0.7590425028328134,1.0295273987506386,0.6517073093730651,0.9040603771632735,0.1678359106905882,0.14456858512337503,4.743004719677978,0.7590425028328134,1.0295273987506386,0.6517073093730651
0.6578215544463958,0.23620257681393209,0.3206531977784463,6.66535312652924,0.7690474285932417,1.0107114947305644,0.8970659764267084,0.6578215544463958,0.23620257681393209,0.3206531977784463,6.66535312652924,0.7690474285932417,1.0107114947305644,0.8970659764267084
0.31490698193955735,0.6550650631046266,0.21130137705300875,4.491238518826815,0.7676664229482152,0.778418922718694,0.4340611723337109,0.31490698193955735,0.6550650631046266,0.21130137705300875,4.491238518826815,0.7676664229482152,0.778418922718694,0.4340611723337109
0.024295682024706295,0.15072911884146936,0.744191077672126,5.595156457110596,0.7666612697679075,0.7736957562631921,0.8953018726165035,0.024295682024706295,0.15072911884146936,0.744191077672126,5.595156457110596,0.7666612697679075,0.7736957562631921,0.8953018726165035
0.08771076025423294,0.06386184461728286,0.9578454275093179,6.806722106778114,0.7828631433298087,0.7837339480474751,0.00012255494408487403,0.08771076025423294,0.06386184461728286,0.9578454275093179,6.806722106778114,0.7828631433298087,0.7837339480474751,0.00012255494408487403
0.11745531881758489,0.018300330534863136,0.8111084112248312,5.129483998330531,0.7624651361607309,1.0120268505205072,0.7352355066205176,0.11745531881758489,0.018300330534863136,0.8111084112248312,5.129483998330531,0.7624651361607309,1.0120268505205072,0.7352355066205176
0.23071551073812424,0.09499768818696462,0.7156638925540645,4.8813919450420045,0.7664408229084729,0.7755543971266552,0.669384637098641,0.23071551073812424,0.09499768818696462,0.7156638925540645,4.8813919450420045,0.7664408229084729,0.7755543971266552,0.669384637098641
0.10808651693390417,0.03419191369099403,0.9218189067721533,6.260464693706626,0.7643778752565112,1.2691994127907582,0.7674177628306688,0.10808651693390417,0.03419191369099403,0.9218189067721533,6.260464693706626,0.7643778752565112,1.2691994127907582,0.7674177628306688
0.4781865932943732,0.6052736462842594,0.11378939377469169,5.163059275968829,0.7671356962607977,0.8048673586886425,0.7155184192618593,0.4781865932943732,0.6052736462842594,0.11378939377469169,5.163059275968829,0.7671356962607977,0.8048673586886425,0.7155184192618593
0.23120482786884058,0.034070261926451274,0.7418424389826402,5.130647410144973,0.7695311353459346,0.9535385292441149,0.622307445875611,0.23120482786884058,0.034070261926451274,0.7418424389826402,5.130647410144973,0.7695311353459346,0.9535385292441149,0.622307445875611
0.8355126556177124,0.09783828266270109,0.11820821764326561,6.524455232060422,0.7661098052182148,1.0905441467984678,0.9174655446115113,0.8355126556177124,0.09783828266270109,0.11820821764326561,6.524455232060422,0.7661098052182148,1.0905441467984678,0.9174655446115113
0.1275695475141962,0.8868320981821542,0.14404898521278905,5.508739915539954,0.772621337113151,0.956910878789957,0.0,0.1275695475141962,0.8868320981821542,0.14404898521278905,5.508739915539954,0.772621337113151,0.956910878789957,0.0
0.12583801371362907,0.014841006684945398,1.061184031007126,6.435115195530769,0.7694642532959286,1.0263909164514746,0.7486750189300696,0.12583801371362907,0.014841006684945398,1.061184031007126,6.435115195530769,0.7694642532959286,1.0263909164514746,0.7486750189300696
0.02385103183582369,0.15209010275243823,0.8935557583100333,5.795201564013013,0.7678268369607419,0.7743887433055894,0.9022573239988412,0.02385103183582369,0.15209010275243823,0.8935557583100333,5.795201564013013,0.7678268369607419,0.7743887433055894,0.9022573239988412
0.1912217478731094,1.0932070729116439,0.20168546622495082,4.268189104304252,0.7636709158979574,0.8869089079347455,0.45208728658961345,0.1912217478731094,1.0932070729116439,0.20168546622495082,4.268189104304252,0.7636709158979574,0.8869089079347455,0.45208728658961345
0.14375880067933655,0.7317918709144994,0.10963676100212606,5.1150694033195405,0.760102568720391,0.8908880114025567,0.9213962453710429,0.14375880067933655,0.7317918709144994,0.10963676100212606,5.1150694033195405,0.760102568720391,0.8908880114025567,0.9213962453710429
0.10944401357707641,0.10163925323628814,0.9249567354803677,6.237956860304589,0.7775351304100673,0.7838448261096197,0.021964538677634052,0.10944401357707641,0.10163925323628814,0.9249567354803677,6.237956860304589,0.7775351304100673,0.7838448261096197,0.021964538677634052
0.023468997163079833,0.17364608461743639,0.7464413445014112,5.934848138174698,0.7734015411965954,0.9656556094614615,0.16693096492502785,0.023468997163079833,0.17364608461743639,0.7464413445014112,5.934848138174698,0.7734015411965954,0.9656556094614615,0.16693096492502785
0.7510824860544371,0.12496521044067328,0.12668306845298696,4.526663698941987,0.7685001114358305,0.9277748242944218,0.39425689047324197,0.7510824860544371,0.12496521044067328,0.12668306845298696,4.526663698941987,0.7685001114358305,0.9277748242944218,0.39425689047324197
0.7353292991127891,0.0974382164795748,0.159215207803593,5.671020470621756,0.7581592430798726,1.1368301592645513,0.968424327562553,0.7353292991127891,0.0974382164795748,0.159215207803593,5.671020470621756,0.7581592430798726,1.1368301592645513,0.968424327562553
0.6175401391845304,0.09881765861605069,0.4652882958250026,5.6401755754310665,0.9473103675238858,0.77744258883242,0.70101623898719,0.6175401391845304,0.09881765861605069,0.4652882958250026,5.6401755754310665,0.9473103675238858,0.77744258883242,0.70101623898719
1.2467272215537146,0.14332757117265907,0.14427160692182686,6.650749320488913,0.7788534999772636,0.8053498021029508,0.008114234143390233,1.2467272215537146,0.14332757117265907,0.14427160692182686,6.650749320488913,0.7788534999772636,0.8053498021029508,0.008114234143390233
0.7503412008072347,0.11166161604582657,0.10105809452622148,5.656293815920519,0.7616635232913732,1.1137427822067456,0.8773018105743021,0.7503412008072347,0.11166161604582657,0.10105809452622148,5.656293815920519,0.7616635232913732,1.1137427822067456,0.8773018105743021
0.013537495275582146,0.10786607045029777,0.7661068072077271,6.736546326755118,0.9673830555569815,0.7770601994856909,0.9050464795673671,0.013537495275582146,0.10786607045029777,0.7661068072077271,6.736546326755118,0.9673830555569815,0.7770601994856909,0.9050464795673671
0.7476067939335355,0.11649522658033339,0.16956351329939937,5.101119331033259,0.7205236263017702,2.0348358132729163,0.8733317120162513,0.7476067939335355,0.11649522658033339,0.16956351329939937,5.101119331033259,0.7205236263017702,2.0348358132729163,0.8733317120162513
0.8273261354744665,0.10693871181320211,0.10203906615320225,6.272996976562681,0.771973439862945,1.0010859684678806,0.6350839771966861,0.8273261354744665,0.10693871181320211,0.10203906615320225,6.272996976562681,0.771973439862945,1.0010859684678806,0.6350839771966861
0.0379505511214369,0.1761703685164039,1.0271582740798555,4.320077547849392,0.7696180939401288,0.7803243859136515,0.2579142542378425,0.0379505511214369,0.1761703685164039,1.0271582740798555,4.320077547849392,0.7696180939401288,0.7803243859136515,0.2579142542378425
0.013465380420653178,0.10815757256640174,0.7643672062388261,6.138017747492005,0.7712991012957231,1.1580311476452858,0.028588134440384466,0.013465380420653178,0.10815757256640174,0.7643672062388261,6.138017747492005,0.7712991012957231,1.1580311476452858,0.028588134440384466
0.13561834370851913,0.1187285789103137,0.04694314665578828,0.7293946608387618,2.9498855070507988,0.7778862724619382,0.08211965289362112,0.13561834370851913,0.1187285789103137,0.04694314665578828,0.7293946608387618,2.9498855070507988,0.7778862724619382,0.08211965289362112
0.09419129515347538,0.8328597972634516,0.14581140294518474,6.726916223590534,0.7668327233431391,1.1036912654145297,0.9261001755022618,0.09419129515347538,0.8328597972634516,0.14581140294518474,6.726916223590534,0.7668327233431391,1.1036912654145297,0.9261001755022618
0.4433117317865958,0.32826075787411296,0.5358961641506071,6.353654080446447,0.7716980584083464,1.0930245264769132,0.41943110044470705,0.4433117317865958,0.32826075787411296,0.5358961641506071,6.353654080446447,0.7716980584083464,1.0930245264769132,0.41943110044470705
0.012769651005365944,0.09543327650872976,0.7531915168976755,5.9380831933836875,0.7662640015455592,0.9979523607790809,0.8586210255750045,0.012769651005365944,0.09543327650872976,0.7531915168976755,5.9380831933836875,0.7662640015455592,0.9979523607790809,0.8586210255750045
0.9040156256535795,0.12003115126308313,0.11814385625303972,5.948677661328898,0.7656316514408585,1.0378807658748057,0.8013670420111525,0.9040156256535795,0.12003115126308313,0.11814385625303972,5.948677661328898,0.7656316514408585,1.0378807658748057,0.8013670420111525
0.11499071903364101,0.7967843553355932,0.10170274477397549,6.009324399022711,0.7661585879756319,1.1639741434163304,0.6044503460699029,0.11499071903364101,0.7967843553355932,0.10170274477397549,6.009324399022711,0.7661585879756319,1.1639741434163304,0.6044503460699029
0.641006314745424,0.6569159302431185,0.13010807651129236,5.321992233248754,0.7657775005250007,0.7734331677476377,0.8604674496804696,0.641006314745424,0.6569159302431185,0.13010807651129236,5.321992233248754,0.7657775005250007,0.7734331677476377,0.8604674496804696
0.8154895490700246,0.10355786014304064,0.1700492557117844,6.06115806611972,0.7778361770906327,0.7833052219640462,0.03674979238259125,0.8154895490700246,0.10355786014304064,0.1700492557117844,6.06115806611972,0.7778361770906327,0.7833052219640462,0.03674979238259125
0.8728526159719014,0.11573486391400652,0.12578856930251492,5.710288697968031,0.7662716906759636,0.9775937956097622,0.7454826104278213,0.8728526159719014,0.11573486391400652,0.12578856930251492,5.710288697968031,0.7662716906759636,0.9775937956097622,0.7454826104278213
0.7552707308363549,0.17524318398044633,0.19571329408679594,3.1062306927199943,0.746857899054341,0.851796243739631,0.550045101296876,0.7552707308363549,0.17524318398044633,0.19571329408679594,3.1062306927199943,0.746857899054341,0.851796243739631,0.550045101296876
0.09968786233914352,0.8610264744703464,0.14941593465740458,6.56504848458419,0.767971208024365,1.0390339713672603,0.9504713299844086,0.09968786233914352,0.8610264744703464,0.14941593465740458,6.56504848458419,0.767971208024365,1.0390339713672603,0.9504713299844086
0.09667323606320094,0.648095826769108,0.41213236006737963,5.190654407205,0.764438209204196,0.908153130324106,0.729595968059958,0.09667323606320094,0.648095826769108,0.41213236006737963,5.190654407205,0.764438209204196,0.908153130324106,0.729595968059958
0.13378757097987928,0.018262137158082826,0.9024266407570395,5.667598942313033,0.7695857106262857,1.0347982757382919,0.38762064628090404,0.13378757097987928,0.018262137158082826,0.9024266407570395,5.667598942313033,0.7695857106262857,1.0347982757382919,0.38762064628090404
0.10993478186874955,0.7221393708813001,4.74742627040335,1.162153094537017,1.08284320434406,0.9573949213632464,0.7179473835773018,0.10993478186874955,0.7221393708813001,4.74742627040335,1.162153094537017,1.08284320434406,0.9573949213632464,0.7179473835773018
0.02641380219822786,0.11678977105969382,0.7522827970312372,6.020349025732182,0.7678299013226285,0.7739480763572565,0.9627154324871845,0.02641380219822786,0.11678977105969382,0.7522827970312372,6.020349025732182,0.7678299013226285,0.7739480763572565,0.9627154324871845
0.03869513014726781,0.23356449069699983,0.7615040244320138,4.556435348426264,0.8965752739902209,0.776638221567082,0.5573440229196155,0.03869513014726781,0.23356449069699983,0.7615040244320138,4.556435348426264,0.8965752739902209,0.776638221567082,0.5573440229196155
0.011460919165011269,0.10431418549046109,0.9551527638807285,6.998734658547281,0.7761591652899975,1.0017433558039868,0.0,0.011460919165011269,0.10431418549046109,0.9551527638807285,6.998734658547281,0.7761591652899975,1.0017433558039868,0.0
0.48273852396430283,0.6154140538368482,0.09971360442067428,5.984609862297024,0.769929247883507,0.8110029859349372,0.8227873457305378,0.48273852396430283,0.6154140538368482,0.09971360442067428,5.984609862297024,0.769929247883507,0.8110029859349372,0.8227873457305378
0.11080709097598954,0.7562790454784368,0.11799430375769125,5.97915907412557,0.7738153061759953,0.8141768446277385,0.5694764214199861,0.11080709097598954,0.7562790454784368,0.11799430375769125,5.97915907412557,0.7738153061759953,0.8141768446277385,0.5694764214199861
0.09003815076519979,0.010731136283930168,0.7607996007984703,6.428539845205318,0.7724887975579084,0.7771141925260673,0.8497119184226398,0.09003815076519979,0.010731136283930168,0.7607996007984703,6.428539845205318,0.7724887975579084,0.7771141925260673,0.8497119184226398
0.36635732056293885,0.4898708246079995,0.4624229548168395,6.667091252109738,0.7754238932096359,0.7770588195875114,0.8924366790305969,0.36635732056293885,0.4898708246079995,0.4624229548168395,6.667091252109738,0.7754238932096359,0.7770588195875114,0.8924366790305969
0.09242283777004695,0.7512206110477262,0.10642285417727694,0.15477206663721688,0.09185810530292969,6.65229154449735,0.0,0.09242283777004695,0.7512206110477262,0.10642285417727694,0.15477206663721688,0.09185810530292969,6.65229154449735,0.0
0.7694417485778526,5.632624572410046,0.8764088670064238,1.2188878831878647,0.7737713981079365,0.9681028374149571,0.0,0.7694417485778526,5.632624572410046,0.8764088670064238,1.2188878831878647,0.7737713981079365,0.9681028374149571,0.0
0.017763716156425243,0.11299638498878241,0.7572626601591499,6.166154291247453,0.764373526643255,1.160146043421161,0.8346097280398056,0.017763716156425243,0.11299638498878241,0.7572626601591499,6.166154291247453,0.764373526643255,1.160146043421161,0.8346097280398056
0.7478082036603094,0.10421821074257541,0.11567652872203353,5.4171043958442615,0.7624225191152494,0.9263153946249771,0.8955812119335568,0.7478082036603094,0.10421821074257541,0.11567652872203353,5.4171043958442615,0.7624225191152494,0.9263153946249771,0.8955812119335568
0.20122284852283046,0.7340907765895809,0.10736506748564364,5.6500400221690645,0.7726253472138613,1.123299430922168,0.5470283953415724,0.20122284852283046,0.7340907765895809,0.10736506748564364,5.6500400221690645,0.7726253472138613,1.123299430922168,0.5470283953415724
0.11298279090342585,0.8888647749949159,0.10961730157199964,6.45818060353755,0.7733979165310573,0.9384891436952579,0.5138260232164344,0.11298279090342585,0.8888647749949159,0.10961730157199964,6.45818060353755,0.7733979165310573,0.9384891436952579,0.5138260232164344
0.09142528481716844,0.7617729880994052,0.09923478832680684,6.376447083601993,0.7720342190317115,1.1748518543702247,0.04286477056144377,0.09142528481716844,0.7617729880994052,0.09923478832680684,6.376447083601993,0.7720342190317115,1.1748518543702247,0.04286477056144377
0.9227078692093791,0.11024578560347849,0.11202482267244475,6.310667497078265,0.7622531870852947,1.2986570366657706,0.807767376387565,0.9227078692093791,0.11024578560347849,0.11202482267244475,6.310667497078265,0.7622531870852947,1.2986570366657706,0.807767376387565
0.11138631407825786,0.7568869109010511,0.11258600945691297,5.180362774894767,0.7722147307468848,0.7791404501380964,0.5053286903304566,0.11138631407825786,0.7568869109010511,0.11258600945691297,5.180362774894767,0.7722147307468848,0.7791404501380964,0.5053286903304566
0.1837296448526385,0.04025528908118149,0.9580209930967261,3.8071667476524595,0.7500362591666638,1.1449982829946583,0.2345062470412198,0.1837296448526385,0.04025528908118149,0.9580209930967261,3.8071667476524595,0.7500362591666638,1.1449982829946583,0.2345062470412198
0.34110176640369205,0.6906218800097267,0.08750223689319847,6.765568871318809,0.7748126808152448,0.9115011183514276,0.6364298263826036,0.34110176640369205,0.6906218800097267,0.08750223689319847,6.765568871318809,0.7748126808152448,0.9115011183514276,0.6364298263826036
0.7499194772108216,0.08955512622970795,0.09199446575403841,6.371061908931555,0.7662648669280693,1.286514748073494,0.5032510239086568,0.7499194772108216,0.08955512622970795,0.09199446575403841,6.371061908931555,0.7662648669280693,1.286514748073494,0.5032510239086568
0.012702027919103943,0.08914449386804137,0.760264932843472,6.460792957680999,0.770824950355877,0.7775304190161999,0.92602919764871,0.012702027919103943,0.08914449386804137,0.760264932843472,6.460792957680999,0.770824950355877,0.7775304190161999,0.92602919764871
0.09512146813136091,0.011818066910625195,0.8480642547762225,6.7283845977611785,0.767965014699573,1.101806103544876,0.9455764571779756,0.09512146813136091,0.011818066910625195,0.8480642547762225,6.7283845977611785,0.767965014699573,1.101806103544876,0.9455764571779756
6.8750311352572475e-18,4.6572689465134416e-17,6.883268071790676e-18,3.20806826553685e-16,4.7418762511020334e-17,4.792579517972811e-17,5.409711676133314,6.8750311352572475e-18,4.6572689465134416e-17,6.883268071790676e-18,3.20806826553685e-16,4.7418762511020334e-17,4.792579517972811e-17,5.409711676133314
5.71846326022693,0.7389721973933268,0.7451167997155468,0.8551080294922871,0.8454972970260612,1.4495273435619354,0.00007166473066587546,5.71846326022693,0.7389721973933268,0.7451167997155468,0.8551080294922871,0.8454972970260612,1.4495273435619354,0.00007166473066587546
0.9625240255727039,0.1458842612227189,0.14777509765267563,5.008227563467017,0.7736247734089384,0.7824359846487543,0.016250466117412387,0.9625240255727039,0.1458842612227189,0.14777509765267563,5.008227563467017,0.7736247734089384,0.7824359846487543,0.016250466117412387
0.08969723998139682,0.7526898788444614,0.1158413656065585,6.403439952148349,0.7693940846478219,0.9860020592997975,0.8311615089871506,0.08969723998139682,0.7526898788444614,0.1158413656065585,6.403439952148349,0.7693940846478219,0.9860020592997975,0.8311615089871506
0.9058184672663987,0.12024161606118655,0.11640431964638326,6.039594259108023,0.776922289892676,0.7924846093391661,0.019305045866330996,0.9058184672663987,0.12024161606118655,0.11640431964638326,6.039594259108023,0.776922289892676,0.7924846093391661,0.019305045866330996
0.10247246846455163,0.797804618772156,0.11171382858920303,5.931810181759308,0.7660701479175344,0.9676006435081996,0.8920343842549783,0.10247246846455163,0.797804618772156,0.11171382858920303,5.931810181759308,0.7660701479175344,0.9676006435081996,0.8920343842549783
0.8620744389844561,0.09746928829307441,0.098672999358663,6.827155886632018,0.7752830510290385,1.0274218215629687,0.045125167557855096,0.8620744389844561,0.09746928829307441,0.098672999358663,6.827155886632018,0.7752830510290385,1.0274218215629687,0.045125167557855096
0.11337915745316142,0.7617196825102147,0.11222921713806355,5.255673649348602,0.771782904707323,0.9091546333427355,0.003310141888356951,0.11337915745316142,0.7617196825102147,0.11222921713806355,5.255673649348602,0.771782904707323,0.9091546333427355,0.003310141888356951
0.010090553377244352,0.08754261223616772,0.8140032246537041,7.229910158927679,0.7767593489099671,0.9931907550421293,0.07164366225040153,0.010090553377244352,0.08754261223616772,0.8140032246537041,7.229910158927679,0.7767593489099671,0.9931907550421293,0.07164366225040153
0.01573405912453589,0.10603869894751418,0.752197575872305,5.3300943685130076,0.767563675326967,0.7811424983536011,0.7711760733706143,0.01573405912453589,0.10603869894751418,0.752197575872305,5.3300943685130076,0.767563675326967,0.7811424983536011,0.7711760733706143
0.7521123517465097,0.09510541680570693,0.10362824704319032,6.020098414628284,0.7674006450810008,0.7734832162837999,0.9868710036559389,0.7521123517465097,0.09510541680570693,0.10362824704319032,6.020098414628284,0.7674006450810008,0.7734832162837999,0.9868710036559389
0.8237912527208273,0.12442159395970488,0.19621798983969085,5.136726989153607,0.7615097245600839,1.1769922882974366,0.41773996730391844,0.8237912527208273,0.12442159395970488,0.19621798983969085,5.136726989153607,0.7615097245600839,1.1769922882974366,0.41773996730391844
0.754856783589099,0.1296307375562052,0.10273658164417211,5.657209333145934,0.76588930288061,0.7727488293417835,0.9532950541045246,0.754856783589099,0.1296307375562052,0.10273658164417211,5.657209333145934,0.76588930288061,0.7727488293417835,0.9532950541045246
0.8452183278524072,0.18901822174972024,0.16188402974596552,4.279161654567152,0.7645374167731477,0.9371590299450585,0.05534071995880979,0.8452183278524072,0.18901822174972024,0.16188402974596552,4.279161654567152,0.7645374167731477,0.9371590299450585,0.05534071995880979
0.5513838680764608,0.5369874102479412,0.09942926894780174,5.900901344552824,0.7688759086237279,1.0478215648199334,0.510102445525331,0.5513838680764608,0.5369874102479412,0.09942926894780174,5.900901344552824,0.7688759086237279,1.0478215648199334,0.510102445525331
0.5547553691629434,0.5418489822736483,0.09995228422695354,5.959247264553045,0.8960909651362537,0.783299495410877,3.4970493391107158e-6,0.5547553691629434,0.5418489822736483,0.09995228422695354,5.959247264553045,0.8960909651362537,0.783299495410877,3.4970493391107158e-6
0.09440845825887051,0.036846032176277084,0.7587099716273731,6.1184304411934125,0.7707009173112355,0.776624491333961,0.8286540826836784,0.09440845825887051,0.036846032176277084,0.7587099716273731,6.1184304411934125,0.7707009173112355,0.776624491333961,0.8286540826836784
0.14096126360724995,0.7363463566748898,0.1065772941482565,5.313455369943059,0.7645842558652027,0.8986549924274174,0.8580675431240049,0.14096126360724995,0.7363463566748898,0.1065772941482565,5.313455369943059,0.7645842558652027,0.8986549924274174,0.8580675431240049
3.165964037392503e-17,3.1841611546708104e-17,1.4458406263242025e-17,4.0769021786745632e-16,5.949541542368846e-17,4.81074056430477e-17,6.817986476299432,3.165964037392503e-17,3.1841611546708104e-17,1.4458406263242025e-17,4.0769021786745632e-16,5.949541542368846e-17,4.81074056430477e-17,6.817986476299432
0.09545330885276396,0.7500767538819855,0.11275290221702298,6.00122958268189,0.7699745711969723,0.7760869504788663,0.8402675077694706,0.09545330885276396,0.7500767538819855,0.11275290221702298,6.00122958268189,0.7699745711969723,0.7760869504788663,0.8402675077694706
2.7055944194048824,3.6820622699246495,3.8459385649495506,0.7652582624062896,0.8540986512919342,0.7794038211650244,0.6246244876611453,2.7055944194048824,3.6820622699246495,3.8459385649495506,0.7652582624062896,0.8540986512919342,0.7794038211650244,0.6246244876611453
0.7367105999693457,0.11015051561126615,0.11434717216219055,5.040409110774442,0.9633650117124226,0.7756846538350987,0.7071018616639551,0.7367105999693457,0.11015051561126615,0.11434717216219055,5.040409110774442,0.9633650117124226,0.7756846538350987,0.7071018616639551
0.6453602538915854,0.07353576896377342,0.3984467220074778,7.055953906863054,0.7673742027416306,1.1945416084926168,0.9637522772094994,0.6453602538915854,0.07353576896377342,0.3984467220074778,7.055953906863054,0.7673742027416306,1.1945416084926168,0.9637522772094994
0.05483344169796374,0.06912450307467892,0.7616824174214898,6.610143255285082,0.7880771195080293,0.7762927973084579,0.9354357019204286,0.05483344169796374,0.06912450307467892,0.7616824174214898,6.610143255285082,0.7880771195080293,0.7762927973084579,0.9354357019204286
0.11586566702542606,0.7219987149496866,0.29852155273991193,4.695374573905959,0.764095413884182,0.8658564781167166,0.5986199467332564,0.11586566702542606,0.7219987149496866,0.29852155273991193,4.695374573905959,0.764095413884182,0.8658564781167166,0.5986199467332564
0.02215129370734341,0.1316295052220776,0.8727714110671081,4.957302893319767,0.7700766131266116,0.7790711102504236,0.47911695968595397,0.02215129370734341,0.1316295052220776,0.8727714110671081,4.957302893319767,0.7700766131266116,0.7790711102504236,0.47911695968595397
0.759615415408199,0.09659616882681307,0.0973740566936199,6.054837761699397,0.7843114856742163,0.7980198686621942,0.21811230806036305,0.759615415408199,0.09659616882681307,0.0973740566936199,6.054837761699397,0.7843114856742163,0.7980198686621942,0.21811230806036305
0.012904528494996917,0.0982370106324385,0.8437631208616838,6.5323249237197905,0.7735343894042692,0.9403765828072963,0.5189029081412186,0.012904528494996917,0.0982370106324385,0.8437631208616838,6.5323249237197905,0.7735343894042692,0.9403765828072963,0.5189029081412186
0.10212494872010316,0.030037016358722357,0.7573856748633364,6.2481273120203245,0.7706216351431913,1.1657240030606424,0.029070924775262148,0.10212494872010316,0.030037016358722357,0.7573856748633364,6.2481273120203245,0.7706216351431913,1.1657240030606424,0.029070924775262148
0.11586581966712702,0.04237248765553027,0.9561177066588515,5.918359994277207,0.773815405762773,0.7801440429611551,0.5440329254506581,0.11586581966712702,0.04237248765553027,0.9561177066588515,5.918359994277207,0.773815405762773,0.7801440429611551,0.5440329254506581
0.0943133062887054,0.011725241142499423,0.7644599111437987,6.141478775672762,0.7696252209540072,1.190368162320833,0.012167666056465055,0.0943133062887054,0.011725241142499423,0.7644599111437987,6.141478775672762,0.7696252209540072,1.190368162320833,0.012167666056465055
0.7517586740687657,0.26724095004664167,0.12503522796459038,4.828351659869089,0.7608512934428973,0.9534016839278691,0.7032971397664823,0.7517586740687657,0.26724095004664167,0.12503522796459038,4.828351659869089,0.7608512934428973,0.9534016839278691,0.7032971397664823
0.7718849943022381,0.09281042807302647,0.09347891649848875,6.392033570545887,0.7767555403795282,0.7799274035589436,0.6282411061775357,0.7718849943022381,0.09281042807302647,0.09347891649848875,6.392033570545887,0.7767555403795282,0.7799274035589436,0.6282411061775357
0.7525836821691565,0.09080701485805655,0.09146565235632416,6.327419945581284,0.7701805364087332,1.1432495759700083,0.510326498979195,0.7525836821691565,0.09080701485805655,0.09146565235632416,6.327419945581284,0.7701805364087332,1.1432495759700083,0.510326498979195
0.1142692760482441,0.8013780455157343,0.100834204108032,6.120396475344066,0.7692322068691192,1.0442051566720862,0.612935676816385,0.1142692760482441,0.8013780455157343,0.100834204108032,6.120396475344066,0.7692322068691192,1.0442051566720862,0.612935676816385
0.5989337033706643,0.5984528083877809,0.13882633077575438,4.616777210406725,0.7699675746910493,0.8431028410545512,0.0011963077014734498,0.5989337033706643,0.5984528083877809,0.13882633077575438,4.616777210406725,0.7699675746910493,0.8431028410545512,0.0011963077014734498
0.7104264400423344,0.07899094078422392,0.28052944600121804,6.893511651522142,0.7712456754698813,0.8399257762183969,0.9465848708737782,0.7104264400423344,0.07899094078422392,0.28052944600121804,6.893511651522142,0.7712456754698813,0.8399257762183969,0.9465848708737782
0.03818410749048116,0.21166370484361866,1.288949215343748,4.432306311677516,0.774438292850327,0.7818245798172725,0.0,0.03818410749048116,0.21166370484361866,1.288949215343748,4.432306311677516,0.774438292850327,0.7818245798172725,0.0
0.10365913289932782,0.7441326928917373,0.18505876329655402,5.89738071931967,0.7738347415609618,0.8053787344212846,0.5775516568144244,0.10365913289932782,0.7441326928917373,0.18505876329655402,5.89738071931967,0.7738347415609618,0.8053787344212846,0.5775516568144244
0.09371856707929678,0.5782404903467917,0.5383633105555714,5.3475570512815755,0.758202112195117,1.2131135083869333,0.7087884852151519,0.09371856707929678,0.5782404903467917,0.5383633105555714,5.3475570512815755,0.758202112195117,1.2131135083869333,0.7087884852151519
0.7570683555180816,0.09357711239842895,0.0900938698476092,6.512140355823198,0.7734853105186084,1.0723317295738066,0.021137634719410835,0.7570683555180816,0.09357711239842895,0.0900938698476092,6.512140355823198,0.7734853105186084,1.0723317295738066,0.021137634719410835
0.2040577961455819,0.9037945930035577,0.1080206316928881,6.525137831184818,0.7653395446063795,1.3189075625339606,0.6278142385582012,0.2040577961455819,0.9037945930035577,0.1080206316928881,6.525137831184818,0.7653395446063795,1.3189075625339606,0.6278142385582012
0.07610462072854798,0.07615580260116778,0.9342188684221656,6.702932678719153,0.7796893140159162,0.7828556856913528,0.3159861078944198,0.07610462072854798,0.07615580260116778,0.9342188684221656,6.702932678719153,0.7796893140159162,0.7828556856913528,0.3159861078944198
3.8655838677231604,0.7212760500165202,0.7337244263962396,0.771762567065442,0.7601648782269826,0.7732718900884125,0.5956200486226123,3.8655838677231604,0.7212760500165202,0.7337244263962396,0.771762567065442,0.7601648782269826,0.7732718900884125,0.5956200486226123
0.14440540052377304,0.8588965216228325,0.13868584287426508,5.041310478291108,0.7669969800657145,0.938590782227977,0.5084340368601288,0.14440540052377304,0.8588965216228325,0.13868584287426508,5.041310478291108,0.7669969800657145,0.938590782227977,0.5084340368601288
0.003822934545131402,0.02522150474884573,0.1534673989812079,0.8219967871846111,0.11820588655106944,5.544770715181267,0.0,0.003822934545131402,0.02522150474884573,0.1534673989812079,0.8219967871846111,0.11820588655106944,5.544770715181267,0.0
0.7119595780986536,0.2817488426932292,0.11802689926762679,5.290142364187982,0.7613237001762895,0.949227089706633,0.9107554278918055,0.7119595780986536,0.2817488426932292,0.11802689926762679,5.290142364187982,0.7613237001762895,0.949227089706633,0.9107554278918055
1.2053348624975129,0.19743337594109497,0.14832538268669238,6.282676521409133,0.7787128022164633,0.8037038999893649,0.007685398486279639,1.2053348624975129,0.19743337594109497,0.14832538268669238,6.282676521409133,0.7787128022164633,0.8037038999893649,0.007685398486279639
0.09646195729712484,0.5847957809825534,0.5449224210550925,5.307351526544532,0.7709963256428598,0.7776685828478785,0.6943591967167256,0.09646195729712484,0.5847957809825534,0.5449224210550925,5.307351526544532,0.7709963256428598,0.7776685828478785,0.6943591967167256
0.8087106325747963,0.12091174169082507,0.12225568885848792,5.070932132523776,0.8704456562444928,0.7813641462634887,0.488984386038303,0.8087106325747963,0.12091174169082507,0.12225568885848792,5.070932132523776,0.8704456562444928,0.7813641462634887,0.488984386038303
0.08216712477731285,0.08581077572424924,0.8967279090411797,5.710127882316516,0.7694467575066991,0.7727148167946513,0.9691578934077669,0.08216712477731285,0.08581077572424924,0.8967279090411797,5.710127882316516,0.7694467575066991,0.7727148167946513,0.9691578934077669
0.016781375286829457,0.09834045034186475,0.7566808455334264,5.782043899204939,0.7689458732061394,0.775634953020447,0.8309890967576145,0.016781375286829457,0.09834045034186475,0.7566808455334264,5.782043899204939,0.7689458732061394,0.775634953020447,0.8309890967576145
0.7702315960335989,0.09502959066255456,0.09575013474322736,6.224098832001201,0.7748080846870413,0.7798343920892008,0.6120229948282156,0.7702315960335989,0.09502959066255456,0.09575013474322736,6.224098832001201,0.7748080846870413,0.7798343920892008,0.6120229948282156
0.039862180701177245,0.2250070599296453,0.7795798309086899,5.280081969440113,0.9259162285208484,0.7774686863862389,0.6392713092126825,0.039862180701177245,0.2250070599296453,0.7795798309086899,5.280081969440113,0.9259162285208484,0.7774686863862389,0.6392713092126825
0.09453851789835932,0.7804486818519051,0.09547203426946303,6.235090407868538,0.7619937296038575,1.264717196783356,0.904550761378171,0.09453851789835932,0.7804486818519051,0.09547203426946303,6.235090407868538,0.7619937296038575,1.264717196783356,0.904550761378171
0.7347902294928921,4.936130447371611,0.7428867927760107,0.8536750679604103,0.7669630947939233,0.7704580943215597,0.9379756533825541,0.7347902294928921,4.936130447371611,0.7428867927760107,0.8536750679604103,0.7669630947939233,0.7704580943215597,0.9379756533825541
0.1272982746687518,0.01595974686961369,0.9251068991454054,6.204761587942477,0.7711453689226588,1.0733051949993957,0.42245061593898187,0.1272982746687518,0.01595974686961369,0.9251068991454054,6.204761587942477,0.7711453689226588,1.0733051949993957,0.42245061593898187
0.11296318526084499,0.826738437638748,0.10030004871876128,6.525856104297088,0.7719922675706148,0.7771432776738152,0.8625888238460387,0.11296318526084499,0.826738437638748,0.10030004871876128,6.525856104297088,0.7719922675706148,0.7771432776738152,0.8625888238460387
0.061556771419114496,0.07835069852477623,0.07997959592016536,0.8924072797612124,5.507752851817365,0.8066530980116601,0.7557745974710564,0.061556771419114496,0.07835069852477623,0.07997959592016536,0.8924072797612124,5.507752851817365,0.8066530980116601,0.7557745974710564
0.11448791873527196,0.01465101550566966,0.7541680828575735,6.0824257397493,0.7692217956158468,1.0538016401834738,0.5791798016615114,0.11448791873527196,0.01465101550566966,0.7541680828575735,6.0824257397493,0.7692217956158468,1.0538016401834738,0.5791798016615114
0.7355213022491833,0.16968929274368436,0.17546025044379068,6.259995458848477,0.7783037679040085,0.7837870036829205,0.014694279221928546,0.7355213022491833,0.16968929274368436,0.17546025044379068,6.259995458848477,0.7783037679040085,0.7837870036829205,0.014694279221928546
0.09638556865192152,0.8669464430964687,0.14664489197985714,6.846974316428549,0.7688591941800896,1.0521767501646584,0.9765370072813122,0.09638556865192152,0.8669464430964687,0.14664489197985714,6.846974316428549,0.7688591941800896,1.0521767501646584,0.9765370072813122
0.5652983612810479,0.6789836297460495,0.1550742471064387,4.767095161649236,0.7657985960146558,0.9035439401756631,0.4766785282406356,0.5652983612810479,0.6789836297460495,0.1550742471064387,4.767095161649236,0.7657985960146558,0.9035439401756631,0.4766785282406356
0.04172510167391092,0.2440640131033114,1.5912226328225745,5.039248131878882,0.7716564191974932,0.9060026105880011,0.0,0.04172510167391092,0.2440640131033114,1.5912226328225745,5.039248131878882,0.7716564191974932,0.9060026105880011,0.0
0.08383055449282699,0.09282603255342835,0.7562160937893733,5.870328772919181,0.7730318737928887,0.8195379719344804,0.5243723430928456,0.08383055449282699,0.09282603255342835,0.7562160937893733,5.870328772919181,0.7730318737928887,0.8195379719344804,0.5243723430928456
0.4732354794563618,0.5301976687991827,0.3045745895971948,5.570866584264127,0.7756483371485405,0.7868214475411498,0.17415660797328916,0.4732354794563618,0.5301976687991827,0.3045745895971948,5.570866584264127,0.7756483371485405,0.7868214475411498,0.17415660797328916
0.4685465683231075,0.5254570108616212,0.29756088232213357,5.746730175360669,0.76678967889238,0.7777917385116396,0.9564083072062586,0.4685465683231075,0.5254570108616212,0.29756088232213357,5.746730175360669,0.76678967889238,0.7777917385116396,0.9564083072062586
5.445314005837304e-18,4.875115744210015e-17,6.661642825543142e-18,4.2243029449505683e-16,6.092279400967214e-17,4.807736561184054e-17,7.060708503702647,5.445314005837304e-18,4.875115744210015e-17,6.661642825543142e-18,4.2243029449505683e-16,6.092279400967214e-17,4.807736561184054e-17,7.060708503702647
0.13453541566776206,0.01832198074570937,0.9090154997557149,5.717866808847999,0.7748584506068275,0.7837319818626793,0.3883815005649261,0.13453541566776206,0.01832198074570937,0.9090154997557149,5.717866808847999,0.7748584506068275,0.7837319818626793,0.3883815005649261
0.8454993639120691,0.10333811512526152,0.12762175036269738,6.27308330250219,0.774455951797393,1.0047584614705618,0.041617309520253803,0.8454993639120691,0.10333811512526152,0.12762175036269738,6.27308330250219,0.774455951797393,1.0047584614705618,0.041617309520253803
0.8124330842415638,0.28324973149246796,0.141972265116672,4.90704274137621,0.7703914793645169,0.781579292389059,0.42782087852716205,0.8124330842415638,0.28324973149246796,0.141972265116672,4.90704274137621,0.7703914793645169,0.781579292389059,0.42782087852716205
0.2271654004771541,0.03894100685192709,0.7322500988561396,5.926766547998618,1.0933800247151921,0.7807750467304442,0.48924700277430233,0.2271654004771541,0.03894100685192709,0.7322500988561396,5.926766547998618,1.0933800247151921,0.7807750467304442,0.48924700277430233
0.6400569259244583,0.08081377707900123,0.40815770591093903,6.056451378075243,0.7690415936616055,0.9893040975462112,0.7257991336391919,0.6400569259244583,0.08081377707900123,0.40815770591093903,6.056451378075243,0.7690415936616055,0.9893040975462112,0.7257991336391919
0.02681380728697455,0.12352774271132196,0.763808173553204,4.733009308685425,0.769482460425431,0.7748411516230038,0.6761029959982846,0.02681380728697455,0.12352774271132196,0.763808173553204,4.733009308685425,0.769482460425431,0.7748411516230038,0.6761029959982846
0.10673895713856024,0.7748954465122565,0.10728194706819809,5.546979274729452,0.7684553172920432,0.7851939699866092,0.7769593862847975,0.10673895713856024,0.7748954465122565,0.10728194706819809,5.546979274729452,0.7684553172920432,0.7851939699866092,0.7769593862847975
0.10852431327752976,0.03637088168295845,0.8259272371024521,5.558913733658914,0.7667667066264261,1.2132706062327587,0.0035772427384550415,0.10852431327752976,0.03637088168295845,0.8259272371024521,5.558913733658914,0.7667667066264261,1.2132706062327587,0.0035772427384550415
1.1976366567220105,0.19908929423054353,0.19812173816894108,4.562215397994836,0.771086829997051,0.7812864967304954,0.20405319588021306,1.1976366567220105,0.19908929423054353,0.19812173816894108,4.562215397994836,0.771086829997051,0.7812864967304954,0.20405319588021306
0.10572400453798245,0.7574093850726997,0.10503171112681939,5.566306160477176,0.7721823023101343,0.9680114217420347,0.0,0.10572400453798245,0.7574093850726997,0.10503171112681939,5.566306160477176,0.7721823023101343,0.9680114217420347,0.0
0.1236104203701263,0.017074497081202726,0.01881301483607962,0.7639915627970644,0.11480430339213017,5.667119080779463,0.10278530216331429,0.1236104203701263,0.017074497081202726,0.01881301483607962,0.7639915627970644,0.11480430339213017,5.667119080779463,0.10278530216331429
0.11750319957807939,0.03861523687556059,0.8920272898261127,5.5064052156674785,0.7604816021153563,1.2014722268992064,0.6797925661599611,0.11750319957807939,0.03861523687556059,0.8920272898261127,5.5064052156674785,0.7604816021153563,1.2014722268992064,0.6797925661599611
0.10100997714941054,0.8015314259877963,0.11949670096659179,6.0642936238699034,0.7712275318448227,0.7772290770209674,0.7812096133140434,0.10100997714941054,0.8015314259877963,0.11949670096659179,6.0642936238699034,0.7712275318448227,0.7772290770209674,0.7812096133140434
0.08259844879752704,0.08545244239307283,0.8970810389320245,5.71260425839458,0.7697411695412715,0.7730096009587584,0.9554913024016183,0.08259844879752704,0.08545244239307283,0.8970810389320245,5.71260425839458,0.7697411695412715,0.7730096009587584,0.9554913024016183
0.013796792974713413,0.10479879040831479,0.8979067287204516,6.508035067982095,0.7735428483893599,0.939898979978946,0.5176179438252579,0.013796792974713413,0.10479879040831479,0.8979067287204516,6.508035067982095,0.7735428483893599,0.939898979978946,0.5176179438252579
3.8561569411608,0.7280209477685098,0.7408818971547605,0.7539700433265193,0.7673127969579019,0.7808448707133776,0.012498960315541836,3.8561569411608,0.7280209477685098,0.7408818971547605,0.7539700433265193,0.7673127969579019,0.7808448707133776,0.012498960315541836
0.015150736764700348,0.09820460119090169,0.7545021967473072,5.779499730248885,0.7632953435332075,0.9673824574968821,0.9675618666816658,0.015150736764700348,0.09820460119090169,0.7545021967473072,5.779499730248885,0.7632953435332075,0.9673824574968821,0.9675618666816658
0.613241413992877,0.0721870134292754,0.4673923653852887,7.0449800713982205,0.7779192800397947,0.7829903973692214,0.42411906597358556,0.613241413992877,0.0721870134292754,0.4673923653852887,7.0449800713982205,0.7779192800397947,0.7829903973692214,0.42411906597358556
0.3996600201997226,0.6330139126806458,0.5208108909038784,6.82969788943353,0.865860851930761,0.7799176156631832,0.7119286266791075,0.3996600201997226,0.6330139126806458,0.5208108909038784,6.82969788943353,0.865860851930761,0.7799176156631832,0.7119286266791075
0.6635549627035958,0.23395044503597717,0.3163956002630565,7.244522879502794,0.7702848861899352,1.0340610999483348,0.9719451647809917,0.6635549627035958,0.23395044503597717,0.3163956002630565,7.244522879502794,0.7702848861899352,1.0340610999483348,0.9719451647809917
0.746731991972603,0.10497597864430089,0.16041657884183286,5.406219066500114,0.7677232185759724,0.7764312497305766,0.7804995166945342,0.746731991972603,0.10497597864430089,0.16041657884183286,5.406219066500114,0.7677232185759724,0.7764312497305766,0.7804995166945342
0.7507683830046824,5.667016008002746,0.7533316439254015,0.8795817808412323,0.7747076390199145,0.7780268495132111,0.8396953237220246,0.7507683830046824,5.667016008002746,0.7533316439254015,0.8795817808412323,0.7747076390199145,0.7780268495132111,0.8396953237220246
0.030758333795478772,0.024681359085793296,0.14868091543549442,0.7481074207027473,3.717646035180922,0.7811870812107949,0.10126595652049264,0.030758333795478772,0.024681359085793296,0.14868091543549442,0.7481074207027473,3.717646035180922,0.7811870812107949,0.10126595652049264
0.02456287657137081,0.17996549116113011,0.746581347792995,5.58779248471018,0.769568142913823,0.9524572157522507,0.4830595184544941,0.02456287657137081,0.17996549116113011,0.746581347792995,5.58779248471018,0.769568142913823,0.9524572157522507,0.4830595184544941
0.7490470672674732,0.11216865852172009,5.10377653850749,0.7656935321172178,0.7741110802196546,0.7825567040041651,0.01577638513856608,0.7490470672674732,0.11216865852172009,5.10377653850749,0.7656935321172178,0.7741110802196546,0.7825567040041651,0.01577638513856608
0.08756620094325993,0.039150354759678825,0.8378286747802937,6.689037577148971,0.7725452171005311,0.7769143174536601,0.9046242433894843,0.08756620094325993,0.039150354759678825,0.8378286747802937,6.689037577148971,0.7725452171005311,0.7769143174536601,0.9046242433894843
0.7409716247515568,0.13717655800439407,0.11319124695619977,5.333228927129589,0.7658468507564211,0.9539314934003484,0.6718277056635529,0.7409716247515568,0.13717655800439407,0.11319124695619977,5.333228927129589,0.7658468507564211,0.9539314934003484,0.6718277056635529
0.7598621169461529,0.11593591995058862,0.1170641096000419,5.9357447844738545,0.7728590027188947,0.8549128175193704,0.5701148950421888,0.7598621169461529,0.11593591995058862,0.1170641096000419,5.9357447844738545,0.7728590027188947,0.8549128175193704,0.5701148950421888
0.09315115537605664,0.760479541516732,0.10096893608184196,6.242675882487021,0.7716189032671865,1.1654095160065177,0.04200744741025052,0.09315115537605664,0.760479541516732,0.10096893608184196,6.242675882487021,0.7716189032671865,1.1654095160065177,0.04200744741025052
0.7109229640735886,0.21034948125136405,0.18711172832374653,5.5841880284704315,0.771898767662219,0.8035602152905961,0.5483008536300609,0.7109229640735886,0.21034948125136405,0.18711172832374653,5.5841880284704315,0.771898767662219,0.8035602152905961,0.5483008536300609
0.5512757469894132,0.6681633059024416,0.14958987346670718,4.36308612749103,0.7686082386673107,0.7846357713135909,0.28020603425177437,0.5512757469894132,0.6681633059024416,0.14958987346670718,4.36308612749103,0.7686082386673107,0.7846357713135909,0.28020603425177437
0.0923932332338734,0.782962634703521,0.09327838515073172,6.40724590559455,0.7625342780481155,1.280217537560029,0.9283239780817241,0.0923932332338734,0.782962634703521,0.09327838515073172,6.40724590559455,0.7625342780481155,1.280217537560029,0.9283239780817241
0.8333364332488952,0.165711244960644,0.14625872908508888,4.688143861338824,0.7550825853062181,1.1695147288375616,0.5774451014913426,0.8333364332488952,0.165711244960644,0.14625872908508888,4.688143861338824,0.7550825853062181,1.1695147288375616,0.5774451014913426
0.5613733058335665,0.5618323068729574,0.1146203235245519,5.403740644859344,0.7690792686743321,0.776541871008202,0.7110530604298493,0.5613733058335665,0.5618323068729574,0.1146203235245519,5.403740644859344,0.7690792686743321,0.776541871008202,0.7110530604298493
0.23838593825966395,0.19081151953107336,0.7330219594120193,3.857047466289501,0.8179068236283639,0.7783057053192635,0.40298694761112785,0.23838593825966395,0.19081151953107336,0.7330219594120193,3.857047466289501,0.8179068236283639,0.7783057053192635,0.40298694761112785
0.10316837323082867,0.7513835259448545,0.11992536513082866,5.5410485208278875,0.7690564287087275,1.1159164568091025,0.025950208877273295,0.10316837323082867,0.7513835259448545,0.11992536513082866,5.5410485208278875,0.7690564287087275,1.1159164568091025,0.025950208877273295
0.704041076615054,0.08078477222485149,0.2798710088992362,6.626383310031722,0.7665870666685259,1.1586805276262064,0.9174898492597757,0.704041076615054,0.08078477222485149,0.2798710088992362,6.626383310031722,0.7665870666685259,1.1586805276262064,0.9174898492597757
0.456753223520332,0.7112551756057713,0.10631705517156,6.517463419313967,0.7700658528891603,0.9500029613244362,0.8981252020789698,0.456753223520332,0.7112551756057713,0.10631705517156,6.517463419313967,0.7700658528891603,0.9500029613244362,0.8981252020789698
0.6763083632904313,0.12232205542392158,0.4562316558569427,4.6513882198767,0.7559904318367062,0.950179385726482,0.8408842429336302,0.6763083632904313,0.12232205542392158,0.4562316558569427,4.6513882198767,0.7559904318367062,0.950179385726482,0.8408842429336302
0.25709828763173237,0.9000679110465608,0.2512374988532004,4.052926272732111,0.7569248893960352,0.9214403118208344,0.564773644432281,0.25709828763173237,0.9000679110465608,0.2512374988532004,4.052926272732111,0.7569248893960352,0.9214403118208344,0.564773644432281
0.11871357585090711,0.7505235993637639,0.12384539071124699,5.419939591294762,0.7678919175428603,0.8060814097616807,0.7824881614372651,0.11871357585090711,0.7505235993637639,0.12384539071124699,5.419939591294762,0.7678919175428603,0.8060814097616807,0.7824881614372651
0.7336285445837869,0.17035847835878468,0.12045789147404641,6.7173369156460145,0.7662627419404999,1.1160695566976284,0.9429401971293,0.7336285445837869,0.17035847835878468,0.12045789147404641,6.7173369156460145,0.7662627419404999,1.1160695566976284,0.9429401971293
0.7810356524188737,0.09993971125534834,0.1488827417802483,6.018461404123645,0.7783570881463959,0.7834539915123855,0.03445010733613052,0.7810356524188737,0.09993971125534834,0.1488827417802483,6.018461404123645,0.7783570881463959,0.7834539915123855,0.03445010733613052
0.024514726833713262,0.13141796141905526,0.7238005187302544,3.944064556499638,0.7410507038240345,0.9718364921198538,0.9492593040107025,0.024514726833713262,0.13141796141905526,0.7238005187302544,3.944064556499638,0.7410507038240345,0.9718364921198538,0.9492593040107025
0.06826798578594534,0.06906588980939898,0.7669424441243456,6.08774182646354,0.7783949325613604,0.7866570855979671,0.03792324016295628,0.06826798578594534,0.06906588980939898,0.7669424441243456,6.08774182646354,0.7783949325613604,0.7866570855979671,0.03792324016295628
0.6148737635360771,0.11192319686507086,0.4131862906374584,5.1032603505036125,0.7567716608516867,0.9692777043859552,0.9750471765379747,0.6148737635360771,0.11192319686507086,0.4131862906374584,5.1032603505036125,0.7567716608516867,0.9692777043859552,0.9750471765379747
0.4664993246799044,0.4549223883705121,0.408467500934367,6.36099593431107,0.7750894556443868,0.9788534901526019,0.0,0.4664993246799044,0.4549223883705121,0.408467500934367,6.36099593431107,0.7750894556443868,0.9788534901526019,0.0
0.7493951720018273,0.11089552243219555,5.119311592392605,0.765805495092993,0.7741778254276187,0.7825758855903511,0.0014391438988900817,0.7493951720018273,0.11089552243219555,5.119311592392605,0.765805495092993,0.7741778254276187,0.7825758855903511,0.0014391438988900817
0.11601027821003797,0.08921356141089398,0.02445758721489397,0.7371914034881585,4.713878760265741,1.1875599620215895,0.6735035018218076,0.11601027821003797,0.08921356141089398,0.02445758721489397,0.7371914034881585,4.713878760265741,1.1875599620215895,0.6735035018218076
0.8494132220494612,0.11276786499920342,0.3427972872087542,5.761170520026521,0.7749971802508832,0.7814061403328979,0.3934391130075016,0.8494132220494612,0.11276786499920342,0.3427972872087542,5.761170520026521,0.7749971802508832,0.7814061403328979,0.3934391130075016
0.008905055912733542,0.0744860763334634,0.008276358383028634,0.7764231242363812,0.07578559748242969,8.077937931707968,0.2653863881994703,0.008905055912733542,0.0744860763334634,0.008276358383028634,0.7764231242363812,0.07578559748242969,8.077937931707968,0.2653863881994703
0.7308404501022084,0.09566727191740934,0.2871174326352077,5.84507526136257,0.7721249316860725,1.0078685145320807,0.08704067852206823,0.7308404501022084,0.09566727191740934,0.2871174326352077,5.84507526136257,0.7721249316860725,1.0078685145320807,0.08704067852206823
0.14313860837327874,0.7355822267979987,0.10366800624861716,5.459186266644959,0.7624321741696405,1.1190166134285653,0.6591110704766265,0.14313860837327874,0.7355822267979987,0.10366800624861716,5.459186266644959,0.7624321741696405,1.1190166134285653,0.6591110704766265
0.745340095911267,0.24114287390162678,0.09465381168295851,7.192106827381421,0.7791756482531206,0.790562841479231,0.25591882095487295,0.745340095911267,0.24114287390162678,0.09465381168295851,7.192106827381421,0.7791756482531206,0.790562841479231,0.25591882095487295
0.8496144967627814,0.10286997643051833,0.11217858312987729,6.357642312096096,0.774690129970696,1.008218688404165,0.04215204236065469,0.8496144967627814,0.10286997643051833,0.11217858312987729,6.357642312096096,0.774690129970696,1.008218688404165,0.04215204236065469
0.11390586357900119,0.7477324034947118,0.13017489152795894,5.653766184503693,0.7745177852931183,0.7816310404461425,0.3474451010855089,0.11390586357900119,0.7477324034947118,0.13017489152795894,5.653766184503693,0.7745177852931183,0.7816310404461425,0.3474451010855089
0.7843354954991202,6.43397900239598,0.9042218302304366,1.2992617592775042,0.7783554459969483,0.7836339182313093,0.0,0.7843354954991202,6.43397900239598,0.9042218302304366,1.2992617592775042,0.7783554459969483,0.7836339182313093,0.0
0.807685241076305,0.12705088265534661,0.13092426674560345,4.769269459935102,0.761540893514204,1.1520828019765617,0.025281187340939603,0.807685241076305,0.12705088265534661,0.13092426674560345,4.769269459935102,0.761540893514204,1.1520828019765617,0.025281187340939603
0.709224905645311,0.2545209447210216,0.13973294427408695,4.3162689657307425,0.8127842217180407,0.7814509674920453,0.025378950030473652,0.709224905645311,0.2545209447210216,0.13973294427408695,4.3162689657307425,0.8127842217180407,0.7814509674920453,0.025378950030473652
0.13971471144238268,0.7288950632883406,0.11841824397815495,4.710216677512441,0.7736835915187701,0.7718020383515647,0.8332937404408072,0.13971471144238268,0.7288950632883406,0.11841824397815495,4.710216677512441,0.7736835915187701,0.7718020383515647,0.8332937404408072
0.7485105499081058,0.10754454940191757,0.11901378390757818,5.266802590508932,0.7656060568130787,0.7906005647981973,0.8690436714239472,0.7485105499081058,0.10754454940191757,0.11901378390757818,5.266802590508932,0.7656060568130787,0.7906005647981973,0.8690436714239472
0.1195612452554183,0.7380150902133739,0.11809514343414815,4.788837897755339,0.7658332230476174,0.7753292931975407,0.6629398140352555,0.1195612452554183,0.7380150902133739,0.11809514343414815,4.788837897755339,0.7658332230476174,0.7753292931975407,0.6629398140352555
0.7102370210586874,0.09336569466552944,0.2736229105162689,6.268388054842916,0.7691433211292507,0.7750674816251607,0.9670251099048667,0.7102370210586874,0.09336569466552944,0.2736229105162689,6.268388054842916,0.7691433211292507,0.7750674816251607,0.9670251099048667
0.08419364179746211,0.753644364472013,0.08740120389327719,6.817630907003675,0.7663933252084284,1.2173324370962393,0.8393514273950127,0.08419364179746211,0.753644364472013,0.08740120389327719,6.817630907003675,0.7663933252084284,1.2173324370962393,0.8393514273950127
4.238166407796917e-17,1.1847061146092473e-17,1.0840554965841623e-17,1.9006577721095897e-16,4.6399584329189615e-17,4.7657817864071904e-17,3.370858977534356,4.238166407796917e-17,1.1847061146092473e-17,1.0840554965841623e-17,1.9006577721095897e-16,4.6399584329189615e-17,4.7657817864071904e-17,3.370858977534356
0.17940319508957528,0.024208725366173977,1.379688777812247,5.727231569304264,0.7724720834158442,0.9609299403580611,0.250425307897649,0.17940319508957528,0.024208725366173977,1.379688777812247,5.727231569304264,0.7724720834158442,0.9609299403580611,0.250425307897649
0.2947994206083174,0.6983382901901777,0.10525547062455695,5.620648867763488,0.772346659637668,0.8855362524075274,0.3556522277742848,0.2947994206083174,0.6983382901901777,0.10525547062455695,5.620648867763488,0.772346659637668,0.8855362524075274,0.3556522277742848
0.7477568486200827,0.10339531616345704,0.10971298810082808,5.515864022940647,0.9343847988714165,0.7807240722930445,0.4287031545363079,0.7477568486200827,0.10339531616345704,0.10971298810082808,5.515864022940647,0.9343847988714165,0.7807240722930445,0.4287031545363079
0.2900530938838971,0.6511802445191197,0.46842995589974457,6.64850451635939,0.7710538198775614,0.8652120701622925,0.9254930709028752,0.2900530938838971,0.6511802445191197,0.46842995589974457,6.64850451635939,0.7710538198775614,0.8652120701622925,0.9254930709028752
6.152563418786165,1.515421798919144,0.9090381169436876,1.2351212882049358,0.979339448442618,0.8422749951724637,0.0,6.152563418786165,1.515421798919144,0.9090381169436876,1.2351212882049358,0.979339448442618,0.8422749951724637,0.0
0.06552409448282316,0.09783323775506689,0.7552184561576105,4.871168222199136,0.9017473227664897,0.7815235156849106,0.22185835604152862,0.06552409448282316,0.09783323775506689,0.7552184561576105,4.871168222199136,0.9017473227664897,0.7815235156849106,0.22185835604152862
0.022959644486549663,0.17660350418718213,0.749471537983167,5.878886741013648,0.7709689511776318,0.9630995386204957,0.5068593411616809,0.022959644486549663,0.17660350418718213,0.749471537983167,5.878886741013648,0.7709689511776318,0.9630995386204957,0.5068593411616809
0.13876573046300497,0.047061820696965316,0.9521065249208364,4.907346754768453,0.7696537983111607,0.8111785134255731,0.44003306409531323,0.13876573046300497,0.047061820696965316,0.9521065249208364,4.907346754768453,0.7696537983111607,0.8111785134255731,0.44003306409531323
0.7654543714157284,0.11321042348643608,0.4444946528994068,5.1063015292928355,0.7670106831004176,1.0136762656036038,0.3516246446509777,0.7654543714157284,0.11321042348643608,0.4444946528994068,5.1063015292928355,0.7670106831004176,1.0136762656036038,0.3516246446509777
0.09966295698917527,0.014566606455867501,0.7725999831312765,5.879430876889798,0.7732860252600369,0.7797326089639595,0.5695634048862696,0.09966295698917527,0.014566606455867501,0.7725999831312765,5.879430876889798,0.7732860252600369,0.7797326089639595,0.5695634048862696
0.11151127323118136,0.6730524651716431,0.4583542795898318,5.265466387598669,0.7613105206912499,0.9512822725614303,0.8877512288940133,0.11151127323118136,0.6730524651716431,0.4583542795898318,5.265466387598669,0.7613105206912499,0.9512822725614303,0.8877512288940133
0.14861288910331757,0.8589164862248023,0.1209210172764112,5.510865404100827,0.7741645038336911,0.7825993851330814,0.33024104295588114,0.14861288910331757,0.8589164862248023,0.1209210172764112,5.510865404100827,0.7741645038336911,0.7825993851330814,0.33024104295588114
0.09488748977991962,0.013481246158301994,0.7576692327890402,6.226141593403044,0.9586038066584469,1.0683236076904192,0.021545835422077098,0.09488748977991962,0.013481246158301994,0.7576692327890402,6.226141593403044,0.9586038066584469,1.0683236076904192,0.021545835422077098
0.10889321227031096,0.7448924620211798,0.11108288091929641,5.225261896456743,0.7692935732852014,1.0105777464145351,0.000025217486052946256,0.10889321227031096,0.7448924620211798,0.11108288091929641,5.225261896456743,0.7692935732852014,1.0105777464145351,0.000025217486052946256
0.11140904395759044,0.013461148643132697,0.9287658997831952,6.3414612024530586,0.774508038223716,0.7810774801868297,0.6035775028711039,0.11140904395759044,0.013461148643132697,0.9287658997831952,6.3414612024530586,0.774508038223716,0.7810774801868297,0.6035775028711039
0.09636965683575484,0.09629186258115015,0.8487109663345636,4.722770209432515,0.7705374437898339,0.8449073612727475,0.0012215654664153863,0.09636965683575484,0.09629186258115015,0.8487109663345636,4.722770209432515,0.7705374437898339,0.8449073612727475,0.0012215654664153863
0.07751136252672519,0.09111561694580908,0.8206390638985446,5.2793356401997835,0.7675324953536936,1.1173610444171038,0.026368921209242148,0.07751136252672519,0.09111561694580908,0.8206390638985446,5.2793356401997835,0.7675324953536936,1.1173610444171038,0.026368921209242148
0.05874831770883344,0.07112902878745436,0.7502400222461203,6.147188278552673,0.7679324040150531,1.2609659236071256,0.816884952926171,0.05874831770883344,0.07112902878745436,0.7502400222461203,6.147188278552673,0.7679324040150531,1.2609659236071256,0.816884952926171
0.12487168085565653,0.7338590887323184,0.16883980511940988,5.870126478746235,0.7768889044815169,1.0483712709285467,0.3846451079160878,0.12487168085565653,0.7338590887323184,0.16883980511940988,5.870126478746235,0.7768889044815169,1.0483712709285467,0.3846451079160878
0.1964273280400861,0.7252277484868634,0.12100867297726568,5.666596154304288,0.8639698743659461,0.7805679829108861,0.960013117385451,0.1964273280400861,0.7252277484868634,0.12100867297726568,5.666596154304288,0.8639698743659461,0.7805679829108861,0.960013117385451
0.2834106533017328,0.7067765496737767,0.13265309818835297,4.315124048534418,0.7656235287888233,0.7824278368821564,0.5660888292676745,0.2834106533017328,0.7067765496737767,0.13265309818835297,4.315124048534418,0.7656235287888233,0.7824278368821564,0.5660888292676745
0.029830988557802186,0.20237506861434829,0.7386510880127045,5.167582221338931,0.7698552240140673,0.9390459804832292,0.22132338268919227,0.029830988557802186,0.20237506861434829,0.7386510880127045,5.167582221338931,0.7698552240140673,0.9390459804832292,0.22132338268919227
0.11975362690387256,0.018133608971762562,0.828663830592245,5.895595396346976,0.7656176352383153,1.0570797444146345,0.7502676248133398,0.11975362690387256,0.018133608971762562,0.828663830592245,5.895595396346976,0.7656176352383153,1.0570797444146345,0.7502676248133398
0.7160881708746007,3.6888923076822877,0.7838015051002877,0.745154591375452,0.7590848059648173,0.7732347187748456,0.5611833711451771,0.7160881708746007,3.6888923076822877,0.7838015051002877,0.745154591375452,0.7590848059648173,0.7732347187748456,0.5611833711451771
0.8606971369037567,0.1586977434428238,0.1380114609886137,5.237915864372397,0.7607025989637153,1.2273700429041243,0.43984232835456255,0.8606971369037567,0.1586977434428238,0.1380114609886137,5.237915864372397,0.7607025989637153,1.2273700429041243,0.43984232835456255
0.8555338037726798,0.143374875476153,0.1453742638774521,4.483659112999434,0.8956738598260331,0.7805077677792992,0.29269439274460884,0.8555338037726798,0.143374875476153,0.1453742638774521,4.483659112999434,0.8956738598260331,0.7805077677792992,0.29269439274460884
0.09420538926225494,0.7596475076376713,0.09972746949602203,6.21702983730604,0.7771992124752419,0.782862212661426,0.2373491850394482,0.09420538926225494,0.7596475076376713,0.09972746949602203,6.21702983730604,0.7771992124752419,0.782862212661426,0.2373491850394482
0.7572174183222954,0.10021929275963307,0.10635466281029055,5.808129238791071,0.7832079597852837,0.7989290834734468,0.2096561732364174,0.7572174183222954,0.10021929275963307,0.10635466281029055,5.808129238791071,0.7832079597852837,0.7989290834734468,0.2096561732364174
0.0901502462582219,0.13287333820982106,0.8068390854043356,3.8444172944435784,0.7735865104301807,0.7797709389621065,0.4759417455898066,0.0901502462582219,0.13287333820982106,0.8068390854043356,3.8444172944435784,0.7735865104301807,0.7797709389621065,0.4759417455898066
0.13110366032202458,0.025342347563712998,0.9307911751457776,5.520062837640835,0.7726131351238884,0.7757364713031976,0.7807561553938676,0.13110366032202458,0.025342347563712998,0.9307911751457776,5.520062837640835,0.7726131351238884,0.7757364713031976,0.7807561553938676
0.5634338625911389,0.5576294066186094,0.11922988617151066,5.062244981598504,0.7718739771276507,0.9014468495612692,0.02917361840253399,0.5634338625911389,0.5576294066186094,0.11922988617151066,5.062244981598504,0.7718739771276507,0.9014468495612692,0.02917361840253399
0.4421892126730539,0.33013326954478406,0.524423498511818,5.891338201933126,0.764863351879039,1.061325534108799,0.8312995877958237,0.4421892126730539,0.33013326954478406,0.524423498511818,5.891338201933126,0.764863351879039,1.061325534108799,0.8312995877958237
0.8563889053365773,0.13797750620796673,0.2131337568040396,4.804478744989458,0.7639525237317727,0.7807995657706654,0.7596240769386451,0.8563889053365773,0.13797750620796673,0.2131337568040396,4.804478744989458,0.7639525237317727,0.7807995657706654,0.7596240769386451
0.108191581601017,0.8263555322952224,0.11564766548243872,5.958767981651713,0.7770604539397135,0.7960620568738654,0.10637073595824867,0.108191581601017,0.8263555322952224,0.11564766548243872,5.958767981651713,0.7770604539397135,0.7960620568738654,0.10637073595824867
0.7910345497266783,0.09204452289629086,0.09266269244308864,6.5795381950266805,0.7712424716465193,0.7790879849616396,0.9152274047070068,0.7910345497266783,0.09204452289629086,0.09266269244308864,6.5795381950266805,0.7712424716465193,0.7790879849616396,0.9152274047070068
0.15388530524716976,0.7632051064718084,4.072995389422763,0.7558707386851926,0.7696975179035284,0.7847329398963628,0.0,0.15388530524716976,0.7632051064718084,4.072995389422763,0.7558707386851926,0.7696975179035284,0.7847329398963628,0.0
0.6435610305878949,0.07320663822171136,0.39909185332407204,6.687466337488987,0.7668721248511763,1.1628163282762374,0.9170084038125075,0.6435610305878949,0.07320663822171136,0.39909185332407204,6.687466337488987,0.7668721248511763,1.1628163282762374,0.9170084038125075
0.011328910644928565,0.09346472881562688,0.7633749634367953,6.343794727746942,0.774622200625253,0.7802457705014373,0.5932438114756831,0.011328910644928565,0.09346472881562688,0.7633749634367953,6.343794727746942,0.774622200625253,0.7802457705014373,0.5932438114756831
0.7087075340804204,0.22468842538369252,0.1457372008232976,5.2420709864866355,0.7644170911241203,1.1777693485324325,0.003454115262433656,0.7087075340804204,0.22468842538369252,0.1457372008232976,5.2420709864866355,0.7644170911241203,1.1777693485324325,0.003454115262433656
0.08451387029474242,0.028875865940611936,0.01146700070489778,0.7667196177979453,0.0891756528886133,6.7347718184916125,0.8820185790249722,0.08451387029474242,0.028875865940611936,0.01146700070489778,0.7667196177979453,0.0891756528886133,6.7347718184916125,0.8820185790249722
0.11474493217239068,0.7401975131068322,0.11471817291022104,4.926329131244817,0.7639527881276554,0.7722748041055114,0.8278692449337508,0.11474493217239068,0.7401975131068322,0.11471817291022104,4.926329131244817,0.7639527881276554,0.7722748041055114,0.8278692449337508
0.01962290424453743,0.11347396561333369,0.7608553495494498,6.18004531403355,0.7694914882840265,1.142643104159311,0.5861383289525021,0.01962290424453743,0.11347396561333369,0.7608553495494498,6.18004531403355,0.7694914882840265,1.142643104159311,0.5861383289525021
0.19924099063485276,0.8702773925268698,0.1299478199523901,5.2436613261656,0.7748142755968106,0.7854145450799113,0.0,0.19924099063485276,0.8702773925268698,0.1299478199523901,5.2436613261656,0.7748142755968106,0.7854145450799113,0.0
0.7405531780559106,0.11283897142582161,0.12506490946608045,4.932057660782206,0.7603610432689302,0.9099227956658017,0.8192212146199731,0.7405531780559106,0.11283897142582161,0.12506490946608045,4.932057660782206,0.7603610432689302,0.9099227956658017,0.8192212146199731
0.6107927634969993,0.4618317270997188,0.10196302722810033,7.218233075367257,0.7716932158855383,0.956200650645247,0.89734834724245,0.6107927634969993,0.4618317270997188,0.10196302722810033,7.218233075367257,0.7716932158855383,0.956200650645247,0.89734834724245
0.09878221625988161,0.7042153159888433,0.2790620498711828,5.424705464071001,0.916925787931443,0.7791356849899123,0.548934086423597,0.09878221625988161,0.7042153159888433,0.2790620498711828,5.424705464071001,0.916925787931443,0.7791356849899123,0.548934086423597
0.10776433075116743,0.014286911092357045,0.7752116121958055,5.80294938589379,0.7770948547033002,0.7831129593640077,0.0449624889400325,0.10776433075116743,0.014286911092357045,0.7752116121958055,5.80294938589379,0.7770948547033002,0.7831129593640077,0.0449624889400325
0.5420144486833456,0.5354682806707672,0.28622419158782275,6.312821289463261,0.7694270581680402,0.930899195857418,0.890926782911291,0.5420144486833456,0.5354682806707672,0.28622419158782275,6.312821289463261,0.7694270581680402,0.930899195857418,0.890926782911291
0.8321275039349966,0.10338705680484804,0.1713768361470347,6.198189425837693,0.7782084642165576,0.783385909008557,0.037553013888667705,0.8321275039349966,0.10338705680484804,0.1713768361470347,6.198189425837693,0.7782084642165576,0.783385909008557,0.037553013888667705
1.2184315760101182e-17,4.256999675777562e-17,1.2586020973560792e-17,2.2883972088874577e-16,4.652133847973656e-17,5.578855734726851e-17,3.9924214319188707,1.2184315760101182e-17,4.256999675777562e-17,1.2586020973560792e-17,2.2883972088874577e-16,4.652133847973656e-17,5.578855734726851e-17,3.9924214319188707
0.8172988063029277,0.11006343604566193,0.10537234708454117,5.995555511185231,0.7712294087683652,0.97655927011232,0.6100469905782717,0.8172988063029277,0.11006343604566193,0.10537234708454117,5.995555511185231,0.7712294087683652,0.97655927011232,0.6100469905782717
0.12423082955800592,0.7408013648439409,0.10109095847283045,5.631628492814103,0.7803095352689172,0.772902265941635,0.9855635501580983,0.12423082955800592,0.7408013648439409,0.10109095847283045,5.631628492814103,0.7803095352689172,0.772902265941635,0.9855635501580983
0.10883588977224785,0.08251110872368381,0.02066513155498357,0.7422826950195256,5.260665531837654,1.2462054200566826,0.7474043849617509,0.10883588977224785,0.08251110872368381,0.02066513155498357,0.7422826950195256,5.260665531837654,1.2462054200566826,0.7474043849617509
0.5441814187743808,0.5348281547454116,0.10735383478113944,5.433117497259507,0.7731696923476756,0.781497910638127,0.49946192585810056,0.5441814187743808,0.5348281547454116,0.10735383478113944,5.433117497259507,0.7731696923476756,0.781497910638127,0.49946192585810056
0.10797888284126163,0.014593735828878292,0.8442334089822151,5.95777758352882,0.7792741423374585,0.7866274802068263,0.008020018198684644,0.10797888284126163,0.014593735828878292,0.8442334089822151,5.95777758352882,0.7792741423374585,0.7866274802068263,0.008020018198684644
0.09186846375199713,0.014075360989634867,0.7572653478630618,6.215988564411931,0.972363179355581,0.7778333499466441,0.7685462514977183,0.09186846375199713,0.014075360989634867,0.7572653478630618,6.215988564411931,0.972363179355581,0.7778333499466441,0.7685462514977183
0.0177850357543895,0.10918028491208003,0.7869859309038189,5.391329787582837,0.7614424911421056,0.9520162409944001,0.9068390630671065,0.0177850357543895,0.10918028491208003,0.7869859309038189,5.391329787582837,0.7614424911421056,0.9520162409944001,0.9068390630671065
0.11511643645092073,0.7509800908159661,0.11562136119103204,5.629796030308953,0.7686312265550205,0.8076432910087512,0.8110566847979878,0.11511643645092073,0.7509800908159661,0.11562136119103204,5.629796030308953,0.7686312265550205,0.8076432910087512,0.8110566847979878
0.2053493478406799,0.05580445855217534,0.7384225654131329,6.803883457907083,0.7733493567198884,0.779142513997622,0.8233160814355861,0.2053493478406799,0.05580445855217534,0.7384225654131329,6.803883457907083,0.7733493567198884,0.779142513997622,0.8233160814355861
0.8414471119684555,0.1075649024817824,0.11018955386377019,6.00728318695976,0.7736581820847208,0.993878301329779,0.03993821736898865,0.8414471119684555,0.1075649024817824,0.11018955386377019,6.00728318695976,0.7736581820847208,0.993878301329779,0.03993821736898865
0.8555009555816367,0.11747457469859846,0.11891516082739596,5.630300421484131,0.7636911134510189,1.2219712428281846,0.45521859261725595,0.8555009555816367,0.11747457469859846,0.11891516082739596,5.630300421484131,0.7636911134510189,1.2219712428281846,0.45521859261725595
0.1111115480410833,0.013419456450222102,0.9269181361734001,6.3462853013785265,0.7745182605616663,0.7810807976080064,0.6039892560323428,0.1111115480410833,0.013419456450222102,0.9269181361734001,6.3462853013785265,0.7745182605616663,0.7810807976080064,0.6039892560323428
0.098938254769318,0.012962109821735235,0.761637504725983,5.814274980230861,0.7684720546143936,1.1671561760634181,0.011552832610968606,0.098938254769318,0.012962109821735235,0.761637504725983,5.814274980230861,0.7684720546143936,1.1671561760634181,0.011552832610968606
0.09387536254283281,0.024638147147117477,0.7605016174948059,6.00738546163687,0.8862272625241003,0.8358024952828341,0.3530055798596388,0.09387536254283281,0.024638147147117477,0.7605016174948059,6.00738546163687,0.8862272625241003,0.8358024952828341,0.3530055798596388
0.8567321486330473,0.09999450736536664,0.10125053971044383,6.605254348720118,0.7747778617962083,1.0183461458629877,0.04371892474839807,0.8567321486330473,0.09999450736536664,0.10125053971044383,6.605254348720118,0.7747778617962083,1.0183461458629877,0.04371892474839807
0.09581312002249906,0.6769462989112414,0.5198717458964437,6.077081616795052,0.7688380798720457,0.9945490796414389,0.7449764725558534,0.09581312002249906,0.6769462989112414,0.5198717458964437,6.077081616795052,0.7688380798720457,0.9945490796414389,0.7449764725558534
0.5560530319946403,0.5463940391999109,0.10418269323893674,5.73063712321758,0.7730210581184359,0.7798934422813227,0.533599548247891,0.5560530319946403,0.5463940391999109,0.10418269323893674,5.73063712321758,0.7730210581184359,0.7798934422813227,0.533599548247891
0.015284986171224637,0.1009897254397013,0.7528486847361693,5.5934103441882135,0.765832995187415,0.772900685176571,0.9356664847105388,0.015284986171224637,0.1009897254397013,0.7528486847361693,5.5934103441882135,0.765832995187415,0.772900685176571,0.9356664847105388
0.09867514736855813,0.014284553205410697,0.7732299587513114,5.946841031244048,0.7734741200818228,0.7797843172530567,0.5757788484152897,0.09867514736855813,0.014284553205410697,0.7732299587513114,5.946841031244048,0.7734741200818228,0.7797843172530567,0.5757788484152897
0.7203385093471938,0.20393212724639284,0.11487685123942284,4.982139087028613,0.7667284178973743,0.7766186551643065,0.717249152837454,0.7203385093471938,0.20393212724639284,0.11487685123942284,4.982139087028613,0.7667284178973743,0.7766186551643065,0.717249152837454
0.09498924469547741,0.08814426049781414,0.8386715294377914,6.65915549529383,0.778421304696527,0.7840933168686993,0.03706287939637119,0.09498924469547741,0.08814426049781414,0.8386715294377914,6.65915549529383,0.778421304696527,0.7840933168686993,0.03706287939637119
0.14269357516456835,0.7511686455072212,0.107846158536544,5.421727176859598,0.772445019878651,0.7812317087558853,0.4665988317639526,0.14269357516456835,0.7511686455072212,0.107846158536544,5.421727176859598,0.772445019878651,0.7812317087558853,0.4665988317639526
0.10452795006949156,0.7753906859475134,0.104683106089726,5.968509453563903,0.7719669733805491,0.7842566387548859,0.6873828183790496,0.10452795006949156,0.7753906859475134,0.104683106089726,5.968509453563903,0.7719669733805491,0.7842566387548859,0.6873828183790496
0.749846673453886,0.1195368548953434,0.1254005334738386,4.8852475561406665,0.7635115064601775,0.9330637528861232,0.8454868187086666,0.749846673453886,0.1195368548953434,0.1254005334738386,4.8852475561406665,0.7635115064601775,0.9330637528861232,0.8454868187086666
0.7539205448539074,0.10713898255739114,0.104156305450724,5.53371635050916,0.9854291975980044,0.776178912158318,0.7720305586371414,0.7539205448539074,0.10713898255739114,0.104156305450724,5.53371635050916,0.9854291975980044,0.776178912158318,0.7720305586371414
0.023156475043072867,0.1431737180555505,0.9111623594906793,5.748906290118542,0.784186179540468,0.7960383117582271,0.46701870247672833,0.023156475043072867,0.1431737180555505,0.9111623594906793,5.748906290118542,0.784186179540468,0.7960383117582271,0.46701870247672833
0.7577923318066204,0.10222408184047577,0.5152802148958542,5.963898430476228,0.7672412296120035,1.0198745754045317,0.7251626770147355,0.7577923318066204,0.10222408184047577,0.5152802148958542,5.963898430476228,0.7672412296120035,1.0198745754045317,0.7251626770147355
0.7660405329163326,0.10211172368192721,0.09072294819363935,6.5104101851669895,0.7697138127415412,0.7749993925753693,0.9937190863112452,0.7660405329163326,0.10211172368192721,0.09072294819363935,6.5104101851669895,0.7697138127415412,0.7749993925753693,0.9937190863112452
0.735674518957187,0.18857950711665303,0.09141458478448984,6.354934371555931,0.7707274100271836,0.7782489773035178,0.9033212866894678,0.735674518957187,0.18857950711665303,0.09141458478448984,6.354934371555931,0.7707274100271836,0.7782489773035178,0.9033212866894678
0.13390346254022714,0.017609524191780766,0.8899796424698756,5.717210559779388,0.7621787282957613,1.0985824843570298,0.8905366499669252,0.13390346254022714,0.017609524191780766,0.8899796424698756,5.717210559779388,0.7621787282957613,1.0985824843570298,0.8905366499669252
0.7971504678213758,0.1528464497263132,0.17303611956457865,3.8120570520211476,0.7477733078794931,0.9022440206599261,0.7794933161866303,0.7971504678213758,0.1528464497263132,0.17303611956457865,3.8120570520211476,0.7477733078794931,0.9022440206599261,0.7794933161866303
0.7277243028801164,0.16706986397789164,4.256730378873258,0.7580551358151432,0.7720631674443722,0.7814525459477464,0.016310171186555266,0.7277243028801164,0.16706986397789164,4.256730378873258,0.7580551358151432,0.7720631674443722,0.7814525459477464,0.016310171186555266
0.7544881939470354,0.10145640619933195,0.10748973735725899,6.469487126445962,0.7720878684818641,0.7774907159409575,0.8283264874366812,0.7544881939470354,0.10145640619933195,0.10748973735725899,6.469487126445962,0.7720878684818641,0.7774907159409575,0.8283264874366812
0.5248443371427511,0.5284997002561818,0.13990165296991544,0.14680416684258488,0.12839987222426916,4.700364152525138,0.007436188896832975,0.5248443371427511,0.5284997002561818,0.13990165296991544,0.14680416684258488,0.12839987222426916,4.700364152525138,0.007436188896832975
0.8060092294281413,4.000702928216287,0.7486515029692276,0.755901281066142,0.7697234685013198,0.7847396555815678,0.004443874090553094,0.8060092294281413,4.000702928216287,0.7486515029692276,0.755901281066142,0.7697234685013198,0.7847396555815678,0.004443874090553094
0.7386049702598554,0.14567043710762856,0.15028306805018157,5.5757287707650915,0.9343482537088952,0.77164691275605,0.9927488481161096,0.7386049702598554,0.14567043710762856,0.15028306805018157,5.5757287707650915,0.9343482537088952,0.77164691275605,0.9927488481161096
0.5065303320867823,0.5564278331290659,0.11502866464147922,5.229108917358088,0.7653848210085116,0.9498016219958507,0.6598735986063973,0.5065303320867823,0.5564278331290659,0.11502866464147922,5.229108917358088,0.7653848210085116,0.9498016219958507,0.6598735986063973
0.13123985303524643,0.019979870858777032,0.927377800395135,5.509321621118862,0.9299309911756208,0.7756899644434002,0.7856085244927588,0.13123985303524643,0.019979870858777032,0.927377800395135,5.509321621118862,0.9299309911756208,0.7756899644434002,0.7856085244927588
0.10464217168698431,0.08341086998064676,0.10463873191201403,0.7483797542520124,4.1333041625903935,0.7858992785039977,0.11508176772795256,0.10464217168698431,0.08341086998064676,0.10463873191201403,0.7483797542520124,4.1333041625903935,0.7858992785039977,0.11508176772795256
0.057146538661042044,0.133919136901025,0.7447873630840672,5.313579650786459,0.766592279969037,1.0136327332350004,0.4760014403530732,0.057146538661042044,0.133919136901025,0.7447873630840672,5.313579650786459,0.766592279969037,1.0136327332350004,0.4760014403530732
1.0587658974310709e-17,4.364179999468355e-17,9.757466848306636e-18,2.0965521319826411e-16,4.6634989482377017e-17,4.7780575896397615e-17,3.6708988947456223,1.0587658974310709e-17,4.364179999468355e-17,9.757466848306636e-18,2.0965521319826411e-16,4.6634989482377017e-17,4.7780575896397615e-17,3.6708988947456223
0.24255749273322946,0.8765676758110265,0.2561902739639027,3.7359739686511535,0.7570306878182111,0.9097974189582093,0.377689759601377,0.24255749273322946,0.8765676758110265,0.2561902739639027,3.7359739686511535,0.7570306878182111,0.9097974189582093,0.377689759601377
0.45928970834009486,0.33624270195331357,0.5068434149223504,6.047450289867803,0.7653712857839177,1.0704604353444107,0.8522172199762592,0.45928970834009486,0.33624270195331357,0.5068434149223504,6.047450289867803,0.7653712857839177,1.0704604353444107,0.8522172199762592
0.4453459372604405,0.6086002783873506,0.13004473277878897,6.119973797745593,0.7650545497143044,1.2201906933257043,0.6215804448025752,0.4453459372604405,0.6086002783873506,0.13004473277878897,6.119973797745593,0.7650545497143044,1.2201906933257043,0.6215804448025752
0.46935413524966263,0.5268133851592333,0.2972983880707935,5.978684727339294,0.7674414415259431,0.7777920094303105,0.9943142417975218,0.46935413524966263,0.5268133851592333,0.2972983880707935,5.978684727339294,0.7674414415259431,0.7777920094303105,0.9943142417975218
0.02791166966599293,0.15458633946379338,0.8793462434577292,4.9809231229306965,0.7800043293471755,0.7799937722081911,0.407978415245748,0.02791166966599293,0.15458633946379338,0.8793462434577292,4.9809231229306965,0.7800043293471755,0.7799937722081911,0.407978415245748
0.08645851412820776,0.712063267357039,0.4625474821758086,6.320606449460359,0.9551958337722729,0.7832613419898758,0.21712964338683277,0.08645851412820776,0.712063267357039,0.4625474821758086,6.320606449460359,0.9551958337722729,0.7832613419898758,0.21712964338683277
0.10252834313337691,0.013975516680181021,0.015414909033929024,0.7675096817878068,0.11344914446794335,5.743362203308019,0.10443794118034974,0.10252834313337691,0.013975516680181021,0.015414909033929024,0.7675096817878068,0.11344914446794335,5.743362203308019,0.10443794118034974
0.16523369977495894,0.8006754560372659,0.11757878082262782,5.302959899376026,0.7832735445633688,0.7799334327495628,0.46451214410656033,0.16523369977495894,0.8006754560372659,0.11757878082262782,5.302959899376026,0.7832735445633688,0.7799334327495628,0.46451214410656033
0.16332915007381207,0.8427995903242648,0.2136308836929051,4.90239301140892,0.7772855864087306,0.780787207690419,0.3189933256892738,0.16332915007381207,0.8427995903242648,0.2136308836929051,4.90239301140892,0.7772855864087306,0.780787207690419,0.3189933256892738
0.1133574916322463,0.013977750960657644,0.926686085708424,6.189422037767451,0.774116384122512,1.060149319389729,0.3358269518121,0.1133574916322463,0.013977750960657644,0.926686085708424,6.189422037767451,0.774116384122512,1.060149319389729,0.3358269518121
0.9124713758531533,0.16230213472088964,0.14683987899545728,5.378663665082219,0.7750256611520483,0.7827948771399025,0.015955568540513866,0.9124713758531533,0.16230213472088964,0.14683987899545728,5.378663665082219,0.7750256611520483,0.7827948771399025,0.015955568540513866
0.7508165791043753,0.10432709093785623,0.11578011778356784,5.4541666899496395,0.7653181913659002,0.794171327145344,0.898211759965905,0.7508165791043753,0.10432709093785623,0.11578011778356784,5.4541666899496395,0.7653181913659002,0.794171327145344,0.898211759965905
0.14262387332147164,0.13210234076902386,0.28149791686673664,0.51178530838417,0.9210455411154268,0.7406082123812582,0.03482598672009052,0.14262387332147164,0.13210234076902386,0.28149791686673664,0.51178530838417,0.9210455411154268,0.7406082123812582,0.03482598672009052
0.7653110813342983,0.10039852698339571,5.748551921686681,1.1249020085116972,0.7824468823722796,0.7881283144099777,0.3359437256595368,0.7653110813342983,0.10039852698339571,5.748551921686681,1.1249020085116972,0.7824468823722796,0.7881283144099777,0.3359437256595368
0.017394316072980878,0.1030176528088049,0.8039395095022962,5.921040028033742,0.7766836520548809,0.7832336239909917,0.057380119919182536,0.017394316072980878,0.1030176528088049,0.8039395095022962,5.921040028033742,0.7766836520548809,0.7832336239909917,0.057380119919182536
0.30440748892611524,0.7046874656182631,0.08970430879133238,6.591598497618922,0.7761072744262025,0.9434486542819146,0.20474652188615142,0.30440748892611524,0.7046874656182631,0.08970430879133238,6.591598497618922,0.7761072744262025,0.9434486542819146,0.20474652188615142
0.1030679981907075,0.7831819141182125,0.11021951151607516,6.082235764600569,0.7778464161154991,0.7828157209068539,0.22463742337021791,0.1030679981907075,0.7831819141182125,0.11021951151607516,6.082235764600569,0.7778464161154991,0.7828157209068539,0.22463742337021791
0.41235601713208475,0.6371907354123976,0.13590765877823507,5.875423132744742,0.770929845731367,0.776262483394062,0.8083457755342258,0.41235601713208475,0.6371907354123976,0.13590765877823507,5.875423132744742,0.770929845731367,0.776262483394062,0.8083457755342258
0.08036811090697875,0.09176533084992239,0.7691625538431119,6.349135819056479,0.7749039344529397,0.7816006267234099,0.5649633732321314,0.08036811090697875,0.09176533084992239,0.7691625538431119,6.349135819056479,0.7749039344529397,0.7816006267234099,0.5649633732321314
0.1879026012158674,0.6950930761261892,0.19319408727654258,4.0640010806407645,0.7500930970687667,1.0897239664886273,0.5519491935432211,0.1879026012158674,0.6950930761261892,0.19319408727654258,4.0640010806407645,0.7500930970687667,1.0897239664886273,0.5519491935432211
0.8304198949820102,0.1078843525059468,0.28721866002759827,5.785551609789782,0.762081164036496,1.2516007974562122,0.7446411035746981,0.8304198949820102,0.1078843525059468,0.28721866002759827,5.785551609789782,0.762081164036496,1.2516007974562122,0.7446411035746981
0.01679091164045647,0.12702385408574707,0.8939940079654688,6.476197896321012,0.7733857122916562,0.938917267753788,0.5244236799788918,0.01679091164045647,0.12702385408574707,0.8939940079654688,6.476197896321012,0.7733857122916562,0.938917267753788,0.5244236799788918
0.22304219490706967,0.6563005053776393,0.4573590668364661,4.926516025680393,0.7547113542454283,1.0595741010868278,0.8900316515867894,0.22304219490706967,0.6563005053776393,0.4573590668364661,4.926516025680393,0.7547113542454283,1.0595741010868278,0.8900316515867894
0.6045901092835989,0.11830953631995056,0.4155397006645833,4.2307212174122535,0.7527284638085782,0.7668070153772569,0.9448661147995148,0.6045901092835989,0.11830953631995056,0.4155397006645833,4.2307212174122535,0.7527284638085782,0.7668070153772569,0.9448661147995148
0.08691787342673338,0.7527540338204742,0.11311128702369133,6.601853586619815,0.7706096113464594,0.9919369138612861,0.9633645937269482,0.08691787342673338,0.7527540338204742,0.11311128702369133,6.601853586619815,0.7706096113464594,0.9919369138612861,0.9633645937269482
0.092554735391079,0.6452671914074597,0.4082062173564816,5.363414082372096,1.1781896724375343,0.7757719485956251,0.7591926471862682,0.092554735391079,0.6452671914074597,0.4082062173564816,5.363414082372096,1.1781896724375343,0.7757719485956251,0.7591926471862682
0.017098558248718487,0.09931375684382493,0.7552184711318792,5.7098568666829,0.771407345402954,0.7755806400670813,0.821161050957784,0.017098558248718487,0.09931375684382493,0.7552184711318792,5.7098568666829,0.771407345402954,0.7755806400670813,0.821161050957784
3.9945172923199286e-17,1.325656717452762e-17,1.2309886000866963e-17,1.4937283519945057e-16,4.555683825284618e-17,4.7480935686166396e-17,2.760172489200895,3.9945172923199286e-17,1.325656717452762e-17,1.2309886000866963e-17,1.4937283519945057e-16,4.555683825284618e-17,4.7480935686166396e-17,2.760172489200895
0.7458191992338834,0.12703003366140522,0.12885942299504383,4.399544397289039,0.7647087223723914,0.9233096686533679,0.5396896576171443,0.7458191992338834,0.12703003366140522,0.12885942299504383,4.399544397289039,0.7647087223723914,0.9233096686533679,0.5396896576171443
0.08592567669678189,0.6048341327151514,0.4742115052417095,5.91226047456963,0.7785507151299382,0.9848357797407624,0.010733806643605055,0.08592567669678189,0.6048341327151514,0.4742115052417095,5.91226047456963,0.7785507151299382,0.9848357797407624,0.010733806643605055
0.04177967336476853,0.18105470080109343,0.7046128564815433,3.2952627582714635,0.7464269716915404,1.0445972758334272,0.004959136872583661,0.04177967336476853,0.18105470080109343,0.7046128564815433,3.2952627582714635,0.7464269716915404,1.0445972758334272,0.004959136872583661
0.09190829580433392,0.010971629882533588,0.7753734262328255,6.373971712979362,0.9527793922934769,0.7842139462163709,0.96774409198537,0.09190829580433392,0.010971629882533588,0.7753734262328255,6.373971712979362,0.9527793922934769,0.7842139462163709,0.96774409198537
0.4896849458317648,0.4769570886570096,0.4606313011501259,5.219053858192844,0.7633235780496213,0.9591067376507559,0.74423279197306,0.4896849458317648,0.4769570886570096,0.4606313011501259,5.219053858192844,0.7633235780496213,0.9591067376507559,0.74423279197306
0.862605378645811,0.09746658212445473,0.657987250333,6.793608646099735,0.7775446632875155,0.7828800407543863,0.4120243134840093,0.862605378645811,0.09746658212445473,0.657987250333,6.793608646099735,0.7775446632875155,0.7828800407543863,0.4120243134840093
0.06633142859511224,0.07360263628053267,0.8527884531587798,6.602083929186364,0.9856354178160003,0.7819569426809735,0.44584606765226525,0.06633142859511224,0.07360263628053267,0.8527884531587798,6.602083929186364,0.9856354178160003,0.7819569426809735,0.44584606765226525
0.832086195578105,0.10332453808262351,0.12325163529284569,6.178726381845618,0.7703410774588941,0.7769757711253219,0.8653513426993459,0.832086195578105,0.10332453808262351,0.12325163529284569,6.178726381845618,0.7703410774588941,0.7769757711253219,0.8653513426993459
0.11224733143157295,0.8126217819652103,0.1196863397977876,5.615303690705751,0.773917824635157,0.7805144389946005,0.46178552771330367,0.11224733143157295,0.8126217819652103,0.1196863397977876,5.615303690705751,0.773917824635157,0.7805144389946005,0.46178552771330367
0.01762196179556401,0.1317215133007185,1.0376069667462098,6.0544081415648545,0.7740222930889697,0.7800953150342163,0.5710545876188315,0.01762196179556401,0.1317215133007185,1.0376069667462098,6.0544081415648545,0.7740222930889697,0.7800953150342163,0.5710545876188315
0.0989824508663014,0.742166975480771,0.1435883010149483,5.713830553346598,0.7698593086434129,0.7756702701042945,0.8161358097225313,0.0989824508663014,0.742166975480771,0.1435883010149483,5.713830553346598,0.7698593086434129,0.7756702701042945,0.8161358097225313
0.7110212257891149,0.11581831405589343,0.4962358817633917,4.623952438269118,0.7667334167562568,0.7766411504215757,0.5679355601483013,0.7110212257891149,0.11581831405589343,0.4962358817633917,4.623952438269118,0.7667334167562568,0.7766411504215757,0.5679355601483013
0.8029014903165468,0.18706868154751752,0.10941648651352238,5.846011109499376,0.7665842613779305,1.2515919254865733,0.030558493691722612,0.8029014903165468,0.18706868154751752,0.10941648651352238,5.846011109499376,0.7665842613779305,1.2515919254865733,0.030558493691722612
0.8496819557438596,0.11130594352313684,0.11778203957800173,5.840311542441558,0.7732267613876238,0.7798298099828326,0.557264042033293,0.8496819557438596,0.11130594352313684,0.11778203957800173,5.840311542441558,0.7732267613876238,0.7798298099828326,0.557264042033293
0.2874153184998175,0.6506255348103798,0.46738800375964845,6.6470049441868015,0.770725371701653,0.8648587235633519,0.9468685120228721,0.2874153184998175,0.6506255348103798,0.46738800375964845,6.6470049441868015,0.770725371701653,0.8648587235633519,0.9468685120228721
0.7063166554893242,0.08556069722272454,0.313828071450458,6.2924910908650995,0.7751104465545473,1.0030769797941483,0.8002346886882218,0.7063166554893242,0.08556069722272454,0.313828071450458,6.2924910908650995,0.7751104465545473,1.0030769797941483,0.8002346886882218
0.017080042057573547,0.12967788821445442,0.066124935082136,0.834539536697729,0.1073341314869204,6.184985447255539,0.0,0.017080042057573547,0.12967788821445442,0.066124935082136,0.834539536697729,0.1073341314869204,6.184985447255539,0.0
0.24540804986899709,0.03266003451121973,0.7308445368787135,5.711097613009006,0.7724395934870425,0.9776882981792813,0.6881544398651538,0.24540804986899709,0.03266003451121973,0.7308445368787135,5.711097613009006,0.7724395934870425,0.9776882981792813,0.6881544398651538
0.11935231550801344,0.0183865572727326,0.7528773198026019,5.5393130587019765,0.7702217839433306,0.7974652382642107,0.6894156325369176,0.11935231550801344,0.0183865572727326,0.7528773198026019,5.5393130587019765,0.7702217839433306,0.7974652382642107,0.6894156325369176
0.5709652333545592,0.696599058274795,0.13472118323164303,5.075198539026656,0.7673128076341925,0.9134350626472708,0.5052416536010863,0.5709652333545592,0.696599058274795,0.13472118323164303,5.075198539026656,0.7673128076341925,0.9134350626472708,0.5052416536010863
0.741724572916418,0.10460520285955623,0.12617800307060992,5.359980089564551,0.8556430272826151,0.774596149544007,0.8865368333277304,0.741724572916418,0.10460520285955623,0.12617800307060992,5.359980089564551,0.8556430272826151,0.774596149544007,0.8865368333277304
0.09812928649387136,0.7987363368255573,0.10118206765521881,6.276766587896287,0.7784109005850742,0.7834066728704684,0.06233014712313329,0.09812928649387136,0.7987363368255573,0.10118206765521881,6.276766587896287,0.7784109005850742,0.7834066728704684,0.06233014712313329
0.09836167616164893,0.7708550459957851,0.09869148856232259,6.0111464482873,0.7698928153485046,0.7829373592582259,0.8383356935780858,0.09836167616164893,0.7708550459957851,0.09869148856232259,6.0111464482873,0.7698928153485046,0.7829373592582259,0.8383356935780858
0.8357859513237145,0.14526482985391717,0.12260791665813393,6.331448787992043,0.7775906783664146,0.7841293421230535,0.12244258849347889,0.8357859513237145,0.14526482985391717,0.12260791665813393,6.331448787992043,0.7775906783664146,0.7841293421230535,0.12244258849347889
0.13855808350987409,0.04885465215335913,0.9618717920988631,4.950226342201382,0.7705785763314175,0.7798727914173186,0.4434652231164678,0.13855808350987409,0.04885465215335913,0.9618717920988631,4.950226342201382,0.7705785763314175,0.7798727914173186,0.4434652231164678
0.016414620490291545,0.10685677477600974,0.7731189046522945,5.492954895521932,0.7655219684076402,0.772820275423149,0.9202202910114254,0.016414620490291545,0.10685677477600974,0.7731189046522945,5.492954895521932,0.7655219684076402,0.772820275423149,0.9202202910114254
0.15375475780036252,0.7656557486324711,0.1454184324802193,4.472252634557637,0.7801512863448133,0.776769516008184,0.5685791632310949,0.15375475780036252,0.7656557486324711,0.1454184324802193,4.472252634557637,0.7801512863448133,0.776769516008184,0.5685791632310949
0.5762298541874773,0.5811268084641823,0.11822397345626748,6.510737411235069,0.7718022410814092,0.7758027192621167,0.964521439364124,0.5762298541874773,0.5811268084641823,0.11822397345626748,6.510737411235069,0.7718022410814092,0.7758027192621167,0.964521439364124
0.11891012741490697,0.8805343438793949,0.1745343580406925,5.625718787246918,0.7695426504240157,0.7764787141250371,0.7559609315644387,0.11891012741490697,0.8805343438793949,0.1745343580406925,5.625718787246918,0.7695426504240157,0.7764787141250371,0.7559609315644387
1.311901523480641e-17,4.576611119660744e-18,3.950225066177058e-17,1.1969049283147214e-16,4.7139335990681566e-17,4.719381476702312e-17,2.339912080947224,1.311901523480641e-17,4.576611119660744e-18,3.950225066177058e-17,1.1969049283147214e-16,4.7139335990681566e-17,4.719381476702312e-17,2.339912080947224
0.48072249415460905,0.5777229195557003,0.15058912975872535,5.138910568694875,0.7739478369656553,0.7849058368299998,0.025476266297066983,0.48072249415460905,0.5777229195557003,0.15058912975872535,5.138910568694875,0.7739478369656553,0.7849058368299998,0.025476266297066983
0.124379862292127,0.7348574203826992,4.961449931552568,1.1589355905920888,0.7865959638223089,0.7824911900927237,0.0,0.124379862292127,0.7348574203826992,4.961449931552568,1.1589355905920888,0.7865959638223089,0.7824911900927237,0.0
0.11166298246620301,0.08934267536762151,0.03456416533606555,0.7512296165423303,3.9087269084317464,0.7850637638671054,0.10923837461284423,0.11166298246620301,0.08934267536762151,0.03456416533606555,0.7512296165423303,3.9087269084317464,0.7850637638671054,0.10923837461284423
0.7624243119476984,0.10013041641833215,0.16209573183854528,5.812608963014295,0.7710794619353164,0.7769580668543665,0.7562307676980566,0.7624243119476984,0.10013041641833215,0.16209573183854528,5.812608963014295,0.7710794619353164,0.7769580668543665,0.7562307676980566
0.59741841532619,0.5816111080065678,0.1248642017462362,5.080002666841681,0.7713977123249052,0.7797799015315217,0.4408585295692454,0.59741841532619,0.5816111080065678,0.1248642017462362,5.080002666841681,0.7713977123249052,0.7797799015315217,0.4408585295692454
0.06473086687923661,0.06606272933005794,0.7617805081213853,6.302481853001476,0.7722749784446226,0.7800732819437809,0.8610047409022231,0.06473086687923661,0.06606272933005794,0.7617805081213853,6.302481853001476,0.7722749784446226,0.7800732819437809,0.8610047409022231
0.7502447793335292,0.09953875506746075,0.16256124324505478,5.757379666027304,0.9277426502897851,0.781320688422739,0.48551904818243596,0.7502447793335292,0.09953875506746075,0.16256124324505478,5.757379666027304,0.9277426502897851,0.781320688422739,0.48551904818243596
0.014982351943425076,0.11017209555241517,0.8200098361977013,5.637723428384536,0.9363499177244226,0.7854154577233289,0.0,0.014982351943425076,0.11017209555241517,0.8200098361977013,5.637723428384536,0.9363499177244226,0.7854154577233289,0.0
0.7452443833018564,0.09890705880019478,0.10748562328629856,5.692414125638738,0.7621202490917065,0.9609853488681236,0.9755994405678721,0.7452443833018564,0.09890705880019478,0.10748562328629856,5.692414125638738,0.7621202490917065,0.9609853488681236,0.9755994405678721
0.10316869488886588,0.7513832688159011,0.11992568287683164,5.541028409017725,0.7690563439170697,1.1159150384126886,0.025950120200079817,0.10316869488886588,0.7513832688159011,0.11992568287683164,5.541028409017725,0.7690563439170697,1.1159150384126886,0.025950120200079817
0.7797915614421954,0.0986122811660196,0.09698558483845382,6.168241046834841,0.7673628110484526,0.9399531857958651,0.8823631270518325,0.7797915614421954,0.0986122811660196,0.09698558483845382,6.168241046834841,0.7673628110484526,0.9399531857958651,0.8823631270518325
0.7169501361515771,0.27837927233680954,0.11124744234375863,6.311121015974358,0.7708487079333898,0.8579472418078138,0.8407867961774605,0.7169501361515771,0.27837927233680954,0.11124744234375863,6.311121015974358,0.7708487079333898,0.8579472418078138,0.8407867961774605
0.7405635053072799,0.10639968395094038,0.1523684098985695,5.31399208941535,0.772580680912837,0.9349070418580492,0.03072472679737324,0.7405635053072799,0.10639968395094038,0.1523684098985695,5.31399208941535,0.772580680912837,0.9349070418580492,0.03072472679737324
0.11143786312142054,0.0139066735356794,0.9279991860505087,6.319074429175626,0.7720819578703654,0.9750433254715083,0.5324252892983136,0.11143786312142054,0.0139066735356794,0.9279991860505087,6.319074429175626,0.7720819578703654,0.9750433254715083,0.5324252892983136
0.020841049636226565,0.14407771715821796,0.7482861422350547,6.137562727313905,0.7681730416558328,0.774075613908936,0.9777459748593235,0.020841049636226565,0.14407771715821796,0.7482861422350547,6.137562727313905,0.7681730416558328,0.774075613908936,0.9777459748593235
0.7664263994136654,0.11348552633018279,0.10619773104508597,5.64386943605202,0.7732755628821804,0.9204450996736238,0.0035399595076626663,0.7664263994136654,0.11348552633018279,0.10619773104508597,5.64386943605202,0.7732755628821804,0.9204450996736238,0.0035399595076626663
0.14099865170138487,0.8751393512433369,0.14817218830201517,5.337361289957494,0.77170934305583,0.7794511886936729,0.5286118412011935,0.14099865170138487,0.8751393512433369,0.14817218830201517,5.337361289957494,0.77170934305583,0.7794511886936729,0.5286118412011935
0.012267837687085654,0.10722256092390976,0.9420253778992929,6.691993622329925,0.7733100038698977,0.9886508743873013,0.5240161116438251,0.012267837687085654,0.10722256092390976,0.9420253778992929,6.691993622329925,0.7733100038698977,0.9886508743873013,0.5240161116438251
0.20256145626314648,0.6711779700221945,0.20983656365337786,3.349155422246157,0.7428348139974593,1.0134792744510448,0.46451805689627124,0.20256145626314648,0.6711779700221945,0.20983656365337786,3.349155422246157,0.7428348139974593,1.0134792744510448,0.46451805689627124
0.4158700225319318,0.5820613770860591,0.459808934534106,5.936655097441831,0.7755369096646358,0.786909279053361,0.3636274478702145,0.4158700225319318,0.5820613770860591,0.459808934534106,5.936655097441831,0.7755369096646358,0.786909279053361,0.3636274478702145
0.3968672044453291,0.5441671001152136,0.5219518341640549,5.779473042598696,0.7670705113473362,0.9821586289375458,0.7126305262049212,0.3968672044453291,0.5441671001152136,0.5219518341640549,5.779473042598696,0.7670705113473362,0.9821586289375458,0.7126305262049212
