f_1,f_2,f_3,f_4,f_5,f_6,f_7,f_1_min,f_2_min,f_3_min,f_4_min,f_5_min,f_6_min,f_7_min
0.20878961701058685,0.051955879875455406,0.010593727861112283,0.3769069814056801,0.01158404753463639,0.4373336731045477,0.7886497289136395,0.20878961701058685,0.051955879875455406,0.010593727861112283,0.3769069814056801,0.01158404753463639,0.4373336731045477,0.7886497289136395
0.03588620083231749,0.04443231821675361,0.017923080261404364,0.46428334063015675,0.010542964781792195,0.4016070773459739,0.7886234019943741,0.03588620083231749,0.04443231821675361,0.017923080261404364,0.46428334063015675,0.010542964781792195,0.4016070773459739,0.7886234019943741
0.1077886078548686,0.08873293072655754,0.03509992882195559,0.39637743095130973,0.029700813205249237,0.3811333359805811,0.8235132054738121,0.1077886078548686,0.08873293072655754,0.03509992882195559,0.39637743095130973,0.029700813205249237,0.3811333359805811,0.8235132054738121
0.050672304288703035,0.0598002802474661,0.033075745921213616,0.4328127138106709,0.029047765170607236,0.39857910176359257,0.8049756402019274,0.050672304288703035,0.0598002802474661,0.033075745921213616,0.4328127138106709,0.029047765170607236,0.39857910176359257,0.8049756402019274
0.031234771640456724,0.09991617194480057,0.01909400069569592,0.4229431752379329,0.06542595981495807,0.36104892902567376,0.8225632220278969,0.031234771640456724,0.09991617194480057,0.01909400069569592,0.4229431752379329,0.06542595981495807,0.36104892902567376,0.8225632220278969
0.0849937555596205,0.15672264420578083,0.03939750491294924,0.398524482612554,0.03424771162582961,0.395096525112503,0.8078964843181263,0.0849937555596205,0.15672264420578083,0.03939750491294924,0.398524482612554,0.03424771162582961,0.395096525112503,0.8078964843181263
0.2157886445592698,0.04464057782545064,0.016299939121855237,0.43330735901954864,0.011694286935458204,0.3717638156127445,0.7919370856964064,0.2157886445592698,0.04464057782545064,0.016299939121855237,0.43330735901954864,0.011694286935458204,0.3717638156127445,0.7919370856964064
0.08183480610578123,0.06255080010294592,0.0377824214909457,0.4507982222460484,0.057664588513425596,0.38534649410961586,0.796672953247916,0.08183480610578123,0.06255080010294592,0.0377824214909457,0.4507982222460484,0.057664588513425596,0.38534649410961586,0.796672953247916
0.0987396052071464,0.1640169391444103,0.01362896104044408,0.4383682500337232,0.014637442577331518,0.37757876841674637,0.7939775061495268,0.0987396052071464,0.1640169391444103,0.01362896104044408,0.4383682500337232,0.014637442577331518,0.37757876841674637,0.7939775061495268
0.0402197263737334,0.0501185806353622,0.06373013198394076,0.35287918362990156,0.010813053794540175,0.3999349878136436,0.8421664480008387,0.0402197263737334,0.0501185806353622,0.06373013198394076,0.35287918362990156,0.010813053794540175,0.3999349878136436,0.8421664480008387
0.05128863876420688,0.06062234679159117,0.03539968355782371,0.4627518859349785,0.03104501001671217,0.3734609023938965,0.7999209153519553,0.05128863876420688,0.06062234679159117,0.03539968355782371,0.4627518859349785,0.03104501001671217,0.3734609023938965,0.7999209153519553
0.05313449373666467,0.06239529483043894,0.03473890766373971,0.394770075780447,0.11834540652489295,0.41429836025543926,0.8077451954311262,0.05313449373666467,0.06239529483043894,0.03473890766373971,0.394770075780447,0.11834540652489295,0.41429836025543926,0.8077451954311262
0.03244929911778511,0.05226986758017922,0.13498970898212517,0.49626950663641634,0.012559376647575423,0.36303422635425514,0.775520275085249,0.03244929911778511,0.05226986758017922,0.13498970898212517,0.49626950663641634,0.012559376647575423,0.36303422635425514,0.775520275085249
0.08179903124008003,0.06440357872268766,0.03134009976647578,0.41121812360604937,0.030691279990634045,0.4080104102156795,0.8085539855139957,0.08179903124008003,0.06440357872268766,0.03134009976647578,0.41121812360604937,0.030691279990634045,0.4080104102156795,0.8085539855139957
0.03847776993483643,0.09797178302074358,0.07083299118153706,0.36324754767084483,0.010248681127741811,0.3533412365326277,0.8538593960403318,0.03847776993483643,0.09797178302074358,0.07083299118153706,0.36324754767084483,0.010248681127741811,0.3533412365326277,0.8538593960403318
0.05510507515264521,0.11874517546008073,0.034691760132435835,0.4191323557939171,0.027034556492095543,0.372395493203152,0.8178660220746193,0.05510507515264521,0.11874517546008073,0.034691760132435835,0.4191323557939171,0.027034556492095543,0.372395493203152,0.8178660220746193
0.09846116393071351,0.04683729243161088,0.0799825343723747,0.4901892954785962,0.012198688378084233,0.36723193431993306,0.7798261618406158,0.09846116393071351,0.04683729243161088,0.0799825343723747,0.4901892954785962,0.012198688378084233,0.36723193431993306,0.7798261618406158
0.05513379770683924,0.1485559451620683,0.03477654721935564,0.39742113128146606,0.05481545499653032,0.38517126222564957,0.8166376541679772,0.05513379770683924,0.1485559451620683,0.03477654721935564,0.39742113128146606,0.05481545499653032,0.38517126222564957,0.8166376541679772
0.05451794210350265,0.12536157615643376,0.0355362087280058,0.4226951534706995,0.06245771332958622,0.3879467075315745,0.8058284916378234,0.05451794210350265,0.12536157615643376,0.0355362087280058,0.4226951534706995,0.06245771332958622,0.3879467075315745,0.8058284916378234
0.04734038252828336,0.12303701405668602,0.06514372946538223,0.3989318343801167,0.030684146947616044,0.4208102672369473,0.8020283139933841,0.04734038252828336,0.12303701405668602,0.06514372946538223,0.3989318343801167,0.030684146947616044,0.4208102672369473,0.8020283139933841
0.0827241134713819,0.05774482486440556,0.06284537353320745,0.3899229509428752,0.027062675833742927,0.44555518115421977,0.7977259592947569,0.0827241134713819,0.05774482486440556,0.06284537353320745,0.3899229509428752,0.027062675833742927,0.44555518115421977,0.7977259592947569
0.041272057321388105,0.22714500722490188,0.016075840373725194,0.38483810047452144,0.06837782277699032,0.3804023913939343,0.8066818989182332,0.041272057321388105,0.22714500722490188,0.016075840373725194,0.38483810047452144,0.06837782277699032,0.3804023913939343,0.8066818989182332
3.198561519163429e-17,5.227344017253379e-17,1.0008254808756547,0.0,0.0,0.0,0.0,3.198561519163429e-17,5.227344017253379e-17,1.0008254808756547,0.0,0.0,0.0,0.0
0.035555577941419246,0.042737618972535835,0.017577998215020818,0.4086799377138934,0.014437519482634638,0.45813963255285123,0.7884838094713126,0.035555577941419246,0.042737618972535835,0.017577998215020818,0.4086799377138934,0.014437519482634638,0.45813963255285123,0.7884838094713126
0.09824277378925587,0.10782931996564868,0.014006974202795676,0.44936098120167706,0.07262879266290097,0.37508365930987875,0.7955851825428657,0.09824277378925587,0.10782931996564868,0.014006974202795676,0.44936098120167706,0.07262879266290097,0.37508365930987875,0.7955851825428657
0.034907133763873326,0.1476086893095945,0.016551196315633288,0.3591599037004495,0.008964950411512363,0.3477718228228416,0.8537600249075313,0.034907133763873326,0.1476086893095945,0.016551196315633288,0.3591599037004495,0.008964950411512363,0.3477718228228416,0.8537600249075313
0.03652630976474719,0.044469436551974585,0.013891528545997577,0.4748245923675475,0.01285277802268482,0.46179429207928135,0.7479760285316457,0.03652630976474719,0.044469436551974585,0.013891528545997577,0.4748245923675475,0.01285277802268482,0.46179429207928135,0.7479760285316457
0.054042212976598114,0.059650590348943947,0.06461782780384272,0.4230324966562222,0.028604810104998307,0.4333240303542118,0.7897410836468519,0.054042212976598114,0.059650590348943947,0.06461782780384272,0.4230324966562222,0.028604810104998307,0.4333240303542118,0.7897410836468519
0.03960456425240019,0.046717092759964905,0.017811380408695697,0.44295164441720536,0.1884565458859242,0.3719151188664819,0.7924790523714139,0.03960456425240019,0.046717092759964905,0.017811380408695697,0.44295164441720536,0.1884565458859242,0.3719151188664819,0.7924790523714139
0.0564860660520839,0.09454063775677428,0.033292521820202765,0.3900783284345966,0.0618373020392452,0.44719239897300195,0.7953167001899618,0.0564860660520839,0.09454063775677428,0.033292521820202765,0.3900783284345966,0.0618373020392452,0.44719239897300195,0.7953167001899618
0.08774158125570386,0.0981203829606718,0.034208069149924115,0.392641923151156,0.028046520145398338,0.44173723497918466,0.7959828203969046,0.08774158125570386,0.0981203829606718,0.034208069149924115,0.392641923151156,0.028046520145398338,0.44173723497918466,0.7959828203969046
0.05454721707457948,0.06243626556270221,0.03659297088961026,0.41822816328023166,0.08653565249365734,0.38415938728234883,0.8146376304431374,0.05454721707457948,0.06243626556270221,0.03659297088961026,0.41822816328023166,0.08653565249365734,0.38415938728234883,0.8146376304431374
0.11203543755350333,0.060558795586599705,0.06231284457835535,0.39177775657098785,0.03033095540535762,0.3825347726766518,0.8251571569307451,0.11203543755350333,0.060558795586599705,0.06231284457835535,0.39177775657098785,0.03033095540535762,0.3825347726766518,0.8251571569307451
0.03378842144652581,0.10185276288645,0.016150930335257198,0.3744278183514824,0.13063215343064877,0.3691413428398039,0.8348105676230838,0.03378842144652581,0.10185276288645,0.016150930335257198,0.3744278183514824,0.13063215343064877,0.3691413428398039,0.8348105676230838
0.037233014160154496,0.10013707453850296,0.018572742840522564,0.5383952584561595,0.013672513546322557,0.3528129359165066,0.7589227378670346,0.037233014160154496,0.10013707453850296,0.018572742840522564,0.5383952584561595,0.013672513546322557,0.3528129359165066,0.7589227378670346
0.0837656554040616,0.058864266984715974,0.03281420344642708,0.40863610429311514,0.030505900918394547,0.37450203229143214,0.8262691562130838,0.0837656554040616,0.058864266984715974,0.03281420344642708,0.40863610429311514,0.030505900918394547,0.37450203229143214,0.8262691562130838
0.08767235260762794,0.05647125875176175,0.03438151614126808,0.3840114904124803,0.029253681201478733,0.43431147005621573,0.8081715405846714,0.08767235260762794,0.05647125875176175,0.03438151614126808,0.3840114904124803,0.029253681201478733,0.43431147005621573,0.8081715405846714
0.052975651195111446,0.14501201856943272,0.04009383872815335,0.3942977897436913,0.03296510145357539,0.4212417851607592,0.8013196966004601,0.052975651195111446,0.14501201856943272,0.04009383872815335,0.3942977897436913,0.03296510145357539,0.4212417851607592,0.8013196966004601
0.11154594616680075,0.09225618715437715,0.03828029935168943,0.42503913731924525,0.02980041384314468,0.3886268979475833,0.8044834997248879,0.11154594616680075,0.09225618715437715,0.03828029935168943,0.42503913731924525,0.02980041384314468,0.3886268979475833,0.8044834997248879
0.05505633348105541,0.12238621880555625,0.06025788041848351,0.43024295852365857,0.030092674816521236,0.3842946310431548,0.8042870365729483,0.05505633348105541,0.12238621880555625,0.06025788041848351,0.43024295852365857,0.030092674816521236,0.3842946310431548,0.8042870365729483
0.0523611452629818,0.062202038929100326,0.06336612518245498,0.3763908053835759,0.02628783616971717,0.3696023099272955,0.8442296592931011,0.0523611452629818,0.062202038929100326,0.06336612518245498,0.3763908053835759,0.02628783616971717,0.3696023099272955,0.8442296592931011
0.08924676932159167,0.09184397213427413,0.09856019590343,0.4012716970593651,0.02990711825774405,0.39022809544196435,0.8135062301800551,0.08924676932159167,0.09184397213427413,0.09856019590343,0.4012716970593651,0.02990711825774405,0.39022809544196435,0.8135062301800551
0.051447360225021846,0.059574844167845135,0.06395857183912558,0.47163590814897743,0.031945241274118893,0.37804465651170843,0.790612279257911,0.051447360225021846,0.059574844167845135,0.06395857183912558,0.47163590814897743,0.031945241274118893,0.37804465651170843,0.790612279257911
0.035909768976304816,0.041887170594283894,0.07631921316102155,0.418347475442769,0.011848622680773352,0.4081580735598829,0.8068949354653492,0.035909768976304816,0.041887170594283894,0.07631921316102155,0.418347475442769,0.011848622680773352,0.4081580735598829,0.8068949354653492
0.09693497368741194,0.04604675845365797,0.07967767469302126,0.43483255238729435,0.014308196414649714,0.4274503741640942,0.7824682713918933,0.09693497368741194,0.04604675845365797,0.07967767469302126,0.43483255238729435,0.014308196414649714,0.4274503741640942,0.7824682713918933
0.044705270523562865,0.10595197088685722,0.07542801425888089,0.3875928582819821,0.1353050373969919,0.38520958665373356,0.8161702702428225,0.044705270523562865,0.10595197088685722,0.07542801425888089,0.3875928582819821,0.1353050373969919,0.38520958665373356,0.8161702702428225
0.09867799284890884,0.1125249090525819,0.13375975653728672,0.3884855570691672,0.01674865952390902,0.38828575754679273,0.8121295999783786,0.09867799284890884,0.1125249090525819,0.13375975653728672,0.3884855570691672,0.01674865952390902,0.38828575754679273,0.8121295999783786
0.040880644281427146,0.16519721624512995,0.016827074764545265,0.43196840326373337,0.01299046894720882,0.4264391437006652,0.7771309329270075,0.040880644281427146,0.16519721624512995,0.016827074764545265,0.43196840326373337,0.01299046894720882,0.4264391437006652,0.7771309329270075
0.09813594529114056,0.04596711389492614,0.018524386751449635,0.48414174451307795,0.01117051369002361,0.4167741564281661,0.7628009738622655,0.09813594529114056,0.04596711389492614,0.018524386751449635,0.48414174451307795,0.01117051369002361,0.4167741564281661,0.7628009738622655
0.09613297724972675,0.16095203145106912,0.014101085261879101,0.37059968223918693,0.01220142331780394,0.3663608076575985,0.8334749084614433,0.09613297724972675,0.16095203145106912,0.014101085261879101,0.37059968223918693,0.01220142331780394,0.3663608076575985,0.8334749084614433
0.09123463513691912,0.10291266384523527,0.015900675884686976,0.3666722916300313,0.011151262323496832,0.4140058885193599,0.8229081181711465,0.09123463513691912,0.10291266384523527,0.015900675884686976,0.3666722916300313,0.011151262323496832,0.4140058885193599,0.8229081181711465
0.08371436761472598,0.098854343755032,0.03767001576289897,0.3934246428380853,0.06421476808569086,0.4219969903953078,0.8043679085228247,0.08371436761472598,0.098854343755032,0.03767001576289897,0.3934246428380853,0.06421476808569086,0.4219969903953078,0.8043679085228247
0.054517708158517114,0.08952777702434243,0.06293123640751526,0.448404468175603,0.03315605653206118,0.38596168371025014,0.7976573941714623,0.054517708158517114,0.08952777702434243,0.06293123640751526,0.448404468175603,0.03315605653206118,0.38596168371025014,0.7976573941714623
0.084953331830568,0.0934611120718297,0.06282954932438965,0.3957246494427704,0.030240637815834998,0.418116354126905,0.8060410499487799,0.084953331830568,0.0934611120718297,0.06282954932438965,0.3957246494427704,0.030240637815834998,0.418116354126905,0.8060410499487799
0.0541251436493644,0.1213019432859364,0.03568204951425695,0.3901108201448164,0.058984342929706265,0.4199494828334,0.8068251146398413,0.0541251436493644,0.1213019432859364,0.03568204951425695,0.3901108201448164,0.058984342929706265,0.4199494828334,0.8068251146398413
0.05576965665072945,0.12465273865120134,0.08906392929753777,0.39990302858562543,0.03025292810262814,0.39157378595996434,0.8130982596813893,0.05576965665072945,0.12465273865120134,0.08906392929753777,0.39990302858562543,0.03025292810262814,0.39157378595996434,0.8130982596813893
0.03633899693566941,0.10566387490717226,0.07835427183452491,0.3835754619216162,0.07614287524491495,0.43799716051896287,0.7992698533444231,0.03633899693566941,0.10566387490717226,0.07835427183452491,0.3835754619216162,0.07614287524491495,0.43799716051896287,0.7992698533444231
0.08123053150735622,0.12442065030585357,0.0688292013270995,0.3991779421286944,0.030000176578237822,0.39212894269924825,0.8133294715988693,0.08123053150735622,0.12442065030585357,0.0688292013270995,0.3991779421286944,0.030000176578237822,0.39212894269924825,0.8133294715988693
1.2568223118474906e-17,7.373159698423244e-18,5.952282147510307e-18,4.512218569264968e-17,3.6098281621368e-18,3.815863975064594e-17,1.0004637282343012,1.2568223118474906e-17,7.373159698423244e-18,5.952282147510307e-18,4.512218569264968e-17,3.6098281621368e-18,3.815863975064594e-17,1.0004637282343012
0.1073905693578105,0.16710455743934052,0.07796842881159176,0.39230804853031936,0.011042959369823043,0.38450831361339727,0.8088256962308396,0.1073905693578105,0.16710455743934052,0.07796842881159176,0.39230804853031936,0.011042959369823043,0.38450831361339727,0.8088256962308396
0.03722798169928033,0.04433987071137044,0.07858723279821446,0.4321617288587076,0.01050427863161827,0.4815014860532368,0.7572588009971821,0.03722798169928033,0.04433987071137044,0.07858723279821446,0.4321617288587076,0.01050427863161827,0.4815014860532368,0.7572588009971821
0.05166298066989622,0.05738944103632856,0.03525526247412932,0.4991510871205673,0.03466604914991307,0.37409548243207386,0.7777837926637768,0.05166298066989622,0.05738944103632856,0.03525526247412932,0.4991510871205673,0.03466604914991307,0.37409548243207386,0.7777837926637768
0.15525372111561303,0.050493774241975535,0.02432046080983366,0.4886100994365074,0.015159181308548738,0.3608454087699132,0.7784082178512176,0.15525372111561303,0.050493774241975535,0.02432046080983366,0.4886100994365074,0.015159181308548738,0.3608454087699132,0.7784082178512176
0.038589219246635185,0.04702833572565271,0.07867881210748792,0.44058163085198704,0.06509895946684925,0.4348878934219899,0.7774880889916029,0.038589219246635185,0.04702833572565271,0.07867881210748792,0.44058163085198704,0.06509895946684925,0.4348878934219899,0.7774880889916029
0.0843380085646518,0.06032274117950623,0.03222584984468543,0.37671679949469566,0.02817517350264619,0.36914962661614054,0.8435374323441797,0.0843380085646518,0.06032274117950623,0.03222584984468543,0.37671679949469566,0.02817517350264619,0.36914962661614054,0.8435374323441797
0.033636565593211154,0.04111858493131875,0.016457526943100802,0.3425754908863386,0.01205133036210196,0.5115922402448217,0.7875017546628565,0.033636565593211154,0.04111858493131875,0.016457526943100802,0.3425754908863386,0.01205133036210196,0.5115922402448217,0.7875017546628565
0.051594762017852874,0.06618769305048218,0.06360144064113783,0.4217835548361122,0.05715987461292126,0.4138924457575221,0.7988711787681143,0.051594762017852874,0.06618769305048218,0.06360144064113783,0.4217835548361122,0.05715987461292126,0.4138924457575221,0.7988711787681143
0.053545329373185124,0.11828109642787134,0.036798275158143816,0.45005366528537544,0.03236113732568336,0.3852925263985118,0.7949970737397063,0.053545329373185124,0.11828109642787134,0.036798275158143816,0.45005366528537544,0.03236113732568336,0.3852925263985118,0.7949970737397063
0.053580316263079304,0.09063356457732841,0.032488639211696174,0.3886397006689326,0.0889025059643413,0.38968185967948166,0.8238810385278367,0.053580316263079304,0.09063356457732841,0.032488639211696174,0.3886397006689326,0.0889025059643413,0.38968185967948166,0.8238810385278367
0.034312945449663144,0.03981831802756436,0.18942872570669175,0.3745443298344389,0.00982728268266665,0.3622714468627583,0.8318041269288694,0.034312945449663144,0.03981831802756436,0.18942872570669175,0.3745443298344389,0.00982728268266665,0.3622714468627583,0.8318041269288694
0.0571556227092743,0.09490068043559928,0.06453784830255462,0.4282113656085098,0.058380703885611986,0.38817548985553957,0.8049549547204642,0.0571556227092743,0.09490068043559928,0.06453784830255462,0.4282113656085098,0.058380703885611986,0.38817548985553957,0.8049549547204642
0.09475009069449461,0.0424320645381355,0.017250095218861155,0.4278211843479421,0.06898648874356259,0.35657006376644634,0.8223547741007917,0.09475009069449461,0.0424320645381355,0.017250095218861155,0.4278211843479421,0.06898648874356259,0.35657006376644634,0.8223547741007917
0.055156471640346455,0.059762000038763856,0.07101389130773669,0.3930267286760811,0.08863285834945146,0.42109699288676017,0.8067919750567786,0.055156471640346455,0.059762000038763856,0.07101389130773669,0.3930267286760811,0.08863285834945146,0.42109699288676017,0.8067919750567786
0.15628059491786345,0.04693384020707577,0.018125120175404626,0.43288017324524525,0.015473343705331039,0.4274325568300441,0.7774434804678113,0.15628059491786345,0.04693384020707577,0.018125120175404626,0.43288017324524525,0.015473343705331039,0.4274325568300441,0.7774434804678113
0.05532827149454342,0.12205711378375438,0.06912789747712166,0.39681801395077054,0.06569827964067784,0.3906719376605236,0.8155088682162467,0.05532827149454342,0.12205711378375438,0.06912789747712166,0.39681801395077054,0.06569827964067784,0.3906719376605236,0.8155088682162467
0.049036420562255614,0.05879608337285076,0.03043995515523163,0.36930586455725645,0.02661279272064288,0.35880844545407015,0.8538862275512471,0.049036420562255614,0.05879608337285076,0.03043995515523163,0.36930586455725645,0.02661279272064288,0.35880844545407015,0.8538862275512471
0.05342296499878373,0.09074747020200918,0.09505824861122748,0.392752299863815,0.029343617714128814,0.38153823602763537,0.8251886538272241,0.05342296499878373,0.09074747020200918,0.09505824861122748,0.392752299863815,0.029343617714128814,0.38153823602763537,0.8251886538272241
0.04976627183405752,0.057550267587536647,0.09307716201933987,0.3919747893719981,0.06023962062346245,0.38183201726470983,0.827450928552636,0.04976627183405752,0.057550267587536647,0.09307716201933987,0.3919747893719981,0.06023962062346245,0.38183201726470983,0.827450928552636
0.08469821449725984,0.06129851271740642,0.042557498318973486,0.39665999968319554,0.08777843549634368,0.4141156848963039,0.8094350234456313,0.08469821449725984,0.06129851271740642,0.042557498318973486,0.39665999968319554,0.08777843549634368,0.4141156848963039,0.8094350234456313
0.04125379559462503,0.04832928259686106,0.13452010313412285,0.4344069282930187,0.013341682750439352,0.43062128633420343,0.7784701643820182,0.04125379559462503,0.04832928259686106,0.13452010313412285,0.4344069282930187,0.013341682750439352,0.43062128633420343,0.7784701643820182
0.05347502839655391,0.057403698103709606,0.032485591130412876,0.37776965305987387,0.0272944049075975,0.4242138205649729,0.8194848787421283,0.05347502839655391,0.057403698103709606,0.032485591130412876,0.37776965305987387,0.0272944049075975,0.4242138205649729,0.8194848787421283
0.15433318745402982,0.03950541394685685,0.016827997872921746,0.3898596170257401,0.13880379704669474,0.3794335503531424,0.8132481124184922,0.15433318745402982,0.03950541394685685,0.016827997872921746,0.3898596170257401,0.13880379704669474,0.3794335503531424,0.8132481124184922
0.035945083799846164,0.03957481884350428,0.015390794510236602,0.5235386964135212,0.019966774968003347,0.41595281615823354,0.7425926489993226,0.035945083799846164,0.03957481884350428,0.015390794510236602,0.5235386964135212,0.019966774968003347,0.41595281615823354,0.7425926489993226
0.03625418298247602,0.16500084323345787,0.016440627155131393,0.44282496933832427,0.07287279755432971,0.3759408137487925,0.7943769378751173,0.03625418298247602,0.16500084323345787,0.016440627155131393,0.44282496933832427,0.07287279755432971,0.3759408137487925,0.7943769378751173
0.16114344378121925,0.10794485244261093,0.02235373813926476,0.3906257591225809,0.0665515636786389,0.3788389866921588,0.8146697291761765,0.16114344378121925,0.10794485244261093,0.02235373813926476,0.3906257591225809,0.0665515636786389,0.3788389866921588,0.8146697291761765
0.08158566480516442,0.0930566018399406,0.03339045306392855,0.4207692135982839,0.02857936305875614,0.415239665955444,0.7972914282574064,0.08158566480516442,0.0930566018399406,0.03339045306392855,0.4207692135982839,0.02857936305875614,0.415239665955444,0.7972914282574064
0.08374322749008152,0.057806792314192515,0.06237743208069268,0.39155092906045275,0.060061264278407564,0.3884107156454579,0.8249837448519793,0.08374322749008152,0.057806792314192515,0.06237743208069268,0.39155092906045275,0.060061264278407564,0.3884107156454579,0.8249837448519793
0.05380758508953665,0.11978916281630478,0.033932404585910396,0.39146449897095653,0.02936397958135241,0.44219751892423637,0.7962720089627525,0.05380758508953665,0.11978916281630478,0.033932404585910396,0.39146449897095653,0.02936397958135241,0.44219751892423637,0.7962720089627525
0.09820482242520227,0.10259047789662018,0.07258401571784688,0.39134048638337754,0.07902622616948556,0.38972886099925735,0.8154524791861448,0.09820482242520227,0.10259047789662018,0.07258401571784688,0.39134048638337754,0.07902622616948556,0.38972886099925735,0.8154524791861448
0.08134783570566134,0.1246062874208954,0.03522614945778118,0.3997360919427362,0.060013948241523514,0.39136672063053957,0.8138372634879841,0.08134783570566134,0.1246062874208954,0.03522614945778118,0.3997360919427362,0.060013948241523514,0.39136672063053957,0.8138372634879841
0.1045072887055482,0.16895943610949488,0.015252590774195334,0.37472528744374695,0.014237490143471735,0.4313215891770838,0.797084266742312,0.1045072887055482,0.16895943610949488,0.015252590774195334,0.37472528744374695,0.014237490143471735,0.4313215891770838,0.797084266742312
0.15811174442234696,0.04617075027003212,0.07538090906165813,0.3728770267529897,0.01227527446143035,0.36604710332341256,0.8341675249312265,0.15811174442234696,0.04617075027003212,0.07538090906165813,0.3728770267529897,0.01227527446143035,0.36604710332341256,0.8341675249312265
0.038594771776692356,0.10256417174972252,0.07640905593381811,0.37639879687033284,0.0726254230821378,0.3660266678052652,0.8386789019397521,0.038594771776692356,0.10256417174972252,0.07640905593381811,0.37639879687033284,0.0726254230821378,0.3660266678052652,0.8386789019397521
0.03299117504831641,0.045063345409261296,0.07232272437472007,0.4058626099735419,0.011211325707441268,0.3453958504241003,0.8422977259984706,0.03299117504831641,0.045063345409261296,0.07232272437472007,0.4058626099735419,0.011211325707441268,0.3453958504241003,0.8422977259984706
0.030862228297847332,0.09868809245288095,0.01878598733726843,0.3656256845058281,0.0688169333893806,0.41720489639839803,0.8238165225836163,0.030862228297847332,0.09868809245288095,0.01878598733726843,0.3656256845058281,0.0688169333893806,0.41720489639839803,0.8238165225836163
0.09037223352179789,0.09867179256710926,0.017667458557124587,0.43315609594032445,0.01161105905800623,0.4278722916014951,0.7830400750122096,0.09037223352179789,0.09867179256710926,0.017667458557124587,0.43315609594032445,0.01161105905800623,0.4278722916014951,0.7830400750122096
0.055903459365583205,0.06126485827542405,0.06479054668915833,0.37941333283244316,0.030147140028037162,0.3982865318944272,0.8289951441162993,0.055903459365583205,0.06126485827542405,0.06479054668915833,0.37941333283244316,0.030147140028037162,0.3982865318944272,0.8289951441162993
0.05704690907237477,0.09130582627621803,0.037409429955673826,0.4729240433467391,0.027794315798097113,0.37580448624665497,0.7894361810014958,0.05704690907237477,0.09130582627621803,0.037409429955673826,0.4729240433467391,0.027794315798097113,0.37580448624665497,0.7894361810014958
0.05928245047167684,0.09071614169082512,0.09478269030859594,0.395671286490394,0.029615799323838683,0.41895043663692244,0.8053313044716074,0.05928245047167684,0.09071614169082512,0.09478269030859594,0.395671286490394,0.029615799323838683,0.41895043663692244,0.8053313044716074
0.086233663815457,0.06349637593007666,0.032401514744214197,0.38219261639536894,0.031075251571343655,0.47562247807918157,0.7852993119433366,0.086233663815457,0.06349637593007666,0.032401514744214197,0.38219261639536894,0.031075251571343655,0.47562247807918157,0.7852993119433366
0.04901740796010845,0.05959083349418097,0.029527312984519303,0.37382392913767853,0.05595750337186385,0.37439534929758694,0.8454064495379331,0.04901740796010845,0.05959083349418097,0.029527312984519303,0.37382392913767853,0.05595750337186385,0.37439534929758694,0.8454064495379331
0.037056149870057585,0.044157601637917404,0.017739067843525188,0.41970491187965114,0.012615857442669647,0.5231249649469907,0.7406299637608514,0.037056149870057585,0.044157601637917404,0.017739067843525188,0.41970491187965114,0.012615857442669647,0.5231249649469907,0.7406299637608514
0.09719201775439748,0.046163549801623946,0.07481305618299566,0.42219495095567444,0.013118541033033827,0.3631456751300772,0.8211448943231436,0.09719201775439748,0.046163549801623946,0.07481305618299566,0.42219495095567444,0.013118541033033827,0.3631456751300772,0.8211448943231436
0.05109769607548835,0.06184900952260057,0.034211932741109834,0.3787606217744199,0.02734585934774078,0.45756379291918003,0.8004758362109423,0.05109769607548835,0.06184900952260057,0.034211932741109834,0.3787606217744199,0.02734585934774078,0.45756379291918003,0.8004758362109423
0.11278833498782652,0.061005109826620586,0.03445159105638144,0.385594694143143,0.029817853274698276,0.4089238781597279,0.8170394694272006,0.11278833498782652,0.061005109826620586,0.03445159105638144,0.385594694143143,0.029817853274698276,0.4089238781597279,0.8170394694272006
0.05543782214878925,0.06394483089720389,0.06605979253556608,0.3920089480311845,0.05749705526624523,0.4453072858181913,0.7969787754031874,0.05543782214878925,0.06394483089720389,0.06605979253556608,0.3920089480311845,0.05749705526624523,0.4453072858181913,0.7969787754031874
0.11508644625723768,0.09269761218439836,0.03634712717699002,0.3997012165811339,0.06164385518849542,0.3918525783879233,0.8134312771002489,0.11508644625723768,0.09269761218439836,0.03634712717699002,0.3997012165811339,0.06164385518849542,0.3918525783879233,0.8134312771002489
0.04033819276644517,0.09735631110524934,0.01766678354086942,0.35389865528033404,0.0687929032957005,0.3534109795421447,0.8578881929605446,0.04033819276644517,0.09735631110524934,0.01766678354086942,0.35389865528033404,0.0687929032957005,0.3534109795421447,0.8578881929605446
0.08483599268123096,0.058772742376496726,0.03825938891096369,0.4218649489160429,0.0649229451628047,0.4150435876790399,0.7974024977150074,0.08483599268123096,0.058772742376496726,0.03825938891096369,0.4218649489160429,0.0649229451628047,0.4150435876790399,0.7974024977150074
0.052261957112997914,0.05951685024494787,0.09011577051505569,0.383907518547541,0.02909850347012567,0.38024155288821376,0.8338509210610059,0.052261957112997914,0.05951685024494787,0.09011577051505569,0.383907518547541,0.02909850347012567,0.38024155288821376,0.8338509210610059
0.05191418625646589,0.11720107063125514,0.03340506672777477,0.39316103958669496,0.06233820035977078,0.3818517304294331,0.824607363865126,0.05191418625646589,0.11720107063125514,0.03340506672777477,0.39316103958669496,0.06233820035977078,0.3818517304294331,0.824607363865126
0.0915067958875143,0.04373229984613956,0.016157385503916693,0.35202949350661206,0.010795648820265537,0.39963405702222554,0.8410915245097469,0.0915067958875143,0.04373229984613956,0.016157385503916693,0.35202949350661206,0.010795648820265537,0.39963405702222554,0.8410915245097469
0.06138762923872178,0.06779919071811687,0.12392482836551909,0.39978965356516194,0.06303591010588475,0.3906895245751607,0.8143315302727796,0.06138762923872178,0.06779919071811687,0.12392482836551909,0.39978965356516194,0.06303591010588475,0.3906895245751607,0.8143315302727796
0.09628116814989145,0.04734359660489279,0.018626649492260217,0.3832058033027036,0.13550285402494341,0.436271688545857,0.7968593770777457,0.09628116814989145,0.04734359660489279,0.018626649492260217,0.3832058033027036,0.13550285402494341,0.436271688545857,0.7968593770777457
0.04696289812830584,0.07011620495935668,0.06444987159426874,0.3972615184008234,0.08759237192289791,0.38198686713139135,0.8241273807023833,0.04696289812830584,0.07011620495935668,0.06444987159426874,0.3972615184008234,0.08759237192289791,0.38198686713139135,0.8241273807023833
0.057863371819728414,0.08723051242032547,0.034415045586523425,0.40083520787737936,0.12166585072008321,0.39162142844865827,0.8132438656545478,0.057863371819728414,0.08723051242032547,0.034415045586523425,0.40083520787737936,0.12166585072008321,0.39162142844865827,0.8132438656545478
0.05481875225879567,0.06469365847692933,0.037791255129188434,0.4720147676806504,0.03167947324324773,0.4044126104190969,0.7786169491594602,0.05481875225879567,0.06469365847692933,0.037791255129188434,0.4720147676806504,0.03167947324324773,0.4044126104190969,0.7786169491594602
0.03510731597609668,0.04185433740098249,0.019293481203339752,0.35702834423299773,0.07467091138915638,0.5228016363928771,0.7694628832196053,0.03510731597609668,0.04185433740098249,0.019293481203339752,0.35702834423299773,0.07467091138915638,0.5228016363928771,0.7694628832196053
0.08436270609308971,0.059252293365492016,0.06471965772211002,0.3993209873749329,0.0593824358998495,0.420809039557829,0.8048886632529951,0.08436270609308971,0.059252293365492016,0.06471965772211002,0.3993209873749329,0.0593824358998495,0.420809039557829,0.8048886632529951
0.058065873180661885,0.06699261996914749,0.03720287102944246,0.4219369079250377,0.09230775905173384,0.41330519737418403,0.7972228871012068,0.058065873180661885,0.06699261996914749,0.03720287102944246,0.4219369079250377,0.09230775905173384,0.41330519737418403,0.7972228871012068
0.05105963227648588,0.06124189242958306,0.03340792014270808,0.3864897901939681,0.028091865097969997,0.48559483360392025,0.7799859941889267,0.05105963227648588,0.06124189242958306,0.03340792014270808,0.3864897901939681,0.028091865097969997,0.48559483360392025,0.7799859941889267
0.032662449544890684,0.038865552843834625,0.016567107140808522,0.361729049219319,0.06969195926137094,0.46558383529025976,0.8057011320989902,0.032662449544890684,0.038865552843834625,0.016567107140808522,0.361729049219319,0.06969195926137094,0.46558383529025976,0.8057011320989902
0.04879421997990946,0.0920214541301894,0.03201343932798251,0.4435775093754574,0.029291699890695914,0.41114413332999344,0.7893744136145036,0.04879421997990946,0.0920214541301894,0.03201343932798251,0.4435775093754574,0.029291699890695914,0.41114413332999344,0.7893744136145036
0.042858975562609106,0.11055074363399166,0.07551171744744803,0.4429430327360164,0.012199823532827673,0.42852219031304484,0.7761477940958208,0.042858975562609106,0.11055074363399166,0.07551171744744803,0.4429430327360164,0.012199823532827673,0.42852219031304484,0.7761477940958208
0.027798363702963524,0.03298883626122695,0.06668727173438321,0.3496125315297226,0.008358070619269584,0.3307724627371455,0.8742501869956306,0.027798363702963524,0.03298883626122695,0.06668727173438321,0.3496125315297226,0.008358070619269584,0.3307724627371455,0.8742501869956306
0.09140793976159811,0.09883519297800465,0.05997749703434334,0.42469827680461203,0.032012128599534374,0.38859699255707364,0.8047639294722864,0.09140793976159811,0.09883519297800465,0.05997749703434334,0.42469827680461203,0.032012128599534374,0.38859699255707364,0.8047639294722864
0.16299260937378957,0.05098989287065418,0.07417320036075345,0.376201963371848,0.012614125286275105,0.43735993261117323,0.7968332027944054,0.16299260937378957,0.05098989287065418,0.07417320036075345,0.376201963371848,0.012614125286275105,0.43735993261117323,0.7968332027944054
0.08052732859642298,0.09097723214408125,0.03264096187496335,0.4127134066497645,0.02886077914162615,0.38384207927966746,0.8171314332467235,0.08052732859642298,0.09097723214408125,0.03264096187496335,0.4127134066497645,0.02886077914162615,0.38384207927966746,0.8171314332467235
0.11260059259821692,0.060620102876381775,0.033399382920701395,0.39246621836860807,0.06248187288577791,0.38266221932024963,0.8246250818222248,0.11260059259821692,0.060620102876381775,0.033399382920701395,0.39246621836860807,0.06248187288577791,0.38266221932024963,0.8246250818222248
0.037187774358601926,0.04671139927982489,0.01998566506916081,0.3722032816437733,0.13246374493262106,0.48078924166717735,0.7814077536867654,0.037187774358601926,0.04671139927982489,0.01998566506916081,0.3722032816437733,0.13246374493262106,0.48078924166717735,0.7814077536867654
0.09050593101070713,0.10607933457803975,0.018194835364957054,0.4882935343475993,0.007389481164969455,0.3689729080920234,0.7793448984047768,0.09050593101070713,0.10607933457803975,0.018194835364957054,0.4882935343475993,0.007389481164969455,0.3689729080920234,0.7793448984047768
0.032812726323451634,0.05251486462348257,0.018760277568347666,0.3700758112992865,0.12071510123334363,0.41814592433616465,0.8195994999781665,0.032812726323451634,0.05251486462348257,0.018760277568347666,0.3700758112992865,0.12071510123334363,0.41814592433616465,0.8195994999781665
0.0527586265399725,0.0608773040075105,0.06232901428356581,0.4119506535488618,0.056239768148055244,0.3887463765109672,0.8170992966878055,0.0527586265399725,0.0608773040075105,0.06232901428356581,0.4119506535488618,0.056239768148055244,0.3887463765109672,0.8170992966878055
0.05132891373150881,0.05672876267211279,0.0321302451815674,0.41419288949765953,0.02502930903605456,0.4600811448665785,0.781798941214215,0.05132891373150881,0.05672876267211279,0.0321302451815674,0.41419288949765953,0.02502930903605456,0.4600811448665785,0.781798941214215
0.035026730723156915,0.09882105733207376,0.017757891793215186,0.4708006877368784,0.010514807466275587,0.35042494551000797,0.8036473528976211,0.035026730723156915,0.09882105733207376,0.017757891793215186,0.4708006877368784,0.010514807466275587,0.35042494551000797,0.8036473528976211
0.05198125047122504,0.05924137831283641,0.03210171331656435,0.3690428605916549,0.026435058810438904,0.39013620704365887,0.8402671696248979,0.05198125047122504,0.05924137831283641,0.03210171331656435,0.3690428605916549,0.026435058810438904,0.39013620704365887,0.8402671696248979
0.05605902020564183,0.06147536969551137,0.03557281088530848,0.3870915363018604,0.05903788500425445,0.4665302479829123,0.7893045628029451,0.05605902020564183,0.06147536969551137,0.03557281088530848,0.3870915363018604,0.05903788500425445,0.4665302479829123,0.7893045628029451
0.03785763171957472,0.1529036486522699,0.011285567558096813,0.42282689876500607,0.009948737448848308,0.36006986456225337,0.8178617218572998,0.03785763171957472,0.1529036486522699,0.011285567558096813,0.42282689876500607,0.009948737448848308,0.36006986456225337,0.8178617218572998
0.034779590597436155,0.0392490081997584,0.1280932494517865,0.3668242278196585,0.011154957474254748,0.4141430760527856,0.822730730327199,0.034779590597436155,0.0392490081997584,0.1280932494517865,0.3668242278196585,0.011154957474254748,0.4141430760527856,0.822730730327199
0.04962956319477911,0.08574284672050142,0.032850115666279676,0.4159863460597422,0.05727763897679828,0.3838780888735149,0.8168089623767167,0.04962956319477911,0.08574284672050142,0.032850115666279676,0.4159863460597422,0.05727763897679828,0.3838780888735149,0.8168089623767167
0.04225702208767496,0.04808322853345154,0.1377802418591681,0.37295947853737754,0.012839849961761995,0.4828243155661387,0.7786450646138645,0.04225702208767496,0.04808322853345154,0.1377802418591681,0.37295947853737754,0.012839849961761995,0.4828243155661387,0.7786450646138645
6.231130224380446e-18,2.6987899368303376e-17,1.948761805297062e-18,5.464264032426403e-17,1.0009850131920786,0.0,0.0,6.231130224380446e-18,2.6987899368303376e-17,1.948761805297062e-18,5.464264032426403e-17,1.0009850131920786,0.0,0.0
0.09422064458034413,0.043630378479642455,0.01989257662855114,0.46978344119314075,0.012571308891609796,0.35229875860899795,0.8038538109400238,0.09422064458034413,0.043630378479642455,0.01989257662855114,0.46978344119314075,0.012571308891609796,0.35229875860899795,0.8038538109400238
0.09316769805871043,0.042234062768276334,0.13809393133538067,0.37213204181068227,0.011059636275731843,0.3676034619089829,0.835852975307897,0.09316769805871043,0.042234062768276334,0.13809393133538067,0.37213204181068227,0.011059636275731843,0.3676034619089829,0.835852975307897
0.03759216824577509,0.04487891151914216,0.022031916312255182,0.38454821724614563,0.2539692713845073,0.37811454798708377,0.8017644369948085,0.03759216824577509,0.04487891151914216,0.022031916312255182,0.38454821724614563,0.2539692713845073,0.37811454798708377,0.8017644369948085
0.05333149931290005,0.063042575208454,0.03307672461706752,0.3932756670151561,0.11368351818379596,0.38703149338394005,0.8227708264595903,0.05333149931290005,0.063042575208454,0.03307672461706752,0.3932756670151561,0.11368351818379596,0.38703149338394005,0.8227708264595903
0.09406236322901244,0.1114519122534783,0.016586403728789237,0.37223131902372464,0.07294817652407971,0.36369252268712354,0.839386067101127,0.09406236322901244,0.1114519122534783,0.016586403728789237,0.37223131902372464,0.07294817652407971,0.36369252268712354,0.839386067101127
0.10606526622485196,0.0675624533309981,0.03074267179183116,0.4228834023821961,0.031149039992947138,0.3804158307124266,0.8131194100849509,0.10606526622485196,0.0675624533309981,0.03074267179183116,0.4228834023821961,0.031149039992947138,0.3804158307124266,0.8131194100849509
0.03418645071303773,0.1023092538532741,0.016778269632211164,0.42485783392442933,0.012483654580251545,0.4764237153598072,0.7633241401244769,0.03418645071303773,0.1023092538532741,0.016778269632211164,0.42485783392442933,0.012483654580251545,0.4764237153598072,0.7633241401244769
0.0364088255311468,0.10265989891623434,0.07556529778937957,0.37137053905651846,0.012977026740316382,0.41888337162983424,0.8188772860619958,0.0364088255311468,0.10265989891623434,0.07556529778937957,0.37137053905651846,0.012977026740316382,0.41888337162983424,0.8188772860619958
0.09543708279304494,0.0444417935599298,0.14127458756421551,0.3815139895138273,0.011747249906335355,0.43704492707299253,0.7962080766731576,0.09543708279304494,0.0444417935599298,0.14127458756421551,0.3815139895138273,0.011747249906335355,0.43704492707299253,0.7962080766731576
0.03454852106388987,0.09585591418037584,0.01828890615582133,0.34479304661357824,0.011223699151887322,0.33896573392464224,0.87027300030879,0.03454852106388987,0.09585591418037584,0.01828890615582133,0.34479304661357824,0.011223699151887322,0.33896573392464224,0.87027300030879
0.05748804292892998,0.18180980881053369,0.03572195682530021,0.3938724912066384,0.02986439961801376,0.39345597946465793,0.8083625350064108,0.05748804292892998,0.18180980881053369,0.03572195682530021,0.3938724912066384,0.02986439961801376,0.39345597946465793,0.8083625350064108
0.035897392271656066,0.04218413729582977,0.016108683088219368,0.3832201879910484,0.1885333781959766,0.43414321192544086,0.7924533771861684,0.035897392271656066,0.04218413729582977,0.016108683088219368,0.3832201879910484,0.1885333781959766,0.43414321192544086,0.7924533771861684
0.2221895801355091,0.046606851255642005,0.02391566711451079,0.3928771811537965,0.07113456996021487,0.38358876732423486,0.8021944558483771,0.2221895801355091,0.046606851255642005,0.02391566711451079,0.3928771811537965,0.07113456996021487,0.38358876732423486,0.8021944558483771
0.03387030794831642,0.04007514762743097,0.0158471451096307,0.40074736639902714,0.013903587146305013,0.3942803138204347,0.826406257723405,0.03387030794831642,0.04007514762743097,0.0158471451096307,0.40074736639902714,0.013903587146305013,0.3942803138204347,0.826406257723405
0.05212538794154323,0.14171018590134182,0.03601533741773309,0.39226080541265695,0.02877334014975848,0.3839668847407131,0.8223248188804677,0.05212538794154323,0.14171018590134182,0.03601533741773309,0.39226080541265695,0.02877334014975848,0.3839668847407131,0.8223248188804677
0.05220762061223562,0.08746793100499185,0.033182698528112134,0.44006552973157137,0.030053628484938453,0.3799739769428153,0.8086177222868373,0.05220762061223562,0.08746793100499185,0.033182698528112134,0.44006552973157137,0.030053628484938453,0.3799739769428153,0.8086177222868373
0.15767309911152408,0.17677250737936281,0.013636887255780347,0.3833982230394393,0.011080526776257656,0.37601051093063764,0.8109556522802442,0.15767309911152408,0.17677250737936281,0.013636887255780347,0.3833982230394393,0.011080526776257656,0.37601051093063764,0.8109556522802442
0.037057086756139695,0.041700841245839324,0.07215353719805266,0.36090303525639433,0.06900474391581496,0.3490995286669294,0.8580743540146881,0.037057086756139695,0.041700841245839324,0.07215353719805266,0.36090303525639433,0.06900474391581496,0.3490995286669294,0.8580743540146881
0.03781760745854399,0.04188739302578207,0.06873369150789872,0.36838720963898397,0.07679487439910988,0.4216263938784757,0.8215769866467107,0.03781760745854399,0.04188739302578207,0.06873369150789872,0.36838720963898397,0.07679487439910988,0.4216263938784757,0.8215769866467107
0.03904752704720957,0.04132051886993036,0.015499479022419424,0.47241324335732315,0.0710726306139213,0.35508081108573664,0.8040835846092015,0.03904752704720957,0.04132051886993036,0.015499479022419424,0.47241324335732315,0.0710726306139213,0.35508081108573664,0.8040835846092015
6.129743386536107e-17,1.0010630641918752,0.0,0.0,0.0,0.0,0.0,6.129743386536107e-17,1.0010630641918752,0.0,0.0,0.0,0.0,0.0
0.09991449455233178,0.11104496595351063,0.0672698204812188,0.3720704341684939,0.011839048343523418,0.36748796182595433,0.8374548592148033,0.09991449455233178,0.11104496595351063,0.0672698204812188,0.3720704341684939,0.011839048343523418,0.36748796182595433,0.8374548592148033
0.09371928130622398,0.046211676110987025,0.01791846995971149,0.3682847782674292,0.0634064386066556,0.4181954398015162,0.8223450513950932,0.09371928130622398,0.046211676110987025,0.01791846995971149,0.3682847782674292,0.0634064386066556,0.4181954398015162,0.8223450513950932
0.042308380173131016,0.15995823498606815,0.017558311287237827,0.3772746058112403,0.07383029566898776,0.3712072544091213,0.8300575052718275,0.042308380173131016,0.15995823498606815,0.017558311287237827,0.3772746058112403,0.07383029566898776,0.3712072544091213,0.8300575052718275
0.0370611668794371,0.10195870762365754,0.08006397689527556,0.3744439257165753,0.012621541716141589,0.4847715088632333,0.7798977680192803,0.0370611668794371,0.10195870762365754,0.08006397689527556,0.3744439257165753,0.012621541716141589,0.4847715088632333,0.7798977680192803
0.09844056316979981,0.0413123183709671,0.14688662575679737,0.4422387221049268,0.011267579159698272,0.3761947080794379,0.7951034508796794,0.09844056316979981,0.0413123183709671,0.14688662575679737,0.4422387221049268,0.011267579159698272,0.3761947080794379,0.7951034508796794
0.04867667294907912,0.05753549383112676,0.062215474047106936,0.3851461763913278,0.029044226429525716,0.4688853137474058,0.7897268445439042,0.04867667294907912,0.05753549383112676,0.062215474047106936,0.3851461763913278,0.029044226429525716,0.4688853137474058,0.7897268445439042
0.03171809727000432,0.04368305992234829,0.01934752952146915,0.4075095112178114,0.06219094573070598,0.3463183421152764,0.8418726067622568,0.03171809727000432,0.04368305992234829,0.01934752952146915,0.4075095112178114,0.06219094573070598,0.3463183421152764,0.8418726067622568
0.0402470301518898,0.04824039103875222,0.021306126897999815,0.48259422669943147,0.06935653534954109,0.4170215414610466,0.7658251789319535,0.0402470301518898,0.04824039103875222,0.021306126897999815,0.48259422669943147,0.06935653534954109,0.4170215414610466,0.7658251789319535
0.0823049955066658,0.0575343790425246,0.032246691621023185,0.4121010455332533,0.03235852557013842,0.43790745434078504,0.7926538436037013,0.0823049955066658,0.0575343790425246,0.032246691621023185,0.4121010455332533,0.03235852557013842,0.43790745434078504,0.7926538436037013
0.11577476994851389,0.09321060475390353,0.06884964346131109,0.39929649717379107,0.03013176490333884,0.3922531349902101,0.8131904012815617,0.11577476994851389,0.09321060475390353,0.06884964346131109,0.39929649717379107,0.03013176490333884,0.3922531349902101,0.8131904012815617
0.0382712599897855,0.04762645469812961,0.2643144431511731,0.3910225936002987,0.014131066313137215,0.3702456866198185,0.798716066527341,0.0382712599897855,0.04762645469812961,0.2643144431511731,0.3910225936002987,0.014131066313137215,0.3702456866198185,0.798716066527341
0.05311358447451622,0.05800204657198641,0.034548438521559144,0.3890967421258278,0.08221197182711032,0.3739546534557307,0.8347310244958,0.05311358447451622,0.05800204657198641,0.034548438521559144,0.3890967421258278,0.08221197182711032,0.3739546534557307,0.8347310244958
0.051387721014518,0.06083701184855828,0.06225849442134553,0.402903071982365,0.1200744723583131,0.3926264480459197,0.8128595607809331,0.051387721014518,0.06083701184855828,0.06225849442134553,0.402903071982365,0.1200744723583131,0.3926264480459197,0.8128595607809331
0.08252039548385623,0.06919440008486735,0.03741971907116697,0.4730541167027685,0.027940058030702167,0.3759139383755182,0.7892899499978808,0.08252039548385623,0.06919440008486735,0.03741971907116697,0.4730541167027685,0.027940058030702167,0.3759139383755182,0.7892899499978808
0.03727533458042357,0.09858580883886742,0.07856736558497661,0.4244762291546935,0.009856114474424632,0.3600785888113148,0.8215795008246836,0.03727533458042357,0.09858580883886742,0.07856736558497661,0.4244762291546935,0.009856114474424632,0.3600785888113148,0.8215795008246836
0.09284685402129217,0.04944452587698404,0.0782185166247473,0.3719007666607979,0.01140455355425014,0.48386750090521474,0.7822787435868241,0.09284685402129217,0.04944452587698404,0.0782185166247473,0.3719007666607979,0.01140455355425014,0.48386750090521474,0.7822787435868241
0.033683550912691464,0.044250392859765175,0.016788113765559765,0.5738797096227586,0.01739018854257771,0.3535239251042292,0.7376869971249657,0.033683550912691464,0.044250392859765175,0.016788113765559765,0.5738797096227586,0.01739018854257771,0.3535239251042292,0.7376869971249657
0.054290575077377876,0.06057687247362395,0.034100395749728424,0.44442651843201003,0.02885106790484181,0.42985502655946717,0.7819594702288241,0.054290575077377876,0.06057687247362395,0.034100395749728424,0.44442651843201003,0.02885106790484181,0.42985502655946717,0.7819594702288241
0.16709121508709512,0.11676751899512147,0.02031838680460136,0.37397997761887175,0.01394443963608783,0.43523783033101154,0.794157699202462,0.16709121508709512,0.11676751899512147,0.02031838680460136,0.37397997761887175,0.01394443963608783,0.43523783033101154,0.794157699202462
0.0970654081192749,0.10627082171659685,0.021633742010051502,0.37945654064330475,0.07533882201831761,0.4391847698873439,0.7987415096471728,0.0970654081192749,0.10627082171659685,0.021633742010051502,0.37945654064330475,0.07533882201831761,0.4391847698873439,0.7987415096471728
0.05374835249970062,0.08915903495711924,0.03133911152237327,0.41120515670777796,0.030100353438781653,0.4079573108005624,0.8086449924870552,0.05374835249970062,0.08915903495711924,0.03133911152237327,0.41120515670777796,0.030100353438781653,0.4079573108005624,0.8086449924870552
0.14535855527158484,0.0632269591601687,0.036085149198864935,0.42350056713679246,0.03146308967103013,0.3913590870757636,0.8015253677248076,0.14535855527158484,0.0632269591601687,0.036085149198864935,0.42350056713679246,0.03146308967103013,0.3913590870757636,0.8015253677248076
0.0569977614961299,0.09149371836120249,0.03339034524326673,0.4216579664215486,0.06207755986191358,0.41538559544031867,0.7971802928566931,0.0569977614961299,0.09149371836120249,0.03339034524326673,0.4216579664215486,0.06207755986191358,0.41538559544031867,0.7971802928566931
0.15874545331977843,0.04486952088132127,0.012208678877760943,0.38621295621714563,0.06943586197011292,0.43552888355997,0.794265821702993,0.15874545331977843,0.04486952088132127,0.012208678877760943,0.38621295621714563,0.06943586197011292,0.43552888355997,0.794265821702993
0.053163643514226436,0.11809521506941074,0.032794183782234254,0.3873381768047438,0.029086048250804134,0.4112877499619681,0.8148324831914351,0.053163643514226436,0.11809521506941074,0.032794183782234254,0.3873381768047438,0.029086048250804134,0.4112877499619681,0.8148324831914351
0.05174422111160303,0.062211216825041375,0.06652757112315881,0.39139690303435276,0.05348878768863709,0.4085678003320802,0.817579044510722,0.05174422111160303,0.062211216825041375,0.06652757112315881,0.39139690303435276,0.05348878768863709,0.4085678003320802,0.817579044510722
0.15506523418042734,0.046563214148850375,0.005922373195780056,0.3748295037255324,0.013570301178721187,0.4842863902057332,0.7751655301632552,0.15506523418042734,0.046563214148850375,0.005922373195780056,0.3748295037255324,0.013570301178721187,0.4842863902057332,0.7751655301632552
0.17171615077002872,0.06171463858985323,0.036283755281550756,0.39458078451736334,0.030918187567091575,0.38925344544324014,0.81215446083724,0.17171615077002872,0.06171463858985323,0.036283755281550756,0.39458078451736334,0.030918187567091575,0.38925344544324014,0.81215446083724
0.08805078620755237,0.04122278487957632,0.016915678856927324,0.3398406214741672,0.01164283484741635,0.33508223541310306,0.8743467116621652,0.08805078620755237,0.04122278487957632,0.016915678856927324,0.3398406214741672,0.01164283484741635,0.33508223541310306,0.8743467116621652
0.09672208591366123,0.05187416877820832,0.019872153007624502,0.37150165496569976,0.012113323245521364,0.5240889966626178,0.759344232728546,0.09672208591366123,0.05187416877820832,0.019872153007624502,0.37150165496569976,0.012113323245521364,0.5240889966626178,0.759344232728546
0.03850285802189532,0.05217192278816979,0.014276673626591617,0.4524935293539984,0.012761145197853131,0.33542667849534813,0.8245940150064551,0.03850285802189532,0.05217192278816979,0.014276673626591617,0.4524935293539984,0.012761145197853131,0.33542667849534813,0.8245940150064551
0.0850441274760564,0.09486297137657586,0.06233623725121474,0.3919248326506479,0.030342341855809547,0.38281911516394473,0.8256053986672184,0.0850441274760564,0.09486297137657586,0.06233623725121474,0.3919248326506479,0.030342341855809547,0.38281911516394473,0.8256053986672184
0.03804703557295131,0.04043816091563443,0.01861811058193172,0.34722226727384076,0.010867482148864483,0.44449170129096166,0.8248103661021307,0.03804703557295131,0.04043816091563443,0.01861811058193172,0.34722226727384076,0.010867482148864483,0.44449170129096166,0.8248103661021307
0.05370680978080698,0.12137176552867093,0.038244419192968115,0.396563311066307,0.09305694514799305,0.39510449575025286,0.8127894395735142,0.05370680978080698,0.12137176552867093,0.038244419192968115,0.396563311066307,0.09305694514799305,0.39510449575025286,0.8127894395735142
0.05115236555808115,0.065269989270349,0.035461706389284205,0.39894990006012676,0.14887965395054556,0.3922928516510486,0.8114080046475179,0.05115236555808115,0.065269989270349,0.035461706389284205,0.39894990006012676,0.14887965395054556,0.3922928516510486,0.8114080046475179
0.03187374815787706,0.09702612654843665,0.016694306019095273,0.34778159533868963,0.0111731532554996,0.3959293642705743,0.844580821742894,0.03187374815787706,0.09702612654843665,0.016694306019095273,0.34778159533868963,0.0111731532554996,0.3959293642705743,0.844580821742894
0.05283498222782652,0.0896607928504512,0.0635324831122358,0.3937301339907857,0.029313025934662996,0.44268561374188947,0.797336018790339,0.05283498222782652,0.0896607928504512,0.0635324831122358,0.3937301339907857,0.029313025934662996,0.44268561374188947,0.797336018790339
0.0392979554818783,0.10896809722375357,0.2030708592219886,0.39129429811524896,0.013357268714285551,0.3817853644228512,0.8054062019457785,0.0392979554818783,0.10896809722375357,0.2030708592219886,0.39129429811524896,0.013357268714285551,0.3817853644228512,0.8054062019457785
0.0915859795965423,0.06319749919315043,0.03547160149545506,0.4309491145986649,0.08697214340181503,0.3919216907076418,0.8007659020737166,0.0915859795965423,0.06319749919315043,0.03547160149545506,0.4309491145986649,0.08697214340181503,0.3919216907076418,0.8007659020737166
0.02679411146057243,0.10613506008969421,0.017030676388204557,0.49188045577822115,0.07410118274452089,0.368260886330856,0.7792167387025551,0.02679411146057243,0.10613506008969421,0.017030676388204557,0.49188045577822115,0.07410118274452089,0.368260886330856,0.7792167387025551
0.08434949522242839,0.06233184600001826,0.06296757602821258,0.4486737918774045,0.02766481688003523,0.3858949171299219,0.7975194093436152,0.08434949522242839,0.06233184600001826,0.06296757602821258,0.4486737918774045,0.02766481688003523,0.3858949171299219,0.7975194093436152
0.09028193556201743,0.04884739514374488,0.02481982306831697,0.3784330164237136,0.07438543668982307,0.48765874152980637,0.7774476719164469,0.09028193556201743,0.04884739514374488,0.02481982306831697,0.3784330164237136,0.07438543668982307,0.48765874152980637,0.7774476719164469
0.14703720768085635,0.09118410063193032,0.03575104342131613,0.4016273148560479,0.028144592422501485,0.3954114269106631,0.8083639478133497,0.14703720768085635,0.09118410063193032,0.03575104342131613,0.4016273148560479,0.028144592422501485,0.3954114269106631,0.8083639478133497
0.03707212818797277,0.10701517390878279,0.016956140490006863,0.3822609839815008,0.133110969863532,0.4361138608717989,0.7965970791433308,0.03707212818797277,0.10701517390878279,0.016956140490006863,0.3822609839815008,0.133110969863532,0.4361138608717989,0.7965970791433308
0.05017491761534834,0.06102215180512778,0.03342030620196939,0.4022222910845849,0.028796082869477404,0.39777908621980096,0.8209616510320807,0.05017491761534834,0.06102215180512778,0.03342030620196939,0.4022222910845849,0.028796082869477404,0.39777908621980096,0.8209616510320807
0.03820583776036366,0.04602944539453145,0.01835812022643896,0.429283522687179,0.12827919338663266,0.35252938747176255,0.8204281060351719,0.03820583776036366,0.04602944539453145,0.01835812022643896,0.429283522687179,0.12827919338663266,0.35252938747176255,0.8204281060351719
0.16204740094923256,0.11275706228975811,0.07968743980533169,0.39299389357682574,0.012881338067016704,0.384981414220754,0.8085034160760517,0.16204740094923256,0.11275706228975811,0.07968743980533169,0.39299389357682574,0.012881338067016704,0.384981414220754,0.8085034160760517
0.05569206754403825,0.06352454690010473,0.03218633886443087,0.4082986793516639,0.05625313423299126,0.3723127026759018,0.8280752982178342,0.05569206754403825,0.06352454690010473,0.03218633886443087,0.4082986793516639,0.05625313423299126,0.3723127026759018,0.8280752982178342
0.08525780512417167,0.06679852347107035,0.03274217685589437,0.39248872924652434,0.05768985915818504,0.44316297878639604,0.7971935805028291,0.08525780512417167,0.06679852347107035,0.03274217685589437,0.39248872924652434,0.05768985915818504,0.44316297878639604,0.7971935805028291
0.092353645408971,0.039348009873200994,0.02317537826870028,0.35138958429805117,0.0588111185028154,0.3487304631468334,0.8617854379062103,0.092353645408971,0.039348009873200994,0.02317537826870028,0.35138958429805117,0.0588111185028154,0.3487304631468334,0.8617854379062103
0.10300992887121578,0.1112392890581498,0.019901720847590076,0.3911101740643771,0.14362757668754253,0.37980139872160174,0.8130639045066407,0.10300992887121578,0.1112392890581498,0.019901720847590076,0.3911101740643771,0.14362757668754253,0.37980139872160174,0.8130639045066407
0.05313737061383809,0.061183854479504904,0.03122399758285105,0.4451155858495577,0.05977599230017072,0.37512948079732744,0.8078790970876463,0.05313737061383809,0.061183854479504904,0.03122399758285105,0.4451155858495577,0.05977599230017072,0.37512948079732744,0.8078790970876463
0.05877672237793903,0.09756586776661538,0.06727669112710338,0.39799438767125866,0.090702281179418,0.38780033601206,0.8169040474035231,0.05877672237793903,0.09756586776661538,0.06727669112710338,0.39799438767125866,0.090702281179418,0.38780033601206,0.8169040474035231
0.08853782075696909,0.23019957499947952,0.013500373659143913,0.384468971629794,0.014606865992872394,0.3813150962256631,0.8045566247336899,0.08853782075696909,0.23019957499947952,0.013500373659143913,0.384468971629794,0.014606865992872394,0.3813150962256631,0.8045566247336899
0.05546398600810227,0.08714175339529935,0.06444383521679632,0.399408481233252,0.058075218623177556,0.4207176179225464,0.8049893843888871,0.05546398600810227,0.08714175339529935,0.06444383521679632,0.399408481233252,0.058075218623177556,0.4207176179225464,0.8049893843888871
0.053246650281579586,0.056710556295409165,0.09359736079281812,0.39353128834066836,0.05105715774949279,0.42002048881993104,0.8083299971037634,0.053246650281579586,0.056710556295409165,0.09359736079281812,0.39353128834066836,0.05105715774949279,0.42002048881993104,0.8083299971037634
0.03420305656636719,0.22541129524704134,0.023301690389624884,0.42878717517561493,0.013559574325658017,0.3755290420241431,0.7897879221263318,0.03420305656636719,0.22541129524704134,0.023301690389624884,0.42878717517561493,0.013559574325658017,0.3755290420241431,0.7897879221263318
0.05076251949920737,0.08384023343414165,0.058886817779183274,0.38433822742690327,0.028442819000764608,0.375330865406167,0.8366529353644724,0.05076251949920737,0.08384023343414165,0.058886817779183274,0.38433822742690327,0.028442819000764608,0.375330865406167,0.8366529353644724
0.16084395217277841,0.04385762900960124,0.026428577923948204,0.43901037890520717,0.06994172227710134,0.3744000064299678,0.7972955186055438,0.16084395217277841,0.04385762900960124,0.026428577923948204,0.43901037890520717,0.06994172227710134,0.3744000064299678,0.7972955186055438
0.03672483191702113,0.04351371553130658,0.01644612687344741,0.4208187840702165,0.06687831485911834,0.41031927895044795,0.8051175951029096,0.03672483191702113,0.04351371553130658,0.01644612687344741,0.4208187840702165,0.06687831485911834,0.41031927895044795,0.8051175951029096
0.08549269827274468,0.06160460865521173,0.07089407009151491,0.3634716485017006,0.010255485074534382,0.35357581451812886,0.8536834641859659,0.08549269827274468,0.06160460865521173,0.07089407009151491,0.3634716485017006,0.010255485074534382,0.35357581451812886,0.8536834641859659
0.1444134507517618,0.07055861998164588,0.06733252053097717,0.39583794129831557,0.03121959514278307,0.39138208127480817,0.813117546369711,0.1444134507517618,0.07055861998164588,0.06733252053097717,0.39583794129831557,0.03121959514278307,0.39138208127480817,0.813117546369711
0.059758140337886685,0.09235745135897953,0.033110287532823995,0.4175394158309144,0.03124562872810984,0.4379676880360182,0.7885895062566964,0.059758140337886685,0.09235745135897953,0.033110287532823995,0.4175394158309144,0.03124562872810984,0.4379676880360182,0.7885895062566964
0.05789356928251131,0.09265887009172648,0.09569926314861832,0.40267613023881105,0.06025754877953273,0.39109953074214854,0.8138927777927122,0.05789356928251131,0.09265887009172648,0.09569926314861832,0.40267613023881105,0.06025754877953273,0.39109953074214854,0.8138927777927122
0.08214524115231372,0.06261675906746653,0.031304750770627235,0.438699019783737,0.030588754232212252,0.3785540631646135,0.8087528045338426,0.08214524115231372,0.06261675906746653,0.031304750770627235,0.438699019783737,0.030588754232212252,0.3785540631646135,0.8087528045338426
0.053108697960102806,0.08822791204399902,0.06257978158837074,0.39323685734589836,0.05888518967960153,0.3829479682321294,0.8264825892110613,0.053108697960102806,0.08822791204399902,0.06257978158837074,0.39323685734589836,0.05888518967960153,0.3829479682321294,0.8264825892110613
0.11822638003529772,0.05840132034840671,0.035837671614151335,0.3991689629050304,0.08977057450124294,0.393015866217239,0.8132437269495497,0.11822638003529772,0.05840132034840671,0.035837671614151335,0.3991689629050304,0.08977057450124294,0.393015866217239,0.8132437269495497
0.03316511499948624,0.040635196608010536,0.014336204469458918,0.3593904178208178,0.12228139084088913,0.34902337136743455,0.8562263814634823,0.03316511499948624,0.040635196608010536,0.014336204469458918,0.3593904178208178,0.12228139084088913,0.34902337136743455,0.8562263814634823
0.11575007404383383,0.09718511663605972,0.03726043218673922,0.39548468517645036,0.02932041937932392,0.41832865523678325,0.8034710341852859,0.11575007404383383,0.09718511663605972,0.03726043218673922,0.39548468517645036,0.02932041937932392,0.41832865523678325,0.8034710341852859
0.038794249828389096,0.16912415599910205,0.14313719736216282,0.393342477095533,0.012480012608166448,0.37915692349822655,0.808248790920396,0.038794249828389096,0.16912415599910205,0.14313719736216282,0.393342477095533,0.012480012608166448,0.37915692349822655,0.808248790920396
0.0529353058703755,0.05885969759697172,0.06644527390864649,0.42830311524103787,0.09498978991831676,0.38491922497441367,0.806798677848845,0.0529353058703755,0.05885969759697172,0.06644527390864649,0.42830311524103787,0.09498978991831676,0.38491922497441367,0.806798677848845
0.040315735410722475,0.04473046702579069,0.07245333325560614,0.37185234038613457,0.12816708034892713,0.36676737950195953,0.838860776977398,0.040315735410722475,0.04473046702579069,0.07245333325560614,0.37185234038613457,0.12816708034892713,0.36676737950195953,0.838860776977398
0.031823417929241975,0.04052482589696795,0.011979770443177285,0.37543512931099443,0.1917355820548142,0.36738253466916443,0.8286078275249942,0.031823417929241975,0.04052482589696795,0.011979770443177285,0.37543512931099443,0.1917355820548142,0.36738253466916443,0.8286078275249942
0.05215215161438232,0.06001134586944049,0.02954247491335256,0.3801087953626729,0.05697609818324648,0.3999662129642761,0.8288349116565558,0.05215215161438232,0.06001134586944049,0.02954247491335256,0.3801087953626729,0.05697609818324648,0.3999662129642761,0.8288349116565558
0.14443835150481343,0.03894406854910721,0.009820317655182674,0.35632927963569755,0.00734954427601286,0.3490136584378866,0.8550346080263607,0.14443835150481343,0.03894406854910721,0.009820317655182674,0.35632927963569755,0.00734954427601286,0.3490136584378866,0.8550346080263607
0.03964976702995728,0.10817538782035695,0.08000029546075013,0.45038862953701103,0.07574630876158715,0.3713286122159455,0.7972876612698709,0.03964976702995728,0.10817538782035695,0.08000029546075013,0.45038862953701103,0.07574630876158715,0.3713286122159455,0.7972876612698709
0.04069537711371834,0.039982232486439034,0.13294566800587748,0.4194968348953269,0.012137239964956912,0.3603846751793706,0.8215658960037472,0.04069537711371834,0.039982232486439034,0.13294566800587748,0.4194968348953269,0.012137239964956912,0.3603846751793706,0.8215658960037472
0.10048924113987934,0.04504409949614247,0.07825334835329842,0.4368202078546843,0.07025235413220217,0.3766107480748592,0.8040292330421909,0.10048924113987934,0.04504409949614247,0.07825334835329842,0.4368202078546843,0.07025235413220217,0.3766107480748592,0.8040292330421909
0.03351558143743938,0.047897406490936344,0.20411381454285468,0.39685973708844396,0.08107454763045921,0.3815925204250602,0.8047741888034432,0.03351558143743938,0.047897406490936344,0.20411381454285468,0.39685973708844396,0.08107454763045921,0.3815925204250602,0.8047741888034432
0.04203721618689405,0.04701429785296186,0.07408912627362338,0.38403326986166036,0.13276716696362906,0.4365031009718206,0.7978983688716105,0.04203721618689405,0.04701429785296186,0.07408912627362338,0.38403326986166036,0.13276716696362906,0.4365031009718206,0.7978983688716105
0.149796899967547,0.044339966204257494,0.018032790580066745,0.3668445136032064,0.009942450955854899,0.41790328537473453,0.8171302038463908,0.149796899967547,0.044339966204257494,0.018032790580066745,0.3668445136032064,0.009942450955854899,0.41790328537473453,0.8171302038463908
0.07786498213431367,0.057192081358356586,0.058733058012665,0.38346808683442074,0.02862222752799048,0.3746880554008649,0.83742385565123,0.07786498213431367,0.057192081358356586,0.058733058012665,0.38346808683442074,0.02862222752799048,0.3746880554008649,0.83742385565123
0.10055465736256781,0.1653734529479465,0.022812071246545704,0.38504790863025823,0.06802766681757169,0.37977797234794586,0.8165250044008628,0.10055465736256781,0.1653734529479465,0.022812071246545704,0.38504790863025823,0.06802766681757169,0.37977797234794586,0.8165250044008628
0.08563032871065342,0.061344973136635936,0.09336983260652518,0.4286323949564784,0.03023227505707071,0.39104312394603397,0.8031351108776678,0.08563032871065342,0.061344973136635936,0.09336983260652518,0.4286323949564784,0.03023227505707071,0.39104312394603397,0.8031351108776678
0.09368786324269655,0.04906001918258794,0.019148125910286234,0.35796626880004484,0.011666034377697079,0.4649752875431274,0.8036568422664534,0.09368786324269655,0.04906001918258794,0.019148125910286234,0.35796626880004484,0.011666034377697079,0.4649752875431274,0.8036568422664534
0.056102627821117176,0.09005683546953307,0.032049103361942194,0.45017448417891714,0.05665940738205305,0.3849514004155448,0.7970957106249602,0.056102627821117176,0.09005683546953307,0.032049103361942194,0.45017448417891714,0.05665940738205305,0.3849514004155448,0.7970957106249602
0.08946328403250882,0.06149933589034172,0.06789624130555715,0.42006360465182063,0.02911559685057093,0.4145871039230622,0.7979009804159816,0.08946328403250882,0.06149933589034172,0.06789624130555715,0.42006360465182063,0.02911559685057093,0.4145871039230622,0.7979009804159816
0.03716627722089498,0.158130845213388,0.01836670869453345,0.4895415580656857,0.014046029852995323,0.3632897589932943,0.7769716771517508,0.03716627722089498,0.158130845213388,0.01836670869453345,0.4895415580656857,0.014046029852995323,0.3632897589932943,0.7769716771517508
0.05445259481132151,0.06240341238182785,0.062237595472691726,0.4409839098655169,0.03135430974955045,0.37807615891830587,0.8081929295527343,0.05445259481132151,0.06240341238182785,0.062237595472691726,0.4409839098655169,0.03135430974955045,0.37807615891830587,0.8081929295527343
0.038234071554461596,0.11121210083095845,0.015748059726729866,0.3743484343774849,0.07385964723575372,0.48496816621590627,0.7794814130532716,0.038234071554461596,0.11121210083095845,0.015748059726729866,0.3743484343774849,0.07385964723575372,0.48496816621590627,0.7794814130532716
0.03984712912502721,0.09692765396268768,0.018249673834928475,0.4173698943734318,0.011513152824815593,0.4101559276364531,0.8049038205403592,0.03984712912502721,0.09692765396268768,0.018249673834928475,0.4173698943734318,0.011513152824815593,0.4101559276364531,0.8049038205403592
8.746434558947131e-18,2.101805479451768e-17,5.207504330938934e-18,5.663933412821494e-17,1.3772372017313694e-18,1.000784930006148,0.0,8.746434558947131e-18,2.101805479451768e-17,5.207504330938934e-18,5.663933412821494e-17,1.3772372017313694e-18,1.000784930006148,0.0
0.05306942746137908,0.09400225980349111,0.12273147547228955,0.3988741987908716,0.029093722433062956,0.3919558273800173,0.8135594020005171,0.05306942746137908,0.09400225980349111,0.12273147547228955,0.3988741987908716,0.029093722433062956,0.3919558273800173,0.8135594020005171
0.05547500827707005,0.09264665247268582,0.034815277834928895,0.4223908880450493,0.08939696386180368,0.39030871198206546,0.8066045192080415,0.05547500827707005,0.09264665247268582,0.034815277834928895,0.4223908880450493,0.08939696386180368,0.39030871198206546,0.8066045192080415
0.09470620907176056,0.04442481982550917,0.015244822556518128,0.42605211560076717,0.012515936880453408,0.4761054027094768,0.7632983586994297,0.09470620907176056,0.04442481982550917,0.015244822556518128,0.42605211560076717,0.012515936880453408,0.4761054027094768,0.7632983586994297
0.030061843507996008,0.04241640542316978,0.015561294255638488,0.5173771520916358,0.012020771654039778,0.3307479477500383,0.7884936103422959,0.030061843507996008,0.04241640542316978,0.015561294255638488,0.5173771520916358,0.012020771654039778,0.3307479477500383,0.7884936103422959
0.029800827041354824,0.05084697967975937,0.19551977751104593,0.4374132660665075,0.013021605168461738,0.3689104536675773,0.7954758141425526,0.029800827041354824,0.05084697967975937,0.19551977751104593,0.4374132660665075,0.013021605168461738,0.3689104536675773,0.7954758141425526
0.05147980338233767,0.05922894579776907,0.122839540769981,0.3902077868665276,0.028803839344799142,0.38504633313303194,0.8245018431970018,0.05147980338233767,0.05922894579776907,0.122839540769981,0.3902077868665276,0.028803839344799142,0.38504633313303194,0.8245018431970018
0.11130670418180426,0.060870223937951384,0.05882209099746588,0.39988013191417665,0.03023299547228445,0.41642271685007887,0.8053020932152497,0.11130670418180426,0.060870223937951384,0.05882209099746588,0.39988013191417665,0.03023299547228445,0.41642271685007887,0.8053020932152497
0.10065450665658762,0.04641317005072184,0.08085642833699584,0.38797118294873867,0.13559408758289868,0.38513284212916754,0.8163391556510785,0.10065450665658762,0.04641317005072184,0.08085642833699584,0.38797118294873867,0.13559408758289868,0.38513284212916754,0.8163391556510785
0.03845584340005265,0.16956508341304677,0.07944512453880144,0.3883916698536383,0.06807683419478387,0.37710148633102164,0.8172876064367938,0.03845584340005265,0.16956508341304677,0.07944512453880144,0.3883916698536383,0.06807683419478387,0.37710148633102164,0.8172876064367938
0.08281226198487097,0.06604802148950596,0.06578619259968659,0.39938426920624664,0.09083948329542409,0.39401411977279527,0.8146806993390492,0.08281226198487097,0.06604802148950596,0.06578619259968659,0.39938426920624664,0.09083948329542409,0.39401411977279527,0.8146806993390492
0.08027864406138491,0.09210337618294853,0.03276007251204067,0.3836246676652786,0.029078932143167674,0.37876628720929656,0.8335634065340701,0.08027864406138491,0.09210337618294853,0.03276007251204067,0.3836246676652786,0.029078932143167674,0.37876628720929656,0.8335634065340701
0.15485884860286805,0.041577244055820195,0.015403954938436503,0.4296845711756491,0.013485378943328408,0.3600970528731388,0.8135219635937462,0.15485884860286805,0.041577244055820195,0.015403954938436503,0.4296845711756491,0.013485378943328408,0.3600970528731388,0.8135219635937462
0.08574025987911858,0.09238616042025945,0.03291647627158835,0.4276563551590144,0.05799333129945799,0.389366324543701,0.8043171052328839,0.08574025987911858,0.09238616042025945,0.03291647627158835,0.4276563551590144,0.05799333129945799,0.389366324543701,0.8043171052328839
0.11739151242828497,0.06472564251642653,0.06914910189226191,0.39678456984473726,0.06569598458255375,0.39065829019807424,0.8154988607585503,0.11739151242828497,0.06472564251642653,0.06914910189226191,0.39678456984473726,0.06569598458255375,0.39065829019807424,0.8154988607585503
0.0377956746638232,0.045226949491239954,0.07510489259186934,0.42918181465239486,0.06458670828020194,0.35634108573762335,0.8232335054981068,0.0377956746638232,0.045226949491239954,0.07510489259186934,0.42918181465239486,0.06458670828020194,0.35634108573762335,0.8232335054981068
0.1396971813604158,0.06354295034161853,0.03320767045023556,0.3951277778078276,0.03069183353103114,0.4182307517452388,0.8033862992380723,0.1396971813604158,0.06354295034161853,0.03320767045023556,0.3951277778078276,0.03069183353103114,0.4182307517452388,0.8033862992380723
0.039835280226871286,0.16820285893596712,0.0804204147117151,0.4392905177087312,0.01250255042250894,0.37653193611914176,0.7944648399315021,0.039835280226871286,0.16820285893596712,0.0804204147117151,0.4392905177087312,0.01250255042250894,0.37653193611914176,0.7944648399315021
0.09489051808480053,0.04467244610770745,0.016580414567789647,0.4179962248408827,0.011528104440629263,0.4091817966487614,0.8051470348781155,0.09489051808480053,0.04467244610770745,0.016580414567789647,0.4179962248408827,0.011528104440629263,0.4091817966487614,0.8051470348781155
0.28358080078906855,0.05121671371483781,0.030310683498853824,0.3815580532135941,0.010733517977508994,0.37793692327454476,0.7935106817882948,0.28358080078906855,0.05121671371483781,0.030310683498853824,0.3815580532135941,0.010733517977508994,0.37793692327454476,0.7935106817882948
0.0966276609232627,0.10295452455453126,0.016826790705888748,0.38052297272151214,0.011774693683864175,0.48594810665932414,0.7752755161529263,0.0966276609232627,0.10295452455453126,0.016826790705888748,0.38052297272151214,0.011774693683864175,0.48594810665932414,0.7752755161529263
0.08244697021709763,0.06776356940628239,0.032849518139187704,0.394962695000501,0.09121424062200956,0.38153899589623663,0.8245519498963773,0.08244697021709763,0.06776356940628239,0.032849518139187704,0.394962695000501,0.09121424062200956,0.38153899589623663,0.8245519498963773
0.15413529236364626,0.10504896728104098,0.012897901352959767,0.37278990452808364,0.01253062869683083,0.3618540795402471,0.8350780210825359,0.15413529236364626,0.10504896728104098,0.012897901352959767,0.37278990452808364,0.01253062869683083,0.3618540795402471,0.8350780210825359
0.08096906601643501,0.08928489782561638,0.035206531421508605,0.38904689317426616,0.028675651961439102,0.4104297014363731,0.8160892979254708,0.08096906601643501,0.08928489782561638,0.035206531421508605,0.38904689317426616,0.028675651961439102,0.4104297014363731,0.8160892979254708
0.20920832840071857,0.04275561745848914,0.02519193645754716,0.3792024310376616,0.0068691019797697825,0.369463354952252,0.8219887476075286,0.20920832840071857,0.04275561745848914,0.02519193645754716,0.3792024310376616,0.0068691019797697825,0.369463354952252,0.8219887476075286
0.05534365431387081,0.06083116967948138,0.09008792483616558,0.3936889715164258,0.029429755470343523,0.44261932067825,0.7971526664195838,0.05534365431387081,0.06083116967948138,0.09008792483616558,0.3936889715164258,0.029429755470343523,0.44261932067825,0.7971526664195838
0.09761411022370046,0.10703519162494375,0.0797884976058563,0.4460663888432856,0.014027113563656485,0.3741027535993631,0.7974076365591775,0.09761411022370046,0.10703519162494375,0.0797884976058563,0.4460663888432856,0.014027113563656485,0.3741027535993631,0.7974076365591775
0.08324734701311091,0.058919600734139904,0.0636162702777614,0.38703806737030033,0.028452147716564912,0.4116793884146542,0.8171783013773228,0.08324734701311091,0.058919600734139904,0.0636162702777614,0.38703806737030033,0.028452147716564912,0.4116793884146542,0.8171783013773228
0.05474406137855985,0.060245806135137386,0.15421349282966218,0.40164208688204756,0.03151388637629757,0.39845827739452117,0.8069973936521383,0.05474406137855985,0.060245806135137386,0.15421349282966218,0.40164208688204756,0.03151388637629757,0.39845827739452117,0.8069973936521383
0.08335410067212402,0.06683215047015875,0.06671623894554492,0.42315924150275475,0.030535089171935325,0.38087129020814103,0.8130137946512282,0.08335410067212402,0.06683215047015875,0.06671623894554492,0.42315924150275475,0.030535089171935325,0.38087129020814103,0.8130137946512282
0.08666225653177582,0.06461467671256067,0.09246786783444304,0.40082888875715006,0.028282013994774684,0.42207194323840386,0.801156679595489,0.08666225653177582,0.06461467671256067,0.09246786783444304,0.40082888875715006,0.028282013994774684,0.42207194323840386,0.801156679595489
0.08572359834903136,0.0969111400948959,0.03598321759122385,0.38732296871617683,0.05844233417088264,0.38347791029481526,0.8269805518315311,0.08572359834903136,0.0969111400948959,0.03598321759122385,0.38732296871617683,0.05844233417088264,0.38347791029481526,0.8269805518315311
0.05514261273147289,0.06029889801714634,0.09227849174186657,0.4201419501701576,0.03036258168549724,0.41442394274313743,0.7986001071844724,0.05514261273147289,0.06029889801714634,0.09227849174186657,0.4201419501701576,0.03036258168549724,0.41442394274313743,0.7986001071844724
0.028458170156657116,0.03217765595952046,0.012420879513978697,0.32801128746840663,0.012010508867897406,0.32411774593140547,0.8875094258103176,0.028458170156657116,0.03217765595952046,0.012420879513978697,0.32801128746840663,0.012010508867897406,0.32411774593140547,0.8875094258103176
0.08404412450764073,0.09235090163241526,0.03329737255323263,0.4469403539419153,0.027438563421994307,0.38728181839027637,0.7981635372261087,0.08404412450764073,0.09235090163241526,0.03329737255323263,0.4469403539419153,0.027438563421994307,0.38728181839027637,0.7981635372261087
0.03372644894175501,0.1622219243674349,0.016898269794800615,0.38356488855080456,0.06869308548987753,0.4329932293332276,0.7967282558815904,0.03372644894175501,0.1622219243674349,0.016898269794800615,0.38356488855080456,0.06869308548987753,0.4329932293332276,0.7967282558815904
0.03695856233921555,0.04405426772522915,0.018435826318908402,0.42268891550310095,0.06370785173667208,0.47092293056702483,0.7706249545508563,0.03695856233921555,0.04405426772522915,0.018435826318908402,0.42268891550310095,0.06370785173667208,0.47092293056702483,0.7706249545508563
0.15390810734285537,0.04495530104904547,0.014060590055239238,0.38018383663563254,0.06614173857418446,0.3721713778413184,0.8301255065712432,0.15390810734285537,0.04495530104904547,0.014060590055239238,0.38018383663563254,0.06614173857418446,0.3721713778413184,0.8301255065712432
0.054510127564789596,0.08652420054338188,0.037113305183098404,0.3856473095205472,0.029362425187866383,0.4662642297957354,0.7895536135805137,0.054510127564789596,0.08652420054338188,0.037113305183098404,0.3856473095205472,0.029362425187866383,0.4662642297957354,0.7895536135805137
0.09363999915857525,0.10846155525949996,0.018263327941449553,0.4206712616153973,0.011364165672466823,0.36527615108353534,0.8190656109873502,0.09363999915857525,0.10846155525949996,0.018263327941449553,0.4206712616153973,0.011364165672466823,0.36527615108353534,0.8190656109873502
0.053892513194324365,0.08887666288568394,0.03426754837997743,0.38269806398432726,0.029375620062250345,0.4352129346124284,0.8083594701467973,0.053892513194324365,0.08887666288568394,0.03426754837997743,0.38269806398432726,0.029375620062250345,0.4352129346124284,0.8083594701467973
0.05450892142970162,0.08696776000395967,0.03458640719125511,0.3772918222462383,0.029186239399759912,0.3698680607000835,0.8428852139937427,0.05450892142970162,0.08696776000395967,0.03458640719125511,0.3772918222462383,0.029186239399759912,0.3698680607000835,0.8428852139937427
0.08881693586571054,0.09589336542161118,0.06301910259557417,0.4025149914763338,0.06207424139996667,0.39255667683525475,0.812919203091129,0.08881693586571054,0.09589336542161118,0.06301910259557417,0.4025149914763338,0.06207424139996667,0.39255667683525475,0.812919203091129
2.071818323665654e-17,5.767200821919115e-17,0.0,1.0007870419738154,0.0,0.0,0.0,2.071818323665654e-17,5.767200821919115e-17,0.0,1.0007870419738154,0.0,0.0,0.0
0.08245065732859251,0.05982128438431578,0.03141147840238604,0.3792921582663349,0.05614462158308103,0.3742658143962025,0.8386546994735625,0.08245065732859251,0.05982128438431578,0.03141147840238604,0.3792921582663349,0.05614462158308103,0.3742658143962025,0.8386546994735625
0.05461319693691236,0.09073680951266311,0.06361972133152838,0.42182686258316704,0.028926868297976045,0.41478228620475455,0.7977782898156603,0.05461319693691236,0.09073680951266311,0.06361972133152838,0.42182686258316704,0.028926868297976045,0.41478228620475455,0.7977782898156603
0.09833882942877079,0.048657045518205363,0.018663844749605175,0.43959970872276005,0.06630016152158291,0.42986527542443037,0.7793678779814378,0.09833882942877079,0.048657045518205363,0.018663844749605175,0.43959970872276005,0.06630016152158291,0.42986527542443037,0.7793678779814378
0.08464663050977003,0.06082856963862284,0.034419854579160476,0.4479640726965237,0.030675560615473847,0.405981090793968,0.7897721612106376,0.08464663050977003,0.06082856963862284,0.034419854579160476,0.4479640726965237,0.030675560615473847,0.405981090793968,0.7897721612106376
0.03907635874439951,0.10225569497207093,0.07805605995726417,0.492955312377341,0.013619888996102175,0.3729352511648417,0.7756846601304399,0.03907635874439951,0.10225569497207093,0.07805605995726417,0.492955312377341,0.013619888996102175,0.3729352511648417,0.7756846601304399
0.05341276968243193,0.06123557595287544,0.06207056470678878,0.4136444639518277,0.029829442984767512,0.4062754145589439,0.8091183496821382,0.05341276968243193,0.06123557595287544,0.06207056470678878,0.4136444639518277,0.029829442984767512,0.4062754145589439,0.8091183496821382
0.03286420199098994,0.04186444158394558,0.016078053094906817,0.3873764814485713,0.011509242531115571,0.3275886840763823,0.8610998038928601,0.03286420199098994,0.04186444158394558,0.016078053094906817,0.3873764814485713,0.011509242531115571,0.3275886840763823,0.8610998038928601
0.08751427930193528,0.09786619384722872,0.03568105121358588,0.39893227576200685,0.08866266794088225,0.3936731051182012,0.813205041649184,0.08751427930193528,0.09786619384722872,0.03568105121358588,0.39893227576200685,0.08866266794088225,0.3936731051182012,0.813205041649184
0.03882707606009888,0.15905288642636395,0.07359060231437285,0.3707141818241506,0.010120245742996307,0.36558404228824315,0.8373665793423513,0.03882707606009888,0.15905288642636395,0.07359060231437285,0.3707141818241506,0.010120245742996307,0.36558404228824315,0.8373665793423513
0.039121038286711665,0.21927048551415548,0.014681151623195287,0.37189667284300293,0.011747760773005442,0.3573325398047093,0.828143858136655,0.039121038286711665,0.21927048551415548,0.014681151623195287,0.37189667284300293,0.011747760773005442,0.3573325398047093,0.828143858136655
0.0844582804454332,0.06300197645605278,0.04205385816083317,0.3963949397954948,0.11754108229389652,0.39169889266211116,0.815480648365151,0.0844582804454332,0.06300197645605278,0.04205385816083317,0.3963949397954948,0.11754108229389652,0.39169889266211116,0.815480648365151
0.05869389340393088,0.06737534819820344,0.08898390583711593,0.4261463738715155,0.05820062350313739,0.38654316492082813,0.8073890325239013,0.05869389340393088,0.06737534819820344,0.08898390583711593,0.4261463738715155,0.05820062350313739,0.38654316492082813,0.8073890325239013
1.0008929067163876,0.0,0.0,0.0,0.0,0.0,0.0,1.0008929067163876,0.0,0.0,0.0,0.0,0.0,0.0
0.03688266382848807,0.04294452976984809,0.08401691243510914,0.375760340774846,0.07264499648690802,0.48804284997605024,0.7793401639583071,0.03688266382848807,0.04294452976984809,0.08401691243510914,0.375760340774846,0.07264499648690802,0.48804284997605024,0.7793401639583071
0.03703991963145033,0.04662705049098375,0.02348156190201071,0.4899635545180407,0.12268203593951074,0.36755759397452653,0.7794480663398501,0.03703991963145033,0.04662705049098375,0.02348156190201071,0.4899635545180407,0.12268203593951074,0.36755759397452653,0.7794480663398501
0.11573341764345871,0.06494186469850809,0.061335583634332363,0.4252026265756212,0.030725217980483856,0.3885974962668592,0.8047649726287546,0.11573341764345871,0.06494186469850809,0.061335583634332363,0.4252026265756212,0.030725217980483856,0.3885974962668592,0.8047649726287546
0.0832383160729946,0.062768427295331,0.09499723877223047,0.3923657557558316,0.03038911979412903,0.3836553811181289,0.8248010405470442,0.0832383160729946,0.062768427295331,0.09499723877223047,0.3923657557558316,0.03038911979412903,0.3836553811181289,0.8248010405470442
0.054919474904910365,0.12307124597415048,0.06545983509765055,0.39348908051773,0.028885608147172864,0.38414811277696487,0.8224605401493509,0.054919474904910365,0.12307124597415048,0.06545983509765055,0.39348908051773,0.028885608147172864,0.38414811277696487,0.8224605401493509
0.05112850740445749,0.05852804160153973,0.034397191224257766,0.46220721917608165,0.06336453327927076,0.3769864816765533,0.7966560519190243,0.05112850740445749,0.05852804160153973,0.034397191224257766,0.46220721917608165,0.06336453327927076,0.3769864816765533,0.7966560519190243
0.034835573615335035,0.22692891769091264,0.010861636129866773,0.3759298958840547,0.013159694920644196,0.4334605187174612,0.7871540269070195,0.034835573615335035,0.22692891769091264,0.010861636129866773,0.3759298958840547,0.013159694920644196,0.4334605187174612,0.7871540269070195
0.052081359596587426,0.08679551890261468,0.03299025511653753,0.37888809600459983,0.026986850957211213,0.3986761450663654,0.8291529376453181,0.052081359596587426,0.08679551890261468,0.03299025511653753,0.37888809600459983,0.026986850957211213,0.3986761450663654,0.8291529376453181
0.05525919586629923,0.06133055940759714,0.03466327033139616,0.3844287826035593,0.08877034595684379,0.40456252531944115,0.8212542352421576,0.05525919586629923,0.06133055940759714,0.03466327033139616,0.3844287826035593,0.08877034595684379,0.40456252531944115,0.8212542352421576
0.05459157517307217,0.06258161723239147,0.03665417539622437,0.416802599231257,0.05345306196494706,0.4396493638051423,0.7897934586392408,0.05459157517307217,0.06258161723239147,0.03665417539622437,0.416802599231257,0.05345306196494706,0.4396493638051423,0.7897934586392408
0.036209678311376024,0.16061689866419995,0.01643067013121781,0.36657156116492645,0.011234105636755018,0.41817936522289134,0.81564910560292,0.036209678311376024,0.16061689866419995,0.01643067013121781,0.36657156116492645,0.011234105636755018,0.41817936522289134,0.81564910560292
0.15604685782322336,0.1109291384909573,0.013623523582513857,0.43839610445645266,0.014638372657265902,0.3776027602059061,0.7940279563933396,0.15604685782322336,0.1109291384909573,0.013623523582513857,0.43839610445645266,0.014638372657265902,0.3776027602059061,0.7940279563933396
0.05516924772173815,0.09003274400074124,0.03830553697041092,0.3953180185264794,0.08936710253454612,0.42050728223684886,0.8050631587433865,0.05516924772173815,0.09003274400074124,0.03830553697041092,0.3953180185264794,0.08936710253454612,0.42050728223684886,0.8050631587433865
0.04198254487518894,0.04931606174276779,0.14012462336685186,0.3708974986897317,0.07019092692559226,0.36772569291606333,0.8369825368693784,0.04198254487518894,0.04931606174276779,0.14012462336685186,0.3708974986897317,0.07019092692559226,0.36772569291606333,0.8369825368693784
0.11405933349900511,0.06277828391139297,0.03400418989261098,0.393041870717896,0.06467646149678594,0.4219823693717832,0.8043397686006261,0.11405933349900511,0.06277828391139297,0.03400418989261098,0.393041870717896,0.06467646149678594,0.4219823693717832,0.8043397686006261
0.02933342921514669,0.04189878205529271,0.07470576816625601,0.3617536371106403,0.011729999156832259,0.4641499633927444,0.8045573627893695,0.02933342921514669,0.04189878205529271,0.07470576816625601,0.3617536371106403,0.011729999156832259,0.4641499633927444,0.8045573627893695
0.05373147781176967,0.06288679492225935,0.09463068332315366,0.41528540268830266,0.02799199288778637,0.38421203695418066,0.8155370406488528,0.05373147781176967,0.06288679492225935,0.09463068332315366,0.41528540268830266,0.02799199288778637,0.38421203695418066,0.8155370406488528
0.05559410020168072,0.06115194549963812,0.1257713712156241,0.4234250323786685,0.0298489013472349,0.38805440310241085,0.8051658922460283,0.05559410020168072,0.06115194549963812,0.1257713712156241,0.4234250323786685,0.0298489013472349,0.38805440310241085,0.8051658922460283
0.052182483486091696,0.06074700731269643,0.03368060340855537,0.40012182434856325,0.028124678010512265,0.36640289483246596,0.8362183603386195,0.052182483486091696,0.06074700731269643,0.03368060340855537,0.40012182434856325,0.028124678010512265,0.36640289483246596,0.8362183603386195
0.052033174870954324,0.08957305718381792,0.03482122188617525,0.37735192242996946,0.06069472165043478,0.37353802874806363,0.8394467030689448,0.052033174870954324,0.08957305718381792,0.03482122188617525,0.37735192242996946,0.06069472165043478,0.37353802874806363,0.8394467030689448
0.10287988153292602,0.046887525153656635,0.018218227929372856,0.39646941994590357,0.19732352612575918,0.38256921191520543,0.8038611205678095,0.10287988153292602,0.046887525153656635,0.018218227929372856,0.39646941994590357,0.19732352612575918,0.38256921191520543,0.8038611205678095
0.08068970883991301,0.06214174327057588,0.12896559060513116,0.3992598513085922,0.029055691800861122,0.3911155543537045,0.8134195181754215,0.08068970883991301,0.06214174327057588,0.12896559060513116,0.3992598513085922,0.029055691800861122,0.3911155543537045,0.8134195181754215
0.09440478812468572,0.04201294278427678,0.017696674508814892,0.3722042192209615,0.1312692104889641,0.36517709607715076,0.8378712281751562,0.09440478812468572,0.04201294278427678,0.017696674508814892,0.3722042192209615,0.1312692104889641,0.36517709607715076,0.8378712281751562
0.1020676082248895,0.04819025112656122,0.13775499469233388,0.3899697091099387,0.06897619636532978,0.3834027344956205,0.8164913300077025,0.1020676082248895,0.04819025112656122,0.13775499469233388,0.3899697091099387,0.06897619636532978,0.3834027344956205,0.8164913300077025
0.21398709482806186,0.05041926346953143,0.09183014407064906,0.38119602356587295,0.016490705903617748,0.37534056027635526,0.8122683205355585,0.21398709482806186,0.05041926346953143,0.09183014407064906,0.38119602356587295,0.016490705903617748,0.37534056027635526,0.8122683205355585
0.05209903930458128,0.061416171918345065,0.06293277263143207,0.4525707558387039,0.05659333355681813,0.3844408540078434,0.7971363050446613,0.05209903930458128,0.061416171918345065,0.06293277263143207,0.4525707558387039,0.05659333355681813,0.3844408540078434,0.7971363050446613
0.055840526124911076,0.06151391518443196,0.09427255464177049,0.4033414339154037,0.09151219674308353,0.3913381877608897,0.813851314843586,0.055840526124911076,0.06151391518443196,0.09427255464177049,0.4033414339154037,0.09151219674308353,0.3913381877608897,0.813851314843586
0.03488239739649732,0.036392522176117784,0.07815110527020792,0.47345505067386545,0.01259474825428395,0.35245074134912413,0.8032712040275548,0.03488239739649732,0.036392522176117784,0.07815110527020792,0.47345505067386545,0.01259474825428395,0.35245074134912413,0.8032712040275548
0.05165187005661858,0.06062900111723645,0.03515710045991978,0.4519013236455291,0.08503332688808789,0.3848563606087316,0.7967199477359188,0.05165187005661858,0.06062900111723645,0.03515710045991978,0.4519013236455291,0.08503332688808789,0.3848563606087316,0.7967199477359188
0.05382111342969461,0.06268777220018562,0.03325333193371145,0.39226487647093444,0.08802182878062834,0.44396386330713583,0.7972656891008428,0.05382111342969461,0.06268777220018562,0.03325333193371145,0.39226487647093444,0.08802182878062834,0.44396386330713583,0.7972656891008428
0.03690193867695933,0.044038241887141394,0.01856639814594217,0.43636577250369807,0.12986088373541516,0.4263064380340372,0.7804538728304291,0.03690193867695933,0.044038241887141394,0.01856639814594217,0.43636577250369807,0.12986088373541516,0.4263064380340372,0.7804538728304291
0.05505232980635385,0.0643643513153217,0.03578220474841326,0.4200852701851762,0.11916756774088576,0.39368162125142586,0.8048478447014537,0.05505232980635385,0.0643643513153217,0.03578220474841326,0.4200852701851762,0.11916756774088576,0.39368162125142586,0.8048478447014537
0.05948388664621823,0.08497501007885605,0.09596957742569394,0.42788409044083353,0.031546112486344875,0.3874330163965669,0.80481762542428,0.05948388664621823,0.08497501007885605,0.09596957742569394,0.42788409044083353,0.031546112486344875,0.3874330163965669,0.80481762542428
0.04446570921959131,0.22900535812026956,0.0791466890639078,0.3896458650237507,0.009913061069304221,0.382834191227302,0.8016793431157582,0.04446570921959131,0.22900535812026956,0.0791466890639078,0.3896458650237507,0.009913061069304221,0.382834191227302,0.8016793431157582
0.03699579332310362,0.10813291214189658,0.14473088660256395,0.44669579234108203,0.012001595415645754,0.3675902758181695,0.7959134470472933,0.03699579332310362,0.10813291214189658,0.14473088660256395,0.44669579234108203,0.012001595415645754,0.3675902758181695,0.7959134470472933
0.11848525996793784,0.06667380138724754,0.08896939702807916,0.3998978612012601,0.030237889823354812,0.39120535368342435,0.8136621351986549,0.11848525996793784,0.06667380138724754,0.08896939702807916,0.3998978612012601,0.030237889823354812,0.39120535368342435,0.8136621351986549
0.04999595336375344,0.061221851201087994,0.03412194652557814,0.43093431043477004,0.026927677083861422,0.36888030779728104,0.8201225307621981,0.04999595336375344,0.061221851201087994,0.03412194652557814,0.43093431043477004,0.026927677083861422,0.36888030779728104,0.8201225307621981
0.09137143148191582,0.042020239935026786,0.016972459149275327,0.44562146207247294,0.13291718452973442,0.37768355866351894,0.7955271162245263,0.09137143148191582,0.042020239935026786,0.016972459149275327,0.44562146207247294,0.13291718452973442,0.37768355866351894,0.7955271162245263
0.052939273992992066,0.06310808761869019,0.06415466176373812,0.3841157578389792,0.02679695276521929,0.43234026094184297,0.8099732967557601,0.052939273992992066,0.06310808761869019,0.06415466176373812,0.3841157578389792,0.02679695276521929,0.43234026094184297,0.8099732967557601
0.04895857950278042,0.05578797878014344,0.06436372368592823,0.4071551513184852,0.02862336287604273,0.37475073243798984,0.8280815661298895,0.04895857950278042,0.05578797878014344,0.06436372368592823,0.4071551513184852,0.02862336287604273,0.37475073243798984,0.8280815661298895
0.11458258684613472,0.061456757574076495,0.03535601320383066,0.4247876805689551,0.027842703028539577,0.4102083241135558,0.7966981618281171,0.11458258684613472,0.061456757574076495,0.03535601320383066,0.4247876805689551,0.027842703028539577,0.4102083241135558,0.7966981618281171
0.04275602121326965,0.05156858839250362,0.08716107814855734,0.49249749436246676,0.07574924402263954,0.36984603420006484,0.7777169705269006,0.04275602121326965,0.05156858839250362,0.08716107814855734,0.49249749436246676,0.07574924402263954,0.36984603420006484,0.7777169705269006
0.03333385646455848,0.039800371632512814,0.01583379232949763,0.35382668662472516,0.06470728840428806,0.40123191726314644,0.8417659540151077,0.03333385646455848,0.039800371632512814,0.01583379232949763,0.35382668662472516,0.06470728840428806,0.40123191726314644,0.8417659540151077
0.05377334062809073,0.09106067955510969,0.03605993969870246,0.3879227792695645,0.061128232729019245,0.41016376195536514,0.8168562053915538,0.05377334062809073,0.09106067955510969,0.03605993969870246,0.3879227792695645,0.061128232729019245,0.41016376195536514,0.8168562053915538
0.05706066098648426,0.06545318554611201,0.0373047414022746,0.4458252089537732,0.05533256026989206,0.40804272035383277,0.790507797074102,0.05706066098648426,0.06545318554611201,0.0373047414022746,0.4458252089537732,0.05533256026989206,0.40804272035383277,0.790507797074102
0.11335301145912721,0.12262867269051035,0.03364906695980772,0.3976417505103418,0.030158898764651634,0.38655317048047866,0.8150699704119508,0.11335301145912721,0.12262867269051035,0.03364906695980772,0.3976417505103418,0.030158898764651634,0.38655317048047866,0.8150699704119508
0.08405426330923249,0.12076340805134785,0.035127338339241934,0.38921997582256534,0.029212425947787276,0.3816421066973891,0.8256834589416499,0.08405426330923249,0.12076340805134785,0.035127338339241934,0.38921997582256534,0.029212425947787276,0.3816421066973891,0.8256834589416499
0.15740342737368415,0.046691487085283395,0.07251833580566776,0.38854890740398285,0.08381823385184034,0.3851926153751498,0.8143990757430598,0.15740342737368415,0.046691487085283395,0.07251833580566776,0.38854890740398285,0.08381823385184034,0.3851926153751498,0.8143990757430598
0.03761878951938095,0.04464594804762315,0.14650128423318748,0.4411641883827873,0.06613120277399424,0.37691878818396246,0.7974459861113538,0.03761878951938095,0.04464594804762315,0.14650128423318748,0.4411641883827873,0.06613120277399424,0.37691878818396246,0.7974459861113538
0.22252094359156654,0.10634876230794904,0.013480894709755994,0.38418740955517433,0.010338641122596956,0.38163588768150253,0.804610772160192,0.22252094359156654,0.10634876230794904,0.013480894709755994,0.38418740955517433,0.010338641122596956,0.38163588768150253,0.804610772160192
0.041232461069375226,0.10066808937224783,0.14165957458345585,0.388985529660792,0.06843182368172358,0.3855459510732929,0.8158600228207913,0.041232461069375226,0.10066808937224783,0.14165957458345585,0.388985529660792,0.06843182368172358,0.3855459510732929,0.8158600228207913
0.054874154548097326,0.11824756779638679,0.0345463825569508,0.417375960457963,0.026096246610854707,0.41378567156659163,0.798776825709771,0.054874154548097326,0.11824756779638679,0.0345463825569508,0.417375960457963,0.026096246610854707,0.41378567156659163,0.798776825709771
0.04597097041522458,0.16255671247053827,0.07639697752132601,0.37841405127196165,0.01071303993272347,0.4358603764947706,0.7966204678644747,0.04597097041522458,0.16255671247053827,0.07639697752132601,0.37841405127196165,0.01071303993272347,0.4358603764947706,0.7966204678644747
0.1027152076566815,0.04489597625505545,0.019906874533832976,0.5371319895529375,0.012061502526330153,0.35343646823836117,0.7584292829517509,0.1027152076566815,0.04489597625505545,0.019906874533832976,0.5371319895529375,0.012061502526330153,0.35343646823836117,0.7584292829517509
0.04041567989368398,0.045480311557679065,0.07849223589123752,0.39301831937957915,0.20208525127089405,0.37908773924800965,0.808010068111607,0.04041567989368398,0.045480311557679065,0.07849223589123752,0.39301831937957915,0.20208525127089405,0.37908773924800965,0.808010068111607
0.11867864160944094,0.0653534540844193,0.03191170314512935,0.4236845922270611,0.05656582309815319,0.3891651844183781,0.8053412078033095,0.11867864160944094,0.0653534540844193,0.03191170314512935,0.4236845922270611,0.05656582309815319,0.3891651844183781,0.8053412078033095
0.0477842237004151,0.05284695266671482,0.09041911932763773,0.5374112546000299,0.010859517528307619,0.3491929797650182,0.7603426050825595,0.0477842237004151,0.05284695266671482,0.09041911932763773,0.5374112546000299,0.010859517528307619,0.3491929797650182,0.7603426050825595
0.055941212193271576,0.06584851245535404,0.09615581156188745,0.44922481564545913,0.03214647344316954,0.3840601312222579,0.7967382681353741,0.055941212193271576,0.06584851245535404,0.09615581156188745,0.44922481564545913,0.03214647344316954,0.3840601312222579,0.7967382681353741
0.08727154540485714,0.040912657322141686,0.015537772602614625,0.406767106114433,0.010442737482326558,0.3443675606300304,0.841838861270651,0.08727154540485714,0.040912657322141686,0.015537772602614625,0.406767106114433,0.010442737482326558,0.3443675606300304,0.841838861270651
0.08894715426322827,0.06245006742695544,0.09571691841901772,0.4015067675128453,0.06028353019338304,0.3927373707799231,0.8134392912767223,0.08894715426322827,0.06245006742695544,0.09571691841901772,0.4015067675128453,0.06028353019338304,0.3927373707799231,0.8134392912767223
0.08755167856601295,0.06370239698440593,0.06685330888502633,0.4274998992656146,0.05687702457667492,0.3872826695478646,0.806036417825123,0.08755167856601295,0.06370239698440593,0.06685330888502633,0.4274998992656146,0.05687702457667492,0.3872826695478646,0.806036417825123
0.03946518495596261,0.16632497238622213,0.020556148327969332,0.37394393001770404,0.012183116254609048,0.48073856312943836,0.7756314012906476,0.03946518495596261,0.16632497238622213,0.020556148327969332,0.37394393001770404,0.012183116254609048,0.48073856312943836,0.7756314012906476
0.10381616570390743,0.04856056208647708,0.19970502685733607,0.390186184035914,0.01232849381963557,0.3843709095394111,0.8053411166145995,0.10381616570390743,0.04856056208647708,0.19970502685733607,0.390186184035914,0.01232849381963557,0.3843709095394111,0.8053411166145995
0.03516130747634462,0.041661883707851566,0.1295374778021086,0.3572827121308709,0.01338621794229646,0.3488833668263965,0.8557992587474458,0.03516130747634462,0.041661883707851566,0.1295374778021086,0.3572827121308709,0.01338621794229646,0.3488833668263965,0.8557992587474458
0.03600171794791097,0.0988820525359794,0.02207989339586321,0.360355452707102,0.01120102110849138,0.46607077529944957,0.8018068106859961,0.03600171794791097,0.0988820525359794,0.02207989339586321,0.360355452707102,0.01120102110849138,0.46607077529944957,0.8018068106859961
0.14469699219631887,0.06355221873540808,0.03492185935100899,0.39721566746385367,0.05477295117188899,0.3848999419754534,0.8167385726244307,0.14469699219631887,0.06355221873540808,0.03492185935100899,0.39721566746385367,0.05477295117188899,0.3848999419754534,0.8167385726244307
0.037512620129183966,0.04283386138196347,0.07225968139392167,0.48856718762221607,0.011409012389884173,0.42049852940828786,0.760337407051076,0.037512620129183966,0.04283386138196347,0.07225968139392167,0.48856718762221607,0.011409012389884173,0.42049852940828786,0.760337407051076
0.04943467811327001,0.0579713226461596,0.05955958754427018,0.4486609782228036,0.030539783643628592,0.40653434294993573,0.7908077535321271,0.04943467811327001,0.0579713226461596,0.05955958754427018,0.4486609782228036,0.030539783643628592,0.40653434294993573,0.7908077535321271
0.03735312513083954,0.043156186543649264,0.19086899035790045,0.37466382776556045,0.012633425332707362,0.4312196479252694,0.7977894312393439,0.03735312513083954,0.043156186543649264,0.19086899035790045,0.37466382776556045,0.012633425332707362,0.4312196479252694,0.7977894312393439
0.029878131859835982,0.041172816724035256,0.015267840393297686,0.3439029748743401,0.012271892144409623,0.37734450667763997,0.8593658829270441,0.029878131859835982,0.041172816724035256,0.015267840393297686,0.3439029748743401,0.012271892144409623,0.37734450667763997,0.8593658829270441
0.09610467846088223,0.04184714608145168,0.07641363764611862,0.3723668401892172,0.06955526736815287,0.37019642101521394,0.8393280928800003,0.09610467846088223,0.04184714608145168,0.07641363764611862,0.3723668401892172,0.06955526736815287,0.37019642101521394,0.8393280928800003
0.0985276152015656,0.04327581845237679,0.0789462397836294,0.38418353002479094,0.07301673703425748,0.4339976971933118,0.8018001344812015,0.0985276152015656,0.04327581845237679,0.0789462397836294,0.38418353002479094,0.07301673703425748,0.4339976971933118,0.8018001344812015
0.03985252051769529,0.10225497700943931,0.019870678492650947,0.3714740895200866,0.012112424436192643,0.52405010922688,0.7592878893398441,0.03985252051769529,0.10225497700943931,0.019870678492650947,0.3714740895200866,0.012112424436192643,0.52405010922688,0.7592878893398441
0.11541174178988944,0.06099752443115115,0.03520377365566599,0.3817018409402234,0.029223430779878195,0.3753451247226757,0.8345040066534055,0.11541174178988944,0.06099752443115115,0.03520377365566599,0.3817018409402234,0.029223430779878195,0.3753451247226757,0.8345040066534055
0.03694945790362694,0.10734408051818514,0.017893189574673247,0.4404946395405978,0.07524465309737526,0.4343652532738861,0.775231862509018,0.03694945790362694,0.10734408051818514,0.017893189574673247,0.4404946395405978,0.07524465309737526,0.4343652532738861,0.775231862509018
0.043966944443605945,0.1099815112930242,0.0189702117436956,0.44084034579534914,0.13313380016873327,0.3783347700269354,0.7951791638939738,0.043966944443605945,0.1099815112930242,0.0189702117436956,0.44084034579534914,0.13313380016873327,0.3783347700269354,0.7951791638939738
0.03441078335864779,0.2871587411785477,0.01736494162140528,0.381525844744464,0.012122790532103186,0.37793116506582647,0.793498591939845,0.03441078335864779,0.2871587411785477,0.01736494162140528,0.381525844744464,0.012122790532103186,0.37793116506582647,0.793498591939845
0.05311954388386516,0.05845555316439636,0.116874366540046,0.39571226883631405,0.030239691709909283,0.41810327297555216,0.8060158322196312,0.05311954388386516,0.05845555316439636,0.116874366540046,0.39571226883631405,0.030239691709909283,0.41810327297555216,0.8060158322196312
0.05434488268571821,0.06269361455493391,0.06443655067251139,0.37924223507134,0.056833096404345924,0.37475173386839555,0.8391131569804875,0.05434488268571821,0.06269361455493391,0.06443655067251139,0.37924223507134,0.056833096404345924,0.37475173386839555,0.8391131569804875
0.05360083292744457,0.06175085665153844,0.029340490591437722,0.4092756873638507,0.030229071176655544,0.42828796059601754,0.8014433513539556,0.05360083292744457,0.06175085665153844,0.029340490591437722,0.4092756873638507,0.030229071176655544,0.42828796059601754,0.8014433513539556
0.07905107967142705,0.060798433162698236,0.03433507364194872,0.37833352785738983,0.02920266319410612,0.3991295555490267,0.8291411421737732,0.07905107967142705,0.060798433162698236,0.03433507364194872,0.37833352785738983,0.02920266319410612,0.3991295555490267,0.8291411421737732
0.041071157708714834,0.10027427098969525,0.14110539554933063,0.38592702757884106,0.00845649890079325,0.4306259626707461,0.7975010572792143,0.041071157708714834,0.10027427098969525,0.14110539554933063,0.38592702757884106,0.00845649890079325,0.4306259626707461,0.7975010572792143
0.09793624226464055,0.10731026053529723,0.07697932605403399,0.37568443601941204,0.01217951540933253,0.43054907172012463,0.8050332629016097,0.09793624226464055,0.10731026053529723,0.07697932605403399,0.37568443601941204,0.01217951540933253,0.43054907172012463,0.8050332629016097
0.11215914017566736,0.060818761491713356,0.034500305752607346,0.45026743791011287,0.029878199813390377,0.38483160570801556,0.7956762639351694,0.11215914017566736,0.060818761491713356,0.034500305752607346,0.45026743791011287,0.029878199813390377,0.38483160570801556,0.7956762639351694
0.03673176004238297,0.04400790933220569,0.013912734376067746,0.5390623710048,0.07022972662893244,0.3589193345089885,0.7579900206093895,0.03673176004238297,0.04400790933220569,0.013912734376067746,0.5390623710048,0.07022972662893244,0.3589193345089885,0.7579900206093895
0.0801182155492045,0.05663969510086488,0.033820663417231944,0.41774499323682274,0.05697273964740613,0.3813803919306388,0.8172182809088409,0.0801182155492045,0.05663969510086488,0.033820663417231944,0.41774499323682274,0.05697273964740613,0.3813803919306388,0.8172182809088409
0.09764230334059931,0.044399689951363494,0.07759858845433225,0.36623053568953584,0.011866398859785013,0.41675864694749915,0.8227709123876618,0.09764230334059931,0.044399689951363494,0.07759858845433225,0.36623053568953584,0.011866398859785013,0.41675864694749915,0.8227709123876618
0.033424135032839385,0.09067750020485635,0.015391743048997797,0.40772398682703576,0.010433731410747406,0.3457124032393167,0.8420555888709401,0.033424135032839385,0.09067750020485635,0.015391743048997797,0.40772398682703576,0.010433731410747406,0.3457124032393167,0.8420555888709401
0.162564085685934,0.04759759909109398,0.07152587747524412,0.44773586639471735,0.014636678516843811,0.3769101668224702,0.7908899560749063,0.162564085685934,0.04759759909109398,0.07152587747524412,0.44773586639471735,0.014636678516843811,0.3769101668224702,0.7908899560749063
0.038071124640391626,0.10222128468404189,0.015831403059141855,0.48539071778271475,0.013552072828075717,0.417337120856936,0.7617631563003486,0.038071124640391626,0.10222128468404189,0.015831403059141855,0.48539071778271475,0.013552072828075717,0.417337120856936,0.7617631563003486
0.09863442300466178,0.04660738017911595,0.017001277797625506,0.4918577215952836,0.07408588646715365,0.36818486837200304,0.7790558895106402,0.09863442300466178,0.04660738017911595,0.017001277797625506,0.4918577215952836,0.07408588646715365,0.36818486837200304,0.7790558895106402
0.040676774745916966,0.16516467028719006,0.018703452325417005,0.3899365399487635,0.12503652023820985,0.3766494309782753,0.8145792232768473,0.040676774745916966,0.16516467028719006,0.018703452325417005,0.3899365399487635,0.12503652023820985,0.3766494309782753,0.8145792232768473
0.08628149152006784,0.05875762476423217,0.03113337367591161,0.39355661436623507,0.0633573789651771,0.4078783093992222,0.8152362743582054,0.08628149152006784,0.05875762476423217,0.03113337367591161,0.39355661436623507,0.0633573789651771,0.4078783093992222,0.8152362743582054
0.040973224772363794,0.05190783808191163,0.1414347692279998,0.37963913240838193,0.13467416101919014,0.3884427806248598,0.8150633924275678,0.040973224772363794,0.05190783808191163,0.1414347692279998,0.37963913240838193,0.13467416101919014,0.3884427806248598,0.8150633924275678
0.03858782507705848,0.10590970438486388,0.01817167388223075,0.3917049165335289,0.19508985339459864,0.3786037152174504,0.8088054274020805,0.03858782507705848,0.10590970438486388,0.01817167388223075,0.3917049165335289,0.19508985339459864,0.3786037152174504,0.8088054274020805
0.04071827830574045,0.051589870205036414,0.13217110768944226,0.38106633247308047,0.07311081773075556,0.4342631806204959,0.8005032199648536,0.04071827830574045,0.051589870205036414,0.13217110768944226,0.38106633247308047,0.07311081773075556,0.4342631806204959,0.8005032199648536
0.05443137974411805,0.14879913834624864,0.03603185520011286,0.42354045616839614,0.031463635882549794,0.3913658812222992,0.8015392825181015,0.05443137974411805,0.14879913834624864,0.03603185520011286,0.42354045616839614,0.031463635882549794,0.3913658812222992,0.8015392825181015
0.03534174945682938,0.04237970573773801,0.016665987237585802,0.34021523958150546,0.06272797744956657,0.340315448234871,0.8735278456159374,0.03534174945682938,0.04237970573773801,0.016665987237585802,0.34021523958150546,0.06272797744956657,0.340315448234871,0.8735278456159374
0.056463615181051106,0.06226264375189638,0.09297488970673054,0.3885713571983496,0.028635060724760446,0.4103338206025619,0.8162870910809561,0.056463615181051106,0.06226264375189638,0.09297488970673054,0.3885713571983496,0.028635060724760446,0.4103338206025619,0.8162870910809561
0.03129685840678515,0.04293492488552412,0.019503600420295763,0.3575570263471973,0.010572360801059121,0.5728517155763989,0.7368091144802805,0.03129685840678515,0.04293492488552412,0.019503600420295763,0.3575570263471973,0.010572360801059121,0.5728517155763989,0.7368091144802805
0.08654401062057178,0.12371402163379246,0.03182215979857666,0.4240454327699695,0.026793940555677923,0.3869318402499799,0.8051239838593739,0.08654401062057178,0.12371402163379246,0.03182215979857666,0.4240454327699695,0.026793940555677923,0.3869318402499799,0.8051239838593739
0.11639105007664478,0.06202825494225902,0.03481830588686876,0.3906131111603972,0.030251470501162392,0.4418652429332298,0.7965185022904995,0.11639105007664478,0.06202825494225902,0.03481830588686876,0.3906131111603972,0.030251470501162392,0.4418652429332298,0.7965185022904995
0.09051918264308537,0.09918096156403204,0.016747390901063093,0.3603961433460898,0.01165659502586562,0.34875427759690036,0.8558041718846859,0.09051918264308537,0.09918096156403204,0.016747390901063093,0.3603961433460898,0.01165659502586562,0.34875427759690036,0.8558041718846859
0.05585049216030697,0.06355493161995807,0.036870221636528616,0.3837956845417085,0.05868441558526513,0.43525660661733384,0.8085866150222649,0.05585049216030697,0.06355493161995807,0.036870221636528616,0.3837956845417085,0.05868441558526513,0.43525660661733384,0.8085866150222649
0.03389191343433445,0.04362296659658797,0.07141687535443957,0.35995772543368987,0.01294158917769559,0.521393994863468,0.7693774086244931,0.03389191343433445,0.04362296659658797,0.07141687535443957,0.35995772543368987,0.01294158917769559,0.521393994863468,0.7693774086244931
0.052133464381580556,0.09057603131254559,0.06107229840170492,0.41400406221487096,0.029119817269504814,0.38174231280548754,0.8181596766937655,0.052133464381580556,0.09057603131254559,0.06107229840170492,0.41400406221487096,0.029119817269504814,0.38174231280548754,0.8181596766937655
0.05345355535181484,0.08826535184837823,0.031061263098967683,0.4075799023178179,0.030427829329960108,0.37494993937040877,0.8263990991330981,0.05345355535181484,0.08826535184837823,0.031061263098967683,0.4075799023178179,0.030427829329960108,0.37494993937040877,0.8263990991330981
0.13683093576501196,0.05867788079666717,0.03503628316493704,0.38888952806690635,0.03047959073178862,0.3793932766771927,0.8263908966608147,0.13683093576501196,0.05867788079666717,0.03503628316493704,0.38888952806690635,0.03047959073178862,0.3793932766771927,0.8263908966608147
0.15703674446099694,0.04128409254476971,0.14512390544844772,0.3996901626417579,0.013730535815166324,0.3801631138649216,0.8063816088702597,0.15703674446099694,0.04128409254476971,0.14512390544844772,0.3996901626417579,0.013730535815166324,0.3801631138649216,0.8063816088702597
0.06016008873865732,0.1495464540171281,0.06515391616011429,0.39654947291981646,0.03120216739323936,0.39065888372618085,0.8131145215634957,0.06016008873865732,0.1495464540171281,0.06515391616011429,0.39654947291981646,0.03120216739323936,0.39065888372618085,0.8131145215634957
0.05237436900875618,0.08719357836456415,0.06159100052181881,0.38705563176818186,0.026884081875220255,0.4110327341663562,0.8176809656040869,0.05237436900875618,0.08719357836456415,0.06159100052181881,0.38705563176818186,0.026884081875220255,0.4110327341663562,0.8176809656040869
0.03944263588094541,0.09690663743561383,0.13675929427622507,0.37358938567838235,0.008458967589845361,0.3643287077517904,0.8367595964054744,0.03944263588094541,0.09690663743561383,0.13675929427622507,0.37358938567838235,0.008458967589845361,0.3643287077517904,0.8367595964054744
0.08581510144857293,0.1233797785957286,0.03621196314162043,0.3957248403769227,0.02872300112474085,0.41765749989983436,0.803884517408793,0.08581510144857293,0.1233797785957286,0.03621196314162043,0.3957248403769227,0.02872300112474085,0.41765749989983436,0.803884517408793
0.05624165261013814,0.06209180716899773,0.03654084154369847,0.41318328957211037,0.06032132480664862,0.4088724891356027,0.8076995055619521,0.05624165261013814,0.06209180716899773,0.03654084154369847,0.41318328957211037,0.06032132480664862,0.4088724891356027,0.8076995055619521
0.05539648899635263,0.11901121141941128,0.034962069030520584,0.38378300481063904,0.02931827557942537,0.37423769735820067,0.8339620702544671,0.05539648899635263,0.11901121141941128,0.034962069030520584,0.38378300481063904,0.02931827557942537,0.37423769735820067,0.8339620702544671
0.039242783393371734,0.04884772254068816,0.07808121898566217,0.4461087010767642,0.1367693698520888,0.3786919463806826,0.7946679008283037,0.039242783393371734,0.04884772254068816,0.07808121898566217,0.4461087010767642,0.1367693698520888,0.3786919463806826,0.7946679008283037
