f_1,f_2,f_3,f_4,f_5,f_6,f_7,f_1_min,f_2_min,f_3_min,f_4_min,f_5_min,f_6_min,f_7_min
0.00003299629979106747,0.00001206179205812863,0.000014494756473389354,6.606888872941952e-6,0.000026606171271122887,0.16679876622499187,0.33320050088836717,0.00003299629979106747,0.00001206179205812863,0.000014494756473389354,6.606888872941952e-6,0.000026606171271122887,0.16679876622499187,0.33320050088836717
0.0,0.0,0.0,0.166562022308703,2.352357510741633e-7,0.16681695319790887,0.16673105673105582,0.0,0.0,0.0,0.166562022308703,2.352357510741633e-7,0.16681695319790887,0.16673105673105582
0.12486069760562897,0.04157371311563218,0.00007803996674204335,5.074801670788412e-7,0.000056027240358126446,0.16678697671991824,0.16684432976919852,0.12486069760562897,0.04157371311563218,0.00007803996674204335,5.074801670788412e-7,0.000056027240358126446,0.16678697671991824,0.16684432976919852
0.00015057045543064628,0.04141566754404681,0.0004209502711201987,0.00023497252144274265,0.04265541788377946,0.24959570407618736,0.16572782893360877,0.00015057045543064628,0.04141566754404681,0.0004209502711201987,0.00023497252144274265,0.04265541788377946,0.24959570407618736,0.16572782893360877
0.0,0.0,0.0,0.0,0.0,0.25009031544110016,0.24991437150057905,0.0,0.0,0.0,0.0,0.0,0.25009031544110016,0.24991437150057905
0.0,0.0,0.08336346598287712,0.0,0.08337653780588251,0.16662131169006525,0.16674367784996177,0.0,0.0,0.08336346598287712,0.0,0.08337653780588251,0.16662131169006525,0.16674367784996177
0.041921552016343996,0.0007860824227007525,4.142833703909414e-6,0.08266907523958682,0.0,0.20789388393929867,0.1667842173213848,0.041921552016343996,0.0007860824227007525,4.142833703909414e-6,0.08266907523958682,0.0,0.20789388393929867,0.1667842173213848
0.041773238983981775,0.0002060072933629669,0.0001906526638508671,0.0,0.00019435681045708314,0.2913766783705649,0.16637178212962567,0.041773238983981775,0.0002060072933629669,0.0001906526638508671,0.0,0.00019435681045708314,0.2913766783705649,0.16637178212962567
0.0,0.0,0.0,0.08328648930289241,0.04156535525229204,0.20832105698922768,0.16688199216187952,0.0,0.0,0.0,0.08328648930289241,0.04156535525229204,0.20832105698922768,0.16688199216187952
0.012093164311319229,0.011162398333300188,0.009043074030109116,0.011932032897439916,0.0131125914496527,0.20104918336651842,0.24185777784565993,0.012093164311319229,0.011162398333300188,0.009043074030109116,0.011932032897439916,0.0131125914496527,0.20104918336651842,0.24185777784565993
0.000242649231156603,0.04178169300692705,0.0,0.042100302239345196,0.0413405987060219,0.20836157738406616,0.16640080578154173,0.000242649231156603,0.04178169300692705,0.0,0.042100302239345196,0.0413405987060219,0.20836157738406616,0.16640080578154173
0.05373295065328577,0.0533682077716831,0.01034543827713439,0.011548860730446437,0.012229114598330355,0.17947255210299537,0.17951649138002446,0.05373295065328577,0.0533682077716831,0.01034543827713439,0.011548860730446437,0.012229114598330355,0.17947255210299537,0.17951649138002446
0.042127172050368894,0.0001745983362433319,0.041386083622196056,0.000051156225313535295,0.000020000315128258908,0.2497630753523665,0.16679241017027938,0.042127172050368894,0.0001745983362433319,0.041386083622196056,0.000051156225313535295,0.000020000315128258908,0.2497630753523665,0.16679241017027938
0.012425620740704814,0.012946717920783448,0.010689063450712586,0.012574533230403142,0.012164425566574455,0.24077683368008956,0.19854032573451555,0.012425620740704814,0.012946717920783448,0.010689063450712586,0.012574533230403142,0.012164425566574455,0.24077683368008956,0.19854032573451555
0.03298908100787668,0.011905769989765594,0.03422440615906481,0.03354009527463645,0.01127136818874812,0.17777916966112636,0.19858732585581712,0.03298908100787668,0.011905769989765594,0.03422440615906481,0.03354009527463645,0.01127136818874812,0.17777916966112636,0.19858732585581712
0.0,0.0828921163616879,0.0,0.00022032104235152256,0.000011873609041970393,0.25032446700807776,0.16664641619725998,0.0,0.0828921163616879,0.0,0.00022032104235152256,0.000011873609041970393,0.25032446700807776,0.16664641619725998
0.0,0.0,0.0,0.1249008407998806,0.0,0.16674336999429937,0.20841770031450418,0.0,0.0,0.0,0.1249008407998806,0.0,0.16674336999429937,0.20841770031450418
0.03321983023808251,0.03320928343583059,0.012571238045324867,0.032544306252566046,0.032636222077687314,0.17820773478354185,0.17770787603150973,0.03321983023808251,0.03320928343583059,0.012571238045324867,0.032544306252566046,0.032636222077687314,0.17820773478354185,0.17770787603150973
0.0836443461360275,0.0410113271883229,0.0,0.0,0.04192646273378615,0.16674338874868375,0.1667806008061883,0.0836443461360275,0.0410113271883229,0.0,0.0,0.04192646273378615,0.16674338874868375,0.1667806008061883
0.04149325983235474,0.0,0.00016164946871270237,0.12511636220612476,0.0,0.16683040161021492,0.16646863747336463,0.04149325983235474,0.0,0.00016164946871270237,0.12511636220612476,0.0,0.16683040161021492,0.16646863747336463
0.04142255276933884,0.0,0.00015201859818889807,0.0,0.041630543755200186,0.16664586610700102,0.25028578507535215,0.04142255276933884,0.0,0.00015201859818889807,0.0,0.041630543755200186,0.16664586610700102,0.25028578507535215
0.010831197281601023,0.010159005390874101,0.032558512825287565,0.01077333176525486,0.011435773129818303,0.18097258266905952,0.24361544247391426,0.010831197281601023,0.010159005390874101,0.032558512825287565,0.01077333176525486,0.011435773129818303,0.18097258266905952,0.24361544247391426
0.032201938076265785,0.03231390961001394,0.011496780752076689,0.03242169830279352,0.01343813069756115,0.17993135960536477,0.19838206200212363,0.032201938076265785,0.03231390961001394,0.011496780752076689,0.03242169830279352,0.01343813069756115,0.17993135960536477,0.19838206200212363
0.011791984277281349,0.032420735021068854,0.03324151444214475,0.011577784856623627,0.034332198220954235,0.17975482969929968,0.20071212181631753,0.011791984277281349,0.032420735021068854,0.03324151444214475,0.011577784856623627,0.034332198220954235,0.17975482969929968,0.20071212181631753
0.01216234908676258,0.03298160832470976,0.011982013286423369,0.032458982392850874,0.012095845850479878,0.21967448424039196,0.17888945622081454,0.01216234908676258,0.03298160832470976,0.011982013286423369,0.032458982392850874,0.012095845850479878,0.21967448424039196,0.17888945622081454
0.01300650657534344,0.05323831035372206,0.011675795906533849,0.03310676952344097,0.010999163928264602,0.19973278508152323,0.17841029688537036,0.01300650657534344,0.05323831035372206,0.011675795906533849,0.03310676952344097,0.010999163928264602,0.19973278508152323,0.17841029688537036
0.0417641745540687,0.041527190866454594,0.041766166942951835,0.04114824851583446,0.00044253625311391095,0.16690314438233544,0.16665657183845167,0.0417641745540687,0.041527190866454594,0.041766166942951835,0.04114824851583446,0.00044253625311391095,0.16690314438233544,0.16665657183845167
0.010920185660327028,0.053462210803633,0.0533456918802477,0.011104958179723831,0.012396895693147012,0.1800556171004013,0.17881294715119103,0.010920185660327028,0.053462210803633,0.0533456918802477,0.011104958179723831,0.012396895693147012,0.1800556171004013,0.17881294715119103
9.516233271770874e-7,0.00026562567381556353,0.00008634471837095308,0.04160673442235377,0.04160248742037934,0.16666864612242116,0.2502051639077434,9.516233271770874e-7,0.00026562567381556353,0.00008634471837095308,0.04160673442235377,0.04160248742037934,0.16666864612242116,0.2502051639077434
0.0413777795868299,0.04168609012802529,0.0,0.041843541021991774,0.0,0.16691109860044367,0.20842968322490044,0.0413777795868299,0.04168609012802529,0.0,0.041843541021991774,0.0,0.16691109860044367,0.20842968322490044
0.07710855155133971,0.0306233789423855,0.00974003278705939,0.011080798625635284,0.012390982366107776,0.17969074017196798,0.17946396388756866,0.07710855155133971,0.0306233789423855,0.00974003278705939,0.011080798625635284,0.012390982366107776,0.17969074017196798,0.17946396388756866
0.0,0.5000773210380167,0.0,0.0,0.0,0.0,0.0,0.0,0.5000773210380167,0.0,0.0,0.0,0.0,0.0
0.0006847911206809636,0.04174221832546248,0.04225677718886663,0.04141321835512512,6.593899656707076e-9,0.16648131129034618,0.20753922928269403,0.0006847911206809636,0.04174221832546248,0.04225677718886663,0.04141321835512512,6.593899656707076e-9,0.16648131129034618,0.20753922928269403
0.04216957975219912,0.0003980341913619248,0.000486467770642287,0.00024315455773786269,0.04130807544718882,0.249800683531929,0.16576616138806313,0.04216957975219912,0.0003980341913619248,0.000486467770642287,0.00024315455773786269,0.04130807544718882,0.249800683531929,0.16576616138806313
0.031144800201281055,0.013293647232724512,0.014315928039887148,0.012520390769217179,0.012020693183071567,0.21933335827172198,0.19747948993149494,0.031144800201281055,0.013293647232724512,0.014315928039887148,0.012520390769217179,0.012020693183071567,0.21933335827172198,0.19747948993149494
0.05154286593832854,0.030698778994521947,0.032019151116346393,0.014018916888604665,0.01385299322340731,0.17969091659462266,0.1783921403383153,0.05154286593832854,0.030698778994521947,0.032019151116346393,0.014018916888604665,0.01385299322340731,0.17969091659462266,0.1783921403383153
0.012284642392569305,0.0330067595469315,0.012299036442612333,0.012438556596417082,0.0538726201488968,0.178192469744934,0.19839929309420956,0.012284642392569305,0.0330067595469315,0.012299036442612333,0.012438556596417082,0.0538726201488968,0.178192469744934,0.19839929309420956
0.04193726324882864,0.0,0.04160271679059463,0.0,0.0831901338659257,0.16660882797578458,0.16673480937667842,0.04193726324882864,0.0,0.04160271679059463,0.0,0.0831901338659257,0.16660882797578458,0.16673480937667842
0.01229976819688679,0.07374201428365858,0.012035562599156882,0.012854965696344894,0.03194964475781725,0.1777779443677041,0.17938938153709472,0.01229976819688679,0.07374201428365858,0.012035562599156882,0.012854965696344894,0.03194964475781725,0.1777779443677041,0.17938938153709472
0.04268558007985566,0.00014837209387258827,0.04119719348348679,0.0003811352399366769,0.04164757671802896,0.16649968903593587,0.20768031996629652,0.04268558007985566,0.00014837209387258827,0.04119719348348679,0.0003811352399366769,0.04164757671802896,0.16649968903593587,0.20768031996629652
0.053871284637009166,0.033404848655444346,0.008748933512518396,0.011670562143429063,0.03274261044835731,0.17939515792399963,0.18039080874575464,0.053871284637009166,0.033404848655444346,0.008748933512518396,0.011670562143429063,0.03274261044835731,0.17939515792399963,0.18039080874575464
0.011260792854122691,0.011017173434606217,0.034064076877497185,0.032691601440909775,0.053654897053224744,0.17860006352536606,0.1790975644494315,0.011260792854122691,0.011017173434606217,0.034064076877497185,0.032691601440909775,0.053654897053224744,0.17860006352536606,0.1790975644494315
0.0114066242673962,0.03216142203454005,0.03326017134617189,0.013557732953641452,0.05288289273412695,0.17839981752620213,0.17837921354289502,0.0114066242673962,0.03216142203454005,0.03326017134617189,0.013557732953641452,0.05288289273412695,0.17839981752620213,0.17837921354289502
0.0012267163615494341,0.04142772796313053,0.0,0.00042316483312561956,0.00013663810977624025,0.24932758245738795,0.20787569360138722,0.0012267163615494341,0.04142772796313053,0.0,0.00042316483312561956,0.00013663810977624025,0.24932758245738795,0.20787569360138722
0.011301680253533782,0.07477801565424505,0.011427752447266109,0.03232009679136812,0.011919805447079481,0.18034660903022126,0.17799728067116113,0.011301680253533782,0.07477801565424505,0.011427752447266109,0.03232009679136812,0.011919805447079481,0.18034660903022126,0.17799728067116113
0.032788985433343396,0.07422596385006257,0.012126410873722949,0.011718481597084862,0.012294145356922538,0.17866623735557527,0.17844992401829268,0.032788985433343396,0.07422596385006257,0.012126410873722949,0.011718481597084862,0.012294145356922538,0.17866623735557527,0.17844992401829268
0.0003897890674820641,0.000435549421467043,0.04173056370909604,0.04153998518752603,0.00022535258741013752,0.16625862333347496,0.2495339509431686,0.0003897890674820641,0.000435549421467043,0.04173056370909604,0.04153998518752603,0.00022535258741013752,0.16625862333347496,0.2495339509431686
0.012338237687972714,0.03238985563469626,0.012684946634156397,0.03252789908758358,0.012781152403440967,0.17714855788440617,0.22035401294763463,0.012338237687972714,0.03238985563469626,0.012684946634156397,0.03252789908758358,0.012781152403440967,0.17714855788440617,0.22035401294763463
0.0,0.0,0.0,0.0,0.0832342174871056,0.2085292253915906,0.20824217554072236,0.0,0.0,0.0,0.0,0.0832342174871056,0.2085292253915906,0.20824217554072236
0.03318530408154252,0.032933514570797545,0.05526681346737088,0.011937399621553699,0.012136296270820256,0.17568174988438665,0.17899030136331076,0.03318530408154252,0.032933514570797545,0.05526681346737088,0.011937399621553699,0.012136296270820256,0.17568174988438665,0.17899030136331076
0.012970263385609537,0.03169314527918546,0.03234401115113189,0.010599980741991427,0.03396491402489689,0.2017026846716519,0.18046099392772963,0.012970263385609537,0.03169314527918546,0.03234401115113189,0.010599980741991427,0.03396491402489689,0.2017026846716519,0.18046099392772963
0.011266222173153621,0.011202596894887383,0.032065392746616295,0.03137777556128849,0.011143854590472206,0.18116591397377285,0.22188955375495908,0.011266222173153621,0.011202596894887383,0.032065392746616295,0.03137777556128849,0.011143854590472206,0.18116591397377285,0.22188955375495908
0.041932613990830425,0.041901067712997314,0.00016690755824929767,0.08284828745045791,0.0000730254332362761,0.16672712000304896,0.16661125298369298,0.041932613990830425,0.041901067712997314,0.00016690755824929767,0.08284828745045791,0.0000730254332362761,0.16672712000304896,0.16661125298369298
0.012369724362561755,0.012510784651391174,0.012581097945470387,0.012382038061757007,0.011843823908156888,0.2614250595119152,0.17702257377491754,0.012369724362561755,0.012510784651391174,0.012581097945470387,0.012382038061757007,0.011843823908156888,0.2614250595119152,0.17702257377491754
0.032619003600120565,0.011901684108100762,0.013805315550170357,0.013319485269477281,0.07328267090989861,0.17728076623840835,0.17917149878451924,0.032619003600120565,0.011901684108100762,0.013805315550170357,0.013319485269477281,0.07328267090989861,0.17728076623840835,0.17917149878451924
0.12458147347360679,0.0001753772134828792,0.00013141199129236626,0.000010573231791939728,0.000060305974177223874,0.20850374763012858,0.16665007980550772,0.12458147347360679,0.0001753772134828792,0.00013141199129236626,0.000010573231791939728,0.000060305974177223874,0.20850374763012858,0.16665007980550772
0.013092471291509589,0.03093945865793346,0.011476915946652936,0.05315171154382958,0.011191081100440996,0.20074288389660583,0.17947945303575286,0.013092471291509589,0.03093945865793346,0.011476915946652936,0.05315171154382958,0.011191081100440996,0.20074288389660583,0.17947945303575286
0.041725376965571465,0.0003396330431320999,0.0,0.08293658282970075,0.04183979767580975,0.1663805215642518,0.16687871211029326,0.041725376965571465,0.0003396330431320999,0.0,0.08293658282970075,0.04183979767580975,0.1663805215642518,0.16687871211029326
0.011158076308826126,0.011116637848840137,0.05449400922036841,0.011339965432041821,0.03384963021862632,0.1784624440937995,0.1997284929542401,0.011158076308826126,0.011116637848840137,0.05449400922036841,0.011339965432041821,0.03384963021862632,0.1784624440937995,0.1997284929542401
0.0005608352304844206,0.041872603015406,0.041862667937412265,0.0,0.0,0.16640072627688857,0.24963402116528302,0.0005608352304844206,0.041872603015406,0.041862667937412265,0.0,0.0,0.16640072627688857,0.24963402116528302
0.03240646237933721,0.011931155465393606,0.012543488539132844,0.012157218160392435,0.011322561880508727,0.1994543511542469,0.2203303853103797,0.03240646237933721,0.011931155465393606,0.012543488539132844,0.012157218160392435,0.011322561880508727,0.1994543511542469,0.2203303853103797
0.03340428489808469,0.053666231258106635,0.032074023644177455,0.01321828846524163,0.012674494657857067,0.17775103790588345,0.17735500768273346,0.03340428489808469,0.053666231258106635,0.032074023644177455,0.01321828846524163,0.012674494657857067,0.17775103790588345,0.17735500768273346
0.04181812508212144,0.00034930330828781447,0.00036597933654963967,0.00007798875350106907,0.0009581020342876653,0.16680141904773504,0.28973886349336325,0.04181812508212144,0.00034930330828781447,0.00036597933654963967,0.00007798875350106907,0.0009581020342876653,0.16680141904773504,0.28973886349336325
0.012241602476783806,0.012354971848451045,0.011616441923689236,0.012482139299619973,0.09493789230411412,0.17931380563447996,0.18144633912975347,0.012241602476783806,0.012354971848451045,0.011616441923689236,0.012482139299619973,0.09493789230411412,0.17931380563447996,0.18144633912975347
0.0,0.0,0.0,0.0,0.08315368209190115,0.25029016818186167,0.16679624494141315,0.0,0.0,0.0,0.0,0.08315368209190115,0.25029016818186167,0.16679624494141315
0.04180279730928953,0.08354555971751214,0.0003452438357000521,0.00010131772173033155,0.00004355548885149296,0.20781617297611807,0.16657324306815308,0.04180279730928953,0.08354555971751214,0.0003452438357000521,0.00010131772173033155,0.00004355548885149296,0.20781617297611807,0.16657324306815308
0.0,0.0,0.04166824432144236,0.0419290272536549,0.04172707900170739,0.20803687531662507,0.16671512060955654,0.0,0.0,0.04166824432144236,0.0419290272536549,0.04172707900170739,0.20803687531662507,0.16671512060955654
0.0,0.08309667121257243,0.04166853820615486,0.04178784132800498,0.00009481592646790847,0.1669026932343006,0.16665382535863302,0.0,0.08309667121257243,0.04166853820615486,0.04178784132800498,0.00009481592646790847,0.1669026932343006,0.16665382535863302
3.4693816723547495e-6,5.4257733505440305e-6,0.000013263132760961777,0.041890894871774574,0.041613082951628556,0.25037621547687294,0.1667208913289928,3.4693816723547495e-6,5.4257733505440305e-6,0.000013263132760961777,0.041890894871774574,0.041613082951628556,0.25037621547687294,0.1667208913289928
0.01154201264834051,0.03211158440483084,0.0748389382165166,0.013348066034636253,0.0123584863110971,0.17752466077994314,0.17855210618243808,0.01154201264834051,0.03211158440483084,0.0748389382165166,0.013348066034636253,0.0123584863110971,0.17752466077994314,0.17855210618243808
0.03447192339927635,0.009164881382121636,0.0748101498491289,0.013436573549747317,0.01236251019451054,0.17755174320108197,0.17859319354503408,0.03447192339927635,0.009164881382121636,0.0748101498491289,0.013436573549747317,0.01236251019451054,0.17755174320108197,0.17859319354503408
4.79506580736297e-6,0.1251796263252291,0.0002944057875738117,0.000012562152636998468,0.0,0.20830445883324403,0.1664687738434592,4.79506580736297e-6,0.1251796263252291,0.0002944057875738117,0.000012562152636998468,0.0,0.20830445883324403,0.1664687738434592
8.042273692351005e-7,1.8812148019767424e-6,7.455483014080838e-7,0.00021598178324175286,0.08338367976364515,0.16653190102930315,0.24993224194080998,8.042273692351005e-7,1.8812148019767424e-6,7.455483014080838e-7,0.00021598178324175286,0.08338367976364515,0.16653190102930315,0.24993224194080998
0.0,0.0,0.12467666657001912,0.0,0.0,0.20861963929636704,0.1667807146506891,0.0,0.0,0.12467666657001912,0.0,0.0,0.20861963929636704,0.1667807146506891
0.03266409932745877,0.011841875753594707,0.01111609522202996,0.03313093299891028,0.011587404755296665,0.22073572245038908,0.17904273997013706,0.03266409932745877,0.011841875753594707,0.01111609522202996,0.03313093299891028,0.011587404755296665,0.22073572245038908,0.17904273997013706
0.0,0.08345835495183952,0.041537758753487086,0.0004980770349226878,0.00016690627998921205,0.16674962983939315,0.20766528846786755,0.0,0.08345835495183952,0.041537758753487086,0.0004980770349226878,0.00016690627998921205,0.16674962983939315,0.20766528846786755
0.1250558417131861,0.0,2.8383689168755916e-6,0.00010037047786414096,0.041781877457176105,0.16646536937507284,0.16673302161495915,0.1250558417131861,0.0,2.8383689168755916e-6,0.00010037047786414096,0.041781877457176105,0.16646536937507284,0.16673302161495915
0.03336225789708424,0.012379290583099355,0.012266147888548556,0.07403278652067641,0.011554766272055527,0.17822434302709386,0.17823940181245967,0.03336225789708424,0.012379290583099355,0.012266147888548556,0.07403278652067641,0.011554766272055527,0.17822434302709386,0.17823940181245967
0.08419473588049681,0.00039250453216024004,0.0,0.041284132061360945,0.04171653843489505,0.16651646558135244,0.1661002775577539,0.08419473588049681,0.00039250453216024004,0.0,0.041284132061360945,0.04171653843489505,0.16651646558135244,0.1661002775577539
0.012659788159847047,0.03430367374760346,0.011637523156864341,0.012923937175060846,0.07458012994635459,0.17726746982820712,0.1770365674964629,0.012659788159847047,0.03430367374760346,0.011637523156864341,0.012923937175060846,0.07458012994635459,0.17726746982820712,0.1770365674964629
0.03232902080256762,0.03259813816574622,0.011812812635581852,0.01155104470049127,0.033802845814026636,0.17892774140274192,0.19927188983104366,0.03232902080256762,0.03259813816574622,0.011812812635581852,0.01155104470049127,0.033802845814026636,0.17892774140274192,0.19927188983104366
0.04208146645918531,0.0021382332975365694,0.0837591415232315,0.039746915305917827,0.0,0.1671570014788509,0.16522237232882409,0.04208146645918531,0.0021382332975365694,0.0837591415232315,0.039746915305917827,0.0,0.1671570014788509,0.16522237232882409
0.012159764171037622,0.0313418116501719,0.053572469017421194,0.011507067288763988,0.01349767051842416,0.1792860767474074,0.19881158932960658,0.012159764171037622,0.0313418116501719,0.053572469017421194,0.011507067288763988,0.01349767051842416,0.1792860767474074,0.19881158932960658
0.013002986473746042,0.012885744228782697,0.03381827819358424,0.010664999184921857,0.07364159048949284,0.1782231459897082,0.1780187454132971,0.013002986473746042,0.012885744228782697,0.03381827819358424,0.010664999184921857,0.07364159048949284,0.1782231459897082,0.1780187454132971
0.0,0.0,0.0,0.12470447251032306,0.0,0.20852206058967182,0.16678726041890993,0.0,0.0,0.0,0.12470447251032306,0.0,0.20852206058967182,0.16678726041890993
0.036240562352152846,0.015614160955688619,0.051809196702890054,0.032894454051427754,0.012544579172987878,0.17552925813477877,0.17573977722724385,0.036240562352152846,0.015614160955688619,0.051809196702890054,0.032894454051427754,0.012544579172987878,0.17552925813477877,0.17573977722724385
0.04171021886499091,0.0,0.041155277603494134,0.0,0.0,0.1671387802025873,0.2503849853376874,0.04171021886499091,0.0,0.041155277603494134,0.0,0.0,0.1671387802025873,0.2503849853376874
0.0825677439562106,0.00017708543766323923,0.0,0.04186584011069437,0.0002899034177989388,0.16690196137535732,0.20825280651052264,0.0825677439562106,0.00017708543766323923,0.0,0.04186584011069437,0.0002899034177989388,0.16690196137535732,0.20825280651052264
0.04228002489254628,0.08253396829067237,0.0415969403701309,0.0005541946687524073,0.000033548490281895674,0.1665600130114578,0.16673062902485022,0.04228002489254628,0.08253396829067237,0.0415969403701309,0.0005541946687524073,0.000033548490281895674,0.1665600130114578,0.16673062902485022
0.08316056877042732,0.00011706771814429278,0.0,6.965763461464663e-6,0.041607819728526875,0.20839242044131936,0.1671117346453061,0.08316056877042732,0.00011706771814429278,0.0,6.965763461464663e-6,0.041607819728526875,0.20839242044131936,0.1671117346453061
0.04127218681160121,0.000335844980830933,0.04194811447178558,0.00008151854671252156,0.0003577949910484829,0.2078017260395655,0.20822468641273018,0.04127218681160121,0.000335844980830933,0.04194811447178558,0.00008151854671252156,0.0003577949910484829,0.2078017260395655,0.20822468641273018
0.00037073510996167016,0.08330132908628866,0.00043713113706482336,2.842495582476113e-7,0.08285840016539987,0.16649110004749332,0.16676469820346712,0.00037073510996167016,0.08330132908628866,0.00043713113706482336,2.842495582476113e-7,0.08285840016539987,0.16649110004749332,0.16676469820346712
0.04194876654946199,0.0,0.0,0.042305116296556,0.04096961669897442,0.20795601140974943,0.16703541053266516,0.04194876654946199,0.0,0.0,0.042305116296556,0.04096961669897442,0.20795601140974943,0.16703541053266516
0.011336094512914853,0.05399604580385428,0.011345675619815575,0.011395061704416736,0.032691129210365766,0.20034580136168925,0.17909910916918192,0.011336094512914853,0.05399604580385428,0.011345675619815575,0.011395061704416736,0.032691129210365766,0.20034580136168925,0.17909910916918192
0.011499172566607112,0.03247565717316545,0.031646468470216654,0.010317236932413513,0.012478369109865117,0.18048224408537117,0.2213154269609126,0.011499172566607112,0.03247565717316545,0.031646468470216654,0.010317236932413513,0.012478369109865117,0.18048224408537117,0.2213154269609126
0.0,0.0,0.0,0.0,0.0,0.5000039141274666,0.0,0.0,0.0,0.0,0.0,0.0,0.5000039141274666,0.0
0.00016723748909834707,0.00011092659392829573,0.0000744891363048213,0.04186467642011934,0.0832853296557764,0.16667897455808656,0.20820361563495238,0.00016723748909834707,0.00011092659392829573,0.0000744891363048213,0.04186467642011934,0.0832853296557764,0.16667897455808656,0.20820361563495238
0.010281015442098588,0.009351624783380691,0.010559460874714304,0.01122126069343613,0.03264947030430037,0.20263599565458407,0.22364798400422095,0.010281015442098588,0.009351624783380691,0.010559460874714304,0.01122126069343613,0.03264947030430037,0.20263599565458407,0.22364798400422095
0.041708385029945845,0.04192219386586675,0.00021861191185233866,0.000046494648226208305,0.04158464963520471,0.16707053498706764,0.20767416069558486,0.041708385029945845,0.04192219386586675,0.00021861191185233866,0.000046494648226208305,0.04158464963520471,0.16707053498706764,0.20767416069558486
0.0006444076336056015,0.04130527644976266,0.0,0.041438815270167184,0.00014393396767153086,0.2500358500217176,0.16657886503948768,0.0006444076336056015,0.04130527644976266,0.0,0.041438815270167184,0.00014393396767153086,0.2500358500217176,0.16657886503948768
0.013382125753928449,0.031961969442137826,0.012166051913240859,0.011511357643237775,0.053908595067777385,0.1989869210932486,0.17838499896819962,0.013382125753928449,0.031961969442137826,0.012166051913240859,0.011511357643237775,0.053908595067777385,0.1989869210932486,0.17838499896819962
0.012409400781705323,0.05413126333854398,0.011271588597851876,0.05348990236420356,0.01223163207246355,0.1783060507534847,0.17839333534667354,0.012409400781705323,0.05413126333854398,0.011271588597851876,0.05348990236420356,0.01223163207246355,0.1783060507534847,0.17839333534667354
0.041665258167171246,0.0,0.0830455316791989,0.000330658168983882,4.54839831868723e-12,0.20786314924823893,0.16747923895279937,0.041665258167171246,0.0,0.0830455316791989,0.000330658168983882,4.54839831868723e-12,0.20786314924823893,0.16747923895279937
0.013174095583257031,0.033375384926783803,0.011534541509255765,0.03239981276519098,0.012262349234088329,0.1984416588855074,0.1990488600534623,0.013174095583257031,0.033375384926783803,0.011534541509255765,0.03239981276519098,0.012262349234088329,0.1984416588855074,0.1990488600534623
0.03285192182452999,0.01067689036732045,0.009803953640959092,0.03422416512642833,0.03301068959668159,0.20067842894354285,0.1788681802266158,0.03285192182452999,0.01067689036732045,0.009803953640959092,0.03422416512642833,0.03301068959668159,0.20067842894354285,0.1788681802266158
0.054882298552598546,0.013330749147418046,0.012807319649688833,0.012635579904727308,0.05235181374607786,0.17666226905530794,0.17746052538921406,0.054882298552598546,0.013330749147418046,0.012807319649688833,0.012635579904727308,0.05235181374607786,0.17666226905530794,0.17746052538921406
0.012423974106152626,0.01238211791370794,0.03451378493625548,0.031476363700014005,0.031427748024044536,0.178308016403471,0.19973004122225332,0.012423974106152626,0.01238211791370794,0.03451378493625548,0.031476363700014005,0.031427748024044536,0.178308016403471,0.19973004122225332
0.0113903687253395,0.07581121146559998,0.011153380105428287,0.011861164202641347,0.0131861021959578,0.17817219336460627,0.19859984186336296,0.0113903687253395,0.07581121146559998,0.011153380105428287,0.011861164202641347,0.0131861021959578,0.17817219336460627,0.19859984186336296
0.07517546520236264,0.012999444586000051,0.013464202261906678,0.011679069266859481,0.031671085215299884,0.17791613884360857,0.17744215384620954,0.07517546520236264,0.012999444586000051,0.013464202261906678,0.011679069266859481,0.031671085215299884,0.17791613884360857,0.17744215384620954
0.0,0.0,0.08354247651572785,0.04132157179134287,0.041629856006475494,0.16676453123712967,0.16681462881530373,0.0,0.0,0.08354247651572785,0.04132157179134287,0.041629856006475494,0.16676453123712967,0.16681462881530373
0.0,0.0,0.0,0.08334471163153352,5.749844427699064e-7,0.1667211005413149,0.2500117284760484,0.0,0.0,0.0,0.08334471163153352,5.749844427699064e-7,0.1667211005413149,0.2500117284760484
0.0001389913582792329,0.00013981459431763743,0.04165610384900429,0.00001778488064587393,0.04159558492462009,0.16664099321764564,0.2499065502748092,0.0001389913582792329,0.00013981459431763743,0.04165610384900429,0.00001778488064587393,0.04159558492462009,0.16664099321764564,0.2499065502748092
0.014088750172015038,0.014147835171602419,0.012829754635851062,0.05437211227423094,0.05308706412599954,0.17665724294470214,0.17504508319813664,0.014088750172015038,0.014147835171602419,0.012829754635851062,0.05437211227423094,0.05308706412599954,0.17665724294470214,0.17504508319813664
0.012932077179710936,0.013692867873122285,0.03383178062457262,0.07491823231972139,0.012025499332448958,0.17578254319226527,0.17700075341538035,0.012932077179710936,0.013692867873122285,0.03383178062457262,0.07491823231972139,0.012025499332448958,0.17578254319226527,0.17700075341538035
0.011482172494273505,0.010487810309720938,0.0320419750871323,0.0326593605478094,0.011306901052912646,0.20074234873315974,0.20145849398689392,0.011482172494273505,0.010487810309720938,0.0320419750871323,0.0326593605478094,0.011306901052912646,0.20074234873315974,0.20145849398689392
0.0,0.0,0.0,0.0,0.041700259815551435,0.2083680314377663,0.2499891543879483,0.0,0.0,0.0,0.0,0.041700259815551435,0.2083680314377663,0.2499891543879483
0.0,0.0,0.0,0.08350927443052443,0.04126527026784833,0.16681647962529078,0.2084558091976642,0.0,0.0,0.0,0.08350927443052443,0.04126527026784833,0.16681647962529078,0.2084558091976642
0.03219230964970863,0.054739041923753826,0.012357875165446815,0.03203064692413394,0.011623379349444907,0.17883602431786844,0.17852736777104342,0.03219230964970863,0.054739041923753826,0.012357875165446815,0.03203064692413394,0.011623379349444907,0.17883602431786844,0.17852736777104342
0.032815770797120454,0.03278939199326459,0.01139308910432024,0.01144268157296017,0.032409830798885896,0.20048973070224627,0.17904943610956187,0.032815770797120454,0.03278939199326459,0.01139308910432024,0.01144268157296017,0.032409830798885896,0.20048973070224627,0.17904943610956187
0.04175179320687495,0.0,0.00003928476431141734,0.000015908240825936756,0.00013264706235369272,0.25019406457600174,0.20800552431898084,0.04175179320687495,0.0,0.00003928476431141734,0.000015908240825936756,0.00013264706235369272,0.25019406457600174,0.20800552431898084
0.010955659093782053,0.012630840324445785,0.033208168840280224,0.013360275672880275,0.03362613597112535,0.21919076836104737,0.1771169589372321,0.010955659093782053,0.012630840324445785,0.033208168840280224,0.013360275672880275,0.03362613597112535,0.21919076836104737,0.1771169589372321
0.00023974398243601318,0.12540861182185342,0.041002370613665594,0.00012725396388061418,0.00003290775346265382,0.16671143972012317,0.16680013629249568,0.00023974398243601318,0.12540861182185342,0.041002370613665594,0.00012725396388061418,0.00003290775346265382,0.16671143972012317,0.16680013629249568
0.011947312381821774,0.0116072060636106,0.011064253798705818,0.01189073000671927,0.07391010973977481,0.2000506371011802,0.1796312650813883,0.011947312381821774,0.0116072060636106,0.011064253798705818,0.01189073000671927,0.07391010973977481,0.2000506371011802,0.1796312650813883
0.014147291844610633,0.030812341812833852,0.0548205827874077,0.0313609324783816,0.012182078067721296,0.17775450425303307,0.1790588525241296,0.014147291844610633,0.030812341812833852,0.0548205827874077,0.0313609324783816,0.012182078067721296,0.17775450425303307,0.1790588525241296
0.012117008705128864,0.055659074818056514,0.010775815035867274,0.011508032473520332,0.05313196718800692,0.17815435423097106,0.17890996109802554,0.012117008705128864,0.055659074818056514,0.010775815035867274,0.011508032473520332,0.05313196718800692,0.17815435423097106,0.17890996109802554
0.0,0.04188124239728923,4.740667717806171e-6,2.028376340791072e-6,0.04153145228045023,0.16686948192219073,0.24982147313937236,0.0,0.04188124239728923,4.740667717806171e-6,2.028376340791072e-6,0.04153145228045023,0.16686948192219073,0.24982147313937236
0.07413954784617605,0.012897134658223574,0.012399165673326825,0.012851272676441563,0.0118472552622042,0.17783589440996894,0.19811397206451756,0.07413954784617605,0.012897134658223574,0.012399165673326825,0.012851272676441563,0.0118472552622042,0.17783589440996894,0.19811397206451756
0.01349171211367979,0.01177050454295617,0.09528472235132486,0.013728046815300116,0.012744904180460563,0.17842445499936807,0.1762325068062728,0.01349171211367979,0.01177050454295617,0.09528472235132486,0.013728046815300116,0.012744904180460563,0.17842445499936807,0.1762325068062728
0.033391316572882926,0.012827021368010725,0.009876537302582504,0.011200612437934278,0.03211098648813039,0.20087330066193607,0.20018340684677943,0.033391316572882926,0.012827021368010725,0.009876537302582504,0.011200612437934278,0.03211098648813039,0.20087330066193607,0.20018340684677943
0.00012337213668869447,0.0001912612758143787,0.12499580278966488,0.0419354391698307,0.00015265027279678838,0.16662058112172182,0.1666857329653515,0.00012337213668869447,0.0001912612758143787,0.12499580278966488,0.0419354391698307,0.00015265027279678838,0.16662058112172182,0.1666857329653515
0.03328103814220518,0.03307128310479906,0.012130084357058991,0.010810467734417519,0.01084415196764407,0.22095077195730425,0.1789870335166767,0.03328103814220518,0.03307128310479906,0.012130084357058991,0.010810467734417519,0.01084415196764407,0.22095077195730425,0.1789870335166767
0.0002966547278993602,0.04216903663207417,0.042210227928526474,0.039723770849065435,0.04202093283754266,0.1677557931357216,0.16736750612971366,0.0002966547278993602,0.04216903663207417,0.042210227928526474,0.039723770849065435,0.04202093283754266,0.1677557931357216,0.16736750612971366
0.012552844868016477,0.012917699166480888,0.03240786989116316,0.01214459441831374,0.010110072926520995,0.2413886542098623,0.17854035326352202,0.012552844868016477,0.012917699166480888,0.03240786989116316,0.01214459441831374,0.010110072926520995,0.2413886542098623,0.17854035326352202
0.00030621269702017594,0.0008122249691485175,0.04181430499493968,0.00007872096931466379,0.0009670974012995649,0.16626416498261104,0.2898267186598108,0.00030621269702017594,0.0008122249691485175,0.04181430499493968,0.00007872096931466379,0.0009670974012995649,0.16626416498261104,0.2898267186598108
0.012622451019992584,0.0748475551888738,0.03295411274551963,0.0121846078150949,0.01044044498606877,0.17845646194338535,0.17852183682847333,0.012622451019992584,0.0748475551888738,0.03295411274551963,0.0121846078150949,0.01044044498606877,0.17845646194338535,0.17852183682847333
0.1253032305851837,0.000525326746925298,0.04097169714196291,0.0001368372515864784,3.153071101134447e-11,0.16640580433059904,0.1667028717670068,0.1253032305851837,0.000525326746925298,0.04097169714196291,0.0001368372515864784,3.153071101134447e-11,0.16640580433059904,0.1667028717670068
0.0006016573396446141,0.04179005574040658,0.00012568338227354907,0.0,0.08321647488943555,0.16703737462755952,0.20845359672385377,0.0006016573396446141,0.04179005574040658,0.00012568338227354907,0.0,0.08321647488943555,0.16703737462755952,0.20845359672385377
0.0,0.04192489763015601,0.00012659284020914138,0.04218026309548186,0.04116502471934982,0.16669806327664202,0.2081373854803795,0.0,0.04192489763015601,0.00012659284020914138,0.04218026309548186,0.04116502471934982,0.16669806327664202,0.2081373854803795
0.05379102549247108,0.011697248679582065,0.03253252676384975,0.011624412366880929,0.011652617521599814,0.19958910947060857,0.17924783558293245,0.05379102549247108,0.011697248679582065,0.03253252676384975,0.011624412366880929,0.011652617521599814,0.19958910947060857,0.17924783558293245
0.0,0.0,0.0835080067152048,0.0,0.0,0.1665606670314221,0.25004306427598544,0.0,0.0,0.0835080067152048,0.0,0.0,0.1665606670314221,0.25004306427598544
0.03147594675080259,0.012532844740869962,0.05514078673880706,0.011271548200209893,0.013726438333631717,0.17869781475335114,0.19773633680188635,0.03147594675080259,0.012532844740869962,0.05514078673880706,0.011271548200209893,0.013726438333631717,0.17869781475335114,0.19773633680188635
0.012109458441268503,0.033006157133765986,0.010572057080413578,0.011218033785110762,0.032457557035739874,0.2008192867346032,0.200027348623234,0.012109458441268503,0.033006157133765986,0.010572057080413578,0.011218033785110762,0.032457557035739874,0.2008192867346032,0.200027348623234
0.032163934997470826,0.011257787478670641,0.05302373563970501,0.011622863121706862,0.03391727951547386,0.17941852075329995,0.17872636194322922,0.032163934997470826,0.011257787478670641,0.05302373563970501,0.011622863121706862,0.03391727951547386,0.17941852075329995,0.17872636194322922
0.01095303840717866,0.012687336515093415,0.01208177126086252,0.05353925947982043,0.03368318749843675,0.17855414826020052,0.19873558008780354,0.01095303840717866,0.012687336515093415,0.01208177126086252,0.05353925947982043,0.03368318749843675,0.17855414826020052,0.19873558008780354
0.030255287191173486,0.009945553080868285,0.011364378273463179,0.011821012342212516,0.05511470271949263,0.20157044420288622,0.18010531636288563,0.030255287191173486,0.009945553080868285,0.011364378273463179,0.011821012342212516,0.05511470271949263,0.20157044420288622,0.18010531636288563
0.0004983611747669988,0.0007822544844035879,0.00022035452305037826,0.00018759768263578374,0.0418629440096277,0.16604266757622996,0.29111761025903643,0.0004983611747669988,0.0007822544844035879,0.00022035452305037826,0.00018759768263578374,0.0418629440096277,0.16604266757622996,0.29111761025903643
0.08306627357548826,0.0,0.0003128248428809908,0.08322010065906883,0.00022424153029955332,0.16667212806940063,0.16658966687201382,0.08306627357548826,0.0,0.0003128248428809908,0.08322010065906883,0.00022424153029955332,0.16667212806940063,0.16658966687201382
0.041989427290593524,0.00015132096019260745,0.042102949883990395,0.04119800028470152,0.0006935722444547617,0.16653182336601047,0.20790884784038555,0.041989427290593524,0.00015132096019260745,0.042102949883990395,0.04119800028470152,0.0006935722444547617,0.16653182336601047,0.20790884784038555
0.042516966707265166,0.08262136539939664,0.0,0.0,0.04177496101067678,0.1664463719166071,0.16681364879725197,0.042516966707265166,0.08262136539939664,0.0,0.0,0.04177496101067678,0.1664463719166071,0.16681364879725197
0.012506313820193463,0.03347578996224269,0.011646398613996854,0.07355520999415728,0.011822008951438793,0.17762317658038326,0.17946331267905324,0.012506313820193463,0.03347578996224269,0.011646398613996854,0.07355520999415728,0.011822008951438793,0.17762317658038326,0.17946331267905324
0.011374281484234732,0.05279971663898922,0.032050322638223515,0.012612100296933215,0.01173982854445561,0.199681643874487,0.17985422145574742,0.011374281484234732,0.05279971663898922,0.032050322638223515,0.012612100296933215,0.01173982854445561,0.199681643874487,0.17985422145574742
0.0,0.0,0.041653041450982406,0.000024321173672471186,0.12447639084021905,0.16749003845528299,0.1665749870514932,0.0,0.0,0.041653041450982406,0.000024321173672471186,0.12447639084021905,0.16749003845528299,0.1665749870514932
0.05434967364645534,0.011416937860441234,0.009975266686642077,0.03282094045167713,0.011710353722399092,0.20042681056432754,0.17935858161269363,0.05434967364645534,0.011416937860441234,0.009975266686642077,0.03282094045167713,0.011710353722399092,0.20042681056432754,0.17935858161269363
0.01022523567626,0.010289316446894351,0.03193450143936815,0.009611302394155823,0.010635110958732636,0.20326030571367537,0.22422968355678863,0.01022523567626,0.010289316446894351,0.03193450143936815,0.009611302394155823,0.010635110958732636,0.20326030571367537,0.22422968355678863
0.0006107665398664795,0.04140101995592627,0.04120677848749981,0.08307179069359487,0.00027767599330690305,0.1664686513249996,0.16717729460835307,0.0006107665398664795,0.04140101995592627,0.04120677848749981,0.08307179069359487,0.00027767599330690305,0.1664686513249996,0.16717729460835307
0.04162242066994112,0.0417154480718943,0.0,0.0,0.0,0.2082681641103277,0.20843243516873888,0.04162242066994112,0.0417154480718943,0.0,0.0,0.0,0.2082681641103277,0.20843243516873888
0.05342993630795941,0.012295469409578283,0.032815178691623544,0.011909994142578264,0.03466887848033116,0.17788639210341803,0.1774347085756679,0.05342993630795941,0.012295469409578283,0.032815178691623544,0.011909994142578264,0.03466887848033116,0.17788639210341803,0.1774347085756679
0.012389802135220902,0.012347965829829891,0.012531148752598458,0.03397361051876228,0.053459413188821234,0.1770329926226677,0.1985406840494668,0.012389802135220902,0.012347965829829891,0.012531148752598458,0.03397361051876228,0.053459413188821234,0.1770329926226677,0.1985406840494668
0.011816574233739566,0.032481731608625594,0.033501900333357516,0.012321569537446632,0.011752504855110172,0.21944320806795214,0.1788684170594061,0.011816574233739566,0.032481731608625594,0.033501900333357516,0.012321569537446632,0.011752504855110172,0.21944320806795214,0.1788684170594061
0.0,0.0417157946403816,0.0,0.0,0.0422599062350545,0.20825713896456588,0.20790069863067934,0.0,0.0417157946403816,0.0,0.0,0.0422599062350545,0.20825713896456588,0.20790069863067934
0.04149630622701824,0.00019528183394599977,0.00023424799103195846,0.00013713118370731634,0.0834753887464443,0.1664838830461847,0.2080872525363712,0.04149630622701824,0.00019528183394599977,0.00023424799103195846,0.00013713118370731634,0.0834753887464443,0.1664838830461847,0.2080872525363712
0.00026011671740653654,0.041775190939435235,0.0419619645389537,0.0004083031090728613,0.04185981312150283,0.20799935493931257,0.1660588676079789,0.00026011671740653654,0.041775190939435235,0.0419619645389537,0.0004083031090728613,0.04185981312150283,0.20799935493931257,0.1660588676079789
0.03151376555103192,0.053296000323784475,0.012115203680646754,0.011581887807454111,0.01348964264893915,0.17914141748443146,0.19921712162368235,0.03151376555103192,0.053296000323784475,0.012115203680646754,0.011581887807454111,0.01348964264893915,0.17914141748443146,0.19921712162368235
0.0,0.12508693774386667,3.995926645415845e-7,0.04154621694027749,0.000057297006292779236,0.16670247007399946,0.16672993447155363,0.0,0.12508693774386667,3.995926645415845e-7,0.04154621694027749,0.000057297006292779236,0.16670247007399946,0.16672993447155363
0.012442508106260268,0.012612959361355286,0.05365021109611,0.031168475090910676,0.011301964553589726,0.19965251571459475,0.17931993113956485,0.012442508106260268,0.012612959361355286,0.05365021109611,0.031168475090910676,0.011301964553589726,0.19965251571459475,0.17931993113956485
0.00006232633607572501,0.00016179201162587353,0.0002185557646166484,0.04176141343039521,0.08360847566534294,0.2083352996352948,0.16704898945036553,0.00006232633607572501,0.00016179201162587353,0.0002185557646166484,0.04176141343039521,0.08360847566534294,0.2083352996352948,0.16704898945036553
0.00029741980583290436,0.00030685143300601073,0.00037726698543929474,0.04190204202165371,0.000190258168226646,0.16624761055683843,0.29083624567860816,0.00029741980583290436,0.00030685143300601073,0.00037726698543929474,0.04190204202165371,0.000190258168226646,0.16624761055683843,0.29083624567860816
0.010627170636304126,0.010570891511275701,0.011401426669889836,0.012329025940749855,0.035420746949368635,0.21983567445408173,0.20017140532416,0.010627170636304126,0.010570891511275701,0.011401426669889836,0.012329025940749855,0.035420746949368635,0.21983567445408173,0.20017140532416
0.0,0.0,0.041367701745758406,0.00037197465257804077,0.04228409948992596,0.20811512557564146,0.2079367785705576,0.0,0.0,0.041367701745758406,0.00037197465257804077,0.04228409948992596,0.20811512557564146,0.2079367785705576
0.01170876770964103,0.01179275318668766,0.032843540302680115,0.05389829971492218,0.033207886528660906,0.1782136558466856,0.17855604205372158,0.01170876770964103,0.01179275318668766,0.032843540302680115,0.05389829971492218,0.033207886528660906,0.1782136558466856,0.17855604205372158
0.05382313627167632,0.012489738844525802,0.010948241815135092,0.01296488541046377,0.011930641986267311,0.19936302689367114,0.19855393136042296,0.05382313627167632,0.012489738844525802,0.010948241815135092,0.01296488541046377,0.011930641986267311,0.19936302689367114,0.19855393136042296
0.03270384959966879,0.03251954152613198,0.0321869255735168,0.0338978106736229,0.011696757113838566,0.17826256619105685,0.17908756852944066,0.03270384959966879,0.03251954152613198,0.0321869255735168,0.0338978106736229,0.011696757113838566,0.17826256619105685,0.17908756852944066
0.05354563237430846,0.032544280405180516,0.014120853276806724,0.012094822609595903,0.01094956492223045,0.198152036741926,0.17880812388565326,0.05354563237430846,0.032544280405180516,0.014120853276806724,0.012094822609595903,0.01094956492223045,0.198152036741926,0.17880812388565326
0.000048747378780082826,0.00005225104158616706,0.08336313976526864,0.08330497826180278,4.889719128838731e-6,0.1667534612184469,0.1665299183687355,0.000048747378780082826,0.00005225104158616706,0.08336313976526864,0.08330497826180278,4.889719128838731e-6,0.1667534612184469,0.1665299183687355
0.07529609874602396,0.012906203627242414,0.03063174601811553,0.012055809081566341,0.012293330870336102,0.178672448150724,0.17842621815299126,0.07529609874602396,0.012906203627242414,0.03063174601811553,0.012055809081566341,0.012293330870336102,0.178672448150724,0.17842621815299126
0.013038103586998001,0.033056510584660304,0.012470328057994076,0.031081572886781494,0.05371632052020143,0.17696112700744474,0.17980125031845173,0.013038103586998001,0.033056510584660304,0.012470328057994076,0.031081572886781494,0.05371632052020143,0.17696112700744474,0.17980125031845173
0.011884989538251733,0.03170495467443623,0.010565074860990863,0.01384005817305384,0.011021686171340766,0.17873866061128588,0.24260470404418058,0.011884989538251733,0.03170495467443623,0.010565074860990863,0.01384005817305384,0.011021686171340766,0.17873866061128588,0.24260470404418058
0.0,0.0,0.0,0.0,0.5000291273151376,0.0,0.0,0.0,0.0,0.0,0.0,0.5000291273151376,0.0,0.0
0.0,0.0,0.08269907412840026,0.000383507888218551,0.04183787131781301,0.16676694379968265,0.20849989707060873,0.0,0.0,0.08269907412840026,0.000383507888218551,0.04183787131781301,0.16676694379968265,0.20849989707060873
0.010846101151870447,0.03244429235934994,0.03473700057069513,0.032908302203711604,0.012149567001515857,0.1781501541236331,0.19884874068846892,0.010846101151870447,0.03244429235934994,0.03473700057069513,0.032908302203711604,0.012149567001515857,0.1781501541236331,0.19884874068846892
0.04103062427948504,0.04200659249374779,0.0,0.00020658383811520016,0.04163369902323483,0.20890696576491546,0.16645194016735748,0.04103062427948504,0.04200659249374779,0.0,0.00020658383811520016,0.04163369902323483,0.20890696576491546,0.16645194016735748
0.08375732159904752,0.04184617709597074,0.0005212490774294432,0.04053034431616434,9.593384382732528e-7,0.16681737566819943,0.16685460423733622,0.08375732159904752,0.04184617709597074,0.0005212490774294432,0.04053034431616434,9.593384382732528e-7,0.16681737566819943,0.16685460423733622
0.0,0.04183272920142512,0.00018850546639751533,0.04196663204291921,0.08273859621376072,0.16663065034937485,0.166825501329073,0.0,0.04183272920142512,0.00018850546639751533,0.04196663204291921,0.08273859621376072,0.16663065034937485,0.166825501329073
0.01334990102868575,0.011930263468714066,0.03441915265228418,0.012483095274875336,0.05347850462314478,0.19769804181441036,0.17689608075686483,0.01334990102868575,0.011930263468714066,0.03441915265228418,0.012483095274875336,0.05347850462314478,0.19769804181441036,0.17689608075686483
0.08410515821460846,0.042099768933699926,0.04035638489559787,0.0,0.0005351626750904407,0.16638449422958,0.16664178245664152,0.08410515821460846,0.042099768933699926,0.04035638489559787,0.0,0.0005351626750904407,0.16638449422958,0.16664178245664152
0.032645942333123734,0.05467320335733869,0.011374988288176518,0.011867072060598928,0.032655084087897725,0.17861589340713324,0.17834617781302284,0.032645942333123734,0.05467320335733869,0.011374988288176518,0.011867072060598928,0.032655084087897725,0.17861589340713324,0.17834617781302284
0.04153857384371649,0.0,0.0004333469912568619,0.04203123208374153,0.041850582654932654,0.16597043504750933,0.2084358106549948,0.04153857384371649,0.0,0.0004333469912568619,0.04203123208374153,0.041850582654932654,0.16597043504750933,0.2084358106549948
0.03245996122517588,0.011753796780992035,0.013530523482005619,0.0322284252000485,0.01178522221952034,0.17807852680089165,0.22032709085987615,0.03245996122517588,0.011753796780992035,0.013530523482005619,0.0322284252000485,0.01178522221952034,0.17807852680089165,0.22032709085987615
0.0,0.0,0.0,0.5000623069824623,0.0,0.0,0.0,0.0,0.0,0.0,0.5000623069824623,0.0,0.0,0.0
0.00013035931135238412,0.04203181792199284,0.0,0.08369886740669194,0.04170442592227313,0.16662688874304865,0.16601934563652923,0.00013035931135238412,0.04203181792199284,0.0,0.08369886740669194,0.04170442592227313,0.16662688874304865,0.16601934563652923
0.012980568792266283,0.03389927260535298,0.012635736426628645,0.03173647746591567,0.03251685988187303,0.17773684080313393,0.1985694853071452,0.012980568792266283,0.03389927260535298,0.012635736426628645,0.03173647746591567,0.03251685988187303,0.17773684080313393,0.1985694853071452
0.03327896982592072,0.03307315199212601,0.03319356955273881,0.010870323356896167,0.03285936000112133,0.17842034659731235,0.1785115470860958,0.03327896982592072,0.03307315199212601,0.03319356955273881,0.010870323356896167,0.03285936000112133,0.17842034659731235,0.1785115470860958
0.03322227065198057,0.01152628910083562,0.01390516418896351,0.031128691096950264,0.053389091455641864,0.17721680011482824,0.17975536151850555,0.03322227065198057,0.01152628910083562,0.01390516418896351,0.031128691096950264,0.053389091455641864,0.17721680011482824,0.17975536151850555
0.0,0.04074307487658913,0.000026042100600573688,0.04270786741586053,0.0,0.16730557743924512,0.24941183217042176,0.0,0.04074307487658913,0.000026042100600573688,0.04270786741586053,0.0,0.16730557743924512,0.24941183217042176
0.01059100546954229,0.010834013451322823,0.010757008765010668,0.032096017002301046,0.032896326777336005,0.22238867540035523,0.18075183134368275,0.01059100546954229,0.010834013451322823,0.010757008765010668,0.032096017002301046,0.032896326777336005,0.22238867540035523,0.18075183134368275
0.012118832236320168,0.012279275935091576,0.07479413909815331,0.032873098233348025,0.012130619391354042,0.1789831648177346,0.18130766064222834,0.012118832236320168,0.012279275935091576,0.07479413909815331,0.032873098233348025,0.012130619391354042,0.1789831648177346,0.18130766064222834
0.08305476865197502,0.0,0.0831587080254672,0.00013682692855095877,0.0003370421794946726,0.1669545008618131,0.16640113054632516,0.08305476865197502,0.0,0.0831587080254672,0.00013682692855095877,0.0003370421794946726,0.1669545008618131,0.16640113054632516
0.05398480141046327,0.011225023403550102,0.011198302872543801,0.011218298120375366,0.032230889030874336,0.2000060799195334,0.18024297563164562,0.05398480141046327,0.011225023403550102,0.011198302872543801,0.011218298120375366,0.032230889030874336,0.2000060799195334,0.18024297563164562
0.04171009156877622,0.04182429659811904,0.0,0.0,0.0,0.25006460518845436,0.16649506174107273,0.04171009156877622,0.04182429659811904,0.0,0.0,0.0,0.25006460518845436,0.16649506174107273
0.0007871917029019131,0.0014963296247001488,0.04224304611706604,0.12178366034136112,0.0005611195545031377,0.16662363954218873,0.1665922330891016,0.0007871917029019131,0.0014963296247001488,0.04224304611706604,0.12178366034136112,0.0005611195545031377,0.16662363954218873,0.1665922330891016
0.0123031829782954,0.011390903489661675,0.05323396307141516,0.05352515378037315,0.01295039721378534,0.1779266623864971,0.1789110858191883,0.0123031829782954,0.011390903489661675,0.05323396307141516,0.05352515378037315,0.01295039721378534,0.1779266623864971,0.1789110858191883
0.0,0.0,0.5000626615809463,0.0,0.0,0.0,0.0,0.0,0.0,0.5000626615809463,0.0,0.0,0.0,0.0
0.032263313062334195,0.010886625772725336,0.0336316419822731,0.013356811991631603,0.053202233292273256,0.17837473158274306,0.17850140553601515,0.032263313062334195,0.010886625772725336,0.0336316419822731,0.013356811991631603,0.053202233292273256,0.17837473158274306,0.17850140553601515
0.012212579345577774,0.010509235410880679,0.05297124124934564,0.010070787658351989,0.03206196321294088,0.20185337329744696,0.18052903383500102,0.012212579345577774,0.010509235410880679,0.05297124124934564,0.010070787658351989,0.03206196321294088,0.20185337329744696,0.18052903383500102
0.03306860950589448,0.010318114033562267,0.0322061009018734,0.011508133188780764,0.033827698173882224,0.20076702998391738,0.1784746503828578,0.03306860950589448,0.010318114033562267,0.0322061009018734,0.011508133188780764,0.033827698173882224,0.20076702998391738,0.1784746503828578
0.0,0.0,0.04163325505183606,0.08339951549333217,0.0004705022452007294,0.20838368465711382,0.16645396653094297,0.0,0.0,0.04163325505183606,0.08339951549333217,0.0004705022452007294,0.20838368465711382,0.16645396653094297
0.033133518785636196,0.011563330021332507,0.01277324439115811,0.011094772734980841,0.03389331787490204,0.21992693344761793,0.17771785632194828,0.033133518785636196,0.011563330021332507,0.01277324439115811,0.011094772734980841,0.03389331787490204,0.21992693344761793,0.17771785632194828
0.012015881043702924,0.03262028513975616,0.03288438146299317,0.05376868306587067,0.011805139761433325,0.17911024558674293,0.1778726863026337,0.012015881043702924,0.03262028513975616,0.03288438146299317,0.05376868306587067,0.011805139761433325,0.17911024558674293,0.1778726863026337
0.00013481347474082246,0.041687328611799475,0.00008745909454864531,0.0,0.08355530719719817,0.20826050282474687,0.16643364592119314,0.00013481347474082246,0.041687328611799475,0.00008745909454864531,0.0,0.08355530719719817,0.20826050282474687,0.16643364592119314
0.01157429749875633,0.01154580306946684,0.03216799236564059,0.0542638311951402,0.011662267873242746,0.17909834864328222,0.19988081385266135,0.01157429749875633,0.01154580306946684,0.03216799236564059,0.0542638311951402,0.011662267873242746,0.17909834864328222,0.19988081385266135
0.011798769525550966,0.011422012338931595,0.011423979194280228,0.03225705460646303,0.010749852128824252,0.24319742269886452,0.1792362639018375,0.011798769525550966,0.011422012338931595,0.011423979194280228,0.03225705460646303,0.010749852128824252,0.24319742269886452,0.1792362639018375
0.013135514060502366,0.031547665194870136,0.032358328468623306,0.0324990469789071,0.011929599871056016,0.19955952427824694,0.17920759433786757,0.013135514060502366,0.031547665194870136,0.032358328468623306,0.0324990469789071,0.011929599871056016,0.19955952427824694,0.17920759433786757
0.0,0.0,0.0,0.12486512213718477,0.041630214023003306,0.16676596541116157,0.1668160634201746,0.0,0.0,0.0,0.12486512213718477,0.041630214023003306,0.16676596541116157,0.1668160634201746
0.0,0.08363336948737003,0.00020279969709606198,0.041578556559321724,0.00011065501819677425,0.2083351703580009,0.1663410080301848,0.0,0.08363336948737003,0.00020279969709606198,0.041578556559321724,0.00011065501819677425,0.2083351703580009,0.1663410080301848
0.00011382223480540528,0.00015200537578890513,0.04127383816197215,0.041201107748006255,0.0,0.20880008317313156,0.20852859472087068,0.00011382223480540528,0.00015200537578890513,0.04127383816197215,0.041201107748006255,0.0,0.20880008317313156,0.20852859472087068
0.009404910671860701,0.01024490952753311,0.011078804977473586,0.05186967104920679,0.014034423532264114,0.17960881144955657,0.22395346728634577,0.009404910671860701,0.01024490952753311,0.011078804977473586,0.05186967104920679,0.014034423532264114,0.17960881144955657,0.22395346728634577
0.00014266961212277947,0.08403579833151525,0.0002541781123819443,0.0,0.041263203184997446,0.1670956376784676,0.2086337925465646,0.00014266961212277947,0.08403579833151525,0.0002541781123819443,0.0,0.041263203184997446,0.1670956376784676,0.2086337925465646
0.00031122908497946595,0.04208493959718423,0.08261604372361679,0.04191387009443288,0.0,0.1664659080106073,0.16672926891559045,0.00031122908497946595,0.04208493959718423,0.08261604372361679,0.04191387009443288,0.0,0.1664659080106073,0.16672926891559045
0.04280175704896285,0.0003473113530712299,0.04124978885488806,0.040309826019488,0.0421253075342987,0.16673641333103195,0.16675359875015303,0.04280175704896285,0.0003473113530712299,0.04124978885488806,0.040309826019488,0.0421253075342987,0.16673641333103195,0.16675359875015303
0.033267872848792894,0.03301295266477602,0.03260272795079893,0.011290352502592393,0.011874586096439405,0.1781543207199198,0.19984671356876668,0.033267872848792894,0.03301295266477602,0.03260272795079893,0.011290352502592393,0.011874586096439405,0.1781543207199198,0.19984671356876668
0.07436235943968934,0.010657010204952034,0.011091034235369944,0.01121527711516188,0.012683685091308693,0.20083834656944993,0.17940710223569967,0.07436235943968934,0.010657010204952034,0.011091034235369944,0.01121527711516188,0.012683685091308693,0.20083834656944993,0.17940710223569967
0.0,0.0,0.04174010080610547,0.0,0.041762365947905535,0.2502069414312137,0.16652708837297886,0.0,0.0,0.04174010080610547,0.0,0.041762365947905535,0.2502069414312137,0.16652708837297886
0.05462881673633341,0.01033085328526982,0.054297914559894356,0.011728121526331821,0.011923531259416956,0.17827325446665873,0.17903132237643185,0.05462881673633341,0.01033085328526982,0.054297914559894356,0.011728121526331821,0.011923531259416956,0.17827325446665873,0.17903132237643185
0.0324368812457467,0.011896544222422424,0.012109205666525355,0.01166795682935302,0.01167630108698551,0.24016217305260715,0.1801385261195231,0.0324368812457467,0.011896544222422424,0.012109205666525355,0.01166795682935302,0.01167630108698551,0.24016217305260715,0.1801385261195231
0.012070841819221129,0.03168283512718242,0.05367917204886312,0.012460557690006724,0.032557273644191274,0.17890777619033094,0.1786960644357324,0.012070841819221129,0.03168283512718242,0.05367917204886312,0.012460557690006724,0.032557273644191274,0.17890777619033094,0.1786960644357324
0.0,0.04176194810730111,0.04210111728897367,0.0,0.0,0.20778195373330277,0.20842468340305706,0.0,0.04176194810730111,0.04210111728897367,0.0,0.0,0.20778195373330277,0.20842468340305706
0.0,0.0,0.08344915895005654,4.086051134768131e-7,0.0,0.24981069020507624,0.16676390632666296,0.0,0.0,0.08344915895005654,4.086051134768131e-7,0.0,0.24981069020507624,0.16676390632666296
0.011647405281964975,0.03270407394570893,0.03344832182723167,0.01168986967019754,0.010514851417217934,0.20030122248169138,0.19975526776877003,0.011647405281964975,0.03270407394570893,0.03344832182723167,0.01168986967019754,0.010514851417217934,0.20030122248169138,0.19975526776877003
0.01306694234970339,0.05283167995401118,0.011535483599643286,0.012652754687350342,0.011667896174925814,0.21918599312849357,0.17930598650447382,0.01306694234970339,0.05283167995401118,0.011535483599643286,0.012652754687350342,0.011667896174925814,0.21918599312849357,0.17930598650447382
0.05434304580746463,0.012291861988915314,0.011064996770564082,0.054109557602459585,0.012344342094430236,0.17746528978538975,0.1784903246893351,0.05434304580746463,0.012291861988915314,0.011064996770564082,0.054109557602459585,0.012344342094430236,0.17746528978538975,0.1784903246893351
0.04083859281755525,0.0,0.0,0.0419586211406035,0.0005856225960853373,0.16700048322090724,0.24983248000005367,0.04083859281755525,0.0,0.0,0.0419586211406035,0.0005856225960853373,0.16700048322090724,0.24983248000005367
0.00016301546614747953,0.04166481002543556,0.08336955438980528,0.0003152075765846825,1.5609646960809127e-12,0.20864634977260635,0.1661060012015847,0.00016301546614747953,0.04166481002543556,0.08336955438980528,0.0003152075765846825,1.5609646960809127e-12,0.20864634977260635,0.1661060012015847
0.04112702349307116,0.0,0.0,0.04207174964709144,0.08364506403067828,0.16672507115945764,0.1665456340838328,0.04112702349307116,0.0,0.0,0.04207174964709144,0.08364506403067828,0.16672507115945764,0.1665456340838328
0.01242750969369677,0.0534465614419842,0.0329544180660937,0.010792005356568293,0.0332678717067648,0.17880693037430515,0.178542558521088,0.01242750969369677,0.0534465614419842,0.0329544180660937,0.010792005356568293,0.0332678717067648,0.17880693037430515,0.178542558521088
0.08361103818163762,0.0416005324167327,0.0001354899419599578,0.00022119310521446616,0.00005962117226254039,0.20798868642727214,0.1667346166338306,0.08361103818163762,0.0416005324167327,0.0001354899419599578,0.00022119310521446616,0.00005962117226254039,0.20798868642727214,0.1667346166338306
0.0,0.08334464670227353,4.71674031913888e-8,0.0,5.749843202331415e-7,0.1667210650108504,0.25001167519525314,0.0,0.08334464670227353,4.71674031913888e-8,0.0,5.749843202331415e-7,0.1667210650108504,0.25001167519525314
0.0,0.08337031116812497,0.00021827954287545058,0.04170133997300072,0.0005849762577804753,0.16647814938756408,0.20772440154783328,0.0,0.08337031116812497,0.00021827954287545058,0.04170133997300072,0.0005849762577804753,0.16647814938756408,0.20772440154783328
0.042060614461974614,0.0,0.08282576355232235,0.00031453155223957644,0.0,0.1665188916883681,0.20848882095096147,0.042060614461974614,0.0,0.08282576355232235,0.00031453155223957644,0.0,0.1665188916883681,0.20848882095096147
0.00013240974630500263,0.000021262778679871712,0.04167202911353424,0.0003268046979244308,0.0,0.2916931789764111,0.16667092314764442,0.00013240974630500263,0.000021262778679871712,0.04167202911353424,0.0003268046979244308,0.0,0.2916931789764111,0.16667092314764442
0.041258011093127524,0.0,3.6368216319020404e-6,0.04169433764321968,0.0,0.20887546418499045,0.208236265465582,0.041258011093127524,0.0,3.6368216319020404e-6,0.04169433764321968,0.0,0.20887546418499045,0.208236265465582
0.012819215959289676,0.032621051601805666,0.052971721738775554,0.011472849306006765,0.011856860597091253,0.19902339146942358,0.17940655362784724,0.012819215959289676,0.032621051601805666,0.052971721738775554,0.011472849306006765,0.011856860597091253,0.19902339146942358,0.17940655362784724
0.08297097604916656,0.0,7.227203284225429e-6,0.0,0.0,0.20893140627542164,0.2082920363625573,0.08297097604916656,0.0,7.227203284225429e-6,0.0,0.0,0.20893140627542164,0.2082920363625573
0.04157481231757939,0.041726301665673246,0.00047189329326992536,0.04174724406347716,0.04184561316438831,0.166170114733716,0.16667913620344457,0.04157481231757939,0.041726301665673246,0.00047189329326992536,0.04174724406347716,0.04184561316438831,0.166170114733716,0.16667913620344457
0.03399424008134761,0.011663606992617433,0.03291771956372312,0.011962221188761845,0.011536375066490778,0.19854529153913397,0.1994338777196867,0.03399424008134761,0.011663606992617433,0.03291771956372312,0.011962221188761845,0.011536375066490778,0.19854529153913397,0.1994338777196867
0.03183551720581817,0.009954102605099444,0.03225758910463118,0.012205905809982097,0.009694695523732939,0.18101926488297368,0.22310640508638335,0.03183551720581817,0.009954102605099444,0.03225758910463118,0.012205905809982097,0.009694695523732939,0.18101926488297368,0.22310640508638335
0.01294907777164383,0.013007721043391806,0.0725816262072724,0.013115917306475029,0.032519804149420864,0.17709796504137323,0.17884659822596746,0.01294907777164383,0.013007721043391806,0.0725816262072724,0.013115917306475029,0.032519804149420864,0.17709796504137323,0.17884659822596746
0.01168829320292219,0.032587254806864197,0.01180761945405698,0.05337858334061712,0.03314636192370405,0.17817706122255744,0.17930372118359833,0.01168829320292219,0.032587254806864197,0.01180761945405698,0.05337858334061712,0.03314636192370405,0.17817706122255744,0.17930372118359833
0.0,0.04164998723686781,0.0,0.000027116671124115492,0.0,0.20845316619412516,0.24995429805262862,0.0,0.04164998723686781,0.0,0.000027116671124115492,0.0,0.20845316619412516,0.24995429805262862
0.00956049249108215,0.0111957587047434,0.010559048270963595,0.010606218226114943,0.009954045923756179,0.1808213024443483,0.2675752137276017,0.00956049249108215,0.0111957587047434,0.010559048270963595,0.010606218226114943,0.009954045923756179,0.1808213024443483,0.2675752137276017
0.011350635454665109,0.03178150964156853,0.011356368963755003,0.013453462356085277,0.012198761228885024,0.19968167755562446,0.22037851207561152,0.011350635454665109,0.03178150964156853,0.011356368963755003,0.013453462356085277,0.012198761228885024,0.19968167755562446,0.22037851207561152
0.04165525304801125,0.04115834763470837,0.0,2.3687686979219028e-7,0.08360109669102303,0.16667208815444412,0.16698506271987928,0.04165525304801125,0.04115834763470837,0.0,2.3687686979219028e-7,0.08360109669102303,0.16667208815444412,0.16698506271987928
0.03265411135406634,0.010298150833159249,0.012835601903958648,0.032751349994842645,0.03211844517097466,0.17878566165555676,0.20077237740633666,0.03265411135406634,0.010298150833159249,0.012835601903958648,0.032751349994842645,0.03211844517097466,0.17878566165555676,0.20077237740633666
0.011474974780368874,0.011767367685251924,0.011568018563227981,0.011566590651295625,0.05350648458264695,0.20048209778055312,0.19973220850941814,0.011474974780368874,0.011767367685251924,0.011568018563227981,0.011566590651295625,0.05350648458264695,0.20048209778055312,0.19973220850941814
0.04187735060316135,0.0,0.04191333973630671,0.08356278707410958,0.00022525678445025975,0.16598778417728735,0.16647992312808324,0.04187735060316135,0.0,0.04191333973630671,0.08356278707410958,0.00022525678445025975,0.16598778417728735,0.16647992312808324
0.041569707935298864,0.0416389530791838,0.04197278455114595,0.0,0.0,0.16734542064989033,0.20878047282270673,0.041569707935298864,0.0416389530791838,0.04197278455114595,0.0,0.0,0.16734542064989033,0.20878047282270673
0.08287440097635367,0.0,0.0,0.0,0.00028747006634683066,0.16707563826274868,0.24990163662075426,0.08287440097635367,0.0,0.0,0.0,0.00028747006634683066,0.16707563826274868,0.24990163662075426
0.010628637095640816,0.01058933371437151,0.010529235518156812,0.03198323455951675,0.009719240993437253,0.1817776021285468,0.24566813653182135,0.010628637095640816,0.01058933371437151,0.010529235518156812,0.03198323455951675,0.009719240993437253,0.1817776021285468,0.24566813653182135
0.0,0.0,0.0,0.0,0.0,0.3332967122394917,0.16673585357171158,0.0,0.0,0.0,0.0,0.0,0.3332967122394917,0.16673585357171158
0.0007878362984639789,0.04196065393337989,0.0,0.00038156785300180464,0.00019527999754610716,0.2899050742065794,0.16701484489097154,0.0007878362984639789,0.04196065393337989,0.0,0.00038156785300180464,0.00019527999754610716,0.2899050742065794,0.16701484489097154
0.03321431417517868,0.011011265300873157,0.03188510444606467,0.011586971304990956,0.03405943966974498,0.17903858818609125,0.19955078952525995,0.03321431417517868,0.011011265300873157,0.03188510444606467,0.011586971304990956,0.03405943966974498,0.17903858818609125,0.19955078952525995
0.04180976263738345,0.0002337340692064831,0.12466928791307608,0.0001298518255122698,0.0006493794051971102,0.16633034679422423,0.16640901866355817,0.04180976263738345,0.0002337340692064831,0.12466928791307608,0.0001298518255122698,0.0006493794051971102,0.16633034679422423,0.16640901866355817
0.0,0.16653658690422263,0.0,0.00012716680731148273,0.00003288521485715844,0.16671113790679012,0.16673720801028286,0.0,0.16653658690422263,0.0,0.00012716680731148273,0.00003288521485715844,0.16671113790679012,0.16673720801028286
0.011192900438339873,0.011310847620654563,0.011775799544008921,0.03265595911633488,0.03228091267983601,0.2002077000016222,0.20059761419243977,0.011192900438339873,0.011310847620654563,0.011775799544008921,0.03265595911633488,0.03228091267983601,0.2002077000016222,0.20059761419243977
0.032109360152504374,0.03232024684795037,0.011993899706353972,0.01171123378939892,0.011557179347521485,0.17870754571007855,0.22163604315705288,0.032109360152504374,0.03232024684795037,0.011993899706353972,0.01171123378939892,0.011557179347521485,0.17870754571007855,0.22163604315705288
0.0,0.0,0.0,0.08338695803138951,0.08329696297517877,0.16671715681602817,0.16673441018945764,0.0,0.0,0.0,0.08338695803138951,0.08329696297517877,0.16671715681602817,0.16673441018945764
0.0004626989986011695,0.0001444638976291203,0.00027959666677809586,0.04158157604985189,0.04156120075941093,0.20793473922120034,0.20808487366767828,0.0004626989986011695,0.0001444638976291203,0.00027959666677809586,0.04158157604985189,0.04156120075941093,0.20793473922120034,0.20808487366767828
0.07512577634834312,0.012599309909890255,0.011851820668287952,0.03303257054248971,0.011788150678310527,0.17834331272927173,0.17745634893185241,0.07512577634834312,0.012599309909890255,0.011851820668287952,0.03303257054248971,0.011788150678310527,0.17834331272927173,0.17745634893185241
0.000017873179902022668,8.286613894888007e-6,0.000014701605515152552,0.041684373619249995,0.00009058016186709707,0.24992788522294468,0.20839374758881402,0.000017873179902022668,8.286613894888007e-6,0.000014701605515152552,0.041684373619249995,0.00009058016186709707,0.24992788522294468,0.20839374758881402
0.00011492567080418481,0.00010514849609550775,0.041746465127513906,0.08339942890945605,0.00006931826430386833,0.1665616284667582,0.20816398135842357,0.00011492567080418481,0.00010514849609550775,0.041746465127513906,0.08339942890945605,0.00006931826430386833,0.1665616284667582,0.20816398135842357
0.00012963869512811396,0.04197931707865014,0.08346447337014766,0.000016975719580565946,0.0,0.16664432998961023,0.2080241995979195,0.00012963869512811396,0.04197931707865014,0.08346447337014766,0.000016975719580565946,0.0,0.16664432998961023,0.2080241995979195
0.010072247297519455,0.01077496806801279,0.07527765205009834,0.013087426574913612,0.013282846723432924,0.19802431876060675,0.1795187448813616,0.010072247297519455,0.01077496806801279,0.07527765205009834,0.013087426574913612,0.013282846723432924,0.19802431876060675,0.1795187448813616
0.012924435112363922,0.012897701773965528,0.012831996897766207,0.012822618850308031,0.05267395335154234,0.218987973712811,0.17705054241637525,0.012924435112363922,0.012897701773965528,0.012831996897766207,0.012822618850308031,0.05267395335154234,0.218987973712811,0.17705054241637525
0.00001512787823469224,0.04175298996010622,0.00001946951152587997,0.00006390954292860291,0.1252150114127053,0.1670102089658932,0.16723446368894554,0.00001512787823469224,0.04175298996010622,0.00001946951152587997,0.00006390954292860291,0.1252150114127053,0.1670102089658932,0.16723446368894554
0.12517722372489257,0.000025100377958341552,1.3502422220342579e-6,0.04158485684338819,0.0,0.16680015678790547,0.1666231633069938,0.12517722372489257,0.000025100377958341552,1.3502422220342579e-6,0.04158485684338819,0.0,0.16680015678790547,0.1666231633069938
0.011535827483576292,0.013086232495629313,0.033416333494639225,0.012516693225862876,0.05310069312241055,0.17791787123268393,0.19892657851523074,0.011535827483576292,0.013086232495629313,0.033416333494639225,0.012516693225862876,0.05310069312241055,0.17791787123268393,0.19892657851523074
0.011051064111172654,0.011024700055315357,0.05433093664338456,0.03247353429456122,0.032751680990360875,0.1794143505198762,0.17916813244903182,0.011051064111172654,0.011024700055315357,0.05433093664338456,0.03247353429456122,0.032751680990360875,0.1794143505198762,0.17916813244903182
0.0,0.0,0.0,0.0,0.0,0.0,0.5000083049335853,0.0,0.0,0.0,0.0,0.0,0.0,0.5000083049335853
0.03270873451787821,0.010910331728697672,0.01170018661964239,0.05354397673374737,0.012750629302990965,0.1999793653998246,0.17912550068101354,0.03270873451787821,0.010910331728697672,0.01170018661964239,0.05354397673374737,0.012750629302990965,0.1999793653998246,0.17912550068101354
0.0005065045328936804,0.000504915899741617,0.04191176212198039,0.04121089530049056,0.0836419669578767,0.16586529343022957,0.16646138016834175,0.0005065045328936804,0.000504915899741617,0.04191176212198039,0.04121089530049056,0.0836419669578767,0.16586529343022957,0.16646138016834175
0.0,0.08324988198867565,0.08392508141506654,0.00007727287573038079,0.0,0.16677226655613,0.1673660717507215,0.0,0.08324988198867565,0.08392508141506654,0.00007727287573038079,0.0,0.16677226655613,0.1673660717507215
0.012646810643846321,0.012630579007064109,0.01235926034108993,0.05195904039904532,0.03131516952898458,0.20102142499448225,0.17815340260812043,0.012646810643846321,0.012630579007064109,0.01235926034108993,0.05195904039904532,0.03131516952898458,0.20102142499448225,0.17815340260812043
0.0,0.0,0.08321240995128631,0.041996189367120226,0.0,0.16667748210120062,0.20832315511844415,0.0,0.0,0.08321240995128631,0.041996189367120226,0.0,0.16667748210120062,0.20832315511844415
0.0835013124208156,0.0,0.041785271477211866,0.04155217926513685,0.00018098998164548484,0.16726022103897037,0.16593422084868614,0.0835013124208156,0.0,0.041785271477211866,0.04155217926513685,0.00018098998164548484,0.16726022103897037,0.16593422084868614
0.00002812524411665799,0.0,1.610480652911232e-8,0.04164458087928999,0.0,0.20843125068326948,0.24992801936263606,0.00002812524411665799,0.0,1.610480652911232e-8,0.04164458087928999,0.0,0.20843125068326948,0.24992801936263606
0.0832244622795056,0.04143577043589857,0.0,0.0,0.00004880059069437984,0.16728335711272943,0.2083776855108952,0.0832244622795056,0.04143577043589857,0.0,0.0,0.00004880059069437984,0.16728335711272943,0.2083776855108952
0.05471894440556448,0.010992705335547075,0.032565651732710914,0.03175276074214683,0.015053231443340224,0.17780085932661854,0.17738894732998925,0.05471894440556448,0.010992705335547075,0.032565651732710914,0.03175276074214683,0.015053231443340224,0.17780085932661854,0.17738894732998925
0.001376023597526835,0.04191582874527562,0.0007631237971090598,0.0,0.0,0.16632802237155062,0.2898575330521823,0.001376023597526835,0.04191582874527562,0.0007631237971090598,0.0,0.0,0.16632802237155062,0.2898575330521823
0.0,0.0,0.0,0.0,0.12484065097095505,0.1667496300368217,0.20846540265505953,0.0,0.0,0.0,0.0,0.12484065097095505,0.1667496300368217,0.20846540265505953
0.0,0.0,0.08321324976251213,0.0,0.04161841926863453,0.20882226640055787,0.16639949374813146,0.0,0.0,0.08321324976251213,0.0,0.04161841926863453,0.20882226640055787,0.16639949374813146
0.01363700359027676,0.05296524790974367,0.012339782929994622,0.01269473459100671,0.01221597680742181,0.19776447842977724,0.19857557741591622,0.01363700359027676,0.05296524790974367,0.012339782929994622,0.01269473459100671,0.01221597680742181,0.19776447842977724,0.19857557741591622
0.0471128024621888,0.0005839030905102705,0.0,0.0940438201035835,0.00019710812104849437,0.18989796744112236,0.23619518137047027,0.0471128024621888,0.0005839030905102705,0.0,0.0940438201035835,0.00019710812104849437,0.18989796744112236,0.23619518137047027
0.032724798626361275,0.01193650105275336,0.03279120140608606,0.053262523925662705,0.011307260819328587,0.17893691768471157,0.17911338107268127,0.032724798626361275,0.01193650105275336,0.03279120140608606,0.053262523925662705,0.011307260819328587,0.17893691768471157,0.17911338107268127
0.00019062391262762452,0.04283172769676823,0.04101692279619927,4.366807605467547e-7,0.08278966943454677,0.166710643264294,0.16652883001133456,0.00019062391262762452,0.04283172769676823,0.04101692279619927,4.366807605467547e-7,0.08278966943454677,0.166710643264294,0.16652883001133456
0.011959220370169535,0.03199276769915748,0.011113350583520861,0.05340792858577527,0.013171887853390213,0.17821306768341588,0.2002082670902729,0.011959220370169535,0.03199276769915748,0.011113350583520861,0.05340792858577527,0.013171887853390213,0.17821306768341588,0.2002082670902729
0.0833417203040987,0.08348054758243942,0.0,0.00010854959791918693,0.0,0.16698873036870174,0.16738658758935462,0.0833417203040987,0.08348054758243942,0.0,0.00010854959791918693,0.0,0.16698873036870174,0.16738658758935462
7.79081177447809e-6,0.000024025603415188514,0.000013430122229900218,0.000015344271020049794,0.16653148446309043,0.16680857663121398,0.16673120275782372,7.79081177447809e-6,0.000024025603415188514,0.000013430122229900218,0.000015344271020049794,0.16653148446309043,0.16680857663121398,0.16673120275782372
0.00033487836856864987,0.04077379709858753,0.0008269984886995183,0.08333809071831365,0.00006926728245661676,0.1666276499767704,0.20814527990726683,0.00033487836856864987,0.04077379709858753,0.0008269984886995183,0.08333809071831365,0.00006926728245661676,0.1666276499767704,0.20814527990726683
0.053817368502269834,0.012488079557853703,0.012547835206072793,0.03223263302564935,0.03170060079018599,0.17732494410146132,0.1799479354983022,0.053817368502269834,0.012488079557853703,0.012547835206072793,0.03223263302564935,0.03170060079018599,0.17732494410146132,0.1799479354983022
0.00048425733124285425,0.08324698468761814,0.000018275578431407248,0.00018911003690811107,0.04140778065309313,0.20816422690051145,0.1666806219326914,0.00048425733124285425,0.08324698468761814,0.000018275578431407248,0.00018911003690811107,0.04140778065309313,0.20816422690051145,0.1666806219326914
0.0123254467984586,0.012557736168757709,0.05398969598415252,0.032416946749890485,0.012376709978581518,0.1778508375964734,0.19878504540613762,0.0123254467984586,0.012557736168757709,0.05398969598415252,0.032416946749890485,0.012376709978581518,0.1778508375964734,0.19878504540613762
0.012391844187677395,0.03359093554906979,0.01259203219102776,0.03123828552784995,0.031926378640515826,0.1996656751109783,0.1786691802501814,0.012391844187677395,0.03359093554906979,0.01259203219102776,0.03123828552784995,0.031926378640515826,0.1996656751109783,0.1786691802501814
0.0,0.04167260817298992,0.0416219684045541,0.0003770815706579618,0.0003652885207255517,0.24952248242096065,0.16674871138680208,0.0,0.04167260817298992,0.0416219684045541,0.0003770815706579618,0.0003652885207255517,0.24952248242096065,0.16674871138680208
0.033250997290689005,0.03363521494195716,0.01050767135477866,0.032882973749948245,0.012402156825886357,0.1989859413127923,0.17849852123220747,0.033250997290689005,0.03363521494195716,0.01050767135477866,0.032882973749948245,0.012402156825886357,0.1989859413127923,0.17849852123220747
0.012004392234073055,0.012011194567014431,0.0317910010698286,0.032931833320892175,0.031015539823706032,0.20049648697376854,0.17983523953335012,0.012004392234073055,0.012011194567014431,0.0317910010698286,0.032931833320892175,0.031015539823706032,0.20049648697376854,0.17983523953335012
0.08376972174004,0.0,0.041530675253248085,0.0,0.00001554093924795715,0.16676760927725504,0.2082436476337835,0.08376972174004,0.0,0.041530675253248085,0.0,0.00001554093924795715,0.16676760927725504,0.2082436476337835
0.032555835735094296,0.03292752941439946,0.01208081619583544,0.012826759496187891,0.01184986612273715,0.19959879261022614,0.1983980870951992,0.032555835735094296,0.03292752941439946,0.01208081619583544,0.012826759496187891,0.01184986612273715,0.19959879261022614,0.1983980870951992
0.00008481973669609386,0.00003581026574971577,0.000049777690629492,0.000019161144056300507,0.04165943641057636,0.25003631632296547,0.2082948972388023,0.00008481973669609386,0.00003581026574971577,0.000049777690629492,0.000019161144056300507,0.04165943641057636,0.25003631632296547,0.2082948972388023
0.04168296892117867,0.0,0.00003839774685280949,0.000026170514894909253,0.1249052929985045,0.16681962966238112,0.16681983794460586,0.04168296892117867,0.0,0.00003839774685280949,0.000026170514894909253,0.1249052929985045,0.16681962966238112,0.16681983794460586
0.09730707790785745,0.012760153562155806,0.008855148095151593,0.013174013116784629,0.011745794736778628,0.17678561787857408,0.17955271051548438,0.09730707790785745,0.012760153562155806,0.008855148095151593,0.013174013116784629,0.011745794736778628,0.17678561787857408,0.17955271051548438
0.00031037356233851827,0.0003100541488465234,0.041732677590194715,0.041364698912964216,0.041278933425502394,0.1670839376291726,0.20823004445675228,0.00031037356233851827,0.0003100541488465234,0.041732677590194715,0.041364698912964216,0.041278933425502394,0.1670839376291726,0.20823004445675228
0.013877093676576942,0.01399507191441394,0.007937387666325228,0.03337343663795375,0.05426629050639712,0.19864287538750822,0.17811010051954818,0.013877093676576942,0.01399507191441394,0.007937387666325228,0.03337343663795375,0.05426629050639712,0.19864287538750822,0.17811010051954818
0.01251147042107648,0.011500763381013177,0.05326766347631356,0.011826120360835591,0.011126887587604358,0.22064434381539386,0.1792825612068415,0.01251147042107648,0.011500763381013177,0.05326766347631356,0.011826120360835591,0.011126887587604358,0.22064434381539386,0.1792825612068415
0.5001205135970572,0.0,0.0,0.0,0.0,0.0,0.0,0.5001205135970572,0.0,0.0,0.0,0.0,0.0,0.0
0.0,0.0,0.0,0.0,0.12493771469149825,0.20838610550705897,0.16674246091666137,0.0,0.0,0.0,0.0,0.12493771469149825,0.20838610550705897,0.16674246091666137
0.03246968130629563,0.012546175773432986,0.03367992943908018,0.03311996306362546,0.03293927131522601,0.1781464224898588,0.17734058783128098,0.03246968130629563,0.012546175773432986,0.03367992943908018,0.03311996306362546,0.03293927131522601,0.1781464224898588,0.17734058783128098
0.0003106480438578238,0.042158856496904464,0.08262736616964333,0.0003940012046810435,0.041278258691921824,0.16631505843605737,0.16699895226947983,0.0003106480438578238,0.042158856496904464,0.08262736616964333,0.0003940012046810435,0.041278258691921824,0.16631505843605737,0.16699895226947983
0.16657208044810717,0.0,3.779146792612852e-6,0.00012719679581299335,0.00003289296985499373,0.16675045176011902,0.1667765280114686,0.16657208044810717,0.0,3.779146792612852e-6,0.00012719679581299335,0.00003289296985499373,0.16675045176011902,0.1667765280114686
0.05335019181635983,0.011965340628886347,0.011921516298451727,0.032943950809398916,0.013607744224573169,0.17797440561279906,0.19829093990315275,0.05335019181635983,0.011965340628886347,0.011921516298451727,0.032943950809398916,0.013607744224573169,0.17797440561279906,0.19829093990315275
0.0003593560371776964,0.08350197069648362,0.04173729269159286,0.0,0.0003739547817218091,0.20831167118154958,0.16587033293139636,0.0003593560371776964,0.08350197069648362,0.04173729269159286,0.0,0.0003739547817218091,0.20831167118154958,0.16587033293139636
0.012236663360950844,0.05319543417162378,0.03256484010917731,0.032433217399607375,0.011491241293612748,0.17838678534171737,0.17975395026245974,0.012236663360950844,0.05319543417162378,0.03256484010917731,0.032433217399607375,0.011491241293612748,0.17838678534171737,0.17975395026245974
0.0,0.000029350958279977026,0.000013984449925946184,0.04182140512409223,0.00015673801395857165,0.29163745694271404,0.16650939097775,0.0,0.000029350958279977026,0.000013984449925946184,0.04182140512409223,0.00015673801395857165,0.29163745694271404,0.16650939097775
0.04175150673547193,0.00015334931554257528,0.041797663301927794,0.00018900391283744594,0.041450002639343675,0.20841973755628404,0.16664367203372774,0.04175150673547193,0.00015334931554257528,0.041797663301927794,0.00018900391283744594,0.041450002639343675,0.20841973755628404,0.16664367203372774
0.012751126675242369,0.010774192370036297,0.009918652323393312,0.032526362563748475,0.011107965659700058,0.20085933879261342,0.22243622647815645,0.012751126675242369,0.010774192370036297,0.009918652323393312,0.032526362563748475,0.011107965659700058,0.20085933879261342,0.22243622647815645
0.010985662110932822,0.010664309713898791,0.011289716132841377,0.011824189223550951,0.03230898569404163,0.24201074949395512,0.18121476985486357,0.010985662110932822,0.010664309713898791,0.011289716132841377,0.011824189223550951,0.03230898569404163,0.24201074949395512,0.18121476985486357
0.0,0.0,0.1667201206498542,0.00010976174618725598,3.151046154877789e-11,0.166642480996517,0.1667711270791578,0.0,0.0,0.1667201206498542,0.00010976174618725598,3.151046154877789e-11,0.166642480996517,0.1667711270791578
0.08387183206978087,0.0,0.04172035067777664,0.0,0.00036987266002373894,0.20829427700909153,0.1659530323195417,0.08387183206978087,0.0,0.04172035067777664,0.0,0.00036987266002373894,0.20829427700909153,0.1659530323195417
0.041583752897582205,8.900086923691738e-6,0.00006068243901996749,0.0,0.0412462762030366,0.20871397860784047,0.20842940045003167,0.041583752897582205,8.900086923691738e-6,0.00006068243901996749,0.0,0.0412462762030366,0.20871397860784047,0.20842940045003167
0.053385678695039566,0.033143651572996626,0.01218674648461868,0.0317204588043015,0.012145275576313376,0.1786156278124511,0.17891867836235908,0.053385678695039566,0.033143651572996626,0.01218674648461868,0.0317204588043015,0.012145275576313376,0.1786156278124511,0.17891867836235908
0.04189128432637471,0.0004007199763017033,0.00006375559850724008,0.00029219616971616836,0.08323014851411446,0.20790797537986988,0.16630322943339265,0.04189128432637471,0.0004007199763017033,0.00006375559850724008,0.00029219616971616836,0.08323014851411446,0.20790797537986988,0.16630322943339265
0.042041816199363896,0.04233625410435487,0.0833649206098807,0.0004062418344680455,0.0,0.16660463417820512,0.16655665986996615,0.042041816199363896,0.04233625410435487,0.0833649206098807,0.0004062418344680455,0.0,0.16660463417820512,0.16655665986996615
0.0,0.08323667911839296,0.00016571896385886292,0.08324335589221969,0.00022508845009671527,0.16667611986373287,0.16653965215371752,0.0,0.08323667911839296,0.00016571896385886292,0.08324335589221969,0.00022508845009671527,0.16667611986373287,0.16653965215371752
0.012949948208745928,0.03453667478166354,0.012539945808105952,0.013824282196541932,0.029405900463475142,0.17671500451568004,0.22019534855275877,0.012949948208745928,0.03453667478166354,0.012539945808105952,0.013824282196541932,0.029405900463475142,0.17671500451568004,0.22019534855275877
0.011607699646760027,0.011611252844487177,0.012012593975069074,0.03278273533242182,0.011773570402056134,0.2203183841682448,0.20003760185766808,0.011607699646760027,0.011611252844487177,0.012012593975069074,0.03278273533242182,0.011773570402056134,0.2203183841682448,0.20003760185766808
0.08336522362004466,0.0,0.0,0.0,0.08337829571865667,0.1666248247375001,0.16674719347736744,0.08336522362004466,0.0,0.0,0.0,0.08337829571865667,0.1666248247375001,0.16674719347736744
0.04187165333036817,0.0,0.0415797066622422,0.04176946746147079,0.0,0.20897219960314914,0.16706053215773398,0.04187165333036817,0.0,0.0415797066622422,0.04176946746147079,0.0,0.20897219960314914,0.16706053215773398
0.0005234910653431756,0.0006454591565408536,0.08336494604295917,0.04166170467514897,0.00033887523524633157,0.2076547048988575,0.1658885309332665,0.0005234910653431756,0.0006454591565408536,0.08336494604295917,0.04166170467514897,0.00033887523524633157,0.2076547048988575,0.1658885309332665
0.032774749581974724,0.011808608039591927,0.011861259038340656,0.012471578997894564,0.05222336961770939,0.17836202217205732,0.20079189584876334,0.032774749581974724,0.011808608039591927,0.011861259038340656,0.012471578997894564,0.05222336961770939,0.17836202217205732,0.20079189584876334
0.03235932433550751,0.012000538356835821,0.012087994994647718,0.05421563145501384,0.03355690221733581,0.17800310358606375,0.17788606646902533,0.03235932433550751,0.012000538356835821,0.012087994994647718,0.05421563145501384,0.03355690221733581,0.17800310358606375,0.17788606646902533
0.08334871675824633,0.0,0.0,0.0002464435062624495,0.00009912920586264263,0.24995715403820842,0.16657185316386153,0.08334871675824633,0.0,0.0,0.0002464435062624495,0.00009912920586264263,0.24995715403820842,0.16657185316386153
0.0,0.0,0.08320722660489846,0.0,0.0,0.20852327302600474,0.20844076933637185,0.0,0.0,0.08320722660489846,0.0,0.0,0.20852327302600474,0.20844076933637185
0.0,0.0,0.12490640755264558,1.939181115592149e-8,0.04164398510605259,0.16680743020285546,0.1667469618900434,0.0,0.0,0.12490640755264558,1.939181115592149e-8,0.04164398510605259,0.16680743020285546,0.1667469618900434
0.010731404146985297,0.010667550636157456,0.010540796335441385,0.03189292590068552,0.033138406294287666,0.180869957021998,0.22251221366640594,0.010731404146985297,0.010667550636157456,0.010540796335441385,0.03189292590068552,0.033138406294287666,0.180869957021998,0.22251221366640594
0.053719524342662646,0.03325854732704234,0.011160201890153132,0.012030811454191838,0.013419346065997798,0.17802223884096835,0.1987217353478053,0.053719524342662646,0.03325854732704234,0.011160201890153132,0.012030811454191838,0.013419346065997798,0.17802223884096835,0.1987217353478053
0.012134088134518961,0.01199359305865888,0.03300264859141546,0.032155532408851495,0.012508344712780312,0.21982359491434664,0.17847319077786206,0.012134088134518961,0.01199359305865888,0.03300264859141546,0.032155532408851495,0.012508344712780312,0.21982359491434664,0.17847319077786206
0.03291140982742953,0.012580841779266817,0.012013285719473193,0.013243681785796232,0.03255856882665696,0.17666395782926883,0.22019534052557618,0.03291140982742953,0.012580841779266817,0.012013285719473193,0.013243681785796232,0.03255856882665696,0.17666395782926883,0.22019534052557618
0.032672815933348025,0.011223450840076537,0.033417012800576504,0.03261169402921394,0.011636833224734551,0.1998616959144674,0.17878705694327024,0.032672815933348025,0.011223450840076537,0.033417012800576504,0.03261169402921394,0.011636833224734551,0.1998616959144674,0.17878705694327024
0.011282796026490806,0.011112536413977785,0.009604694626008638,0.05315747409398882,0.012771133617715176,0.20191805125330453,0.20056560856098096,0.011282796026490806,0.011112536413977785,0.009604694626008638,0.05315747409398882,0.012771133617715176,0.20191805125330453,0.20056560856098096
0.0,0.0,0.0,0.08328202983225713,0.0,0.20833852926070284,0.20844819226942096,0.0,0.0,0.0,0.08328202983225713,0.0,0.20833852926070284,0.20844819226942096
0.011452191951417886,0.012002210777266847,0.03242085258037439,0.05410267066163551,0.011805563147955198,0.1991265722654832,0.17926154061398936,0.011452191951417886,0.012002210777266847,0.03242085258037439,0.05410267066163551,0.011805563147955198,0.1991265722654832,0.17926154061398936
0.0030397062483022205,0.04171987637978034,0.0003017142759261638,0.12416078931445007,0.00029310977657652656,0.16509538387212647,0.16548483013473728,0.0030397062483022205,0.04171987637978034,0.0003017142759261638,0.12416078931445007,0.00029310977657652656,0.16509538387212647,0.16548483013473728
0.05496000720086398,0.012492413947135596,0.011257920284004486,0.012353471278617908,0.0338457472972518,0.17776514573167868,0.19758852741354474,0.05496000720086398,0.012492413947135596,0.011257920284004486,0.012353471278617908,0.0338457472972518,0.17776514573167868,0.19758852741354474
0.011626534040816474,0.011454497167133877,0.013060006158929223,0.09447846541817496,0.0112680835882684,0.17901846553156192,0.1792643151811982,0.011626534040816474,0.011454497167133877,0.013060006158929223,0.09447846541817496,0.0112680835882684,0.17901846553156192,0.1792643151811982
0.0,0.04175716651659515,0.0,0.04169209082636017,0.0005033690099659083,0.20830074207643567,0.20784918260581794,0.0,0.04175716651659515,0.0,0.04169209082636017,0.0005033690099659083,0.20830074207643567,0.20784918260581794
0.011587030922575394,0.011072238018452736,0.011183251913648,0.07501608514605422,0.0127500877629309,0.1999708719494251,0.17913917785060163,0.011587030922575394,0.011072238018452736,0.011183251913648,0.07501608514605422,0.0127500877629309,0.1999708719494251,0.17913917785060163
0.011942659762941657,0.013288481491247792,0.07413370677634543,0.01219438953868748,0.012030434541745526,0.17790948323579875,0.19856694015599322,0.011942659762941657,0.013288481491247792,0.07413370677634543,0.01219438953868748,0.012030434541745526,0.17790948323579875,0.19856694015599322
0.01314460984615191,0.09491506110345177,0.010683460625859531,0.011679312711489398,0.012800043569098161,0.17785092028670582,0.17894938103183528,0.01314460984615191,0.09491506110345177,0.010683460625859531,0.011679312711489398,0.012800043569098161,0.17785092028670582,0.17894938103183528
0.011971660416792288,0.011864894625617864,0.05290577191470914,0.012859681135984301,0.054045594911359504,0.17776854125324054,0.17878560173323169,0.011971660416792288,0.011864894625617864,0.05290577191470914,0.012859681135984301,0.054045594911359504,0.17776854125324054,0.17878560173323169
0.0,0.04204834875470476,0.12468367542674126,0.00012986681111895192,0.0006278743442114057,0.16630151700819817,0.1663807303693644,0.0,0.04204834875470476,0.12468367542674126,0.00012986681111895192,0.0006278743442114057,0.16630151700819817,0.1663807303693644
0.04224607461634392,0.042219120401572025,0.042646895125933955,0.000051440568645230535,0.04048250159085946,0.1662825748390833,0.16619711606043275,0.04224607461634392,0.042219120401572025,0.042646895125933955,0.000051440568645230535,0.04048250159085946,0.1662825748390833,0.16619711606043275
0.011766558924248157,0.055426914890981206,0.011531509561939778,0.01173156617057827,0.03326894929377831,0.17774927283812528,0.1986819292074596,0.011766558924248157,0.055426914890981206,0.011531509561939778,0.01173156617057827,0.03326894929377831,0.17774927283812528,0.1986819292074596
0.0,0.0,0.04190827790519113,0.00024983816852262825,0.08318135707358036,0.16650855298236766,0.20830254568175735,0.0,0.0,0.04190827790519113,0.00024983816852262825,0.08318135707358036,0.16650855298236766,0.20830254568175735
0.041924733465737885,0.04176953404560108,0.0003814376230812096,0.04139218653820261,0.00037356546668950433,0.2081042620551292,0.1661498504790668,0.041924733465737885,0.04176953404560108,0.0003814376230812096,0.04139218653820261,0.00037356546668950433,0.2081042620551292,0.1661498504790668
0.12477123654863831,0.0,0.00016995262997151732,0.0,0.0002987537015630678,0.1666664767843847,0.20832111507280496,0.12477123654863831,0.0,0.00016995262997151732,0.0,0.0002987537015630678,0.1666664767843847,0.20832111507280496
0.0001789627810780018,0.00022443370433609106,0.04164922588042409,0.08324155367961542,0.04150498871287222,0.166841927368938,0.16686671110246856,0.0001789627810780018,0.00022443370433609106,0.04164922588042409,0.08324155367961542,0.04150498871287222,0.166841927368938,0.16686671110246856
0.011740569520747967,0.01174372735154347,0.05212364979055599,0.011328338820316688,0.011408644170229605,0.18035459034376464,0.22143275499495674,0.011740569520747967,0.01174372735154347,0.05212364979055599,0.011328338820316688,0.011408644170229605,0.18035459034376464,0.22143275499495674
0.012158934248494464,0.03196179625911851,0.01231441656505921,0.01320182082101403,0.033620495758073236,0.21897785997315414,0.17786970741734984,0.012158934248494464,0.03196179625911851,0.01231441656505921,0.01320182082101403,0.033620495758073236,0.21897785997315414,0.17786970741734984
0.0007003960669005975,0.0014020440592935456,0.041691865184696995,0.0011662866894675788,0.00022953357274259494,0.24864599514903174,0.20650526124114274,0.0007003960669005975,0.0014020440592935456,0.041691865184696995,0.0011662866894675788,0.00022953357274259494,0.24864599514903174,0.20650526124114274
0.013294624323505084,0.013581972326496645,0.01170799578827231,0.012789448080675166,0.052340034420164085,0.17736958144299797,0.2189924680136979,0.013294624323505084,0.013581972326496645,0.01170799578827231,0.012789448080675166,0.052340034420164085,0.17736958144299797,0.2189924680136979
0.03213535930859144,0.053818113642169534,0.011197083301855943,0.01274350379505357,0.012342560037854689,0.19965358065212765,0.17834322483321965,0.03213535930859144,0.053818113642169534,0.011197083301855943,0.01274350379505357,0.012342560037854689,0.19965358065212765,0.17834322483321965
0.03193048412956617,0.011500004974057182,0.011724001088340055,0.033116101432765215,0.012913221611132947,0.1997615826846692,0.19927976711857184,0.03193048412956617,0.011500004974057182,0.011724001088340055,0.033116101432765215,0.012913221611132947,0.1997615826846692,0.19927976711857184
0.0001001538585226572,0.08310857636044579,0.04214746286310177,0.00013118533255448197,0.0415806105236171,0.1663748357536824,0.16665939312974948,0.0001001538585226572,0.08310857636044579,0.04214746286310177,0.00013118533255448197,0.0415806105236171,0.1663748357536824,0.16665939312974948
0.011798868764441806,0.011989749444234133,0.03211836303776677,0.012865688305069026,0.03262881719081537,0.1995486777906411,0.19927594627701836,0.011798868764441806,0.011989749444234133,0.03211836303776677,0.012865688305069026,0.03262881719081537,0.1995486777906411,0.19927594627701836
0.05367718506860651,0.01222158629968233,0.03203232007585435,0.012042868093391394,0.012794859511846201,0.1786586821506337,0.19865322371584848,0.05367718506860651,0.01222158629968233,0.03203232007585435,0.012042868093391394,0.012794859511846201,0.1786586821506337,0.19865322371584848
0.030991829671350883,0.011456575029844446,0.012610592641240996,0.05340177814228603,0.013175436816154674,0.17823695781864057,0.20021824707958197,0.030991829671350883,0.011456575029844446,0.012610592641240996,0.05340177814228603,0.013175436816154674,0.17823695781864057,0.20021824707958197
0.013475009818265531,0.05374143960177151,0.010559550863550366,0.033045326803017847,0.01228575387940416,0.17802989925430968,0.19892579017220913,0.013475009818265531,0.05374143960177151,0.010559550863550366,0.033045326803017847,0.01228575387940416,0.17802989925430968,0.19892579017220913
0.010783918198293635,0.010765792236442976,0.032864297904805655,0.010599647768195625,0.031253697076633176,0.18133805064404074,0.22257520556049937,0.010783918198293635,0.010765792236442976,0.032864297904805655,0.010599647768195625,0.031253697076633176,0.18133805064404074,0.22257520556049937
0.013062556198249187,0.032036541360390164,0.01118432359390706,0.01388099835745076,0.010108483865664318,0.24126857326506215,0.17865412288496385,0.013062556198249187,0.032036541360390164,0.01118432359390706,0.01388099835745076,0.010108483865664318,0.24126857326506215,0.17865412288496385
0.0,0.0,0.0,0.0,0.0,0.20840002990892859,0.2916397525110963,0.0,0.0,0.0,0.0,0.0,0.20840002990892859,0.2916397525110963
0.000771283445676712,0.04162865555102777,1.0823701510194005e-6,0.08284782352942609,0.0004446572689550774,0.20726357111822674,0.16713510674814439,0.000771283445676712,0.04162865555102777,1.0823701510194005e-6,0.08284782352942609,0.0004446572689550774,0.20726357111822674,0.16713510674814439
0.012837882667726074,0.012310113055010103,0.012709243604782153,0.0729959257025182,0.01280662780570164,0.17788719685292018,0.19872870552870822,0.012837882667726074,0.012310113055010103,0.012709243604782153,0.0729959257025182,0.01280662780570164,0.17788719685292018,0.19872870552870822
0.00035680962174433514,0.0418567765596821,0.04194537811176382,0.04169698565547597,0.0,0.20840534357341362,0.16709465804015203,0.00035680962174433514,0.0418567765596821,0.04194537811176382,0.04169698565547597,0.0,0.20840534357341362,0.16709465804015203
0.0001932891594465364,0.00018983606550533662,0.041831688336726375,0.00019778775631777178,0.08312359497779234,0.2079053872594398,0.16674046991489314,0.0001932891594465364,0.00018983606550533662,0.041831688336726375,0.00019778775631777178,0.08312359497779234,0.2079053872594398,0.16674046991489314
0.01355185935165938,0.013144401013978896,0.013468018482531503,0.013813411368415279,0.033448363254767785,0.17566025461707357,0.23828537727646623,0.01355185935165938,0.013144401013978896,0.013468018482531503,0.013813411368415279,0.033448363254767785,0.17566025461707357,0.23828537727646623
0.0,0.0,0.0,0.04158340735535917,0.12493459708453047,0.16673812699279592,0.16679400160730046,0.0,0.0,0.0,0.04158340735535917,0.12493459708453047,0.16673812699279592,0.16679400160730046
0.010912757631344446,0.01074223772910826,0.01191174114793376,0.05254373775090162,0.013490003748778628,0.2205670078387635,0.17990298180799216,0.010912757631344446,0.01074223772910826,0.01191174114793376,0.05254373775090162,0.013490003748778628,0.2205670078387635,0.17990298180799216
0.0417520668823484,0.08329128082109732,0.0,0.0003196579855534793,0.00001576982310547678,0.16638514152509765,0.20875462668071768,0.0417520668823484,0.08329128082109732,0.0,0.0003196579855534793,0.00001576982310547678,0.16638514152509765,0.20875462668071768
0.012783049173099685,0.01294870631576274,0.01276852123595705,0.032848932710457045,0.07364244481658799,0.1759697437017174,0.17908016688456718,0.012783049173099685,0.01294870631576274,0.01276852123595705,0.032848932710457045,0.07364244481658799,0.1759697437017174,0.17908016688456718
0.04177096255608441,0.08348193593044086,0.00032022705728196305,0.041246694875777805,4.1282429051830475e-8,0.1668601575110212,0.16658623863411262,0.04177096255608441,0.08348193593044086,0.00032022705728196305,0.041246694875777805,4.1282429051830475e-8,0.1668601575110212,0.16658623863411262
0.03280821907231722,0.01036140700672226,0.01141018783839287,0.0105054435660827,0.011573232273752496,0.1803567863220145,0.24364172144416957,0.03280821907231722,0.01036140700672226,0.01141018783839287,0.0105054435660827,0.011573232273752496,0.1803567863220145,0.24364172144416957
0.0,0.0,0.12488115226201633,0.0,0.00012284456712844283,0.16668614100905801,0.2083717291795282,0.0,0.0,0.12488115226201633,0.0,0.00012284456712844283,0.16668614100905801,0.2083717291795282
0.011617555375800198,0.032890617952980004,0.013254009658583912,0.011604135643140855,0.011328536346635177,0.22035671544149354,0.19972291115619414,0.011617555375800198,0.032890617952980004,0.013254009658583912,0.011604135643140855,0.011328536346635177,0.22035671544149354,0.19972291115619414
0.03344407416078145,0.03329530455024027,0.01166293649514511,0.054389507558428064,0.010980642137793695,0.1790537036087722,0.17738309882332254,0.03344407416078145,0.03329530455024027,0.01166293649514511,0.054389507558428064,0.010980642137793695,0.1790537036087722,0.17738309882332254
0.0002868532683717672,0.08325954440410953,0.0,0.00020695674460332589,0.00011105763949689694,0.20869320316377118,0.2074971238311611,0.0002868532683717672,0.08325954440410953,0.0,0.00020695674460332589,0.00011105763949689694,0.20869320316377118,0.2074971238311611
0.03188009863491102,0.011070211268729556,0.03408344787480686,0.010658693925516502,0.012579868506981189,0.22082052319057194,0.1791706091655782,0.03188009863491102,0.011070211268729556,0.03408344787480686,0.010658693925516502,0.012579868506981189,0.22082052319057194,0.1791706091655782
0.03292357549202072,0.032774254975163016,0.032310563370405866,0.011453160736073834,0.011813606939899515,0.19999046950637303,0.1790523500503387,0.03292357549202072,0.032774254975163016,0.032310563370405866,0.011453160736073834,0.011813606939899515,0.19999046950637303,0.1790523500503387
0.011503339546089411,0.011499718876617094,0.011446983645609494,0.012258936634923624,0.010812240057361961,0.22086365495770413,0.2218011215592738,0.011503339546089411,0.011499718876617094,0.011446983645609494,0.012258936634923624,0.010812240057361961,0.22086365495770413,0.2218011215592738
0.053699886006848656,0.011196551884913369,0.013245585090283143,0.011807816254026039,0.010006429937009413,0.17982009989388217,0.22048300360420026,0.053699886006848656,0.011196551884913369,0.013245585090283143,0.011807816254026039,0.010006429937009413,0.17982009989388217,0.22048300360420026
0.041642481293242425,0.0,0.0,0.000022066578896429286,0.0,0.20838184200916116,0.2499643081113695,0.041642481293242425,0.0,0.0,0.000022066578896429286,0.0,0.20838184200916116,0.2499643081113695
0.04225504931021942,0.04201691383592808,0.04130902155941008,0.00005620656641665994,0.0,0.20828162977576062,0.16638195355331262,0.04225504931021942,0.04201691383592808,0.04130902155941008,0.00005620656641665994,0.0,0.20828162977576062,0.16638195355331262
0.012812441509146007,0.011375154595227678,0.03285107683034505,0.012444770470986227,0.012430768843085428,0.21920706546928645,0.19924805390640662,0.012812441509146007,0.011375154595227678,0.03285107683034505,0.012444770470986227,0.012430768843085428,0.21920706546928645,0.19924805390640662
0.01302640843027679,0.012587392697646672,0.012117556169639405,0.012889685672986902,0.07293042506382427,0.17824461323371762,0.19838797055444654,0.01302640843027679,0.012587392697646672,0.012117556169639405,0.012889685672986902,0.07293042506382427,0.17824461323371762,0.19838797055444654
0.04164316619554705,0.041487172248331455,0.0,0.0,0.0,0.16709873366669803,0.24989321075041604,0.04164316619554705,0.041487172248331455,0.0,0.0,0.0,0.16709873366669803,0.24989321075041604
0.00020902551098608507,0.12512345901706812,0.0,0.00013116052153823695,0.04162977950644343,0.16643377491454336,0.16679576048078068,0.00020902551098608507,0.12512345901706812,0.0,0.00013116052153823695,0.04162977950644343,0.16643377491454336,0.16679576048078068
0.08377851177529363,0.0002912082532409067,0.00021975983506254324,0.00004673878993559173,0.041803009120284916,0.1664128169326517,0.20767499453329477,0.08377851177529363,0.0002912082532409067,0.00021975983506254324,0.00004673878993559173,0.041803009120284916,0.1664128169326517,0.20767499453329477
0.0,0.0,0.04163338062250093,0.0,0.00003815524713612031,0.2084253169647947,0.24992090429471314,0.0,0.0,0.04163338062250093,0.0,0.00003815524713612031,0.2084253169647947,0.24992090429471314
0.011330426943444495,0.07408320290206141,0.011900652499947704,0.011661205377840869,0.011760785819771281,0.19964155835122907,0.1796980424667215,0.011330426943444495,0.07408320290206141,0.011900652499947704,0.011661205377840869,0.011760785819771281,0.19964155835122907,0.1796980424667215
0.012558529685968137,0.01254897163002596,0.010656874126978607,0.07446287516890356,0.03311892788463891,0.17844103980959503,0.17856335036971188,0.012558529685968137,0.01254897163002596,0.010656874126978607,0.07446287516890356,0.03311892788463891,0.17844103980959503,0.17856335036971188
0.0,0.08302698293984986,0.0,0.04232174633354885,0.04124266832090869,0.1675012910078478,0.16609535560453964,0.0,0.08302698293984986,0.0,0.04232174633354885,0.04124266832090869,0.1675012910078478,0.16609535560453964
0.03199415859332414,0.011259322471170997,0.054044168963808,0.011712174194710658,0.013456825501657166,0.19912844668639157,0.17904001145088344,0.03199415859332414,0.011259322471170997,0.054044168963808,0.011712174194710658,0.013456825501657166,0.19912844668639157,0.17904001145088344
0.0,0.12488059311744157,0.00031592724144903587,0.0,0.0005829531312060281,0.16662123046241958,0.20775694422977,0.0,0.12488059311744157,0.00031592724144903587,0.0,0.0005829531312060281,0.16662123046241958,0.20775694422977
0.012268720554751393,0.012272020440972475,0.05446843889846638,0.01183794560309824,0.011921863499533492,0.19864071883967932,0.19875067971989027,0.012268720554751393,0.012272020440972475,0.05446843889846638,0.01183794560309824,0.011921863499533492,0.19864071883967932,0.19875067971989027
0.08344079117465318,0.0,0.00037789907549948834,0.04235293294061981,0.00014810010559622463,0.20771757582308661,0.1663777563886408,0.08344079117465318,0.0,0.00037789907549948834,0.04235293294061981,0.00014810010559622463,0.20771757582308661,0.1663777563886408
0.04164203705858317,0.0,0.0,0.041611055685646,0.0002648956652137674,0.24999261237559853,0.16655005925816926,0.04164203705858317,0.0,0.0,0.041611055685646,0.0002648956652137674,0.24999261237559853,0.16655005925816926
0.00030146084796095707,0.04237154031843113,0.04174563607740607,2.686215037992785e-7,0.04230164327167355,0.16593704172081708,0.20756063525356663,0.00030146084796095707,0.04237154031843113,0.04174563607740607,2.686215037992785e-7,0.04230164327167355,0.16593704172081708,0.20756063525356663
0.012098656564106565,0.054043257939219935,0.033036505559244346,0.011324019858975897,0.011776460046861136,0.17849064739722048,0.19930821367633278,0.012098656564106565,0.054043257939219935,0.033036505559244346,0.011324019858975897,0.011776460046861136,0.17849064739722048,0.19930821367633278
0.0,0.0,0.0,0.0,0.04150474406604401,0.2917725009115096,0.16679185098331045,0.0,0.0,0.0,0.0,0.04150474406604401,0.2917725009115096,0.16679185098331045
0.010107055738623052,0.0317554406226683,0.034029931317737176,0.03328164234390156,0.03225631755241212,0.1791520418750586,0.17978338802826388,0.010107055738623052,0.0317554406226683,0.034029931317737176,0.03328164234390156,0.03225631755241212,0.1791520418750586,0.17978338802826388
0.04247838225705414,0.12561447250729518,0.00023784191108341832,0.0,0.00023329360065410277,0.16608591576473594,0.1655312116819967,0.04247838225705414,0.12561447250729518,0.00023784191108341832,0.0,0.00023329360065410277,0.16608591576473594,0.1655312116819967
0.009877704223917464,0.053133397750899876,0.011059746506184315,0.011388493226789384,0.010563766445779851,0.1816617400767998,0.22241493139148313,0.009877704223917464,0.053133397750899876,0.011059746506184315,0.011388493226789384,0.010563766445779851,0.1816617400767998,0.22241493139148313
0.0,0.0,0.0,0.08342482270839277,0.0000931985958577507,0.249992710838924,0.1665501248563985,0.0,0.0,0.0,0.08342482270839277,0.0000931985958577507,0.249992710838924,0.1665501248563985
0.010529987087966467,0.05283920614422578,0.011016140053416635,0.034457352543327616,0.03427296813594129,0.17869174603200771,0.17854274388575814,0.010529987087966467,0.05283920614422578,0.011016140053416635,0.034457352543327616,0.03427296813594129,0.17869174603200771,0.17854274388575814
0.0,0.0,0.0,0.0,0.0,0.2916798094856622,0.20833270051768216,0.0,0.0,0.0,0.0,0.0,0.2916798094856622,0.20833270051768216
0.040632439525957555,0.000731018346498658,0.0817734367224128,0.0,0.04464787720536699,0.16643120872470837,0.16596804687708377,0.040632439525957555,0.000731018346498658,0.0817734367224128,0.0,0.04464787720536699,0.16643120872470837,0.16596804687708377
0.03372010026556808,0.032716972526572956,0.011239792950946683,0.011260423465005,0.05235410236800574,0.1792116478855654,0.179722446422123,0.03372010026556808,0.032716972526572956,0.011239792950946683,0.011260423465005,0.05235410236800574,0.1792116478855654,0.179722446422123
0.05337587312885654,0.013041239011598394,0.010557070608552805,0.013146181744012941,0.011993591846497405,0.2195725184519841,0.17837679607273452,0.05337587312885654,0.013041239011598394,0.010557070608552805,0.013146181744012941,0.011993591846497405,0.2195725184519841,0.17837679607273452
0.08387687124043172,0.00021398017558777125,0.04053043638232699,0.0,0.04209578624280709,0.16661956494348712,0.16692430483178072,0.08387687124043172,0.00021398017558777125,0.04053043638232699,0.0,0.04209578624280709,0.16661956494348712,0.16692430483178072
0.00011488727704241103,0.00015342770022089234,0.041660040216438494,0.041586629259141854,0.0,0.2497892202252942,0.166767439794883,0.00011488727704241103,0.00015342770022089234,0.041660040216438494,0.041586629259141854,0.0,0.2497892202252942,0.166767439794883
