f_1,f_2,f_3,f_4,f_5,f_6,f_7,f_1_min,f_2_min,f_3_min,f_4_min,f_5_min,f_6_min,f_7_min
0.056377607228694615,0.6214797860602248,0.0,5.900050323918589e-6,0.45465460297068305,0.45315080666692426,0.4527385932556467,0.056377607228694615,0.6214797860602248,0.0,5.900050323918589e-6,0.45465460297068305,0.45315080666692426,0.4527385932556467
0.015655612555025154,0.48135937871545054,0.07485981319670422,0.016013682723362215,0.5132963218332875,0.5132247971372784,0.48632753507257337,0.015655612555025154,0.48135937871545054,0.07485981319670422,0.016013682723362215,0.5132963218332875,0.5132247971372784,0.48632753507257337
0.057751439587072,0.4684918509808993,0.05906240814993482,5.324025605191919e-8,0.46861692279835965,0.4663056197916058,0.5813153449951375,0.057751439587072,0.4684918509808993,0.05906240814993482,5.324025605191919e-8,0.46861692279835965,0.4663056197916058,0.5813153449951375
0.057685877946219245,0.5256619298059433,0.062342180592838393,0.00001273948540126281,0.46869723948433023,0.5269240855299571,0.4687371734973703,0.057685877946219245,0.5256619298059433,0.062342180592838393,0.00001273948540126281,0.46869723948433023,0.5269240855299571,0.4687371734973703
3.240436828353271e-17,0.5292034945274652,0.06030755190194266,0.05843887814417928,0.46725393375763885,0.5252526269738117,0.4691084993981428,3.240436828353271e-17,0.5292034945274652,0.06030755190194266,0.05843887814417928,0.46725393375763885,0.5252526269738117,0.4691084993981428
2.970355571536815e-17,0.48509587802865156,1.9427024950442709e-90,0.2414088768254771,0.48795848124431224,0.48235223307892033,0.48639224589592045,2.970355571536815e-17,0.48509587802865156,1.9427024950442709e-90,0.2414088768254771,0.48795848124431224,0.48235223307892033,0.48639224589592045
3.210098008154123e-17,0.5242487891838069,2.3443377975247254e-108,0.11529300172614983,0.5226710761585737,0.4701218947508523,0.4691179964439691,3.210098008154123e-17,0.5242487891838069,2.3443377975247254e-108,0.11529300172614983,0.5226710761585737,0.4701218947508523,0.4691179964439691
2.954836010349708e-17,0.4825613413446195,0.06009016105089664,0.12071721804286956,0.4827972676200145,0.5443748549251894,0.4844789568263711,2.954836010349708e-17,0.4825613413446195,0.06009016105089664,0.12071721804286956,0.4827972676200145,0.5443748549251894,0.4844789568263711
0.060992012291175984,0.4501210552982367,8.454454849512696e-7,3.4689806e-317,0.4521727165888404,0.6205416933455545,0.45367254205702984,0.060992012291175984,0.4501210552982367,8.454454849512696e-7,3.4689806e-317,0.4521727165888404,0.6205416933455545,0.45367254205702984
3.1363541176252035e-17,0.5122054979131706,0.00016574732907279722,0.060821409063327975,0.5130625017525186,0.45679861798163574,0.5137847149189749,3.1363541176252035e-17,0.5122054979131706,0.00016574732907279722,0.060821409063327975,0.5130625017525186,0.45679861798163574,0.5137847149189749
0.058703361670718816,0.4682402298958708,1.1159556284877198e-9,0.05501798041045594,0.4701306678449403,0.5278041359240019,0.5278032749812965,0.058703361670718816,0.4682402298958708,1.1159556284877198e-9,0.05501798041045594,0.4701306678449403,0.5278041359240019,0.5278032749812965
1.0005078322773897,0.0,0.0,0.0,0.0,0.0,0.0,1.0005078322773897,0.0,0.0,0.0,0.0,0.0,0.0
2.8608075581336875e-17,0.46720532975311635,0.05874626450889373,0.05826296530747205,0.46952316890053636,0.5829080853767193,0.46985045911649026,2.8608075581336875e-17,0.46720532975311635,0.05874626450889373,0.05826296530747205,0.46952316890053636,0.5829080853767193,0.46985045911649026
0.014897082363453523,0.4829451218593502,0.07339584125087283,0.012831598787213567,0.48035907950385814,0.5120341357858585,0.5205180320789162,0.014897082363453523,0.4829451218593502,0.07339584125087283,0.012831598787213567,0.48035907950385814,0.5120341357858585,0.5205180320789162
0.06396303913064971,0.5269728351720248,4.675722493642821e-139,0.05900244891527619,0.46961836027701376,0.46978476140111464,0.5255264354710889,0.06396303913064971,0.5269728351720248,4.675722493642821e-139,0.05900244891527619,0.46961836027701376,0.46978476140111464,0.5255264354710889
0.01796687098231766,0.5429482111443109,0.015429858998406527,0.07428631831010754,0.4813114935768242,0.4821566615056986,0.4852564371211887,0.01796687098231766,0.5429482111443109,0.015429858998406527,0.07428631831010754,0.4813114935768242,0.4821566615056986,0.4852564371211887
0.013170448727256336,0.4935161983303979,0.016309819753900136,0.10761733378153468,0.49106931118902775,0.49237060262266097,0.511947914416662,0.013170448727256336,0.4935161983303979,0.016309819753900136,0.10761733378153468,0.49106931118902775,0.49237060262266097,0.511947914416662
0.11050118038563563,0.47855925188802234,0.0616934092782394,2.6069024145626983e-92,0.5397998355491147,0.4824888678854869,0.4808090098079094,0.11050118038563563,0.47855925188802234,0.0616934092782394,2.6069024145626983e-92,0.5397998355491147,0.4824888678854869,0.4808090098079094
2.7541374748365314e-17,0.4497847831316048,0.05608164306618627,0.0,0.6201183738211118,0.45130381733041114,0.4543748659557737,2.7541374748365314e-17,0.4497847831316048,0.05608164306618627,0.0,0.6201183738211118,0.45130381733041114,0.4543748659557737
0.014520826532544317,0.5293888148647458,0.016554749661481967,0.015131268694326617,0.498646394373336,0.4712610492542227,0.5007410851089946,0.014520826532544317,0.5293888148647458,0.016554749661481967,0.015131268694326617,0.498646394373336,0.4712610492542227,0.5007410851089946
2.7252908297127387e-17,0.4450737684710714,1.6343594719264514e-132,2.6355109732055182e-89,0.5561424095067686,0.5002190139949565,0.5004594577293124,2.7252908297127387e-17,0.4450737684710714,1.6343594719264514e-132,2.6355109732055182e-89,0.5561424095067686,0.5002190139949565,0.5004594577293124
0.07290021695430855,0.48363941908039687,0.014372767954923425,0.01677236003477079,0.5421547396939483,0.4832621854538187,0.483759574473506,0.07290021695430855,0.48363941908039687,0.014372767954923425,0.01677236003477079,0.5421547396939483,0.4832621854538187,0.483759574473506
3.1391542156079525e-17,0.5126627886168573,4.857311412514587e-14,0.05216250360064771,0.45734251429741374,0.569368330126279,0.45685763107779814,3.1391542156079525e-17,0.5126627886168573,4.857311412514587e-14,0.05216250360064771,0.45734251429741374,0.569368330126279,0.45685763107779814
3.193422058028495e-17,0.5215253998543711,0.1150718195764927,0.0,0.5233363638817736,0.46932161243266424,0.4709201625271364,3.193422058028495e-17,0.5215253998543711,0.1150718195764927,0.0,0.5233363638817736,0.46932161243266424,0.4709201625271364
0.05677115474781099,0.455062407190186,1.0053711446364373e-181,9.391476560861804e-12,0.6188337259143931,0.4520573691858542,0.45076554400393865,0.05677115474781099,0.455062407190186,1.0053711446364373e-181,9.391476560861804e-12,0.6188337259143931,0.4520573691858542,0.45076554400393865
0.04399384929785587,0.47834493308259446,0.009385260156564604,0.017128110897461076,0.47740088556025745,0.476952618468315,0.5611984083711717,0.04399384929785587,0.47834493308259446,0.009385260156564604,0.017128110897461076,0.47740088556025745,0.476952618468315,0.5611984083711717
0.0005998916481063898,0.4808561399214239,0.11925671899702919,0.05715954436086118,0.48000448741684487,0.5438742295945992,0.478734743993766,0.0005998916481063898,0.4808561399214239,0.11925671899702919,0.05715954436086118,0.48000448741684487,0.5438742295945992,0.478734743993766
0.07466644909725527,0.4901924707111896,0.04699064798769513,0.017055878280337455,0.4939017903409064,0.49077931221233395,0.5197251694762335,0.07466644909725527,0.4901924707111896,0.04699064798769513,0.017055878280337455,0.4939017903409064,0.49077931221233395,0.5197251694762335
2.938347928183589e-17,0.47986863318131906,0.0012447655240383872,0.1801177820608326,0.5384715463475107,0.47764833531815176,0.48131156285097737,2.938347928183589e-17,0.47986863318131906,0.0012447655240383872,0.1801177820608326,0.5384715463475107,0.47764833531815176,0.48131156285097737
0.01629175779438332,0.5056321559642681,0.01677760454823629,0.04442117259950269,0.47914218070808845,0.5065297945759047,0.5076943395736935,0.01629175779438332,0.5056321559642681,0.01677760454823629,0.04442117259950269,0.47914218070808845,0.5065297945759047,0.5076943395736935
2.7979692549170674e-17,0.45694305604932334,0.05732552857423124,4.224168231421997e-38,0.5661658420792516,0.4559897817978402,0.5112484675004699,2.7979692549170674e-17,0.45694305604932334,0.05732552857423124,4.224168231421997e-38,0.5661658420792516,0.4559897817978402,0.5112484675004699
0.07471692488073339,0.5131684775950311,0.01654812042403005,0.01404769157105442,0.48428442871278204,0.5115374140402718,0.4856819164980573,0.07471692488073339,0.5131684775950311,0.01654812042403005,0.01404769157105442,0.48428442871278204,0.5115374140402718,0.4856819164980573
0.015959257419807915,0.4693695393830052,0.015091626726231225,0.015807236316207333,0.5567985132322634,0.4697579850698637,0.49902682964288647,0.015959257419807915,0.4693695393830052,0.015091626726231225,0.015807236316207333,0.5567985132322634,0.4697579850698637,0.49902682964288647
2.7710039713121897e-17,0.45253929104154283,7.202074157408456e-208,0.05604713288998672,0.6255770520972473,0.46029274137276366,0.4421407550467136,2.7710039713121897e-17,0.45253929104154283,7.202074157408456e-208,0.05604713288998672,0.6255770520972473,0.46029274137276366,0.4421407550467136
0.01592752833164622,0.4998748179563594,0.015009578005488203,0.01575161247462505,0.4993387477143607,0.5003241421272547,0.5011991313509655,0.01592752833164622,0.4998748179563594,0.015009578005488203,0.01575161247462505,0.4993387477143607,0.5003241421272547,0.5011991313509655
0.0003055113665075723,0.5111733992795379,1.4845280760875415e-118,0.059027710415217836,0.4550039809124333,0.5149339381513078,0.5132453366363491,0.0003055113665075723,0.5111733992795379,1.4845280760875415e-118,0.059027710415217836,0.4550039809124333,0.5149339381513078,0.5132453366363491
0.016320102439209287,0.5367158298844315,0.045053506708572624,0.014204436923419286,0.5044159440172415,0.4803939379100826,0.4788992124122547,0.016320102439209287,0.5367158298844315,0.045053506708572624,0.014204436923419286,0.5044159440172415,0.4803939379100826,0.4788992124122547
0.046002824034520474,0.4941119399390005,0.1068037416007188,0.015145489406243951,0.500967275401242,0.49763999704824396,0.49665267368711324,0.046002824034520474,0.4941119399390005,0.1068037416007188,0.015145489406243951,0.500967275401242,0.49763999704824396,0.49665267368711324
0.015641126409504144,0.5024215937460931,0.01571348046162044,0.01303522450223769,0.5266647513692626,0.47060877565794357,0.4989242831399528,0.015641126409504144,0.5024215937460931,0.01571348046162044,0.01303522450223769,0.5266647513692626,0.47060877565794357,0.4989242831399528
0.05722843514950821,0.524372845230093,3.4142008045626807e-125,0.05938775452781739,0.527885208609023,0.4698732811412733,0.46820080457439534,0.05722843514950821,0.524372845230093,3.4142008045626807e-125,0.05938775452781739,0.527885208609023,0.4698732811412733,0.46820080457439534
0.00023972780701080756,0.46760771816242813,0.0625865123746382,0.06003519567867223,0.5272684928006213,0.46919081343069635,0.5267780954103297,0.00023972780701080756,0.46760771816242813,0.0625865123746382,0.06003519567867223,0.5272684928006213,0.46919081343069635,0.5267780954103297
3.2182302219219855e-17,0.5255768804789499,0.11689085489672897,6.187972235451381e-67,0.46711236574348597,0.5244792981244476,0.46823719637297334,3.2182302219219855e-17,0.5255768804789499,0.11689085489672897,6.187972235451381e-67,0.46711236574348597,0.5244792981244476,0.46823719637297334
0.04562625994194489,0.49297247514974757,0.04641481075859458,0.04669948527046132,0.5228852931444159,0.48725936274420456,0.4904621977593043,0.04562625994194489,0.49297247514974757,0.04641481075859458,0.04669948527046132,0.5228852931444159,0.48725936274420456,0.4904621977593043
3.0579482529852207e-17,0.4994008484918726,0.000012395581774374842,4.595113754240002e-132,0.5542242605062541,0.49910483928751426,0.44341186115033876,3.0579482529852207e-17,0.4994008484918726,0.000012395581774374842,4.595113754240002e-132,0.5542242605062541,0.49910483928751426,0.44341186115033876
0.017153004594047026,0.4871059906462274,0.1075290405550884,0.016744364349556187,0.4917227134728518,0.5192131062471753,0.492146256530662,0.017153004594047026,0.4871059906462274,0.1075290405550884,0.016744364349556187,0.4917227134728518,0.5192131062471753,0.492146256530662
0.11622356658794998,0.468086491137425,4.403271342118696e-73,0.0004312355649391786,0.4698531677584624,0.527087770044971,0.5291577160002411,0.11622356658794998,0.468086491137425,4.403271342118696e-73,0.0004312355649391786,0.4698531677584624,0.527087770044971,0.5291577160002411
0.015195425876231404,0.49191572854279564,0.04790752346378955,0.075399276923962,0.4952760703446415,0.5164744168241053,0.4889645379929113,0.015195425876231404,0.49191572854279564,0.04790752346378955,0.075399276923962,0.4952760703446415,0.5164744168241053,0.4889645379929113
2.875729829741637e-17,0.46964232164634445,0.1096487652695407,4.537688331612098e-67,0.5256014207993752,0.5244112972921429,0.46749845032678267,2.875729829741637e-17,0.46964232164634445,0.1096487652695407,4.537688331612098e-67,0.5256014207993752,0.5244112972921429,0.46749845032678267
0.1149683687028226,0.46658348893387197,6.590203010377298e-11,1.9829922801379623e-11,0.5249068360630961,0.5245658274491241,0.46886577240957455,0.1149683687028226,0.46658348893387197,6.590203010377298e-11,1.9829922801379623e-11,0.5249068360630961,0.5245658274491241,0.46886577240957455
0.044381422026541315,0.48390946913713945,0.04603726988001984,0.016654243285635504,0.48382109487047165,0.5434240254848328,0.4851693504250693,0.044381422026541315,0.48390946913713945,0.04603726988001984,0.016654243285635504,0.48382109487047165,0.5434240254848328,0.4851693504250693
0.014752900209312678,0.47145162832740056,0.016312911243541648,0.015426880233708288,0.4988816712790369,0.47026923150158023,0.5561884345094192,0.014752900209312678,0.47145162832740056,0.016312911243541648,0.015426880233708288,0.4988816712790369,0.47026923150158023,0.5561884345094192
0.10494823943786881,0.5179197005173679,0.017139336667255325,0.01630747372655943,0.4929208136357965,0.49077423409278714,0.48803002908474363,0.10494823943786881,0.5179197005173679,0.017139336667255325,0.01630747372655943,0.4929208136357965,0.49077423409278714,0.48803002908474363
0.04586813518186105,0.491741494857268,0.016189787032190477,0.07495507799789133,0.5200219932579319,0.4933134768809974,0.4880482223068815,0.04586813518186105,0.491741494857268,0.016189787032190477,0.07495507799789133,0.5200219932579319,0.4933134768809974,0.4880482223068815
2.719712093117191e-17,0.4441626916447682,1.4789375261311097e-71,9.288427690534284e-120,0.4996074047708417,0.5548668158003479,0.49941955394128645,2.719712093117191e-17,0.4441626916447682,1.4789375261311097e-71,9.288427690534284e-120,0.4996074047708417,0.5548668158003479,0.49941955394128645
0.05790312381742184,0.4659037360867857,2.2636012196465522e-14,0.057155221453889196,0.46569046027338606,0.5818798400602864,0.47301211031496654,0.05790312381742184,0.4659037360867857,2.2636012196465522e-14,0.057155221453889196,0.46569046027338606,0.5818798400602864,0.47301211031496654
0.01572598753416443,0.49513231363948296,0.07778773752620889,0.07596603051543337,0.5005296521445465,0.497226360624176,0.4960713104732129,0.01572598753416443,0.49513231363948296,0.07778773752620889,0.07596603051543337,0.5005296521445465,0.497226360624176,0.4960713104732129
2.95733514964186e-17,0.4829694817641907,0.05967584293599332,0.11794666065798637,0.48479702656694323,0.47666670432025127,0.5368383197039573,2.95733514964186e-17,0.4829694817641907,0.05967584293599332,0.11794666065798637,0.48479702656694323,0.47666670432025127,0.5368383197039573
3.5633410144395893e-17,0.5819377500387093,2.213196239388042e-150,0.10142751302733513,0.46642731188101416,0.46726328276412166,0.46516926169384104,3.5633410144395893e-17,0.5819377500387093,2.213196239388042e-150,0.10142751302733513,0.46642731188101416,0.46726328276412166,0.46516926169384104
0.055956927589183324,0.468179465653068,0.059591974208646425,0.0,0.5269070723275535,0.4687041440914926,0.5279173009925487,0.055956927589183324,0.468179465653068,0.059591974208646425,0.0,0.5269070723275535,0.4687041440914926,0.5279173009925487
0.01653583114295621,0.4801885109379195,0.04690159129546452,0.016216903651361882,0.5056839657750578,0.47681874917627354,0.5352185461808623,0.01653583114295621,0.4801885109379195,0.04690159129546452,0.016216903651361882,0.5056839657750578,0.47681874917627354,0.5352185461808623
0.015450912858607944,0.4617454000266666,0.05377069816663178,0.015601085088889388,0.46291180785471875,0.5819951498853885,0.4808320371735531,0.015450912858607944,0.4617454000266666,0.05377069816663178,0.015601085088889388,0.46291180785471875,0.5819951498853885,0.4808320371735531
0.0451360202006792,0.48392598502857165,0.017131607315429793,0.045034291745086524,0.4847145821007668,0.542905800059383,0.48288901339303175,0.0451360202006792,0.48392598502857165,0.017131607315429793,0.045034291745086524,0.4847145821007668,0.542905800059383,0.48288901339303175
0.016215405270579523,0.5364847547900216,0.043220702518752784,0.0183032616945997,0.47742182956056956,0.4768118294747472,0.50595614874669,0.016215405270579523,0.5364847547900216,0.043220702518752784,0.0183032616945997,0.47742182956056956,0.4768118294747472,0.50595614874669
0.05872033463206539,0.4603151073277938,6.362442951757262e-160,1.676049900906131e-18,0.5155190492303414,0.5196812473553858,0.5177281987622249,0.05872033463206539,0.4603151073277938,6.362442951757262e-160,1.676049900906131e-18,0.5155190492303414,0.5196812473553858,0.5177281987622249
0.05529201283078093,0.5394717980854581,0.0,0.11935213464851413,0.48188187445414127,0.47860624732009166,0.4807245729940099,0.05529201283078093,0.5394717980854581,0.0,0.11935213464851413,0.48188187445414127,0.47860624732009166,0.4807245729940099
0.014558236652779404,0.4799259216613127,0.04410964826901535,0.015206314256519788,0.5077937382150362,0.5385082408774321,0.4811096790451048,0.014558236652779404,0.4799259216613127,0.04410964826901535,0.015206314256519788,0.5077937382150362,0.5385082408774321,0.4811096790451048
3.22715361668464e-17,0.5270341814360696,0.058580312262454595,0.05745878896829049,0.46677839677256555,0.47057462094534824,0.5263506716416629,3.22715361668464e-17,0.5270341814360696,0.058580312262454595,0.05745878896829049,0.46677839677256555,0.47057462094534824,0.5263506716416629
0.05497733935622034,0.5715697655555434,2.221828913453233e-185,4.713589328192473e-148,0.45770325980080345,0.4590391200141169,0.5148532475054194,0.05497733935622034,0.5715697655555434,2.221828913453233e-185,4.713589328192473e-148,0.45770325980080345,0.4590391200141169,0.5148532475054194
0.04480297310680339,0.4780879559971115,0.015863504398214042,0.015264892964850809,0.504395939135836,0.5350463904560158,0.47838888849411404,0.04480297310680339,0.4780879559971115,0.015863504398214042,0.015264892964850809,0.504395939135836,0.5350463904560158,0.47838888849411404
0.00028658866077628704,0.606421569656922,6.812859903573281e-163,4.627759233778844e-8,0.441262843507009,0.44222458709146106,0.49803869482650476,0.00028658866077628704,0.606421569656922,6.812859903573281e-163,4.627759233778844e-8,0.441262843507009,0.44222458709146106,0.49803869482650476
0.016127173660908285,0.5082434766946547,0.046376250622388177,0.01401226344564702,0.47892070454826513,0.534075649726097,0.4787936465113543,0.016127173660908285,0.5082434766946547,0.046376250622388177,0.01401226344564702,0.47892070454826513,0.534075649726097,0.4787936465113543
2.841317765398848e-17,0.464022405052148,0.0,0.11700629407453815,0.5209852289144081,0.4679548865546906,0.5303819295459885,2.841317765398848e-17,0.464022405052148,0.0,0.11700629407453815,0.5209852289144081,0.4679548865546906,0.5303819295459885
0.0005859294560813354,0.4910708342693958,0.056495857654208656,0.18345102102640987,0.4914870385292087,0.49139442426298374,0.49151967919054773,0.0005859294560813354,0.4910708342693958,0.056495857654208656,0.18345102102640987,0.4914870385292087,0.49139442426298374,0.49151967919054773
0.0174194904581585,0.508106223978515,0.016938675240210647,0.04757558945244496,0.507172829550396,0.47683906879027416,0.5047711797265274,0.0174194904581585,0.508106223978515,0.016938675240210647,0.04757558945244496,0.507172829550396,0.47683906879027416,0.5047711797265274
0.045805621138025526,0.5127604360731303,0.042877922867972,0.0167215611182495,0.5134879552300519,0.4862686517528891,0.4844444435704192,0.045805621138025526,0.5127604360731303,0.042877922867972,0.0167215611182495,0.5134879552300519,0.4862686517528891,0.4844444435704192
0.016446021403898902,0.4795129762230332,0.01599955235515844,0.04489837908463702,0.535653980721643,0.4773679197623074,0.5057570159104308,0.016446021403898902,0.4795129762230332,0.01599955235515844,0.04489837908463702,0.535653980721643,0.4773679197623074,0.5057570159104308
2.6756833534999993e-17,0.43697225279368945,1.2168795319111407e-97,1.311738808502795e-88,0.43845171802949473,0.4357889903930751,0.6540627186760207,2.6756833534999993e-17,0.43697225279368945,1.2168795319111407e-97,1.311738808502795e-88,0.43845171802949473,0.4357889903930751,0.6540627186760207
3.725001927236876e-17,0.6083389806481947,0.0,1.8038878603367937e-9,0.4940085395647234,0.44251628279080596,0.44247397788918746,3.725001927236876e-17,0.6083389806481947,0.0,1.8038878603367937e-9,0.4940085395647234,0.44251628279080596,0.44247397788918746
0.056257176118948996,0.5135495973571499,2.6671463732704607e-94,4.8419398134115504e-11,0.4557336675650614,0.512960697954566,0.512944077567503,0.056257176118948996,0.5135495973571499,2.6671463732704607e-94,4.8419398134115504e-11,0.4557336675650614,0.512960697954566,0.512944077567503
0.10250579053597751,0.49230884034505024,0.01616873971369325,0.014623812118866573,0.5192181279745046,0.490604741548123,0.4906083318912594,0.10250579053597751,0.49230884034505024,0.01616873971369325,0.014623812118866573,0.5192181279745046,0.490604741548123,0.4906083318912594
0.04751609432852299,0.4900231727692053,0.06866140220089047,0.01696508327833149,0.49258286925253375,0.5224040715294674,0.48844932505760796,0.04751609432852299,0.4900231727692053,0.06866140220089047,0.01696508327833149,0.49258286925253375,0.5224040715294674,0.48844932505760796
0.24260023708565337,0.4869119257986442,1.4411040892597146e-8,2.9338104209890443e-131,0.48682842805317905,0.4888463229712384,0.48710486795269803,0.24260023708565337,0.4869119257986442,1.4411040892597146e-8,2.9338104209890443e-131,0.48682842805317905,0.4888463229712384,0.48710486795269803
3.145293710315337e-17,0.5136654441925971,0.05695532932840483,2.95091e-318,0.5124190404212569,0.5137053143869158,0.4553621464288822,3.145293710315337e-17,0.5136654441925971,0.05695532932840483,2.95091e-318,0.5124190404212569,0.5137053143869158,0.4553621464288822
0.0437785304042862,0.4849572286203821,0.04613094876539916,0.01668813215332684,0.5419172312083663,0.4846576408098471,0.48727248979255344,0.0437785304042862,0.4849572286203821,0.04613094876539916,0.01668813215332684,0.5419172312083663,0.4846576408098471,0.48727248979255344
0.015689742303457124,0.474415134180235,0.014838454957881244,0.014407481736732957,0.5003774231807979,0.5259497402660971,0.5026647808877396,0.015689742303457124,0.474415134180235,0.014838454957881244,0.014407481736732957,0.5003774231807979,0.5259497402660971,0.5026647808877396
0.014953843200836607,0.514906479903778,0.01698095040824668,0.07515483507388286,0.48400985473076763,0.4851542729900153,0.5125646133703984,0.014953843200836607,0.514906479903778,0.01698095040824668,0.07515483507388286,0.48400985473076763,0.4851542729900153,0.5125646133703984
3.549850813643641e-17,0.5797346330574963,0.11447963335361482,0.0,0.4650456519112886,0.46959808794647534,0.46496867066712455,3.549850813643641e-17,0.5797346330574963,0.11447963335361482,0.0,0.4650456519112886,0.46959808794647534,0.46496867066712455
0.04641014609073359,0.5088548464848537,0.016083322302462063,0.014794652448181886,0.48164907523609646,0.5292373859656722,0.47726274332374047,0.04641014609073359,0.5088548464848537,0.016083322302462063,0.014794652448181886,0.48164907523609646,0.5292373859656722,0.47726274332374047
0.0037087536297034907,0.5810368537378041,0.06247084455305977,0.06421859494355152,0.46569042022259655,0.4686851824534673,0.4686133808257695,0.0037087536297034907,0.5810368537378041,0.06247084455305977,0.06421859494355152,0.46569042022259655,0.4686851824534673,0.4686133808257695
0.059902210434831786,0.4790087575900048,0.1182397568357809,6.98850210684587e-8,0.48152085103521,0.5406308287690499,0.4802262711265155,0.059902210434831786,0.4790087575900048,0.1182397568357809,6.98850210684587e-8,0.48152085103521,0.5406308287690499,0.4802262711265155
2.9882621092630656e-17,0.4880202375645958,0.24422755618146608,1.3796006701332142e-108,0.482227009716886,0.4820652955426246,0.48891287979162573,2.9882621092630656e-17,0.4880202375645958,0.24422755618146608,1.3796006701332142e-108,0.482227009716886,0.4820652955426246,0.48891287979162573
0.057577043327303255,0.5116642496603558,8.009920235388547e-8,3.9837152318289033e-10,0.4549898937564701,0.4540646615294542,0.5687487111467393,0.057577043327303255,0.5116642496603558,8.009920235388547e-8,3.9837152318289033e-10,0.4549898937564701,0.4540646615294542,0.5687487111467393
3.218240023391381e-17,0.5255784811803771,0.00016233809245972308,0.11711797299860366,0.46567238881557954,0.5243869746762497,0.46947457576740215,3.218240023391381e-17,0.5255784811803771,0.00016233809245972308,0.11711797299860366,0.46567238881557954,0.5243869746762497,0.46947457576740215
0.05794947711063706,0.5106713237174743,1.4280370379428966e-13,3.4476954948436125e-119,0.5701970001150416,0.455518014767618,0.4556863108411006,0.05794947711063706,0.5106713237174743,1.4280370379428966e-13,3.4476954948436125e-119,0.5701970001150416,0.455518014767618,0.4556863108411006
0.17687620087618924,0.5360877031803762,2.4562232608315862e-9,1.259549331316051e-66,0.47594421770393874,0.4757850190359554,0.4783256607729421,0.17687620087618924,0.5360877031803762,2.4562232608315862e-9,1.259549331316051e-66,0.47594421770393874,0.4757850190359554,0.4783256607729421
0.015804870114209203,0.49051455551430756,0.01679750785876835,0.10365130380900764,0.5196514185153152,0.48993707337030473,0.4895268812814935,0.015804870114209203,0.49051455551430756,0.01679750785876835,0.10365130380900764,0.5196514185153152,0.48993707337030473,0.4895268812814935
0.013746745871641326,0.48042329260153094,0.04329464265367249,0.015067372155607847,0.47710396673306643,0.5312444950187727,0.5078709654938303,0.013746745871641326,0.48042329260153094,0.04329464265367249,0.015067372155607847,0.47710396673306643,0.5312444950187727,0.5078709654938303
0.07509862216715507,0.4970158103111113,0.016862640720706965,0.07614547403852949,0.4995921411998825,0.4975096976154372,0.49584734990908275,0.07509862216715507,0.4970158103111113,0.016862640720706965,0.07614547403852949,0.4995921411998825,0.4975096976154372,0.49584734990908275
0.12847389711052964,0.5019706305950555,0.019314858808682462,0.018216111006521984,0.4950160235788079,0.4927621012256293,0.4935802990221135,0.12847389711052964,0.5019706305950555,0.019314858808682462,0.018216111006521984,0.4950160235788079,0.4927621012256293,0.4935802990221135
0.047258814975380446,0.5045641375615659,0.008255870470132863,0.04685847118966462,0.49533039788861577,0.4851555210319073,0.5144450906464759,0.047258814975380446,0.5045641375615659,0.008255870470132863,0.04685847118966462,0.49533039788861577,0.4851555210319073,0.5144450906464759
3.3873682521698555e-17,0.5531992170360096,0.0002567540864220063,3.746156251447419e-62,0.44343301649590755,0.49891129161467834,0.4988785756746727,3.3873682521698555e-17,0.5531992170360096,0.0002567540864220063,3.746156251447419e-62,0.44343301649590755,0.49891129161467834,0.4988785756746727
0.01588052282333006,0.5025666522757014,0.01579389585783449,0.017197473609931974,0.49765695006769395,0.5273952105100748,0.4706701545344045,0.01588052282333006,0.5025666522757014,0.01579389585783449,0.017197473609931974,0.49765695006769395,0.5273952105100748,0.4706701545344045
0.04755975475518852,0.5372264466473464,0.016020323677296895,0.01814134030049032,0.47827121258943295,0.4772367827240532,0.5059259117098028,0.04755975475518852,0.5372264466473464,0.016020323677296895,0.01814134030049032,0.47827121258943295,0.4772367827240532,0.5059259117098028
2.7024585870223338e-17,0.4413449802675989,2.2008021270003734e-159,6.19210803407667e-10,0.44066386887898024,0.6063817353804981,0.4976793957511901,2.7024585870223338e-17,0.4413449802675989,2.2008021270003734e-159,6.19210803407667e-10,0.44066386887898024,0.6063817353804981,0.4976793957511901
0.12168196349319209,0.5439012099310669,2.024446206439634e-11,0.0519617506779171,0.48026929045400424,0.47878112681959434,0.4810925203896628,0.12168196349319209,0.5439012099310669,2.024446206439634e-11,0.0519617506779171,0.48026929045400424,0.47878112681959434,0.4810925203896628
0.043360676288287985,0.4850776820811609,0.04558795291437405,0.016689629748502233,0.4847065043812177,0.48487966062424154,0.5435764257936306,0.043360676288287985,0.4850776820811609,0.04558795291437405,0.016689629748502233,0.4847065043812177,0.48487966062424154,0.5435764257936306
0.016794549356571604,0.5569308900370764,0.015776192842211604,0.04938352889701144,0.4818355228595105,0.4755855498174068,0.47830002087036666,0.016794549356571604,0.5569308900370764,0.015776192842211604,0.04938352889701144,0.4818355228595105,0.4755855498174068,0.47830002087036666
0.060877450723542,0.47691308418884726,0.0002796989263206783,0.11912903833948373,0.4753054269708083,0.5465838699713043,0.4809186500434483,0.060877450723542,0.47691308418884726,0.0002796989263206783,0.11912903833948373,0.4753054269708083,0.5465838699713043,0.4809186500434483
0.014945864202278017,0.4709088195120439,0.015457518716619606,0.015198199565274614,0.5551172638930805,0.49761227813260533,0.4718324836939879,0.014945864202278017,0.4709088195120439,0.015457518716619606,0.015198199565274614,0.5551172638930805,0.49761227813260533,0.4718324836939879
2.7826192545672324e-17,0.4544362107514755,0.05711944025896421,3.228427938638167e-36,0.4555051494854178,0.5110127129973974,0.5684700805267343,2.7826192545672324e-17,0.4544362107514755,0.05711944025896421,3.228427938638167e-36,0.4555051494854178,0.5110127129973974,0.5684700805267343
3.066894395736809e-17,0.500861864477513,4.403712083455838e-163,6.751880541054162e-53,0.5013066953927209,0.4988684829015575,0.500828559844416,3.066894395736809e-17,0.500861864477513,4.403712083455838e-163,6.751880541054162e-53,0.5013066953927209,0.4988684829015575,0.500828559844416
0.015816059161296536,0.4983266038134886,0.016529115095840426,0.016100095117266046,0.5548274271315138,0.4700049761976107,0.47171986800283316,0.015816059161296536,0.4983266038134886,0.016529115095840426,0.016100095117266046,0.5548274271315138,0.4700049761976107,0.47171986800283316
0.014227977949329739,0.4840346901812086,0.017621603335366366,0.07470987050649079,0.48403898054829286,0.5422549623089705,0.48286481875569476,0.014227977949329739,0.4840346901812086,0.017621603335366366,0.07470987050649079,0.48403898054829286,0.5422549623089705,0.48286481875569476
3.149251256286691e-17,0.5143117604976917,0.057408448003334105,0.00008015395773225509,0.45645297126848816,0.5123096117657046,0.5138595221874205,3.149251256286691e-17,0.5143117604976917,0.057408448003334105,0.00008015395773225509,0.45645297126848816,0.5123096117657046,0.5138595221874205
0.07640029492701592,0.49401623750430096,0.07714798566055722,0.016426982475317372,0.49908099991905985,0.4993307310698652,0.4961422675671766,0.07640029492701592,0.49401623750430096,0.07714798566055722,0.016426982475317372,0.49908099991905985,0.4993307310698652,0.4961422675671766
2.780916032698614e-17,0.4541580535113955,6.863462628087563e-112,0.05941077121246575,0.568291437141452,0.5101182470968945,0.4554294365428158,2.780916032698614e-17,0.4541580535113955,6.863462628087563e-112,0.05941077121246575,0.568291437141452,0.5101182470968945,0.4554294365428158
0.01713893449390633,0.48510658561179765,0.04728730583389428,0.04581866947066265,0.5132047709144221,0.5155953521603552,0.4844130038031046,0.01713893449390633,0.48510658561179765,0.04728730583389428,0.04581866947066265,0.5132047709144221,0.5155953521603552,0.4844130038031046
5.040669698458449e-7,0.4811047812039773,0.11831369314570023,0.05892700925077861,0.48213533948240994,0.4832719697188292,0.5351700567602787,5.040669698458449e-7,0.4811047812039773,0.11831369314570023,0.05892700925077861,0.48213533948240994,0.4832719697188292,0.5351700567602787
0.06747170124489697,0.4952404721352505,0.18113537328744336,8.50288821106733e-11,0.49127651934292177,0.4904587248859849,0.489582885302075,0.06747170124489697,0.4952404721352505,0.18113537328744336,8.50288821106733e-11,0.49127651934292177,0.4904587248859849,0.489582885302075
3.478430791336579e-17,0.5680708582684245,9.896403618650466e-134,0.05687701147066445,0.45587407342105174,0.5116125493068066,0.45295670110099107,3.478430791336579e-17,0.5680708582684245,9.896403618650466e-134,0.05687701147066445,0.45587407342105174,0.5116125493068066,0.45295670110099107
0.00029562940021604173,0.4787105960196471,0.11870478669842058,0.05657489001751004,0.5422147887318401,0.48219078420153516,0.47813030188637184,0.00029562940021604173,0.4787105960196471,0.11870478669842058,0.05657489001751004,0.5422147887318401,0.48219078420153516,0.47813030188637184
0.016794160789953095,0.5524016026751603,0.016374183135240174,0.018572527667023747,0.4671651246248726,0.4697212575384439,0.5067229419562805,0.016794160789953095,0.5524016026751603,0.016374183135240174,0.018572527667023747,0.4671651246248726,0.4697212575384439,0.5067229419562805
6.123434608951945e-17,1.000032762624345,1.0754570681564611e-143,6.926694472150609e-56,1.4916637384665073e-114,8.86303540522647e-83,6.62688432237757e-30,6.123434608951945e-17,1.000032762624345,1.0754570681564611e-143,6.926694472150609e-56,1.4916637384665073e-114,8.86303540522647e-83,6.62688432237757e-30
0.00015579989341116978,0.5123741949228822,0.055585512467261455,1.836270446353591e-33,0.4544214468067637,0.45359828598142843,0.5680153044078855,0.00015579989341116978,0.5123741949228822,0.055585512467261455,1.836270446353591e-33,0.4544214468067637,0.45359828598142843,0.5680153044078855
0.11581790587179999,0.5790128076255178,1.4608716673425637e-205,8.010133279092359e-38,0.46540831542918587,0.4681935547700519,0.4654705909735192,0.11581790587179999,0.5790128076255178,1.4608716673425637e-205,8.010133279092359e-38,0.46540831542918587,0.4681935547700519,0.4654705909735192
0.11595771949291458,0.4654686343213867,0.00001178815087804059,5.746211746556618e-121,0.46629920553153087,0.5832784745699549,0.4635923070519588,0.11595771949291458,0.4654686343213867,0.00001178815087804059,5.746211746556618e-121,0.46629920553153087,0.5832784745699549,0.4635923070519588
0.05661495679831835,0.4697404564908692,0.05872117704436654,0.000027566102900292718,0.5269852344131342,0.5266208786297959,0.4690404132962088,0.05661495679831835,0.4697404564908692,0.05872117704436654,0.000027566102900292718,0.5269852344131342,0.5266208786297959,0.4690404132962088
0.06019732170186955,0.48270961778372734,0.056107974935000395,0.05720019928724589,0.5457224670405978,0.48307092188967193,0.4824152087580815,0.06019732170186955,0.48270961778372734,0.056107974935000395,0.05720019928724589,0.5457224670405978,0.48307092188967193,0.4824152087580815
0.003011378222199304,0.4684406626553883,0.05784862998778546,0.05187206720023273,0.5274116982883288,0.5276024428154301,0.4685015365509014,0.003011378222199304,0.4684406626553883,0.05784862998778546,0.05187206720023273,0.5274116982883288,0.5276024428154301,0.4685015365509014
0.017124546611538855,0.48612634577181074,0.016199051866198126,0.07529461868375327,0.5121071736356433,0.4843747567596807,0.5118111078872637,0.017124546611538855,0.48612634577181074,0.016199051866198126,0.07529461868375327,0.5121071736356433,0.4843747567596807,0.5118111078872637
3.306560276749672e-17,0.5400022731536681,2.052948632055073e-123,0.17374631844610663,0.4783415805042281,0.4780390807588954,0.47754890069542144,3.306560276749672e-17,0.5400022731536681,2.052948632055073e-123,0.17374631844610663,0.4783415805042281,0.4780390807588954,0.47754890069542144
0.01489402202687929,0.5123097600643328,0.04990069493464375,0.047411358940020125,0.48352093752385544,0.5140324286510302,0.48665535960022926,0.01489402202687929,0.5123097600643328,0.04990069493464375,0.047411358940020125,0.48352093752385544,0.5140324286510302,0.48665535960022926
3.381141317924151e-17,0.5521822814999775,0.0,8.646144636971836e-26,0.5009425735254619,0.4427490205947923,0.5002704717063696,3.381141317924151e-17,0.5521822814999775,0.0,8.646144636971836e-26,0.5009425735254619,0.4427490205947923,0.5002704717063696
0.059333990445028593,0.5700782252438077,3.427692927718364e-117,5.396227112321321e-172,0.5132587790380712,0.4562129372283679,0.45641325054770576,0.059333990445028593,0.5700782252438077,3.427692927718364e-117,5.396227112321321e-172,0.5132587790380712,0.4562129372283679,0.45641325054770576
0.00003072495180193684,0.4644436797248726,0.1168972777328461,6.093651954646113e-20,0.46628139462152196,0.46619963570681594,0.5820614070770845,0.00003072495180193684,0.4644436797248726,0.1168972777328461,6.093651954646113e-20,0.46628139462152196,0.46619963570681594,0.5820614070770845
1.9653129192013673e-7,0.500163787106961,7.313612640346077e-160,4.317049060745273e-14,0.44402663892432676,0.5551207841250325,0.49870054271708336,1.9653129192013673e-7,0.500163787106961,7.313612640346077e-160,4.317049060745273e-14,0.44402663892432676,0.5551207841250325,0.49870054271708336
3.0559494308539784e-17,0.4990744160653748,2.7302610478451124e-10,7.549347905060999e-11,0.49956990751825525,0.5541257874796301,0.44376144246089955,3.0559494308539784e-17,0.4990744160653748,2.7302610478451124e-10,7.549347905060999e-11,0.49956990751825525,0.5541257874796301,0.44376144246089955
0.05566993494649766,0.526778712653678,0.05989095923023881,2.6299898420121e-60,0.5266006263142216,0.46913815128467884,0.4684426340927385,0.05566993494649766,0.526778712653678,0.05989095923023881,2.6299898420121e-60,0.5266006263142216,0.46913815128467884,0.4684426340927385
0.01699052423255541,0.5134873175557203,0.016069060589921382,0.07705867303515207,0.5129744979550279,0.4824918264393561,0.4841304159868645,0.01699052423255541,0.5134873175557203,0.016069060589921382,0.07705867303515207,0.5129744979550279,0.4824918264393561,0.4841304159868645
0.07443071932200829,0.48367993609551224,0.016394822797425393,0.016700279321305467,0.48504748335254994,0.485950053040953,0.5407954769710978,0.07443071932200829,0.48367993609551224,0.016394822797425393,0.016700279321305467,0.48504748335254994,0.485950053040953,0.5407954769710978
0.17959777745005767,0.47886424461728405,9.238009522121207e-93,1.8433748167589065e-18,0.5343894748937121,0.47830469684279836,0.4789538396354606,0.17959777745005767,0.47886424461728405,9.238009522121207e-93,1.8433748167589065e-18,0.5343894748937121,0.47830469684279836,0.4789538396354606
0.016232016445080558,0.4871885574487029,0.044841392640995126,0.044479125880928325,0.48690732681963717,0.5089553679196811,0.5142102279134116,0.016232016445080558,0.4871885574487029,0.044841392640995126,0.044479125880928325,0.48690732681963717,0.5089553679196811,0.5142102279134116
3.0153514049588057e-17,0.4924442552837619,0.18482152942136956,0.05933250379184859,0.4918810490884927,0.49216779189338145,0.4894299356355736,3.0153514049588057e-17,0.4924442552837619,0.18482152942136956,0.05933250379184859,0.4918810490884927,0.49216779189338145,0.4894299356355736
3.120857674291019e-17,0.5096747366610326,3.2051999170712963e-108,0.06028835496212992,0.4538170893163508,0.4557349909174542,0.5691238141084654,3.120857674291019e-17,0.5096747366610326,3.2051999170712963e-108,0.06028835496212992,0.4538170893163508,0.4557349909174542,0.5691238141084654
0.05920180674083622,0.48902470824384275,1.4311580189933221e-11,0.10669736877753806,0.4872218821966732,0.482426728082286,0.5320266382390948,0.05920180674083622,0.48902470824384275,1.4311580189933221e-11,0.10669736877753806,0.4872218821966732,0.482426728082286,0.5320266382390948
2.767910216246467e-7,0.4417306477742393,8.618007800352068e-19,5.099408799522731e-36,0.49610684339315747,0.605036808443151,0.44052477903033266,2.767910216246467e-7,0.4417306477742393,8.618007800352068e-19,5.099408799522731e-36,0.49610684339315747,0.605036808443151,0.44052477903033266
1.464763608790808e-17,5.945832742018843e-17,1.0000595392181229,3.826380759659331e-68,0.0,1.6072587632074755e-85,2.449850054297745e-28,1.464763608790808e-17,5.945832742018843e-17,1.0000595392181229,3.826380759659331e-68,0.0,1.6072587632074755e-85,2.449850054297745e-28
2.843953584104561e-17,0.46445286691389415,0.000010861410418608004,0.11523788452799935,0.4651642418348466,0.46621638507696445,0.5819972815321716,2.843953584104561e-17,0.46445286691389415,0.000010861410418608004,0.11523788452799935,0.4651642418348466,0.46621638507696445,0.5819972815321716
0.016455900570559723,0.5359149408111704,0.015656896610552997,0.044775650388656524,0.4780858957956234,0.47608523350578374,0.5071021037438783,0.016455900570559723,0.5359149408111704,0.015656896610552997,0.044775650388656524,0.4780858957956234,0.47608523350578374,0.5071021037438783
0.0580383052094568,0.4549686043005895,3.9029846239296135e-162,2.5099003214811227e-20,0.5671839222445999,0.4564720460459213,0.5112300965864088,0.0580383052094568,0.4549686043005895,3.9029846239296135e-162,2.5099003214811227e-20,0.5671839222445999,0.4564720460459213,0.5112300965864088
0.00032303109108842716,0.49876654372374113,0.0,7.65737856368078e-6,0.44323496862146794,0.49902708475532864,0.5546758501233613,0.00032303109108842716,0.49876654372374113,0.0,7.65737856368078e-6,0.44323496862146794,0.49902708475532864,0.5546758501233613
0.04469264117817252,0.47627545051513187,0.015902151223757804,0.01340681725255863,0.47597857401979915,0.5634149725806616,0.4779810160462324,0.04469264117817252,0.47627545051513187,0.015902151223757804,0.01340681725255863,0.47597857401979915,0.5634149725806616,0.4779810160462324
0.0719073533571017,0.49348951174856365,0.04427750589124104,0.015662619183987755,0.5179959483535803,0.4891514319273485,0.4922620452178237,0.0719073533571017,0.49348951174856365,0.04427750589124104,0.015662619183987755,0.5179959483535803,0.4891514319273485,0.4922620452178237
2.924191708436402e-17,0.4775567470510416,4.924363558503405e-80,0.17822303797790318,0.4784961635977603,0.4776254044444283,0.5334737575268356,2.924191708436402e-17,0.4775567470510416,4.924363558503405e-80,0.17822303797790318,0.4784961635977603,0.4776254044444283,0.5334737575268356
1.7587882064646458e-8,0.4431653150123291,9.960901885595552e-160,2.875663315290744e-12,0.49890603547907486,0.49838980906705455,0.5540904609516796,1.7587882064646458e-8,0.4431653150123291,9.960901885595552e-160,2.875663315290744e-12,0.49890603547907486,0.49838980906705455,0.5540904609516796
0.01491823104371367,0.47787912374262526,0.013628460702313556,0.044309548479485594,0.505573576355867,0.5356238946996686,0.47688886472319103,0.01491823104371367,0.47787912374262526,0.013628460702313556,0.044309548479485594,0.505573576355867,0.5356238946996686,0.47688886472319103
0.0557470211976084,0.45571077575042074,2.967781747486165e-136,3.9582508445747964e-140,0.5112315471656602,0.5681594353219542,0.45541569630882434,0.0557470211976084,0.45571077575042074,2.967781747486165e-136,3.9582508445747964e-140,0.5112315471656602,0.5681594353219542,0.45541569630882434
2.8555989165627493e-17,0.46635469403111635,0.055090328318241094,0.057170335811372784,0.46678819121477777,0.4682618608790684,0.5840905430572775,2.8555989165627493e-17,0.46635469403111635,0.055090328318241094,0.057170335811372784,0.46678819121477777,0.4682618608790684,0.5840905430572775
3.3798326652367535e-17,0.5519685622972966,1.041850151586244e-97,7.071990616104794e-11,0.5521385539647804,0.4428457732109147,0.44306606437012,3.3798326652367535e-17,0.5519685622972966,1.041850151586244e-97,7.071990616104794e-11,0.5521385539647804,0.4428457732109147,0.44306606437012
0.06219340950973788,0.49731823856985596,0.057048893664102346,0.12129804534667184,0.5022828107555847,0.49417072831772024,0.4887391709087518,0.06219340950973788,0.49731823856985596,0.057048893664102346,0.12129804534667184,0.5022828107555847,0.49417072831772024,0.4887391709087518
0.0556850611146185,0.45575609040607634,3.6285510073948932e-6,0.00003975948585851141,0.45450219724706614,0.512141190442533,0.5683706991986847,0.0556850611146185,0.45575609040607634,3.6285510073948932e-6,0.00003975948585851141,0.45450219724706614,0.512141190442533,0.5683706991986847
0.015565281860529375,0.47048554779547047,0.014844604540055784,0.015200268570825329,0.5279543973871325,0.46964204334570303,0.5294808880940713,0.015565281860529375,0.47048554779547047,0.014844604540055784,0.015200268570825329,0.5279543973871325,0.46964204334570303,0.5294808880940713
0.000011203112165079865,0.5425439067108159,0.11347480574387141,0.057234542730327284,0.48062688084445765,0.4806734102074902,0.4789502831626595,0.000011203112165079865,0.5425439067108159,0.11347480574387141,0.057234542730327284,0.48062688084445765,0.4806734102074902,0.4789502831626595
0.04771995243658703,0.5364644824479948,0.017353362867225167,0.014537855628872227,0.5067377317580707,0.47834441710009734,0.4793998893314796,0.04771995243658703,0.5364644824479948,0.017353362867225167,0.014537855628872227,0.5067377317580707,0.47834441710009734,0.4793998893314796
0.05309091091918234,0.49027250155527347,1.238385654341899e-222,0.18286591926400228,0.4886257117549645,0.4934039476517158,0.49150419309285176,0.05309091091918234,0.49027250155527347,1.238385654341899e-222,0.18286591926400228,0.4886257117549645,0.4934039476517158,0.49150419309285176
0.016078432576885477,0.48750927080802603,0.04499496928853498,0.07848608544887278,0.4883099445108154,0.4905632202129194,0.526198333175853,0.016078432576885477,0.48750927080802603,0.04499496928853498,0.07848608544887278,0.4883099445108154,0.4905632202129194,0.526198333175853
0.01575975259940748,0.519321733956039,0.07734796971538482,0.04402669503628673,0.49182987992561883,0.4909873160904523,0.49253905940340637,0.01575975259940748,0.519321733956039,0.07734796971538482,0.04402669503628673,0.49182987992561883,0.4909873160904523,0.49253905940340637
0.0759405536696917,0.5213264162133432,0.045927607249251476,0.01633095588511938,0.4925886778867421,0.4923573751657934,0.4860384663204455,0.0759405536696917,0.5213264162133432,0.045927607249251476,0.01633095588511938,0.4925886778867421,0.4923573751657934,0.4860384663204455
0.04833685878646704,0.5410957907342666,0.04524737469405548,0.017158573737378235,0.4827190768979545,0.48606592522031716,0.4843522765593625,0.04833685878646704,0.5410957907342666,0.04524737469405548,0.017158573737378235,0.4827190768979545,0.48606592522031716,0.4843522765593625
0.0170290381179391,0.5278562442930841,0.016658454469026262,0.01638492315152812,0.5004539995944641,0.50018787669796,0.4711255043908706,0.0170290381179391,0.5278562442930841,0.016658454469026262,0.01638492315152812,0.5004539995944641,0.50018787669796,0.4711255043908706
0.01666894726013593,0.477749626278404,0.014786964902479856,0.04199958346378141,0.4756002399275259,0.5623116485859964,0.47787745732800163,0.01666894726013593,0.477749626278404,0.014786964902479856,0.04199958346378141,0.4756002399275259,0.5623116485859964,0.47787745732800163
0.000030634060518512326,0.455392447597603,0.06503965302973275,4.494490916242451e-137,0.510409215254906,0.5750596468093346,0.45956375730436616,0.000030634060518512326,0.455392447597603,0.06503965302973275,4.494490916242451e-137,0.510409215254906,0.5750596468093346,0.45956375730436616
2.785910129639507e-17,0.4549736514363434,1.065070177790159e-235,0.055813623112838176,0.45442832501477176,0.5690045608102834,0.511575170158378,2.785910129639507e-17,0.4549736514363434,1.065070177790159e-235,0.055813623112838176,0.45442832501477176,0.5690045608102834,0.511575170158378
0.05814941945304379,0.4656851249958802,0.06286102232675218,0.0006212883873957024,0.5823675642814028,0.4662779259591308,0.4695088728464912,0.05814941945304379,0.4656851249958802,0.06286102232675218,0.0006212883873957024,0.5823675642814028,0.4662779259591308,0.4695088728464912
0.12253809937761646,0.4919979773868731,6.207799140955007e-8,0.12242806742400979,0.49273061763493536,0.49217090724709134,0.49351440532114355,0.12253809937761646,0.4919979773868731,6.207799140955007e-8,0.12242806742400979,0.49273061763493536,0.49217090724709134,0.49351440532114355
2.781712945565177e-17,0.45428819925907027,2.85688968641197e-108,0.053736797690744985,0.5124193063904788,0.4558684725313691,0.5702187585264338,2.781712945565177e-17,0.45428819925907027,2.85688968641197e-108,0.053736797690744985,0.5124193063904788,0.4558684725313691,0.5702187585264338
0.00003116609484515942,0.4676259689037861,0.058257094998959535,0.0518846731910633,0.5879479225208298,0.47392599163341553,0.4677014371088445,0.00003116609484515942,0.4676259689037861,0.058257094998959535,0.0518846731910633,0.5879479225208298,0.47392599163341553,0.4677014371088445
0.04671194049428061,0.5342965420969944,0.017019103901807876,0.015568561447914181,0.47754180726421236,0.5070601232982178,0.47852102772686567,0.04671194049428061,0.5342965420969944,0.017019103901807876,0.015568561447914181,0.47754180726421236,0.5070601232982178,0.47852102772686567
0.0765947324489837,0.49620960966903455,0.003274468397611721,0.04488325370099842,0.5219463151788797,0.4912229488925197,0.49142414698066084,0.0765947324489837,0.49620960966903455,0.003274468397611721,0.04488325370099842,0.5219463151788797,0.4912229488925197,0.49142414698066084
2.7805758906008505e-17,0.45410250409126873,0.0,0.05228196835362807,0.4513208468302855,0.6204308192616504,0.4510231467517303,2.7805758906008505e-17,0.45410250409126873,0.0,0.05228196835362807,0.4513208468302855,0.6204308192616504,0.4510231467517303
0.11627245569564766,0.5254542841530317,6.452093069918788e-218,3.6221486276441734e-96,0.4665054695829103,0.5250774753295099,0.4675004054766707,0.11627245569564766,0.5254542841530317,6.452093069918788e-218,3.6221486276441734e-96,0.4665054695829103,0.5250774753295099,0.4675004054766707
3.1239080943231015e-17,0.5101729080577498,0.05615277755370585,2.43304061356433e-121,0.5699364368475877,0.45331650698129167,0.455384605173443,3.1239080943231015e-17,0.5101729080577498,0.05615277755370585,2.43304061356433e-121,0.5699364368475877,0.45331650698129167,0.455384605173443
0.01811405282799804,0.5829483081652334,0.018087965624498995,0.017351079430436192,0.4679319894270483,0.4689579645919796,0.4703214564816635,0.01811405282799804,0.5829483081652334,0.018087965624498995,0.017351079430436192,0.4679319894270483,0.4689579645919796,0.4703214564816635
0.058225905003083694,0.46855063426230237,0.0000791709661958129,0.058521664946333284,0.5258304989456777,0.5277607306529457,0.4695383878933712,0.058225905003083694,0.46855063426230237,0.0000791709661958129,0.058521664946333284,0.5258304989456777,0.5277607306529457,0.4695383878933712
2.706114935741335e-17,0.4419421073284865,6.075715773721494e-237,1.0610044921547497e-57,0.5526114659722632,0.44136328095839183,0.5524570300893166,2.706114935741335e-17,0.4419421073284865,6.075715773721494e-237,1.0610044921547497e-57,0.5526114659722632,0.44136328095839183,0.5524570300893166
0.00006076750465549282,0.5688529211886093,0.058692715737374,6.625443117585072e-17,0.4545605644399298,0.5115732345653776,0.45474946393331195,0.00006076750465549282,0.5688529211886093,0.058692715737374,6.625443117585072e-17,0.4545605644399298,0.5115732345653776,0.45474946393331195
0.016869721122642983,0.513112545145996,0.07488438954613132,0.01717877546025758,0.4842815919197235,0.48474560416240087,0.5136738367781702,0.016869721122642983,0.513112545145996,0.07488438954613132,0.01717877546025758,0.4842815919197235,0.48474560416240087,0.5136738367781702
0.07289127614699202,0.4841446297858589,0.016203351744817098,0.016823760382197357,0.48118435769375895,0.5429497508650742,0.4843196890890792,0.07289127614699202,0.4841446297858589,0.016203351744817098,0.016823760382197357,0.48118435769375895,0.5429497508650742,0.4843196890890792
3.2293846002435875e-17,0.5273985287010118,0.058003102036787275,0.06417653482539534,0.5289652725297068,0.468994571838875,0.47069833689255675,3.2293846002435875e-17,0.5273985287010118,0.058003102036787275,0.06417653482539534,0.5289652725297068,0.468994571838875,0.47069833689255675
0.06257889764551336,0.5399396335424405,0.059237142823020124,0.05999541419308979,0.4803023520574681,0.48170834360211096,0.48588511090174347,0.06257889764551336,0.5399396335424405,0.059237142823020124,0.05999541419308979,0.4803023520574681,0.48170834360211096,0.48588511090174347
0.01493598676409215,0.5163644150895959,0.11098888523730431,0.016532187311956523,0.4913177296595488,0.49156051212441493,0.4890888665663413,0.01493598676409215,0.5163644150895959,0.11098888523730431,0.016532187311956523,0.4913177296595488,0.49156051212441493,0.4890888665663413
0.05939474744868321,0.484589130602294,0.05740692050699929,0.05990554040553512,0.47947959566685955,0.4809574560157198,0.5430164544149829,0.05939474744868321,0.484589130602294,0.05740692050699929,0.05990554040553512,0.47947959566685955,0.4809574560157198,0.5430164544149829
0.0713950173237764,0.48568720165957,0.016348127078523123,0.016648462879440506,0.5110397782245156,0.5150531955811698,0.4839016346228425,0.0713950173237764,0.48568720165957,0.016348127078523123,0.016648462879440506,0.5110397782245156,0.5150531955811698,0.4839016346228425
0.04493299435234402,0.5202017305718644,0.016981779570543757,0.07741725985640856,0.4911688341027013,0.48878833657625387,0.4921428511723649,0.04493299435234402,0.5202017305718644,0.016981779570543757,0.07741725985640856,0.4911688341027013,0.48878833657625387,0.4921428511723649
2.786934242480978e-17,0.45514090175573085,1.9413499268581106e-16,0.056685869092011454,0.5121573034252802,0.5685154243630758,0.4553099218171137,2.786934242480978e-17,0.45514090175573085,1.9413499268581106e-16,0.056685869092011454,0.5121573034252802,0.5685154243630758,0.4553099218171137
2.6701316485479626e-17,0.4360655905697891,3.285121142752137e-126,3.2599017174354763e-6,0.6544682095778022,0.4367579137171624,0.43703487546736886,2.6701316485479626e-17,0.4360655905697891,3.285121142752137e-126,3.2599017174354763e-6,0.6544682095778022,0.4367579137171624,0.43703487546736886
0.11049346767844585,0.4959636418226328,0.017632912510446713,0.047075110317612634,0.49643123402325584,0.4985305087103531,0.49532340294693544,0.11049346767844585,0.4959636418226328,0.017632912510446713,0.047075110317612634,0.49643123402325584,0.4985305087103531,0.49532340294693544
2.7990060808373566e-17,0.45711238257204173,0.00007223044047603819,0.05637480707543183,0.5119798764055242,0.5134350449242704,0.5131310282265572,2.7990060808373566e-17,0.45711238257204173,0.00007223044047603819,0.05637480707543183,0.5119798764055242,0.5134350449242704,0.5131310282265572
0.05894682812818646,0.47966922665730927,0.12206414350509727,1.1860657001932725e-11,0.5419931429554081,0.4782740149465865,0.48003517073400276,0.05894682812818646,0.47966922665730927,0.12206414350509727,1.1860657001932725e-11,0.5419931429554081,0.4782740149465865,0.48003517073400276
2.779556867060509e-17,0.4539360849178301,0.05376209378567847,3.503510830002485e-108,0.5130105872838713,0.5127286391723462,0.5154679268114648,2.779556867060509e-17,0.4539360849178301,0.05376209378567847,3.503510830002485e-108,0.5130105872838713,0.5127286391723462,0.5154679268114648
3.980462533695206e-6,0.5669323973971189,2.924854288293602e-90,0.05658074659670711,0.5129274233640505,0.45679488721067496,0.453682515067864,3.980462533695206e-6,0.5669323973971189,2.924854288293602e-90,0.05658074659670711,0.5129274233640505,0.45679488721067496,0.453682515067864
0.01654005413035929,0.5292946965682802,0.018189518747893256,0.01624606687973457,0.4714510646494547,0.46734874913111774,0.5285750154560803,0.01654005413035929,0.5292946965682802,0.018189518747893256,0.01624606687973457,0.4714510646494547,0.46734874913111774,0.5285750154560803
0.015511563589343478,0.49047620355690247,0.07610482989151231,0.043094029665672676,0.4912894014041611,0.5170372262779238,0.49430436591326615,0.015511563589343478,0.49047620355690247,0.07610482989151231,0.043094029665672676,0.4912894014041611,0.5170372262779238,0.49430436591326615
0.016732328993927396,0.4844414315948396,0.016172840684740175,0.07478820628750843,0.5423184397174375,0.48408961966460895,0.4820051355148169,0.016732328993927396,0.4844414315948396,0.016172840684740175,0.07478820628750843,0.5423184397174375,0.48408961966460895,0.4820051355148169
0.046021507026950646,0.5136096441811021,0.016228076502172808,0.04612301440211332,0.5151438253644803,0.4847419770036147,0.48228427031957266,0.046021507026950646,0.5136096441811021,0.016228076502172808,0.04612301440211332,0.5151438253644803,0.4847419770036147,0.48228427031957266
2.787250923940585e-17,0.4551926197628864,0.05353293659337458,0.00008311361021474173,0.5093287419996713,0.45351451832679185,0.5710418193363178,2.787250923940585e-17,0.4551926197628864,0.05353293659337458,0.00008311361021474173,0.5093287419996713,0.45351451832679185,0.5710418193363178
2.850739114227988e-17,0.4655610280797342,0.11474123526891691,6.525029641650036e-10,0.46707994290814353,0.524950314459648,0.5281530143238984,2.850739114227988e-17,0.4655610280797342,0.11474123526891691,6.525029641650036e-10,0.46707994290814353,0.524950314459648,0.5281530143238984
0.046295240569355876,0.4920198322848727,0.01622377560847359,0.07590685873004042,0.4952971072618693,0.5164539862087375,0.48845290842831773,0.046295240569355876,0.4920198322848727,0.01622377560847359,0.07590685873004042,0.4952971072618693,0.5164539862087375,0.48845290842831773
0.056903567203180905,0.4754204390850067,1.4542718225550413e-143,0.11757221461860708,0.5458607098772991,0.47901072073641227,0.47987742747295814,0.056903567203180905,0.4754204390850067,1.4542718225550413e-143,0.11757221461860708,0.5458607098772991,0.47901072073641227,0.47987742747295814
0.044736505724659495,0.4929961193087374,0.07923909672177604,0.017213460134592913,0.49446334129885666,0.4915682147625456,0.5132372153410576,0.044736505724659495,0.4929961193087374,0.07923909672177604,0.017213460134592913,0.49446334129885666,0.4915682147625456,0.5132372153410576
0.015309773091065343,0.5124204637054394,0.015798620359841087,0.07807975656583868,0.4840767167624684,0.5155515435691993,0.4819905705212759,0.015309773091065343,0.5124204637054394,0.015798620359841087,0.07807975656583868,0.4840767167624684,0.5155515435691993,0.4819905705212759
0.05581208515733151,0.5796470099444959,2.8317838003592566e-163,4.728468775614305e-19,0.46315232447174165,0.5217564586155656,0.465135120201467,0.05581208515733151,0.5796470099444959,2.8317838003592566e-163,4.728468775614305e-19,0.46315232447174165,0.5217564586155656,0.465135120201467
2.7943960292644414e-17,0.45635950401536324,0.04890903306049813,8.25665348993076e-12,0.5718207554322698,0.5120939768695113,0.4499161351345459,2.7943960292644414e-17,0.45635950401536324,0.04890903306049813,8.25665348993076e-12,0.5718207554322698,0.5120939768695113,0.4499161351345459
0.07513158234526969,0.5155819872554461,0.0162988583782074,0.01709087037541829,0.4833169034266294,0.48439578656779714,0.5123848587926949,0.07513158234526969,0.5155819872554461,0.0162988583782074,0.01709087037541829,0.4833169034266294,0.48439578656779714,0.5123848587926949
3.0577208436460385e-17,0.4993637097283793,2.146783935224286e-91,1.5177832850850188e-206,0.5546881884097814,0.44219622802998,0.4978602671341728,3.0577208436460385e-17,0.4993637097283793,2.146783935224286e-91,1.5177832850850188e-206,0.5546881884097814,0.44219622802998,0.4978602671341728
0.0008024264976072179,0.4750120325093264,0.0,0.17845984059431588,0.4743591445626395,0.5372717535496347,0.4802990459599255,0.0008024264976072179,0.4750120325093264,0.0,0.17845984059431588,0.4743591445626395,0.5372717535496347,0.4802990459599255
0.015951079180790192,0.48271599217429667,0.07676214579447131,0.014336434060953753,0.5415527672872958,0.4821111167051644,0.48511820368124897,0.015951079180790192,0.48271599217429667,0.07676214579447131,0.014336434060953753,0.5415527672872958,0.4821111167051644,0.48511820368124897
2.6783799152523698e-17,0.4374126347477758,0.0,0.00007947403162417705,0.43656693241297184,0.6561363015873268,0.4370180448216372,2.6783799152523698e-17,0.4374126347477758,0.0,0.00007947403162417705,0.43656693241297184,0.6561363015873268,0.4370180448216372
2.8629839539093497e-17,0.4675607621565125,0.11752669653072632,4.918979416790606e-96,0.5858501968018196,0.4604494451507477,0.4659784362866276,2.8629839539093497e-17,0.4675607621565125,0.11752669653072632,4.918979416790606e-96,0.5858501968018196,0.4604494451507477,0.4659784362866276
2.785096812508583e-17,0.45484082666899145,1.8972783389495545e-12,0.054469494514075414,0.45477234122786386,0.5081647638921245,0.5714661647941609,2.785096812508583e-17,0.45484082666899145,1.8972783389495545e-12,0.054469494514075414,0.45477234122786386,0.5081647638921245,0.5714661647941609
0.01777597453079731,0.5015676455895396,0.015688985652488975,0.0147033020922354,0.4685756352632635,0.5236194652004114,0.505556542627292,0.01777597453079731,0.5015676455895396,0.015688985652488975,0.0147033020922354,0.4685756352632635,0.5236194652004114,0.505556542627292
0.00008775733340571949,0.5521805660830412,2.0179855754661744e-105,3.047353940613407e-63,0.4422292734948782,0.44280019649581,0.5523581438040828,0.00008775733340571949,0.5521805660830412,2.0179855754661744e-105,3.047353940613407e-63,0.4422292734948782,0.44280019649581,0.5523581438040828
0.015358777108452888,0.4997932285159341,0.015729723500709784,0.01431441716810489,0.4700286778438757,0.47004503992531704,0.5556220806357591,0.015358777108452888,0.4997932285159341,0.015729723500709784,0.01431441716810489,0.4700286778438757,0.47004503992531704,0.5556220806357591
0.01657381343607092,0.47786364094726597,0.043504176766221175,0.015037907383537597,0.5345724977705427,0.5064968628693648,0.47834678380233486,0.01657381343607092,0.47786364094726597,0.043504176766221175,0.015037907383537597,0.5345724977705427,0.5064968628693648,0.47834678380233486
0.044506762153824084,0.5604850013262807,0.01861511432159112,0.016623995327802583,0.478083565137465,0.4772017193962092,0.4780891673928347,0.044506762153824084,0.5604850013262807,0.01861511432159112,0.016623995327802583,0.478083565137465,0.4772017193962092,0.4780891673928347
0.05841017558873668,0.4705486451153656,1.3818300059491825e-11,0.05570410964316776,0.5245744863275791,0.46774329395675585,0.5291081363166535,0.05841017558873668,0.4705486451153656,1.3818300059491825e-11,0.05570410964316776,0.5245744863275791,0.46774329395675585,0.5291081363166535
0.016620662794140647,0.4912433758822756,0.015311158070097362,0.10466865570595836,0.48869496697460096,0.5200187845231405,0.4917066471198628,0.016620662794140647,0.4912433758822756,0.015311158070097362,0.10466865570595836,0.48869496697460096,0.5200187845231405,0.4917066471198628
3.4838791462310787e-17,0.5689606421470568,0.0573051384258296,2.3385716352765253e-264,0.5120084896301554,0.4547865188803422,0.45526864466196176,3.4838791462310787e-17,0.5689606421470568,0.0573051384258296,2.3385716352765253e-264,0.5120084896301554,0.4547865188803422,0.45526864466196176
0.016249238405223684,0.5362798372091478,0.04910233750113107,0.016984908789133522,0.4761163961163721,0.5064845313273825,0.47858849111454227,0.016249238405223684,0.5362798372091478,0.04910233750113107,0.016984908789133522,0.4761163961163721,0.5064845313273825,0.47858849111454227
0.01747857189361766,0.47926240010848015,0.044684659344442455,0.01655405912935205,0.5354162427523337,0.47640092453330946,0.5052887142471679,0.01747857189361766,0.47926240010848015,0.044684659344442455,0.01655405912935205,0.5354162427523337,0.47640092453330946,0.5052887142471679
0.11966529325909156,0.48010775788805204,0.05814523408573113,1.3116650441580677e-17,0.48088561113942274,0.47833613734437247,0.5404748715576707,0.11966529325909156,0.48010775788805204,0.05814523408573113,1.3116650441580677e-17,0.48088561113942274,0.47833613734437247,0.5404748715576707
2.7143198991771165e-17,0.4432820795460261,1.7757342186508287e-9,0.0,0.605405917168704,0.44039923479946885,0.49511136985122134,2.7143198991771165e-17,0.4432820795460261,1.7757342186508287e-9,0.0,0.605405917168704,0.44039923479946885,0.49511136985122134
2.903531674196805e-17,0.47418270740892093,0.17599158839367568,2.202632158832516e-6,0.4752761755424141,0.5392526794213615,0.4788550259036857,2.903531674196805e-17,0.47418270740892093,0.17599158839367568,2.202632158832516e-6,0.4752761755424141,0.5392526794213615,0.4788550259036857
0.016656111833353183,0.47722121182923183,0.014342828341519743,0.04257198464213242,0.5348111341990589,0.5085359554074184,0.47842501880975413,0.016656111833353183,0.47722121182923183,0.014342828341519743,0.04257198464213242,0.5348111341990589,0.5085359554074184,0.47842501880975413
0.11488652010465117,0.5217918980423871,3.8454082457439063e-90,5.9790309252333e-10,0.5264825180710504,0.46876233134275347,0.46818664015219486,0.11488652010465117,0.5217918980423871,3.8454082457439063e-90,5.9790309252333e-10,0.5264825180710504,0.46876233134275347,0.46818664015219486
0.015901298166758806,0.5598233344940837,0.016815032818090537,0.015418090612850434,0.4739895308554259,0.5052582691684993,0.47522917972647455,0.015901298166758806,0.5598233344940837,0.016815032818090537,0.015418090612850434,0.4739895308554259,0.5052582691684993,0.47522917972647455
0.12285197021773661,0.49053639722427833,0.12294818693262748,0.00003734646715784578,0.49246293406751923,0.4926887305357824,0.4945399947604726,0.12285197021773661,0.49053639722427833,0.12294818693262748,0.00003734646715784578,0.49246293406751923,0.4926887305357824,0.4945399947604726
0.01657213515435086,0.5160150817773186,0.0458152843684246,0.04585516717107077,0.48304819953341877,0.4851560780860709,0.5115554722672723,0.01657213515435086,0.5160150817773186,0.0458152843684246,0.04585516717107077,0.48304819953341877,0.4851560780860709,0.5115554722672723
0.11615923069364718,0.4654419435376947,9.520659872209691e-11,1.5782466629585148e-67,0.4655477505429674,0.4651011301832804,0.580852082471286,0.11615923069364718,0.4654419435376947,9.520659872209691e-11,1.5782466629585148e-67,0.4655477505429674,0.4651011301832804,0.580852082471286
0.18369135866556466,0.4909729421659224,0.00022909115862962444,0.06149142235200603,0.4907555943120488,0.4917556706209725,0.4926071882602176,0.18369135866556466,0.4909729421659224,0.00022909115862962444,0.06149142235200603,0.4907555943120488,0.4917556706209725,0.4926071882602176
0.015766270940575568,0.47116977158595985,0.01480379212264364,0.015820565539920135,0.46942418130800945,0.5813644435131142,0.4687477576266107,0.015766270940575568,0.47116977158595985,0.01480379212264364,0.015820565539920135,0.46942418130800945,0.5813644435131142,0.4687477576266107
0.07765458910350888,0.5151811878212001,0.015310124392621057,0.01786621194299647,0.5173281616516633,0.4859726003182336,0.48646651310560063,0.07765458910350888,0.5151811878212001,0.015310124392621057,0.01786621194299647,0.5173281616516633,0.4859726003182336,0.48646651310560063
0.04358750955432424,0.5221690491368917,0.04926910085032856,0.04845925782759932,0.49109089494174574,0.4890833941449883,0.49170427270629097,0.04358750955432424,0.5221690491368917,0.04926910085032856,0.04845925782759932,0.49109089494174574,0.4890833941449883,0.49170427270629097
6.115783027826362e-17,4.582450801322443e-23,3.0385238470976533e-18,1.0397723043325867e-164,1.319574364160713e-21,1.5625878748832629e-25,1.0000151191873856,6.115783027826362e-17,4.582450801322443e-23,3.0385238470976533e-18,1.0397723043325867e-164,1.319574364160713e-21,1.5625878748832629e-25,1.0000151191873856
0.015682711543463852,0.4716930343062012,0.015551262335399793,0.01605369691683572,0.4699962305312396,0.5271405890984767,0.5284810528530531,0.015682711543463852,0.4716930343062012,0.015551262335399793,0.01605369691683572,0.4699962305312396,0.5271405890984767,0.5284810528530531
0.04837856305292572,0.5386405152049571,0.01765030033003405,0.048156188252740886,0.4867916002353339,0.48353888398134603,0.48507936661787565,0.04837856305292572,0.5386405152049571,0.01765030033003405,0.048156188252740886,0.4867916002353339,0.48353888398134603,0.48507936661787565
0.016775635349281837,0.5078725960816165,0.01660799707014204,0.04536970413242823,0.5065908453712903,0.5090904290595322,0.47894666150703474,0.016775635349281837,0.5078725960816165,0.01660799707014204,0.04536970413242823,0.5065908453712903,0.5090904290595322,0.47894666150703474
0.015354416830894375,0.48548189252415364,0.04715122381859821,0.04551809404657175,0.5139960608955454,0.4840721554935156,0.5118267550587675,0.015354416830894375,0.48548189252415364,0.04715122381859821,0.04551809404657175,0.5139960608955454,0.4840721554935156,0.5118267550587675
0.1203555849472717,0.48467758817845097,1.3132239019876804e-82,0.05768189303180591,0.47732269832822843,0.48242995088404766,0.5362597683881162,0.1203555849472717,0.48467758817845097,1.3132239019876804e-82,0.05768189303180591,0.47732269832822843,0.48242995088404766,0.5362597683881162
0.05489003300690845,0.5139154287194425,0.00027427207233118335,8.774490118822989e-241,0.5128514971693561,0.5130478380096254,0.4562737967404464,0.05489003300690845,0.5139154287194425,0.00027427207233118335,8.774490118822989e-241,0.5128514971693561,0.5130478380096254,0.4562737967404464
6.103348750444687e-17,3.3664696794465354e-18,3.629216494129935e-18,5.498515747596867e-75,2.512753884826628e-25,1.0000255331983883,9.782537348995677e-24,6.103348750444687e-17,3.3664696794465354e-18,3.629216494129935e-18,5.498515747596867e-75,2.512753884826628e-25,1.0000255331983883,9.782537348995677e-24
0.059191537235591105,0.48132877106124106,0.12053129663475293,2.1403116834365407e-56,0.48383355098635206,0.4777036694931462,0.5439150447053671,0.059191537235591105,0.48132877106124106,0.12053129663475293,2.1403116834365407e-56,0.48383355098635206,0.4777036694931462,0.5439150447053671
0.013920850659789919,0.49069953380414794,0.10393429984651022,0.01566978536612849,0.4906150545039342,0.4885740636175133,0.5197906380785975,0.013920850659789919,0.49069953380414794,0.10393429984651022,0.01566978536612849,0.4906150545039342,0.4885740636175133,0.5197906380785975
0.017138253296988717,0.512083818976858,0.0759239269495257,0.014996374542167309,0.5144044388390161,0.4823599780316528,0.48436959284380815,0.017138253296988717,0.512083818976858,0.0759239269495257,0.014996374542167309,0.5144044388390161,0.4823599780316528,0.48436959284380815
0.045411760823075416,0.4845437892904938,0.015624727588541677,0.04575188753644628,0.543038250652328,0.4838597695797646,0.48487477002787294,0.045411760823075416,0.4845437892904938,0.015624727588541677,0.04575188753644628,0.543038250652328,0.4838597695797646,0.48487477002787294
0.11902279236227628,0.48307897081265344,6.82315821129526e-11,0.055423795598704625,0.4823023991832253,0.5464558096393081,0.4689313630088999,0.11902279236227628,0.48307897081265344,6.82315821129526e-11,0.055423795598704625,0.4823023991832253,0.5464558096393081,0.4689313630088999
0.04366406415868867,0.48003273766557425,0.0173846665369172,0.017194864208785157,0.5332448609197115,0.5063072906706491,0.47767462123451987,0.04366406415868867,0.48003273766557425,0.0173846665369172,0.017194864208785157,0.5332448609197115,0.5063072906706491,0.47767462123451987
0.04608221231023221,0.4969781366301384,0.047521503548723705,0.07616091524406597,0.5003315673122802,0.4978384193058991,0.4955903242427231,0.04608221231023221,0.4969781366301384,0.047521503548723705,0.07616091524406597,0.5003315673122802,0.4978384193058991,0.4955903242427231
0.05624677173139008,0.5844292614898199,7.613247567085343e-117,0.05466513124569038,0.46768256664824026,0.4681876666327402,0.4651868862524241,0.05624677173139008,0.5844292614898199,7.613247567085343e-117,0.05466513124569038,0.46768256664824026,0.4681876666327402,0.4651868862524241
0.04538469684924308,0.4859737799801931,0.043715967444900826,0.01635002884065229,0.48606648643786854,0.5138808295186142,0.5121826190299232,0.04538469684924308,0.4859737799801931,0.043715967444900826,0.01635002884065229,0.48606648643786854,0.5138808295186142,0.5121826190299232
0.01759364004652312,0.49791006537871185,0.1054849284751014,0.04724638404066904,0.49714060742959393,0.4964437923589971,0.4956272306158882,0.01759364004652312,0.49791006537871185,0.1054849284751014,0.04724638404066904,0.49714060742959393,0.4964437923589971,0.4956272306158882
0.05782395001466523,0.46692512558422267,0.059161518365582866,3.7051836916215926e-10,0.46736845697677537,0.582263342228989,0.4685750879636654,0.05782395001466523,0.46692512558422267,0.059161518365582866,3.7051836916215926e-10,0.46736845697677537,0.582263342228989,0.4685750879636654
2.859566293105792e-17,0.4670026157904031,2.750422898771097e-214,0.11449384184965232,0.5248431848205265,0.5254477679775257,0.4695379318989507,2.859566293105792e-17,0.4670026157904031,2.750422898771097e-214,0.11449384184965232,0.5248431848205265,0.5254477679775257,0.4695379318989507
0.016045793349175615,0.47921876163305444,0.01599561022400088,0.04528622459143778,0.4782550028709321,0.5346198921505669,0.5042918781621353,0.016045793349175615,0.47921876163305444,0.01599561022400088,0.04528622459143778,0.4782550028709321,0.5346198921505669,0.5042918781621353
0.04940610051597632,0.5126017055505947,0.044353499220782217,0.01551429309182303,0.4857790221520763,0.5130800479208627,0.4870040525663379,0.04940610051597632,0.5126017055505947,0.044353499220782217,0.01551429309182303,0.4857790221520763,0.5130800479208627,0.4870040525663379
0.043241304958006224,0.47867081649371623,0.015024311936728792,0.014678783270944412,0.5067073441104755,0.5073525331825677,0.5057809704685482,0.043241304958006224,0.47867081649371623,0.015024311936728792,0.014678783270944412,0.5067073441104755,0.5073525331825677,0.5057809704685482
0.014839238007896969,0.4859956090579343,0.01526961890421377,0.044544403364793796,0.47965971437385135,0.4712173986530326,0.557334425754035,0.014839238007896969,0.4859956090579343,0.01526961890421377,0.044544403364793796,0.47965971437385135,0.4712173986530326,0.557334425754035
0.11633583707321687,0.5273900130783439,1.1259811985370467e-124,1.0939644667980315e-113,0.4639536813352009,0.46563509501418504,0.5269866517401393,0.11633583707321687,0.5273900130783439,1.1259811985370467e-124,1.0939644667980315e-113,0.4639536813352009,0.46563509501418504,0.5269866517401393
0.01598253442004714,0.47754015357510143,0.01637352922407179,0.042607340821028766,0.5054121885335111,0.4789560577265186,0.5351806751892327,0.01598253442004714,0.47754015357510143,0.01637352922407179,0.042607340821028766,0.5054121885335111,0.4789560577265186,0.5351806751892327
0.04236548902758611,0.48541469125644315,0.016324411722214594,0.04526901031894295,0.4849095371909235,0.4858713924395809,0.5440972050514554,0.04236548902758611,0.48541469125644315,0.016324411722214594,0.04526901031894295,0.4849095371909235,0.4858713924395809,0.5440972050514554
0.01708326423464444,0.4827837188315595,0.07372900131135601,0.01741685632785117,0.48424418967816446,0.5427336229748334,0.48251548743046513,0.01708326423464444,0.4827837188315595,0.07372900131135601,0.01741685632785117,0.48424418967816446,0.5427336229748334,0.48251548743046513
0.01695142561642561,0.48556004308595513,0.04743452598732394,0.04523536666876828,0.48476197786078723,0.5427727954740802,0.48460482609868,0.01695142561642561,0.48556004308595513,0.04743452598732394,0.04523536666876828,0.48476197786078723,0.5427727954740802,0.48460482609868
0.01640599808126337,0.4775965571393064,0.04342340249801587,0.016485870825286575,0.5056926494033191,0.5083457982928627,0.5058493352120297,0.01640599808126337,0.4775965571393064,0.04342340249801587,0.016485870825286575,0.5056926494033191,0.5083457982928627,0.5058493352120297
0.016401372638598633,0.47031931587411596,0.015115923327923816,0.015386685219954404,0.5819793155083863,0.46828720801800056,0.4701829976309338,0.016401372638598633,0.47031931587411596,0.015115923327923816,0.015386685219954404,0.5819793155083863,0.46828720801800056,0.4701829976309338
1.0110607784840729e-19,6.979240342396221e-19,6.123276880569776e-17,1.000073320968285,1.5588357751933178e-247,3.9010508164502696e-79,1.448807087615314e-26,1.0110607784840729e-19,6.979240342396221e-19,6.123276880569776e-17,1.000073320968285,1.5588357751933178e-247,3.9010508164502696e-79,1.448807087615314e-26
0.056565566552850825,0.4546587280892633,0.0,1.7762232873282343e-276,0.5108676524577974,0.4542253032396989,0.5698221303154277,0.056565566552850825,0.4546587280892633,0.0,1.7762232873282343e-276,0.5108676524577974,0.4542253032396989,0.5698221303154277
3.456704759720302e-17,0.5645227280432193,0.07495094457232135,1.436328308570142e-271,0.45875970682139056,0.45458686521064573,0.5119403215069346,3.456704759720302e-17,0.5645227280432193,0.07495094457232135,1.436328308570142e-271,0.45875970682139056,0.45458686521064573,0.5119403215069346
0.12094214005314044,0.47787157699203525,0.06364659952414149,4.963116905180507e-85,0.4787629874747765,0.5424753651446104,0.48020588365036837,0.12094214005314044,0.47787157699203525,0.06364659952414149,4.963116905180507e-85,0.4787629874747765,0.5424753651446104,0.48020588365036837
0.014681040757615739,0.4776160904676002,0.040354064627352075,0.015667979392407706,0.4756499004324532,0.47766148438267275,0.5627175602062834,0.014681040757615739,0.4776160904676002,0.040354064627352075,0.015667979392407706,0.4756499004324532,0.47766148438267275,0.5627175602062834
0.07530220726795882,0.5176934130579551,0.016596097637659943,0.0461674952381871,0.49261574036909195,0.4900848535183783,0.4921861546624777,0.07530220726795882,0.5176934130579551,0.016596097637659943,0.0461674952381871,0.49261574036909195,0.4900848535183783,0.4921861546624777
0.054948229952453846,0.45627596299127454,1.094620443464151e-255,0.000011777663320902707,0.5701468046462925,0.5118007400559917,0.4556685983800999,0.054948229952453846,0.45627596299127454,1.094620443464151e-255,0.000011777663320902707,0.5701468046462925,0.5118007400559917,0.4556685983800999
0.0008524964758593656,0.476710378358185,0.17801444444527753,9.768690341362038e-122,0.5342786079614763,0.4764739789421806,0.4796604196123712,0.0008524964758593656,0.476710378358185,0.17801444444527753,9.768690341362038e-122,0.5342786079614763,0.4764739789421806,0.4796604196123712
0.01528074623164709,0.47985219710338406,0.016035326477122268,0.07028777312013741,0.47970085868104556,0.4774130923421374,0.5555558941716718,0.01528074623164709,0.47985219710338406,0.016035326477122268,0.07028777312013741,0.47970085868104556,0.4774130923421374,0.5555558941716718
0.1771649549398507,0.47399453105053535,0.00037194453241689375,1.478781383178073e-60,0.4763144258874669,0.47971847037673365,0.5368445428995667,0.1771649549398507,0.47399453105053535,0.00037194453241689375,1.478781383178073e-60,0.4763144258874669,0.47971847037673365,0.5368445428995667
0.015121819327717704,0.5200881455487196,0.0448122163664962,0.07690296774538648,0.491127756762047,0.49059458686100554,0.49081982889900183,0.015121819327717704,0.5200881455487196,0.0448122163664962,0.07690296774538648,0.491127756762047,0.49059458686100554,0.49081982889900183
0.07503818960900606,0.4926837169944115,0.015332972735108377,0.045143653478120147,0.4927672614764275,0.517351066044416,0.49143424460716556,0.07503818960900606,0.4926837169944115,0.015332972735108377,0.045143653478120147,0.4927672614764275,0.517351066044416,0.49143424460716556
0.017144910447583026,0.49095892935616015,0.07932248697071587,0.04609383665369471,0.49082599031458707,0.49040729380849163,0.5200807537200187,0.017144910447583026,0.49095892935616015,0.07932248697071587,0.04609383665369471,0.49082599031458707,0.49040729380849163,0.5200807537200187
0.04524497311506,0.4818925480055061,0.016139893370732315,0.017276964841562676,0.5130770177377817,0.4841217421398166,0.5415498494369962,0.04524497311506,0.4818925480055061,0.016139893370732315,0.017276964841562676,0.5130770177377817,0.4841217421398166,0.5415498494369962
0.05749566515647734,0.4663184913479869,9.761750227343203e-17,0.06124013746271447,0.5827741475435985,0.4660407072729813,0.4691848516692182,0.05749566515647734,0.4663184913479869,9.761750227343203e-17,0.06124013746271447,0.5827741475435985,0.4660407072729813,0.4691848516692182
0.01621478739366586,0.47220120385711734,0.015861525648722404,0.013637386434985618,0.468932815550699,0.4670887570091124,0.582039428811601,0.01621478739366586,0.47220120385711734,0.015861525648722404,0.013637386434985618,0.468932815550699,0.4670887570091124,0.582039428811601
0.01629505503752437,0.51613716299939,0.017933452590804408,0.10911647633400492,0.49313057022668855,0.49000803787514524,0.4896574183550427,0.01629505503752437,0.51613716299939,0.017933452590804408,0.10911647633400492,0.49313057022668855,0.49000803787514524,0.4896574183550427
6.102011245531296e-17,4.855133000085365e-18,8.275009047129808e-31,1.6291005299744027e-18,1.000037465616827,3.385116100807711e-74,6.11995372396845e-22,6.102011245531296e-17,4.855133000085365e-18,8.275009047129808e-31,1.6291005299744027e-18,1.000037465616827,3.385116100807711e-74,6.11995372396845e-22
0.061874519495703315,0.5392477445813952,0.11978776781743326,7.971780317554609e-13,0.482830245755632,0.4774904810845753,0.4808314702303198,0.061874519495703315,0.5392477445813952,0.11978776781743326,7.971780317554609e-13,0.482830245755632,0.4774904810845753,0.4808314702303198
0.1841204855685381,0.4914471596620475,0.055645454449801714,1.7643164813918809e-9,0.49058533993547876,0.49034300413724186,0.49117343805041347,0.1841204855685381,0.4914471596620475,0.055645454449801714,1.7643164813918809e-9,0.49058533993547876,0.49034300413724186,0.49117343805041347
0.015842297804011606,0.4727859661203948,0.015670608672249155,0.016122978022248217,0.4710935855263585,0.49573043181063964,0.5562353386337601,0.015842297804011606,0.4727859661203948,0.015670608672249155,0.016122978022248217,0.4710935855263585,0.49573043181063964,0.5562353386337601
2.9407495009880835e-17,0.4802608397842623,0.05929720152775996,0.12148191105368782,0.5400662296240865,0.47987533875618044,0.4808910713769322,2.9407495009880835e-17,0.4802608397842623,0.05929720152775996,0.12148191105368782,0.5400662296240865,0.47987533875618044,0.4808910713769322
0.015075922533273833,0.4878084488848721,0.07828487105480042,0.016547517241338554,0.48801497465511995,0.48484034277614735,0.5347515252111026,0.015075922533273833,0.4878084488848721,0.07828487105480042,0.016547517241338554,0.48801497465511995,0.48484034277614735,0.5347515252111026
0.07556599117215967,0.49370272721196706,0.04345525263633954,1.7604234414092723e-84,0.4925365601350705,0.5175280572620663,0.489975867021447,0.07556599117215967,0.49370272721196706,0.04345525263633954,1.7604234414092723e-84,0.4925365601350705,0.5175280572620663,0.489975867021447
0.0017243951866977494,0.4934151939056048,0.11601174001642683,0.1263212828500934,0.4972521224918392,0.4937163951327015,0.49913141566143804,0.0017243951866977494,0.4934151939056048,0.11601174001642683,0.1263212828500934,0.4972521224918392,0.4937163951327015,0.49913141566143804
1.981892890120673e-7,0.4607359961019139,0.002763626723173919,0.05814482067694088,0.45217051395001956,0.4557179039757363,0.6245317864546377,1.981892890120673e-7,0.4607359961019139,0.002763626723173919,0.05814482067694088,0.45217051395001956,0.4557179039757363,0.6245317864546377
0.016978726344633422,0.5271776868883797,0.0171691262575168,0.016903212574622233,0.47140731884372933,0.5274966710766467,0.470695496312661,0.016978726344633422,0.5271776868883797,0.0171691262575168,0.016903212574622233,0.47140731884372933,0.5274966710766467,0.470695496312661
3.3038855274481723e-17,0.5395654534431423,0.056765328006936636,0.12081611575527135,0.4794069540908017,0.48144413492819105,0.4802719893285116,3.3038855274481723e-17,0.5395654534431423,0.056765328006936636,0.12081611575527135,0.4794069540908017,0.48144413492819105,0.4802719893285116
0.014688126272997268,0.4925877694702305,0.13560750157907245,5.61502899448581e-151,0.4950023814610889,0.49617958911418036,0.4982871545494447,0.014688126272997268,0.4925877694702305,0.13560750157907245,5.61502899448581e-151,0.4950023814610889,0.49617958911418036,0.4982871545494447
0.04492772314608321,0.5070245246471247,0.01615206998490723,0.015997104076000492,0.5365868799607207,0.4748164269570122,0.47841035049733854,0.04492772314608321,0.5070245246471247,0.01615206998490723,0.015997104076000492,0.5365868799607207,0.4748164269570122,0.47841035049733854
0.07450430126995361,0.48548520551722313,0.01543635156739224,0.015031426332555012,0.5140319305311529,0.4815808058105707,0.5129643790704881,0.07450430126995361,0.48548520551722313,0.01543635156739224,0.015031426332555012,0.5140319305311529,0.4815808058105707,0.5129643790704881
5.571013150383841e-6,0.6181617786454694,1.9277953513151577e-82,0.05761213705813858,0.4530728197276316,0.45489298374255066,0.45024578589034525,5.571013150383841e-6,0.6181617786454694,1.9277953513151577e-82,0.05761213705813858,0.4530728197276316,0.45489298374255066,0.45024578589034525
0.04611187553269605,0.4896645099350776,0.07415281543306447,0.0171096363864567,0.5199587517929529,0.49299474234432716,0.4915163523966035,0.04611187553269605,0.4896645099350776,0.07415281543306447,0.0171096363864567,0.5199587517929529,0.49299474234432716,0.4915163523966035
0.05633462030874673,0.5134670426422974,0.00007617290764506039,2.5408024003638124e-163,0.4571029111729894,0.5705878352423881,0.4554929133975468,0.05633462030874673,0.5134670426422974,0.00007617290764506039,2.5408024003638124e-163,0.4571029111729894,0.5705878352423881,0.4554929133975468
0.07568807727939252,0.4994640116517847,0.048099876159257454,0.046968552701472675,0.4999469919362408,0.4981553715111498,0.4965199123259378,0.07568807727939252,0.4994640116517847,0.048099876159257454,0.046968552701472675,0.4999469919362408,0.4981553715111498,0.4965199123259378
0.05560263567354367,0.45408110585100064,5.801179849853641e-119,3.4548970000440083e-10,0.45285296005093045,0.45226271093733056,0.6236603577869947,0.05560263567354367,0.45408110585100064,5.801179849853641e-119,3.4548970000440083e-10,0.45285296005093045,0.45226271093733056,0.6236603577869947
3.204097598555288e-17,0.5232688479300489,0.11637753723038745,4.3948352463415204e-184,0.46506107584818535,0.4705112918055045,0.5263480838228448,3.204097598555288e-17,0.5232688479300489,0.11637753723038745,4.3948352463415204e-184,0.46506107584818535,0.4705112918055045,0.5263480838228448
0.04575157926062736,0.5149424386728226,0.04469934291334725,0.015334046374858273,0.4829675681052025,0.485167204387783,0.512903938570967,0.04575157926062736,0.5149424386728226,0.04469934291334725,0.015334046374858273,0.4829675681052025,0.485167204387783,0.512903938570967
0.00020250519493038755,0.44136581755955023,0.0,3.1098429046370616e-79,0.6055050144466899,0.4954311889727818,0.4404141835451263,0.00020250519493038755,0.44136581755955023,0.0,3.1098429046370616e-79,0.6055050144466899,0.4954311889727818,0.4404141835451263
3.0322884279177476e-17,0.49521028104249243,2.3454552710990529e-200,4.7123427770964717e-172,0.6069767268405776,0.4410933830585565,0.44116724668817875,3.0322884279177476e-17,0.49521028104249243,2.3454552710990529e-200,4.7123427770964717e-172,0.6069767268405776,0.4410933830585565,0.44116724668817875
0.016298049059342807,0.4711221244690274,0.015476111640223727,0.014749633233317794,0.4993519976855432,0.49957326761459336,0.5282930135751825,0.016298049059342807,0.4711221244690274,0.015476111640223727,0.014749633233317794,0.4993519976855432,0.49957326761459336,0.5282930135751825
0.04640115196904442,0.4997821881145413,0.07639202369877356,0.04699107986921597,0.4989979928898457,0.49779862397253344,0.49696118960406277,0.04640115196904442,0.4997821881145413,0.07639202369877356,0.04699107986921597,0.4989979928898457,0.49779862397253344,0.49696118960406277
0.059042685825705925,0.48082289017608015,0.0606024156297912,0.05434556241690119,0.48385933452236973,0.5416868112901969,0.4819472983440983,0.059042685825705925,0.48082289017608015,0.0606024156297912,0.05434556241690119,0.48385933452236973,0.5416868112901969,0.4819472983440983
0.10301445362675686,0.48805884029186597,0.016683235741761945,0.01708674222391258,0.4906981189623079,0.5207517216847263,0.4900387385756193,0.10301445362675686,0.48805884029186597,0.016683235741761945,0.01708674222391258,0.4906981189623079,0.5207517216847263,0.4900387385756193
0.04477416849752656,0.4768242917620979,0.016281737519107983,0.014860899924211317,0.5628703494940971,0.4754851272602994,0.4777408597791144,0.04477416849752656,0.4768242917620979,0.016281737519107983,0.014860899924211317,0.5628703494940971,0.4754851272602994,0.4777408597791144
0.014609463552192137,0.4777764097545671,0.043705744223707245,0.016341285496489413,0.479206866450529,0.5043689887321348,0.5357824625748356,0.014609463552192137,0.4777764097545671,0.043705744223707245,0.016341285496489413,0.479206866450529,0.5043689887321348,0.5357824625748356
0.01635862506503156,0.5085399419678917,0.04404090116692535,0.01518449738634888,0.5374115954571828,0.48087537141914266,0.48007576661807244,0.01635862506503156,0.5085399419678917,0.04404090116692535,0.01518449738634888,0.5374115954571828,0.48087537141914266,0.48007576661807244
0.015190972316001333,0.4707358675239153,0.015330960252948738,0.01611323398749755,0.5277303830900698,0.5276482851809984,0.4706855542014115,0.015190972316001333,0.4707358675239153,0.015330960252948738,0.01611323398749755,0.5277303830900698,0.5276482851809984,0.4706855542014115
0.0012602358935328499,0.5111029752351799,1.7928744717608934e-76,0.056241037108514656,0.5689193218466084,0.4512963335226064,0.4591297253506947,0.0012602358935328499,0.5111029752351799,1.7928744717608934e-76,0.056241037108514656,0.5689193218466084,0.4512963335226064,0.4591297253506947
0.05668252979881967,0.5127065657993249,1.674269412573262e-8,9.239490358086871e-11,0.5127666707594183,0.45695049679948385,0.5129769072349789,0.05668252979881967,0.5127065657993249,1.674269412573262e-8,9.239490358086871e-11,0.5127666707594183,0.45695049679948385,0.5129769072349789
0.01699050043125724,0.5602010419706207,0.048536992247430334,0.016718682759538746,0.4768304533602397,0.4786569434338776,0.47881284103574107,0.01699050043125724,0.5602010419706207,0.048536992247430334,0.016718682759538746,0.4768304533602397,0.4786569434338776,0.47881284103574107
0.016030350119706747,0.505878578709372,0.014427180276099495,0.04265809397618888,0.478387528452284,0.5353773447243231,0.47729467553194493,0.016030350119706747,0.505878578709372,0.014427180276099495,0.04265809397618888,0.478387528452284,0.5353773447243231,0.47729467553194493
0.014541040855083414,0.4956366325672748,0.04814821925228519,0.10794187121990347,0.4974404142341452,0.49862403015440293,0.4966416977337419,0.014541040855083414,0.4956366325672748,0.04814821925228519,0.10794187121990347,0.4974404142341452,0.49862403015440293,0.4966416977337419
0.015558015699703748,0.5074904433818312,0.04500253050395171,0.014701092573025534,0.47895053879736027,0.4746409403819242,0.5357084907606734,0.015558015699703748,0.5074904433818312,0.04500253050395171,0.014701092573025534,0.47895053879736027,0.4746409403819242,0.5357084907606734
0.014501459464857636,0.4769530488685997,0.040036839334703096,0.012557290589322671,0.5644969641279538,0.47816030013118294,0.4801527620905378,0.014501459464857636,0.4769530488685997,0.040036839334703096,0.012557290589322671,0.5644969641279538,0.47816030013118294,0.4801527620905378
0.0468474958257588,0.4831415997248319,0.04232001894403689,0.01709858516498389,0.5131791711031811,0.5130959777720854,0.48621272551258327,0.0468474958257588,0.4831415997248319,0.04232001894403689,0.01709858516498389,0.5131791711031811,0.5130959777720854,0.48621272551258327
0.1019818685593714,0.4946800833713572,0.047522796112809025,0.017319613539331154,0.4978893028409464,0.49495454147266676,0.5008844795328256,0.1019818685593714,0.4946800833713572,0.047522796112809025,0.017319613539331154,0.4978893028409464,0.49495454147266676,0.5008844795328256
0.06000152800021927,0.4815296451922058,0.05504935554745368,0.00043665975855819065,0.47576310367663627,0.5338881793940304,0.5355414287412505,0.06000152800021927,0.4815296451922058,0.05504935554745368,0.00043665975855819065,0.47576310367663627,0.5338881793940304,0.5355414287412505
1.670038022778599e-8,0.46438221791800166,0.0,0.11679122824130107,0.582493311925306,0.46986258025795413,0.46692164777444617,1.670038022778599e-8,0.46438221791800166,0.0,0.11679122824130107,0.582493311925306,0.46986258025795413,0.46692164777444617
0.04530249544560661,0.5070512540365659,0.016365372959443108,0.016622307274443932,0.5060152280109963,0.5068222466486965,0.4784477570618737,0.04530249544560661,0.5070512540365659,0.016365372959443108,0.016622307274443932,0.5060152280109963,0.5068222466486965,0.4784477570618737
3.070096265723276e-17,0.5013847695287811,1.6194220281740356e-169,4.4950239198796e-197,0.5015104218520234,0.4458821920775848,0.5571304320828231,3.070096265723276e-17,0.5013847695287811,1.6194220281740356e-169,4.4950239198796e-197,0.5015104218520234,0.4458821920775848,0.5571304320828231
0.062312635145839214,0.4991128721713309,0.12146807775354768,0.0610905123826511,0.4911264425701434,0.4940478366491691,0.4956667421257786,0.062312635145839214,0.4991128721713309,0.12146807775354768,0.0610905123826511,0.4911264425701434,0.4940478366491691,0.4956667421257786
3.147303056548314e-17,0.5139935953353388,0.05658017890003067,1.03666598683791e-124,0.5149695984699542,0.4539353625655283,0.512159404941783,3.147303056548314e-17,0.5139935953353388,0.05658017890003067,1.03666598683791e-124,0.5149695984699542,0.4539353625655283,0.512159404941783
0.015585291124305805,0.4837423639827765,0.047108411028450946,0.04566933948165606,0.48371108406052243,0.4838838847002246,0.542460106917785,0.015585291124305805,0.4837423639827765,0.047108411028450946,0.04566933948165606,0.48371108406052243,0.4838838847002246,0.542460106917785
9.709628330046568e-6,0.6152293904311228,0.06004649193882602,3.0879441235082987e-121,0.45502573057664225,0.4589792210401144,0.4545768336201323,9.709628330046568e-6,0.6152293904311228,0.06004649193882602,3.0879441235082987e-121,0.45502573057664225,0.4589792210401144,0.4545768336201323
0.016277770650976162,0.4925324639811913,0.07629878499930898,0.046761055173892736,0.5178508429991427,0.49158610642947376,0.4908411137494032,0.016277770650976162,0.4925324639811913,0.07629878499930898,0.046761055173892736,0.5178508429991427,0.49158610642947376,0.4908411137494032
2.7146995964812413e-17,0.4433440888215804,0.0008912335612985522,4.803942244021528e-196,0.5510626500568339,0.5532347760381903,0.44248273909614455,2.7146995964812413e-17,0.4433440888215804,0.0008912335612985522,4.803942244021528e-196,0.5510626500568339,0.5532347760381903,0.44248273909614455
0.01497869054342887,0.47976595869975625,0.015451715482331792,0.044737914452800995,0.5055840925450404,0.5058385147198342,0.506166447941618,0.01497869054342887,0.47976595869975625,0.015451715482331792,0.044737914452800995,0.5055840925450404,0.5058385147198342,0.506166447941618
0.016550633912866656,0.4835894450825999,0.0705789322535848,0.016715523643214675,0.514217044775444,0.48465015328669114,0.5135763708977957,0.016550633912866656,0.4835894450825999,0.0705789322535848,0.016715523643214675,0.514217044775444,0.48465015328669114,0.5135763708977957
0.04594891082117423,0.4838831936321944,0.04576356629482184,0.016657595740194327,0.5133047828326801,0.48430730162184343,0.5142756990645752,0.04594891082117423,0.4838831936321944,0.04576356629482184,0.016657595740194327,0.5133047828326801,0.48430730162184343,0.5142756990645752
0.01797932525813037,0.5571409845810621,0.018141412368882132,0.016569512155096392,0.4981660461806085,0.47077066590493843,0.4714459902602865,0.01797932525813037,0.5571409845810621,0.018141412368882132,0.016569512155096392,0.4981660461806085,0.47077066590493843,0.4714459902602865
0.01682475748422817,0.5287842725762745,0.015877609923766,0.016662557631598476,0.4693198089054985,0.5006970868844947,0.5013963985166036,0.01682475748422817,0.5287842725762745,0.015877609923766,0.016662557631598476,0.4693198089054985,0.5006970868844947,0.5013963985166036
0.01808028849796085,0.4913476460664824,0.10593859290119505,0.0166945070412134,0.5199935953847087,0.49128639644940225,0.4904962926265752,0.01808028849796085,0.4913476460664824,0.10593859290119505,0.0166945070412134,0.5199935953847087,0.49128639644940225,0.4904962926265752
0.013515267688022914,0.4704203601408547,0.014277959224058655,0.014910861207413488,0.4713502665926495,0.5552440078483595,0.49950060715986205,0.013515267688022914,0.4704203601408547,0.014277959224058655,0.014910861207413488,0.4713502665926495,0.5552440078483595,0.49950060715986205
0.016513169147951052,0.5422362771707916,0.0727487571265608,0.014759984589125247,0.4843063574406611,0.48418187744401703,0.48205515096544155,0.016513169147951052,0.5422362771707916,0.0727487571265608,0.014759984589125247,0.4843063574406611,0.48418187744401703,0.48205515096544155
2.782970412011242e-17,0.45449355911416317,0.05711035662172227,6.465322359187032e-73,0.45410713165903155,0.5689584362084127,0.5110799025245877,2.782970412011242e-17,0.45449355911416317,0.05711035662172227,6.465322359187032e-73,0.45410713165903155,0.5689584362084127,0.5110799025245877
0.045260104076598785,0.506926898624219,0.01590970910631838,0.015543818103543883,0.4778930469719244,0.5074781450188623,0.5050478477449852,0.045260104076598785,0.506926898624219,0.01590970910631838,0.015543818103543883,0.4778930469719244,0.5074781450188623,0.5050478477449852
0.00038591682244109915,0.45518835527074,0.00007594613573700059,0.05586859153869478,0.5681219349789932,0.45480426040213323,0.5110626945912197,0.00038591682244109915,0.45518835527074,0.00007594613573700059,0.05586859153869478,0.5681219349789932,0.45480426040213323,0.5110626945912197
0.00016795960369390365,0.5342424444910121,0.17662412559394866,6.252322214279837e-59,0.4792736470932734,0.4765815096732348,0.4773082516194539,0.00016795960369390365,0.5342424444910121,0.17662412559394866,6.252322214279837e-59,0.4792736470932734,0.4765815096732348,0.4773082516194539
0.04740170755515805,0.49212612366204345,0.03675895076778823,0.04579364999474164,0.49236218544679583,0.5190615543302117,0.49125855887847675,0.04740170755515805,0.49212612366204345,0.03675895076778823,0.04579364999474164,0.49236218544679583,0.5190615543302117,0.49125855887847675
0.1191510236420646,0.481543545425257,7.58355834041865e-16,0.05873292436265051,0.5414620465208053,0.48473940023182865,0.4821115487647137,0.1191510236420646,0.481543545425257,7.58355834041865e-16,0.05873292436265051,0.5414620465208053,0.48473940023182865,0.4821115487647137
8.455704425580768e-6,0.6520229900198757,0.0013959236000331584,0.000017841100689518562,0.4343445632806031,0.44194509719316943,0.439026698219662,8.455704425580768e-6,0.6520229900198757,0.0013959236000331584,0.000017841100689518562,0.4343445632806031,0.44194509719316943,0.439026698219662
0.015361052045833174,0.5120274955212626,0.075140288178586,0.014774873446150243,0.4828456198702675,0.5149274975420751,0.4847805589647734,0.015361052045833174,0.5120274955212626,0.075140288178586,0.014774873446150243,0.4828456198702675,0.5149274975420751,0.4847805589647734
9.888593926973579e-6,0.46341987382449407,0.11810578326562785,3.3885306560893226e-9,0.4683383473842928,0.5803407055668602,0.4680834079684661,9.888593926973579e-6,0.46341987382449407,0.11810578326562785,3.3885306560893226e-9,0.4683383473842928,0.5803407055668602,0.4680834079684661
0.017735575081239213,0.4867138608316425,0.017093628020811085,0.0752767778712221,0.4878398186604113,0.5157136451574202,0.5143984353336407,0.017735575081239213,0.4867138608316425,0.017093628020811085,0.0752767778712221,0.4878398186604113,0.5157136451574202,0.5143984353336407
0.016991181920788145,0.5134308272063277,0.04624230951328817,0.04673674555999826,0.5129642975523111,0.4850906689120539,0.484900523030816,0.016991181920788145,0.5134308272063277,0.04624230951328817,0.04673674555999826,0.5129642975523111,0.4850906689120539,0.484900523030816
0.015299881698659834,0.4991269343335106,0.016393949215588854,0.015041366439601118,0.471638348361926,0.49971616852419376,0.528516702342727,0.015299881698659834,0.4991269343335106,0.016393949215588854,0.015041366439601118,0.471638348361926,0.49971616852419376,0.528516702342727
0.0597720918038445,0.5281977216465955,0.0589401394939562,4.0396919762457935e-138,0.4702738387620548,0.4705453395684254,0.5263118975362482,0.0597720918038445,0.5281977216465955,0.0589401394939562,4.0396919762457935e-138,0.4702738387620548,0.4705453395684254,0.5263118975362482
0.12459002339752612,0.4929480499209742,0.05693090376906694,0.05907772954244654,0.4942533802596354,0.49570098272880103,0.4957178584981759,0.12459002339752612,0.4929480499209742,0.05693090376906694,0.05907772954244654,0.4942533802596354,0.49570098272880103,0.4957178584981759
0.05716941027959756,0.4692315024660646,0.0004325877480273514,0.054170977537788094,0.4684612139053159,0.46796695055016835,0.5828645532215126,0.05716941027959756,0.4692315024660646,0.0004325877480273514,0.054170977537788094,0.4684612139053159,0.46796695055016835,0.5828645532215126
0.017932236731371728,0.5418671391769534,0.04711260095760474,0.04661237443820476,0.48335327984734744,0.48513012039806475,0.4851052705599524,0.017932236731371728,0.5418671391769534,0.04711260095760474,0.04661237443820476,0.48335327984734744,0.48513012039806475,0.4851052705599524
0.01601476069662109,0.5051961639926226,0.016201241364538377,0.04585405646205802,0.5339045730664824,0.47837328016765523,0.4785979341257072,0.01601476069662109,0.5051961639926226,0.016201241364538377,0.04585405646205802,0.5339045730664824,0.47837328016765523,0.4785979341257072
0.01485169411681774,0.48838178382155933,0.04516362034950602,0.07389983070589949,0.5202421036578336,0.48879365492606475,0.4951950461312069,0.01485169411681774,0.48838178382155933,0.04516362034950602,0.07389983070589949,0.5202421036578336,0.48879365492606475,0.4951950461312069
2.6976370846188487e-17,0.4405575691696657,5.753936433534136e-70,1.4400624569927039e-115,0.4416243922283996,0.5527951948940693,0.5530110395061458,2.6976370846188487e-17,0.4405575691696657,5.753936433534136e-70,1.4400624569927039e-115,0.4416243922283996,0.5527951948940693,0.5530110395061458
2.8603153602058244e-17,0.4671249477314255,0.11610083797158915,2.0994204722645725e-151,0.5252503907238473,0.4665522003684645,0.5251192325860364,2.8603153602058244e-17,0.4671249477314255,0.11610083797158915,2.0994204722645725e-151,0.5252503907238473,0.4665522003684645,0.5251192325860364
0.00047315037066359507,0.44090506072820135,1.1706890705599732e-8,0.00001495474489846856,0.49566150513039053,0.4411262249637196,0.605445061848041,0.00047315037066359507,0.44090506072820135,1.1706890705599732e-8,0.00001495474489846856,0.49566150513039053,0.4411262249637196,0.605445061848041
0.016084136772964577,0.5054563314631011,0.017384750129850537,0.044340417581151446,0.4769274740306721,0.4788992494541168,0.5349986891902838,0.016084136772964577,0.5054563314631011,0.017384750129850537,0.044340417581151446,0.4769274740306721,0.4788992494541168,0.5349986891902838
0.1059336352353229,0.48962486760304746,0.01739379685346777,0.015622171242285047,0.48973356315237404,0.4906936498328854,0.5195314579969823,0.1059336352353229,0.48962486760304746,0.01739379685346777,0.015622171242285047,0.48973356315237404,0.4906936498328854,0.5195314579969823
9.490715059528961e-8,0.5577297840258669,0.000040297184446785445,2.906189350406424e-11,0.4957001075085497,0.49943230023401264,0.4435433026268315,9.490715059528961e-8,0.5577297840258669,0.000040297184446785445,2.906189350406424e-11,0.4957001075085497,0.49943230023401264,0.4435433026268315
3.144730955436974e-17,0.5135735393464398,3.8644731006046544e-113,0.059276208131658355,0.5126013273047806,0.512609315433863,0.45769577466088635,3.144730955436974e-17,0.5135735393464398,3.8644731006046544e-113,0.059276208131658355,0.5126013273047806,0.512609315433863,0.45769577466088635
0.015303179450459862,0.48196935543692176,0.0439616595342856,0.04458442546749399,0.5423809651465766,0.4839578671048816,0.4860849050009022,0.015303179450459862,0.48196935543692176,0.0439616595342856,0.04458442546749399,0.5423809651465766,0.4839578671048816,0.4860849050009022
0.01767270528518333,0.4992094385120635,0.016230479658912535,0.01762634657502733,0.4795749341256521,0.5490427567416069,0.4706634062688279,0.01767270528518333,0.4992094385120635,0.016230479658912535,0.01762634657502733,0.4795749341256521,0.5490427567416069,0.4706634062688279
1.8135322957042196e-7,0.46329663481377936,0.0,0.11653423976070652,0.46669187700941833,0.583492808428642,0.4662880775416004,1.8135322957042196e-7,0.46329663481377936,0.0,0.11653423976070652,0.46669187700941833,0.583492808428642,0.4662880775416004
1.223555941108714e-6,0.5265103941011626,1.2391672031739987e-194,0.1165954227091772,0.4661293610245316,0.466826537015437,0.5251725271074013,1.223555941108714e-6,0.5265103941011626,1.2391672031739987e-194,0.1165954227091772,0.4661293610245316,0.466826537015437,0.5251725271074013
3.707273664776481e-17,0.6054437356726249,0.0,6.948665186895971e-65,0.44094424142152716,0.4962398038944819,0.44037236244253153,3.707273664776481e-17,0.6054437356726249,0.0,6.948665186895971e-65,0.44094424142152716,0.4962398038944819,0.44037236244253153
0.00003913455102569393,0.44256532194011977,5.036211770388219e-6,4.8826428097762005e-144,0.4392162121902723,0.49559168336622655,0.6058411873205088,0.00003913455102569393,0.44256532194011977,5.036211770388219e-6,4.8826428097762005e-144,0.4392162121902723,0.49559168336622655,0.6058411873205088
0.04542840390941179,0.483746599333144,0.015253454823747294,0.01625540333484476,0.48223955655080253,0.5386008272689407,0.5085206018773549,0.04542840390941179,0.483746599333144,0.015253454823747294,0.01625540333484476,0.48223955655080253,0.5386008272689407,0.5085206018773549
0.1164839693121664,0.4661502901948465,5.935788007214555e-86,3.7630213938401854e-11,0.5246221313106315,0.46746467617930754,0.5252720591876865,0.1164839693121664,0.4661502901948465,5.935788007214555e-86,3.7630213938401854e-11,0.5246221313106315,0.46746467617930754,0.5252720591876865
0.017082108691756148,0.4849216311983911,0.0161589075003792,0.07510802413849285,0.5115100318235613,0.5148080013221318,0.4839267592995735,0.017082108691756148,0.4849216311983911,0.0161589075003792,0.07510802413849285,0.5115100318235613,0.5148080013221318,0.4839267592995735
0.1205594687456205,0.5410820751756378,0.058573057860433424,1.712652016781804e-12,0.4817090131641938,0.4794430390816953,0.47977708730658364,0.1205594687456205,0.5410820751756378,0.058573057860433424,1.712652016781804e-12,0.4817090131641938,0.4794430390816953,0.47977708730658364
0.04608778998591745,0.4884898126522488,0.044364702653781084,0.047130928290965435,0.4914492539050512,0.48693595519509403,0.5274323320320473,0.04608778998591745,0.4884898126522488,0.044364702653781084,0.047130928290965435,0.4914492539050512,0.48693595519509403,0.5274323320320473
3.383746696181204e-17,0.552607772059193,0.0,1.6723183311179799e-65,0.4423719592831352,0.5526206929462251,0.44137083967641305,3.383746696181204e-17,0.552607772059193,0.0,1.6723183311179799e-65,0.4423719592831352,0.5526206929462251,0.44137083967641305
0.045630270538773984,0.48596100067464304,0.015127861808759444,0.04588484833202858,0.5139276120362104,0.5122544223417274,0.48452988376964934,0.045630270538773984,0.48596100067464304,0.015127861808759444,0.04588484833202858,0.5139276120362104,0.5122544223417274,0.48452988376964934
0.17585489274057123,0.4713976882960442,8.209992679571614e-15,2.4608994276174526e-27,0.4708915472021999,0.5454188353097792,0.47758451239899696,0.17585489274057123,0.4713976882960442,8.209992679571614e-15,2.4608994276174526e-27,0.4708915472021999,0.5454188353097792,0.47758451239899696
0.06334515593524202,0.5899486888893525,0.05612753748308269,5.75492950045837e-112,0.46492831816418945,0.4610373046570584,0.46666591227879123,0.06334515593524202,0.5899486888893525,0.05612753748308269,5.75492950045837e-112,0.46492831816418945,0.4610373046570584,0.46666591227879123
0.017105622717355617,0.5364204885774749,0.015289261333838126,0.04523379950216509,0.5063150683971702,0.47692541345760714,0.47743367858818486,0.017105622717355617,0.5364204885774749,0.015289261333838126,0.04523379950216509,0.5063150683971702,0.47692541345760714,0.47743367858818486
3.0394905187761817e-17,0.49638647173901784,6.059299537510831e-237,2.5865448025300142e-11,0.44119532059173105,0.6055940897044434,0.44085150928247,3.0394905187761817e-17,0.49638647173901784,6.059299537510831e-237,2.5865448025300142e-11,0.44119532059173105,0.6055940897044434,0.44085150928247
3.135233597683047e-17,0.5120225031194169,0.056270149608690874,0.0,0.4531474717950944,0.5692990447795773,0.4546665845527906,3.135233597683047e-17,0.5120225031194169,0.056270149608690874,0.0,0.4531474717950944,0.5692990447795773,0.4546665845527906
0.015295117125674862,0.49285438936311815,0.01618416562435432,0.1380739610090207,0.492996900838367,0.4953304285240251,0.5004104283655979,0.015295117125674862,0.49285438936311815,0.01618416562435432,0.1380739610090207,0.492996900838367,0.4953304285240251,0.5004104283655979
0.04602244734525034,0.5076077766341731,0.015409602435062706,0.014996788629886338,0.5068828363139274,0.47777118287426956,0.5068821800616974,0.04602244734525034,0.5076077766341731,0.015409602435062706,0.014996788629886338,0.5068828363139274,0.47777118287426956,0.5068821800616974
0.07171881552878882,0.48447873664896723,0.017189143365411167,0.016584816983348325,0.48509363875047223,0.5127302404048151,0.5114742331060215,0.07171881552878882,0.48447873664896723,0.017189143365411167,0.016584816983348325,0.48509363875047223,0.5127302404048151,0.5114742331060215
0.04470398654815421,0.49694835228373724,0.016712623328329478,0.04529950605168727,0.487460322594075,0.5086299882889496,0.5052480042212211,0.04470398654815421,0.49694835228373724,0.016712623328329478,0.04529950605168727,0.487460322594075,0.5086299882889496,0.5052480042212211
0.01682269173289554,0.5086107581560321,0.04494661616721604,0.017274258205325018,0.5057880782024972,0.4783355364764915,0.5077835883133448,0.01682269173289554,0.5086107581560321,0.04494661616721604,0.017274258205325018,0.5057880782024972,0.4783355364764915,0.5077835883133448
2.7676361963448498e-17,0.4519892916507496,0.05703187905919977,7.060106293809836e-198,0.45087432049024645,0.6210235261209822,0.4519677238319418,2.7676361963448498e-17,0.4519892916507496,0.05703187905919977,7.060106293809836e-198,0.45087432049024645,0.6210235261209822,0.4519677238319418
0.05557079475982418,0.4543595218104448,1.1929189866497435e-75,0.0,0.4545210204618289,0.568533968188269,0.5113052750405773,0.05557079475982418,0.4543595218104448,1.1929189866497435e-75,0.0,0.4545210204618289,0.568533968188269,0.5113052750405773
0.01465302751701583,0.47176751663524635,0.01542974860252479,0.015531350260249013,0.4979721164027289,0.5564968298721575,0.4693469113517174,0.01465302751701583,0.47176751663524635,0.01542974860252479,0.015531350260249013,0.4979721164027289,0.5564968298721575,0.4693469113517174
0.05042733345825082,0.5198658950567263,0.07263047060603856,0.018002647811710626,0.49151805204486265,0.49320105203091275,0.48873420831122066,0.05042733345825082,0.5198658950567263,0.07263047060603856,0.018002647811710626,0.49151805204486265,0.49320105203091275,0.48873420831122066
0.017047848734577545,0.5087678168494857,0.045216774010952684,0.016703455716235122,0.47879448525783647,0.5072565558252711,0.5066192884046259,0.017047848734577545,0.5087678168494857,0.045216774010952684,0.016703455716235122,0.47879448525783647,0.5072565558252711,0.5066192884046259
3.044413087166938e-17,0.49719038816523714,1.8883435258507556e-10,5.755318895432115e-99,0.4418993838015272,0.44241727628272537,0.6071294129958879,3.044413087166938e-17,0.49719038816523714,1.8883435258507556e-10,5.755318895432115e-99,0.4418993838015272,0.44241727628272537,0.6071294129958879
3.0883651203499767e-6,0.45384621279640314,0.05714839200921709,2.571754570844527e-71,0.45478490840891467,0.45408529983979057,0.618747451723629,3.0883651203499767e-6,0.45384621279640314,0.05714839200921709,2.571754570844527e-71,0.45478490840891467,0.45408529983979057,0.618747451723629
3.468693458154561e-17,0.566480631079851,6.568259795496842e-220,0.056512612805743316,0.45599791222712976,0.45527024472699984,0.5116636872777597,3.468693458154561e-17,0.566480631079851,6.568259795496842e-220,0.056512612805743316,0.45599791222712976,0.45527024472699984,0.5116636872777597
0.016197999134166,0.5332507199920447,0.016953578904056178,0.04786250675660413,0.4785815123642652,0.5078313089955944,0.4777803120887037,0.016197999134166,0.5332507199920447,0.016953578904056178,0.04786250675660413,0.4785815123642652,0.5078313089955944,0.4777803120887037
0.05709876795360241,0.525251776834007,2.636754070567843e-103,0.0588455363887778,0.46892958390737105,0.5282538168638657,0.46841892525288115,0.05709876795360241,0.525251776834007,2.636754070567843e-103,0.0588455363887778,0.46892958390737105,0.5282538168638657,0.46841892525288115
0.016789382827305726,0.5289937296725381,0.01754632037668165,0.017090898416799824,0.5258260407667238,0.47011627157347824,0.47183156945850346,0.016789382827305726,0.5289937296725381,0.01754632037668165,0.017090898416799824,0.5258260407667238,0.47011627157347824,0.47183156945850346
0.046687534512539,0.49725689766967146,0.01560306501818592,0.017820773425826462,0.495095558534179,0.4826860521217225,0.5399438531648665,0.046687534512539,0.49725689766967146,0.01560306501818592,0.017820773425826462,0.495095558534179,0.4826860521217225,0.5399438531648665
0.04488165900159272,0.47851672253079863,0.015092387843275113,0.01515941822139606,0.5354062747189373,0.4768434401611297,0.5064332466643631,0.04488165900159272,0.47851672253079863,0.015092387843275113,0.01515941822139606,0.5354062747189373,0.4768434401611297,0.5064332466643631
0.04611266351080135,0.4896026436815404,0.015466813721228127,0.07300775529425038,0.49046072276668684,0.4878693367944527,0.5268926926186512,0.04611266351080135,0.4896026436815404,0.015466813721228127,0.07300775529425038,0.49046072276668684,0.4878693367944527,0.5268926926186512
0.07304107690334426,0.5426207898266056,0.017155610664668555,0.01864165498084084,0.4840945472624489,0.483870382731666,0.48276113254219355,0.07304107690334426,0.5426207898266056,0.017155610664668555,0.01864165498084084,0.4840945472624489,0.483870382731666,0.48276113254219355
2.868622850053839e-17,0.46848166378274714,0.058830236241463114,0.059073031050984826,0.46914797609256503,0.5269794778274706,0.5274780421216261,2.868622850053839e-17,0.46848166378274714,0.058830236241463114,0.059073031050984826,0.46914797609256503,0.5269794778274706,0.5274780421216261
0.015365680994239163,0.47589218245475007,0.015317976679995467,0.044413809382176296,0.5615550274562048,0.47664947302833194,0.4785158175599714,0.015365680994239163,0.47589218245475007,0.015317976679995467,0.044413809382176296,0.5615550274562048,0.47664947302833194,0.4785158175599714
5.724359871552441e-7,0.46185901960647585,2.0326568557762896e-15,0.11861943609973724,0.46907426257441476,0.5274750121352161,0.5272116925796119,5.724359871552441e-7,0.46185901960647585,2.0326568557762896e-15,0.11861943609973724,0.46907426257441476,0.5274750121352161,0.5272116925796119
0.015254519080739657,0.4780686596935922,0.016035406741278305,0.04378845463006324,0.47705328652871654,0.5057425659341132,0.5349647438788498,0.015254519080739657,0.4780686596935922,0.016035406741278305,0.04378845463006324,0.47705328652871654,0.5057425659341132,0.5349647438788498
0.07453901565006693,0.49351450762933824,0.01567413977554909,0.04578595950656117,0.48881264654559464,0.4907374909347555,0.5205074942077929,0.07453901565006693,0.49351450762933824,0.01567413977554909,0.04578595950656117,0.48881264654559464,0.4907374909347555,0.5205074942077929
0.01656683896578719,0.5020075262769934,0.01590958674207935,0.017081742604152555,0.5287531808485192,0.49835137916540573,0.470734357933475,0.01656683896578719,0.5020075262769934,0.01590958674207935,0.017081742604152555,0.5287531808485192,0.49835137916540573,0.470734357933475
0.047587680487049054,0.49653841083084704,0.015708688213074053,0.10872836717080735,0.4961390744140273,0.4974538002841136,0.49628357765055336,0.047587680487049054,0.49653841083084704,0.015708688213074053,0.10872836717080735,0.4961390744140273,0.4974538002841136,0.49628357765055336
0.015567021662288539,0.506439573959063,0.04278937771418959,0.0172926904524696,0.5043771626834901,0.5066526932118567,0.4803946385746946,0.015567021662288539,0.506439573959063,0.04278937771418959,0.0172926904524696,0.5043771626834901,0.5066526932118567,0.4803946385746946
2.920386630398614e-17,0.4769353306491146,0.17991421950132355,0.004168201106366032,0.47912065114277386,0.48787855656525986,0.54169676725074,2.920386630398614e-17,0.4769353306491146,0.17991421950132355,0.004168201106366032,0.47912065114277386,0.48787855656525986,0.54169676725074
0.04560837941208933,0.4869430737023314,0.016143453149511447,0.04532332126849164,0.5127379561093071,0.4851431447548553,0.5144319671949353,0.04560837941208933,0.4869430737023314,0.016143453149511447,0.04532332126849164,0.5127379561093071,0.4851431447548553,0.5144319671949353
0.045581137141305635,0.5175113944950521,0.016907062305443123,0.04472959570368243,0.4866961363260568,0.511011946130799,0.4805778176537994,0.045581137141305635,0.5175113944950521,0.016907062305443123,0.04472959570368243,0.4866961363260568,0.511011946130799,0.4805778176537994
0.014894540509216465,0.501182322668167,0.014851645179577792,0.017064296890113052,0.5011404513689095,0.4742469911605415,0.5294309341754948,0.014894540509216465,0.501182322668167,0.014851645179577792,0.017064296890113052,0.5011404513689095,0.4742469911605415,0.5294309341754948
0.11544027529275319,0.4652390001422998,5.735368628438815e-9,2.1132154316855747e-86,0.5806076240189307,0.4657679803656536,0.46808249196002844,0.11544027529275319,0.4652390001422998,5.735368628438815e-9,2.1132154316855747e-86,0.5806076240189307,0.4657679803656536,0.46808249196002844
0.014969024457641157,0.4710349310285717,0.01543468766482084,0.015836498245480314,0.5276773139299651,0.5005297749558869,0.49901251291357673,0.014969024457641157,0.4710349310285717,0.01543468766482084,0.015836498245480314,0.5276773139299651,0.5005297749558869,0.49901251291357673
3.042613498400659e-17,0.4968964930164428,1.786533990864316e-10,1.24777108587341e-97,0.4440383549591526,0.4432849598941963,0.6048924346557665,3.042613498400659e-17,0.4968964930164428,1.786533990864316e-10,1.24777108587341e-97,0.4440383549591526,0.4432849598941963,0.6048924346557665
