f_1,f_2,f_3,f_4,f_5,f_6,f_7,f_1_min,f_2_min,f_3_min,f_4_min,f_5_min,f_6_min,f_7_min
0.6509124424955617,0.3981071993194328,0.10023972111027063,5.8572873496377955,0.7762493875203054,0.7955410161367079,0.12267003522014408,0.6509124424955617,0.3981071993194328,0.10023972111027063,5.8572873496377955,0.7762493875203054,0.7955410161367079,0.12267003522014408
0.10746454111443292,0.011204669879687344,1.0362849024051928,7.336831709673277,0.7726414924616645,1.2111271599466136,0.41867382053765195,0.10746454111443292,0.011204669879687344,1.0362849024051928,7.336831709673277,0.7726414924616645,1.2111271599466136,0.41867382053765195
0.05213033777148277,0.08877374470946553,0.7746942887731073,6.855612098611869,0.7779325504075381,0.7816054602617547,0.5688918327339378,0.05213033777148277,0.08877374470946553,0.7746942887731073,6.855612098611869,0.7779325504075381,0.7816054602617547,0.5688918327339378
0.5604008512304163,0.7877807810909115,0.14585048634462275,4.958078901775125,0.7634312873707351,1.0808642690131458,0.47266015064082634,0.5604008512304163,0.7877807810909115,0.14585048634462275,4.958078901775125,0.7634312873707351,1.0808642690131458,0.47266015064082634
0.35771488221385156,0.6335711699969161,0.2586265842062785,6.484341856114087,0.7790940521444244,0.783180816486141,0.21447936261491707,0.35771488221385156,0.6335711699969161,0.2586265842062785,6.484341856114087,0.7790940521444244,0.783180816486141,0.21447936261491707
0.6623288045841867,0.3936582285349081,0.08288470920803265,7.23372886688815,0.7826509648023208,0.783860633427829,0.08104363007292342,0.6623288045841867,0.3936582285349081,0.08288470920803265,7.23372886688815,0.7826509648023208,0.783860633427829,0.08104363007292342
0.41019720364038964,0.4378915366357634,0.4886904835166259,6.184662633470594,0.7703696642893063,0.7773082441266003,0.8622401558495376,0.41019720364038964,0.4378915366357634,0.4886904835166259,6.184662633470594,0.7703696642893063,0.7773082441266003,0.8622401558495376
0.5274421468916318,0.10692256525128357,0.5844991868393615,6.220467386407699,0.7766640630739943,0.7831612455129691,0.31379977702851125,0.5274421468916318,0.10692256525128357,0.5844991868393615,6.220467386407699,0.7766640630739943,0.7831612455129691,0.31379977702851125
0.07790110974526,0.090885476276448,0.8700972790507836,5.466682896345957,0.7617180866204885,1.1528221712429507,0.6610052626535359,0.07790110974526,0.090885476276448,0.8700972790507836,5.466682896345957,0.7617180866204885,1.1528221712429507,0.6610052626535359
0.707218306589784,0.5733807167992658,0.18735295108278316,5.523980485193659,0.7752440473934806,0.7760976193239995,0.761049280843731,0.707218306589784,0.5733807167992658,0.18735295108278316,5.523980485193659,0.7752440473934806,0.7760976193239995,0.761049280843731
0.11225698257000492,0.2054496914298707,0.75687751376075,4.3050848761504525,0.7659960492441539,0.7973640966070132,0.41284042969586915,0.11225698257000492,0.2054496914298707,0.75687751376075,4.3050848761504525,0.7659960492441539,0.7973640966070132,0.41284042969586915
0.09823543135649679,0.7247073568191568,0.21462837381370695,6.263318252784593,0.7679394854259926,1.075338489901016,0.7143131227490469,0.09823543135649679,0.7247073568191568,0.21462837381370695,6.263318252784593,0.7679394854259926,1.075338489901016,0.7143131227490469
0.22143332141450972,0.05233999211718434,0.8509846728656554,4.461010194539075,0.7631710463086245,0.9576288250859303,0.3646421550748263,0.22143332141450972,0.05233999211718434,0.8509846728656554,4.461010194539075,0.7631710463086245,0.9576288250859303,0.3646421550748263
0.6280881052797777,0.09186775242701581,0.4570425626385498,6.734530996162748,0.7706349456815955,1.1703085025277575,0.666562253679641,0.6280881052797777,0.09186775242701581,0.4570425626385498,6.734530996162748,0.7706349456815955,1.1703085025277575,0.666562253679641
2.4966500926965507,0.704085288100541,0.6965600455823023,0.7212357841280235,0.7467966519412962,0.7732414176071458,0.27065164958282667,2.4966500926965507,0.704085288100541,0.6965600455823023,0.7212357841280235,0.7467966519412962,0.7732414176071458,0.27065164958282667
0.5383497864259393,0.4346815753319906,0.3867985171587593,5.966879355040108,0.7715853672760504,0.9090117706620382,0.5826720440140442,0.5383497864259393,0.4346815753319906,0.3867985171587593,5.966879355040108,0.7715853672760504,0.9090117706620382,0.5826720440140442
0.508635024903246,0.3053470318341471,0.49653050589400527,7.023610584435515,0.7795244519133566,0.798447552143786,0.326247721628206,0.508635024903246,0.3053470318341471,0.49653050589400527,7.023610584435515,0.7795244519133566,0.798447552143786,0.326247721628206
0.5253777405692104,0.2982933780763094,0.46948340144890527,5.0070786447977165,0.7687577928458502,0.7773498953312021,0.593580956087553,0.5253777405692104,0.2982933780763094,0.46948340144890527,5.0070786447977165,0.7687577928458502,0.7773498953312021,0.593580956087553
0.31834118077770507,0.5759305248253979,0.4119020879029151,6.681808410134766,0.7751929750189976,0.7837450507775298,0.628282833725535,0.31834118077770507,0.5759305248253979,0.4119020879029151,6.681808410134766,0.7751929750189976,0.7837450507775298,0.628282833725535
0.6214124120324566,0.388193773185405,0.2181389251479718,5.5243561265326235,0.7719032381394,0.9557038126986148,0.1117157158991236,0.6214124120324566,0.388193773185405,0.2181389251479718,5.5243561265326235,0.7719032381394,0.9557038126986148,0.1117157158991236
0.10209693798190975,0.7336204705678198,0.507635556507374,5.879369181792915,0.7755197207666725,0.7820735836081671,0.3246645757783535,0.10209693798190975,0.7336204705678198,0.507635556507374,5.879369181792915,0.7755197207666725,0.7820735836081671,0.3246645757783535
0.4222439749774679,0.364108843318198,0.5360193419495464,5.771674184941473,0.7787323508358287,0.7830924333433911,0.03545862472656618,0.4222439749774679,0.364108843318198,0.5360193419495464,5.771674184941473,0.7787323508358287,0.7830924333433911,0.03545862472656618
0.06452215752912309,0.07521315453709712,0.9376101544359492,7.263142074450956,0.7740863534625968,1.1172281784868938,0.37759902382616467,0.06452215752912309,0.07521315453709712,0.9376101544359492,7.263142074450956,0.7740863534625968,1.1172281784868938,0.37759902382616467
0.09267988214836424,0.04781010870271289,0.7652785162405372,5.832093291269412,0.7707415585882917,0.9872320457837976,0.43742570811702225,0.09267988214836424,0.04781010870271289,0.7652785162405372,5.832093291269412,0.7707415585882917,0.9872320457837976,0.43742570811702225
0.648315820458453,0.10926024299366795,0.3523332164715138,4.462873793868126,0.7563018716619102,1.1142292690450784,0.4539100849599638,0.648315820458453,0.10926024299366795,0.3523332164715138,4.462873793868126,0.7563018716619102,1.1142292690450784,0.4539100849599638
0.13826684758724772,0.07871354257511318,0.7387070562429552,4.537081381229081,0.7660093281497568,0.7867605073825262,0.537598101889838,0.13826684758724772,0.07871354257511318,0.7387070562429552,4.537081381229081,0.7660093281497568,0.7867605073825262,0.537598101889838
0.32190083144358367,0.5613390051837556,0.3753017785015264,3.846923332967648,0.7620462054628505,0.7763156489745893,0.426829084569409,0.32190083144358367,0.5613390051837556,0.3753017785015264,3.846923332967648,0.7620462054628505,0.7763156489745893,0.426829084569409
0.36819811168774896,0.4927231269201081,0.469082116039064,5.949146984593469,0.7740386480208531,0.7817077808467437,0.5150560618539872,0.36819811168774896,0.4927231269201081,0.469082116039064,5.949146984593469,0.7740386480208531,0.7817077808467437,0.5150560618539872
0.025424082626167493,0.15138236911774153,0.7739181542905709,5.807141907195241,0.7707605979564578,0.7764844138090004,0.783830742421663,0.025424082626167493,0.15138236911774153,0.7739181542905709,5.807141907195241,0.7707605979564578,0.7764844138090004,0.783830742421663
0.4517391321779377,0.5010892794667876,0.39552856200505343,5.926257144050871,0.7587476230485336,1.388295070017056,0.6810528516633059,0.4517391321779377,0.5010892794667876,0.39552856200505343,5.926257144050871,0.7587476230485336,1.388295070017056,0.6810528516633059
0.09484229285169439,0.7601703281513253,0.09287655713472578,6.627508991927673,0.7728358986777988,1.0672466895132726,0.3653227040124077,0.09484229285169439,0.7601703281513253,0.09287655713472578,6.627508991927673,0.7728358986777988,1.0672466895132726,0.3653227040124077
0.5913345714263247,0.334283963978178,0.3208079776918811,5.068834002736332,0.7595895361957783,1.2060397689870639,0.45294217618187227,0.5913345714263247,0.334283963978178,0.3208079776918811,5.068834002736332,0.7595895361957783,1.2060397689870639,0.45294217618187227
0.3299551313261903,0.6236317259781665,0.5099375709839835,6.488575945475831,0.7731431841987813,1.0693891783353449,0.37558070005760247,0.3299551313261903,0.6236317259781665,0.5099375709839835,6.488575945475831,0.7731431841987813,1.0693891783353449,0.37558070005760247
0.7507246179189289,0.09547153461808183,0.5329678321104363,6.0641619566426685,0.7746526302989569,0.7826079515745532,0.5230561276651547,0.7507246179189289,0.09547153461808183,0.5329678321104363,6.0641619566426685,0.7746526302989569,0.7826079515745532,0.5230561276651547
0.11010749645690054,0.012283238564159162,1.008533064482342,7.299395990615959,0.7786742335581788,0.7852016699186276,0.4059510075244478,0.11010749645690054,0.012283238564159162,1.008533064482342,7.299395990615959,0.7786742335581788,0.7852016699186276,0.4059510075244478
0.07038587174508006,0.08995586729234797,0.7765121337561622,6.0049488141369585,0.7741744844529039,0.7916525171469897,0.5980791443629373,0.07038587174508006,0.08995586729234797,0.7765121337561622,6.0049488141369585,0.7741744844529039,0.7916525171469897,0.5980791443629373
0.07942484016633418,0.13931225640331027,0.7521732901009826,5.815537317842233,0.7758737586124836,0.7878113779911681,0.2168371613240226,0.07942484016633418,0.13931225640331027,0.7521732901009826,5.815537317842233,0.7758737586124836,0.7878113779911681,0.2168371613240226
0.09188796904582337,0.6235725467096611,0.4402812943076007,6.7077209006161445,0.9893268919368561,1.1403380450910225,0.018928978939637454,0.09188796904582337,0.6235725467096611,0.4402812943076007,6.7077209006161445,0.9893268919368561,1.1403380450910225,0.018928978939637454
0.10131689793756629,0.6175353136431632,0.44364814911184985,6.724087107460933,0.9910021574184301,0.7850532643320117,0.6589105216642618,0.10131689793756629,0.6175353136431632,0.44364814911184985,6.724087107460933,0.9910021574184301,0.7850532643320117,0.6589105216642618
0.6021877703335353,0.33752038377868837,0.3304001966044249,5.488515229845755,0.7725933505043221,0.7811556310402406,0.48104390316557855,0.6021877703335353,0.33752038377868837,0.3304001966044249,5.488515229845755,0.7725933505043221,0.7811556310402406,0.48104390316557855
0.6007245977460867,0.22310508697614168,1.7464238616437322,0.6768054141657363,0.7202131884697519,0.7663911626496039,0.2039696898042326,0.6007245977460867,0.22310508697614168,1.7464238616437322,0.6768054141657363,0.7202131884697519,0.7663911626496039,0.2039696898042326
1.082445070294367e-17,1.082445070294367e-17,1.530808498934192e-17,2.1648901405887338e-17,3.0616169978683836e-17,4.329780281177467e-17,1.0,1.082445070294367e-17,1.082445070294367e-17,1.530808498934192e-17,2.1648901405887338e-17,3.0616169978683836e-17,4.329780281177467e-17,1.0
0.11297486717248716,0.07482259987078343,0.9035601391157214,5.034659669147299,0.7675681010915822,0.9371904562726724,0.4328499553238062,0.11297486717248716,0.07482259987078343,0.9035601391157214,5.034659669147299,0.7675681010915822,0.9371904562726724,0.4328499553238062
0.1207468056281409,0.06626035395673781,0.8692126843819786,5.6919929753411225,0.7665269137155076,1.1172049077791084,0.4785267781765443,0.1207468056281409,0.06626035395673781,0.8692126843819786,5.6919929753411225,0.7665269137155076,1.1172049077791084,0.4785267781765443
0.022929747215834802,0.08158257017014038,0.7639174414618747,6.918114808220445,0.7721692176728009,1.032255838319701,0.6506145436347645,0.022929747215834802,0.08158257017014038,0.7639174414618747,6.918114808220445,0.7721692176728009,1.032255838319701,0.6506145436347645
0.08194958534862269,0.7724838018971109,0.12388111200483831,7.274205934232024,0.7761585658246294,0.79910174527467,0.6722445634662285,0.08194958534862269,0.7724838018971109,0.12388111200483831,7.274205934232024,0.7761585658246294,0.79910174527467,0.6722445634662285
0.3573858545529619,0.6607330837122036,0.12474637822607001,5.264505713602336,0.7689561467545689,0.9388991743349944,0.40063804908169925,0.3573858545529619,0.6607330837122036,0.12474637822607001,5.264505713602336,0.7689561467545689,0.9388991743349944,0.40063804908169925
0.6718092566555618,0.10386949947122077,0.4023511360011832,7.267693473597223,0.7708227804794716,1.1706628693214103,0.6974057947644898,0.6718092566555618,0.10386949947122077,0.4023511360011832,7.267693473597223,0.7708227804794716,1.1706628693214103,0.6974057947644898
0.09227130846711454,0.018214415408944893,0.7600339444779741,7.0354822627020255,0.7697228913586794,1.1450741623716336,0.7535105018448522,0.09227130846711454,0.018214415408944893,0.7600339444779741,7.0354822627020255,0.7697228913586794,1.1450741623716336,0.7535105018448522
0.8502114386880015,0.11012524727444449,0.2674172563185483,5.903725622973667,0.774379413882829,0.9010470976241516,0.3250622277898151,0.8502114386880015,0.11012524727444449,0.2674172563185483,5.903725622973667,0.774379413882829,0.9010470976241516,0.3250622277898151
0.6002076246017813,0.3034326251291205,0.3807791513105698,6.390479119755776,0.7687015034904736,0.989296339491849,0.8127732344229859,0.6002076246017813,0.3034326251291205,0.3807791513105698,6.390479119755776,0.7687015034904736,0.989296339491849,0.8127732344229859
0.09799644811072555,0.051333830292732065,0.7712811249299797,6.647282801885765,0.9896116623363561,0.8229997424501745,0.5777200066283521,0.09799644811072555,0.051333830292732065,0.7712811249299797,6.647282801885765,0.9896116623363561,0.8229997424501745,0.5777200066283521
0.09420135522308587,0.15164243595200708,0.7770934913611653,5.280733721218779,0.7662712809928905,0.9945547014682432,0.5359776945882582,0.09420135522308587,0.15164243595200708,0.7770934913611653,5.280733721218779,0.7662712809928905,0.9945547014682432,0.5359776945882582
0.09328242385901721,0.707343247769314,0.4988566826794551,5.854198822740215,0.7648308846732944,1.1419042990301917,0.6566826564733617,0.09328242385901721,0.707343247769314,0.4988566826794551,5.854198822740215,0.7648308846732944,1.1419042990301917,0.6566826564733617
0.13071280955573453,0.02338903187381341,0.7391508978389363,4.191252517948331,0.8802653719408534,0.7932186808635235,0.37590007832948275,0.13071280955573453,0.02338903187381341,0.7391508978389363,4.191252517948331,0.8802653719408534,0.7932186808635235,0.37590007832948275
0.1035658266241476,0.05600053020084058,0.8881705730917181,5.7437862821179095,0.7706089941923766,0.7773502355796047,0.7224692257630337,0.1035658266241476,0.05600053020084058,0.8881705730917181,5.7437862821179095,0.7706089941923766,0.7773502355796047,0.7224692257630337
0.17631949748662795,0.060644881082826,0.7263291427169472,4.462277397243149,0.7777337910671934,1.069822927060291,0.17135338633380565,0.17631949748662795,0.060644881082826,0.7263291427169472,4.462277397243149,0.7777337910671934,1.069822927060291,0.17135338633380565
0.11645250181058688,0.8065431766281222,0.09131296254073647,6.865143574435213,0.7750084833986791,0.8162512221184574,0.6851275343849311,0.11645250181058688,0.8065431766281222,0.09131296254073647,6.865143574435213,0.7750084833986791,0.8162512221184574,0.6851275343849311
0.6920695000277672,0.15047066903536852,0.3439958945140217,6.899095434831983,0.7700464595060641,1.1486574191553929,0.663357282891677,0.6920695000277672,0.15047066903536852,0.3439958945140217,6.899095434831983,0.7700464595060641,1.1486574191553929,0.663357282891677
0.3604483519950548,0.6477610692151243,0.23293319954335534,5.760821155397263,0.7685008635799422,1.0269509183773842,0.5894344851873404,0.3604483519950548,0.6477610692151243,0.23293319954335534,5.760821155397263,0.7685008635799422,1.0269509183773842,0.5894344851873404
0.4112639283807834,0.5038288968946485,0.4623143922981501,5.984675498517527,0.7682838356259508,1.0635767454074307,0.5755575046058543,0.4112639283807834,0.5038288968946485,0.4623143922981501,5.984675498517527,0.7682838356259508,1.0635767454074307,0.5755575046058543
0.5853508094052677,0.4474452159237186,0.2198775835628816,6.071412907707436,0.7754885106596092,0.7826048365008874,0.5094285925931392,0.5853508094052677,0.4474452159237186,0.2198775835628816,6.071412907707436,0.7754885106596092,0.7826048365008874,0.5094285925931392
0.6745962752616178,0.09605544327317084,0.4047482070326495,7.012568455211654,0.7744741701644925,1.0248160642186062,0.419015468680129,0.6745962752616178,0.09605544327317084,0.4047482070326495,7.012568455211654,0.7744741701644925,1.0248160642186062,0.419015468680129
0.059586727727738625,0.12393652389858847,1.0703993357888573,5.92797170461063,0.7746216679898397,0.7857497907645943,0.5107173062455062,0.059586727727738625,0.12393652389858847,1.0703993357888573,5.92797170461063,0.7746216679898397,0.7857497907645943,0.5107173062455062
0.7918752201409296,0.6751474350763981,0.11643368892139562,7.592802031775917,0.7738643493563339,1.255248611118209,0.022485467592564114,0.7918752201409296,0.6751474350763981,0.11643368892139562,7.592802031775917,0.7738643493563339,1.255248611118209,0.022485467592564114
0.018856274952370473,0.12418877354486063,0.8375343637278474,5.012085883584264,0.7623607874180726,0.9852029501912621,0.66609562514304,0.018856274952370473,0.12418877354486063,0.8375343637278474,5.012085883584264,0.7623607874180726,0.9852029501912621,0.66609562514304
0.0833177752845644,0.009221434534790749,0.7572383540743727,6.883478136519188,0.7667391176796113,1.3216582832955919,0.68567819206297,0.0833177752845644,0.009221434534790749,0.7572383540743727,6.883478136519188,0.7667391176796113,1.3216582832955919,0.68567819206297
0.01167105735430561,0.1076195480503531,0.8753608460517754,7.064158035211558,0.7720484808437434,1.0525686732095894,0.6899489608307017,0.01167105735430561,0.1076195480503531,0.8753608460517754,7.064158035211558,0.7720484808437434,1.0525686732095894,0.6899489608307017
0.14502754778714005,0.021909672602449023,0.9464570891523525,4.992378290711126,0.7679645570427907,0.9929606847691553,0.14534175737213795,0.14502754778714005,0.021909672602449023,0.9464570891523525,4.992378290711126,0.7679645570427907,0.9929606847691553,0.14534175737213795
0.5246728903476673,0.5103655299207212,0.25380240054702385,7.266730172406972,0.7790966777853175,0.7835116602257706,0.23935151636220106,0.5246728903476673,0.5103655299207212,0.25380240054702385,7.266730172406972,0.7790966777853175,0.7835116602257706,0.23935151636220106
0.34431312353609184,0.6582395846607759,0.3099541613239546,5.673482947075556,0.7727005388576969,0.7774983017989118,0.6991796069558013,0.34431312353609184,0.6582395846607759,0.3099541613239546,5.673482947075556,0.7727005388576969,0.7774983017989118,0.6991796069558013
0.11787606785927998,0.08948728324544157,0.7684777751509965,4.5080012320933704,0.7653429894851059,0.7785894009466756,0.5741659521144563,0.11787606785927998,0.08948728324544157,0.7684777751509965,4.5080012320933704,0.7653429894851059,0.7785894009466756,0.5741659521144563
0.38938205149968735,0.5153035933672878,0.39810348559659015,5.060855197661683,0.7672765958389356,0.9384955712187952,0.4457109970314259,0.38938205149968735,0.5153035933672878,0.39810348559659015,5.060855197661683,0.7672765958389356,0.9384955712187952,0.4457109970314259
0.07484529372897714,0.049506812898575156,0.7735984864696404,6.611713207351682,0.7774393726760214,1.2159919822335155,0.21063979427519977,0.07484529372897714,0.049506812898575156,0.7735984864696404,6.611713207351682,0.7774393726760214,1.2159919822335155,0.21063979427519977
0.7624093103221056,0.26051872494089773,0.10069125994879922,6.776484544679828,0.7776230007814747,0.7823803836336795,0.4040867305903614,0.7624093103221056,0.26051872494089773,0.10069125994879922,6.776484544679828,0.7776230007814747,0.7823803836336795,0.4040867305903614
0.3643283282993114,0.48402682098028693,0.48743595601481543,5.257584484079088,0.7720187730556067,0.7799151131839189,0.45725453475054506,0.3643283282993114,0.48402682098028693,0.48743595601481543,5.257584484079088,0.7720187730556067,0.7799151131839189,0.45725453475054506
0.1021116192402656,0.05389532818118709,0.7687958094434034,6.281799526217845,0.7744883697357531,0.8200421306560646,0.5450005784053547,0.1021116192402656,0.05389532818118709,0.7687958094434034,6.281799526217845,0.7744883697357531,0.8200421306560646,0.5450005784053547
0.5006438038381639,0.4870178383470093,0.3422305094478765,7.144587766619859,0.7757692492554399,1.0137120727172504,0.26731039950904995,0.5006438038381639,0.4870178383470093,0.3422305094478765,7.144587766619859,0.7757692492554399,1.0137120727172504,0.26731039950904995
0.02456072824572177,0.16643061226527076,0.7487601209218699,5.064042791521456,0.9157264147671632,1.0976635427162857,0.6767930514662586,0.02456072824572177,0.16643061226527076,0.7487601209218699,5.064042791521456,0.9157264147671632,1.0976635427162857,0.6767930514662586
0.7625728797793395,0.27303328354479234,0.09915648174661679,7.191342993363111,0.7780709961591782,0.7825455542484778,0.4305715699861206,0.7625728797793395,0.27303328354479234,0.09915648174661679,7.191342993363111,0.7780709961591782,0.7825455542484778,0.4305715699861206
0.3557160171833482,0.507987642925521,0.4394406392854467,6.178273242222395,0.7671099016224303,1.164684619205922,0.6893929349650316,0.3557160171833482,0.507987642925521,0.4394406392854467,6.178273242222395,0.7671099016224303,1.164684619205922,0.6893929349650316
0.516646363435552,0.39839473491544786,0.42846480144319954,7.639316118375971,0.7775278812739783,0.7852087099513709,0.6641760987296103,0.516646363435552,0.39839473491544786,0.42846480144319954,7.639316118375971,0.7775278812739783,0.7852087099513709,0.6641760987296103
0.40994667836084775,0.437348574456481,0.48920704841858476,5.87985627892545,0.7714259091705548,0.7789418195005638,0.7030633316086,0.40994667836084775,0.437348574456481,0.48920704841858476,5.87985627892545,0.7714259091705548,0.7789418195005638,0.7030633316086
0.7814322308116609,0.0828907516152831,0.10759042521353533,7.255613703555341,0.7742271346450987,0.9330567072076313,0.6993952160081878,0.7814322308116609,0.0828907516152831,0.10759042521353533,7.255613703555341,0.7742271346450987,0.9330567072076313,0.6993952160081878
0.6083049167424436,0.3403655605824617,0.3248733463053938,6.226276084547657,0.774890169614566,0.7805989382124277,0.5423337481769857,0.6083049167424436,0.3403655605824617,0.3248733463053938,6.226276084547657,0.774890169614566,0.7805989382124277,0.5423337481769857
0.5462387418544374,0.42302413609308387,0.3332016772784274,5.346167420506803,0.7659264516822822,1.0361321479395629,0.5021865875793917,0.5462387418544374,0.42302413609308387,0.3332016772784274,5.346167420506803,0.7659264516822822,1.0361321479395629,0.5021865875793917
0.4341621935976205,0.3891434039227727,0.4579011646396122,4.605302236888352,0.7459794620985758,1.3840758309596377,0.5479053940051253,0.4341621935976205,0.3891434039227727,0.4579011646396122,4.605302236888352,0.7459794620985758,1.3840758309596377,0.5479053940051253
0.4986921036834282,0.3916726989987286,0.39956437975025944,4.090788518413647,0.8499133752941327,0.7777013593889219,0.40432418617418264,0.4986921036834282,0.3916726989987286,0.39956437975025944,4.090788518413647,0.8499133752941327,0.7777013593889219,0.40432418617418264
0.1314900038862539,0.8276291960783346,0.5848584395844659,5.6089034585728115,0.769340845259765,0.7764014826804138,0.7665121023236042,0.1314900038862539,0.8276291960783346,0.5848584395844659,5.6089034585728115,0.769340845259765,0.7764014826804138,0.7665121023236042
0.14360362511307512,0.8407829556294151,0.12441520914898178,5.190779497121468,0.7697562297663049,0.7851858881000393,0.7119028216555473,0.14360362511307512,0.8407829556294151,0.12441520914898178,5.190779497121468,0.7697562297663049,0.7851858881000393,0.7119028216555473
0.09520647191827841,0.052795436416331706,0.868880858310838,6.3503461106819925,0.7775810314588666,0.7843922622385386,0.3543530936064586,0.09520647191827841,0.052795436416331706,0.868880858310838,6.3503461106819925,0.7775810314588666,0.7843922622385386,0.3543530936064586
0.08887204575605717,0.6327228755900628,0.40236755971270943,5.362852721830773,0.7607306000682588,1.2431466195699998,0.47146526720346593,0.08887204575605717,0.6327228755900628,0.40236755971270943,5.362852721830773,0.7607306000682588,1.2431466195699998,0.47146526720346593
0.6720399058014604,2.5619523404804045,0.743503721808638,0.7216316754718909,0.7471497262040098,0.8521122272232495,0.0,0.6720399058014604,2.5619523404804045,0.743503721808638,0.7216316754718909,0.7471497262040098,0.8521122272232495,0.0
0.09519991694529714,0.7679280230055335,0.10899421817819985,6.713098554773336,0.7784239186807261,0.7831659716730723,0.3716685393646619,0.09519991694529714,0.7679280230055335,0.10899421817819985,6.713098554773336,0.7784239186807261,0.7831659716730723,0.3716685393646619
0.33950682891959233,0.546548536137537,0.41172781353108917,4.672761573027505,0.7689467756294452,0.8466925284090141,0.43992499292993253,0.33950682891959233,0.546548536137537,0.41172781353108917,4.672761573027505,0.7689467756294452,0.8466925284090141,0.43992499292993253
0.14773834277401635,0.13785373665147246,0.28114915629283843,0.49598473500376244,0.8665043199565459,0.737675880433171,0.002026818668824087,0.14773834277401635,0.13785373665147246,0.28114915629283843,0.49598473500376244,0.8665043199565459,0.737675880433171,0.002026818668824087
0.5202939907830112,0.4136404159518585,0.3870254537155395,7.327984282982645,0.7734513065152037,1.009266965528473,0.7035425328198557,0.5202939907830112,0.4136404159518585,0.3870254537155395,7.327984282982645,0.7734513065152037,1.009266965528473,0.7035425328198557
0.4436264945933872,0.4316673496503618,0.4896959060948435,6.718371328325188,0.7750014624080056,0.998184936346619,0.2228560432950893,0.4436264945933872,0.4316673496503618,0.4896959060948435,6.718371328325188,0.7750014624080056,0.998184936346619,0.2228560432950893
0.7022546232761843,0.22477394151283148,0.1228323556239758,4.486443455710643,0.7595731456226583,1.0503831978883296,0.5205372831669227,0.7022546232761843,0.22477394151283148,0.1228323556239758,4.486443455710643,0.7595731456226583,1.0503831978883296,0.5205372831669227
0.4369824397558295,0.4252040716610695,0.49336304331244546,6.670740542559675,0.770171467293097,1.252772080059877,0.22266792356044482,0.4369824397558295,0.4252040716610695,0.49336304331244546,6.670740542559675,0.770171467293097,1.252772080059877,0.22266792356044482
0.3854457559883487,0.5545681980406344,0.5538337209143359,5.531392664687624,0.7737697182280597,0.7792600880222981,0.5993489281508826,0.3854457559883487,0.5545681980406344,0.5538337209143359,5.531392664687624,0.7737697182280597,0.7792600880222981,0.5993489281508826
0.6531635387311251,0.3913787969928596,0.1102938620250852,6.5750276491023385,0.7774310413660234,1.0229832797280414,0.06705669708898673,0.6531635387311251,0.3913787969928596,0.1102938620250852,6.5750276491023385,0.7774310413660234,1.0229832797280414,0.06705669708898673
0.5048604646419089,0.4365608371546373,0.5486538696316574,5.216059324675928,0.7724780154101151,0.7783849397153056,0.5670976561360046,0.5048604646419089,0.4365608371546373,0.5486538696316574,5.216059324675928,0.7724780154101151,0.7783849397153056,0.5670976561360046
0.41903403449129745,0.3294008936156934,0.5453396399251604,7.2066683703293215,0.7668854421365172,1.4880949119218307,0.43010031300759666,0.41903403449129745,0.3294008936156934,0.5453396399251604,7.2066683703293215,0.7668854421365172,1.4880949119218307,0.43010031300759666
0.017346702766979635,0.12683307762418575,1.0626137504374829,6.339457143743127,0.7745365980620841,0.7802094740339869,0.6086824352595291,0.017346702766979635,0.12683307762418575,1.0626137504374829,6.339457143743127,0.7745365980620841,0.7802094740339869,0.6086824352595291
0.49162498824359613,0.9193027917582075,0.1317781671244197,6.037996655900423,0.7747141905328655,0.7808728448014024,0.4943798949607249,0.49162498824359613,0.9193027917582075,0.1317781671244197,6.037996655900423,0.7747141905328655,0.7808728448014024,0.4943798949607249
0.7479997066494333,0.10645830961605822,0.11932427778216516,5.650184655616654,0.7719083905503419,0.7789435808172258,0.5971764348855703,0.7479997066494333,0.10645830961605822,0.11932427778216516,5.650184655616654,0.7719083905503419,0.7789435808172258,0.5971764348855703
0.07689547037368807,0.1337624608826838,0.772915120754036,4.890495192280044,0.7610990554182542,1.1911863908990796,0.10750024238079653,0.07689547037368807,0.1337624608826838,0.772915120754036,4.890495192280044,0.7610990554182542,1.1911863908990796,0.10750024238079653
0.359508297983642,0.5132411087639294,0.43718693131069486,6.631051328423049,0.77054775642162,1.089829898288218,0.7315262965453649,0.359508297983642,0.5132411087639294,0.43718693131069486,6.631051328423049,0.77054775642162,1.089829898288218,0.7315262965453649
0.10643175730739875,0.7408330803096121,0.11744952296070937,5.276106057740718,0.7649800716316023,0.9960629733423659,0.6082388743853827,0.10643175730739875,0.7408330803096121,0.11744952296070937,5.276106057740718,0.7649800716316023,0.9960629733423659,0.6082388743853827
0.017554660591719107,0.11083164492074003,0.9926616159574311,6.784219387698438,0.77540268186433,0.8027259079152812,0.6428977623598183,0.017554660591719107,0.11083164492074003,0.9926616159574311,6.784219387698438,0.77540268186433,0.8027259079152812,0.6428977623598183
0.5277037240678594,0.386779240469329,0.4707130617390786,5.815166209254628,0.7703117730517848,0.9902944397016341,0.4468765547185566,0.5277037240678594,0.386779240469329,0.4707130617390786,5.815166209254628,0.7703117730517848,0.9902944397016341,0.4468765547185566
0.36140898438339253,0.5179626310693805,0.43891751507708815,7.1135181748026,0.7775999866864958,0.878416691198666,0.7791821900917665,0.36140898438339253,0.5179626310693805,0.43891751507708815,7.1135181748026,0.7775999866864958,0.878416691198666,0.7791821900917665
0.2840112540755496,0.6740155846693605,0.24125913842445837,6.4872209706431585,0.7754041834996701,0.7831850363617224,0.5506611510431829,0.2840112540755496,0.6740155846693605,0.24125913842445837,6.4872209706431585,0.7754041834996701,0.7831850363617224,0.5506611510431829
0.5113053862087282,0.4329682143573445,0.6150059839233835,5.277485148897453,0.7746358852825347,0.7828125921851349,0.028943949423924302,0.5113053862087282,0.4329682143573445,0.6150059839233835,5.277485148897453,0.7746358852825347,0.7828125921851349,0.028943949423924302
0.08028503360634409,0.09330477317182795,0.8641436033368775,5.27747982286538,0.7619532973463262,1.0998217083494861,0.6388824808977014,0.08028503360634409,0.09330477317182795,0.8641436033368775,5.27747982286538,0.7619532973463262,1.0998217083494861,0.6388824808977014
0.25694927092005737,0.5809255140663442,0.4461069767471073,5.9388064026192415,0.7761589027944301,0.7852309179528345,0.5500433608543756,0.25694927092005737,0.5809255140663442,0.4461069767471073,5.9388064026192415,0.7761589027944301,0.7852309179528345,0.5500433608543756
0.30628070572476923,0.6022370432925377,0.3663692210864603,5.8621291468715695,0.7749942133182308,0.8139478138707401,0.4345323591365286,0.30628070572476923,0.6022370432925377,0.3663692210864603,5.8621291468715695,0.7749942133182308,0.8139478138707401,0.4345323591365286
0.6082274610461763,0.0874645445569694,0.4859462758481192,6.694288493339045,0.7689696417032351,1.0986780358783037,0.760142801667073,0.6082274610461763,0.0874645445569694,0.4859462758481192,6.694288493339045,0.7689696417032351,1.0986780358783037,0.760142801667073
0.11931470848266955,0.09164659718299888,0.7533278535525479,5.388396766991544,0.7702792383505644,0.7777290602042055,0.6359662769099766,0.11931470848266955,0.09164659718299888,0.7533278535525479,5.388396766991544,0.7702792383505644,0.7777290602042055,0.6359662769099766
0.09482476169867647,0.7589371793464992,0.08701100094519569,7.012301349513905,0.7748533932910354,0.7918427404130639,0.779403491200749,0.09482476169867647,0.7589371793464992,0.08701100094519569,7.012301349513905,0.7748533932910354,0.7918427404130639,0.779403491200749
0.10694951792398869,1.0207489047235285,0.13398078504507666,7.367403142021015,0.7797586836986057,0.7909458424426121,0.13167137902319542,0.10694951792398869,1.0207489047235285,0.13398078504507666,7.367403142021015,0.7797586836986057,0.7909458424426121,0.13167137902319542
0.08128076473371114,0.7310982369235673,0.22517176311211712,6.971496534301793,0.778142213516332,1.1194337878711176,0.12802243219231701,0.08128076473371114,0.7310982369235673,0.22517176311211712,6.971496534301793,0.778142213516332,1.1194337878711176,0.12802243219231701
0.647123336784614,0.40742799318234724,0.08922457925799722,6.597777665883039,0.7752767834121006,0.7857337102776094,0.6154162979571688,0.647123336784614,0.40742799318234724,0.08922457925799722,6.597777665883039,0.7752767834121006,0.7857337102776094,0.6154162979571688
0.7045488140273379,0.07551583482478905,0.3836563861660822,7.9216428396757115,0.7734834587609405,1.486333757411605,0.46683494929033353,0.7045488140273379,0.07551583482478905,0.3836563861660822,7.9216428396757115,0.7734834587609405,1.486333757411605,0.46683494929033353
0.15314210723597113,0.7451815548567193,0.09648782480171919,6.038159853844151,0.7705623543635222,0.7822667536336118,0.803518813820296,0.15314210723597113,0.7451815548567193,0.09648782480171919,6.038159853844151,0.7705623543635222,0.7822667536336118,0.803518813820296
0.0031864111511197757,0.00537647388144212,0.06830220917331878,0.7783314354208676,0.06898754130538759,8.901226078978723,0.0033075989495938403,0.0031864111511197757,0.00537647388144212,0.06830220917331878,0.7783314354208676,0.06898754130538759,8.901226078978723,0.0033075989495938403
0.2818776328830291,0.6736696498339282,0.23843147162664954,6.719099839022089,0.7730374635465296,0.9801535546991392,0.5716088469901432,0.2818776328830291,0.6736696498339282,0.23843147162664954,6.719099839022089,0.7730374635465296,0.9801535546991392,0.5716088469901432
0.4854329838530694,0.3584678383062121,0.44468290568225627,5.088421932418894,0.7575585257307532,1.2593910104230088,0.4802941818446907,0.4854329838530694,0.3584678383062121,0.44468290568225627,5.088421932418894,0.7575585257307532,1.2593910104230088,0.4802941818446907
0.5071489881688946,0.4508151664441645,0.37526151034592614,5.369932256935852,0.9426321915235899,0.7828234080542189,0.0006168372359298546,0.5071489881688946,0.4508151664441645,0.37526151034592614,5.369932256935852,0.9426321915235899,0.7828234080542189,0.0006168372359298546
0.3559063397633133,0.50708456027371,0.43416876449146596,5.893257272980596,0.7639627380156837,1.1532239957252628,0.7923560533976931,0.3559063397633133,0.50708456027371,0.43416876449146596,5.893257272980596,0.7639627380156837,1.1532239957252628,0.7923560533976931
0.3282007816653235,0.6057756745904486,0.33126646347381605,5.3489663572631,0.7721129561180224,0.7810148098897058,0.468150927879334,0.3282007816653235,0.6057756745904486,0.33126646347381605,5.3489663572631,0.7721129561180224,0.7810148098897058,0.468150927879334
0.25394222146030676,0.7226133051865552,0.5387945831298507,5.869825279474076,0.7713809792053394,1.1652688804936786,0.012727859662410329,0.25394222146030676,0.7226133051865552,0.5387945831298507,5.869825279474076,0.7713809792053394,1.1652688804936786,0.012727859662410329
0.07997912012339208,0.10592840134717543,0.7475177923130686,5.12628700331216,0.7675794726385409,0.9409772698556779,0.45109687110875796,0.07997912012339208,0.10592840134717543,0.7475177923130686,5.12628700331216,0.7675794726385409,0.9409772698556779,0.45109687110875796
0.3423864811027396,0.6545563317481501,0.3227391722564309,5.688154310022908,0.7750442148396522,0.7795009983919701,0.5598974926732845,0.3423864811027396,0.6545563317481501,0.3227391722564309,5.688154310022908,0.7750442148396522,0.7795009983919701,0.5598974926732845
0.11002637997300735,0.012749419642450936,0.9790962657173802,6.7538465141854696,0.7723786406077322,1.0078664527825292,0.6424213272121714,0.11002637997300735,0.012749419642450936,0.9790962657173802,6.7538465141854696,0.7723786406077322,1.0078664527825292,0.6424213272121714
0.7574613100492175,0.07937625767351664,0.09306739225762552,7.307308206404955,0.7699669035919587,1.4157415619085656,0.009459864314295874,0.7574613100492175,0.07937625767351664,0.09306739225762552,7.307308206404955,0.7699669035919587,1.4157415619085656,0.009459864314295874
0.08197023970489482,0.06197101865740924,0.7602918337652198,6.905812182544722,0.9843541495898783,0.7874702541214489,0.7329886134480917,0.08197023970489482,0.06197101865740924,0.7602918337652198,6.905812182544722,0.9843541495898783,0.7874702541214489,0.7329886134480917
0.10426830727895553,0.7371446111166231,0.1180057993400711,5.748244875186736,0.7741562152973893,1.3818007692505674,0.40509474479020197,0.10426830727895553,0.7371446111166231,0.1180057993400711,5.748244875186736,0.7741562152973893,1.3818007692505674,0.40509474479020197
0.05383106211101309,0.07695868555744242,0.758567024909218,6.173714287230964,0.7715111735791486,1.0464684381303102,0.5130036474066623,0.05383106211101309,0.07695868555744242,0.758567024909218,6.173714287230964,0.7715111735791486,1.0464684381303102,0.5130036474066623
0.5117771001545007,0.32045945735444464,0.48657265416010664,6.182245576867842,0.7636816326695729,1.2171412301769866,0.7650340876682166,0.5117771001545007,0.32045945735444464,0.48657265416010664,6.182245576867842,0.7636816326695729,1.2171412301769866,0.7650340876682166
0.10989729631412386,0.09439519119462596,0.7470716414877329,5.238783227456485,0.7689320400292418,0.8664984216942411,0.5304483291988822,0.10989729631412386,0.09439519119462596,0.7470716414877329,5.238783227456485,0.7689320400292418,0.8664984216942411,0.5304483291988822
0.11656461821494402,0.8311747060541662,0.19839699637401692,6.8293116220529235,0.7547885864557581,1.934598018035124,0.15517740663823032,0.11656461821494402,0.8311747060541662,0.19839699637401692,6.8293116220529235,0.7547885864557581,1.934598018035124,0.15517740663823032
0.49991795194172545,0.4399573291230724,0.37289896522656646,6.040253923319456,0.7725083482264697,1.0600746600421576,0.507427175345218,0.49991795194172545,0.4399573291230724,0.37289896522656646,6.040253923319456,0.7725083482264697,1.0600746600421576,0.507427175345218
0.6451194929279548,4.069703072435324,2.3483648261541776,0.8144009781272299,0.9138897381216458,0.9945200675767305,0.0,0.6451194929279548,4.069703072435324,2.3483648261541776,0.8144009781272299,0.9138897381216458,0.9945200675767305,0.0
0.7175080134985043,0.10676198053372854,0.18732484466994254,5.452613315552927,0.7566502667371368,1.3505321608693668,0.6282651385303561,0.7175080134985043,0.10676198053372854,0.18732484466994254,5.452613315552927,0.7566502667371368,1.3505321608693668,0.6282651385303561
0.6861427588832614,0.10621642744997507,0.39082879927075725,6.518743074803962,0.7701838473003081,1.0271423398870372,0.7346831763911051,0.6861427588832614,0.10621642744997507,0.39082879927075725,6.518743074803962,0.7701838473003081,1.0271423398870372,0.7346831763911051
0.14466747098130017,0.5833128543136217,0.4403579517199198,4.681961820572938,1.0002577216525044,1.1570594060374195,0.5199320874564348,0.14466747098130017,0.5833128543136217,0.4403579517199198,4.681961820572938,1.0002577216525044,1.1570594060374195,0.5199320874564348
0.3063660353189467,0.5810291173346446,0.41075577446655476,5.897895097557277,0.7750280125608068,0.8752902223991356,0.02852387626256864,0.3063660353189467,0.5810291173346446,0.41075577446655476,5.897895097557277,0.7750280125608068,0.8752902223991356,0.02852387626256864
0.555104075287542,0.5167100115960318,0.08815672427927325,6.567854445130052,0.7711535999506844,0.9632336403478962,0.9043972577826888,0.555104075287542,0.5167100115960318,0.08815672427927325,6.567854445130052,0.7711535999506844,0.9632336403478962,0.9043972577826888
0.05340395832700742,0.10074514793948695,0.8903358101280316,5.933919276906977,0.7672116449761268,1.1939319788019822,0.3525149789885998,0.05340395832700742,0.10074514793948695,0.8903358101280316,5.933919276906977,0.7672116449761268,1.1939319788019822,0.3525149789885998
0.25426880836600624,0.5747067489366269,0.4420748321741963,5.87039450283422,0.7683298741457251,1.158913172855146,0.5500377672532772,0.25426880836600624,0.5747067489366269,0.4420748321741963,5.87039450283422,0.7683298741457251,1.158913172855146,0.5500377672532772
0.5084363038987076,0.45164718752154503,0.3746464875646087,5.52591939343098,0.9513497766117364,0.7829615378568779,0.0006337314284261677,0.5084363038987076,0.45164718752154503,0.3746464875646087,5.52591939343098,0.9513497766117364,0.7829615378568779,0.0006337314284261677
0.10848937187467267,0.7517324200808496,0.11967720667461135,5.24933404560006,0.7648814591741195,0.9944495269672394,0.605515845149936,0.10848937187467267,0.7517324200808496,0.11967720667461135,5.24933404560006,0.7648814591741195,0.9944495269672394,0.605515845149936
0.11357413805645249,0.017785720139263213,0.9386762230195491,6.210745189516854,0.7679026248900119,0.9846300666272385,0.8187595100819746,0.11357413805645249,0.017785720139263213,0.9386762230195491,6.210745189516854,0.7679026248900119,0.9846300666272385,0.8187595100819746
0.07551242753961282,0.09444082755754962,0.8393933207648941,5.216105302182771,0.7604536676246931,1.0958326885523269,0.7137263675651954,0.07551242753961282,0.09444082755754962,0.8393933207648941,5.216105302182771,0.7604536676246931,1.0958326885523269,0.7137263675651954
0.9146028374131451,0.0976604415886271,0.09544302459255115,7.465809999337451,0.7827921161608276,1.1552613814442818,0.374323060574817,0.9146028374131451,0.0976604415886271,0.09544302459255115,7.465809999337451,0.7827921161608276,1.1552613814442818,0.374323060574817
0.0831432658267166,0.7951436047360592,0.12379695632342196,7.376704908694853,0.7759167264661986,0.7990324818834875,0.7241474221967267,0.0831432658267166,0.7951436047360592,0.12379695632342196,7.376704908694853,0.7759167264661986,0.7990324818834875,0.7241474221967267
0.10067549196922682,0.7515574040524926,0.10168646746250652,5.711273212851946,0.7722647730000839,0.7807518252887086,0.6137395933670621,0.10067549196922682,0.7515574040524926,0.10168646746250652,5.711273212851946,0.7722647730000839,0.7807518252887086,0.6137395933670621
0.6553007541168899,0.3953405172301018,0.08747454230687382,6.738788668684798,0.7754055479823289,1.0011553832973854,0.14080316747555893,0.6553007541168899,0.3953405172301018,0.08747454230687382,6.738788668684798,0.7754055479823289,1.0011553832973854,0.14080316747555893
0.01440425824173659,0.09353562781403095,0.7773316321960588,6.328642246333297,0.9598174930438118,0.7835899431484293,0.0010946890356534678,0.01440425824173659,0.09353562781403095,0.7773316321960588,6.328642246333297,0.9598174930438118,0.7835899431484293,0.0010946890356534678
0.11505538155266672,0.015015529947150828,0.8890793709222949,5.857601995683971,0.773369776740336,0.8999423494951256,0.32264808708116055,0.11505538155266672,0.015015529947150828,0.8890793709222949,5.857601995683971,0.773369776740336,0.8999423494951256,0.32264808708116055
0.27781134045662986,0.5632717960936214,0.43827481344257035,6.640933453420728,0.7709343721973848,0.9996308459683975,0.7139016403319961,0.27781134045662986,0.5632717960936214,0.43827481344257035,6.640933453420728,0.7709343721973848,0.9996308459683975,0.7139016403319961
9.893213863320149e-18,2.490680649189532e-18,4.420862464356008e-17,1.9552893389895677e-16,4.632055850814779e-17,5.028345447902239e-17,3.4629955244484574,9.893213863320149e-18,2.490680649189532e-18,4.420862464356008e-17,1.9552893389895677e-16,4.632055850814779e-17,5.028345447902239e-17,3.4629955244484574
0.41540404074745163,0.6946426601052922,0.09357229793646991,6.613629268996786,0.7703909882979209,1.0591225987096593,0.6655580238658004,0.41540404074745163,0.6946426601052922,0.09357229793646991,6.613629268996786,0.7703909882979209,1.0591225987096593,0.6655580238658004
0.06393284759540462,0.06825726723840227,0.7641304016281325,6.279923041715562,0.7743583196051976,0.7824417775605327,0.5901789572897478,0.06393284759540462,0.06825726723840227,0.7641304016281325,6.279923041715562,0.7743583196051976,0.7824417775605327,0.5901789572897478
0.3583081372833012,0.6722040621514161,0.09393256142700306,6.223797347506481,0.7732992610651509,0.7791502549874877,0.6681133362720822,0.3583081372833012,0.6722040621514161,0.09393256142700306,6.223797347506481,0.7732992610651509,0.7791502549874877,0.6681133362720822
0.017194874424648784,0.12372330135089567,1.081934309008384,6.624887475925635,0.7751396704341674,0.7803649106985022,0.6348893445841138,0.017194874424648784,0.12372330135089567,1.081934309008384,6.624887475925635,0.7751396704341674,0.7803649106985022,0.6348893445841138
0.01763201918498283,0.12720197070016487,0.9392343091871159,5.519980580107787,0.7657761259120558,0.9590111429862996,0.729747498648068,0.01763201918498283,0.12720197070016487,0.9392343091871159,5.519980580107787,0.7657761259120558,0.9590111429862996,0.729747498648068
0.437027745114777,0.6255704717573457,0.08958947381293893,6.523371031129473,0.771148362622748,1.064581743743059,0.5407274863643092,0.437027745114777,0.6255704717573457,0.08958947381293893,6.523371031129473,0.771148362622748,1.064581743743059,0.5407274863643092
0.51022541473296,0.318349119552674,0.47883335272951794,6.722555594854997,0.774996022633978,0.7786209297746496,0.784497010203262,0.51022541473296,0.318349119552674,0.47883335272951794,6.722555594854997,0.774996022633978,0.7786209297746496,0.784497010203262
0.09236011776459639,0.7523075749927415,0.12689261958576248,6.229158122367684,0.7698162040331723,1.2005918674301692,0.09873325142993847,0.09236011776459639,0.7523075749927415,0.12689261958576248,6.229158122367684,0.7698162040331723,1.2005918674301692,0.09873325142993847
0.12853573918079284,0.700632880794723,0.13068086000660795,3.9476014463476754,0.9680106109059023,1.1608652702401647,0.587443179371447,0.12853573918079284,0.700632880794723,0.13068086000660795,3.9476014463476754,0.9680106109059023,1.1608652702401647,0.587443179371447
0.14065145298854645,0.02500560769385593,0.8067143186864754,4.259686470250376,0.7691874524393193,0.7801345487914524,0.25323602712020626,0.14065145298854645,0.02500560769385593,0.8067143186864754,4.259686470250376,0.7691874524393193,0.7801345487914524,0.25323602712020626
0.10484333641698278,0.7222015158295394,0.10594235595199447,5.079647146475803,1.0565943821875203,1.2965903091055668,0.7319178950493983,0.10484333641698278,0.7222015158295394,0.10594235595199447,5.079647146475803,1.0565943821875203,1.2965903091055668,0.7319178950493983
0.716238958786194,0.09865488124885728,0.24287921621666528,7.071676934930367,0.9984007842357658,1.1238995440186883,0.8041368176521982,0.716238958786194,0.09865488124885728,0.24287921621666528,7.071676934930367,0.9984007842357658,1.1238995440186883,0.8041368176521982
0.09944254124696467,0.623146892547467,0.43556920109682384,5.473227352876041,0.8988537995090169,0.7789094733989316,0.5886241869542584,0.09944254124696467,0.623146892547467,0.43556920109682384,5.473227352876041,0.8988537995090169,0.7789094733989316,0.5886241869542584
0.09890451944429536,0.7599183815201452,0.08900489976504802,6.6150405095909175,0.773626579913115,1.089085452111793,0.0,0.09890451944429536,0.7599183815201452,0.08900489976504802,6.6150405095909175,0.773626579913115,1.089085452111793,0.0
0.09729671399838534,0.10471527815075764,0.7529341410355387,5.38047512919215,0.7635959959755974,1.1184919084722542,0.5471927306769426,0.09729671399838534,0.10471527815075764,0.7529341410355387,5.38047512919215,0.7635959959755974,1.1184919084722542,0.5471927306769426
0.5986544725725478,0.45391569531723225,0.22337152210548974,5.8902789531730715,0.7727448797614328,0.8094338080751816,0.5867259466751575,0.5986544725725478,0.45391569531723225,0.22337152210548974,5.8902789531730715,0.7727448797614328,0.8094338080751816,0.5867259466751575
0.7505743206916862,0.09701422998463692,0.09688203123393269,6.617623513713356,0.7677998276459986,1.1980294454181037,0.6886529707928841,0.7505743206916862,0.09701422998463692,0.09688203123393269,6.617623513713356,0.7677998276459986,1.1980294454181037,0.6886529707928841
0.015169305038334555,0.11629275299947081,0.9641065288441493,6.319007488096123,0.7812485128732138,0.7834814996735813,0.0,0.015169305038334555,0.11629275299947081,0.9641065288441493,6.319007488096123,0.7812485128732138,0.7834814996735813,0.0
0.12432430567323104,0.9055428073115278,0.09988396979383353,7.069243190217974,0.7792507717039093,0.7995713775817842,0.0,0.12432430567323104,0.9055428073115278,0.09988396979383353,7.069243190217974,0.7792507717039093,0.7995713775817842,0.0
0.8435507723211616,0.1219476982414012,0.11024827461864778,7.14748772396412,0.7721137418769529,1.2587925232413675,0.40916110015986545,0.8435507723211616,0.1219476982414012,0.11024827461864778,7.14748772396412,0.7721137418769529,1.2587925232413675,0.40916110015986545
0.3130778794083574,0.5687779225145659,0.42887353586770177,6.9969673482608625,0.7762035216549543,0.7845083822279239,0.6115218878833025,0.3130778794083574,0.5687779225145659,0.42887353586770177,6.9969673482608625,0.7762035216549543,0.7845083822279239,0.6115218878833025
0.7484292928464563,0.12098051261645464,0.10739215371917493,5.862090462123797,0.770604451262955,0.8471193674187399,0.6868859144714319,0.7484292928464563,0.12098051261645464,0.10739215371917493,5.862090462123797,0.770604451262955,0.8471193674187399,0.6868859144714319
0.7517818965513727,0.09725548635574452,5.859676743055259,0.9140815214643867,0.7734744850876494,0.7799021652256237,0.5624473844077265,0.7517818965513727,0.09725548635574452,5.859676743055259,0.9140815214643867,0.7734744850876494,0.7799021652256237,0.5624473844077265
0.14187341891483451,0.8822435063945224,0.12020388207352593,5.8985618897610355,0.7708506339724415,1.0321901484819904,0.3279051885973958,0.14187341891483451,0.8822435063945224,0.12020388207352593,5.8985618897610355,0.7708506339724415,1.0321901484819904,0.3279051885973958
0.7103831010468761,0.31903298257725193,0.07810137750495157,8.762576854164653,0.775399314873148,1.316493989394626,0.3227050821216391,0.7103831010468761,0.31903298257725193,0.07810137750495157,8.762576854164653,0.775399314873148,1.316493989394626,0.3227050821216391
0.07308268660748134,0.05668582133131036,0.7729762760899589,6.7996507924447345,0.7816757887315888,0.7837110280030596,0.0414766578749653,0.07308268660748134,0.05668582133131036,0.7729762760899589,6.7996507924447345,0.7816757887315888,0.7837110280030596,0.0414766578749653
0.04529973125990632,0.08098186224317067,0.752199722725837,6.068072310577544,0.7531628570267768,1.572722670847392,0.7999090267778709,0.04529973125990632,0.08098186224317067,0.752199722725837,6.068072310577544,0.7531628570267768,1.572722670847392,0.7999090267778709
0.7458484137623299,0.1602261555729898,0.10495124740848755,6.60898453498458,0.7754452228400385,0.8406574999808651,0.5184544461034712,0.7458484137623299,0.1602261555729898,0.10495124740848755,6.60898453498458,0.7754452228400385,0.8406574999808651,0.5184544461034712
0.7917513604646929,0.14283726330075452,0.18350576173351427,4.180955941429951,0.7688234878151562,0.7812346004396009,0.0016597793729771387,0.7917513604646929,0.14283726330075452,0.18350576173351427,4.180955941429951,0.7688234878151562,0.7812346004396009,0.0016597793729771387
0.07117509212621573,0.04690015851971914,0.7760211565978795,6.977236390090117,0.8073666072254794,1.2435988871859789,0.22188164408913286,0.07117509212621573,0.04690015851971914,0.7760211565978795,6.977236390090117,0.8073666072254794,1.2435988871859789,0.22188164408913286
0.1251079584141056,0.01533101311178933,0.975611882615641,6.216404360313507,0.7712513769676203,1.1260600725879264,0.11942746611458406,0.1251079584141056,0.01533101311178933,0.975611882615641,6.216404360313507,0.7712513769676203,1.1260600725879264,0.11942746611458406
0.07979514972189887,0.6297763664375673,0.42479715810282964,6.165437869384736,0.7674080985452755,1.2089954330927055,0.6045309419783336,0.07979514972189887,0.6297763664375673,0.42479715810282964,6.165437869384736,0.7674080985452755,1.2089954330927055,0.6045309419783336
0.021049671593147887,0.13954061724387598,0.7757636444797951,6.779045796649454,0.7755830316799218,0.7794897692945697,0.7218214436501011,0.021049671593147887,0.13954061724387598,0.7757636444797951,6.779045796649454,0.7755830316799218,0.7794897692945697,0.7218214436501011
0.649005995428094,0.3963026228158615,0.09836843527111257,5.927065283157321,0.7732384228460132,0.9707959305951066,0.12456141907973493,0.649005995428094,0.3963026228158615,0.09836843527111257,5.927065283157321,0.7732384228460132,0.9707959305951066,0.12456141907973493
0.20092275561151932,0.893400045586828,0.15928957074822375,4.7843923484806306,0.7615331191009835,0.9824903547820735,0.6526433240798387,0.20092275561151932,0.893400045586828,0.15928957074822375,4.7843923484806306,0.7615331191009835,0.9824903547820735,0.6526433240798387
0.08690467476784372,0.7509707465010842,0.1064742743799939,6.596741937791676,0.7690798765728237,1.0890042587197033,0.7714113905888315,0.08690467476784372,0.7509707465010842,0.1064742743799939,6.596741937791676,0.7690798765728237,1.0890042587197033,0.7714113905888315
0.04203809427309953,0.12053620716698803,0.9378691907321196,5.539955194002245,0.764988307885236,1.0852721106698908,0.596170997452769,0.04203809427309953,0.12053620716698803,0.9378691907321196,5.539955194002245,0.764988307885236,1.0852721106698908,0.596170997452769
0.01354147242375975,0.10755666023554811,0.7500618458797959,6.242443149611255,1.21912271524932,0.8912425519970502,0.8157051458292638,0.01354147242375975,0.10755666023554811,0.7500618458797959,6.242443149611255,1.21912271524932,0.8912425519970502,0.8157051458292638
0.5833453955103183,0.4673222767051445,0.2199897709028404,6.676475144874343,0.7784597229961373,0.7836980677034665,0.03606223028474065,0.5833453955103183,0.4673222767051445,0.2199897709028404,6.676475144874343,0.7784597229961373,0.7836980677034665,0.03606223028474065
0.6517230152508491,0.07280669825425919,0.4098916607519573,6.937673861203169,0.9851735415482656,0.782367622780932,0.5834145694255354,0.6517230152508491,0.07280669825425919,0.4098916607519573,6.937673861203169,0.9851735415482656,0.782367622780932,0.5834145694255354
0.6428141919602118,0.07347596543794069,0.4522990719781227,6.718980981706272,0.7734010197263086,0.9141811956917231,0.6494374650906187,0.6428141919602118,0.07347596543794069,0.4522990719781227,6.718980981706272,0.7734010197263086,0.9141811956917231,0.6494374650906187
0.3594075592368176,0.6491138453069204,0.23016635033537125,6.031441221758642,0.7732004910319318,1.0278471417269162,0.1504396899124392,0.3594075592368176,0.6491138453069204,0.23016635033537125,6.031441221758642,0.7732004910319318,1.0278471417269162,0.1504396899124392
0.12185477429828083,0.08102727234644147,1.1067748473066423,5.732303286094804,0.7728316122938789,0.7789437786838863,0.6218283959363691,0.12185477429828083,0.08102727234644147,1.1067748473066423,5.732303286094804,0.7728316122938789,0.7789437786838863,0.6218283959363691
0.6959774782317747,0.6030847593979572,0.09771467370962862,7.336108875008188,0.7820723071361168,0.8529253932454702,0.029028281469573383,0.6959774782317747,0.6030847593979572,0.09771467370962862,7.336108875008188,0.7820723071361168,0.8529253932454702,0.029028281469573383
0.1602898981989841,0.8439972404214577,0.12804620992812574,5.076677153348553,0.7676844082181311,0.9271020516687757,0.44791833414266835,0.1602898981989841,0.8439972404214577,0.12804620992812574,5.076677153348553,0.7676844082181311,0.9271020516687757,0.44791833414266835
0.01477171901465754,0.0024921722609454276,0.1083470814622139,0.829037565501832,0.11044641981622233,5.892430135591493,0.6452682922506394,0.01477171901465754,0.0024921722609454276,0.1083470814622139,0.829037565501832,0.11044641981622233,5.892430135591493,0.6452682922506394
0.07069725260663673,0.0861832886588676,0.7776872822724992,5.267369103381277,0.7633544501677516,1.0423393450467826,0.6347707752704704,0.07069725260663673,0.0861832886588676,0.7776872822724992,5.267369103381277,0.7633544501677516,1.0423393450467826,0.6347707752704704
0.014099593736079483,0.11280283292344576,0.7589168683604138,6.122093285104652,0.771208452748112,0.8473527977994347,0.7152610390851195,0.014099593736079483,0.11280283292344576,0.7589168683604138,6.122093285104652,0.771208452748112,0.8473527977994347,0.7152610390851195
0.09399236037835934,0.6892298674982067,0.5685830830266535,6.196257604493395,0.7774642447586696,0.7922544531924219,0.021413154365868933,0.09399236037835934,0.6892298674982067,0.5685830830266535,6.196257604493395,0.7774642447586696,0.7922544531924219,0.021413154365868933
0.08298544075282953,0.05522601395347458,0.7925017990713534,6.149174177444838,0.7828087955994061,0.8016614225762185,0.19659681885445895,0.08298544075282953,0.05522601395347458,0.7925017990713534,6.149174177444838,0.7828087955994061,0.8016614225762185,0.19659681885445895
0.0826137995632891,0.759268067367356,0.0910234098774174,7.30524070920052,0.7799695697433747,1.2493485269772964,0.025343926996613027,0.0826137995632891,0.759268067367356,0.0910234098774174,7.30524070920052,0.7799695697433747,1.2493485269772964,0.025343926996613027
0.07940803453392892,0.08712856872738309,0.7505873272531743,4.8889212501105215,0.9167443216390303,0.7942774059304601,0.010351430592000343,0.07940803453392892,0.08712856872738309,0.7505873272531743,4.8889212501105215,0.9167443216390303,0.7942774059304601,0.010351430592000343
0.0965429346321357,0.7507475152371932,0.11142547456713175,6.0652273465015885,0.77093679285522,0.7770704776388577,0.7928043812379792,0.0965429346321357,0.7507475152371932,0.11142547456713175,6.0652273465015885,0.77093679285522,0.7770704776388577,0.7928043812379792
0.7755992857165847,0.08279667191361834,0.08326710926684698,7.129930212864363,1.2097272503321816,1.0512685988173591,0.7209468978261638,0.7755992857165847,0.08279667191361834,0.08326710926684698,7.129930212864363,1.2097272503321816,1.0512685988173591,0.7209468978261638
0.37214328962504567,0.6102842838217618,0.286942364979514,5.073388540159024,0.7737150498242199,0.7827230659667616,0.024693315955734426,0.37214328962504567,0.6102842838217618,0.286942364979514,5.073388540159024,0.7737150498242199,0.7827230659667616,0.024693315955734426
0.07353549613983691,0.0715693856508324,0.7547298022157733,6.957911769997561,0.7662254358879339,1.4606290645978766,0.41584270110064514,0.07353549613983691,0.0715693856508324,0.7547298022157733,6.957911769997561,0.7662254358879339,1.4606290645978766,0.41584270110064514
0.7708949751844723,0.09189426536807294,0.09013906528501277,6.46849342114889,1.0145905697862379,1.472903553505258,0.7197902564264902,0.7708949751844723,0.09189426536807294,0.09013906528501277,6.46849342114889,1.0145905697862379,1.472903553505258,0.7197902564264902
0.017873642009022774,0.1332232649112797,0.8302133554298009,5.597305441161897,0.7594085416715607,1.2513682706415776,0.7076027115751385,0.017873642009022774,0.1332232649112797,0.8302133554298009,5.597305441161897,0.7594085416715607,1.2513682706415776,0.7076027115751385
0.15796400289078755,0.7317049745455827,0.10993879249617425,5.136365483062275,0.7625010206349394,0.990306238189484,0.7009969479237402,0.15796400289078755,0.7317049745455827,0.10993879249617425,5.136365483062275,0.7625010206349394,0.990306238189484,0.7009969479237402
0.020212876858114244,0.11893478519347332,0.9630634329363154,6.096780388618114,0.7735328123175135,0.7997547384813455,0.6083691639696154,0.020212876858114244,0.11893478519347332,0.9630634329363154,6.096780388618114,0.7735328123175135,0.7997547384813455,0.6083691639696154
0.14880145748440093,0.03936886770724095,0.854466310137889,4.419462071339085,0.7580870061270476,1.0675979021690898,0.42934977261827695,0.14880145748440093,0.03936886770724095,0.854466310137889,4.419462071339085,0.7580870061270476,1.0675979021690898,0.42934977261827695
0.1059225469651797,0.0154814150598096,0.7605068278417133,5.515544173028975,0.7754134161552526,0.7829166123224423,0.00036316473386747365,0.1059225469651797,0.0154814150598096,0.7605068278417133,5.515544173028975,0.7754134161552526,0.7829166123224423,0.00036316473386747365
0.6701788623652193,0.07228400756136093,0.37084018992776246,7.124697688784489,0.7760995424903215,0.7869737851105452,0.9275873358990817,0.6701788623652193,0.07228400756136093,0.37084018992776246,7.124697688784489,0.7760995424903215,0.7869737851105452,0.9275873358990817
0.5379811466151392,0.5413499942952874,0.09877781798281748,6.8992801078175745,1.044626522448928,0.8436230532217911,0.02935846249546943,0.5379811466151392,0.5413499942952874,0.09877781798281748,6.8992801078175745,1.044626522448928,0.8436230532217911,0.02935846249546943
0.14170931269891926,0.7449351655258716,0.12036526257260483,4.7910790551548965,0.7709196648116691,0.8684978229380175,0.0,0.14170931269891926,0.7449351655258716,0.12036526257260483,4.7910790551548965,0.7709196648116691,0.8684978229380175,0.0
0.025037719599499242,0.11854518740288764,0.045754511526768064,0.7604118078958536,4.656423785877449,0.7818741961188584,0.0075241352238627,0.025037719599499242,0.11854518740288764,0.045754511526768064,0.7604118078958536,4.656423785877449,0.7818741961188584,0.0075241352238627
0.01752110932064656,0.12367042195075706,0.7355923698272104,5.266400430261487,0.7535725257132516,1.212207901902544,0.9018002098890001,0.01752110932064656,0.12367042195075706,0.7355923698272104,5.266400430261487,0.7535725257132516,1.212207901902544,0.9018002098890001
0.10216157204210273,0.079475046303671,0.8492353899252734,4.906316793297472,0.7591630985958148,1.256318596724654,0.010816770403147961,0.10216157204210273,0.079475046303671,0.8492353899252734,4.906316793297472,0.7591630985958148,1.256318596724654,0.010816770403147961
0.7617201356804559,0.10586100119379138,0.10687843254798542,5.498996246787449,0.9450044554469573,0.7829043737085556,0.0,0.7617201356804559,0.10586100119379138,0.10687843254798542,5.498996246787449,0.9450044554469573,0.7829043737085556,0.0
0.5544696617270913,0.5131531372442772,0.12236516414375706,5.681247284814933,0.7792257756793223,0.8811954099329671,0.39445055028690096,0.5544696617270913,0.5131531372442772,0.12236516414375706,5.681247284814933,0.7792257756793223,0.8811954099329671,0.39445055028690096
0.09411518593741336,0.014585037883780766,0.7467465890946823,5.885623343435458,0.839668284025776,1.4497087231623034,0.5651493221756927,0.09411518593741336,0.014585037883780766,0.7467465890946823,5.885623343435458,0.839668284025776,1.4497087231623034,0.5651493221756927
0.7317499739441179,0.26245890893995266,0.10687934376187269,5.518617775369775,0.7610849852850499,1.3205462898641673,0.3398203997194435,0.7317499739441179,0.26245890893995266,0.10687934376187269,5.518617775369775,0.7610849852850499,1.3205462898641673,0.3398203997194435
0.5751251654648689,0.44673291871632664,0.16010285788549009,4.04956395686055,0.8435457009721327,0.7738974949840612,0.5832907597371553,0.5751251654648689,0.44673291871632664,0.16010285788549009,4.04956395686055,0.8435457009721327,0.7738974949840612,0.5832907597371553
0.6045225296368094,0.07024696832465026,0.4926923137206208,6.595796941739447,0.7720679982638403,1.0009281986092498,0.6144429166742802,0.6045225296368094,0.07024696832465026,0.4926923137206208,6.595796941739447,0.7720679982638403,1.0009281986092498,0.6144429166742802
0.42965364698159897,0.6118803777301435,0.1265553845309792,4.666089435899474,0.9127395391372519,0.7820058539182296,0.013345640351654002,0.42965364698159897,0.6118803777301435,0.1265553845309792,4.666089435899474,0.9127395391372519,0.7820058539182296,0.013345640351654002
0.09486657405936161,0.9412663435750532,0.12013971321184451,7.680008249079255,0.7801274529599802,0.7839354725133828,0.14913506144158264,0.09486657405936161,0.9412663435750532,0.12013971321184451,7.680008249079255,0.7801274529599802,0.7839354725133828,0.14913506144158264
0.5097939885113587,0.05994935366212899,0.568024472004312,6.510423921495583,0.771034574619586,1.0740280453985755,0.5455189014922643,0.5097939885113587,0.05994935366212899,0.568024472004312,6.510423921495583,0.771034574619586,1.0740280453985755,0.5455189014922643
0.104603657802304,0.017061611150781763,0.782444980836406,5.601823525285471,0.8445776587651296,1.0137322978782703,0.5339465356474371,0.104603657802304,0.017061611150781763,0.782444980836406,5.601823525285471,0.8445776587651296,1.0137322978782703,0.5339465356474371
0.0965175096434988,0.7561216086858054,0.09097492825153887,6.4205815541202,0.771967735437431,1.1081421128503832,0.2804545338132545,0.0965175096434988,0.7561216086858054,0.09097492825153887,6.4205815541202,0.771967735437431,1.1081421128503832,0.2804545338132545
0.7287648037930908,0.11083134082101152,0.42513351731540616,5.01258062174897,0.7759575829337563,0.7927596153786398,0.004560355429814059,0.7287648037930908,0.11083134082101152,0.42513351731540616,5.01258062174897,0.7759575829337563,0.7927596153786398,0.004560355429814059
0.09727064109867735,0.06548146476125348,0.9622621066656869,6.662437316685148,0.7788733368729767,0.7836629815631297,0.09194138106973236,0.09727064109867735,0.06548146476125348,0.9622621066656869,6.662437316685148,0.7788733368729767,0.7836629815631297,0.09194138106973236
4.7665763256942855,0.7434247820647135,0.8365622462227603,0.763659496713508,0.7734396987481792,0.7822315317585276,0.04929095556290632,4.7665763256942855,0.7434247820647135,0.8365622462227603,0.763659496713508,0.7734396987481792,0.7822315317585276,0.04929095556290632
0.5770988600962935,0.5024264506558004,0.09906471835662847,6.022566301100498,0.7858296876770166,0.8382275826363402,0.023967597282562123,0.5770988600962935,0.5024264506558004,0.09906471835662847,6.022566301100498,0.7858296876770166,0.8382275826363402,0.023967597282562123
0.763778857799687,0.7090356530726798,0.11466287409716999,7.622797977849143,0.7739180138183589,1.2573376845027218,0.02257103085719672,0.763778857799687,0.7090356530726798,0.11466287409716999,7.622797977849143,0.7739180138183589,1.2573376845027218,0.02257103085719672
0.5137225841107953,0.3199551915813151,0.4801813366387374,7.424968845223137,0.7781308190244584,0.7869233025590923,0.6827672526596618,0.5137225841107953,0.3199551915813151,0.4801813366387374,7.424968845223137,0.7781308190244584,0.7869233025590923,0.6827672526596618
0.6675599194850763,0.10737690407601283,0.40240022148101917,6.824438765921734,0.7698845583458167,1.1437274121160745,0.6564605844788703,0.6675599194850763,0.10737690407601283,0.40240022148101917,6.824438765921734,0.7698845583458167,1.1437274121160745,0.6564605844788703
0.7369347486844718,0.08382951014800931,0.22030234972404003,6.801564063852042,0.7786971846233823,0.7837706073210404,0.0017636244211419302,0.7369347486844718,0.08382951014800931,0.22030234972404003,6.801564063852042,0.7786971846233823,0.7837706073210404,0.0017636244211419302
0.6448498878915032,0.11543345804203613,0.39429892450798226,5.935257842242109,0.9586149923763283,1.0934914240887161,0.0168498281783308,0.6448498878915032,0.11543345804203613,0.39429892450798226,5.935257842242109,0.9586149923763283,1.0934914240887161,0.0168498281783308
0.17102610546316724,0.8297689004533205,0.12077839308343195,6.01307751462947,0.7685721787275368,1.2501211165839072,0.35140132187406736,0.17102610546316724,0.8297689004533205,0.12077839308343195,6.01307751462947,0.7685721787275368,1.2501211165839072,0.35140132187406736
0.5575125489553681,1.0751510152236015,0.19297664447119373,6.144511887462033,0.7648257728234023,1.4045261065583379,0.013470252355879841,0.5575125489553681,1.0751510152236015,0.19297664447119373,6.144511887462033,0.7648257728234023,1.4045261065583379,0.013470252355879841
0.07445918427577669,0.04875912131936125,0.7557437997040604,6.460475354966856,0.7661995550105877,1.0981081142984037,0.8808158540229293,0.07445918427577669,0.04875912131936125,0.7557437997040604,6.460475354966856,0.7661995550105877,1.0981081142984037,0.8808158540229293
0.11461777826987267,0.8097530796836204,0.08922344760485823,7.060560560654605,0.7767221924414832,0.7807232102021329,0.7035315023193537,0.11461777826987267,0.8097530796836204,0.08922344760485823,7.060560560654605,0.7767221924414832,0.7807232102021329,0.7035315023193537
0.08747376945779414,0.623576290201218,0.4441241030121932,5.8510337931370175,0.7761391159484055,0.7846743371350283,0.17137201449049683,0.08747376945779414,0.623576290201218,0.4441241030121932,5.8510337931370175,0.7761391159484055,0.7846743371350283,0.17137201449049683
0.6972024408936879,0.5654131560795437,0.23077697678834563,5.481699952034924,0.8252499245170455,0.7760684091582971,0.7564769618278301,0.6972024408936879,0.5654131560795437,0.23077697678834563,5.481699952034924,0.8252499245170455,0.7760684091582971,0.7564769618278301
0.4769368607907538,0.2889977833697888,0.5361089945519553,5.795300976708206,0.7788144222526115,0.7831095980409831,0.03634513625713346,0.4769368607907538,0.2889977833697888,0.5361089945519553,5.795300976708206,0.7788144222526115,0.7831095980409831,0.03634513625713346
0.10793646686811227,0.01217004493055047,0.9875249776912213,6.953060984921066,0.7728056929521291,1.0155522824418217,0.6605781353559268,0.10793646686811227,0.01217004493055047,0.9875249776912213,6.953060984921066,0.7728056929521291,1.0155522824418217,0.6605781353559268
0.745286580882512,0.15397460746232655,0.13943099072222598,5.712383430222876,0.7733418222995438,0.81536682729652,0.43813631198123704,0.745286580882512,0.15397460746232655,0.13943099072222598,5.712383430222876,0.7733418222995438,0.81536682729652,0.43813631198123704
0.4458003593703254,0.6073784208242179,0.10518245083633451,5.805855084880885,0.7672322636151594,1.0979845774857875,0.5090803600029803,0.4458003593703254,0.6073784208242179,0.10518245083633451,5.805855084880885,0.7672322636151594,1.0979845774857875,0.5090803600029803
0.13379797444989347,0.09390216467288562,0.8326551259320518,3.9968188698280755,0.7547880583144878,1.0341084892167283,0.39099475291810454,0.13379797444989347,0.09390216467288562,0.8326551259320518,3.9968188698280755,0.7547880583144878,1.0341084892167283,0.39099475291810454
0.6858528242844557,0.1341473253142525,0.38758795301122045,6.405800663049394,0.774892407848298,0.7799974632547628,0.6242417299544075,0.6858528242844557,0.1341473253142525,0.38758795301122045,6.405800663049394,0.774892407848298,0.7799974632547628,0.6242417299544075
0.0995194581008578,0.015362354734721705,0.7630940477825694,5.8351336131194005,0.7763770942939441,0.7831024888936226,0.064915437805476,0.0995194581008578,0.015362354734721705,0.7630940477825694,5.8351336131194005,0.7763770942939441,0.7831024888936226,0.064915437805476
0.09689179513124901,0.011241918080609014,0.7587824450404097,6.598636278439872,0.7851670049253336,1.2415044855498003,0.1320414223297756,0.09689179513124901,0.011241918080609014,0.7587824450404097,6.598636278439872,0.7851670049253336,1.2415044855498003,0.1320414223297756
0.04365490044082533,0.08649545001189614,0.7583730386081948,5.97663988189902,0.769841148227168,0.9930304133166764,0.5655464787660895,0.04365490044082533,0.08649545001189614,0.7583730386081948,5.97663988189902,0.769841148227168,0.9930304133166764,0.5655464787660895
0.10182259318051874,0.7271857167284788,0.1611946706355272,5.332016221555235,0.7540115531754411,1.3883609944536388,0.6168502984906885,0.10182259318051874,0.7271857167284788,0.1611946706355272,5.332016221555235,0.7540115531754411,1.3883609944536388,0.6168502984906885
0.014892145861775287,0.09539867301772641,0.7762774220571868,6.212254676504345,0.9556675385342341,0.7834172475557389,0.0010754657914259942,0.014892145861775287,0.09539867301772641,0.7762774220571868,6.212254676504345,0.9556675385342341,0.7834172475557389,0.0010754657914259942
0.08542240068728711,0.06778364213803977,0.7567118245532594,5.731176066590121,0.7713188254731704,1.0239513723183171,0.01673520472998787,0.08542240068728711,0.06778364213803977,0.7567118245532594,5.731176066590121,0.7713188254731704,1.0239513723183171,0.01673520472998787
0.7524555080696098,0.09620463580437479,0.1019106684524438,5.946904997222972,0.7659654885091721,1.1925626198753558,0.4990087937507009,0.7524555080696098,0.09620463580437479,0.1019106684524438,5.946904997222972,0.7659654885091721,1.1925626198753558,0.4990087937507009
0.4143009419119039,0.6890201454256905,0.09829767137241485,6.240869775653944,0.76943153989155,1.0408814521385437,0.6296726478309288,0.4143009419119039,0.6890201454256905,0.09829767137241485,6.240869775653944,0.76943153989155,1.0408814521385437,0.6296726478309288
0.6581054769404879,0.09286472275643896,0.7262043854277004,5.643701899162119,0.767663404997196,1.0198780347665775,0.5723676830855254,0.6581054769404879,0.09286472275643896,0.7262043854277004,5.643701899162119,0.767663404997196,1.0198780347665775,0.5723676830855254
0.5955080747137017,0.06918129950967937,0.4782888809403812,6.6016523868845285,0.7721511341270502,0.9840430135948638,0.6185463639618066,0.5955080747137017,0.06918129950967937,0.4782888809403812,6.6016523868845285,0.7721511341270502,0.9840430135948638,0.6185463639618066
0.3693456948686471,0.639180170679165,0.19064078463022843,5.476318833492935,0.7709683377929994,0.782532827865419,0.6751657746191149,0.3693456948686471,0.639180170679165,0.19064078463022843,5.476318833492935,0.7709683377929994,0.782532827865419,0.6751657746191149
0.08382692710239444,0.5879955045059916,0.48357834474802536,5.492930092805781,0.9465094787430829,0.7905246182127558,0.01921991030042674,0.08382692710239444,0.5879955045059916,0.48357834474802536,5.492930092805781,0.9465094787430829,0.7905246182127558,0.01921991030042674
0.15026944594318387,0.022763355948909554,0.7405417030689555,4.9904869868058706,0.7647952975842778,0.9846655872006976,0.5104458820104486,0.15026944594318387,0.022763355948909554,0.7405417030689555,4.9904869868058706,0.7647952975842778,0.9846655872006976,0.5104458820104486
0.7000392551222615,0.0858068506247776,0.39089188660110197,6.878665495093272,0.7792556449367142,0.7836775522615982,0.10046173057263065,0.7000392551222615,0.0858068506247776,0.39089188660110197,6.878665495093272,0.7792556449367142,0.7836775522615982,0.10046173057263065
0.01965735109209246,0.14328933656285336,0.752166483990205,5.958052911168762,0.7704436595554344,1.0587915913815407,0.33762374892689384,0.01965735109209246,0.14328933656285336,0.752166483990205,5.958052911168762,0.7704436595554344,1.0587915913815407,0.33762374892689384
0.6451304685318798,0.38632184760378685,0.10836219395756855,6.536643564169281,0.7677778816557103,1.4748347891457234,0.07474963735843873,0.6451304685318798,0.38632184760378685,0.10836219395756855,6.536643564169281,0.7677778816557103,1.4748347891457234,0.07474963735843873
0.6633118602442114,0.0925867519109519,0.3386623887255752,6.912214935090832,0.9700241107566054,1.5803454863333155,0.9777897937269165,0.6633118602442114,0.0925867519109519,0.3386623887255752,6.912214935090832,0.9700241107566054,1.5803454863333155,0.9777897937269165
0.36562670030499816,0.714828450134022,0.44824546909648477,3.959671942502831,0.7521445490255805,1.057498589799051,0.4728431021607729,0.36562670030499816,0.714828450134022,0.44824546909648477,3.959671942502831,0.7521445490255805,1.057498589799051,0.4728431021607729
0.05635583024750821,0.1067709543470018,0.8744111792946998,5.474674566668779,0.7656600373436178,0.9538489308129472,0.7214324549293816,0.05635583024750821,0.1067709543470018,0.8744111792946998,5.474674566668779,0.7656600373436178,0.9538489308129472,0.7214324549293816
0.07448990738535728,0.06738460582474634,0.058227032521937803,0.7474265857428162,0.18911814677678965,5.019295121757129,0.4166845588279436,0.07448990738535728,0.06738460582474634,0.058227032521937803,0.7474265857428162,0.18911814677678965,5.019295121757129,0.4166845588279436
0.2927788899397461,0.9262161807560323,0.1511242668282133,4.848433249400995,0.7697956708906945,0.7789695662975282,0.47210189648474477,0.2927788899397461,0.9262161807560323,0.1511242668282133,4.848433249400995,0.7697956708906945,0.7789695662975282,0.47210189648474477
0.12563954989314421,0.07099314584571793,0.9861313705187069,5.3235610604994745,0.7707134650007776,0.7801969678492685,0.5799087559908949,0.12563954989314421,0.07099314584571793,0.9861313705187069,5.3235610604994745,0.7707134650007776,0.7801969678492685,0.5799087559908949
0.704170898540103,0.2269626408139187,0.14431457573498985,5.161421169226659,0.7617313781936592,1.0330960468773605,0.6968625487812488,0.704170898540103,0.2269626408139187,0.14431457573498985,5.161421169226659,0.7617313781936592,1.0330960468773605,0.6968625487812488
2.541200844355809,2.212266955612137,0.8005700699850576,0.7408228893847575,0.758658439053885,0.8784285378596998,0.0,2.541200844355809,2.212266955612137,0.8005700699850576,0.7408228893847575,0.758658439053885,0.8784285378596998,0.0
0.3541360575072578,0.5179894539447195,0.4382246214547928,6.220245963071246,0.7724528799464813,1.1240576905255875,0.13358766074616107,0.3541360575072578,0.5179894539447195,0.4382246214547928,6.220245963071246,0.7724528799464813,1.1240576905255875,0.13358766074616107
0.7483556736740327,0.08419442025528254,0.08185194493273687,6.969456156514166,0.7652355440574949,1.5054901636598386,0.7919255137935679,0.7483556736740327,0.08419442025528254,0.08185194493273687,6.969456156514166,0.7652355440574949,1.5054901636598386,0.7919255137935679
0.11085902107741732,0.1194299386002053,1.1324812105279847,5.269283273820397,0.7647657217398015,1.0149342595542858,0.6208965028130964,0.11085902107741732,0.1194299386002053,1.1324812105279847,5.269283273820397,0.7647657217398015,1.0149342595542858,0.6208965028130964
0.423947327156041,0.6120017576940653,0.19245793432332675,7.020776843077615,0.7763167169685264,0.9501002538866073,0.665158691899652,0.423947327156041,0.6120017576940653,0.19245793432332675,7.020776843077615,0.7763167169685264,0.9501002538866073,0.665158691899652
0.10883019460308023,0.7561935498685166,0.1038192877653318,6.017192936481899,0.7674375986319593,1.031392895456657,0.8407295425444485,0.10883019460308023,0.7561935498685166,0.1038192877653318,6.017192936481899,0.7674375986319593,1.031392895456657,0.8407295425444485
0.7201781434145531,0.09723861889505303,0.24199339171773707,7.296679484807805,0.7703727755009988,1.134761308774276,0.8256012640845877,0.7201781434145531,0.09723861889505303,0.24199339171773707,7.296679484807805,0.7703727755009988,1.134761308774276,0.8256012640845877
0.12118521259620071,0.7292251769813335,0.11066071037031502,4.993137901747606,0.7557917850400806,1.1732089348987993,0.7062781580656305,0.12118521259620071,0.7292251769813335,0.11066071037031502,4.993137901747606,0.7557917850400806,1.1732089348987993,0.7062781580656305
0.6090477994037626,0.4629023732895132,0.10324005268143539,6.847212067175998,0.7762014092323767,0.783309366479118,0.571689614452787,0.6090477994037626,0.4629023732895132,0.10324005268143539,6.847212067175998,0.7762014092323767,0.783309366479118,0.571689614452787
0.11022787466950824,0.013771296533497498,0.8663257359469628,6.071537116844138,0.7663804590815877,1.1033454986049582,0.7064718300899085,0.11022787466950824,0.013771296533497498,0.8663257359469628,6.071537116844138,0.7663804590815877,1.1033454986049582,0.7064718300899085
0.13145224617084256,0.01765548011218708,0.9415441640963828,5.609438260152207,0.7641562366696611,1.126240675251284,0.6186983838517701,0.13145224617084256,0.01765548011218708,0.9415441640963828,5.609438260152207,0.7641562366696611,1.126240675251284,0.6186983838517701
1.0345211240224013,0.1919934212463027,0.13716461802666738,6.1509887708548145,0.7801797306742358,0.7891258006672164,0.037616917042777566,1.0345211240224013,0.1919934212463027,0.13716461802666738,6.1509887708548145,0.7801797306742358,0.7891258006672164,0.037616917042777566
0.017765895522324934,0.11341127797144554,0.878828442585058,5.782450154042668,1.1063822798060634,0.9946848799075875,0.3578012886140029,0.017765895522324934,0.11341127797144554,0.878828442585058,5.782450154042668,1.1063822798060634,0.9946848799075875,0.3578012886140029
0.018338713438210114,0.134278683400375,0.8761778152794892,6.028985691388123,1.5984161526173255,0.7833961591345675,0.00310981929115606,0.018338713438210114,0.134278683400375,0.8761778152794892,6.028985691388123,1.5984161526173255,0.7833961591345675,0.00310981929115606
0.5695739994012471,0.44463326482368004,0.1672146696627049,3.7797790713425328,0.8344942874635516,0.7733300971177448,0.5481555829010847,0.5695739994012471,0.44463326482368004,0.1672146696627049,3.7797790713425328,0.8344942874635516,0.7733300971177448,0.5481555829010847
0.0951734794958721,0.07238180337642888,0.7428125782071052,4.675497135797012,0.901052113044627,0.7756852427281679,0.6277773016659447,0.0951734794958721,0.07238180337642888,0.7428125782071052,4.675497135797012,0.901052113044627,0.7756852427281679,0.6277773016659447
0.14935064564446082,1.0851916855057888,0.17517067059255464,5.44688908227297,0.76516799151495,0.7964335353435773,0.9265501319862298,0.14935064564446082,1.0851916855057888,0.17517067059255464,5.44688908227297,0.76516799151495,0.7964335353435773,0.9265501319862298
0.3722567985103488,0.7361337956298456,0.08828532075561425,7.115348974343005,0.7666817742136817,1.3769483550818633,0.6808830439493048,0.3722567985103488,0.7361337956298456,0.08828532075561425,7.115348974343005,0.7666817742136817,1.3769483550818633,0.6808830439493048
0.6097786568670588,0.08427645462640203,0.45464610934901944,5.4758238131747365,1.0578294760826106,0.9965183444163502,0.14617260028686238,0.6097786568670588,0.08427645462640203,0.45464610934901944,5.4758238131747365,1.0578294760826106,0.9965183444163502,0.14617260028686238
0.08852312786140634,0.754394064001324,0.08913050213472666,6.507860997667102,0.769129810254506,1.123916715047394,0.6459142085080306,0.08852312786140634,0.754394064001324,0.08913050213472666,6.507860997667102,0.769129810254506,1.123916715047394,0.6459142085080306
0.4503705973543309,0.39270891039853295,0.48695904282880065,6.767564828572275,0.7767757046003426,0.7787241923843069,0.7841784090592193,0.4503705973543309,0.39270891039853295,0.48695904282880065,6.767564828572275,0.7767757046003426,0.7787241923843069,0.7841784090592193
0.5146807812153934,0.5631022378456993,0.1206196008074919,6.306947437405527,0.7667021939289038,1.1872212870806573,0.6379428276532895,0.5146807812153934,0.5631022378456993,0.1206196008074919,6.306947437405527,0.7667021939289038,1.1872212870806573,0.6379428276532895
4.5632137276998395e-17,7.900760930806832e-18,6.938984860028663e-18,3.1253204168469253e-16,4.735456144421113e-17,4.945959658436557e-17,5.280772515131988,4.5632137276998395e-17,7.900760930806832e-18,6.938984860028663e-18,3.1253204168469253e-16,4.735456144421113e-17,4.945959658436557e-17,5.280772515131988
0.5692979631866352,0.10469839551310128,0.4880781510339038,4.344070179684974,0.7671648801711655,0.780858850937355,0.3847175309757754,0.5692979631866352,0.10469839551310128,0.4880781510339038,4.344070179684974,0.7671648801711655,0.780858850937355,0.3847175309757754
0.10916235954229375,0.2030073115603573,0.7104232924767339,4.359151898764246,0.8896894490931572,0.9594936830861459,0.3890566933762301,0.10916235954229375,0.2030073115603573,0.7104232924767339,4.359151898764246,0.8896894490931572,0.9594936830861459,0.3890566933762301
0.01915346265548953,0.10427282669182873,0.908241577978963,6.519800069908503,0.7669519280681414,1.2437287009798612,0.6209967702022305,0.01915346265548953,0.10427282669182873,0.908241577978963,6.519800069908503,0.7669519280681414,1.2437287009798612,0.6209967702022305
0.0709872599594427,0.09071148271810915,0.8605332291453175,5.704054429087897,0.7732915570104817,0.7907066463917333,0.570720227083272,0.0709872599594427,0.09071148271810915,0.8605332291453175,5.704054429087897,0.7732915570104817,0.7907066463917333,0.570720227083272
0.45392029211215584,0.6047807646490575,0.12413609812843089,5.689510652971688,0.7733167446156871,0.7833231871210063,0.495411637247031,0.45392029211215584,0.6047807646490575,0.12413609812843089,5.689510652971688,0.7733167446156871,0.7833231871210063,0.495411637247031
0.00252101506628251,0.022631591720768365,0.1854907217827738,1.1205262802468423,6.900747045715731,0.7984592636950331,0.7577124512395936,0.00252101506628251,0.022631591720768365,0.1854907217827738,1.1205262802468423,6.900747045715731,0.7984592636950331,0.7577124512395936
0.3171861596109065,0.6829230331973697,0.13711411094833414,5.7463504465546285,0.7721444694249312,0.8135378097159252,0.5634191361457573,0.3171861596109065,0.6829230331973697,0.13711411094833414,5.7463504465546285,0.7721444694249312,0.8135378097159252,0.5634191361457573
0.05159743324113849,0.10292054986104335,0.9697868728396106,6.462828954387276,0.7770316274630057,0.7897237600144905,0.47866715135702564,0.05159743324113849,0.10292054986104335,0.9697868728396106,6.462828954387276,0.7770316274630057,0.7897237600144905,0.47866715135702564
0.9406478686496956,0.13683771656523525,0.23849916695445944,7.0679938883443745,0.7720977353167197,1.2467411853798598,0.40559059580552626,0.9406478686496956,0.13683771656523525,0.23849916695445944,7.0679938883443745,0.7720977353167197,1.2467411853798598,0.40559059580552626
0.7200542684308897,0.2274366128998854,0.0978713692702239,5.847858529908223,0.7643970219338401,1.1521572914593257,0.6643114706474617,0.7200542684308897,0.2274366128998854,0.0978713692702239,5.847858529908223,0.7643970219338401,1.1521572914593257,0.6643114706474617
0.09714825921929668,0.67918865525092,0.5651186922239275,5.8638147664135225,0.7764096414451913,0.7914893379324017,0.02031823391744775,0.09714825921929668,0.67918865525092,0.5651186922239275,5.8638147664135225,0.7764096414451913,0.7914893379324017,0.02031823391744775
0.10586395924938397,0.8912673499885849,0.10604532145362117,6.4919585557877815,0.7717280559824176,0.7771083892875038,0.868299419064325,0.10586395924938397,0.8912673499885849,0.10604532145362117,6.4919585557877815,0.7717280559824176,0.7771083892875038,0.868299419064325
0.735212748829868,0.0777625241043651,0.2042774232748152,7.237578052645795,0.7710220303128726,1.408955314685555,0.0093731858274999,0.735212748829868,0.0777625241043651,0.2042774232748152,7.237578052645795,0.7710220303128726,1.408955314685555,0.0093731858274999
1.8178330680162595,3.4015745840071236,0.7606792262129242,0.7502211348321386,0.7637779814927794,0.7775449185669768,0.37709799792326687,1.8178330680162595,3.4015745840071236,0.7606792262129242,0.7502211348321386,0.7637779814927794,0.7775449185669768,0.37709799792326687
0.0168637020607439,0.10919655438259308,0.8010148717431536,5.727093877194376,1.1636625962007952,0.7891779580072701,0.6945259003647299,0.0168637020607439,0.10919655438259308,0.8010148717431536,5.727093877194376,1.1636625962007952,0.7891779580072701,0.6945259003647299
0.012764910090981452,0.10744570394731418,0.9125746370365504,6.496874624423684,0.7780602273039078,0.7834337454775504,0.12693316584766323,0.012764910090981452,0.10744570394731418,0.9125746370365504,6.496874624423684,0.7780602273039078,0.7834337454775504,0.12693316584766323
0.35757257800768943,0.6285610465401119,0.19053772963660337,5.085478060805401,0.7569731201474258,1.2379331108839706,0.639695033525358,0.35757257800768943,0.6285610465401119,0.19053772963660337,5.085478060805401,0.7569731201474258,1.2379331108839706,0.639695033525358
0.05046689437023711,0.09513514748899679,0.7487059990445442,5.279881574759561,0.7651543089099996,1.006003128332278,0.6467267472875787,0.05046689437023711,0.09513514748899679,0.7487059990445442,5.279881574759561,0.7651543089099996,1.006003128332278,0.6467267472875787
0.7326407802446845,0.10816549769436588,5.379043969328544,0.8409754957904968,0.7566733335289031,1.3856063010754462,0.5197177290545872,0.7326407802446845,0.10816549769436588,5.379043969328544,0.8409754957904968,0.7566733335289031,1.3856063010754462,0.5197177290545872
0.11237920000736588,0.014160402694013023,0.8812420190539915,6.051684915689047,0.7707246080163107,0.7768149947331143,0.8072556368269438,0.11237920000736588,0.014160402694013023,0.8812420190539915,6.051684915689047,0.7707246080163107,0.7768149947331143,0.8072556368269438
0.405682584394004,0.523897770161199,0.40778099475024077,5.792276758111609,0.8288254766160424,1.1410588230457388,0.006436007085369059,0.405682584394004,0.523897770161199,0.40778099475024077,5.792276758111609,0.8288254766160424,1.1410588230457388,0.006436007085369059
0.1268426661400392,0.02314206891403099,0.7039555899441532,3.917372508401912,0.8367613875092083,1.4990056241225218,0.3688148529151704,0.1268426661400392,0.02314206891403099,0.7039555899441532,3.917372508401912,0.8367613875092083,1.4990056241225218,0.3688148529151704
0.11029161193421366,0.012762659907814675,0.7618605266768121,6.653347618049805,0.77762845582921,1.0003867897185936,0.10774180705221871,0.11029161193421366,0.012762659907814675,0.7618605266768121,6.653347618049805,0.77762845582921,1.0003867897185936,0.10774180705221871
0.5953593027516463,0.46800156280156624,0.10367374836344605,7.135607119988318,0.7687243143618886,1.091610776070705,0.9419361927233942,0.5953593027516463,0.46800156280156624,0.10367374836344605,7.135607119988318,0.7687243143618886,1.091610776070705,0.9419361927233942
0.15616327954692105,0.7145241173466741,0.1547961445266577,3.845539035062619,0.7615955691479744,0.7830698999387604,0.4371593792399923,0.15616327954692105,0.7145241173466741,0.1547961445266577,3.845539035062619,0.7615955691479744,0.7830698999387604,0.4371593792399923
0.5077004813925482,0.058932453768464337,0.5657216922301906,6.568038961050513,0.767681627541689,1.2574417976959593,0.5484895452227935,0.5077004813925482,0.058932453768464337,0.5657216922301906,6.568038961050513,0.767681627541689,1.2574417976959593,0.5484895452227935
0.6115999968960198,0.3258411920544271,0.33160909944407974,6.691979996310064,0.772280894569861,0.7952220525768795,0.8580948630717671,0.6115999968960198,0.3258411920544271,0.33160909944407974,6.691979996310064,0.772280894569861,0.7952220525768795,0.8580948630717671
0.906015988839896,0.17558543453117068,0.09853948457198414,7.214829923434826,0.776711236867485,0.7837837588461803,0.6194683983868031,0.906015988839896,0.17558543453117068,0.09853948457198414,7.214829923434826,0.776711236867485,0.7837837588461803,0.6194683983868031
0.03280872654088899,0.16438076422005188,0.720748120021521,3.7075203768146343,0.7545784003529822,0.7860603103306691,0.6432519892129671,0.03280872654088899,0.16438076422005188,0.720748120021521,3.7075203768146343,0.7545784003529822,0.7860603103306691,0.6432519892129671
0.054795164763123134,0.10109495365990188,0.8300592023323204,5.4284875267625505,0.7661462964553964,1.3161821303377015,0.25059685962791356,0.054795164763123134,0.10109495365990188,0.8300592023323204,5.4284875267625505,0.7661462964553964,1.3161821303377015,0.25059685962791356
0.08195023717985722,0.6453377739883652,0.437448112306267,5.977088844937297,0.9795458656110073,1.0080026819120775,0.5889067896804443,0.08195023717985722,0.6453377739883652,0.437448112306267,5.977088844937297,0.9795458656110073,1.0080026819120775,0.5889067896804443
0.017413074894489837,0.12710678950479976,0.7569960698762204,5.5792664589846686,0.7715386306809995,0.8419263715059868,0.5060773716282149,0.017413074894489837,0.12710678950479976,0.7569960698762204,5.5792664589846686,0.7715386306809995,0.8419263715059868,0.5060773716282149
0.1079689255867508,0.7364656230130683,0.10316853681523225,5.829069097790337,1.1213011819546257,1.024808282561917,0.8230137553107044,0.1079689255867508,0.7364656230130683,0.10316853681523225,5.829069097790337,1.1213011819546257,1.024808282561917,0.8230137553107044
0.02224133852453685,0.1134464534089595,0.8881920329768096,5.842769993736289,0.7680121925950059,1.1918365137309817,0.0077711614057687705,0.02224133852453685,0.1134464534089595,0.8881920329768096,5.842769993736289,0.7680121925950059,1.1918365137309817,0.0077711614057687705
0.09810855457850541,0.020494922699432972,0.7686161312008176,7.300530260478689,0.7794799431232732,0.7904067686262092,0.0,0.09810855457850541,0.020494922699432972,0.7686161312008176,7.300530260478689,0.7794799431232732,0.7904067686262092,0.0
0.6209930810882631,0.14584163312100332,0.3950053507067853,4.817829009535401,0.7592828273750656,1.1481286340457366,0.4288236720746738,0.6209930810882631,0.14584163312100332,0.3950053507067853,4.817829009535401,0.7592828273750656,1.1481286340457366,0.4288236720746738
0.21236471610041924,0.5839043520454187,0.4450335133164171,5.463822120166228,0.7717033769399999,0.8032199774785946,0.5095398311643324,0.21236471610041924,0.5839043520454187,0.4450335133164171,5.463822120166228,0.7717033769399999,0.8032199774785946,0.5095398311643324
7.778127221358512e-18,1.783125593309031e-18,5.150864131355825e-17,3.0114887379960005e-16,4.733831163776818e-17,4.7902718267887735e-17,5.111000864232722,7.778127221358512e-18,1.783125593309031e-18,5.150864131355825e-17,3.0114887379960005e-16,4.733831163776818e-17,4.7902718267887735e-17,5.111000864232722
0.21143139464614025,0.815488976915991,0.14187832079777346,4.414852265497538,0.7573031037957614,0.9716337481328445,0.6485893254001922,0.21143139464614025,0.815488976915991,0.14187832079777346,4.414852265497538,0.7573031037957614,0.9716337481328445,0.6485893254001922
0.20236563383738043,0.9331246263088758,0.1967289111125576,3.9335900666086423,0.7675913132623309,0.7808355023401153,0.04020069162014591,0.20236563383738043,0.9331246263088758,0.1967289111125576,3.9335900666086423,0.7675913132623309,0.7808355023401153,0.04020069162014591
1.0443705418501403,5.381690817052293,0.7592259170709511,0.847760810242779,0.7754207992106952,0.7828838109299171,0.09418475378909509,1.0443705418501403,5.381690817052293,0.7592259170709511,0.847760810242779,0.7754207992106952,0.7828838109299171,0.09418475378909509
0.10062993105884611,0.05271989972271937,0.7699208999197852,6.429976879078974,0.774840288402923,0.8211918262233621,0.5573031385957465,0.10062993105884611,0.05271989972271937,0.7699208999197852,6.429976879078974,0.774840288402923,0.8211918262233621,0.5573031385957465
0.7315209842912033,0.09850410785829083,0.15683715130597925,5.6645126697227175,0.7557082398377956,1.4255228915557319,0.6527085561329425,0.7315209842912033,0.09850410785829083,0.15683715130597925,5.6645126697227175,0.7557082398377956,1.4255228915557319,0.6527085561329425
0.015816818856480078,0.11840061481818427,0.9569565395310005,6.1521958526349145,0.7786849142143598,0.7833810605858408,0.0,0.015816818856480078,0.11840061481818427,0.9569565395310005,6.1521958526349145,0.7786849142143598,0.7833810605858408,0.0
0.25155698351581973,0.5893047125419081,0.44645904181560997,6.797413936141135,0.7786273333841046,0.7900075201187617,0.03261307414434496,0.25155698351581973,0.5893047125419081,0.44645904181560997,6.797413936141135,0.7786273333841046,0.7900075201187617,0.03261307414434496
0.49793512565995085,0.33504289028416406,0.4734817867570261,5.084899640743889,0.7690886988595925,0.7812691811920851,0.5846057865489557,0.49793512565995085,0.33504289028416406,0.4734817867570261,5.084899640743889,0.7690886988595925,0.7812691811920851,0.5846057865489557
0.11136975874567857,0.021183747889332843,0.7422835624251649,5.245343252243642,0.75850499860558,1.3074164658345624,0.38994491547324106,0.11136975874567857,0.021183747889332843,0.7422835624251649,5.245343252243642,0.75850499860558,1.3074164658345624,0.38994491547324106
0.024181929427760842,0.14559901352832672,0.7362158439521436,4.676129472676871,0.7596415189052571,1.1212513571447804,0.5110497986658248,0.024181929427760842,0.14559901352832672,0.7362158439521436,4.676129472676871,0.7596415189052571,1.1212513571447804,0.5110497986658248
0.10236167150854027,0.01852785778458242,0.7674557392892797,5.58384282654927,0.9211309901091915,1.016684237605325,0.5691039861028659,0.10236167150854027,0.01852785778458242,0.7674557392892797,5.58384282654927,0.9211309901091915,1.016684237605325,0.5691039861028659
0.12285642496332855,0.01664776417826257,0.9334127288036942,5.706878539878622,0.768482785385191,0.9606714250529749,0.6376743517134696,0.12285642496332855,0.01664776417826257,0.9334127288036942,5.706878539878622,0.768482785385191,0.9606714250529749,0.6376743517134696
0.05533987480170949,0.10414857707893319,0.8181024378040405,5.1750240387505055,0.7604468603168549,1.281724526411895,0.6377440660123788,0.05533987480170949,0.10414857707893319,0.8181024378040405,5.1750240387505055,0.7604468603168549,1.281724526411895,0.6377440660123788
0.5166520402812348,0.289237940641131,0.4738125867090542,5.937364401982952,0.7645406684471847,1.0640722537554337,0.8329691132168777,0.5166520402812348,0.289237940641131,0.4738125867090542,5.937364401982952,0.7645406684471847,1.0640722537554337,0.8329691132168777
0.5793199892549779,0.09653938112272203,0.4794046183893797,4.936808125726369,0.9158996522319259,0.7864909023399028,0.5194922393241288,0.5793199892549779,0.09653938112272203,0.4794046183893797,4.936808125726369,0.9158996522319259,0.7864909023399028,0.5194922393241288
0.7576530335972103,0.10339503744432066,0.10435337900846656,5.590088964200506,0.9503763166870206,0.8859424492869665,0.0,0.7576530335972103,0.10339503744432066,0.10435337900846656,5.590088964200506,0.9503763166870206,0.8859424492869665,0.0
0.1250143503971382,0.016765256923696816,0.9405461867265719,5.708873353074903,0.7761030785643892,0.7843497390523494,0.0,0.1250143503971382,0.016765256923696816,0.9405461867265719,5.708873353074903,0.7761030785643892,0.7843497390523494,0.0
0.21734943634664486,0.5881168851518963,0.4410633571720435,6.274725142154759,0.7722890551347679,1.0811553689794344,0.11573848576365522,0.21734943634664486,0.5881168851518963,0.4410633571720435,6.274725142154759,0.7722890551347679,1.0811553689794344,0.11573848576365522
0.12043577742550612,0.7523721695894545,6.548118614859445,0.8119303992558804,0.7730032345477694,0.9615899424868851,0.5729467020909317,0.12043577742550612,0.7523721695894545,6.548118614859445,0.8119303992558804,0.7730032345477694,0.9615899424868851,0.5729467020909317
0.7105114435524804,0.10553154904699212,0.24436364198741115,5.640455954399548,0.7655053494394692,1.067254094982829,0.6251142692592357,0.7105114435524804,0.10553154904699212,0.24436364198741115,5.640455954399548,0.7655053494394692,1.067254094982829,0.6251142692592357
0.6169552936647899,0.39548333829468224,0.21802399492747834,5.53532104725148,0.771800482308709,0.9561344143754551,0.10251320259755183,0.6169552936647899,0.39548333829468224,0.21802399492747834,5.53532104725148,0.771800482308709,0.9561344143754551,0.10251320259755183
0.08659145240738925,0.06656175157425069,0.8957126171511751,6.202992835462913,0.7644914036480382,1.211936316346416,0.7447956757690681,0.08659145240738925,0.06656175157425069,0.8957126171511751,6.202992835462913,0.7644914036480382,1.211936316346416,0.7447956757690681
0.013526182359631605,0.0958945738666235,0.7625661735405046,6.030314928340405,0.7733519566480844,1.0504056852222337,0.0,0.013526182359631605,0.0958945738666235,0.7625661735405046,6.030314928340405,0.7733519566480844,1.0504056852222337,0.0
0.3378099202440449,0.559624524226737,0.4112648877780111,5.533438638715162,0.7738536494248325,0.8658136139250342,0.02684943471929461,0.3378099202440449,0.559624524226737,0.4112648877780111,5.533438638715162,0.7738536494248325,0.8658136139250342,0.02684943471929461
0.659215963866541,0.37110549325228287,0.3066479654668234,6.5423633373237475,0.7752621304155751,0.7780278923901801,0.8026512728126893,0.659215963866541,0.37110549325228287,0.3066479654668234,6.5423633373237475,0.7752621304155751,0.7780278923901801,0.8026512728126893
0.10009463469400934,0.052787290291088994,0.7571914823272552,6.296236100646698,0.9757745929423969,0.8199637538012068,0.5483884172096531,0.10009463469400934,0.052787290291088994,0.7571914823272552,6.296236100646698,0.9757745929423969,0.8199637538012068,0.5483884172096531
0.5398920947281097,0.35181878048620785,0.4007719453441229,4.695461828941697,0.8178936615343892,0.9251025073101459,0.08804798157504241,0.5398920947281097,0.35181878048620785,0.4007719453441229,4.695461828941697,0.8178936615343892,0.9251025073101459,0.08804798157504241
0.025101166334467868,0.17614745163468093,1.2316054376577674,5.236996607489643,0.7670900559561398,1.1311124972746425,0.08519147472991329,0.025101166334467868,0.17614745163468093,1.2316054376577674,5.236996607489643,0.7670900559561398,1.1311124972746425,0.08519147472991329
0.514953081499446,0.67154007479346,0.13724405146919944,5.57752479085821,0.7756524894988617,0.7880039852883893,0.09260158060029332,0.514953081499446,0.67154007479346,0.13724405146919944,5.57752479085821,0.7756524894988617,0.7880039852883893,0.09260158060029332
0.703744198610804,0.09862388213758547,0.2856754717378283,5.880966774942552,0.7723610353006205,0.7788794268772667,0.6364914032420582,0.703744198610804,0.09862388213758547,0.2856754717378283,5.880966774942552,0.7723610353006205,0.7788794268772667,0.6364914032420582
0.5307587615729876,0.432944992145135,0.33373023659169776,4.887385812535291,0.7638651521847056,0.7737437658819624,0.7918904096063212,0.5307587615729876,0.432944992145135,0.33373023659169776,4.887385812535291,0.7638651521847056,0.7737437658819624,0.7918904096063212
0.10829558575101826,0.8409789043486242,0.11658725316918704,5.911302037988128,0.7691553804917772,1.1090427011792825,0.33419038223346514,0.10829558575101826,0.8409789043486242,0.11658725316918704,5.911302037988128,0.7691553804917772,1.1090427011792825,0.33419038223346514
0.2959881398501472,0.5626554892327359,0.42476822576630974,6.307250854980658,0.7678793923681714,1.2203757961214197,0.61775941613828,0.2959881398501472,0.5626554892327359,0.42476822576630974,6.307250854980658,0.7678793923681714,1.2203757961214197,0.61775941613828
0.09306249186218915,0.780792269049596,0.0937211935242394,6.461044412481307,0.7758531988829448,0.8464250555531342,0.3758374384551069,0.09306249186218915,0.780792269049596,0.0937211935242394,6.461044412481307,0.7758531988829448,0.8464250555531342,0.3758374384551069
0.7365086962712613,0.07929699865437044,0.1780411752216942,7.0717075673744,0.7685712435602972,1.2993109739980149,0.8694212343922458,0.7365086962712613,0.07929699865437044,0.1780411752216942,7.0717075673744,0.7685712435602972,1.2993109739980149,0.8694212343922458
0.0994968366732559,0.7595945494664869,0.08255261031990341,7.0708622883973655,0.7666989246861949,1.3758756045091036,0.678653614367869,0.0994968366732559,0.7595945494664869,0.08255261031990341,7.0708622883973655,0.7666989246861949,1.3758756045091036,0.678653614367869
0.07142245533733424,0.09117784875103534,0.7719515779512184,5.838072034239049,0.7707088219528831,0.7985239188994733,0.7802332985340843,0.07142245533733424,0.09117784875103534,0.7719515779512184,5.838072034239049,0.7707088219528831,0.7985239188994733,0.7802332985340843
0.02265069217693706,0.10502153176213778,0.7906709066464931,5.557179428755267,0.7628540516562334,1.2693990965774065,0.3280305234621767,0.02265069217693706,0.10502153176213778,0.7906709066464931,5.557179428755267,0.7628540516562334,1.2693990965774065,0.3280305234621767
0.56460171092849,0.5109949820228253,0.09087589948967828,6.446041006568454,0.7774099871542439,0.7778333259130569,0.8006801996568911,0.56460171092849,0.5109949820228253,0.09087589948967828,6.446041006568454,0.7774099871542439,0.7778333259130569,0.8006801996568911
0.12692902638916656,0.6577099675706136,0.37004489729105183,4.703529102902685,0.9080369332588603,0.8041192694405808,0.482243582196441,0.12692902638916656,0.6577099675706136,0.37004489729105183,4.703529102902685,0.9080369332588603,0.8041192694405808,0.482243582196441
0.799793707222148,0.08777835864292172,0.08830543613203704,7.025747887654767,0.7879611053903658,0.9293296881989446,0.3472907793088258,0.799793707222148,0.08777835864292172,0.08830543613203704,7.025747887654767,0.7879611053903658,0.9293296881989446,0.3472907793088258
0.10255561128635439,0.7504032422481419,0.1035089451240998,5.593253991204833,0.7718850358025598,0.7806126495624104,0.60170772684794,0.10255561128635439,0.7504032422481419,0.1035089451240998,5.593253991204833,0.7718850358025598,0.7806126495624104,0.60170772684794
0.11586805888417806,0.06221131258805336,0.7567621223796673,5.237929277555055,0.76873851704988,0.776801115727183,0.666243152193792,0.11586805888417806,0.06221131258805336,0.7567621223796673,5.237929277555055,0.76873851704988,0.776801115727183,0.666243152193792
0.3182616773509978,0.5773183248998497,0.4114035045974181,6.848412887041648,0.7755114374565351,0.7838072101936885,0.6433541559534848,0.3182616773509978,0.5773183248998497,0.4114035045974181,6.848412887041648,0.7755114374565351,0.7838072101936885,0.6433541559534848
0.4146546832608147,0.6908618480572126,0.09673042705270524,6.360291354514299,0.7697526077418853,1.0468411582554997,0.641163035964549,0.4146546832608147,0.6908618480572126,0.09673042705270524,6.360291354514299,0.7697526077418853,1.0468411582554997,0.641163035964549
0.857973334231093,0.14220091632877765,0.1662029559524149,4.4913332216922015,0.9939213463148798,0.952236759142007,0.12222468383845989,0.857973334231093,0.14220091632877765,0.1662029559524149,4.4913332216922015,0.9939213463148798,0.952236759142007,0.12222468383845989
0.8706412694795967,0.30353831558891514,0.11619314856056902,6.691630108583357,0.7717610160279111,1.1783204822714568,0.24941129538036955,0.8706412694795967,0.30353831558891514,0.11619314856056902,6.691630108583357,0.7717610160279111,1.1783204822714568,0.24941129538036955
0.1040410530079747,0.07025254410219119,0.9460119085509908,6.344543152396344,0.773652534078655,0.7792648370799982,0.6813526421551982,0.1040410530079747,0.07025254410219119,0.9460119085509908,6.344543152396344,0.773652534078655,0.7792648370799982,0.6813526421551982
0.13854180083791906,0.6936258720147787,0.1362741613460947,4.116170501831947,0.731289753292059,1.5233283597012959,0.4845053917108038,0.13854180083791906,0.6936258720147787,0.1362741613460947,4.116170501831947,0.731289753292059,1.5233283597012959,0.4845053917108038
0.12148176453053079,0.024660943976501853,0.8679271248220575,5.301220983329512,0.7674203614118204,0.9496181622612129,0.5370098499431134,0.12148176453053079,0.024660943976501853,0.8679271248220575,5.301220983329512,0.7674203614118204,0.9496181622612129,0.5370098499431134
0.26651650328575577,0.600332642728938,0.3658195011361199,5.86044993115021,0.7581229842633616,1.400479405957818,0.672431061985348,0.26651650328575577,0.600332642728938,0.3658195011361199,5.86044993115021,0.7581229842633616,1.400479405957818,0.672431061985348
5.280689379652799,0.7501438420888783,0.8523177273783724,0.7673077217911538,0.7756245184940207,0.7827840569414832,0.0284412926637679,5.280689379652799,0.7501438420888783,0.8523177273783724,0.7673077217911538,0.7756245184940207,0.7827840569414832,0.0284412926637679
0.15493848372438437,0.030671617968484596,0.7399471581838309,4.594548999984892,0.7667605397739685,0.7770842192526466,0.5341886736370841,0.15493848372438437,0.030671617968484596,0.7399471581838309,4.594548999984892,0.7667605397739685,0.7770842192526466,0.5341886736370841
0.3550919107455695,0.6697504600288966,0.11171044085915036,6.087820028484724,0.7717614466473142,0.9685070784580158,0.46818315894012213,0.3550919107455695,0.6697504600288966,0.11171044085915036,6.087820028484724,0.7717614466473142,0.9685070784580158,0.46818315894012213
0.3577432464758144,0.45698868582320085,0.4886790817042825,4.483402168718586,0.768030108217915,0.7811585982450375,0.396050562986475,0.3577432464758144,0.45698868582320085,0.4886790817042825,4.483402168718586,0.768030108217915,0.7811585982450375,0.396050562986475
0.7543829151170882,0.08855262279677191,0.09110944423294337,7.463851705954293,0.772546332343631,1.4298379876363405,0.4404464042398783,0.7543829151170882,0.08855262279677191,0.09110944423294337,7.463851705954293,0.772546332343631,1.4298379876363405,0.4404464042398783
0.05496753526109671,0.10319755060306021,0.8836919840382177,5.728246829993698,0.767042201237209,1.1529346526140476,0.34736219353014675,0.05496753526109671,0.10319755060306021,0.8836919840382177,5.728246829993698,0.767042201237209,1.1529346526140476,0.34736219353014675
0.7481582721294273,0.15380246088950766,0.09635475353817471,6.780543060841326,0.7736300793292075,0.8572213260226413,0.7894695154236064,0.7481582721294273,0.15380246088950766,0.09635475353817471,6.780543060841326,0.7736300793292075,0.8572213260226413,0.7894695154236064
0.013695745921501296,0.10279456183296183,0.7529379120774586,5.704562173014575,0.7687698968093234,1.0303292979382033,0.6226821928635015,0.013695745921501296,0.10279456183296183,0.7529379120774586,5.704562173014575,0.7687698968093234,1.0303292979382033,0.6226821928635015
0.5892978683812462,0.4472361293136452,0.14439506811289907,4.8279912618894265,0.9071519339502053,0.7758758008811417,0.6467483382396144,0.5892978683812462,0.4472361293136452,0.14439506811289907,4.8279912618894265,0.9071519339502053,0.7758758008811417,0.6467483382396144
0.07806623019358543,0.05186747246213968,0.7703091362182128,8.22971332968576,0.7833202784617953,0.7829345072181579,0.4840881043260462,0.07806623019358543,0.05186747246213968,0.7703091362182128,8.22971332968576,0.7833202784617953,0.7829345072181579,0.4840881043260462
0.06784983080159376,0.06143466794306426,0.011194000259205342,0.7562361427075986,0.16810481040438435,6.398163945295267,0.5942494729025376,0.06784983080159376,0.06143466794306426,0.011194000259205342,0.7562361427075986,0.16810481040438435,6.398163945295267,0.5942494729025376
0.1962115551880012,0.720875198914967,0.13193754543001443,4.782347067776465,0.7678609777450809,0.7867346914779156,0.5337286334836719,0.1962115551880012,0.720875198914967,0.13193754543001443,4.782347067776465,0.7678609777450809,0.7867346914779156,0.5337286334836719
0.6278123136798126,0.40906764434981513,0.15995520054483273,6.169528105339286,0.769107409073033,1.090824326085738,0.5327778181839274,0.6278123136798126,0.40906764434981513,0.15995520054483273,6.169528105339286,0.769107409073033,1.090824326085738,0.5327778181839274
0.12987734282085345,0.7210641415650819,0.1649441410240773,5.103113983535133,0.7541616505838958,1.3522758995604278,0.5140730376201607,0.12987734282085345,0.7210641415650819,0.1649441410240773,5.103113983535133,0.7541616505838958,1.3522758995604278,0.5140730376201607
0.08948710806204711,0.756035210540229,0.0901117831657836,6.476431133985412,0.7782231857898431,0.8705301261731316,0.7380645810583654,0.08948710806204711,0.756035210540229,0.0901117831657836,6.476431133985412,0.7782231857898431,0.8705301261731316,0.7380645810583654
0.5456074739280774,0.41829346878117596,0.33449648113047864,6.019336576698915,0.7698276596190917,1.003787623770654,0.5764417523782747,0.5456074739280774,0.41829346878117596,0.33449648113047864,6.019336576698915,0.7698276596190917,1.003787623770654,0.5764417523782747
0.5609296972464164,0.5128120967165763,0.12641429227316128,5.945356013667809,0.7767269453846333,0.783299333964429,0.02526394721058598,0.5609296972464164,0.5128120967165763,0.12641429227316128,5.945356013667809,0.7767269453846333,0.783299333964429,0.02526394721058598
0.016121361553929906,0.1276555241006914,0.9399197637158855,6.558130262313214,0.77969897286896,0.7836102514543319,0.0,0.016121361553929906,0.1276555241006914,0.9399197637158855,6.558130262313214,0.77969897286896,0.7836102514543319,0.0
0.40609402357447427,0.4798374885527278,0.4373290870505555,6.951571161465128,0.7714424717500975,1.1020911057489544,0.7650608332235486,0.40609402357447427,0.4798374885527278,0.4373290870505555,6.951571161465128,0.7714424717500975,1.1020911057489544,0.7650608332235486
0.027557694288708065,0.12322436726410908,0.048946329174246794,0.7570908162007337,4.301306346290201,0.7813055262790499,0.006980962080504851,0.027557694288708065,0.12322436726410908,0.048946329174246794,0.7570908162007337,4.301306346290201,0.7813055262790499,0.006980962080504851
0.13088499337114387,0.6410110434102758,0.3832565850360479,4.819583305484502,0.7668874157271793,1.0200644547945266,0.27579513603509387,0.13088499337114387,0.6410110434102758,0.3832565850360479,4.819583305484502,0.7668874157271793,1.0200644547945266,0.27579513603509387
0.09492455205512458,0.7618131753609503,0.11942075430001188,6.565739803140638,0.7699002239536255,1.1373476512726113,0.5724017568127173,0.09492455205512458,0.7618131753609503,0.11942075430001188,6.565739803140638,0.7699002239536255,1.1373476512726113,0.5724017568127173
0.7822993894677454,0.17061178456838128,0.10901962019950467,5.631147274016656,0.7648935625866728,1.2400263358994847,0.21840764048367395,0.7822993894677454,0.17061178456838128,0.10901962019950467,5.631147274016656,0.7648935625866728,1.2400263358994847,0.21840764048367395
0.1369055533327904,0.016545605128581588,0.7217583639974909,6.073977785504199,1.9832744508271631,0.7910440580083435,0.8073431776968246,0.1369055533327904,0.016545605128581588,0.7217583639974909,6.073977785504199,1.9832744508271631,0.7910440580083435,0.8073431776968246
0.1314064040690399,0.11671375191082997,0.737479352139649,3.907536807253416,0.7628600806060389,0.7866040598393436,0.4044931791163532,0.1314064040690399,0.11671375191082997,0.737479352139649,3.907536807253416,0.7628600806060389,0.7866040598393436,0.4044931791163532
0.019479957645202342,0.07537688089203397,0.7610828237389085,7.479059106049995,1.238466104290426,0.8396574893840829,0.7752835080976422,0.019479957645202342,0.07537688089203397,0.7610828237389085,7.479059106049995,1.238466104290426,0.8396574893840829,0.7752835080976422
0.5034043777265539,0.3950992119112567,0.39545996365100416,4.610174621349329,0.7622265506571683,0.9923930103842639,0.4377726009765948,0.5034043777265539,0.3950992119112567,0.39545996365100416,4.610174621349329,0.7622265506571683,0.9923930103842639,0.4377726009765948
0.6146864151780395,0.13378192571449538,0.4384678446692142,6.422894988619959,0.7723608747972419,0.8672313620685022,0.7062570214848595,0.6146864151780395,0.13378192571449538,0.4384678446692142,6.422894988619959,0.7723608747972419,0.8672313620685022,0.7062570214848595
