f_1,f_2,f_3,f_4,f_5,f_6,f_7,f_1_min,f_2_min,f_3_min,f_4_min,f_5_min,f_6_min,f_7_min
0.11025699089600036,0.06701565241728297,0.16718803705510182,0.11789616497180949,0.7194567351885327,3.2235393731076463,0.7551275666067041,0.11025699089600036,0.06701565241728297,0.16718803705510182,0.11789616497180949,0.7194567351885327,3.2235393731076463,0.7551275666067041
0.10977712192331883,0.036422100021265155,0.15821949652684203,0.12708439324792203,0.7170745472866774,3.1967594694485864,0.8394674823296305,0.10977712192331883,0.036422100021265155,0.15821949652684203,0.12708439324792203,0.7170745472866774,3.1967594694485864,0.8394674823296305
0.07568953923029849,0.022136875865536643,0.19115170290789404,0.15165236038185878,0.674658037438878,2.931286981401704,1.2163664901481248,0.07568953923029849,0.022136875865536643,0.19115170290789404,0.15165236038185878,0.674658037438878,2.931286981401704,1.2163664901481248
0.06494727716494468,0.02543265547725245,0.14323493819609218,0.13175649607988268,0.6995527720875585,2.9612054904073197,1.1288067505176096,0.06494727716494468,0.02543265547725245,0.14323493819609218,0.13175649607988268,0.6995527720875585,2.9612054904073197,1.1288067505176096
0.08288071879738328,0.03225595885020571,0.16725264268641896,0.18037998269431224,0.6694542135103337,3.0939610629479515,1.3231488211162894,0.08288071879738328,0.03225595885020571,0.16725264268641896,0.18037998269431224,0.6694542135103337,3.0939610629479515,1.3231488211162894
0.07682276365504913,0.02956531698543615,0.15296323525605454,0.1676001480215439,0.7021903513179423,3.0661316915084713,0.9877112191612861,0.07682276365504913,0.02956531698543615,0.15296323525605454,0.1676001480215439,0.7021903513179423,3.0661316915084713,0.9877112191612861
0.059359508041148736,0.033242527730833055,0.16960813947191675,0.11121370220483902,0.727231012398201,2.8977016362769374,0.6763860502437853,0.059359508041148736,0.033242527730833055,0.16960813947191675,0.11121370220483902,0.727231012398201,2.8977016362769374,0.6763860502437853
0.06976953688174055,0.03209620475403313,0.15469918164781174,0.14369549261090644,0.6400407754758092,2.815787121773491,1.6302213734862094,0.06976953688174055,0.03209620475403313,0.15469918164781174,0.14369549261090644,0.6400407754758092,2.815787121773491,1.6302213734862094
0.07473804201181065,0.04113828353458271,0.12513577606034232,0.09938834255747078,0.7246805700255491,3.0034661359367743,0.8962377256065389,0.07473804201181065,0.04113828353458271,0.12513577606034232,0.09938834255747078,0.7246805700255491,3.0034661359367743,0.8962377256065389
0.12177618964275168,0.0292138453243233,0.18683297886060554,0.1341582596904274,0.6862713365975593,3.061552438475515,1.1020901818383129,0.12177618964275168,0.0292138453243233,0.18683297886060554,0.1341582596904274,0.6862713365975593,3.061552438475515,1.1020901818383129
0.10275227791478843,0.03953884741526358,0.20222678041187006,0.19525570877359155,0.6925177005033598,3.1700923698230774,0.8159216997333317,0.10275227791478843,0.03953884741526358,0.20222678041187006,0.19525570877359155,0.6925177005033598,3.1700923698230774,0.8159216997333317
0.0864516450216978,0.0335293532141096,0.19028057056142642,0.1730171655511184,0.6899991716874023,3.031417929197692,0.9806159916459299,0.0864516450216978,0.0335293532141096,0.19028057056142642,0.1730171655511184,0.6899991716874023,3.031417929197692,0.9806159916459299
0.11575138707997924,0.037527521335092504,0.1743854811314895,0.11922618126329015,0.7185532655657663,3.17003697405964,0.7422079107492825,0.11575138707997924,0.037527521335092504,0.1743854811314895,0.11922618126329015,0.7185532655657663,3.17003697405964,0.7422079107492825
0.09348452472364027,0.037824234347255674,0.23937317253158358,0.10946777434858142,0.700537539898622,3.0539927390727195,0.7756015542963615,0.09348452472364027,0.037824234347255674,0.23937317253158358,0.10946777434858142,0.700537539898622,3.0539927390727195,0.7756015542963615
0.09989159362777421,0.0660806269096787,0.19538412655250745,0.10251174716384223,0.6987795001824757,3.1257278849656953,1.0094248380299153,0.09989159362777421,0.0660806269096787,0.19538412655250745,0.10251174716384223,0.6987795001824757,3.1257278849656953,1.0094248380299153
0.09955350317983094,0.04742329982501237,0.153677570080878,0.19381596425246322,0.6969650739924592,3.010540829885417,0.8877111887371315,0.09955350317983094,0.04742329982501237,0.153677570080878,0.19381596425246322,0.6969650739924592,3.010540829885417,0.8877111887371315
0.07625001152208742,0.07244242189758289,0.1530895832857318,0.12087595482515713,0.7233838796209652,2.9357429334816016,0.7126731444294088,0.07625001152208742,0.07244242189758289,0.1530895832857318,0.12087595482515713,0.7233838796209652,2.9357429334816016,0.7126731444294088
0.06694305840016727,0.02698295346607097,0.17070557631316186,0.19550663707047639,0.7135729886398805,3.255305380931998,0.6838751732836034,0.06694305840016727,0.02698295346607097,0.17070557631316186,0.19550663707047639,0.7135729886398805,3.255305380931998,0.6838751732836034
0.12460733517445415,0.10689227319951984,0.25935764752253104,0.18920299988378425,0.6694177701127922,3.229781920558956,0.7278227355410946,0.12460733517445415,0.10689227319951984,0.25935764752253104,0.18920299988378425,0.6694177701127922,3.229781920558956,0.7278227355410946
0.1497481062647911,0.05845154937829726,0.14078585252783346,0.14620107531367926,0.71519314032585,3.2423122376788203,0.7257202943403269,0.1497481062647911,0.05845154937829726,0.14078585252783346,0.14620107531367926,0.71519314032585,3.2423122376788203,0.7257202943403269
0.0868250907469242,0.025249118081328965,0.12410581349838673,0.11154525018029023,0.7103975339962117,3.121589286902156,1.1143091939705367,0.0868250907469242,0.025249118081328965,0.12410581349838673,0.11154525018029023,0.7103975339962117,3.121589286902156,1.1143091939705367
0.06876935912487643,0.03487694655906097,0.18804578410821104,0.14850086592812214,0.7053461295543955,3.0866297584373124,0.8949653294375625,0.06876935912487643,0.03487694655906097,0.18804578410821104,0.14850086592812214,0.7053461295543955,3.0866297584373124,0.8949653294375625
0.08820840834272069,0.04460404537632792,0.1685724401162297,0.15395777088700896,0.706517429526554,3.115075077233592,0.9027645556628181,0.08820840834272069,0.04460404537632792,0.1685724401162297,0.15395777088700896,0.706517429526554,3.115075077233592,0.9027645556628181
0.07511273365270742,0.03444474029771053,0.21763355047524424,0.10476232909549936,0.7351373743608018,3.1895615457265714,0.7213438531527022,0.07511273365270742,0.03444474029771053,0.21763355047524424,0.10476232909549936,0.7351373743608018,3.1895615457265714,0.7213438531527022
0.06841882424524331,0.03313755104195067,0.18198929212062226,0.12124887039559284,0.7110681348165068,3.0774269809568926,0.908772776073768,0.06841882424524331,0.03313755104195067,0.18198929212062226,0.12124887039559284,0.7110681348165068,3.0774269809568926,0.908772776073768
0.093317675336575,0.06386288555393288,0.23291342253442576,0.14865377786609432,0.6927599694614567,3.1715571130252256,0.8328650902189205,0.093317675336575,0.06386288555393288,0.23291342253442576,0.14865377786609432,0.6927599694614567,3.1715571130252256,0.8328650902189205
0.09524745973104776,0.04340129772452458,0.24938316370633015,0.12109815753757806,0.639272291002738,2.878208957557746,1.3859231200391042,0.09524745973104776,0.04340129772452458,0.24938316370633015,0.12109815753757806,0.639272291002738,2.878208957557746,1.3859231200391042
0.10559004168478157,0.026621975827123674,0.28819044509615127,0.18339401000269467,0.6600602198938748,3.208011483878771,0.8988282291188384,0.10559004168478157,0.026621975827123674,0.28819044509615127,0.18339401000269467,0.6600602198938748,3.208011483878771,0.8988282291188384
0.05204454973948723,0.027896951094734456,0.11332800840520421,0.12954735199308548,0.6908062864658986,2.957899105467371,1.3162663557968333,0.05204454973948723,0.027896951094734456,0.11332800840520421,0.12954735199308548,0.6908062864658986,2.957899105467371,1.3162663557968333
0.07656349073932944,0.04269910648266583,0.18089687111947728,0.1670992963388887,0.7082670779112589,3.1189525416421473,0.8034580643644094,0.07656349073932944,0.04269910648266583,0.18089687111947728,0.1670992963388887,0.7082670779112589,3.1189525416421473,0.8034580643644094
0.10925863035616074,0.030450860259981286,0.15635669387851361,0.17633191325434366,0.6684167205167609,3.005713945385571,1.2985490935290915,0.10925863035616074,0.030450860259981286,0.15635669387851361,0.17633191325434366,0.6684167205167609,3.005713945385571,1.2985490935290915
0.09651619567839227,0.051652377670516864,0.1116814654841638,0.07629512132799136,0.6591244692114184,2.7526927452073298,1.5605809063930147,0.09651619567839227,0.051652377670516864,0.1116814654841638,0.07629512132799136,0.6591244692114184,2.7526927452073298,1.5605809063930147
0.06561557646119605,0.026112799988418204,0.1252629015790037,0.1351531639301441,0.732675882084926,2.985974072908341,0.6850117013709031,0.06561557646119605,0.026112799988418204,0.1252629015790037,0.1351531639301441,0.732675882084926,2.985974072908341,0.6850117013709031
0.09041345085370313,0.022707334317223066,0.2472519323718191,0.15348220021690795,0.6691621942706966,3.155208252894002,1.1240923674645764,0.09041345085370313,0.022707334317223066,0.2472519323718191,0.15348220021690795,0.6691621942706966,3.155208252894002,1.1240923674645764
0.07711142626014038,0.035822585215193076,0.17731322781895323,0.08836377774415312,0.6861700780558332,2.9127347882643284,1.2345259062432645,0.07711142626014038,0.035822585215193076,0.17731322781895323,0.08836377774415312,0.6861700780558332,2.9127347882643284,1.2345259062432645
0.07821859217710847,0.06177464498039407,0.09783581669665328,0.16866270150774382,0.6990864798541595,2.9908865830819513,1.1005821887639125,0.07821859217710847,0.06177464498039407,0.09783581669665328,0.16866270150774382,0.6990864798541595,2.9908865830819513,1.1005821887639125
0.09850580599191856,0.03894265305371776,0.2165952223038446,0.11180979558275735,0.6777338378831379,2.8555154242113034,1.103458279700583,0.09850580599191856,0.03894265305371776,0.2165952223038446,0.11180979558275735,0.6777338378831379,2.8555154242113034,1.103458279700583
0.07004993116767592,0.04587494377366002,0.1565139888586206,0.07526154853218772,0.7362663064668366,3.1433789219907773,0.6861669120726045,0.07004993116767592,0.04587494377366002,0.1565139888586206,0.07526154853218772,0.7362663064668366,3.1433789219907773,0.6861669120726045
0.15166032397078608,0.0689550332673475,0.1441089461437603,0.1480217702037277,0.7093009163598981,3.223651545702489,0.7875245910623546,0.15166032397078608,0.0689550332673475,0.1441089461437603,0.1480217702037277,0.7093009163598981,3.223651545702489,0.7875245910623546
0.07326576506680667,0.040541823544728156,0.20735565964620534,0.13244274992637475,0.7032339945938793,3.1222123850578654,0.8939383144581118,0.07326576506680667,0.040541823544728156,0.20735565964620534,0.13244274992637475,0.7032339945938793,3.1222123850578654,0.8939383144581118
0.07974449427319906,0.054669930033110756,0.19301518611425933,0.13431998485607527,0.7114781474440206,3.045165468574206,0.7699967184542681,0.07974449427319906,0.054669930033110756,0.19301518611425933,0.13431998485607527,0.7114781474440206,3.045165468574206,0.7699967184542681
3.3791670244295297e-18,1.226111098474693e-18,7.653176057760719e-18,1.3078375182213004e-17,4.456660221013361e-17,1.3503894915830327e-16,2.3362371289263333,3.3791670244295297e-18,1.226111098474693e-18,7.653176057760719e-18,1.3078375182213004e-17,4.456660221013361e-17,1.3503894915830327e-16,2.3362371289263333
0.09374779646143505,0.0275877946181004,0.17685884028062374,0.2072011170015109,0.6898267516233778,3.0901629008969325,0.9091821721349753,0.09374779646143505,0.0275877946181004,0.17685884028062374,0.2072011170015109,0.6898267516233778,3.0901629008969325,0.9091821721349753
0.061011980161029315,0.05040594652988917,0.1978577797078121,0.15191808977304208,0.67936960365089,2.925341706835635,1.1327554750729383,0.061011980161029315,0.05040594652988917,0.1978577797078121,0.15191808977304208,0.67936960365089,2.925341706835635,1.1327554750729383
0.08841179751018187,0.029906638206747136,0.16741963268624743,0.12331279320627635,0.720032206331263,2.9538504201495335,0.7502942614205612,0.08841179751018187,0.029906638206747136,0.16741963268624743,0.12331279320627635,0.720032206331263,2.9538504201495335,0.7502942614205612
0.07921099262604203,0.043536771182123304,0.14566573683302955,0.10127547742288061,0.7284835507609103,3.139866406793018,0.8032082387460278,0.07921099262604203,0.043536771182123304,0.14566573683302955,0.10127547742288061,0.7284835507609103,3.139866406793018,0.8032082387460278
0.09312553051146522,0.034756653261261324,0.1866941751936977,0.20142122336735635,0.6824128390514438,3.18098367895705,1.0337018371629128,0.09312553051146522,0.034756653261261324,0.1866941751936977,0.20142122336735635,0.6824128390514438,3.18098367895705,1.0337018371629128
0.1049142850824007,0.04911991756522942,0.15956487689638857,0.12122590847500721,0.6503052396970008,2.8695425007211095,1.540809597971697,0.1049142850824007,0.04911991756522942,0.15956487689638857,0.12122590847500721,0.6503052396970008,2.8695425007211095,1.540809597971697
0.1272518681784611,0.06110987739563097,0.10732488679099332,0.143859967802519,0.6907376138080408,3.073117634609884,1.2023190195696376,0.1272518681784611,0.06110987739563097,0.10732488679099332,0.143859967802519,0.6907376138080408,3.073117634609884,1.2023190195696376
0.05870310609271005,0.04672217028430823,0.1812667205755332,0.1205336669824598,0.7084307542025469,3.0736289438504927,0.9534721520761157,0.05870310609271005,0.04672217028430823,0.1812667205755332,0.1205336669824598,0.7084307542025469,3.0736289438504927,0.9534721520761157
0.08421526199636387,0.03282139085187486,0.21406917864073047,0.14538042076378738,0.7020193358688263,3.214719476151752,0.8548795304982146,0.08421526199636387,0.03282139085187486,0.21406917864073047,0.14538042076378738,0.7020193358688263,3.214719476151752,0.8548795304982146
0.12796227165339338,0.031485900184295194,0.19429073416024745,0.149126793925601,0.7046958705322992,3.0785465742018667,0.7388817303797586,0.12796227165339338,0.031485900184295194,0.19429073416024745,0.149126793925601,0.7046958705322992,3.0785465742018667,0.7388817303797586
0.06933093238725047,0.0459926605694482,0.16968523513107095,0.1798387406287292,0.6953127034415691,3.125708198313798,1.0109832593675898,0.06933093238725047,0.0459926605694482,0.16968523513107095,0.1798387406287292,0.6953127034415691,3.125708198313798,1.0109832593675898
0.07931506393306277,0.03254963392106139,0.19942105837445234,0.22878921377401018,0.6958736276322893,3.130342568193447,0.6590766834567283,0.07931506393306277,0.03254963392106139,0.19942105837445234,0.22878921377401018,0.6958736276322893,3.130342568193447,0.6590766834567283
0.059074070474909784,0.025052693172893083,0.1295302041486985,0.1132081044877973,0.7194503921234531,2.9862317652677874,0.9701538598002756,0.059074070474909784,0.025052693172893083,0.1295302041486985,0.1132081044877973,0.7194503921234531,2.9862317652677874,0.9701538598002756
0.09106675205377568,0.05109134835412557,0.22363881905777286,0.10994679598599039,0.7062001837844093,3.128090482285739,0.7808967242224026,0.09106675205377568,0.05109134835412557,0.22363881905777286,0.10994679598599039,0.7062001837844093,3.128090482285739,0.7808967242224026
0.13451538498185814,0.06117302001421346,0.1642940515652321,0.14473045572823995,0.7063305248706714,3.1877955074263107,0.8373291664295235,0.13451538498185814,0.06117302001421346,0.1642940515652321,0.14473045572823995,0.7063305248706714,3.1877955074263107,0.8373291664295235
0.12335376218221616,0.037986930553118,0.12914103585540093,0.1148806254469307,0.7098708621293726,2.9041336627699783,0.9385149572621491,0.12335376218221616,0.037986930553118,0.12914103585540093,0.1148806254469307,0.7098708621293726,2.9041336627699783,0.9385149572621491
0.09437119972267392,0.02382999802739253,0.19419986475937073,0.13569822081183627,0.7052944741455839,2.9715433768206085,0.8304722649884348,0.09437119972267392,0.02382999802739253,0.19419986475937073,0.13569822081183627,0.7052944741455839,2.9715433768206085,0.8304722649884348
0.11734444896945417,0.031525635925418474,0.16732521369702497,0.18554606607059948,0.6943011030025035,3.0199115438759723,0.8932830073098829,0.11734444896945417,0.031525635925418474,0.16732521369702497,0.18554606607059948,0.6943011030025035,3.0199115438759723,0.8932830073098829
0.1092558125703184,0.04304706542404325,0.14700143948814556,0.08693688261678695,0.7147359573815131,2.965746531614849,0.9293364527626691,0.1092558125703184,0.04304706542404325,0.14700143948814556,0.08693688261678695,0.7147359573815131,2.965746531614849,0.9293364527626691
0.07224597786876148,0.06058113795896339,0.10281873469801689,0.1090817615485351,0.7065297654970909,2.961902223243392,1.142598573679596,0.07224597786876148,0.06058113795896339,0.10281873469801689,0.1090817615485351,0.7065297654970909,2.961902223243392,1.142598573679596
0.09513914085121894,0.025299954770856933,0.13875828444455518,0.136443324452594,0.7239128185768946,3.1114874399565142,0.7827528152711222,0.09513914085121894,0.025299954770856933,0.13875828444455518,0.136443324452594,0.7239128185768946,3.1114874399565142,0.7827528152711222
0.10398987026624214,0.09617312598517874,0.13869040867522656,0.13753042954096245,0.7151473439096337,3.106637328286131,0.8093745675923609,0.10398987026624214,0.09617312598517874,0.13869040867522656,0.13753042954096245,0.7151473439096337,3.106637328286131,0.8093745675923609
0.10436165271431772,0.05998609676255906,0.12853085121567026,0.15296588302738695,0.7186478271910569,3.0869180853058276,0.7794780454931206,0.10436165271431772,0.05998609676255906,0.12853085121567026,0.15296588302738695,0.7186478271910569,3.0869180853058276,0.7794780454931206
0.07188739517255666,0.034269075341023136,0.16076703910645113,0.25478461044130624,0.6804760269784684,3.197047269626416,0.9449161798307804,0.07188739517255666,0.034269075341023136,0.16076703910645113,0.25478461044130624,0.6804760269784684,3.197047269626416,0.9449161798307804
0.07472774253490043,0.019618318112892944,0.11004006589424478,0.10527004355690756,0.7240434099504969,3.1501630266830145,1.010907836821805,0.07472774253490043,0.019618318112892944,0.11004006589424478,0.10527004355690756,0.7240434099504969,3.1501630266830145,1.010907836821805
0.0875164811783717,0.02355160121806666,0.1274163718887055,0.09150526022071807,0.7345707899183419,3.0676362567463875,0.7530209822682962,0.0875164811783717,0.02355160121806666,0.1274163718887055,0.09150526022071807,0.7345707899183419,3.0676362567463875,0.7530209822682962
0.10294671798762693,0.03449239252452622,0.1421594231918906,0.17506382240784088,0.7123398502304532,3.1085269627920553,0.7961850751961629,0.10294671798762693,0.03449239252452622,0.1421594231918906,0.17506382240784088,0.7123398502304532,3.1085269627920553,0.7961850751961629
0.17520448813954362,0.04613565816622377,0.1570743528503455,0.10853937995353863,0.6964006033627633,2.987034229499577,0.928652707696305,0.17520448813954362,0.04613565816622377,0.1570743528503455,0.10853937995353863,0.6964006033627633,2.987034229499577,0.928652707696305
0.11214398687548484,0.04391251478511616,0.173067019016697,0.11766993214156364,0.7195320063448201,3.227548196999134,0.7560143318576198,0.11214398687548484,0.04391251478511616,0.173067019016697,0.11766993214156364,0.7195320063448201,3.227548196999134,0.7560143318576198
0.08612536475003847,0.08035192187790773,0.1627674705492554,0.12856611631842552,0.6749725039953297,3.013046041367638,1.3272668678859396,0.08612536475003847,0.08035192187790773,0.1627674705492554,0.12856611631842552,0.6749725039953297,3.013046041367638,1.3272668678859396
0.07673107656751893,0.04553871511343578,0.13950760451915092,0.09443248867687472,0.7345353855680845,3.046788984200611,0.7025111791999855,0.07673107656751893,0.04553871511343578,0.13950760451915092,0.09443248867687472,0.7345353855680845,3.046788984200611,0.7025111791999855
0.10710308892873763,0.04857174987553263,0.18534004614194144,0.14658678892456975,0.7065440771269107,3.2201295360216173,0.8453818226710524,0.10710308892873763,0.04857174987553263,0.18534004614194144,0.14658678892456975,0.7065440771269107,3.2201295360216173,0.8453818226710524
0.13420493573496328,0.04027750802801987,0.17770964500415876,0.16172876156674176,0.6689368402281989,2.881683119799404,1.1580673637771457,0.13420493573496328,0.04027750802801987,0.17770964500415876,0.16172876156674176,0.6689368402281989,2.881683119799404,1.1580673637771457
0.06588573652072736,0.025835564696467722,0.12988694667467324,0.15762196578525034,0.7248408218115487,3.2071845842420856,0.8120876241524619,0.06588573652072736,0.025835564696467722,0.12988694667467324,0.15762196578525034,0.7248408218115487,3.2071845842420856,0.8120876241524619
0.10618461402941226,0.02685019266738487,0.19150995485946368,0.1770231165948431,0.6806301847631901,2.9647704062309783,1.0278509542563175,0.10618461402941226,0.02685019266738487,0.19150995485946368,0.1770231165948431,0.6806301847631901,2.9647704062309783,1.0278509542563175
0.09600274275603654,0.03744518136437239,0.2417233132026687,0.15710854304824173,0.6903280889102366,2.9813097553578207,0.7516248267919636,0.09600274275603654,0.03744518136437239,0.2417233132026687,0.15710854304824173,0.6903280889102366,2.9813097553578207,0.7516248267919636
0.08993486077279225,0.05789439083870904,0.24010332623354153,0.14839835946621105,0.6951921195820593,3.1155102496938754,0.7427897623455801,0.08993486077279225,0.05789439083870904,0.24010332623354153,0.14839835946621105,0.6951921195820593,3.1155102496938754,0.7427897623455801
0.08723149636085366,0.057867860675799854,0.22213694194674946,0.11053698422719409,0.6774207507521481,3.021052959897151,1.1596154813729465,0.08723149636085366,0.057867860675799854,0.22213694194674946,0.11053698422719409,0.6774207507521481,3.021052959897151,1.1596154813729465
0.14574020782099195,0.03977899046193197,0.20662825523654796,0.10235279058050065,0.7106979899134684,3.126523282009655,0.6570491896137536,0.14574020782099195,0.03977899046193197,0.20662825523654796,0.10235279058050065,0.7106979899134684,3.126523282009655,0.6570491896137536
0.1436402159596188,0.03644949355314151,0.1546515801160341,0.13537960463357324,0.6881328990328969,3.088278028884719,1.1290360658087655,0.1436402159596188,0.03644949355314151,0.1546515801160341,0.13537960463357324,0.6881328990328969,3.088278028884719,1.1290360658087655
0.10459968024898585,0.03001704349711516,0.13441149907256636,0.10440995100668551,0.7355939205422417,2.7960603800204793,0.5444760998159044,0.10459968024898585,0.03001704349711516,0.13441149907256636,0.10440995100668551,0.7355939205422417,2.7960603800204793,0.5444760998159044
0.10810902129975122,0.0611722083924689,0.29388944684889373,0.1484064323023745,0.6788138326304627,2.5888840156773023,0.6871280590470562,0.10810902129975122,0.0611722083924689,0.29388944684889373,0.1484064323023745,0.6788138326304627,2.5888840156773023,0.6871280590470562
0.10916970388781644,0.03325079206703883,0.3406865108543349,0.096928398342961,0.6274221771753841,2.928000775721353,1.1141253929886232,0.10916970388781644,0.03325079206703883,0.3406865108543349,0.096928398342961,0.6274221771753841,2.928000775721353,1.1141253929886232
0.09606526146260999,0.05319814662718612,0.2019839886548107,0.19489297280115772,0.6928122743583922,3.186286747213787,0.8198704109756031,0.09606526146260999,0.05319814662718612,0.2019839886548107,0.19489297280115772,0.6928122743583922,3.186286747213787,0.8198704109756031
0.11692970739996718,0.05356160827539139,0.30371263781277746,0.13772126947515326,0.6640238302349668,3.1614709609383462,0.841432810757306,0.11692970739996718,0.05356160827539139,0.30371263781277746,0.13772126947515326,0.6640238302349668,3.1614709609383462,0.841432810757306
0.08322316516794938,0.04029009780512275,0.17115912917218148,0.11757264274209848,0.7124445763042423,3.0812799257068004,0.909848378789475,0.08322316516794938,0.04029009780512275,0.17115912917218148,0.11757264274209848,0.7124445763042423,3.0812799257068004,0.909848378789475
0.13178016025088696,0.07466244850966891,0.11965152264748985,0.1676773108129879,0.6698103530369942,3.003889249937679,1.3040269582895292,0.13178016025088696,0.07466244850966891,0.11965152264748985,0.1676773108129879,0.6698103530369942,3.003889249937679,1.3040269582895292
0.09618724988087758,0.023890581424032855,0.11746344063154311,0.10899289194816897,0.7231229678506301,3.1064370948421565,0.9277118550616782,0.09618724988087758,0.023890581424032855,0.11746344063154311,0.10899289194816897,0.7231229678506301,3.1064370948421565,0.9277118550616782
0.06353569087642204,0.029304222580283635,0.16718623618311282,0.15058352674676131,0.6355085172703426,2.793990950314735,1.6246222440704456,0.06353569087642204,0.029304222580283635,0.16718623618311282,0.15058352674676131,0.6355085172703426,2.793990950314735,1.6246222440704456
0.055029227467188406,0.030456148267726607,0.11218091357531783,0.13181137428146183,0.7243348928503691,2.93948407441091,0.867313898746979,0.055029227467188406,0.030456148267726607,0.11218091357531783,0.13181137428146183,0.7243348928503691,2.93948407441091,0.867313898746979
0.12532085284025588,0.040560006994242594,0.23931797664005633,0.15017651053489078,0.9456319417455106,2.538924221142863,1.3980179514285862,0.12532085284025588,0.040560006994242594,0.23931797664005633,0.15017651053489078,0.9456319417455106,2.538924221142863,1.3980179514285862
0.102375390996094,0.05774362817190161,0.24983827030624256,0.1240056115559462,0.6925551384593405,3.065404538967998,0.76684745749965,0.102375390996094,0.05774362817190161,0.24983827030624256,0.1240056115559462,0.6925551384593405,3.065404538967998,0.76684745749965
0.08465911808496883,0.0338120657355949,0.13044683859935677,0.14885560178846635,0.7156254031687872,3.0811817786559565,0.9071342028294483,0.08465911808496883,0.0338120657355949,0.13044683859935677,0.14885560178846635,0.7156254031687872,3.0811817786559565,0.9071342028294483
0.0930155989048335,0.02692050820937532,0.21008273935691008,0.15079497625400173,0.6784738683600293,3.0473162137924326,1.1240166441383026,0.0930155989048335,0.02692050820937532,0.21008273935691008,0.15079497625400173,0.6784738683600293,3.0473162137924326,1.1240166441383026
0.09011157716384613,0.0838499174702407,0.15874760268420476,0.12827172120828995,0.6751916999645209,3.0466007368894195,1.3412762608716002,0.09011157716384613,0.0838499174702407,0.15874760268420476,0.12827172120828995,0.6751916999645209,3.0466007368894195,1.3412762608716002
0.06449532160384354,0.02530794199608917,0.1431868949251462,0.09080327899088546,0.738282096803348,3.07373378922885,0.6801696984903224,0.06449532160384354,0.02530794199608917,0.1431868949251462,0.09080327899088546,0.738282096803348,3.07373378922885,0.6801696984903224
0.098821743000944,0.049192547749806984,0.19879069058174584,0.13899078914877258,0.6653203281699341,2.7788260160236624,1.2024740195873687,0.098821743000944,0.049192547749806984,0.19879069058174584,0.13899078914877258,0.6653203281699341,2.7788260160236624,1.2024740195873687
0.06032510889373579,0.04793827315445809,0.15974858196034436,0.10635856852985377,0.692236038334824,3.071383151185602,1.2693092071939878,0.06032510889373579,0.04793827315445809,0.15974858196034436,0.10635856852985377,0.692236038334824,3.071383151185602,1.2693092071939878
0.10358672977798108,0.0715106521724845,0.17171290480193638,0.15717245359736226,0.6829557907894552,2.8147024293163314,1.0327034750443327,0.10358672977798108,0.0715106521724845,0.17171290480193638,0.15717245359736226,0.6829557907894552,2.8147024293163314,1.0327034750443327
0.07190080887878965,0.07814808290650797,0.19083015828269567,0.15407843098107069,0.707018692026562,3.0497861247057116,0.7610072357005243,0.07190080887878965,0.07814808290650797,0.19083015828269567,0.15407843098107069,0.707018692026562,3.0497861247057116,0.7610072357005243
0.14788495822884412,0.038102288911525416,0.15190237094241532,0.14747747251330637,0.7138221278683624,3.2462847196674787,0.7395046200242429,0.14788495822884412,0.038102288911525416,0.15190237094241532,0.14747747251330637,0.7138221278683624,3.2462847196674787,0.7395046200242429
0.08939349909193038,0.05986328017676514,0.22902130713029023,0.11351121475726202,0.7005304914586876,3.1488718532305082,0.8371887364813915,0.08939349909193038,0.05986328017676514,0.22902130713029023,0.11351121475726202,0.7005304914586876,3.1488718532305082,0.8371887364813915
0.0926546085568693,0.027686050260476915,0.19897648324373626,0.1351720028481274,0.6726790368612794,2.9460368279318,1.2295502397573108,0.0926546085568693,0.027686050260476915,0.19897648324373626,0.1351720028481274,0.6726790368612794,2.9460368279318,1.2295502397573108
0.07793599793399066,0.0651121888457085,0.18550400047232182,0.12405763590011937,0.6802626382080585,2.858117086702773,1.1643672122968742,0.07793599793399066,0.0651121888457085,0.18550400047232182,0.12405763590011937,0.6802626382080585,2.858117086702773,1.1643672122968742
0.0866439216721865,0.046831675460230225,0.1381291514806822,0.16134558674023744,0.7213886061487302,3.196812105496935,0.7577907191587792,0.0866439216721865,0.046831675460230225,0.1381291514806822,0.16134558674023744,0.7213886061487302,3.196812105496935,0.7577907191587792
0.10147642109471397,0.02590286987563253,0.2807919408004688,0.133915271863777,0.6337928773531056,2.9025477196810985,1.294486701380918,0.10147642109471397,0.02590286987563253,0.2807919408004688,0.133915271863777,0.6337928773531056,2.9025477196810985,1.294486701380918
0.06344850810007614,0.035783710242621655,0.14694855099235984,0.14082183228722403,0.7242590183274848,3.1771642553955504,0.8063857708318786,0.06344850810007614,0.035783710242621655,0.14694855099235984,0.14082183228722403,0.7242590183274848,3.1771642553955504,0.8063857708318786
0.06417317213266906,0.04433360148877066,0.11185437286833268,0.12563172315777799,0.7338292130845898,3.0860083152002256,0.7581505137267964,0.06417317213266906,0.04433360148877066,0.11185437286833268,0.12563172315777799,0.7338292130845898,3.0860083152002256,0.7581505137267964
0.10875761240177961,0.042401737795796486,0.2463452558464567,0.1304520167131712,0.6652644491376938,2.984119432414716,1.1217582021674142,0.10875761240177961,0.042401737795796486,0.2463452558464567,0.1304520167131712,0.6652644491376938,2.984119432414716,1.1217582021674142
0.09232841954365975,0.061589704263292036,0.15726832610096753,0.1841076397855834,0.7091360347576748,3.1596594622829413,0.769181434655595,0.09232841954365975,0.061589704263292036,0.15726832610096753,0.1841076397855834,0.7091360347576748,3.1596594622829413,0.769181434655595
0.05219445985426423,0.05288823497320718,0.11660705571991799,0.13261865502465456,0.7074967841165357,2.9498404078657354,1.0774334750498662,0.05219445985426423,0.05288823497320718,0.11660705571991799,0.13261865502465456,0.7074967841165357,2.9498404078657354,1.0774334750498662
0.0659008376713354,0.03537958875664817,0.10814060733756391,0.1324792113320506,0.7341661739931081,3.209918573153252,0.7901936022799286,0.0659008376713354,0.03537958875664817,0.10814060733756391,0.1324792113320506,0.7341661739931081,3.209918573153252,0.7901936022799286
0.07037783682358013,0.02742260839538868,0.17934412224649168,0.1220799429058445,0.7177724949081231,3.216155284659998,0.8552417980801322,0.07037783682358013,0.02742260839538868,0.17934412224649168,0.1220799429058445,0.7177724949081231,3.216155284659998,0.8552417980801322
0.11883974452933317,0.03405044702395649,0.1687762553393923,0.13634555501811665,0.6693474475851799,3.0671142034563634,1.368147690260018,0.11883974452933317,0.03405044702395649,0.1687762553393923,0.13634555501811665,0.6693474475851799,3.0671142034563634,1.368147690260018
0.08040729645658243,0.052051445967658885,0.20549442704801135,0.12910508969670761,0.6664935268817078,3.0611159100910426,1.3451483794252455,0.08040729645658243,0.052051445967658885,0.20549442704801135,0.12910508969670761,0.6664935268817078,3.0611159100910426,1.3451483794252455
0.09787752782095813,0.05605402239283919,0.12136795371534316,0.14380222532155096,0.7020081423758255,3.0481745788730032,1.0826182246219975,0.09787752782095813,0.05605402239283919,0.12136795371534316,0.14380222532155096,0.7020081423758255,3.0481745788730032,1.0826182246219975
0.25418000630643833,0.07791711547988593,0.4326967921317316,0.2184432286562638,0.515851746236088,3.2312186435304646,0.8132518205136994,0.25418000630643833,0.07791711547988593,0.4326967921317316,0.2184432286562638,0.515851746236088,3.2312186435304646,0.8132518205136994
0.08293105320252667,0.04763178614615617,0.1301943123178913,0.14051709185292763,0.6858261515165813,2.9442794455797756,1.2583109222661168,0.08293105320252667,0.04763178614615617,0.1301943123178913,0.14051709185292763,0.6858261515165813,2.9442794455797756,1.2583109222661168
0.07409084404946888,0.061503379207225435,0.17644216483706401,0.1301040931176025,0.7230666110674681,3.041857280418573,0.6482652719834192,0.07409084404946888,0.061503379207225435,0.17644216483706401,0.1301040931176025,0.7230666110674681,3.041857280418573,0.6482652719834192
0.0844285737143057,0.04845634261458508,0.1728093774206785,0.12059733820993764,0.7179877601395324,3.100832090852966,0.8018423577458627,0.0844285737143057,0.04845634261458508,0.1728093774206785,0.12059733820993764,0.7179877601395324,3.100832090852966,0.8018423577458627
0.10912417354327854,0.0793377275114402,0.13428300712644578,0.12090271946278074,0.7205407657151894,3.273009702834745,0.8498661246141228,0.10912417354327854,0.0793377275114402,0.13428300712644578,0.12090271946278074,0.7205407657151894,3.273009702834745,0.8498661246141228
0.05479439437501658,0.030039282093854022,0.16196969321046306,0.10379564467499386,0.7317217046996114,3.1228488326191437,0.7257478913104389,0.05479439437501658,0.030039282093854022,0.16196969321046306,0.10379564467499386,0.7317217046996114,3.1228488326191437,0.7257478913104389
0.05179109584423021,0.0556130809320129,0.10960045708279954,0.22154836941278622,0.7151812618972232,3.1655592203811653,0.7112702027073782,0.05179109584423021,0.0556130809320129,0.10960045708279954,0.22154836941278622,0.7151812618972232,3.1655592203811653,0.7112702027073782
0.0657234167685785,0.017849890669137867,0.18883925945941335,0.10650194073959418,0.6734155021857371,2.908303747319407,1.3532382620786714,0.0657234167685785,0.017849890669137867,0.18883925945941335,0.10650194073959418,0.6734155021857371,2.908303747319407,1.3532382620786714
0.08133613778459949,0.04840528458562442,0.13418596808785713,0.13227910674768154,0.7254755966607918,3.239498061601977,0.8278790841212772,0.08133613778459949,0.04840528458562442,0.13418596808785713,0.13227910674768154,0.7254755966607918,3.239498061601977,0.8278790841212772
0.1267925683002657,0.061633519611347734,0.10760858981000776,0.14431036204236666,0.6767056977611123,2.9157692997651345,1.2954327559031362,0.1267925683002657,0.061633519611347734,0.10760858981000776,0.14431036204236666,0.6767056977611123,2.9157692997651345,1.2954327559031362
0.08392950561242846,0.03641097106036093,0.22065803101680567,0.19045321271436144,0.6986530761788478,3.1786615801425486,0.6655103878709654,0.08392950561242846,0.03641097106036093,0.22065803101680567,0.19045321271436144,0.6986530761788478,3.1786615801425486,0.6655103878709654
0.08076085395199435,0.05574117688365008,0.13840628653845694,0.13600850873074086,0.7242431692778619,3.1261669921811404,0.7849941211577268,0.08076085395199435,0.05574117688365008,0.13840628653845694,0.13600850873074086,0.7242431692778619,3.1261669921811404,0.7849941211577268
0.06874932810654191,0.03341950717906448,0.18486538929745502,0.12315774901458472,0.7183615661328353,3.0889058958103073,0.7796334954668279,0.06874932810654191,0.03341950717906448,0.18486538929745502,0.12315774901458472,0.7183615661328353,3.0889058958103073,0.7796334954668279
0.16050331707012913,0.0721581317911243,0.24811234245088573,0.18531668188920392,0.6800470432048129,3.1086736976216316,0.5274877636472863,0.16050331707012913,0.0721581317911243,0.24811234245088573,0.18531668188920392,0.6800470432048129,3.1086736976216316,0.5274877636472863
0.19882808807968463,0.053645427622307965,0.20295546726711441,0.19964644958603017,0.6731604449383151,3.0785358809705565,0.7032905615532197,0.19882808807968463,0.053645427622307965,0.20295546726711441,0.19964644958603017,0.6731604449383151,3.0785358809705565,0.7032905615532197
0.07788836576174399,0.05354288166949916,0.1893353635663848,0.13213146863304356,0.6914725208729593,2.916176457410726,1.038806073432962,0.07788836576174399,0.05354288166949916,0.1893353635663848,0.13213146863304356,0.6914725208729593,2.916176457410726,1.038806073432962
0.04632449298792165,0.019468621161113194,0.13221597367315618,0.13121586175289443,0.7153678432886933,3.1415905800466795,1.0443177104260157,0.04632449298792165,0.019468621161113194,0.13221597367315618,0.13121586175289443,0.7153678432886933,3.1415905800466795,1.0443177104260157
0.08827168694050609,0.07571597459368803,0.18377111544723615,0.1340137844034467,0.721167842677174,3.2542784919158847,0.6276324833481174,0.08827168694050609,0.07571597459368803,0.18377111544723615,0.1340137844034467,0.721167842677174,3.2542784919158847,0.6276324833481174
0.06415743407348137,0.06501062454847971,0.10364742086456963,0.13250056411032735,0.707558144194277,2.9531032811968636,1.0785572712891358,0.06415743407348137,0.06501062454847971,0.10364742086456963,0.13250056411032735,0.707558144194277,2.9531032811968636,1.0785572712891358
0.07575149424605189,0.07151026709676309,0.14585037945626783,0.2549767505403414,0.689378660128577,3.118522176028829,0.7698962145356394,0.07575149424605189,0.07151026709676309,0.14585037945626783,0.2549767505403414,0.689378660128577,3.118522176028829,0.7698962145356394
0.15647228321220863,0.038518916520996004,0.16033338546521744,0.15907405484545234,0.6434130546224965,2.860781605829224,1.4200114689292505,0.15647228321220863,0.038518916520996004,0.16033338546521744,0.15907405484545234,0.6434130546224965,2.860781605829224,1.4200114689292505
0.08937691303736263,0.07302045589170629,0.1607903165790242,0.17024105135078488,0.6756659545749645,2.959178110940762,1.1926784203555025,0.08937691303736263,0.07302045589170629,0.1607903165790242,0.17024105135078488,0.6756659545749645,2.959178110940762,1.1926784203555025
0.10719380420841298,0.059122165401090186,0.2469845872829809,0.12842411882951776,0.6764512402109116,2.981693996066948,0.9687012092265154,0.10719380420841298,0.059122165401090186,0.2469845872829809,0.12842411882951776,0.6764512402109116,2.981693996066948,0.9687012092265154
0.08687336659792352,0.02351375599884509,0.14335476292269736,0.18657944282784433,0.6588290259675548,2.757263431828846,1.320249389219396,0.08687336659792352,0.02351375599884509,0.14335476292269736,0.18657944282784433,0.6588290259675548,2.757263431828846,1.320249389219396
0.16092211086033542,0.04641581204179958,0.13334517745297228,0.12986108927508713,0.6766456417729376,3.083918615775359,1.2839670732569282,0.16092211086033542,0.04641581204179958,0.13334517745297228,0.12986108927508713,0.6766456417729376,3.083918615775359,1.2839670732569282
0.1077452946159562,0.030835519090656818,0.1441599384842351,0.21770002541428646,0.6697028459520756,3.0250548462249682,1.1819878884829602,0.1077452946159562,0.030835519090656818,0.1441599384842351,0.21770002541428646,0.6697028459520756,3.0250548462249682,1.1819878884829602
0.08081078452694485,0.022129841352717766,0.17203429294160685,0.09122581173379513,0.7187941790661031,2.848783947310553,0.8037692049777053,0.08081078452694485,0.022129841352717766,0.17203429294160685,0.09122581173379513,0.7187941790661031,2.848783947310553,0.8037692049777053
0.10147250654104908,0.024811326021257324,0.1237975229472814,0.15001924787378382,0.713901769717245,3.1031703050122585,0.9267893261911834,0.10147250654104908,0.024811326021257324,0.1237975229472814,0.15001924787378382,0.713901769717245,3.1031703050122585,0.9267893261911834
0.17131584147939696,0.04508332289550555,0.24092208994241118,0.24499233501890022,0.6574259978330422,2.9413163853403423,0.5922162366920835,0.17131584147939696,0.04508332289550555,0.24092208994241118,0.24499233501890022,0.6574259978330422,2.9413163853403423,0.5922162366920835
0.0950955239021346,0.026705521053453092,0.1342921576427133,0.10770292246904566,0.7394946563941464,2.8723162714093706,0.5035790148896981,0.0950955239021346,0.026705521053453092,0.1342921576427133,0.10770292246904566,0.7394946563941464,2.8723162714093706,0.5035790148896981
0.11457372093663475,0.032851522642080355,0.12129860793623252,0.10901566558705733,0.6936557744974411,2.8057653146915,1.1480880444937784,0.11457372093663475,0.032851522642080355,0.12129860793623252,0.10901566558705733,0.6936557744974411,2.8057653146915,1.1480880444937784
0.05375730617182214,0.03738062532700045,0.15898928694741124,0.15798534742879805,0.7183165427004022,3.1157827995900176,0.7918758554150868,0.05375730617182214,0.03738062532700045,0.15898928694741124,0.15798534742879805,0.7183165427004022,3.1157827995900176,0.7918758554150868
0.10525678142528333,0.07097556159312918,0.266935769668319,0.14044162031673732,0.6222822663104638,2.842434998767398,1.3867362774248828,0.10525678142528333,0.07097556159312918,0.266935769668319,0.14044162031673732,0.6222822663104638,2.842434998767398,1.3867362774248828
0.12382673239233653,0.09123156445551493,0.14965891401109696,0.25709954600626433,0.6751205414009666,2.960234498504505,0.7731332678851754,0.12382673239233653,0.09123156445551493,0.14965891401109696,0.25709954600626433,0.6751205414009666,2.960234498504505,0.7731332678851754
0.09391064010085355,0.04130406095507944,0.18541977418696975,0.15068584394329643,0.6501987838478545,2.5944658207440803,1.2861953640290495,0.09391064010085355,0.04130406095507944,0.18541977418696975,0.15068584394329643,0.6501987838478545,2.5944658207440803,1.2861953640290495
0.09396835479103487,0.04671459879537306,0.13179075295274903,0.09829065167263133,0.6937705535626283,2.967887490530098,1.2454748193166079,0.09396835479103487,0.04671459879537306,0.13179075295274903,0.09829065167263133,0.6937705535626283,2.967887490530098,1.2454748193166079
0.11819908455564272,0.059981291415568704,0.24341734325997622,0.1676726536570382,0.6247027754620842,2.9395487372469646,1.4294326134251403,0.11819908455564272,0.059981291415568704,0.24341734325997622,0.1676726536570382,0.6247027754620842,2.9395487372469646,1.4294326134251403
0.08417940446240263,0.03543853371507065,0.1677907247413939,0.1587859495221735,0.671628980010136,2.962363894426453,1.2974746747891484,0.08417940446240263,0.03543853371507065,0.1677907247413939,0.1587859495221735,0.671628980010136,2.962363894426453,1.2974746747891484
0.1049114935652431,0.04245752302726308,0.26749786699295486,0.1777430421816637,0.6283198094578216,2.969661677075541,1.3158690550867094,0.1049114935652431,0.04245752302726308,0.26749786699295486,0.1777430421816637,0.6283198094578216,2.969661677075541,1.3158690550867094
0.10056443423238125,0.04147551079386523,0.1901906055757855,0.15696912633625887,0.6760707241116856,2.6724386419264645,1.0264082696589387,0.10056443423238125,0.04147551079386523,0.1901906055757855,0.15696912633625887,0.6760707241116856,2.6724386419264645,1.0264082696589387
0.09611967428044571,0.06813405634507753,0.25797921802419627,0.20146716256529515,0.6749275332352423,3.2540589111574687,0.7656151153907209,0.09611967428044571,0.06813405634507753,0.25797921802419627,0.20146716256529515,0.6749275332352423,3.2540589111574687,0.7656151153907209
0.0792961892290266,0.043588576752966166,0.14578652545204307,0.10139808985098045,0.7284117618697296,3.1357701235843556,0.8022166873921321,0.0792961892290266,0.043588576752966166,0.14578652545204307,0.10139808985098045,0.7284117618697296,3.1357701235843556,0.8022166873921321
0.041202733908518835,0.045349838059157765,0.16382626994283522,0.12293962050973718,0.744070622127239,3.2122328509042966,0.33332046199518606,0.041202733908518835,0.045349838059157765,0.16382626994283522,0.12293962050973718,0.744070622127239,3.2122328509042966,0.33332046199518606
0.14952240071599157,0.05997854186463864,0.12496448330137691,0.24970395722843572,0.6122835806920626,2.7508649307758137,1.455019489360473,0.14952240071599157,0.05997854186463864,0.12496448330137691,0.24970395722843572,0.6122835806920626,2.7508649307758137,1.455019489360473
0.12547024318589725,0.05472724957785295,0.1678879366829018,0.1513926783984384,0.6696749149181974,2.739620890400353,1.166766126148125,0.12547024318589725,0.05472724957785295,0.1678879366829018,0.1513926783984384,0.6696749149181974,2.739620890400353,1.166766126148125
0.11242755829095273,0.06019528790779266,0.22462379666997045,0.1721342771720738,0.6683628870488786,3.012103348178398,1.0481844832438691,0.11242755829095273,0.06019528790779266,0.22462379666997045,0.1721342771720738,0.6683628870488786,3.012103348178398,1.0481844832438691
0.06964353902872467,0.04193770181616158,0.21364701655337115,0.16129729319289116,0.6998890072943977,3.143251490438101,0.8311694857554375,0.06964353902872467,0.04193770181616158,0.21364701655337115,0.16129729319289116,0.6998890072943977,3.143251490438101,0.8311694857554375
0.09998195214972282,0.054040884580704385,0.1342372716792346,0.15955290201028466,0.6726018994886502,2.983922362387713,1.3383929759426099,0.09998195214972282,0.054040884580704385,0.1342372716792346,0.15955290201028466,0.6726018994886502,2.983922362387713,1.3383929759426099
0.12116992015405711,0.03466974682745393,0.1281498491922298,0.09255037594958629,0.7384638211437513,2.8140073892527844,0.494039758425787,0.12116992015405711,0.03466974682745393,0.1281498491922298,0.09255037594958629,0.7384638211437513,2.8140073892527844,0.494039758425787
0.05785524171841417,0.016265083144364045,0.1457366953358837,0.09721933446355932,0.6776414849612916,2.7607231260641605,1.3491330499116174,0.05785524171841417,0.016265083144364045,0.1457366953358837,0.09721933446355932,0.6776414849612916,2.7607231260641605,1.3491330499116174
0.1061897425593872,0.028391160362127285,0.2825885127137887,0.18283855280059072,0.6417529654501736,2.960484076708629,1.0832486912008736,0.1061897425593872,0.028391160362127285,0.2825885127137887,0.18283855280059072,0.6417529654501736,2.960484076708629,1.0832486912008736
0.19051168866975354,0.10809466040806504,0.19004556934364508,0.23993350828004711,0.6384502578613576,2.8830527528068797,0.9390277109841593,0.19051168866975354,0.10809466040806504,0.19004556934364508,0.23993350828004711,0.6384502578613576,2.8830527528068797,0.9390277109841593
0.09688362892320679,0.0508659607482869,0.21136025439310008,0.11666229005742634,0.7092716521519927,2.8825404398512564,0.682812733615272,0.09688362892320679,0.0508659607482869,0.21136025439310008,0.11666229005742634,0.7092716521519927,2.8825404398512564,0.682812733615272
0.09050289724777384,0.062094745274342764,0.1251359889490013,0.1515744632312424,0.6369900200823154,2.783984906455757,1.6559840162492712,0.09050289724777384,0.062094745274342764,0.1251359889490013,0.1515744632312424,0.6369900200823154,2.783984906455757,1.6559840162492712
0.06211399474300833,0.015747854708691843,0.1144340192563097,0.13444280162189476,0.7508022743073809,2.847596785476725,1.2482238722576755,0.06211399474300833,0.015747854708691843,0.1144340192563097,0.13444280162189476,0.7508022743073809,2.847596785476725,1.2482238722576755
0.05460681556802016,0.021897319807629413,0.13783352712999572,0.1653048885608408,0.7003688945043638,2.95287747436318,1.0506255142693186,0.05460681556802016,0.021897319807629413,0.13783352712999572,0.1653048885608408,0.7003688945043638,2.95287747436318,1.0506255142693186
0.11192413322996186,0.04297158403703614,0.2161842669383886,0.19742845457652852,0.649660263677462,3.027494972703875,1.249374632493892,0.11192413322996186,0.04297158403703614,0.2161842669383886,0.19742845457652852,0.649660263677462,3.027494972703875,1.249374632493892
0.14817919767095084,0.055448941021947536,0.14903942617969182,0.13263769815893375,0.6129437125982359,2.742095594504037,1.7257010336234284,0.14817919767095084,0.055448941021947536,0.14903942617969182,0.13263769815893375,0.6129437125982359,2.742095594504037,1.7257010336234284
0.07601776942314577,0.05731771932044725,0.2287869231477781,0.09973764518791248,0.7046655157690239,3.1532172832403225,0.8369305544779466,0.07601776942314577,0.05731771932044725,0.2287869231477781,0.09973764518791248,0.7046655157690239,3.1532172832403225,0.8369305544779466
0.056949849964359124,0.038652257875569966,0.13033896262681535,0.24077895421908993,0.6949885470037886,2.9009913631656765,0.8106764169727148,0.056949849964359124,0.038652257875569966,0.13033896262681535,0.24077895421908993,0.6949885470037886,2.9009913631656765,0.8106764169727148
0.10095105856338661,0.07847877588825665,0.17259463932433491,0.1355223395142568,0.6770745487203647,2.944186343008033,1.2010985625678943,0.10095105856338661,0.07847877588825665,0.17259463932433491,0.1355223395142568,0.6770745487203647,2.944186343008033,1.2010985625678943
0.07179537166705582,0.04194787669631297,0.11330282988358356,0.2113350746085048,0.6141081354445428,2.7747795904022423,1.74192139183347,0.07179537166705582,0.04194787669631297,0.11330282988358356,0.2113350746085048,0.6141081354445428,2.7747795904022423,1.74192139183347
0.14466379127502416,0.05655405281289243,0.24962424359735622,0.1905547018572442,0.6768705573708129,3.207035152064645,0.6884314359173582,0.14466379127502416,0.05655405281289243,0.24962424359735622,0.1905547018572442,0.6768705573708129,3.207035152064645,0.6884314359173582
0.24147843374842207,0.18164141653968363,0.5910510279721642,0.2973283319809918,0.690191029873894,2.9038846919770376,0.294053430357765,0.24147843374842207,0.18164141653968363,0.5910510279721642,0.2973283319809918,0.690191029873894,2.9038846919770376,0.294053430357765
0.18739051060956124,0.08505610787737244,0.12312934316127182,0.1571895484861264,0.6587903548142192,2.9551150649209883,1.263676800018025,0.18739051060956124,0.08505610787737244,0.12312934316127182,0.1571895484861264,0.6587903548142192,2.9551150649209883,1.263676800018025
0.09177951876790214,0.04760403311509765,0.13124226066546296,0.09882897444189342,0.7384791334943933,2.92522964240494,0.5679575408739606,0.09177951876790214,0.04760403311509765,0.13124226066546296,0.09882897444189342,0.7384791334943933,2.92522964240494,0.5679575408739606
0.15636979545821714,0.045699759090360885,0.28784216257602874,0.23191982805443923,0.6232137718936726,2.914475808510248,0.9405284126813781,0.15636979545821714,0.045699759090360885,0.28784216257602874,0.23191982805443923,0.6232137718936726,2.914475808510248,0.9405284126813781
0.07677663761409304,0.027974956535357157,0.1388532613754133,0.21882842902794203,0.7085355632835235,3.0157245480806303,0.693180517198846,0.07677663761409304,0.027974956535357157,0.1388532613754133,0.21882842902794203,0.7085355632835235,3.0157245480806303,0.693180517198846
0.17779491050814047,0.08608554412757145,0.15058695200700345,0.17395508580337565,0.6538283480664353,2.9746613863632443,1.2455081789168623,0.17779491050814047,0.08608554412757145,0.15058695200700345,0.17395508580337565,0.6538283480664353,2.9746613863632443,1.2455081789168623
0.12521828701528406,0.051800817846578306,0.17376546338036494,0.1326213224090735,0.6959398366344571,2.919272971462416,0.9411247932143547,0.12521828701528406,0.051800817846578306,0.17376546338036494,0.1326213224090735,0.6959398366344571,2.919272971462416,0.9411247932143547
0.0803900058638382,0.03127883194657597,0.19754849080073877,0.1714829038624808,0.710614155483503,3.0915844464679307,0.6501131545723727,0.0803900058638382,0.03127883194657597,0.19754849080073877,0.1714829038624808,0.710614155483503,3.0915844464679307,0.6501131545723727
0.05679970945859646,0.05774642936367079,0.2053565890513851,0.154823336130772,0.7104131843246714,3.1390425706201155,0.7126680610891447,0.05679970945859646,0.05774642936367079,0.2053565890513851,0.154823336130772,0.7104131843246714,3.1390425706201155,0.7126680610891447
0.0612031454583907,0.06007748839422559,0.20461265330819806,0.20779247725821842,0.6385177977397531,2.7439787735635703,1.2908066093399106,0.0612031454583907,0.06007748839422559,0.20461265330819806,0.20779247725821842,0.6385177977397531,2.7439787735635703,1.2908066093399106
0.10482501500510874,0.03510076469466935,0.14475999759191074,0.17200023966681152,0.7133931654901342,3.111209827958152,0.7968968315482343,0.10482501500510874,0.03510076469466935,0.14475999759191074,0.17200023966681152,0.7133931654901342,3.111209827958152,0.7968968315482343
0.06470899816761377,0.03767671920199928,0.18503997517534754,0.13288516291076477,0.7134898746262424,2.781055346203275,0.7271147706677413,0.06470899816761377,0.03767671920199928,0.18503997517534754,0.13288516291076477,0.7134898746262424,2.781055346203275,0.7271147706677413
0.09227159895408148,0.035942286062471365,0.24009194550720261,0.2069163740804515,0.6789045003006894,3.1721697556419155,0.8113533321179491,0.09227159895408148,0.035942286062471365,0.24009194550720261,0.2069163740804515,0.6789045003006894,3.1721697556419155,0.8113533321179491
0.1508186718003269,0.03942487586317387,0.15444644097556584,0.1545854052267849,0.6748824960379858,2.844988944961372,1.1188899659742413,0.1508186718003269,0.03942487586317387,0.15444644097556584,0.1545854052267849,0.6748824960379858,2.844988944961372,1.1188899659742413
0.054637120738071004,0.020265369836288922,0.2059120687930098,0.12783382634474133,0.6717709790495398,2.9611127467807448,1.2901229443269173,0.054637120738071004,0.020265369836288922,0.2059120687930098,0.12783382634474133,0.6717709790495398,2.9611127467807448,1.2901229443269173
0.07985594364990319,0.020921557937695557,0.12026828289595186,0.1481906697407051,0.8056160035493372,2.8733822867611307,0.8478130949388064,0.07985594364990319,0.020921557937695557,0.12026828289595186,0.1481906697407051,0.8056160035493372,2.8733822867611307,0.8478130949388064
0.08161164766048278,0.04856832825382417,0.13464146644963937,0.13272662046832912,0.7253500930955538,3.2401103959377155,0.8265631095739221,0.08161164766048278,0.04856832825382417,0.13464146644963937,0.13272662046832912,0.7253500930955538,3.2401103959377155,0.8265631095739221
0.07072010818822042,0.039392328486102655,0.19402940000081034,0.16072420013297814,0.694420918870613,3.0861506456826415,0.9858527000425295,0.07072010818822042,0.039392328486102655,0.19402940000081034,0.16072420013297814,0.694420918870613,3.0861506456826415,0.9858527000425295
0.05117564461537073,0.02817518165845259,0.15539110145776408,0.13498110731486318,0.7412538318984478,3.3185455088184868,0.4715115533568102,0.05117564461537073,0.02817518165845259,0.15539110145776408,0.13498110731486318,0.7412538318984478,3.3185455088184868,0.4715115533568102
0.16034517875531526,0.039075944298720744,0.23253706609315697,0.12309949853423295,0.6691515939197171,3.0669491545089436,1.058449851381238,0.16034517875531526,0.039075944298720744,0.23253706609315697,0.12309949853423295,0.6691515939197171,3.0669491545089436,1.058449851381238
0.12676655193024672,0.1175361190582198,0.3415428751611326,0.26659555021163545,0.5534094215866077,2.9043505431173995,1.1763205179959133,0.12676655193024672,0.1175361190582198,0.3415428751611326,0.26659555021163545,0.5534094215866077,2.9043505431173995,1.1763205179959133
0.1799754381265637,0.08016450723180027,0.19437561678692994,0.16708226308952495,0.6218719916071777,2.907974840135893,1.442216184750618,0.1799754381265637,0.08016450723180027,0.19437561678692994,0.16708226308952495,0.6218719916071777,2.907974840135893,1.442216184750618
0.08727234308655323,0.04796527063490077,0.25337472190173166,0.16224899806926818,0.6764965404492606,3.019498172245459,0.9007488997484766,0.08727234308655323,0.04796527063490077,0.25337472190173166,0.16224899806926818,0.6764965404492606,3.019498172245459,0.9007488997484766
0.13882456717042513,0.0967917968161486,0.24967720637319038,0.1709404739768104,0.6736736971172891,3.090998568141555,0.7417031831810487,0.13882456717042513,0.0967917968161486,0.24967720637319038,0.1709404739768104,0.6736736971172891,3.090998568141555,0.7417031831810487
0.11120318955178043,0.03000558759373259,0.11433786754452119,0.10259901115124188,0.6974192826600519,3.0029242703966244,1.224499804854938,0.11120318955178043,0.03000558759373259,0.11433786754452119,0.10259901115124188,0.6974192826600519,3.0029242703966244,1.224499804854938
7.17779381407485e-18,1.9215952433940763e-18,1.0396633590988086e-17,1.1566726667666568e-17,4.4366635999238395e-17,1.8663786294651226e-16,3.145584201363199,7.17779381407485e-18,1.9215952433940763e-18,1.0396633590988086e-17,1.1566726667666568e-17,4.4366635999238395e-17,1.8663786294651226e-16,3.145584201363199
0.06667722186973878,0.06143757053966473,0.1268090730274472,0.14036615861422727,0.7301090409042416,2.99152327650121,0.6749891288413269,0.06667722186973878,0.06143757053966473,0.1268090730274472,0.14036615861422727,0.7301090409042416,2.99152327650121,0.6749891288413269
0.09645763726629052,0.023186317244734553,0.27027160832116376,0.15401972060910157,0.6350222292912442,2.970513180690897,1.3231185006667145,0.09645763726629052,0.023186317244734553,0.27027160832116376,0.15401972060910157,0.6350222292912442,2.970513180690897,1.3231185006667145
0.07659435329641033,0.032777240678250386,0.11812386635338248,0.11352192873120975,0.7416940986228576,3.1414658884482867,0.6302604432263849,0.07659435329641033,0.032777240678250386,0.11812386635338248,0.11352192873120975,0.7416940986228576,3.1414658884482867,0.6302604432263849
0.08803494104256766,0.07255295886976476,0.18339506121784016,0.1308878432655873,0.7158739856539261,3.1730293677257007,0.7379126016518726,0.08803494104256766,0.07255295886976476,0.18339506121784016,0.1308878432655873,0.7158739856539261,3.1730293677257007,0.7379126016518726
0.09826478844015273,0.10338574585792713,0.16919853566190501,0.17916668542198225,0.7087790408365151,2.8639813230578923,0.5462578529157252,0.09826478844015273,0.10338574585792713,0.16919853566190501,0.17916668542198225,0.7087790408365151,2.8639813230578923,0.5462578529157252
0.11403492288451546,0.04653419656070251,0.19934824852875552,0.14126750443391925,0.6889543100334851,2.8724497781157456,0.9327167373799223,0.11403492288451546,0.04653419656070251,0.19934824852875552,0.14126750443391925,0.6889543100334851,2.8724497781157456,0.9327167373799223
0.08694785777221087,0.02732980417528719,0.21400446498272477,0.10896367363991248,0.7119880488099632,2.929150943571289,0.7030952449348328,0.08694785777221087,0.02732980417528719,0.21400446498272477,0.10896367363991248,0.7119880488099632,2.929150943571289,0.7030952449348328
0.13285825103971072,0.09061104291029695,0.151668494500016,0.18063669922895062,0.6371281688382207,2.678743139429938,1.351512008749942,0.13285825103971072,0.09061104291029695,0.151668494500016,0.18063669922895062,0.6371281688382207,2.678743139429938,1.351512008749942
0.21164827131954436,0.06298552551273416,0.25152109780534576,0.14170135694571392,0.6927884483181691,3.1509875337356443,0.7515610943721903,0.21164827131954436,0.06298552551273416,0.25152109780534576,0.14170135694571392,0.6927884483181691,3.1509875337356443,0.7515610943721903
0.16968331609890405,0.05490318854479133,0.48445354402162505,0.22982875642467582,0.5286203229006946,3.028990248391218,0.2975879226757551,0.16968331609890405,0.05490318854479133,0.48445354402162505,0.22982875642467582,0.5286203229006946,3.028990248391218,0.2975879226757551
0.10421883292521844,0.05966040575730591,0.1944058499931746,0.14649906210905336,0.6689541287265075,2.7920144219331124,1.16863718872364,0.10421883292521844,0.05966040575730591,0.1944058499931746,0.14649906210905336,0.6689541287265075,2.7920144219331124,1.16863718872364
0.12018492356754704,0.08157989332262947,0.1589085525990011,0.13599645952593178,0.7106815519321638,3.025032955152147,0.7710186171539926,0.12018492356754704,0.08157989332262947,0.1589085525990011,0.13599645952593178,0.7106815519321638,3.025032955152147,0.7710186171539926
0.07646274045181907,0.019811040760223397,0.1658874969995286,0.0855600795240703,0.7223930656592807,3.024129783594268,0.8501853610099598,0.07646274045181907,0.019811040760223397,0.1658874969995286,0.0855600795240703,0.7223930656592807,3.024129783594268,0.8501853610099598
0.15536639166802096,0.06444380893770477,0.1563970702400576,0.18983222495327873,0.6561342139503568,2.6062081742173424,1.0793458953985118,0.15536639166802096,0.06444380893770477,0.1563970702400576,0.18983222495327873,0.6561342139503568,2.6062081742173424,1.0793458953985118
0.10949890345717136,0.04625273232520956,0.24067184446979922,0.15478365578075054,0.6860307431241652,2.8748444306474332,0.7579549402787995,0.10949890345717136,0.04625273232520956,0.24067184446979922,0.15478365578075054,0.6860307431241652,2.8748444306474332,0.7579549402787995
0.1003233825245728,0.04668766279613573,0.15405430503698808,0.1943444672954445,0.6963520047192884,2.988793672709429,0.884778382540524,0.1003233825245728,0.04668766279613573,0.15405430503698808,0.1943444672954445,0.6963520047192884,2.988793672709429,0.884778382540524
0.12875521992449934,0.03120784064033515,0.19582904618095692,0.13359891823593445,0.7074760677575531,3.126092145547546,0.7496578814041268,0.12875521992449934,0.03120784064033515,0.19582904618095692,0.13359891823593445,0.7074760677575531,3.126092145547546,0.7496578814041268
0.08177564105809433,0.03908784300231551,0.20800871680900654,0.10694657364123555,0.6279703622024034,2.5506904858979564,1.4911375978637191,0.08177564105809433,0.03908784300231551,0.20800871680900654,0.10694657364123555,0.6279703622024034,2.5506904858979564,1.4911375978637191
0.08982922616316404,0.03846219185761248,0.22803085649973642,0.11492282269297792,0.6977711424770402,2.9275494641620794,0.8315737378664937,0.08982922616316404,0.03846219185761248,0.22803085649973642,0.11492282269297792,0.6977711424770402,2.9275494641620794,0.8315737378664937
0.11826934029609207,0.07804433926990881,0.26069271276913725,0.12512441433816532,0.6244961092813601,2.7883197673205244,1.3618185537890923,0.11826934029609207,0.07804433926990881,0.26069271276913725,0.12512441433816532,0.6244961092813601,2.7883197673205244,1.3618185537890923
0.1578628625013198,0.07667387230202513,0.13189495055572306,0.2654987020778338,0.6719078206659141,3.0645865248830653,0.7798467474362534,0.1578628625013198,0.07667387230202513,0.13189495055572306,0.2654987020778338,0.6719078206659141,3.0645865248830653,0.7798467474362534
0.050785341758435854,0.04730364531095397,0.14195840400780918,0.10910514150430847,0.6352150047783601,2.70987847173528,1.7080987609475464,0.050785341758435854,0.04730364531095397,0.14195840400780918,0.10910514150430847,0.6352150047783601,2.70987847173528,1.7080987609475464
0.11277901722246067,0.03058279308932655,0.14910849138197138,0.17040852184956556,0.6373996295325736,2.745035175041619,1.5101642605685304,0.11277901722246067,0.03058279308932655,0.14910849138197138,0.17040852184956556,0.6373996295325736,2.745035175041619,1.5101642605685304
0.13257319748840254,0.051226496566169955,0.25624400414490345,0.12134880259502324,0.6484687479053323,2.987042680357344,1.240370887426711,0.13257319748840254,0.051226496566169955,0.25624400414490345,0.12134880259502324,0.6484687479053323,2.987042680357344,1.240370887426711
0.06173677592747859,0.04230212273501941,0.10501681906249588,0.11859971197946202,0.7282316677596057,3.2137008797430546,0.9409096678007288,0.06173677592747859,0.04230212273501941,0.10501681906249588,0.11859971197946202,0.7282316677596057,3.2137008797430546,0.9409096678007288
0.0862410685957665,0.060838851282704186,0.24731713034783234,0.17071869585259802,0.649952542302063,2.9764498813080795,1.211585436529412,0.0862410685957665,0.060838851282704186,0.24731713034783234,0.17071869585259802,0.649952542302063,2.9764498813080795,1.211585436529412
0.14985854019753514,0.13662504408782797,0.157763695270642,0.17837443940972245,0.6599182829818317,2.9982988346544577,1.1329705483246995,0.14985854019753514,0.13662504408782797,0.157763695270642,0.17837443940972245,0.6599182829818317,2.9982988346544577,1.1329705483246995
0.06607989837408608,0.05552038123969619,0.15603082475826885,0.19589465156290262,0.6918663247869054,2.7180903359162585,0.8803181520264293,0.06607989837408608,0.05552038123969619,0.15603082475826885,0.19589465156290262,0.6918663247869054,2.7180903359162585,0.8803181520264293
0.0796004564771255,0.0884977485528922,0.14848106244164572,0.1709872105070329,0.652904962219644,2.9041412037961654,1.440486716472739,0.0796004564771255,0.0884977485528922,0.14848106244164572,0.1709872105070329,0.652904962219644,2.9041412037961654,1.440486716472739
0.08615121400181422,0.060733124846530394,0.2532126141094182,0.2547868354198588,0.6537926623939965,3.1138219133294998,0.8269148499322388,0.08615121400181422,0.060733124846530394,0.2532126141094182,0.2547868354198588,0.6537926623939965,3.1138219133294998,0.8269148499322388
0.13477584635146658,0.04113985383263784,0.19172498463299256,0.1443729225589152,0.6668661407826558,2.9731129681733623,1.224739784746573,0.13477584635146658,0.04113985383263784,0.19172498463299256,0.1443729225589152,0.6668661407826558,2.9731129681733623,1.224739784746573
0.10933073530267377,0.055568996888445334,0.22727166558209597,0.1564027341882869,0.6366032047922607,2.928760158507536,1.4141768760438205,0.10933073530267377,0.055568996888445334,0.22727166558209597,0.1564027341882869,0.6366032047922607,2.928760158507536,1.4141768760438205
0.08356042389275464,0.020996621865338603,0.12738807464398438,0.09093123765222219,0.7121935778959897,2.926695062312568,1.0517525230380063,0.08356042389275464,0.020996621865338603,0.12738807464398438,0.09093123765222219,0.7121935778959897,2.926695062312568,1.0517525230380063
0.12547133311028755,0.03196156892572123,0.34681816522923176,0.09830069329131316,0.6527286324881673,3.115443161870286,0.7637923690374266,0.12547133311028755,0.03196156892572123,0.34681816522923176,0.09830069329131316,0.6527286324881673,3.115443161870286,0.7637923690374266
0.08505761452154628,0.045550078661396286,0.26492039602389694,0.15199155897981587,0.6263495680718736,2.950492403177145,1.4376962072281743,0.08505761452154628,0.045550078661396286,0.26492039602389694,0.15199155897981587,0.6263495680718736,2.950492403177145,1.4376962072281743
0.0804103997270208,0.04619078579520478,0.16338438034029537,0.11615391158121259,0.6987308287765661,2.845278648360655,1.037861952427731,0.0804103997270208,0.04619078579520478,0.16338438034029537,0.11615391158121259,0.6987308287765661,2.845278648360655,1.037861952427731
0.13091210212240456,0.031667840611042435,0.22119723870429472,0.14966052034421337,0.6711302194780467,3.130708732296246,1.1329050801693732,0.13091210212240456,0.031667840611042435,0.22119723870429472,0.14966052034421337,0.6711302194780467,3.130708732296246,1.1329050801693732
0.10335504868063519,0.08601857601955434,0.279593784816911,0.11852675923912402,1.0275048479137212,2.812406428499396,1.2740610658910205,0.10335504868063519,0.08601857601955434,0.279593784816911,0.11852675923912402,1.0275048479137212,2.812406428499396,1.2740610658910205
0.09350223819504395,0.05236762350149491,0.23108904027745492,0.1131732921160803,0.7029668164002575,3.1486661682267347,0.7857555420453729,0.09350223819504395,0.05236762350149491,0.23108904027745492,0.1131732921160803,0.7029668164002575,3.1486661682267347,0.7857555420453729
0.14656966718087197,0.039014958779394926,0.14837196163204225,0.15519204960927832,0.6959174320248042,3.0622663042817364,0.9651730738982138,0.14656966718087197,0.039014958779394926,0.14837196163204225,0.15519204960927832,0.6959174320248042,3.0622663042817364,0.9651730738982138
0.1347303016620006,0.05866623430348232,0.18049026459565565,0.16256161066357808,0.7211447678355407,2.959822181727401,0.29820040799197706,0.1347303016620006,0.05866623430348232,0.18049026459565565,0.16256161066357808,0.7211447678355407,2.959822181727401,0.29820040799197706
0.062257119874517854,0.059163666631842755,0.12014079570547158,0.158560035694469,0.7253729523825733,3.0332206066206053,0.7350300828177929,0.062257119874517854,0.059163666631842755,0.12014079570547158,0.158560035694469,0.7253729523825733,3.0332206066206053,0.7350300828177929
0.08888891103084402,0.04954757975763201,0.24415692022353314,0.20394915688076717,0.6633979163936757,3.091128353581783,0.9937665632149854,0.08888891103084402,0.04954757975763201,0.24415692022353314,0.20394915688076717,0.6633979163936757,3.091128353581783,0.9937665632149854
0.16116174997642965,0.05286412785785895,0.45521153110088736,0.2886407800326855,0.5287312328662425,3.0045001533175864,0.28503555469586134,0.16116174997642965,0.05286412785785895,0.45521153110088736,0.2886407800326855,0.5287312328662425,3.0045001533175864,0.28503555469586134
0.05962391115015285,0.041188495522607976,0.10391952658458932,0.11659275253687822,0.681294699813366,2.8644987445345866,1.4026844386063564,0.05962391115015285,0.041188495522607976,0.10391952658458932,0.11659275253687822,0.681294699813366,2.8644987445345866,1.4026844386063564
0.09370703296153361,0.07806681861779385,0.15982510059477287,0.22635442535257422,0.6946668659826364,3.0882746304020623,0.7367041977387986,0.09370703296153361,0.07806681861779385,0.15982510059477287,0.22635442535257422,0.6946668659826364,3.0882746304020623,0.7367041977387986
0.07350805282746962,0.0505673295200576,0.20926671090114735,0.14188895115933872,0.7059241343035901,2.9826164525591117,0.7605909467739771,0.07350805282746962,0.0505673295200576,0.20926671090114735,0.14188895115933872,0.7059241343035901,2.9826164525591117,0.7605909467739771
0.1373620557841638,0.0330763581502722,0.16814516524077916,0.17513230856796322,0.6597641207076652,2.998016394991997,1.3042566972907346,0.1373620557841638,0.0330763581502722,0.16814516524077916,0.17513230856796322,0.6597641207076652,2.998016394991997,1.3042566972907346
0.1623033228198688,0.04760501003738145,0.2419448358641385,0.1892808894478381,0.6769575033858156,3.200222740277209,0.6794900164757535,0.1623033228198688,0.04760501003738145,0.2419448358641385,0.1892808894478381,0.6769575033858156,3.200222740277209,0.6794900164757535
0.07967424385715681,0.024625116354271333,0.11320492130626122,0.24217499877351614,0.6657557301505402,2.922081111326199,1.2056071481448625,0.07967424385715681,0.024625116354271333,0.11320492130626122,0.24217499877351614,0.6657557301505402,2.922081111326199,1.2056071481448625
0.051480544610065244,0.04246732225722116,0.1696323497111818,0.12927377666023154,0.5910677506308045,2.6294656038737703,1.9441220723880674,0.051480544610065244,0.04246732225722116,0.1696323497111818,0.12927377666023154,0.5910677506308045,2.6294656038737703,1.9441220723880674
0.09210815246002946,0.07746109305395077,0.16907983863310636,0.23372953681436848,0.6517024657883718,2.910688502900956,1.1908898401194101,0.09210815246002946,0.07746109305395077,0.16907983863310636,0.23372953681436848,0.6517024657883718,2.910688502900956,1.1908898401194101
0.10353503120046917,0.07218843505444568,0.2661949922746387,0.18851527349757438,0.6773410991673018,3.2333935350686582,0.6911012871958164,0.10353503120046917,0.07218843505444568,0.2661949922746387,0.18851527349757438,0.6773410991673018,3.2333935350686582,0.6911012871958164
0.13237517852764197,0.031480980259448364,0.23421917548953491,0.25290930555678387,0.6199846252581527,3.0370718309237157,1.2530865185262616,0.13237517852764197,0.031480980259448364,0.23421917548953491,0.25290930555678387,0.6199846252581527,3.0370718309237157,1.2530865185262616
0.06526839891043716,0.03489356090321172,0.1069144149273013,0.13497427596375258,0.7336439564955782,3.1927035258998613,0.7861623472175037,0.06526839891043716,0.03489356090321172,0.1069144149273013,0.13497427596375258,0.7336439564955782,3.1927035258998613,0.7861623472175037
0.08382613973702557,0.056279848784849776,0.21427018789269237,0.10661325134014212,0.6534733576735572,2.9147567663851985,1.4200227226395108,0.08382613973702557,0.056279848784849776,0.21427018789269237,0.10661325134014212,0.6534733576735572,2.9147567663851985,1.4200227226395108
0.08505551526109255,0.05655388629712658,0.14512407348907372,0.16949352216649627,0.6596480035625998,2.989280136018284,1.453840813142767,0.08505551526109255,0.05655388629712658,0.14512407348907372,0.16949352216649627,0.6596480035625998,2.989280136018284,1.453840813142767
0.08935321319147707,0.03767163966202731,0.1944903207008322,0.1382548178781363,0.6719997581259144,2.8805190032964982,1.2565816377675088,0.08935321319147707,0.03767163966202731,0.1944903207008322,0.1382548178781363,0.6719997581259144,2.8805190032964982,1.2565816377675088
0.10461785446973765,0.09679377939202613,0.13957105784800725,0.13867362195544733,0.7144013220931676,3.06735864407529,0.7997048365190991,0.10461785446973765,0.09679377939202613,0.13957105784800725,0.13867362195544733,0.7144013220931676,3.06735864407529,0.7997048365190991
0.13847668654342005,0.0581146158244807,0.3009248921201935,0.21407413594535718,0.9354475071157203,3.049639036109313,0.08190502689347058,0.13847668654342005,0.0581146158244807,0.3009248921201935,0.21407413594535718,0.9354475071157203,3.049639036109313,0.08190502689347058
0.15645940519531548,0.06887312033838186,0.29927191451383695,0.24298331825175765,0.6353294193310091,2.899782168013507,0.5856410222384383,0.15645940519531548,0.06887312033838186,0.29927191451383695,0.24298331825175765,0.6353294193310091,2.899782168013507,0.5856410222384383
0.12631253044077784,0.07645285198043482,0.20703812928698642,0.14945981269108932,0.6945612880695601,3.0077855496591215,0.7702498853395227,0.12631253044077784,0.07645285198043482,0.20703812928698642,0.14945981269108932,0.6945612880695601,3.0077855496591215,0.7702498853395227
0.10258794886469469,0.08122623586901448,0.1762501517748277,0.1348487461748583,0.675469207036587,2.855704916052126,1.1670651167998676,0.10258794886469469,0.08122623586901448,0.1762501517748277,0.1348487461748583,0.675469207036587,2.855704916052126,1.1670651167998676
0.12690093710210654,0.0316618216577401,0.3482740646715625,0.09905999113103844,0.6514068924137782,3.081589402386527,0.7557296290003951,0.12690093710210654,0.0316618216577401,0.3482740646715625,0.09905999113103844,0.6514068924137782,3.081589402386527,0.7557296290003951
0.05264425068596767,0.02937921787553687,0.14895941272989355,0.20341207043279352,0.7037411275695364,3.1073637680565223,0.8899350922030292,0.05264425068596767,0.02937921787553687,0.14895941272989355,0.20341207043279352,0.7037411275695364,3.1073637680565223,0.8899350922030292
0.12530499807749057,0.06228330723295447,0.18600162757003977,0.2106449701802435,0.6586825740987889,2.8285686388014257,1.0701687542955376,0.12530499807749057,0.06228330723295447,0.18600162757003977,0.2106449701802435,0.6586825740987889,2.8285686388014257,1.0701687542955376
0.0433793384298939,0.0403441456076638,0.08243222662399646,0.1699907395344159,0.7425744806660324,2.882139886654198,0.4334148614215888,0.0433793384298939,0.0403441456076638,0.08243222662399646,0.1699907395344159,0.7425744806660324,2.882139886654198,0.4334148614215888
0.12302861494853057,0.07448545024355557,0.17492717812767666,0.1695064276871802,0.7019101961578204,2.76640138272595,0.6533035489754128,0.12302861494853057,0.07448545024355557,0.17492717812767666,0.1695064276871802,0.7019101961578204,2.76640138272595,0.6533035489754128
0.11094021320936892,0.058899849945385115,0.22404040603296776,0.1693817687490863,0.6701200324712253,3.101169569455181,1.0764833852362354,0.11094021320936892,0.058899849945385115,0.22404040603296776,0.1693817687490863,0.6701200324712253,3.101169569455181,1.0764833852362354
0.11184533401074986,0.030413030507394467,0.11506204794618391,0.10343690735195743,0.696931822303181,2.9755997543725443,1.2139602391259967,0.11184533401074986,0.030413030507394467,0.11506204794618391,0.10343690735195743,0.696931822303181,2.9755997543725443,1.2139602391259967
0.09875927523011288,0.052133071486782256,0.21273912022442729,0.11958959842170702,0.7073117798052445,2.769799369081252,0.6580804712893561,0.09875927523011288,0.052133071486782256,0.21273912022442729,0.11958959842170702,0.7073117798052445,2.769799369081252,0.6580804712893561
0.07835709750497706,0.062041126383314875,0.0864399684206828,0.21405699906144898,0.6682845829264252,2.9237587199640958,1.3016194556016083,0.07835709750497706,0.062041126383314875,0.0864399684206828,0.21405699906144898,0.6682845829264252,2.9237587199640958,1.3016194556016083
0.1744196702384881,0.046316945328560344,0.13847014277400702,0.16019368861434083,0.6643396575789393,2.8690837704106946,1.2037477962969014,0.1744196702384881,0.046316945328560344,0.13847014277400702,0.16019368861434083,0.6643396575789393,2.8690837704106946,1.2037477962969014
0.08775657698315635,0.06018571278468897,0.14595556892950606,0.1326387664751002,0.6979049289248406,2.924476632095311,1.0705188333353781,0.08775657698315635,0.06018571278468897,0.14595556892950606,0.1326387664751002,0.6979049289248406,2.924476632095311,1.0705188333353781
0.060831369578351176,0.027570803646079462,0.18644508602083412,0.20246775401899594,0.6584843292339273,3.022276659446843,1.314074546382508,0.060831369578351176,0.027570803646079462,0.18644508602083412,0.20246775401899594,0.6584843292339273,3.022276659446843,1.314074546382508
0.08174566788242389,0.05588655878055832,0.09771327845444716,0.1675222595666444,0.7227692680101522,3.2366865770124518,0.8411887941273851,0.08174566788242389,0.05588655878055832,0.09771327845444716,0.1675222595666444,0.7227692680101522,3.2366865770124518,0.8411887941273851
0.08696900353109745,0.09017309092883023,0.13892518285003422,0.20756073134991157,0.658595453630254,2.911151847132782,1.2847726785662523,0.08696900353109745,0.09017309092883023,0.13892518285003422,0.20756073134991157,0.658595453630254,2.911151847132782,1.2847726785662523
0.08402750414795322,0.023910108870952466,0.09696703815666097,0.1197583796313052,0.72202625212062,3.0718140431286316,0.9763042767891075,0.08402750414795322,0.023910108870952466,0.09696703815666097,0.1197583796313052,0.72202625212062,3.0718140431286316,0.9763042767891075
0.05003193970352945,0.019938605951872686,0.1344797159770676,0.13618784030516992,0.7321341357279358,2.958997600472211,0.6791925629660089,0.05003193970352945,0.019938605951872686,0.1344797159770676,0.13618784030516992,0.7321341357279358,2.958997600472211,0.6791925629660089
0.0734270561595852,0.05023398933288991,0.18352160203014325,0.12562946072974246,0.6956085455101965,3.1076961132403027,1.103119308166918,0.0734270561595852,0.05023398933288991,0.18352160203014325,0.12562946072974246,0.6956085455101965,3.1076961132403027,1.103119308166918
0.10145224525198851,0.08723117889560951,0.2826293902194,0.19362328724506228,0.6817144165209101,3.233013928186171,0.32045517540574314,0.10145224525198851,0.08723117889560951,0.2826293902194,0.19362328724506228,0.6817144165209101,3.233013928186171,0.32045517540574314
0.05264669921053568,0.02853694425023026,0.08386334835055673,0.18689204891911715,0.657438473105521,2.884341723947961,1.534154236317722,0.05264669921053568,0.02853694425023026,0.08386334835055673,0.18689204891911715,0.657438473105521,2.884341723947961,1.534154236317722
0.07180285665657367,0.031118152930548055,0.1870065898038705,0.12550783577276517,0.7168137569910004,3.0107036217041707,0.7610018739020523,0.07180285665657367,0.031118152930548055,0.1870065898038705,0.12550783577276517,0.7168137569910004,3.0107036217041707,0.7610018739020523
4.203921417564784e-18,2.7692284274896257e-18,1.0562962228143364e-17,1.796349701600919e-17,4.201635346528352e-17,1.318359150017068e-16,2.2867052090373683,4.203921417564784e-18,2.7692284274896257e-18,1.0562962228143364e-17,1.796349701600919e-17,4.201635346528352e-17,1.318359150017068e-16,2.2867052090373683
0.12261052428217954,0.030356801923371656,0.208452113173474,0.19494703261472263,0.6451104327426515,2.903252387200302,1.2652522160204027,0.12261052428217954,0.030356801923371656,0.208452113173474,0.19494703261472263,0.6451104327426515,2.903252387200302,1.2652522160204027
0.13606014406059747,0.04157995682306698,0.1346299483136352,0.1143351819266185,0.6394955360346419,2.825438689882153,1.6314246880094943,0.13606014406059747,0.04157995682306698,0.1346299483136352,0.1143351819266185,0.6394955360346419,2.825438689882153,1.6314246880094943
0.10321961148303256,0.05862708492196899,0.19260364337761487,0.14417959383615095,0.6709504708860823,2.8747014759963263,1.198883396295706,0.10321961148303256,0.05862708492196899,0.19260364337761487,0.14417959383615095,0.6709504708860823,2.8747014759963263,1.198883396295706
0.09966103747922551,0.06809900460016396,0.196919932274549,0.12950039060791957,0.6788056289542146,3.02773119137372,1.1708036229921015,0.09966103747922551,0.06809900460016396,0.196919932274549,0.12950039060791957,0.6788056289542146,3.02773119137372,1.1708036229921015
0.07483333227583489,0.028887370508409366,0.20633043617762564,0.15543075514041974,0.7099628173647425,3.1162700605579285,0.7077790309203812,0.07483333227583489,0.028887370508409366,0.20633043617762564,0.15543075514041974,0.7099628173647425,3.1162700605579285,0.7077790309203812
0.20392259050925743,0.08559068479079515,0.23375541564593105,0.12896899726195413,0.6267112609949896,2.7503367263293903,1.1977023258179624,0.20392259050925743,0.08559068479079515,0.23375541564593105,0.12896899726195413,0.6267112609949896,2.7503367263293903,1.1977023258179624
0.08099253314893042,0.06726541648993926,0.19257648081985587,0.09526152425767812,0.718856490227663,3.007765154200623,0.7185949843447599,0.08099253314893042,0.06726541648993926,0.19257648081985587,0.09526152425767812,0.718856490227663,3.007765154200623,0.7185949843447599
0.07603668187160513,0.05078525937482047,0.1844240111611284,0.1673135349979204,0.692865140134724,3.0073426523648883,0.9747273690780789,0.07603668187160513,0.05078525937482047,0.1844240111611284,0.1673135349979204,0.692865140134724,3.0073426523648883,0.9747273690780789
0.06599260784985904,0.02976075379069918,0.13709740079694696,0.12336826499930309,0.6991403635933829,2.634610240989931,1.0316177899139098,0.06599260784985904,0.02976075379069918,0.13709740079694696,0.12336826499930309,0.6991403635933829,2.634610240989931,1.0316177899139098
0.08401723412445936,0.033949740396113606,0.21022182846961174,0.09221165508241239,0.6299105321610949,2.5814860406208533,1.508010387949075,0.08401723412445936,0.033949740396113606,0.21022182846961174,0.09221165508241239,0.6299105321610949,2.5814860406208533,1.508010387949075
0.14026597590933385,0.036394528185579665,0.1523030649907726,0.13356187048028945,0.6713183100840884,2.929208358336508,1.2803484047614777,0.14026597590933385,0.036394528185579665,0.1523030649907726,0.13356187048028945,0.6713183100840884,2.929208358336508,1.2803484047614777
0.16484638810947636,0.045825417802635625,0.2305662829477526,0.23705215934083562,0.6226577071610854,2.629256909192099,1.0384449283540078,0.16484638810947636,0.045825417802635625,0.2305662829477526,0.23705215934083562,0.6226577071610854,2.629256909192099,1.0384449283540078
0.19619454416664575,0.06316545689426695,0.21773156703729593,0.11701206509795287,0.9841281323485748,2.654591629891615,1.2036811414094364,0.19619454416664575,0.06316545689426695,0.21773156703729593,0.11701206509795287,0.9841281323485748,2.654591629891615,1.2036811414094364
0.11201637277471607,0.045199039432617764,0.23871610078198674,0.11869208826291587,0.7182303840436439,3.03857134323433,0.30016625056957524,0.11201637277471607,0.045199039432617764,0.23871610078198674,0.11869208826291587,0.7182303840436439,3.03857134323433,0.30016625056957524
0.13603736186491386,0.12559176750139606,0.29526798580354746,0.24426599316179776,0.6268107043659584,3.001678411642937,0.71332487753634,0.13603736186491386,0.12559176750139606,0.29526798580354746,0.24426599316179776,0.6268107043659584,3.001678411642937,0.71332487753634
0.05903491076703283,0.04782980882250719,0.14047346109503905,0.27558429911503735,0.6897370716948255,3.063427109921448,0.6902455323758938,0.05903491076703283,0.04782980882250719,0.14047346109503905,0.27558429911503735,0.6897370716948255,3.063427109921448,0.6902455323758938
0.13590916271414621,0.09060577696319508,0.23248187292582656,0.15214964236291936,0.6267926345343829,2.897814304138355,1.4142609797401346,0.13590916271414621,0.09060577696319508,0.23248187292582656,0.15214964236291936,0.6267926345343829,2.897814304138355,1.4142609797401346
0.1708834673145731,0.05637108894382412,0.4830680207601562,0.2311488807957348,0.5287452867595237,2.9803958061283127,0.2828897944744179,0.1708834673145731,0.05637108894382412,0.4830680207601562,0.2311488807957348,0.5287452867595237,2.9803958061283127,0.2828897944744179
0.1510490592161245,0.06004854604847589,0.14279924527186785,0.1318266611790009,0.6776191957201829,2.9618030583968165,1.2079052127321288,0.1510490592161245,0.06004854604847589,0.14279924527186785,0.1318266611790009,0.6776191957201829,2.9618030583968165,1.2079052127321288
0.17629006267644373,0.04970694044365297,0.25966010901093656,0.17407191292021915,0.6770331326823888,3.15505984489367,0.5351751810995129,0.17629006267644373,0.04970694044365297,0.25966010901093656,0.17407191292021915,0.6770331326823888,3.15505984489367,0.5351751810995129
0.2149438282193139,0.11197402920233096,0.1918200764701378,0.18809413411865603,0.6597242266704814,2.9503995716844718,0.9173913126748791,0.2149438282193139,0.11197402920233096,0.1918200764701378,0.18809413411865603,0.6597242266704814,2.9503995716844718,0.9173913126748791
0.08277060770310465,0.07589765461190073,0.18398683143890793,0.13810084183155233,0.6677122906119418,2.959090013642487,1.311137449231093,0.08277060770310465,0.07589765461190073,0.18398683143890793,0.13810084183155233,0.6677122906119418,2.959090013642487,1.311137449231093
0.11394050595366115,0.03285383060711056,0.23873597136344255,0.24785454513967092,0.6499174806101453,2.987621941062614,0.9225416562687166,0.11394050595366115,0.03285383060711056,0.23873597136344255,0.24785454513967092,0.6499174806101453,2.987621941062614,0.9225416562687166
0.09309458428359553,0.07544280508826551,0.11140660467483002,0.14054215074493887,0.724110018493183,3.1545546803764184,0.8009395458640014,0.09309458428359553,0.07544280508826551,0.11140660467483002,0.14054215074493887,0.724110018493183,3.1545546803764184,0.8009395458640014
0.11793519681976415,0.08045306226932183,0.14087450384835212,0.08482565346002009,0.7227645274120665,3.2364031950213934,0.8411188806983633,0.11793519681976415,0.08045306226932183,0.14087450384835212,0.08482565346002009,0.7227645274120665,3.2364031950213934,0.8411188806983633
0.07162596497462707,0.03301090924433712,0.20630500250351988,0.12709010135924223,0.728134586583329,3.122170327348335,0.822065372794608,0.07162596497462707,0.03301090924433712,0.20630500250351988,0.12709010135924223,0.728134586583329,3.122170327348335,0.822065372794608
0.10863211404370263,0.04362116566066378,0.18474820238196468,0.1331858631862239,0.6762568120368746,2.8935027294749225,1.1816054817624773,0.10863211404370263,0.04362116566066378,0.18474820238196468,0.1331858631862239,0.6762568120368746,2.8935027294749225,1.1816054817624773
0.20853136071872264,0.058485773325821784,0.4220667124690578,0.2837083912649188,0.5116896671469704,2.8977948873232258,0.7584471306768508,0.20853136071872264,0.058485773325821784,0.4220667124690578,0.2837083912649188,0.5116896671469704,2.8977948873232258,0.7584471306768508
0.06910925335645458,0.03358310732117113,0.18315994734670565,0.12139078976383078,0.7105224799156854,3.048584956634791,0.9007240012704346,0.06910925335645458,0.03358310732117113,0.18315994734670565,0.12139078976383078,0.7105224799156854,3.048584956634791,0.9007240012704346
0.08984456253413715,0.03648930285569304,0.17393749466844446,0.18324115003390345,0.6972654929008751,3.068366211827709,0.9068890645877176,0.08984456253413715,0.03648930285569304,0.17393749466844446,0.18324115003390345,0.6972654929008751,3.068366211827709,0.9068890645877176
0.0636838070842485,0.03801141756856652,0.15358725333082615,0.09780398371828662,0.749209704860629,3.0556638564886023,0.26770740239148594,0.0636838070842485,0.03801141756856652,0.15358725333082615,0.09780398371828662,0.749209704860629,3.0556638564886023,0.26770740239148594
0.08391357830294845,0.03765359832095767,0.239985889576405,0.17819505232250152,0.6526422871077704,2.896627880312346,1.1733676959807597,0.08391357830294845,0.03765359832095767,0.239985889576405,0.17819505232250152,0.6526422871077704,2.896627880312346,1.1733676959807597
0.08679293400525918,0.021958743028539337,0.18434927107152183,0.12658474763508695,0.6810120437376556,3.0112353887904026,1.243943112144194,0.08679293400525918,0.021958743028539337,0.18434927107152183,0.12658474763508695,0.6810120437376556,3.0112353887904026,1.243943112144194
0.07993315069465845,0.02068506061670441,0.2129634823076896,0.13884257349424675,0.6754737865138716,2.8729786745766464,1.1292400014928667,0.07993315069465845,0.02068506061670441,0.2129634823076896,0.13884257349424675,0.6754737865138716,2.8729786745766464,1.1292400014928667
0.07800718782426669,0.029532313622854158,0.16790414324727762,0.17868161401162255,0.6966662257573564,3.0609741502604515,0.9748295834247799,0.07800718782426669,0.029532313622854158,0.16790414324727762,0.17868161401162255,0.6966662257573564,3.0609741502604515,0.9748295834247799
0.07757208613275056,0.03049516985001564,0.20712988888004136,0.1581941585840112,0.7083762300042061,3.0357681712312274,0.6905147002657609,0.07757208613275056,0.03049516985001564,0.20712988888004136,0.1581941585840112,0.7083762300042061,3.0357681712312274,0.6905147002657609
0.053562465832591916,0.01599435381197915,0.13293399080384477,0.13514811421582648,0.685541446895184,2.662048358259669,1.184779574788407,0.053562465832591916,0.01599435381197915,0.13293399080384477,0.13514811421582648,0.685541446895184,2.662048358259669,1.184779574788407
0.1257323437371319,0.057872765550327984,0.2911759807868054,0.14346209570153048,0.6522352473962587,3.075148919954484,1.0048199019380708,0.1257323437371319,0.057872765550327984,0.2911759807868054,0.14346209570153048,0.6522352473962587,3.075148919954484,1.0048199019380708
0.12068597582108233,0.030211912752126067,0.2333060661528596,0.15807403572255652,0.6668553725971692,3.0373968972869356,1.0938718733784494,0.12068597582108233,0.030211912752126067,0.2333060661528596,0.15807403572255652,0.6668553725971692,3.0373968972869356,1.0938718733784494
0.08369722246692071,0.032067303193100055,0.1840580749002297,0.18122784144231624,0.6899855719126992,3.0306958042367467,0.9803954028234275,0.08369722246692071,0.032067303193100055,0.1840580749002297,0.18122784144231624,0.6899855719126992,3.0306958042367467,0.9803954028234275
0.32542944460456,0.13027150323029496,0.2883938903254174,0.29009070937490916,0.4886416977392742,2.9171804826528485,1.1374507053123633,0.32542944460456,0.13027150323029496,0.2883938903254174,0.29009070937490916,0.4886416977392742,2.9171804826528485,1.1374507053123633
0.11649949793454717,0.0406111442755894,0.26348210713794407,0.14623867521680847,0.6356356937892926,2.9794980871752528,1.3256936126850623,0.11649949793454717,0.0406111442755894,0.26348210713794407,0.14623867521680847,0.6356356937892926,2.9794980871752528,1.3256936126850623
0.11301674122478177,0.031278501954320706,0.1164167944927375,0.10501287798468234,0.6959980660063655,2.92547353273053,1.1946376569479258,0.11301674122478177,0.031278501954320706,0.1164167944927375,0.10501287798468234,0.6959980660063655,2.92547353273053,1.1946376569479258
0.1099493339337136,0.07680972636941795,0.19745123606747628,0.13571868707953463,0.7059568660543882,3.052754065506505,0.7330395165824624,0.1099493339337136,0.07680972636941795,0.19745123606747628,0.13571868707953463,0.7059568660543882,3.052754065506505,0.7330395165824624
0.10635904330059397,0.04218706606661782,0.2683513411852848,0.1841678998502201,0.6359202941230641,2.980099719983596,1.2128259029782866,0.10635904330059397,0.04218706606661782,0.2683513411852848,0.1841678998502201,0.6359202941230641,2.980099719983596,1.2128259029782866
0.10790202325022279,0.04474664218210384,0.213509654628624,0.14822118736826267,0.6592685575039597,2.9285219034669634,1.2580163434658338,0.10790202325022279,0.04474664218210384,0.213509654628624,0.14822118736826267,0.6592685575039597,2.9285219034669634,1.2580163434658338
0.07190868103560473,0.04705379827559349,0.16083455360993876,0.0753171414875207,0.7351372332408288,3.1573826209343694,0.689057836648048,0.07190868103560473,0.04705379827559349,0.16083455360993876,0.0753171414875207,0.7351372332408288,3.1573826209343694,0.689057836648048
0.055612073712863835,0.017993140248559386,0.1315720155330626,0.1568416294575206,0.6789660942552541,2.4211303686706156,1.0868000645532208,0.055612073712863835,0.017993140248559386,0.1315720155330626,0.1568416294575206,0.6789660942552541,2.4211303686706156,1.0868000645532208
0.1620659069867085,0.06891312607359179,0.15226506229658582,0.1975435768827032,0.6977012909143586,3.168817842765606,0.6836007617983976,0.1620659069867085,0.06891312607359179,0.15226506229658582,0.1975435768827032,0.6977012909143586,3.168817842765606,0.6836007617983976
0.07640221775217237,0.02390924235573701,0.2173546566069816,0.15917351794038492,0.7054974202492212,3.1701186907184384,0.7298164364195169,0.07640221775217237,0.02390924235573701,0.2173546566069816,0.15917351794038492,0.7054974202492212,3.1701186907184384,0.7298164364195169
0.10944770208158094,0.033301293395964,0.3405400200916796,0.09679767331231387,0.6274926416646965,2.9320228041428598,1.1155680963779058,0.10944770208158094,0.033301293395964,0.3405400200916796,0.09679767331231387,0.6274926416646965,2.9320228041428598,1.1155680963779058
0.0886027966204959,0.02555591060343648,0.09531579954954003,0.12148691575589207,0.7211149660188501,3.019724620987215,0.9606552715026021,0.0886027966204959,0.02555591060343648,0.09531579954954003,0.12148691575589207,0.7211149660188501,3.019724620987215,0.9606552715026021
0.14014739937972986,0.0819496717292237,0.19949166008297808,0.2373776288884228,0.6685540329798362,2.9678979818467295,0.7574248361154283,0.14014739937972986,0.0819496717292237,0.19949166008297808,0.2373776288884228,0.6685540329798362,2.9678979818467295,0.7574248361154283
0.11284947447402993,0.046724825753262575,0.2895559138158877,0.14335474960486974,0.6670342201039501,2.6020747494285676,0.6897362206498463,0.11284947447402993,0.046724825753262575,0.2895559138158877,0.14335474960486974,0.6670342201039501,2.6020747494285676,0.6897362206498463
0.17584362855130917,0.04906801646104898,0.2593046753840635,0.17310234473177039,0.6776537708026532,3.196776827283787,0.5376702633692924,0.17584362855130917,0.04906801646104898,0.2593046753840635,0.17310234473177039,0.6776537708026532,3.196776827283787,0.5376702633692924
0.12510873202926048,0.05229588446911764,0.21977311085864695,0.2122952910041654,0.6856671572874998,3.0447315129086667,0.6196165963753218,0.12510873202926048,0.05229588446911764,0.21977311085864695,0.2122952910041654,0.6856671572874998,3.0447315129086667,0.6196165963753218
0.11658026123126643,0.08951526640859754,0.17346367883549182,0.21085493074051959,0.6665469311759593,2.9277651822954573,1.0429370434009462,0.11658026123126643,0.08951526640859754,0.17346367883549182,0.21085493074051959,0.6665469311759593,2.9277651822954573,1.0429370434009462
0.09451482576450805,0.03813271414410924,0.2152646004308468,0.13596119382403143,0.6747074183517369,2.88528068833112,1.1110255104238893,0.09451482576450805,0.03813271414410924,0.2152646004308468,0.13596119382403143,0.6747074183517369,2.88528068833112,1.1110255104238893
0.07835668881296762,0.041966662092045505,0.12245419683192042,0.07388999074164919,0.6363696381814198,2.652586981637565,1.719429513511982,0.07835668881296762,0.041966662092045505,0.12245419683192042,0.07388999074164919,0.6363696381814198,2.652586981637565,1.719429513511982
0.06662290859882623,0.064402213225589,0.14973909382630046,0.2547162826723483,0.6906871314115972,3.1856714914306403,0.7855820612665976,0.06662290859882623,0.064402213225589,0.14973909382630046,0.2547162826723483,0.6906871314115972,3.1856714914306403,0.7855820612665976
0.13599838962360367,0.09274192749948344,0.17931729847483868,0.21559715975555283,0.6245945713179215,3.013112747172164,1.4602157647544634,0.13599838962360367,0.09274192749948344,0.17931729847483868,0.21559715975555283,0.6245945713179215,3.013112747172164,1.4602157647544634
0.35123262555515805,0.09435767807957633,0.3689240059188519,0.2279156416860121,0.528905808365972,3.138798138143535,0.29055435098524657,0.35123262555515805,0.09435767807957633,0.3689240059188519,0.2279156416860121,0.528905808365972,3.138798138143535,0.29055435098524657
0.07583846341937797,0.042972771707142726,0.15606710523373124,0.20240031879928996,0.679540091654907,2.7961891772411134,1.0377828402999105,0.07583846341937797,0.042972771707142726,0.15606710523373124,0.20240031879928996,0.679540091654907,2.7961891772411134,1.0377828402999105
0.0885761538441996,0.048958288617186235,0.21214973903215212,0.09818414668289609,0.6857908785735303,2.9912432973691656,1.1172973328769744,0.0885761538441996,0.048958288617186235,0.21214973903215212,0.09818414668289609,0.6857908785735303,2.9912432973691656,1.1172973328769744
0.05936408991960297,0.05055818444620697,0.1555960256882864,0.10789591405327781,0.7152635150045689,3.0388397362999324,0.9560034443433079,0.05936408991960297,0.05055818444620697,0.1555960256882864,0.10789591405327781,0.7152635150045689,3.0388397362999324,0.9560034443433079
0.06286638562629118,0.03473357519443398,0.10511354209876395,0.13219044224970253,0.7248366857512978,2.9678612612838853,0.8721226959440476,0.06286638562629118,0.03473357519443398,0.10511354209876395,0.13219044224970253,0.7248366857512978,2.9678612612838853,0.8721226959440476
0.07438974519566918,0.08272616257324003,0.13777258272155546,0.1590692051804296,0.6593157883652134,2.920217374368361,1.4517836217900626,0.07438974519566918,0.08272616257324003,0.13777258272155546,0.1590692051804296,0.6593157883652134,2.920217374368361,1.4517836217900626
0.08670190255455618,0.04312222111077457,0.20055222766089667,0.13005958543558496,0.6720673960439778,2.9228054052761765,1.2326207571587915,0.08670190255455618,0.04312222111077457,0.20055222766089667,0.13005958543558496,0.6720673960439778,2.9228054052761765,1.2326207571587915
0.1927691272201259,0.11102150035192218,0.18329379072957308,0.16579338114285525,0.6332921132421764,2.8028207975742236,1.251859878763447,0.1927691272201259,0.11102150035192218,0.18329379072957308,0.16579338114285525,0.6332921132421764,2.8028207975742236,1.251859878763447
0.12107658495923958,0.04682485751813719,0.1751970682765746,0.14267803287951356,0.6098751458675555,2.5799078473991077,1.629367961639802,0.12107658495923958,0.04682485751813719,0.1751970682765746,0.14267803287951356,0.6098751458675555,2.5799078473991077,1.629367961639802
0.09602985469894956,0.06557532471257486,0.1266357297324466,0.1564022414550781,0.6645943701547242,2.9872225034577844,1.4483100447463721,0.09602985469894956,0.06557532471257486,0.1266357297324466,0.1564022414550781,0.6645943701547242,2.9872225034577844,1.4483100447463721
0.05433294710887608,0.030261880598073835,0.16056713912623993,0.14069368290187134,0.7376711381731121,3.130186622549116,0.4461251463842524,0.05433294710887608,0.030261880598073835,0.16056713912623993,0.14069368290187134,0.7376711381731121,3.130186622549116,0.4461251463842524
0.14167443095410762,0.056058912939076555,0.24637719072846795,0.18727029531585335,0.6664008798774617,3.1514178416226084,0.9004519410048719,0.14167443095410762,0.056058912939076555,0.24637719072846795,0.18727029531585335,0.6664008798774617,3.1514178416226084,0.9004519410048719
0.12451621093378461,0.07565550214029865,0.17471130184782732,0.17003188691076454,0.7009941686556842,2.728351156253105,0.648182957617922,0.12451621093378461,0.07565550214029865,0.17471130184782732,0.17003188691076454,0.7009941686556842,2.728351156253105,0.648182957617922
0.09624749152803735,0.0888529343751148,0.2612924760458896,0.18053959652707438,0.6602441113212429,3.068999469786076,0.9625132420080627,0.09624749152803735,0.0888529343751148,0.2612924760458896,0.18053959652707438,0.6602441113212429,3.068999469786076,0.9625132420080627
0.09887976632718502,0.04188919770547583,0.2214255609610875,0.11294209970236702,0.6995653010161156,2.9976015841583146,0.8436930864861227,0.09887976632718502,0.04188919770547583,0.2214255609610875,0.11294209970236702,0.6995653010161156,2.9976015841583146,0.8436930864861227
0.10470762720010811,0.06805307126000604,0.20568166133961546,0.10528660230655898,0.6787180855186828,3.046506623331326,1.1864681035781188,0.10470762720010811,0.06805307126000604,0.20568166133961546,0.10528660230655898,0.6787180855186828,3.046506623331326,1.1864681035781188
0.08178485972616312,0.06794593706849227,0.1942548039303271,0.1298833681311199,0.7125631309205167,2.9955611712791463,0.7158407139709714,0.08178485972616312,0.06794593706849227,0.1942548039303271,0.1298833681311199,0.7125631309205167,2.9955611712791463,0.7158407139709714
0.07811921450268,0.05813878730818624,0.23376910578568616,0.19967295920818973,0.6809213000629399,3.14563688224508,0.8361110250365279,0.07811921450268,0.05813878730818624,0.23376910578568616,0.19967295920818973,0.6809213000629399,3.14563688224508,0.8361110250365279
0.1048655542925943,0.04263607260490513,0.2029241375362677,0.14215444086798804,0.7050886664646229,3.0924868683313456,0.7844623838608664,0.1048655542925943,0.04263607260490513,0.2029241375362677,0.14215444086798804,0.7050886664646229,3.0924868683313456,0.7844623838608664
0.11689298448791757,0.06247322202705614,0.2562009884117547,0.15390431017953343,0.6367655447485171,2.956681029887096,1.3182958528585869,0.11689298448791757,0.06247322202705614,0.2562009884117547,0.15390431017953343,0.6367655447485171,2.956681029887096,1.3182958528585869
0.10748410118438767,0.03842938035829366,0.1814980829593667,0.17679471292387827,0.7015233329385481,2.972443188524564,0.759468043891269,0.10748410118438767,0.03842938035829366,0.1814980829593667,0.17679471292387827,0.7015233329385481,2.972443188524564,0.759468043891269
0.1699459844975987,0.12025087757527957,0.12491269253739308,0.10878380898099144,0.6134332597007698,2.327784585593204,1.423957506834118,0.1699459844975987,0.12025087757527957,0.12491269253739308,0.10878380898099144,0.6134332597007698,2.327784585593204,1.423957506834118
0.09598317808584483,0.05470144689267204,0.23249237353889227,0.16437664262292523,0.6909487517508204,2.985714751351285,0.747899752664826,0.09598317808584483,0.05470144689267204,0.23249237353889227,0.16437664262292523,0.6909487517508204,2.985714751351285,0.747899752664826
0.11564439319688453,0.027835937875566066,0.21795762021296947,0.14841866166575596,0.6751110548402628,3.064644377283727,1.103137146071066,0.11564439319688453,0.027835937875566066,0.21795762021296947,0.14841866166575596,0.6751110548402628,3.064644377283727,1.103137146071066
0.047792841659377215,0.02904990475316528,0.11625224401905547,0.1227240231560646,0.7344847528945644,3.1404570462624424,0.7930907293902564,0.047792841659377215,0.02904990475316528,0.11625224401905547,0.1227240231560646,0.7344847528945644,3.1404570462624424,0.7930907293902564
0.1384557293774821,0.06775569335170223,0.11771222932070256,0.13567068655487952,0.6873924530424604,2.956143940842408,1.1589829949289594,0.1384557293774821,0.06775569335170223,0.11771222932070256,0.13567068655487952,0.6873924530424604,2.956143940842408,1.1589829949289594
0.0728390723314691,0.05230929394539906,0.09145487593973994,0.22882303375855206,0.727457285563073,3.041720320806341,0.32109773979940653,0.0728390723314691,0.05230929394539906,0.09145487593973994,0.22882303375855206,0.727457285563073,3.041720320806341,0.32109773979940653
0.08092792587111272,0.06397983577423318,0.10127248974612316,0.17462049052681755,0.720451016757339,3.0528557727528196,0.774110404828437,0.08092792587111272,0.06397983577423318,0.10127248974612316,0.17462049052681755,0.720451016757339,3.0528557727528196,0.774110404828437
0.1471541300759324,0.056446543414939425,0.15419974460927613,0.14381227417315612,0.6955178615358824,3.05037788201197,0.9648974838074444,0.1471541300759324,0.056446543414939425,0.15419974460927613,0.14381227417315612,0.6955178615358824,3.05037788201197,0.9648974838074444
0.08609025979261478,0.06013464581884234,0.11539669458109024,0.17157830669900054,0.709551880102318,2.905967926676126,0.8732988103986167,0.08609025979261478,0.06013464581884234,0.11539669458109024,0.17157830669900054,0.709551880102318,2.905967926676126,0.8732988103986167
0.17251309207601828,0.04202537556419694,0.2340775160443595,0.18858065526868742,0.6717896758010042,3.1451316432698593,0.7718346656813662,0.17251309207601828,0.04202537556419694,0.2340775160443595,0.18858065526868742,0.6717896758010042,3.1451316432698593,0.7718346656813662
0.14762970872771009,0.05837166545424258,0.12401191747399415,0.24806750700072616,0.6143296353691339,2.8602910316858705,1.50957767779005,0.14762970872771009,0.05837166545424258,0.12401191747399415,0.24806750700072616,0.6143296353691339,2.8602910316858705,1.50957767779005
0.15074802855847091,0.048998705419718756,0.1370975975638084,0.13669759726919006,0.6690994354503809,3.052910885092286,1.362133105674723,0.15074802855847091,0.048998705419718756,0.1370975975638084,0.13669759726919006,0.6690994354503809,3.052910885092286,1.362133105674723
0.08773156135284152,0.023011616214051327,0.1748226201399412,0.10389203041843258,0.6753643987224414,2.9657054675336494,1.3772852881974988,0.08773156135284152,0.023011616214051327,0.1748226201399412,0.10389203041843258,0.6753643987224414,2.9657054675336494,1.3772852881974988
0.164539909964275,0.05808840771243402,0.23678298231526407,0.24069600625539755,0.6513428622914809,2.8645806024256957,0.7372655084067989,0.164539909964275,0.05808840771243402,0.23678298231526407,0.24069600625539755,0.6513428622914809,2.8645806024256957,0.7372655084067989
0.13959225845396242,0.13645878190172747,0.25678962463999755,0.20224992494840202,0.6538502288819401,3.086884973259302,0.7583037992866449,0.13959225845396242,0.13645878190172747,0.25678962463999755,0.20224992494840202,0.6538502288819401,3.086884973259302,0.7583037992866449
0.13208289333751771,0.08961554460360965,0.15053881458483634,0.18044134846550225,0.6377550191817095,2.676710782776432,1.3505520753600746,0.13208289333751771,0.08961554460360965,0.15053881458483634,0.18044134846550225,0.6377550191817095,2.676710782776432,1.3505520753600746
0.05151537292921107,0.01581841608099918,0.1260127831438661,0.1497114911047048,0.6837204098505356,2.5755294316394135,1.1488653297447644,0.05151537292921107,0.01581841608099918,0.1260127831438661,0.1497114911047048,0.6837204098505356,2.5755294316394135,1.1488653297447644
0.18885359694217033,0.059874105786631965,0.31970239394400796,0.3977048355200194,0.4784211375281895,2.8399688937380065,1.1090999002417627,0.18885359694217033,0.059874105786631965,0.31970239394400796,0.3977048355200194,0.4784211375281895,2.8399688937380065,1.1090999002417627
2.476777940313027e-18,7.400904646899928e-19,6.228158611555932e-18,1.1097550588548449e-17,4.569063850744766e-17,1.670528361640045e-16,2.8363236053876912,2.476777940313027e-18,7.400904646899928e-19,6.228158611555932e-18,1.1097550588548449e-17,4.569063850744766e-17,1.670528361640045e-16,2.8363236053876912
0.08768073705750153,0.07324439661059078,0.1602574844832322,0.22184063650920027,0.6587731135323893,3.0119899340946366,1.2399816600528188,0.08768073705750153,0.07324439661059078,0.1602574844832322,0.22184063650920027,0.6587731135323893,3.0119899340946366,1.2399816600528188
0.13118267530522362,0.06879773574455138,0.2633030327620375,0.18015421801379758,0.6681898957302289,2.8865527580051324,0.7294694068460494,0.13118267530522362,0.06879773574455138,0.2633030327620375,0.18015421801379758,0.6681898957302289,2.8865527580051324,0.7294694068460494
0.09926375948054049,0.0922623067909497,0.17456855566990429,0.14143374454075522,0.6660546892507229,3.0110732623422245,1.326443449077326,0.09926375948054049,0.0922623067909497,0.17456855566990429,0.14143374454075522,0.6660546892507229,3.0110732623422245,1.326443449077326
0.06059348511006632,0.059412744509961424,0.06650979446707081,0.19099999072988813,0.6559840182537978,2.761020877523409,1.4615641894949751,0.06059348511006632,0.059412744509961424,0.06650979446707081,0.19099999072988813,0.6559840182537978,2.761020877523409,1.4615641894949751
0.12744217251880788,0.04186238757499638,0.18781923195496983,0.21131812121996427,0.6808100906419274,3.158257900378561,0.91253263973503,0.12744217251880788,0.04186238757499638,0.18781923195496983,0.21131812121996427,0.6808100906419274,3.158257900378561,0.91253263973503
0.05364442601276983,0.020909220622683158,0.1366704963576087,0.16229545640627438,0.7242138793788435,3.074513048753995,0.7842536814870146,0.05364442601276983,0.020909220622683158,0.1366704963576087,0.16229545640627438,0.7242138793788435,3.074513048753995,0.7842536814870146
0.08690846602617498,0.04643883318849628,0.2691535983483557,0.1542126269291959,0.63572991118439,2.985194479230624,1.3281716358377826,0.08690846602617498,0.04643883318849628,0.2691535983483557,0.1542126269291959,0.63572991118439,2.985194479230624,1.3281716358377826
0.07481487511506271,0.02865099944459907,0.19420942955483156,0.15407122550309252,0.68551457093417,2.979070629888727,1.0884642382894811,0.07481487511506271,0.02865099944459907,0.19420942955483156,0.15407122550309252,0.68551457093417,2.979070629888727,1.0884642382894811
0.08934759381561323,0.06029388311792396,0.22401779079528641,0.21423738636203613,0.6217409678135742,2.832095824352214,1.3819778827850695,0.08934759381561323,0.06029388311792396,0.22401779079528641,0.21423738636203613,0.6217409678135742,2.832095824352214,1.3819778827850695
0.09864495084222784,0.025698593401321173,0.24766611727096163,0.2513838639626942,0.6207930761346795,2.8088783150902974,1.1628616293385656,0.09864495084222784,0.025698593401321173,0.24766611727096163,0.2513838639626942,0.6207930761346795,2.8088783150902974,1.1628616293385656
0.07586495086132476,0.03594758256120425,0.19744958130797263,0.18679971558097586,0.6155682311437367,2.6557967684093184,1.535197593688358,0.07586495086132476,0.03594758256120425,0.19744958130797263,0.18679971558097586,0.6155682311437367,2.6557967684093184,1.535197593688358
0.11497056604705305,0.046696870059992575,0.2012788916605046,0.1354663175049173,0.6895384135364669,2.8991956814001028,0.9408721348058232,0.11497056604705305,0.046696870059992575,0.2012788916605046,0.1354663175049173,0.6895384135364669,2.8991956814001028,0.9408721348058232
0.09446167601181872,0.06176838368333268,0.21146599157622564,0.09883189815501053,0.6537248329945569,2.928189787546289,1.4262142092346861,0.09446167601181872,0.06176838368333268,0.21146599157622564,0.09883189815501053,0.6537248329945569,2.928189787546289,1.4262142092346861
0.14438602851770632,0.03773224182666069,0.2081556946250238,0.16917985144228598,0.6331887489184983,2.7680245075012766,1.3407830674360668,0.14438602851770632,0.03773224182666069,0.2081556946250238,0.16917985144228598,0.6331887489184983,2.7680245075012766,1.3407830674360668
0.12317793486395438,0.055246101119233094,0.35337744446920216,0.2635165722155648,0.5583324445415738,2.8998428645197896,1.1746283064789116,0.12317793486395438,0.055246101119233094,0.35337744446920216,0.2635165722155648,0.5583324445415738,2.8998428645197896,1.1746283064789116
0.07293548141449546,0.06123613766237263,0.10441306578830743,0.11103304540673478,0.7056294937362408,2.9126901660395625,1.124684826838011,0.07293548141449546,0.06123613766237263,0.10441306578830743,0.11103304540673478,0.7056294937362408,2.9126901660395625,1.124684826838011
0.08061053201695252,0.03732885129474534,0.21160675329134418,0.10277818040584148,0.6571923114655702,2.8729164705846593,1.393792454172927,0.08061053201695252,0.03732885129474534,0.21160675329134418,0.10277818040584148,0.6571923114655702,2.8729164705846593,1.393792454172927
0.07300756386576918,0.04264198910923804,0.17320996116221088,0.17912000972686745,0.7058208751123975,3.0785901984608466,0.8252319945979368,0.07300756386576918,0.04264198910923804,0.17320996116221088,0.17912000972686745,0.7058208751123975,3.0785901984608466,0.8252319945979368
0.1495133814735434,0.03787586695057908,0.27900488550604685,0.1971288421912767,0.64520646221742,3.165160731523939,0.9701346079690724,0.1495133814735434,0.03787586695057908,0.27900488550604685,0.1971288421912767,0.64520646221742,3.165160731523939,0.9701346079690724
0.17379090348406268,0.0437589399580613,0.18717797599847724,0.17020508929774486,0.6467247231350375,2.8920534432094,1.2496990822061924,0.17379090348406268,0.0437589399580613,0.18717797599847724,0.17020508929774486,0.6467247231350375,2.8920534432094,1.2496990822061924
0.11657040168105343,0.0667140049481331,0.25560471968059045,0.14019267206323344,0.6851418260639868,2.7835847216058496,0.6611338938129804,0.11657040168105343,0.0667140049481331,0.25560471968059045,0.14019267206323344,0.6851418260639868,2.7835847216058496,0.6611338938129804
0.08184179334532762,0.02277081558334289,0.1232589853615073,0.15203896749954843,0.7999012710096256,2.778075205241302,0.8215650652694637,0.08184179334532762,0.02277081558334289,0.1232589853615073,0.15203896749954843,0.7999012710096256,2.778075205241302,0.8215650652694637
0.09657576546358573,0.023927830925387052,0.2055756141678616,0.16053551601872323,0.6455343316232821,2.852112059903208,1.3891381376481136,0.09657576546358573,0.023927830925387052,0.2055756141678616,0.16053551601872323,0.6455343316232821,2.852112059903208,1.3891381376481136
0.10448446936870935,0.08726034096074986,0.17670789391624395,0.16072286554886425,0.7075723075989796,2.999252983112819,0.6828490895128371,0.10448446936870935,0.08726034096074986,0.17670789391624395,0.16072286554886425,0.7075723075989796,2.999252983112819,0.6828490895128371
0.060636736188872865,0.04053222243136206,0.10316325182010913,0.12806536445160138,0.6800356136086887,2.898693037645788,1.4120885707506579,0.060636736188872865,0.04053222243136206,0.10316325182010913,0.12806536445160138,0.6800356136086887,2.898693037645788,1.4120885707506579
0.10369235188451247,0.04134576590616209,0.26195815765881963,0.20294493879832567,0.6736462960740969,3.178615416958499,0.7487747806920916,0.10369235188451247,0.04134576590616209,0.26195815765881963,0.20294493879832567,0.6736462960740969,3.178615416958499,0.7487747806920916
0.09890530429431296,0.04191951907386282,0.22141662098303586,0.11299147016681442,0.699260207249259,2.993365147619197,0.847344281440775,0.09890530429431296,0.04191951907386282,0.22141662098303586,0.11299147016681442,0.699260207249259,2.993365147619197,0.847344281440775
0.12627125903607717,0.04520857593247617,0.23748363993386692,0.16164412781540308,0.5990437413878202,2.6776105457271955,1.5536756628712332,0.12627125903607717,0.04520857593247617,0.23748363993386692,0.16164412781540308,0.5990437413878202,2.6776105457271955,1.5536756628712332
0.06936970811866369,0.037890557200709545,0.16062450302982173,0.16263563855392674,0.6705283719715014,2.875290354444808,1.2922984186809001,0.06936970811866369,0.037890557200709545,0.16062450302982173,0.16263563855392674,0.6705283719715014,2.875290354444808,1.2922984186809001
0.0914254451202296,0.07454720620451499,0.16345496148384953,0.17380096210688525,0.673212981320603,2.850267737761285,1.1512672738394214,0.0914254451202296,0.07454720620451499,0.16345496148384953,0.17380096210688525,0.673212981320603,2.850267737761285,1.1512672738394214
0.05606887275494806,0.054083546038046125,0.19831891854745293,0.23230677755924112,0.6827033207709239,2.9419349116415425,0.8204501428643083,0.05606887275494806,0.054083546038046125,0.19831891854745293,0.23230677755924112,0.6827033207709239,2.9419349116415425,0.8204501428643083
0.12520298388455312,0.05246911377696718,0.2473250848603901,0.180824325189355,0.6053695322348033,2.656772266068568,1.4043654017344578,0.12520298388455312,0.05246911377696718,0.2473250848603901,0.180824325189355,0.6053695322348033,2.656772266068568,1.4043654017344578
0.14851860583607385,0.047922364938293646,0.13285926964775116,0.2502391116618221,0.6217866869113626,2.6384986232896432,1.3027721711519433,0.14851860583607385,0.047922364938293646,0.13285926964775116,0.2502391116618221,0.6217866869113626,2.6384986232896432,1.3027721711519433
0.08391865171922028,0.08254708266023748,0.20980300802661944,0.14608206256784728,0.641681325587563,2.8078551674792354,1.398032412468038,0.08391865171922028,0.08254708266023748,0.20980300802661944,0.14608206256784728,0.641681325587563,2.8078551674792354,1.398032412468038
0.1488367998708203,0.05705615414737545,0.15529622014407923,0.14773824024478424,0.7050877943469183,3.095168473340239,0.8155029828151863,0.1488367998708203,0.05705615414737545,0.15529622014407923,0.14773824024478424,0.7050877943469183,3.095168473340239,0.8155029828151863
