f_1,f_2,f_3,f_4,f_5,f_6,f_7,f_1_min,f_2_min,f_3_min,f_4_min,f_5_min,f_6_min,f_7_min
0.09561954861442064,0.1691923325161801,0.11477247893131713,0.2390402640790266,0.6852159438340836,1.5805954072659971,0.08072979379592732,0.09561954861442064,0.1691923325161801,0.11477247893131713,0.2390402640790266,0.6852159438340836,1.5805954072659971,0.08072979379592732
0.1388530186760347,0.11694836945673152,0.1650414932633885,0.22992177675167996,0.6112883010495509,1.2682627905090773,0.5883490722813794,0.1388530186760347,0.11694836945673152,0.1650414932633885,0.22992177675167996,0.6112883010495509,1.2682627905090773,0.5883490722813794
0.1349983925479624,0.13566643055455477,0.1635412391256543,0.21039919348122724,0.5966871103268807,1.2849252957217174,0.695020825467219,0.1349983925479624,0.13566643055455477,0.1635412391256543,0.21039919348122724,0.5966871103268807,1.2849252957217174,0.695020825467219
0.09706247623231183,0.08347925990154152,0.19177868934746675,0.24225397424670178,0.5982066262574331,1.2255615211441788,0.6346134272295676,0.09706247623231183,0.08347925990154152,0.19177868934746675,0.24225397424670178,0.5982066262574331,1.2255615211441788,0.6346134272295676
0.10801083514899185,0.15397056826493358,0.20309439563286355,0.2392938231933172,0.5784569764691819,1.0811648208486686,0.5506795465905058,0.10801083514899185,0.15397056826493358,0.20309439563286355,0.2392938231933172,0.5784569764691819,1.0811648208486686,0.5506795465905058
0.13982069966157634,0.1168977930635886,0.1873113651572417,0.21898435721815712,0.584408164875808,1.1586170988093754,0.6412770386368996,0.13982069966157634,0.1168977930635886,0.1873113651572417,0.21898435721815712,0.584408164875808,1.1586170988093754,0.6412770386368996
0.16392385976445137,0.17941507060632864,0.330845839997707,0.28772527793056374,0.35485074895210106,0.8854697329578498,0.7189673959054005,0.16392385976445137,0.17941507060632864,0.330845839997707,0.28772527793056374,0.35485074895210106,0.8854697329578498,0.7189673959054005
0.19424198930777484,0.2728419234751826,0.23659156424228198,0.294268281864734,0.3513621811018886,0.902477803807737,0.7296406454596833,0.19424198930777484,0.2728419234751826,0.23659156424228198,0.294268281864734,0.3513621811018886,0.902477803807737,0.7296406454596833
0.1626988588798989,0.08901471935442229,0.14340524997628085,0.2726651200851949,0.6572518304952298,1.3676057170425453,0.1721045899617972,0.1626988588798989,0.08901471935442229,0.14340524997628085,0.2726651200851949,0.6572518304952298,1.3676057170425453,0.1721045899617972
0.13859122294428458,0.1454612200020884,0.18770191527536997,0.17648946032606525,0.5922076126845612,1.2277438051925376,0.6842001963354707,0.13859122294428458,0.1454612200020884,0.18770191527536997,0.17648946032606525,0.5922076126845612,1.2277438051925376,0.6842001963354707
0.15543593769265743,0.1502152750478552,0.17983623277508798,0.22298093314834583,0.6592859873023938,1.3794843054985786,0.13251096964277823,0.15543593769265743,0.1502152750478552,0.17983623277508798,0.22298093314834583,0.6592859873023938,1.3794843054985786,0.13251096964277823
0.12688753798011415,0.1262044777538963,0.18024370863187775,0.21665850254149874,0.5886020604139481,1.1926985516468838,0.6624239243357456,0.12688753798011415,0.1262044777538963,0.18024370863187775,0.21665850254149874,0.5886020604139481,1.1926985516468838,0.6624239243357456
0.16569628611577567,0.09277852645714887,0.15447407927832157,0.20457247454911268,0.5864504675002208,1.2293012673374213,0.7316806679826457,0.16569628611577567,0.09277852645714887,0.15447407927832157,0.20457247454911268,0.5864504675002208,1.2293012673374213,0.7316806679826457
0.0857896543241236,0.047271596663118164,0.08208543229554846,0.2825321820125883,0.6968049393671324,1.713743270088405,0.0,0.0857896543241236,0.047271596663118164,0.08208543229554846,0.2825321820125883,0.6968049393671324,1.713743270088405,0.0
0.091026364531033,0.15616769994825652,0.14379421878566484,0.23610482215636444,0.570152297704685,1.1356925301056142,0.7165442645768729,0.091026364531033,0.15616769994825652,0.14379421878566484,0.23610482215636444,0.570152297704685,1.1356925301056142,0.7165442645768729
0.1679925894605426,0.09316779338213246,0.1818953758805786,0.24632214474566502,0.658090741932585,1.4126272299210247,0.1716133616477786,0.1679925894605426,0.09316779338213246,0.1818953758805786,0.24632214474566502,0.658090741932585,1.4126272299210247,0.1716133616477786
0.052634549291966065,0.09090512416650384,0.16123804330887248,0.227671640437938,0.6096109834453095,1.3878090039680417,0.7719589033865335,0.052634549291966065,0.09090512416650384,0.16123804330887248,0.227671640437938,0.6096109834453095,1.3878090039680417,0.7719589033865335
0.14144557929593024,0.13388284921593813,0.1748951443444908,0.18579998896407202,0.5935621424691174,1.2478635020340985,0.7054155828807942,0.14144557929593024,0.13388284921593813,0.1748951443444908,0.18579998896407202,0.5935621424691174,1.2478635020340985,0.7054155828807942
0.08778846541179233,0.14391786712220067,0.17324287015185133,0.2414019388457785,0.5706299134492926,1.1345086020330786,0.6825648254748452,0.08778846541179233,0.14391786712220067,0.17324287015185133,0.2414019388457785,0.5706299134492926,1.1345086020330786,0.6825648254748452
0.08991762547742693,0.17410701683485613,0.1029773986723858,0.26422567199662195,0.6731692075834483,1.4748224939322858,0.08484336966152232,0.08991762547742693,0.17410701683485613,0.1029773986723858,0.26422567199662195,0.6731692075834483,1.4748224939322858,0.08484336966152232
0.09895530313347593,0.14883946708063342,0.18220617438303421,0.16189315833589107,0.5844548129257211,1.2751580427400233,0.8125148403232744,0.09895530313347593,0.14883946708063342,0.18220617438303421,0.16189315833589107,0.5844548129257211,1.2751580427400233,0.8125148403232744
7.562370468083426e-18,8.025819408716418e-18,1.3489534218291655e-17,2.155761864743195e-17,3.4891571541756316e-17,5.609069933733696e-17,1.1699244390258916,7.562370468083426e-18,8.025819408716418e-18,1.3489534218291655e-17,2.155761864743195e-17,3.4891571541756316e-17,5.609069933733696e-17,1.1699244390258916
0.056956818990527805,0.06415300960196564,0.15103702990588047,0.25304021529367804,0.5881364976431926,1.270068548474426,0.785144324345163,0.056956818990527805,0.06415300960196564,0.15103702990588047,0.25304021529367804,0.5881364976431926,1.270068548474426,0.785144324345163
0.058391780094883404,0.09695847429868859,0.2091158489678365,0.2552742115702819,0.6704951167039271,1.4532687192898295,0.003142212973699678,0.058391780094883404,0.09695847429868859,0.2091158489678365,0.2552742115702819,0.6704951167039271,1.4532687192898295,0.003142212973699678
0.15129434944255754,0.13592330530070829,0.165895376292224,0.22989687141117052,0.5730059414644867,1.100767792090771,0.6340140217167586,0.15129434944255754,0.13592330530070829,0.165895376292224,0.22989687141117052,0.5730059414644867,1.100767792090771,0.6340140217167586
0.24073790215378668,0.19681324446772933,0.33507191593562025,0.40760305365596944,0.3080436977227492,1.3928221918129835,0.7344382673553546,0.24073790215378668,0.19681324446772933,0.33507191593562025,0.40760305365596944,0.3080436977227492,1.3928221918129835,0.7344382673553546
0.16282018588951533,0.09133648264079404,0.19026885197507445,0.22218017436942578,0.6184863087172059,1.26508017485363,0.5094708922747645,0.16282018588951533,0.09133648264079404,0.19026885197507445,0.22218017436942578,0.6184863087172059,1.26508017485363,0.5094708922747645
0.16381280929331063,0.08806436498933555,0.1492995305729979,0.19705962136665978,0.5938421289270996,1.2876309381561304,0.7591107232141033,0.16381280929331063,0.08806436498933555,0.1492995305729979,0.19705962136665978,0.5938421289270996,1.2876309381561304,0.7591107232141033
0.12322937874969225,0.12354593699354104,0.1777532778824479,0.2103318609277223,0.5950478964387684,1.240875635630323,0.6808453092062374,0.12322937874969225,0.12354593699354104,0.1777532778824479,0.2103318609277223,0.5950478964387684,1.240875635630323,0.6808453092062374
0.05878650829122663,0.10716367027611605,0.20850629745609936,0.24322468668659428,0.6246341158314538,1.2989455584520138,0.5052623027591241,0.05878650829122663,0.10716367027611605,0.20850629745609936,0.24322468668659428,0.6246341158314538,1.2989455584520138,0.5052623027591241
0.14358649227200268,0.12579153814790403,0.18322670099092003,0.213741538974082,0.6341679216553766,1.3438000670884087,0.47769116365516395,0.14358649227200268,0.12579153814790403,0.18322670099092003,0.213741538974082,0.6341679216553766,1.3438000670884087,0.47769116365516395
0.15067619650300518,0.15389775915957785,0.11758552688499987,0.20969367420090337,0.6005607732650368,1.278440670714697,0.6910072974498997,0.15067619650300518,0.15389775915957785,0.11758552688499987,0.20969367420090337,0.6005607732650368,1.278440670714697,0.6910072974498997
0.07059510538972706,0.10659555028605414,0.2050369948524638,0.226989762526244,0.5926353129304002,1.234191666699736,0.7331211321433704,0.07059510538972706,0.10659555028605414,0.2050369948524638,0.226989762526244,0.5926353129304002,1.234191666699736,0.7331211321433704
0.07606484198921934,0.060507863561075965,0.199870473746291,0.18078233034695795,0.6081552461455871,1.4271767151754957,0.8333892087956595,0.07606484198921934,0.060507863561075965,0.199870473746291,0.18078233034695795,0.6081552461455871,1.4271767151754957,0.8333892087956595
0.1534402234425964,0.1493024176422656,0.186014961503455,0.21483278235280526,0.6584465899645797,1.383926136891219,0.19684393246946275,0.1534402234425964,0.1493024176422656,0.186014961503455,0.21483278235280526,0.6584465899645797,1.383926136891219,0.19684393246946275
0.11084954298257507,0.05826098521100452,0.08680506530535402,0.27660106814897406,0.6091486472138141,1.3494901251488962,0.7079453132053294,0.11084954298257507,0.05826098521100452,0.08680506530535402,0.27660106814897406,0.6091486472138141,1.3494901251488962,0.7079453132053294
0.17068533678112655,0.09795107920359968,0.12043326768961468,0.24723746474702163,0.5896860168565395,1.1852799433974957,0.6391282798035554,0.17068533678112655,0.09795107920359968,0.12043326768961468,0.24723746474702163,0.5896860168565395,1.1852799433974957,0.6391282798035554
0.07970651583266691,0.06490566041104284,0.20350502904008108,0.24212409487968872,0.6814166629385481,1.5502550008432963,0.11768988268766312,0.07970651583266691,0.06490566041104284,0.20350502904008108,0.24212409487968872,0.6814166629385481,1.5502550008432963,0.11768988268766312
0.10269854580498122,0.05355138399929467,0.1991434681761711,0.2023228155570277,0.5973219401381954,1.30565540501394,0.7663464173556056,0.10269854580498122,0.05355138399929467,0.1991434681761711,0.2023228155570277,0.5973219401381954,1.30565540501394,0.7663464173556056
0.09680297800512619,0.15650951496554244,0.203883660225287,0.22607791319351372,0.6664455858773091,1.413535076515576,0.015639566861665854,0.09680297800512619,0.15650951496554244,0.203883660225287,0.22607791319351372,0.6664455858773091,1.413535076515576,0.015639566861665854
0.16046394865410024,0.13791029328838458,0.1822366452073978,0.21920086430071567,0.576566941123085,1.1308066992879457,0.6194667771544692,0.16046394865410024,0.13791029328838458,0.1822366452073978,0.21920086430071567,0.576566941123085,1.1308066992879457,0.6194667771544692
0.1687256309213866,0.1500577993330759,0.14970245990883654,0.22881981603473672,0.6137445455316115,1.2275197644659726,0.49025260887663047,0.1687256309213866,0.1500577993330759,0.14970245990883654,0.22881981603473672,0.6137445455316115,1.2275197644659726,0.49025260887663047
0.1378671079747443,0.13696644574184125,0.18614960579117007,0.18175060894201223,0.5769267207480887,1.1607000275178578,0.7530881889249953,0.1378671079747443,0.13696644574184125,0.18614960579117007,0.18175060894201223,0.5769267207480887,1.1607000275178578,0.7530881889249953
0.10379274195826191,0.08764760864051149,0.21755423736774146,0.17053477492244565,0.532461977346377,1.0635612744997167,0.8569901244331695,0.10379274195826191,0.08764760864051149,0.21755423736774146,0.17053477492244565,0.532461977346377,1.0635612744997167,0.8569901244331695
0.08306868333480774,0.04630189010228309,0.09702312792922689,0.28923106435941015,0.6907553954511161,1.6451257460355815,0.0,0.08306868333480774,0.04630189010228309,0.09702312792922689,0.28923106435941015,0.6907553954511161,1.6451257460355815,0.0
0.1917402502779512,0.10011380761043588,0.11579906432172399,0.24480263099425376,0.672006005117577,1.4658801915298902,0.0008799335244209385,0.1917402502779512,0.10011380761043588,0.11579906432172399,0.24480263099425376,0.672006005117577,1.4658801915298902,0.0008799335244209385
0.15404820848897474,0.09334580717313332,0.16210387901369908,0.22369661503175906,0.569814451753361,1.1371901914266125,0.7171019556781073,0.15404820848897474,0.09334580717313332,0.16210387901369908,0.22369661503175906,0.569814451753361,1.1371901914266125,0.7171019556781073
0.17174926383865513,0.08382599462077325,0.12133505716755015,0.23650463301671473,0.6853844899178486,1.5906469872369657,0.059756146438695645,0.17174926383865513,0.08382599462077325,0.12133505716755015,0.23650463301671473,0.6853844899178486,1.5906469872369657,0.059756146438695645
0.1463367059839492,0.09330038695264795,0.17643917227057918,0.19943115368830103,0.5891340829458362,1.2407405835166634,0.7297798224003242,0.1463367059839492,0.09330038695264795,0.17643917227057918,0.19943115368830103,0.5891340829458362,1.2407405835166634,0.7297798224003242
0.14949638504697174,0.12851367408888423,0.17320484562310237,0.2093247781844197,0.5962489074048922,1.21580365301629,0.6333242225358258,0.14949638504697174,0.12851367408888423,0.17320484562310237,0.2093247781844197,0.5962489074048922,1.21580365301629,0.6333242225358258
0.1368276781914826,0.12530864186046906,0.1711878620415821,0.21152324016909566,0.5987544095151586,1.239402689287761,0.6614807596124783,0.1368276781914826,0.12530864186046906,0.1711878620415821,0.21152324016909566,0.5987544095151586,1.239402689287761,0.6614807596124783
0.07292326771868374,0.11904368661072044,0.14350582984170177,0.19905867667239838,0.4746837015694241,0.9478563325506247,1.0069483895866826,0.07292326771868374,0.11904368661072044,0.14350582984170177,0.19905867667239838,0.4746837015694241,0.9478563325506247,1.0069483895866826
0.14851280973050468,0.13390681985997407,0.2023029860279516,0.21367299842784593,0.5078848444348139,0.8940059093968634,0.7025563575249486,0.14851280973050468,0.13390681985997407,0.2023029860279516,0.21367299842784593,0.5078848444348139,0.8940059093968634,0.7025563575249486
0.1530127437705927,0.08709123909811592,0.1571377803935458,0.21662201091843025,0.5776198123756049,1.1905982990119068,0.7430329200470932,0.1530127437705927,0.08709123909811592,0.1571377803935458,0.21662201091843025,0.5776198123756049,1.1905982990119068,0.7430329200470932
0.1689889307096587,0.15255334061612902,0.1498732067225628,0.2298162359086255,0.6640569928363154,1.4037913547994771,0.04669182817970466,0.1689889307096587,0.15255334061612902,0.1498732067225628,0.2298162359086255,0.6640569928363154,1.4037913547994771,0.04669182817970466
0.16951940641777075,0.14210956754427803,0.1955019316597142,0.199627250190562,0.6563641175137844,1.3775178872460259,0.21122264019840722,0.16951940641777075,0.14210956754427803,0.1955019316597142,0.199627250190562,0.6563641175137844,1.3775178872460259,0.21122264019840722
0.10118819626094232,0.07210603445337377,0.2066122470731616,0.258850674714718,0.6667639678859751,1.4223154269621385,0.0030887255050344236,0.10118819626094232,0.07210603445337377,0.2066122470731616,0.258850674714718,0.6667639678859751,1.4223154269621385,0.0030887255050344236
0.13041666471628793,0.15134577229384702,0.1503891525109901,0.20069210165153484,0.5864270778674846,1.2223514030877016,0.7232455388974243,0.13041666471628793,0.15134577229384702,0.1503891525109901,0.20069210165153484,0.5864270778674846,1.2223514030877016,0.7232455388974243
0.08240042806641978,0.0761909570452055,0.1830583289457021,0.23512172670619824,0.5742243219770321,1.1842758143515637,0.7571903921387324,0.08240042806641978,0.0761909570452055,0.1830583289457021,0.23512172670619824,0.5742243219770321,1.1842758143515637,0.7571903921387324
0.07223370540573232,0.09260914023141927,0.19248673979006056,0.2319596600615968,0.6065675243648074,1.2890382719650388,0.6612227463305917,0.07223370540573232,0.09260914023141927,0.19248673979006056,0.2319596600615968,0.6065675243648074,1.2890382719650388,0.6612227463305917
0.14188569184451777,0.14133308224199592,0.18082778090475216,0.18620553748745658,0.592851638597806,1.2245581875488063,0.6775143174656489,0.14188569184451777,0.14133308224199592,0.18082778090475216,0.18620553748745658,0.592851638597806,1.2245581875488063,0.6775143174656489
0.2748579904295529,0.18428974564850786,0.22799698063659676,0.3131180548625858,0.35189041125651205,0.9306907338682209,0.7370925834177405,0.2748579904295529,0.18428974564850786,0.22799698063659676,0.3131180548625858,0.35189041125651205,0.9306907338682209,0.7370925834177405
0.12591549891660545,0.1440195971736549,0.19258009786535876,0.22702544941348712,0.6700480696988691,1.4237031594990954,0.14513408847369375,0.12591549891660545,0.1440195971736549,0.19258009786535876,0.22702544941348712,0.6700480696988691,1.4237031594990954,0.14513408847369375
0.06454399369957214,0.04399711699512806,0.1352896335672038,0.3063340251539641,0.6742927662244229,1.4834699817799748,0.005670522617567384,0.06454399369957214,0.04399711699512806,0.1352896335672038,0.3063340251539641,0.6742927662244229,1.4834699817799748,0.005670522617567384
0.07743741528567807,0.13688556973389837,0.1623919442644539,0.2251912010400737,0.589407888029544,1.2695219122350305,0.7451103703297016,0.07743741528567807,0.13688556973389837,0.1623919442644539,0.2251912010400737,0.589407888029544,1.2695219122350305,0.7451103703297016
0.14212655922244496,0.0832631996412859,0.1818670887930903,0.22799102289624637,0.5827060663081967,1.169706350171839,0.6700197811963851,0.14212655922244496,0.0832631996412859,0.1818670887930903,0.22799102289624637,0.5827060663081967,1.169706350171839,0.6700197811963851
0.15393376213751886,0.11937836175300036,0.10875728235996976,0.21913629395002385,0.6024054567328511,1.3051522318331843,0.7255142006020159,0.15393376213751886,0.11937836175300036,0.10875728235996976,0.21913629395002385,0.6024054567328511,1.3051522318331843,0.7255142006020159
0.11660770822642973,0.0712744351540462,0.24167822468013914,0.22579869908361644,0.6656387020933052,1.4013032923944897,0.018537966450697274,0.11660770822642973,0.0712744351540462,0.24167822468013914,0.22579869908361644,0.6656387020933052,1.4013032923944897,0.018537966450697274
0.16262368049019155,0.08526703382596262,0.1561063784152272,0.25163095903263055,0.664537678898699,1.4310752055195095,0.18463486119412123,0.16262368049019155,0.08526703382596262,0.1561063784152272,0.25163095903263055,0.664537678898699,1.4310752055195095,0.18463486119412123
0.12099160362160948,0.13057836677602566,0.17946831012724768,0.21002922740645236,0.6045386231320867,1.2635414021781064,0.6493514197148339,0.12099160362160948,0.13057836677602566,0.17946831012724768,0.21002922740645236,0.6045386231320867,1.2635414021781064,0.6493514197148339
0.10603776981908979,0.16558598367857655,0.11789609960270213,0.23146959920264634,0.5556017241691295,1.0984561813718685,0.7571332413135015,0.10603776981908979,0.16558598367857655,0.11789609960270213,0.23146959920264634,0.5556017241691295,1.0984561813718685,0.7571332413135015
0.15861649836141942,0.14402898226068298,0.12955946250141284,0.226678786758194,0.5838759313136898,1.1650945889011846,0.6580479596049347,0.15861649836141942,0.14402898226068298,0.12955946250141284,0.226678786758194,0.5838759313136898,1.1650945889011846,0.6580479596049347
0.16400387581559359,0.14115430899216685,0.12411140684964166,0.2108765705505036,0.6038684384084282,1.2698462534931116,0.6535504099506474,0.16400387581559359,0.14115430899216685,0.12411140684964166,0.2108765705505036,0.6038684384084282,1.2698462534931116,0.6535504099506474
0.10583706720339567,0.16483586823097754,0.1907111806369667,0.22808669280076452,0.5706855639970106,1.111402904755667,0.6283584470280631,0.10583706720339567,0.16483586823097754,0.1907111806369667,0.22808669280076452,0.5706855639970106,1.111402904755667,0.6283584470280631
0.1028305730059989,0.1682731297178909,0.11771183336517345,0.24467719766403076,0.6795975137432365,1.5375203633049104,0.05301182151246536,0.1028305730059989,0.1682731297178909,0.11771183336517345,0.24467719766403076,0.6795975137432365,1.5375203633049104,0.05301182151246536
0.14304275066437977,0.12465081028012222,0.1564756888213889,0.23476112833324617,0.5420436492654008,1.0201036750245958,0.720636112037572,0.14304275066437977,0.12465081028012222,0.1564756888213889,0.23476112833324617,0.5420436492654008,1.0201036750245958,0.720636112037572
0.057973401340560074,0.032737277640202844,0.12200609336798521,0.2924942152242694,0.6890079586580393,1.6246871528352684,0.0004982453256429744,0.057973401340560074,0.032737277640202844,0.12200609336798521,0.2924942152242694,0.6890079586580393,1.6246871528352684,0.0004982453256429744
0.12916959767892464,0.1395815904328476,0.20304708328446722,0.21331729031571098,0.5696609139702381,1.0868264305392181,0.6310723902857521,0.12916959767892464,0.1395815904328476,0.20304708328446722,0.21331729031571098,0.5696609139702381,1.0868264305392181,0.6310723902857521
0.08020375532196068,0.07872886991407112,0.21367851267062996,0.2447254521769663,0.6753266215314118,1.485939043108609,0.0,0.08020375532196068,0.07872886991407112,0.21367851267062996,0.2447254521769663,0.6753266215314118,1.485939043108609,0.0
0.15278356213818634,0.0857129189524259,0.18675877957769643,0.2117421582772681,0.6147469437860701,1.2924566045006955,0.5982193861891387,0.15278356213818634,0.0857129189524259,0.18675877957769643,0.2117421582772681,0.6147469437860701,1.2924566045006955,0.5982193861891387
0.08516569013379713,0.0953834343098525,0.19361515622187073,0.22526134735557196,0.5218006971729227,0.9885105547662664,0.8061569676013485,0.08516569013379713,0.0953834343098525,0.19361515622187073,0.22526134735557196,0.5218006971729227,0.9885105547662664,0.8061569676013485
0.0842232931523885,0.09735002467456118,0.20627560741712478,0.26694537927883977,0.639370441180021,1.2985096176949005,0.3297527256862707,0.0842232931523885,0.09735002467456118,0.20627560741712478,0.26694537927883977,0.639370441180021,1.2985096176949005,0.3297527256862707
0.07629004174185976,0.05522036631126213,0.18755652735984815,0.2452657652872988,0.6682952718747651,1.4032832430995046,0.8664363826642237,0.07629004174185976,0.05522036631126213,0.18755652735984815,0.2452657652872988,0.6682952718747651,1.4032832430995046,0.8664363826642237
0.1159906735636845,0.16751129443574475,0.18373921457773937,0.2242488330113007,0.6671240305817,1.4421399623770181,0.0004520878783615464,0.1159906735636845,0.16751129443574475,0.18373921457773937,0.2242488330113007,0.6671240305817,1.4421399623770181,0.0004520878783615464
0.1495629662944543,0.13086500707376889,0.124845411026909,0.20997872804218862,0.5675907180774641,1.207883566635544,0.813914688874845,0.1495629662944543,0.13086500707376889,0.124845411026909,0.20997872804218862,0.5675907180774641,1.207883566635544,0.813914688874845
0.142712575513389,0.11978815150417912,0.16009797501723846,0.2148827351403809,0.5962361209588137,1.258844228474531,0.69449091593681,0.142712575513389,0.11978815150417912,0.16009797501723846,0.2148827351403809,0.5962361209588137,1.258844228474531,0.69449091593681
0.13886768515236061,0.11793220544226932,0.1453425973182161,0.22070494837850443,0.5589647193412943,1.1214878213681723,0.774111572189959,0.13886768515236061,0.11793220544226932,0.1453425973182161,0.22070494837850443,0.5589647193412943,1.1214878213681723,0.774111572189959
0.16713935476192235,0.15023281474114603,0.14539834983404293,0.22409645048375773,0.6698941929825131,1.449496415100377,0.03489408154535211,0.16713935476192235,0.15023281474114603,0.14539834983404293,0.22409645048375773,0.6698941929825131,1.449496415100377,0.03489408154535211
0.15412340008414485,0.1436766634614757,0.17971578556281062,0.23418091581956132,0.6528525546553257,1.3441899915954634,0.18568283352835646,0.15412340008414485,0.1436766634614757,0.17971578556281062,0.23418091581956132,0.6528525546553257,1.3441899915954634,0.18568283352835646
0.09618535300159935,0.15541721179826898,0.15903487293170113,0.2608732243877386,0.6692407776584673,1.416833965416448,0.009994483622992411,0.09618535300159935,0.15541721179826898,0.15903487293170113,0.2608732243877386,0.6692407776584673,1.416833965416448,0.009994483622992411
0.08477281011576783,0.14666135046580006,0.17245516317668103,0.2142505728425323,0.5770367335825055,1.1813250405285776,0.7319320487915636,0.08477281011576783,0.14666135046580006,0.17245516317668103,0.2142505728425323,0.5770367335825055,1.1813250405285776,0.7319320487915636
0.16421759447969161,0.09787718153819899,0.1755152944799608,0.2125668743241839,0.580878901770219,1.1612604410344725,0.6713087087961375,0.16421759447969161,0.09787718153819899,0.1755152944799608,0.2125668743241839,0.580878901770219,1.1612604410344725,0.6713087087961375
0.08417219233211058,0.14177992233988787,0.16561406540607934,0.23872112627672587,0.5660283610704004,1.1135191084276754,0.7056439157328912,0.08417219233211058,0.14177992233988787,0.16561406540607934,0.23872112627672587,0.5660283610704004,1.1135191084276754,0.7056439157328912
0.14156058320673567,0.07131753173736263,0.1493833854132637,0.22328534210828158,0.6246731681144453,1.3710175846539217,0.7245841389341346,0.14156058320673567,0.07131753173736263,0.1493833854132637,0.22328534210828158,0.6246731681144453,1.3710175846539217,0.7245841389341346
0.0919248768865528,0.13996556930445234,0.18434787701027133,0.23191001743463663,0.5815944179048586,1.1520262987023828,0.6495262707466748,0.0919248768865528,0.13996556930445234,0.18434787701027133,0.23191001743463663,0.5815944179048586,1.1520262987023828,0.6495262707466748
0.13861994506927267,0.16083495905974052,0.12316727673979525,0.20463558177834912,0.6625703992378505,1.4043125527078544,0.7683072308740837,0.13861994506927267,0.16083495905974052,0.12316727673979525,0.20463558177834912,0.6625703992378505,1.4043125527078544,0.7683072308740837
0.09785986934977868,0.15345882889007664,0.10859335248687174,0.24404000256097805,0.5540169191767703,1.0995819645460039,0.7700543036313113,0.09785986934977868,0.15345882889007664,0.10859335248687174,0.24404000256097805,0.5540169191767703,1.0995819645460039,0.7700543036313113
0.0902257999489265,0.07861204707864769,0.12019882139368589,0.27119488356199883,0.5238109600150986,1.0047081915132383,0.8162928253842439,0.0902257999489265,0.07861204707864769,0.12019882139368589,0.27119488356199883,0.5238109600150986,1.0047081915132383,0.8162928253842439
0.08313787149106765,0.1571813006636079,0.15795730530395774,0.2566473019185414,0.6718425390111988,1.4494292970306675,0.02855181550745161,0.08313787149106765,0.1571813006636079,0.15795730530395774,0.2566473019185414,0.6718425390111988,1.4494292970306675,0.02855181550745161
0.1331189633180064,0.1421807933609132,0.19755289165261364,0.2293125843260915,0.6607467764481837,1.3815960158150893,0.07780144511114462,0.1331189633180064,0.1421807933609132,0.19755289165261364,0.2293125843260915,0.6607467764481837,1.3815960158150893,0.07780144511114462
0.17678723547626832,0.09180160733070884,0.1319080868981194,0.2486501601981168,0.6699594448630566,1.4643348133633913,0.14586067826008015,0.17678723547626832,0.09180160733070884,0.1319080868981194,0.2486501601981168,0.6699594448630566,1.4643348133633913,0.14586067826008015
0.14461428344734284,0.15894150555726622,0.1880184003683019,0.24212985313459853,0.6502613469108875,1.3027963021646327,0.019439317257469488,0.14461428344734284,0.15894150555726622,0.1880184003683019,0.24212985313459853,0.6502613469108875,1.3027963021646327,0.019439317257469488
0.12413299419983172,0.11723603910208408,0.23150444821693628,0.40397053757471807,0.347292273226273,0.8638505574208698,0.7348169487410783,0.12413299419983172,0.11723603910208408,0.23150444821693628,0.40397053757471807,0.347292273226273,0.8638505574208698,0.7348169487410783
0.09913104123151288,0.15017841902162435,0.13720396283534972,0.23781438603633734,0.5508073626478578,1.1152153390362465,0.781684340883666,0.09913104123151288,0.15017841902162435,0.13720396283534972,0.23781438603633734,0.5508073626478578,1.1152153390362465,0.781684340883666
0.15571530374238945,0.14841982688196326,0.19830939341692058,0.1902490771113647,0.5748149528170953,1.1025109669425404,0.6356444304559455,0.15571530374238945,0.14841982688196326,0.19830939341692058,0.1902490771113647,0.5748149528170953,1.1025109669425404,0.6356444304559455
0.16163509842050602,0.09748640730973497,0.15735174274300515,0.23059421920187997,0.5726441491545342,1.1288709222495177,0.6851362741214276,0.16163509842050602,0.09748640730973497,0.15735174274300515,0.23059421920187997,0.5726441491545342,1.1288709222495177,0.6851362741214276
0.18041292360893657,0.10032915247964463,0.1191490715187985,0.22613799256503023,0.5907390276161674,1.2196816551580634,0.6813648212619857,0.18041292360893657,0.10032915247964463,0.1191490715187985,0.22613799256503023,0.5907390276161674,1.2196816551580634,0.6813648212619857
0.08549799696594194,0.1487772247643787,0.1766784815726671,0.2640756510048211,0.6609227569981623,1.3773129581883725,0.06913890869945696,0.08549799696594194,0.1487772247643787,0.1766784815726671,0.2640756510048211,0.6609227569981623,1.3773129581883725,0.06913890869945696
0.1340568388335325,0.13703767070239853,0.1752325535620181,0.15813592310129593,0.587017010331091,1.2733227103379,0.8012009798215165,0.1340568388335325,0.13703767070239853,0.1752325535620181,0.15813592310129593,0.587017010331091,1.2733227103379,0.8012009798215165
0.14535666690634727,0.09108578288497951,0.1747051766696992,0.19578657649245865,0.5958670684670982,1.2797230193755422,0.7340189652294298,0.14535666690634727,0.09108578288497951,0.1747051766696992,0.19578657649245865,0.5958670684670982,1.2797230193755422,0.7340189652294298
0.09925207285291004,0.08871720338548253,0.22384875810030175,0.23256195272477262,0.6707871454231569,1.4500440373373922,0.05943497491068664,0.09925207285291004,0.08871720338548253,0.22384875810030175,0.23256195272477262,0.6707871454231569,1.4500440373373922,0.05943497491068664
0.14962797323647417,0.14808961954229644,0.153686693557912,0.21740568629735746,0.5834910799511239,1.1545841119221516,0.6584441375373771,0.14962797323647417,0.14808961954229644,0.153686693557912,0.21740568629735746,0.5834910799511239,1.1545841119221516,0.6584441375373771
0.12388049541450091,0.11973502683847156,0.17557306729109323,0.20221175332950106,0.6041324065081821,1.3048015154335024,0.6961786099228252,0.12388049541450091,0.11973502683847156,0.17557306729109323,0.20221175332950106,0.6041324065081821,1.3048015154335024,0.6961786099228252
0.16319822920962146,0.1386643063948425,0.18253562747640675,0.23708611986399886,0.6541948980177261,1.3342198767032116,0.08055052208124457,0.16319822920962146,0.1386643063948425,0.18253562747640675,0.23708611986399886,0.6541948980177261,1.3342198767032116,0.08055052208124457
0.15124807955684455,0.12530391903304633,0.18207806551701947,0.2006444146112492,0.594692549989746,1.269279655572514,0.6773050258105102,0.15124807955684455,0.12530391903304633,0.18207806551701947,0.2006444146112492,0.594692549989746,1.269279655572514,0.6773050258105102
0.10646491242840439,0.1406477801465633,0.254505654015574,0.266148852735175,0.6052921248567469,1.0827831404204848,0.216757341039628,0.10646491242840439,0.1406477801465633,0.254505654015574,0.266148852735175,0.6052921248567469,1.0827831404204848,0.216757341039628
0.13231585210842095,0.15278355129616794,0.153628982162168,0.2053898859421686,0.5822049824020686,1.1937182887403859,0.708714257485496,0.13231585210842095,0.15278355129616794,0.153628982162168,0.2053898859421686,0.5822049824020686,1.1937182887403859,0.708714257485496
0.1603584487765532,0.13617988384583335,0.1361554851464385,0.21090082671673704,0.6209793046551333,1.2946283915147232,0.6729605672575253,0.1603584487765532,0.13617988384583335,0.1361554851464385,0.21090082671673704,0.6209793046551333,1.2946283915147232,0.6729605672575253
0.08700530438680353,0.07739838681369048,0.20820817609188008,0.18808115482113472,0.6059475124454891,1.3566601885071887,0.7570760583703989,0.08700530438680353,0.07739838681369048,0.20820817609188008,0.18808115482113472,0.6059475124454891,1.3566601885071887,0.7570760583703989
0.15572591689330714,0.0791653572017004,0.149443974165013,0.23727881926030422,0.62482610158719,1.389688373191215,0.598245022174107,0.15572591689330714,0.0791653572017004,0.149443974165013,0.23727881926030422,0.62482610158719,1.389688373191215,0.598245022174107
0.13351881631243653,0.17105477188723786,0.2224688175689722,0.17424070164547656,0.6647598684271034,1.4070789253052534,0.018932879037218426,0.13351881631243653,0.17105477188723786,0.2224688175689722,0.17424070164547656,0.6647598684271034,1.4070789253052534,0.018932879037218426
0.17011851113009185,0.0905080843777547,0.12913730409157637,0.1933847514777814,0.578499794600792,1.251160586720383,0.8231103284998312,0.17011851113009185,0.0905080843777547,0.12913730409157637,0.1933847514777814,0.578499794600792,1.251160586720383,0.8231103284998312
0.16243210565623634,0.16279000385760478,0.3806433029884543,0.3739910163983081,0.34927704756966393,1.1450343216582795,0.6229390586344873,0.16243210565623634,0.16279000385760478,0.3806433029884543,0.3739910163983081,0.34927704756966393,1.1450343216582795,0.6229390586344873
0.15092706798334654,0.14998658856262892,0.21752825074628787,0.2503357013830065,0.6608623753658079,1.2402649599507354,0.06061778723986611,0.15092706798334654,0.14998658856262892,0.21752825074628787,0.2503357013830065,0.6608623753658079,1.2402649599507354,0.06061778723986611
0.17673691199587294,0.10165188604806782,0.19049514226312783,0.19908404397129142,0.5950293071404774,1.2799266953616797,0.659901164897816,0.17673691199587294,0.10165188604806782,0.19049514226312783,0.19908404397129142,0.5950293071404774,1.2799266953616797,0.659901164897816
0.16463777050277742,0.07865543464539337,0.11489509618113505,0.17498791735773112,0.5955368038009877,1.4091994217872215,0.9069575985580305,0.16463777050277742,0.07865543464539337,0.11489509618113505,0.17498791735773112,0.5955368038009877,1.4091994217872215,0.9069575985580305
0.1904458176064992,0.11630548721772241,0.14054411123488514,0.22972617628024244,0.572638701652583,1.1018514992025457,0.6303596780600053,0.1904458176064992,0.11630548721772241,0.14054411123488514,0.22972617628024244,0.572638701652583,1.1018514992025457,0.6303596780600053
0.15548007056194438,0.1230264660477288,0.11143220075930693,0.22369725614295782,0.5980311427597286,1.2955637933975561,0.7193969969718043,0.15548007056194438,0.1230264660477288,0.11143220075930693,0.22369725614295782,0.5980311427597286,1.2955637933975561,0.7193969969718043
0.12767506628829453,0.13422605270445628,0.15667845863543456,0.22760679526909458,0.5915025416740568,1.2030413478248074,0.6657720720194367,0.12767506628829453,0.13422605270445628,0.15667845863543456,0.22760679526909458,0.5915025416740568,1.2030413478248074,0.6657720720194367
0.14088483249163677,0.11796422544380805,0.18653061981027041,0.22012868674257888,0.5834500978145754,1.1525222421260422,0.6386989622136197,0.14088483249163677,0.11796422544380805,0.18653061981027041,0.22012868674257888,0.5834500978145754,1.1525222421260422,0.6386989622136197
0.14680773906290737,0.12644046072599918,0.17793216726681182,0.22291344516982428,0.5694535595474424,1.099435054645925,0.6549848919239913,0.14680773906290737,0.12644046072599918,0.17793216726681182,0.22291344516982428,0.5694535595474424,1.099435054645925,0.6549848919239913
0.11332513252892236,0.12325402329214123,0.15557162919721174,0.23552888991438373,0.5913928972228137,1.22115891542816,0.6837961485708778,0.11332513252892236,0.12325402329214123,0.15557162919721174,0.23552888991438373,0.5913928972228137,1.22115891542816,0.6837961485708778
0.060754372067018,0.1100486353224799,0.20164489771950592,0.2507430346781714,0.6673622012767005,1.4526736399952713,0.1779321611820371,0.060754372067018,0.1100486353224799,0.20164489771950592,0.2507430346781714,0.6673622012767005,1.4526736399952713,0.1779321611820371
0.17585202418507598,0.14179441793903466,0.21427146222055146,0.17515451206787977,0.664090506271585,1.4015223045897707,0.0188740510467882,0.17585202418507598,0.14179441793903466,0.21427146222055146,0.17515451206787977,0.664090506271585,1.4015223045897707,0.0188740510467882
0.1320579087044523,0.1340768100175439,0.12555768655615465,0.23105854198942097,0.6058751211119977,1.283593666092642,0.6687015091084528,0.1320579087044523,0.1340768100175439,0.12555768655615465,0.23105854198942097,0.6058751211119977,1.283593666092642,0.6687015091084528
0.07564538483857473,0.08546164015349515,0.20416655818822393,0.19199948673964906,0.5913397167070258,1.2959931278774397,0.7979789558305119,0.07564538483857473,0.08546164015349515,0.20416655818822393,0.19199948673964906,0.5913397167070258,1.2959931278774397,0.7979789558305119
0.15411381223363643,0.17419789528501806,0.12507007335079853,0.21973803185316648,0.670920304082058,1.475598776956542,0.1422215137458029,0.15411381223363643,0.17419789528501806,0.12507007335079853,0.21973803185316648,0.670920304082058,1.475598776956542,0.1422215137458029
0.12492423075625068,0.1405828475029408,0.17844828949354952,0.2158095922712283,0.6435018416217746,1.310628205861083,0.6333599101235308,0.12492423075625068,0.1405828475029408,0.17844828949354952,0.2158095922712283,0.6435018416217746,1.310628205861083,0.6333599101235308
0.14093624803610325,0.14630480080126726,0.17102937753930444,0.22805862375202499,0.6640148320366088,1.4239117119821438,0.1733703047195717,0.14093624803610325,0.14630480080126726,0.17102937753930444,0.22805862375202499,0.6640148320366088,1.4239117119821438,0.1733703047195717
0.14101540221260064,0.11340242686201296,0.20540729099406807,0.2414265693579073,0.6578008573774191,1.355722814827284,0.0,0.14101540221260064,0.11340242686201296,0.20540729099406807,0.2414265693579073,0.6578008573774191,1.355722814827284,0.0
0.07121409984932475,0.0866104102786848,0.2136667248055989,0.19212910930533986,0.6382331172147131,1.4738025467116995,0.6573435963057529,0.07121409984932475,0.0866104102786848,0.2136667248055989,0.19212910930533986,0.6382331172147131,1.4738025467116995,0.6573435963057529
0.1338064565769006,0.11138252784206588,0.1637124789930694,0.2231806928743144,0.5993952539149179,1.2777711617447354,0.7344762240336847,0.1338064565769006,0.11138252784206588,0.1637124789930694,0.2231806928743144,0.5993952539149179,1.2777711617447354,0.7344762240336847
0.1603326810441248,0.1532965544946231,0.16006697795480512,0.24005591419815941,0.5834782127577381,1.081284465525883,0.5855461923246105,0.1603326810441248,0.1532965544946231,0.16006697795480512,0.24005591419815941,0.5834782127577381,1.081284465525883,0.5855461923246105
6.907160861960336e-18,7.218124564275015e-18,7.46815120343346e-18,2.0576794644774998e-17,3.956239252847176e-17,7.512498570961488e-17,1.4412200139015214,6.907160861960336e-18,7.218124564275015e-18,7.46815120343346e-18,2.0576794644774998e-17,3.956239252847176e-17,7.512498570961488e-17,1.4412200139015214
0.15165421332750165,0.1512567147466963,0.19288710683182378,0.19527010088025415,0.6436940118446915,1.3546368338431019,0.3922320181961893,0.15165421332750165,0.1512567147466963,0.19288710683182378,0.19527010088025415,0.6436940118446915,1.3546368338431019,0.3922320181961893
0.11918943149235148,0.1373175039255294,0.1910105447516723,0.23085528694780905,0.6877646534008746,1.507445717067432,0.035285207743546695,0.11918943149235148,0.1373175039255294,0.1910105447516723,0.23085528694780905,0.6877646534008746,1.507445717067432,0.035285207743546695
0.14119375294130865,0.0866642200364985,0.14817825905751356,0.2012965582190521,0.54331405913744,1.1209837954323423,0.885178754293086,0.14119375294130865,0.0866642200364985,0.14817825905751356,0.2012965582190521,0.54331405913744,1.1209837954323423,0.885178754293086
0.13740062850286153,0.15441330317937632,0.22102016337252264,0.2477936476631908,0.6647716549799099,1.2584832409350828,0.0488007747916004,0.13740062850286153,0.15441330317937632,0.22102016337252264,0.2477936476631908,0.6647716549799099,1.2584832409350828,0.0488007747916004
0.1657961494375648,0.1414019034186866,0.19637565905069237,0.24129818701003142,0.6394251664901128,1.2785012157641067,0.18693303398610553,0.1657961494375648,0.1414019034186866,0.19637565905069237,0.24129818701003142,0.6394251664901128,1.2785012157641067,0.18693303398610553
0.14477727979851437,0.1390800083032906,0.1259868985892963,0.19389917343990973,0.6179875661339115,1.4077258656812879,0.7175200379841699,0.14477727979851437,0.1390800083032906,0.1259868985892963,0.19389917343990973,0.6179875661339115,1.4077258656812879,0.7175200379841699
0.12603959360701902,0.1263481177300125,0.18163777710059803,0.21412716602842438,0.5895380107213878,1.1995159321294067,0.6630737956210034,0.12603959360701902,0.1263481177300125,0.18163777710059803,0.21412716602842438,0.5895380107213878,1.1995159321294067,0.6630737956210034
0.1951371303519351,0.2022597861135783,0.26679003280502417,0.3477430442315165,0.39588503056258156,0.8716614611188696,0.5940360460086914,0.1951371303519351,0.2022597861135783,0.26679003280502417,0.3477430442315165,0.39588503056258156,0.8716614611188696,0.5940360460086914
0.16958830193926508,0.14037725586231345,0.22253371116810314,0.17554099513761237,0.6694681139185461,1.4038467818132276,0.018929384437296935,0.16958830193926508,0.14037725586231345,0.22253371116810314,0.17554099513761237,0.6694681139185461,1.4038467818132276,0.018929384437296935
0.15529564262475246,0.13149366513604407,0.19058036432021197,0.16005809104122443,0.6139617061643471,1.317921483409673,0.6656731044766466,0.15529564262475246,0.13149366513604407,0.19058036432021197,0.16005809104122443,0.6139617061643471,1.317921483409673,0.6656731044766466
0.12527642502465638,0.11479300104792813,0.15042614876208055,0.24627283970212643,0.6802808916660972,1.5402567831513077,0.020489871168337472,0.12527642502465638,0.11479300104792813,0.15042614876208055,0.24627283970212643,0.6802808916660972,1.5402567831513077,0.020489871168337472
0.11847387601934804,0.18881434844028303,0.13240191920713543,0.25637421468510907,0.693401738653512,1.4212039467692155,0.010093695455523608,0.11847387601934804,0.18881434844028303,0.13240191920713543,0.25637421468510907,0.693401738653512,1.4212039467692155,0.010093695455523608
0.1372665195464409,0.13641816802227347,0.1947373861194519,0.2812090917286988,0.6355313771441357,1.2473449370500422,0.06038921385423975,0.1372665195464409,0.13641816802227347,0.1947373861194519,0.2812090917286988,0.6355313771441357,1.2473449370500422,0.06038921385423975
0.21710078932282012,0.3049229873046587,0.2644427716505032,0.4033398303527382,0.41746952144105065,1.0852455040325455,0.0,0.21710078932282012,0.3049229873046587,0.2644427716505032,0.4033398303527382,0.41746952144105065,1.0852455040325455,0.0
0.17945741775440985,0.09109858580809435,0.10648072862627692,0.2152122789164334,0.618932089658235,1.3353745481916866,0.7528706290656765,0.17945741775440985,0.09109858580809435,0.10648072862627692,0.2152122789164334,0.618932089658235,1.3353745481916866,0.7528706290656765
0.17262340830597706,0.16223908309167775,0.202542729745032,0.27887966499996464,0.6029747644636101,1.0581322647258347,0.14195024657383784,0.17262340830597706,0.16223908309167775,0.202542729745032,0.27887966499996464,0.6029747644636101,1.0581322647258347,0.14195024657383784
0.1389837914968528,0.14675137983280026,0.18724025534077432,0.16667158085531325,0.5991907739331597,1.343811401438504,0.7353036309833242,0.1389837914968528,0.14675137983280026,0.18724025534077432,0.16667158085531325,0.5991907739331597,1.343811401438504,0.7353036309833242
0.13197321351136468,0.14170549258568366,0.20454838949306944,0.21851565532353934,0.5641959903827183,1.056171619959982,0.6178158910442654,0.13197321351136468,0.14170549258568366,0.20454838949306944,0.21851565532353934,0.5641959903827183,1.056171619959982,0.6178158910442654
0.1509446132781543,0.13792470841377188,0.18881375808840967,0.2338943310161523,0.6555106271504549,1.3519270370342436,0.13691482042596553,0.1509446132781543,0.13792470841377188,0.18881375808840967,0.2338943310161523,0.6555106271504549,1.3519270370342436,0.13691482042596553
0.0771138575014198,0.1552758944001025,0.15630090296419172,0.21697974637865616,0.6413123179773961,1.3796446670274687,0.6978378550760111,0.0771138575014198,0.1552758944001025,0.15630090296419172,0.21697974637865616,0.6413123179773961,1.3796446670274687,0.6978378550760111
0.14287538867134075,0.14632813414755913,0.17965401072317863,0.20577886224307168,0.5948874633914046,1.2208141839393238,0.6370838579441054,0.14287538867134075,0.14632813414755913,0.17965401072317863,0.20577886224307168,0.5948874633914046,1.2208141839393238,0.6370838579441054
0.08279020907530077,0.06855375881946818,0.18391658131881258,0.2366844753115276,0.6119678598390408,1.3239902951972686,0.6737888401626221,0.08279020907530077,0.06855375881946818,0.18391658131881258,0.2366844753115276,0.6119678598390408,1.3239902951972686,0.6737888401626221
0.1656861045392653,0.09224608485866173,0.15397117569551305,0.20380708222658847,0.5883501767327733,1.2367845586980724,0.7354318727706287,0.1656861045392653,0.09224608485866173,0.15397117569551305,0.20380708222658847,0.5883501767327733,1.2367845586980724,0.7354318727706287
0.09099382211942272,0.13286394164302273,0.1621164528264947,0.23987117166662114,0.5487255124889564,1.099316676017967,0.7711769262369225,0.09099382211942272,0.13286394164302273,0.1621164528264947,0.23987117166662114,0.5487255124889564,1.099316676017967,0.7711769262369225
0.15898788049023893,0.0962917435859044,0.13718670447334355,0.2352413181678202,0.5971457475613345,1.2357658299582523,0.6577383928426283,0.15898788049023893,0.0962917435859044,0.13718670447334355,0.2352413181678202,0.5971457475613345,1.2357658299582523,0.6577383928426283
0.14724468843998553,0.14800826072263176,0.17578811981270911,0.22613076660392925,0.6657566317842488,1.4736047196567919,0.12778364260053024,0.14724468843998553,0.14800826072263176,0.17578811981270911,0.22613076660392925,0.6657566317842488,1.4736047196567919,0.12778364260053024
0.16969297211851728,0.1524540936655713,0.1492961950103507,0.23041658747396287,0.6207923749565418,1.2267248037575214,0.5067677739326363,0.16969297211851728,0.1524540936655713,0.1492961950103507,0.23041658747396287,0.6207923749565418,1.2267248037575214,0.5067677739326363
0.16228782402117845,0.17121499169345414,0.13731862870138972,0.2522024035288096,0.6523275863251574,1.2928673751277935,0.2551327746922803,0.16228782402117845,0.17121499169345414,0.13731862870138972,0.2522024035288096,0.6523275863251574,1.2928673751277935,0.2551327746922803
0.09365186699476545,0.09342236098652575,0.20813245612067108,0.2565400141745382,0.5793223315381696,1.1410062732030102,0.6148823018296952,0.09365186699476545,0.09342236098652575,0.20813245612067108,0.2565400141745382,0.5793223315381696,1.1410062732030102,0.6148823018296952
0.07899899691639585,0.14323962337735752,0.16676050050670094,0.2051129868098499,0.5839783851208094,1.2427796090756715,0.7717844083673853,0.07899899691639585,0.14323962337735752,0.16676050050670094,0.2051129868098499,0.5839783851208094,1.2427796090756715,0.7717844083673853
0.17741148056242284,0.1254931064902312,0.19054599591106763,0.246535033547675,0.6454952850663304,1.273239400909359,0.003320220908595092,0.17741148056242284,0.1254931064902312,0.19054599591106763,0.246535033547675,0.6454952850663304,1.273239400909359,0.003320220908595092
0.17939260646626703,0.14676670241477344,0.15954287617706947,0.18083688718666374,0.6722689835582538,1.509915586423947,0.2326630112114475,0.17939260646626703,0.14676670241477344,0.15954287617706947,0.18083688718666374,0.6722689835582538,1.509915586423947,0.2326630112114475
0.10052438777289252,0.14885424909672695,0.13651895208462475,0.23723948411930254,0.5528909190230701,1.1253953960119014,0.7829127538004421,0.10052438777289252,0.14885424909672695,0.13651895208462475,0.23723948411930254,0.5528909190230701,1.1253953960119014,0.7829127538004421
0.1365593370726067,0.1336746286403323,0.0991681856325764,0.22597889952246789,0.608529864747451,1.3340624714023592,0.7081691956985192,0.1365593370726067,0.1336746286403323,0.0991681856325764,0.22597889952246789,0.608529864747451,1.3340624714023592,0.7081691956985192
0.15376451093522264,0.15135007480474355,0.1415522697507276,0.21487984827674417,0.6318457049407443,1.2891599660358062,0.6748705816227839,0.15376451093522264,0.15135007480474355,0.1415522697507276,0.21487984827674417,0.6318457049407443,1.2891599660358062,0.6748705816227839
0.0836375706434491,0.09162316917807303,0.060306794500221736,0.26252465755590887,0.6249943459401333,1.4578673668991318,0.7340162146801096,0.0836375706434491,0.09162316917807303,0.060306794500221736,0.26252465755590887,0.6249943459401333,1.4578673668991318,0.7340162146801096
0.14237779179479546,0.15783236124144692,0.18384639170823455,0.23175593669282582,0.6556356827056913,1.3515054385752765,0.11826674405370764,0.14237779179479546,0.15783236124144692,0.18384639170823455,0.23175593669282582,0.6556356827056913,1.3515054385752765,0.11826674405370764
0.13127793343418812,0.10073753121869908,0.15357999640346054,0.18978267732759552,0.6141827443463787,1.4228266697045198,0.7776353638981459,0.13127793343418812,0.10073753121869908,0.15357999640346054,0.18978267732759552,0.6141827443463787,1.4228266697045198,0.7776353638981459
0.13992045084899363,0.14708533656923678,0.14598197462613244,0.22605494652999128,0.5985931001073812,1.196632696915856,0.6650877978485259,0.13992045084899363,0.14708533656923678,0.14598197462613244,0.22605494652999128,0.5985931001073812,1.196632696915856,0.6650877978485259
0.1587732240145959,0.14258654824371883,0.1371986004798257,0.1988511094546239,0.6344924285528971,1.4007818434266845,0.5684861521043119,0.1587732240145959,0.14258654824371883,0.1371986004798257,0.1988511094546239,0.6344924285528971,1.4007818434266845,0.5684861521043119
0.16680105728489794,0.15037043082404633,0.1943829035649997,0.26592855355692085,0.640185290333485,1.4075469221310273,0.004649534084737832,0.16680105728489794,0.15037043082404633,0.1943829035649997,0.26592855355692085,0.640185290333485,1.4075469221310273,0.004649534084737832
0.0796062429975091,0.08060711807487868,0.22669222788150836,0.1798861762799466,0.6187751846982144,1.419051631726725,0.7222934052156738,0.0796062429975091,0.08060711807487868,0.22669222788150836,0.1798861762799466,0.6187751846982144,1.419051631726725,0.7222934052156738
0.148619257685494,0.08580473844311041,0.15316649592366796,0.24373064202337674,0.6015614584162305,1.217767080197204,0.6577036182932585,0.148619257685494,0.08580473844311041,0.15316649592366796,0.24373064202337674,0.6015614584162305,1.217767080197204,0.6577036182932585
0.1495053942707533,0.16553309151693738,0.20534885294160432,0.23386561670314962,0.6118432200934479,1.1532469337438283,0.3489603973843637,0.1495053942707533,0.16553309151693738,0.20534885294160432,0.23386561670314962,0.6118432200934479,1.1532469337438283,0.3489603973843637
0.12984920079678539,0.13050871376781964,0.16530411003670228,0.20630568389066178,0.5963497243226971,1.2992859251829334,0.73207352234137,0.12984920079678539,0.13050871376781964,0.16530411003670228,0.20630568389066178,0.5963497243226971,1.2992859251829334,0.73207352234137
0.16223837200120778,0.0816830500358113,0.15260538082409128,0.1939214872941361,0.6057743915392473,1.4124678999664246,0.7912192983322335,0.16223837200120778,0.0816830500358113,0.15260538082409128,0.1939214872941361,0.6057743915392473,1.4124678999664246,0.7912192983322335
0.1325542364615244,0.14016734455962637,0.133201661200875,0.21831002799544602,0.6143299412001847,1.2991069041335812,0.7096635659526045,0.1325542364615244,0.14016734455962637,0.133201661200875,0.21831002799544602,0.6143299412001847,1.2991069041335812,0.7096635659526045
0.16587194005393385,0.16692048651838223,0.21148338220648114,0.2543959512020432,0.5639420303835869,0.9654405320481342,0.4123175912417241,0.16587194005393385,0.16692048651838223,0.21148338220648114,0.2543959512020432,0.5639420303835869,0.9654405320481342,0.4123175912417241
0.1680199767697636,0.16237497493578204,0.14294079427741796,0.27984934953896207,0.6499149952610449,1.2410526867365999,0.08367366910964252,0.1680199767697636,0.16237497493578204,0.14294079427741796,0.27984934953896207,0.6499149952610449,1.2410526867365999,0.08367366910964252
0.20355379772892088,0.2135265953519776,0.27520597625583365,0.34910533609263145,0.3688525148567187,0.9850382092756096,0.6566504372124787,0.20355379772892088,0.2135265953519776,0.27520597625583365,0.34910533609263145,0.3688525148567187,0.9850382092756096,0.6566504372124787
0.16024874153109847,0.14527469930918926,0.1296009099278314,0.2286530378801284,0.582591900138909,1.1780902689618014,0.6636056881256397,0.16024874153109847,0.14527469930918926,0.1296009099278314,0.2286530378801284,0.582591900138909,1.1780902689618014,0.6636056881256397
0.06742424300020193,0.10802589084645847,0.1934308174519695,0.2247798604065789,0.5224452493005709,0.9925151554968068,0.8085892200766979,0.06742424300020193,0.10802589084645847,0.1934308174519695,0.2247798604065789,0.5224452493005709,0.9925151554968068,0.8085892200766979
0.129886378215481,0.13161059945887169,0.14832454386076588,0.22420450759325286,0.55335098328007,1.0979161173614964,0.7642691414771428,0.129886378215481,0.13161059945887169,0.14832454386076588,0.22420450759325286,0.55335098328007,1.0979161173614964,0.7642691414771428
0.15144526841173983,0.14467078459731234,0.1884522222308933,0.18986960879215026,0.6256357680556858,1.3147884554303153,0.5186663685681605,0.15144526841173983,0.14467078459731234,0.1884522222308933,0.18986960879215026,0.6256357680556858,1.3147884554303153,0.5186663685681605
0.1542095254974886,0.13012593722816085,0.18170553979518878,0.15376885948939936,0.6063187905085977,1.3164042779746743,0.7297193070190915,0.1542095254974886,0.13012593722816085,0.18170553979518878,0.15376885948939936,0.6063187905085977,1.3164042779746743,0.7297193070190915
0.16115024491397903,0.15682304804468625,0.19026054328252998,0.20289478654081927,0.6654701489682681,1.418754230210448,0.027762770173005,0.16115024491397903,0.15682304804468625,0.19026054328252998,0.20289478654081927,0.6654701489682681,1.418754230210448,0.027762770173005
0.13993833396990926,0.13705437167519416,0.1675065383088822,0.2560456975822779,0.6545715119112046,1.377416585950941,0.18084912520484417,0.13993833396990926,0.13705437167519416,0.1675065383088822,0.2560456975822779,0.6545715119112046,1.377416585950941,0.18084912520484417
0.18026504996487394,0.14929201190811883,0.13928675329859747,0.1521941134739585,0.5885595568417913,1.2568176786062866,0.757304614961158,0.18026504996487394,0.14929201190811883,0.13928675329859747,0.1521941134739585,0.5885595568417913,1.2568176786062866,0.757304614961158
0.15098503866026733,0.127819546110844,0.15712546588992754,0.21751385737934917,0.5873839648942459,1.188765478330578,0.6692035022655274,0.15098503866026733,0.127819546110844,0.15712546588992754,0.21751385737934917,0.5873839648942459,1.188765478330578,0.6692035022655274
0.18128190446636422,0.15035073130376658,0.15325719626733889,0.1586053518792713,0.6897370952659437,1.624575484214106,0.06128739663045877,0.18128190446636422,0.15035073130376658,0.15325719626733889,0.1586053518792713,0.6897370952659437,1.624575484214106,0.06128739663045877
0.3990748378881878,0.20321714970797097,0.39460742099505164,0.33275396066576235,0.32983789680683984,1.578570520528532,0.06865236377014995,0.3990748378881878,0.20321714970797097,0.39460742099505164,0.33275396066576235,0.32983789680683984,1.578570520528532,0.06865236377014995
0.1591402509176008,0.14802375581072835,0.1884920526022007,0.39723101011112893,0.35273699987312457,0.8472422408371885,0.7248481192174555,0.1591402509176008,0.14802375581072835,0.1884920526022007,0.39723101011112893,0.35273699987312457,0.8472422408371885,0.7248481192174555
0.2692697377462823,0.21896294999548171,0.3747179889043977,0.4540439974329775,0.32903903305789717,1.5739955376643207,0.10384907669435527,0.2692697377462823,0.21896294999548171,0.3747179889043977,0.4540439974329775,0.32903903305789717,1.5739955376643207,0.10384907669435527
0.17711956312355256,0.10589805535701448,0.18949748526308355,0.2494085614987399,0.6486165625840641,1.2953471630380882,0.068705341544878,0.17711956312355256,0.10589805535701448,0.18949748526308355,0.2494085614987399,0.6486165625840641,1.2953471630380882,0.068705341544878
0.144318252332548,0.13956806834386665,0.4278792132817494,0.4839140976261477,0.352000910034409,1.7125985575414464,0.09482749434656075,0.144318252332548,0.13956806834386665,0.4278792132817494,0.4839140976261477,0.352000910034409,1.7125985575414464,0.09482749434656075
0.12948832683074352,0.1459166920622051,0.16622593836752106,0.20685360675108286,0.6347030036798239,1.379806056642329,0.532033860234302,0.12948832683074352,0.1459166920622051,0.16622593836752106,0.20685360675108286,0.6347030036798239,1.379806056642329,0.532033860234302
0.15956722034509366,0.13381342536271623,0.1549235697914798,0.22260788110930485,0.6749630345884227,1.4936004986178593,0.0471041805491328,0.15956722034509366,0.13381342536271623,0.1549235697914798,0.22260788110930485,0.6749630345884227,1.4936004986178593,0.0471041805491328
0.16404335169004886,0.16098251001783193,0.1969485402295674,0.2140739898845321,0.6548717149532198,1.3403941526120269,0.02655060175214903,0.16404335169004886,0.16098251001783193,0.1969485402295674,0.2140739898845321,0.6548717149532198,1.3403941526120269,0.02655060175214903
0.16767728788561334,0.13768540003741458,0.21941142588464227,0.1684022996725417,0.6756997570977101,1.4492743167036597,0.0,0.16767728788561334,0.13768540003741458,0.21941142588464227,0.1684022996725417,0.6756997570977101,1.4492743167036597,0.0
0.138084399007443,0.12346378787174976,0.1770903952676784,0.24324006365814124,0.5695903366324172,1.0675934491582186,0.6423788043740404,0.138084399007443,0.12346378787174976,0.1770903952676784,0.24324006365814124,0.5695903366324172,1.0675934491582186,0.6423788043740404
0.142257879146035,0.1414971041618129,0.20292760328846626,0.20835661564364968,0.5640942811539855,1.1105552005449284,0.6630212937097059,0.142257879146035,0.1414971041618129,0.20292760328846626,0.20835661564364968,0.5640942811539855,1.1105552005449284,0.6630212937097059
0.11615438715782879,0.13323546803038733,0.19139515596710108,0.22856005250156772,0.67454404728162,1.469789240600101,0.05400839478897542,0.11615438715782879,0.13323546803038733,0.19139515596710108,0.22856005250156772,0.67454404728162,1.469789240600101,0.05400839478897542
0.16756998681834115,0.1524038590968623,0.18437996735955428,0.22579220790274726,0.6491458762176007,1.314396349394226,0.1650540758528446,0.16756998681834115,0.1524038590968623,0.18437996735955428,0.22579220790274726,0.6491458762176007,1.314396349394226,0.1650540758528446
0.08624087116061624,0.17771957049282508,0.18345585365564013,0.14429627707997814,0.6393709449449112,1.4819952599071646,0.6427469093185585,0.08624087116061624,0.17771957049282508,0.18345585365564013,0.14429627707997814,0.6393709449449112,1.4819952599071646,0.6427469093185585
0.08742141578152683,0.07790286583224736,0.2073903717506858,0.1927770638938918,0.6040602128954775,1.339767418523045,0.7494280636680735,0.08742141578152683,0.07790286583224736,0.2073903717506858,0.1927770638938918,0.6040602128954775,1.339767418523045,0.7494280636680735
0.15454716316370679,0.12168112866920866,0.10877123228979144,0.2212869473818114,0.600181580679491,1.3155696990020012,0.7322287652229938,0.15454716316370679,0.12168112866920866,0.10877123228979144,0.2212869473818114,0.600181580679491,1.3155696990020012,0.7322287652229938
0.09284247308480764,0.07275313978268169,0.24269072612057166,0.14088599380209224,0.6285944119725232,1.4421021677600707,0.6823279261851697,0.09284247308480764,0.07275313978268169,0.24269072612057166,0.14088599380209224,0.6285944119725232,1.4421021677600707,0.6823279261851697
0.15098952339517407,0.12782653412473197,0.15713724136609197,0.21753038658796156,0.5873663421805534,1.188646328353761,0.6691516022114029,0.15098952339517407,0.12782653412473197,0.15713724136609197,0.21753038658796156,0.5873663421805534,1.188646328353761,0.6691516022114029
0.15444677387622488,0.08079326794379325,0.14904662033380722,0.23672593036733539,0.6245596607997054,1.391421253903949,0.6033290987042526,0.15444677387622488,0.08079326794379325,0.14904662033380722,0.23672593036733539,0.6245596607997054,1.391421253903949,0.6033290987042526
0.16813727647734594,0.1591047506938591,0.1180904578018931,0.2184810205190896,0.6775200688749162,1.5257911269787379,0.09799646699400826,0.16813727647734594,0.1591047506938591,0.1180904578018931,0.2184810205190896,0.6775200688749162,1.5257911269787379,0.09799646699400826
0.15264878806332843,0.15361554313784614,0.21061490350299877,0.24854501807108392,0.53713567019542,0.9125682261219623,0.5319254661069822,0.15264878806332843,0.15361554313784614,0.21061490350299877,0.24854501807108392,0.53713567019542,0.9125682261219623,0.5319254661069822
0.09038872141974522,0.08026684363476488,0.2163538309266003,0.1953193329783167,0.6301948912507892,1.412367158298022,0.6227798841689225,0.09038872141974522,0.08026684363476488,0.2163538309266003,0.1953193329783167,0.6301948912507892,1.412367158298022,0.6227798841689225
0.12844586899206442,0.1325863938088198,0.15218285495966277,0.19613312126604962,0.6074327058603607,1.3388961299968165,0.7241854450821822,0.12844586899206442,0.1325863938088198,0.15218285495966277,0.19613312126604962,0.6074327058603607,1.3388961299968165,0.7241854450821822
0.09631391205643004,0.09613275885003651,0.21274370733304243,0.23911134101642473,0.5695823207215138,1.0915232451443304,0.6459335387373014,0.09631391205643004,0.09613275885003651,0.21274370733304243,0.23911134101642473,0.5695823207215138,1.0915232451443304,0.6459335387373014
0.058109423676708336,0.0906809817316073,0.18470753828261682,0.22626274721690842,0.5657059126175504,1.2245445496961085,0.8389417359852195,0.058109423676708336,0.0906809817316073,0.18470753828261682,0.22626274721690842,0.5657059126175504,1.2245445496961085,0.8389417359852195
0.1505427930807769,0.12660075280305425,0.17541971623012625,0.24906966358664095,0.6625699547787073,1.4313364292486697,0.005179524548397191,0.1505427930807769,0.12660075280305425,0.17541971623012625,0.24906966358664095,0.6625699547787073,1.4313364292486697,0.005179524548397191
0.14109484474957734,0.19874886085227447,0.16715429112763955,0.19402840963781684,0.553799664755607,1.0376012227488003,0.6538542718837418,0.14109484474957734,0.19874886085227447,0.16715429112763955,0.19402840963781684,0.553799664755607,1.0376012227488003,0.6538542718837418
0.1486524609042892,0.13396888427588066,0.1425181050627868,0.21598401096029637,0.6414010468300237,1.3522141105900223,0.6561619612614529,0.1486524609042892,0.13396888427588066,0.1425181050627868,0.21598401096029637,0.6414010468300237,1.3522141105900223,0.6561619612614529
0.06256340110343457,0.06988729421255925,0.15820858594815077,0.26075745672492884,0.5812539802628418,1.2068220089878725,0.7441285665236449,0.06256340110343457,0.06988729421255925,0.15820858594815077,0.26075745672492884,0.5812539802628418,1.2068220089878725,0.7441285665236449
0.13261687150127782,0.13090316055289622,0.19079923827866963,0.23628994170408932,0.6638634699989912,1.4036061507913848,0.06583426192780871,0.13261687150127782,0.13090316055289622,0.19079923827866963,0.23628994170408932,0.6638634699989912,1.4036061507913848,0.06583426192780871
0.16271090360024512,0.10554127395712169,0.1732383893977543,0.24756274944083984,0.5581153559047649,1.0314278113041968,0.6192271437657662,0.16271090360024512,0.10554127395712169,0.1732383893977543,0.24756274944083984,0.5581153559047649,1.0314278113041968,0.6192271437657662
0.16612954804482494,0.1442225164250789,0.20382992880876724,0.2480562342514638,0.6274184971478495,1.2054517641250169,0.21050345553124783,0.16612954804482494,0.1442225164250789,0.20382992880876724,0.2480562342514638,0.6274184971478495,1.2054517641250169,0.21050345553124783
0.1483076515748108,0.084489711516161,0.15195562741826843,0.24234331039367182,0.6034339318291979,1.2298367545365243,0.6627982352326587,0.1483076515748108,0.084489711516161,0.15195562741826843,0.24234331039367182,0.6034339318291979,1.2298367545365243,0.6627982352326587
0.1577074751886704,0.1357170309830946,0.1991787225565405,0.20260606015517213,0.5773607893299356,1.0961230896837553,0.6337325761945175,0.1577074751886704,0.1357170309830946,0.1991787225565405,0.20260606015517213,0.5773607893299356,1.0961230896837553,0.6337325761945175
0.11131833972631608,0.1837916503146116,0.12035476645901987,0.2640691842797282,0.6609303395680186,1.3773687365818645,0.06914110859011928,0.11131833972631608,0.1837916503146116,0.12035476645901987,0.2640691842797282,0.6609303395680186,1.3773687365818645,0.06914110859011928
0.11039925179350833,0.06465750204360683,0.10868444277964467,0.2834114980849304,0.575729099266137,1.1495756369210652,0.7232442988295112,0.11039925179350833,0.06465750204360683,0.10868444277964467,0.2834114980849304,0.575729099266137,1.1495756369210652,0.7232442988295112
0.14311937159103055,0.11945809070387929,0.15719630636553236,0.2179551005734674,0.5958697875226832,1.2841724509021721,0.7022081597550214,0.14311937159103055,0.11945809070387929,0.15719630636553236,0.2179551005734674,0.5958697875226832,1.2841724509021721,0.7022081597550214
0.15423586016154944,0.14709483443388544,0.19104708452552874,0.19003165185249463,0.6485339963484333,1.386062262727498,0.39079754546923157,0.15423586016154944,0.14709483443388544,0.19104708452552874,0.19003165185249463,0.6485339963484333,1.386062262727498,0.39079754546923157
0.1628857527688594,0.16143460858049619,0.2015332900913286,0.25225156274107235,0.6083719990144085,1.2708342043337824,0.3850118383169654,0.1628857527688594,0.16143460858049619,0.2015332900913286,0.25225156274107235,0.6083719990144085,1.2708342043337824,0.3850118383169654
0.17131865006440342,0.14028072285682724,0.13538812738282072,0.2173090849676572,0.5843043439003102,1.1596915993405261,0.6606762190327709,0.17131865006440342,0.14028072285682724,0.13538812738282072,0.2173090849676572,0.5843043439003102,1.1596915993405261,0.6606762190327709
0.12767450314712117,0.14065829159694232,0.13631702390535952,0.2418944534076795,0.5605459192146063,1.0910192172620723,0.706437526837009,0.12767450314712117,0.14065829159694232,0.13631702390535952,0.2418944534076795,0.5605459192146063,1.0910192172620723,0.706437526837009
0.16144637537766238,0.14050890568078617,0.13180027482958723,0.22668217142267463,0.6264598361462157,1.362826629279328,0.550702384492993,0.16144637537766238,0.14050890568078617,0.13180027482958723,0.22668217142267463,0.6264598361462157,1.362826629279328,0.550702384492993
0.15321442514460304,0.14740292776215727,0.13606894824738025,0.20805469554964998,0.6406721441285049,1.3468404197147215,0.698893285416474,0.15321442514460304,0.14740292776215727,0.13606894824738025,0.20805469554964998,0.6406721441285049,1.3468404197147215,0.698893285416474
0.2690940325557461,0.2959006381741871,0.21964863016037306,0.3740658253384847,0.31568035501868225,1.321063254406803,0.7837644638945609,0.2690940325557461,0.2959006381741871,0.21964863016037306,0.3740658253384847,0.31568035501868225,1.321063254406803,0.7837644638945609
0.18253683190224773,0.17843688587105885,0.16242647668041563,0.2636244184133041,0.639273925605743,1.186549673955774,0.080892268189427,0.18253683190224773,0.17843688587105885,0.16242647668041563,0.2636244184133041,0.639273925605743,1.186549673955774,0.080892268189427
0.1502299308517974,0.14755166245545784,0.1383890547890348,0.24909369343109805,0.5829111846427754,1.103552549062988,0.6733697131185671,0.1502299308517974,0.14755166245545784,0.1383890547890348,0.24909369343109805,0.5829111846427754,1.103552549062988,0.6733697131185671
0.1748097337717404,0.16149295869583852,0.15886866193625068,0.26376485568757085,0.5471974515071171,1.0469413407225925,0.5915757568980372,0.1748097337717404,0.16149295869583852,0.15886866193625068,0.26376485568757085,0.5471974515071171,1.0469413407225925,0.5915757568980372
0.1469124767633728,0.11500310246975898,0.12506513184088927,0.23315350093708279,0.6044105470085973,1.2175640245905648,0.7739630305958579,0.1469124767633728,0.11500310246975898,0.12506513184088927,0.23315350093708279,0.6044105470085973,1.2175640245905648,0.7739630305958579
0.10699977126164423,0.06539886991087428,0.221773998764488,0.14862580779636375,0.5486839182894957,1.1551261766243377,0.9016756880348654,0.10699977126164423,0.06539886991087428,0.221773998764488,0.14862580779636375,0.5486839182894957,1.1551261766243377,0.9016756880348654
0.10881451526721392,0.16547350777350453,0.19307403172505033,0.23316636496344145,0.5651704475820101,1.0786602911325833,0.6147824851794118,0.10881451526721392,0.16547350777350453,0.19307403172505033,0.23316636496344145,0.5651704475820101,1.0786602911325833,0.6147824851794118
0.14796965205671958,0.1481828986997422,0.13580033196788302,0.257341452876141,0.6574556212660656,1.3725590589796945,0.1748385069259391,0.14796965205671958,0.1481828986997422,0.13580033196788302,0.257341452876141,0.6574556212660656,1.3725590589796945,0.1748385069259391
0.10220983433066926,0.07315550755525202,0.20797641173391762,0.2601566379598604,0.6650270547506136,1.4087249142213083,0.0030652957257554124,0.10220983433066926,0.07315550755525202,0.20797641173391762,0.2601566379598604,0.6650270547506136,1.4087249142213083,0.0030652957257554124
0.15495126154894842,0.07627216115791503,0.15352441499138492,0.2410394765647712,0.6778197121274424,1.5343489584753034,0.15182675692171851,0.15495126154894842,0.07627216115791503,0.15352441499138492,0.2410394765647712,0.6778197121274424,1.5343489584753034,0.15182675692171851
0.12526059224601932,0.14054288471854331,0.15240937973726396,0.2515573120157002,0.6732871468510572,1.5243617733127435,0.005710329146313295,0.12526059224601932,0.14054288471854331,0.15240937973726396,0.2515573120157002,0.6732871468510572,1.5243617733127435,0.005710329146313295
0.0902132389600172,0.15758200692547683,0.09627251431776675,0.2436114750191012,0.6186886454882734,1.3308250118495104,0.6882686970798397,0.0902132389600172,0.15758200692547683,0.09627251431776675,0.2436114750191012,0.6186886454882734,1.3308250118495104,0.6882686970798397
0.14141469153969832,0.1308361377788223,0.17942109882339943,0.22518528752768316,0.5838050077857556,1.1424268056445543,0.6210971791525265,0.14141469153969832,0.1308361377788223,0.17942109882339943,0.22518528752768316,0.5838050077857556,1.1424268056445543,0.6210971791525265
0.18678806553277802,0.09782786393025919,0.1583953737579365,0.22730316645949325,0.670316308300699,1.4538878910744333,0.062414297109202106,0.18678806553277802,0.09782786393025919,0.1583953737579365,0.22730316645949325,0.670316308300699,1.4538878910744333,0.062414297109202106
0.15903927026851558,0.1716680240040945,0.22114535943004626,0.23969418320107083,0.6261881324326943,1.1597435557896423,0.0197545870950134,0.15903927026851558,0.1716680240040945,0.22114535943004626,0.23969418320107083,0.6261881324326943,1.1597435557896423,0.0197545870950134
0.13678706159758136,0.11526641532254905,0.15070486795697607,0.23976811581862853,0.5894036966148773,1.233861344515218,0.6803952972960263,0.13678706159758136,0.11526641532254905,0.15070486795697607,0.23976811581862853,0.5894036966148773,1.233861344515218,0.6803952972960263
0.15158872869808,0.225664834599192,0.2943162484141661,0.4068083267400132,0.36074361431410146,1.0831623653348132,0.5959984385348023,0.15158872869808,0.225664834599192,0.2943162484141661,0.4068083267400132,0.36074361431410146,1.0831623653348132,0.5959984385348023
0.20250861200806639,0.10968596511440157,0.1405369293922639,0.22078450837291214,0.6214780857033386,1.3689012064349848,0.5503416602868932,0.20250861200806639,0.10968596511440157,0.1405369293922639,0.22078450837291214,0.6214780857033386,1.3689012064349848,0.5503416602868932
0.17612316365733038,0.1042359415014042,0.19230471559794313,0.21596622551947028,0.5828313888868737,1.1949122648195682,0.6332519589596914,0.17612316365733038,0.1042359415014042,0.19230471559794313,0.21596622551947028,0.5828313888868737,1.1949122648195682,0.6332519589596914
0.13779622899443808,0.11186020182726548,0.14937048649504983,0.18453957632256293,0.6075852342636558,1.3855662099862123,0.7856594496352677,0.13779622899443808,0.11186020182726548,0.14937048649504983,0.18453957632256293,0.6075852342636558,1.3855662099862123,0.7856594496352677
0.36557914993376456,0.19285055264180426,0.2766692823526598,0.41288499191780015,0.3846524724099453,1.4253575507570904,0.14274651149000767,0.36557914993376456,0.19285055264180426,0.2766692823526598,0.41288499191780015,0.3846524724099453,1.4253575507570904,0.14274651149000767
0.20958071110142687,0.1370190844841208,0.3783401193901742,0.29120565284531424,0.3458403216276684,0.9712001823902116,0.8191814027787048,0.20958071110142687,0.1370190844841208,0.3783401193901742,0.29120565284531424,0.3458403216276684,0.9712001823902116,0.8191814027787048
0.059654881715284214,0.10765259622838702,0.20846554510473314,0.245353132431995,0.6215867395926806,1.282622851749418,0.5086895442713946,0.059654881715284214,0.10765259622838702,0.20846554510473314,0.245353132431995,0.6215867395926806,1.282622851749418,0.5086895442713946
0.16861049244698387,0.14387038011105985,0.17897447671173247,0.24143933721697008,0.6537357047793159,1.3743253946939011,0.02368064640434654,0.16861049244698387,0.14387038011105985,0.17897447671173247,0.24143933721697008,0.6537357047793159,1.3743253946939011,0.02368064640434654
1.448552464398923e-17,2.1328447570538314e-17,2.324672420068917e-17,2.2375193666087906e-17,2.104698863774779e-17,9.147241198270953e-17,1.6747262312378497,1.448552464398923e-17,2.1328447570538314e-17,2.324672420068917e-17,2.2375193666087906e-17,2.104698863774779e-17,9.147241198270953e-17,1.6747262312378497
0.17354014154762645,0.1569399075151242,0.14196978732044507,0.24785601385380251,0.5629345302032444,1.1676413349451034,0.6623575596800759,0.17354014154762645,0.1569399075151242,0.14196978732044507,0.24785601385380251,0.5629345302032444,1.1676413349451034,0.6623575596800759
0.14008130781556888,0.13908282210374018,0.20245035439321246,0.2260574694807723,0.6597175345527243,1.369841230127871,0.0789275194959223,0.14008130781556888,0.13908282210374018,0.20245035439321246,0.2260574694807723,0.6597175345527243,1.369841230127871,0.0789275194959223
0.1357294228566344,0.12297991562759042,0.18507645349273527,0.22001866579401655,0.5621868604144655,1.0950311381796893,0.6917519551970207,0.1357294228566344,0.12297991562759042,0.18507645349273527,0.22001866579401655,0.5621868604144655,1.0950311381796893,0.6917519551970207
0.11241836691908234,0.06592190556852005,0.21544702707597627,0.22992519478337983,0.5875150554818149,1.168974008587202,0.6347844793295182,0.11241836691908234,0.06592190556852005,0.21544702707597627,0.22992519478337983,0.5875150554818149,1.168974008587202,0.6347844793295182
0.14471163631110895,0.14411816189191415,0.1755793968382711,0.23750796768717666,0.6623556239938833,1.389828830592189,0.040497337933740434,0.14471163631110895,0.14411816189191415,0.1755793968382711,0.23750796768717666,0.6623556239938833,1.389828830592189,0.040497337933740434
0.17069368247858985,0.16647786501578687,0.16526889084652063,0.2556162033627847,0.602689508990237,1.1162408489722855,0.3763959102281207,0.17069368247858985,0.16647786501578687,0.16526889084652063,0.2556162033627847,0.602689508990237,1.1162408489722855,0.3763959102281207
0.11998486268486637,0.13866730964859358,0.14257194515925176,0.24048364857482965,0.5780751848205966,1.1970020450427263,0.7139745570249899,0.11998486268486637,0.13866730964859358,0.14257194515925176,0.24048364857482965,0.5780751848205966,1.1970020450427263,0.7139745570249899
0.1622063121846269,0.1611576580562518,0.19819650738249495,0.21342724019028536,0.6590366053306073,1.4189004573182267,0.01963346004387484,0.1622063121846269,0.1611576580562518,0.19819650738249495,0.21342724019028536,0.6590366053306073,1.4189004573182267,0.01963346004387484
0.11219553764518438,0.11883801881461346,0.14516628225971667,0.2647620454061878,0.6608507095589454,1.5000759126144882,0.3185628658298791,0.11219553764518438,0.11883801881461346,0.14516628225971667,0.2647620454061878,0.6608507095589454,1.5000759126144882,0.3185628658298791
0.14127432649996574,0.14988444797257394,0.20897574584636058,0.2048793389997266,0.5680131302858402,1.0658254554805053,0.6046474164990173,0.14127432649996574,0.14988444797257394,0.20897574584636058,0.2048793389997266,0.5680131302858402,1.0658254554805053,0.6046474164990173
0.12942726716441139,0.13757430821196162,0.2053155827528362,0.24862770598296807,0.6452721959821643,1.286991270141093,0.1619239638769715,0.12942726716441139,0.13757430821196162,0.2053155827528362,0.24862770598296807,0.6452721959821643,1.286991270141093,0.1619239638769715
0.15171646477897957,0.15131347012051954,0.19238757552424868,0.1924340676335845,0.6463444780208435,1.3701058770295016,0.387214987824519,0.15171646477897957,0.15131347012051954,0.19238757552424868,0.1924340676335845,0.6463444780208435,1.3701058770295016,0.387214987824519
0.08829592154345232,0.07305529453675917,0.18776485158335038,0.22532490216806308,0.6143012277688066,1.3455718435426756,0.6812939059833883,0.08829592154345232,0.07305529453675917,0.18776485158335038,0.22532490216806308,0.6143012277688066,1.3455718435426756,0.6812939059833883
0.137356055740882,0.1703540261958749,0.19039553189043212,0.26636991077582256,0.6463968188844632,1.2175380607014112,0.06967114703557531,0.137356055740882,0.1703540261958749,0.19039553189043212,0.26636991077582256,0.6463968188844632,1.2175380607014112,0.06967114703557531
0.15749348003588304,0.15257057672510704,0.18407429561203237,0.22963265903929567,0.6527415469542106,1.331890068563903,0.12892396333727948,0.15749348003588304,0.15257057672510704,0.18407429561203237,0.22963265903929567,0.6527415469542106,1.331890068563903,0.12892396333727948
0.1316743692057707,0.09674146161878623,0.1801899125114661,0.21004856757857238,0.5947642503604448,1.2518852517094752,0.7013366135592921,0.1316743692057707,0.09674146161878623,0.1801899125114661,0.21004856757857238,0.5947642503604448,1.2518852517094752,0.7013366135592921
0.1493097407476939,0.1480273040935049,0.15906603128248725,0.2668406237189685,0.5662121345210214,1.1629577532877258,0.6276492340067639,0.1493097407476939,0.1480273040935049,0.15906603128248725,0.2668406237189685,0.5662121345210214,1.1629577532877258,0.6276492340067639
0.14301527414290074,0.13663867129191481,0.17803788981817892,0.21250845465694845,0.6256987840082554,1.312592052208254,0.5142844857667178,0.14301527414290074,0.13663867129191481,0.17803788981817892,0.21250845465694845,0.6256987840082554,1.312592052208254,0.5142844857667178
0.10352166644460035,0.16643758632236602,0.1654320494498732,0.21561962339920343,0.6806844303025029,1.5402923583208883,0.0,0.10352166644460035,0.16643758632236602,0.1654320494498732,0.21561962339920343,0.6806844303025029,1.5402923583208883,0.0
0.1053795301468007,0.19446034552294736,0.195467162572319,0.1995630368260699,0.6564208581859029,1.3779459508069205,0.2112743556726058,0.1053795301468007,0.19446034552294736,0.195467162572319,0.1995630368260699,0.6564208581859029,1.3779459508069205,0.2112743556726058
0.1459719807712091,0.12222018597196599,0.16571009362432404,0.21023704409318442,0.6031693860278496,1.2587624777496977,0.6515570191658088,0.1459719807712091,0.12222018597196599,0.16571009362432404,0.21023704409318442,0.6031693860278496,1.2587624777496977,0.6515570191658088
0.1624878564849926,0.08238280534057547,0.15304073749027183,0.19551893992463898,0.604627706903675,1.4010984995835754,0.7859786987720819,0.1624878564849926,0.08238280534057547,0.15304073749027183,0.19551893992463898,0.604627706903675,1.4010984995835754,0.7859786987720819
0.04988995594162615,0.09567811986974988,0.1842212353090254,0.23711589598571403,0.6114831181893854,1.3200507844540372,0.6721842330545338,0.04988995594162615,0.09567811986974988,0.1842212353090254,0.23711589598571403,0.6114831181893854,1.3200507844540372,0.6721842330545338
0.1407939920738161,0.1752288995803633,0.218336561365306,0.2260378569379967,0.6385279739052345,1.233723683210006,0.07461146756560245,0.1407939920738161,0.1752288995803633,0.218336561365306,0.2260378569379967,0.6385279739052345,1.233723683210006,0.07461146756560245
0.07663343291709918,0.07958655415281415,0.20768781933947775,0.23898531048910746,0.6769430543736171,1.5372174053762404,0.15070809511068242,0.07663343291709918,0.07958655415281415,0.20768781933947775,0.23898531048910746,0.6769430543736171,1.5372174053762404,0.15070809511068242
0.11935149278949604,0.13824300303585838,0.14164438135367133,0.23873326188585087,0.5798448449020874,1.2099041906838377,0.7199787207348258,0.11935149278949604,0.13824300303585838,0.14164438135367133,0.23873326188585087,0.5798448449020874,1.2099041906838377,0.7199787207348258
0.14615532571994747,0.16005936412435248,0.19042622137390483,0.2459056790362848,0.6462667241767505,1.2771853426804034,0.01914599549494591,0.14615532571994747,0.16005936412435248,0.19042622137390483,0.2459056790362848,0.6462667241767505,1.2771853426804034,0.01914599549494591
0.1705834663711351,0.12975468180026986,0.18539880423278693,0.1779308470703218,0.584854134697203,1.1768910792998883,0.6680535119307821,0.1705834663711351,0.12975468180026986,0.18539880423278693,0.1779308470703218,0.584854134697203,1.1768910792998883,0.6680535119307821
0.07211339476603039,0.07724664769075915,0.19903911178199968,0.2005275656056765,0.6141915836564027,1.3948848404652996,0.7428311339794724,0.07211339476603039,0.07724664769075915,0.19903911178199968,0.2005275656056765,0.6141915836564027,1.3948848404652996,0.7428311339794724
0.18398996447990668,0.1356116311008455,0.20969469437947214,0.2990676544783977,0.5949366711967037,1.014122653046469,0.04441168259136645,0.18398996447990668,0.1356116311008455,0.20969469437947214,0.2990676544783977,0.5949366711967037,1.014122653046469,0.04441168259136645
0.15647582772849367,0.1316939301671785,0.17553038409967517,0.2373366552911112,0.6675191403426406,1.3993969281207403,0.02670053450500445,0.15647582772849367,0.1316939301671785,0.17553038409967517,0.2373366552911112,0.6675191403426406,1.3993969281207403,0.02670053450500445
0.16940052734603184,0.15494903692099637,0.1896035132596816,0.23358102911312129,0.6412429406322917,1.2632429019579148,0.15683867281538705,0.16940052734603184,0.15494903692099637,0.1896035132596816,0.23358102911312129,0.6412429406322917,1.2632429019579148,0.15683867281538705
0.16878847694390736,0.14615401125834687,0.18144781215614694,0.24503642608712234,0.6499007495366043,1.3453351649232927,0.02328936068035863,0.16878847694390736,0.14615401125834687,0.18144781215614694,0.24503642608712234,0.6499007495366043,1.3453351649232927,0.02328936068035863
0.1464776794963383,0.1557069430146968,0.13943386235416297,0.21201947308355942,0.6352222319907767,1.302388338542277,0.6804192074607057,0.1464776794963383,0.1557069430146968,0.13943386235416297,0.21201947308355942,0.6352222319907767,1.302388338542277,0.6804192074607057
0.0979517285674161,0.18024439086401992,0.1289206907878796,0.2549928842063144,0.6684242992547899,1.4327225575693834,0.07455302893819198,0.0979517285674161,0.18024439086401992,0.1289206907878796,0.2549928842063144,0.6684242992547899,1.4327225575693834,0.07455302893819198
0.21035586820539692,0.21593739207618345,0.201665443974891,0.40031155214216657,0.3868880300709429,1.0119073972999029,0.6043896477193637,0.21035586820539692,0.21593739207618345,0.201665443974891,0.40031155214216657,0.3868880300709429,1.0119073972999029,0.6043896477193637
0.09021103347311406,0.0785422139279317,0.12014434636914359,0.27056537845734374,0.5243294723422885,1.007747671566828,0.8181435600981456,0.09021103347311406,0.0785422139279317,0.12014434636914359,0.27056537845734374,0.5243294723422885,1.007747671566828,0.8181435600981456
0.1895269920764934,0.21327892145308633,0.4043271038914205,0.4022906029911501,0.39805966224377015,1.3289602164115923,0.049164003856473126,0.1895269920764934,0.21327892145308633,0.4043271038914205,0.4022906029911501,0.39805966224377015,1.3289602164115923,0.049164003856473126
0.15348143187132926,0.13937093595496358,0.17262381563361884,0.23945583926729694,0.5619371529113745,1.0394139315156998,0.6076175578417315,0.15348143187132926,0.13937093595496358,0.17262381563361884,0.23945583926729694,0.5619371529113745,1.0394139315156998,0.6076175578417315
0.18600991400946365,0.11649090026212183,0.1877354795922651,0.22050505731389985,0.6597231665573184,1.3663621149973766,0.014650697416938242,0.18600991400946365,0.11649090026212183,0.1877354795922651,0.22050505731389985,0.6597231665573184,1.3663621149973766,0.014650697416938242
0.1575590698426555,0.10260313750932436,0.0844385285425896,0.2087029378504166,0.6491985442678905,1.5847867605364014,0.6965369248544544,0.1575590698426555,0.10260313750932436,0.0844385285425896,0.2087029378504166,0.6491985442678905,1.5847867605364014,0.6965369248544544
0.13692309007797263,0.12250323242057168,0.18308064611262115,0.21994664416208937,0.5956068165169233,1.2417248230593838,0.641142972348365,0.13692309007797263,0.12250323242057168,0.18308064611262115,0.21994664416208937,0.5956068165169233,1.2417248230593838,0.641142972348365
0.08358543928654988,0.09938294997152454,0.22138888666066137,0.21210321830336992,0.6087168219521342,1.2670962321849626,0.614307057915575,0.08358543928654988,0.09938294997152454,0.22138888666066137,0.21210321830336992,0.6087168219521342,1.2670962321849626,0.614307057915575
0.08601045386010608,0.09937794958151751,0.21329230163087026,0.23654760648097545,0.579496267276398,1.1497084681731584,0.6936371046856724,0.08601045386010608,0.09937794958151751,0.21329230163087026,0.23654760648097545,0.579496267276398,1.1497084681731584,0.6936371046856724
0.24789631533685294,0.19920693697749733,0.3448545670219976,0.4142495628783222,0.28680545322965073,1.5018812777245696,0.7816249426918086,0.24789631533685294,0.19920693697749733,0.3448545670219976,0.4142495628783222,0.28680545322965073,1.5018812777245696,0.7816249426918086
0.14776219512711294,0.12704597214228305,0.1767171390026193,0.222917556192324,0.5694827138865853,1.099451395036191,0.6549997014484661,0.14776219512711294,0.12704597214228305,0.1767171390026193,0.222917556192324,0.5694827138865853,1.099451395036191,0.6549997014484661
0.13459588215168114,0.0899496882138747,0.15446059927169264,0.1926902282531268,0.6081483132243436,1.3917454768004853,0.790653425025623,0.13459588215168114,0.0899496882138747,0.15446059927169264,0.1926902282531268,0.6081483132243436,1.3917454768004853,0.790653425025623
0.1628415592870632,0.1612914369715685,0.14042651381306878,0.2293619860781154,0.5784318303521416,1.1603205075922318,0.6391515441652738,0.1628415592870632,0.1612914369715685,0.14042651381306878,0.2293619860781154,0.5784318303521416,1.1603205075922318,0.6391515441652738
0.13495762008690482,0.14774699658232712,0.11369642202337467,0.23775104356727084,0.5928214876994357,1.2913102820088374,0.7146344308321673,0.13495762008690482,0.14774699658232712,0.11369642202337467,0.23775104356727084,0.5928214876994357,1.2913102820088374,0.7146344308321673
0.13898438721008363,0.1146131745665693,0.18308200523987608,0.21287831888104403,0.5964026516387271,1.2149984145039852,0.6545357739170893,0.13898438721008363,0.1146131745665693,0.18308200523987608,0.21287831888104403,0.5964026516387271,1.2149984145039852,0.6545357739170893
0.12885331728998473,0.1370946348269854,0.19462435849151763,0.1819401879548757,0.5347032607102618,1.0272187305457927,0.7810515413349665,0.12885331728998473,0.1370946348269854,0.19462435849151763,0.1819401879548757,0.5347032607102618,1.0272187305457927,0.7810515413349665
0.16149453962016844,0.11252820396265208,0.09946962608773811,0.22295938723092112,0.6237979680493605,1.3867440635040127,0.6585322712142673,0.16149453962016844,0.11252820396265208,0.09946962608773811,0.22295938723092112,0.6237979680493605,1.3867440635040127,0.6585322712142673
0.16193857325153896,0.1411081897775747,0.2062792582648543,0.2810467849554979,0.6181652349695497,1.1181335508196861,0.04613029440059767,0.16193857325153896,0.1411081897775747,0.2062792582648543,0.2810467849554979,0.6181652349695497,1.1181335508196861,0.04613029440059767
0.1642263545449027,0.12183911306900162,0.14934374522216304,0.21502443483808067,0.6179734646766991,1.2549385949405623,0.6868557608516936,0.1642263545449027,0.12183911306900162,0.14934374522216304,0.21502443483808067,0.6179734646766991,1.2549385949405623,0.6868557608516936
0.07231009213848265,0.13359081468050063,0.1729162710512067,0.2719603714251388,0.6633556253648748,1.4019134372135067,0.08366490111945053,0.07231009213848265,0.13359081468050063,0.1729162710512067,0.2719603714251388,0.6633556253648748,1.4019134372135067,0.08366490111945053
0.15643814201582468,0.1262152287636393,0.11895855737792427,0.230041500755108,0.5905367451159992,1.2147992395658034,0.6854937694659079,0.15643814201582468,0.1262152287636393,0.11895855737792427,0.230041500755108,0.5905367451159992,1.2147992395658034,0.6854937694659079
0.14436624834036607,0.20411563955456247,0.1919750274179623,0.5629565776702038,0.3853082213270561,1.3727893876952826,0.1013567595282277,0.14436624834036607,0.20411563955456247,0.1919750274179623,0.5629565776702038,0.3853082213270561,1.3727893876952826,0.1013567595282277
0.1447234741778945,0.14706284472710718,0.17777721026632395,0.24061912721044515,0.6639105701677024,1.3732394683455649,0.026306411402659335,0.1447234741778945,0.14706284472710718,0.17777721026632395,0.24061912721044515,0.6639105701677024,1.3732394683455649,0.026306411402659335
0.17055774360955298,0.10997749271632169,0.20703901255669774,0.2351184257489254,0.65122561979937,1.3089801519496171,0.0175694508451457,0.17055774360955298,0.10997749271632169,0.20703901255669774,0.2351184257489254,0.65122561979937,1.3089801519496171,0.0175694508451457
4.987225927914985e-18,5.645128601152618e-18,7.76580205829243e-18,1.9218675120384783e-17,4.051419866953274e-17,8.47285112886513e-17,1.5754970971512843,4.987225927914985e-18,5.645128601152618e-18,7.76580205829243e-18,1.9218675120384783e-17,4.051419866953274e-17,8.47285112886513e-17,1.5754970971512843
0.14354019149662398,0.1426494741290918,0.1733199014694549,0.23422318945357373,0.6657236213509345,1.415694242194219,0.04109203481388763,0.14354019149662398,0.1426494741290918,0.1733199014694549,0.23422318945357373,0.6657236213509345,1.415694242194219,0.04109203481388763
0.1543829379670973,0.12806926620385772,0.18137445082246403,0.21838446202696063,0.6644384370797861,1.4553319503794213,0.24379567477409214,0.1543829379670973,0.12806926620385772,0.18137445082246403,0.21838446202696063,0.6644384370797861,1.4553319503794213,0.24379567477409214
0.13773263754266693,0.14469667070451667,0.18638363955868273,0.17376277221698433,0.5945557799278254,1.2450720378258302,0.6916757010358874,0.13773263754266693,0.14469667070451667,0.18638363955868273,0.17376277221698433,0.5945557799278254,1.2450720378258302,0.6916757010358874
0.07407772367564275,0.15330925618133623,0.15288971862405254,0.21211580382006906,0.6480967287720815,1.4267510561934524,0.7173118468556707,0.07407772367564275,0.15330925618133623,0.15288971862405254,0.21211580382006906,0.6480967287720815,1.4267510561934524,0.7173118468556707
0.2026390616106759,0.31008831532192815,0.2681435728238878,0.3996901868979542,0.3190182208427003,1.460079672617327,0.7718914231958836,0.2026390616106759,0.31008831532192815,0.2681435728238878,0.3996901868979542,0.3190182208427003,1.460079672617327,0.7718914231958836
0.17810744516552499,0.0996903104877197,0.17504727650366733,0.23183858883189148,0.664894270492157,1.4123677103579224,0.06275063200667474,0.17810744516552499,0.0996903104877197,0.17504727650366733,0.23183858883189148,0.664894270492157,1.4123677103579224,0.06275063200667474
0.16783000568732812,0.1475606814853734,0.13948887291577028,0.22808831727086257,0.5858470930668472,1.1460280497992485,0.6036886243098974,0.16783000568732812,0.1475606814853734,0.13948887291577028,0.22808831727086257,0.5858470930668472,1.1460280497992485,0.6036886243098974
0.15107320154896994,0.12272541503093067,0.13468755439785007,0.1949134887530471,0.6427659447388545,1.4217136165808235,0.7683777740142048,0.15107320154896994,0.12272541503093067,0.13468755439785007,0.1949134887530471,0.6427659447388545,1.4217136165808235,0.7683777740142048
0.08438307070523623,0.13692060866042832,0.16514137213348018,0.2327059935375277,0.5540789270908922,1.0888445542559744,0.7520821394490191,0.08438307070523623,0.13692060866042832,0.16514137213348018,0.2327059935375277,0.5540789270908922,1.0888445542559744,0.7520821394490191
0.3704462156182559,0.1914808365307214,0.22042954607600881,0.4706118750639167,0.36103346313569457,1.486829153652856,0.0008902945788675115,0.3704462156182559,0.1914808365307214,0.22042954607600881,0.4706118750639167,0.36103346313569457,1.486829153652856,0.0008902945788675115
0.12864505857887468,0.12534211777681944,0.16273677930640132,0.20861047993405915,0.5959941530045076,1.2611518273618327,0.7054350812386876,0.12864505857887468,0.12534211777681944,0.16273677930640132,0.20861047993405915,0.5959941530045076,1.2611518273618327,0.7054350812386876
0.12638665824181827,0.1384656240971219,0.12760842413566387,0.23153644192702982,0.6345345574500559,1.393173787935907,0.5715282784290459,0.12638665824181827,0.1384656240971219,0.12760842413566387,0.23153644192702982,0.6345345574500559,1.393173787935907,0.5715282784290459
0.08882111777419992,0.08713557680417944,0.237725533040048,0.20385865473224668,0.6789274619964417,1.526961342645793,0.006700841610085289,0.08882111777419992,0.08713557680417944,0.237725533040048,0.20385865473224668,0.6789274619964417,1.526961342645793,0.006700841610085289
0.14762882098537336,0.16737567696168332,0.11993252264918253,0.22273649512697719,0.6559969126403663,1.3771627531216348,0.54282761275588,0.14762882098537336,0.16737567696168332,0.11993252264918253,0.22273649512697719,0.6559969126403663,1.3771627531216348,0.54282761275588
0.12591080779794278,0.07509057955286047,0.22288572772750523,0.2078160079807912,0.6780464475615424,1.5169105102394123,0.09685955373080564,0.12591080779794278,0.07509057955286047,0.22288572772750523,0.2078160079807912,0.6780464475615424,1.5169105102394123,0.09685955373080564
4.977342780359114e-18,5.60064053388183e-18,7.720447469213552e-18,2.0537138803782463e-17,4.453310589134404e-17,8.670582312106454e-17,1.636274277676866,4.977342780359114e-18,5.60064053388183e-18,7.720447469213552e-18,2.0537138803782463e-17,4.453310589134404e-17,8.670582312106454e-17,1.636274277676866
0.13845928690574222,0.13775733398178983,0.1468331307949022,0.23037367181422846,0.5831792109913029,1.1668409765578696,0.6672864516480564,0.13845928690574222,0.13775733398178983,0.1468331307949022,0.23037367181422846,0.5831792109913029,1.1668409765578696,0.6672864516480564
0.13454795558549584,0.14551225972502793,0.1781614874562666,0.20740326919374866,0.6711754777946541,1.488779479976929,0.24318304099817048,0.13454795558549584,0.14551225972502793,0.1781614874562666,0.20740326919374866,0.6711754777946541,1.488779479976929,0.24318304099817048
0.09059588327314845,0.1034642862185895,0.2331969906010949,0.2624697932049025,0.6478475325493518,1.287831387096981,0.016038140132803205,0.09059588327314845,0.1034642862185895,0.2331969906010949,0.2624697932049025,0.6478475325493518,1.287831387096981,0.016038140132803205
0.0731770083024708,0.09312664675611665,0.21592708342063713,0.21185106071278337,0.654338636559234,1.3737750139059621,0.6984243961190172,0.0731770083024708,0.09312664675611665,0.21592708342063713,0.21185106071278337,0.654338636559234,1.3737750139059621,0.6984243961190172
0.11428687884147869,0.14203090124988632,0.13919660647057297,0.2440319771299914,0.6030944972773059,1.2717992647599663,0.6405046517661583,0.11428687884147869,0.14203090124988632,0.13919660647057297,0.2440319771299914,0.6030944972773059,1.2717992647599663,0.6405046517661583
0.1453312410487005,0.11960041540295926,0.18049192465445688,0.2075032992771291,0.6305162750282437,1.3995359371067964,0.5567706876810893,0.1453312410487005,0.11960041540295926,0.18049192465445688,0.2075032992771291,0.6305162750282437,1.3995359371067964,0.5567706876810893
0.09974604945915383,0.09787982418138154,0.25965973412230064,0.16541848975660364,0.6769230034548936,1.5162854431418467,0.08662432553022849,0.09974604945915383,0.09787982418138154,0.25965973412230064,0.16541848975660364,0.6769230034548936,1.5162854431418467,0.08662432553022849
0.18480744490034057,0.15380886797030177,0.16110447877490028,0.17011674774734611,0.6775966852119863,1.5235879634883804,0.151095465854471,0.18480744490034057,0.15380886797030177,0.16110447877490028,0.17011674774734611,0.6775966852119863,1.5235879634883804,0.151095465854471
0.1835734966975026,0.12648979506983749,0.15777122642881844,0.21657467373729852,0.5091456175885989,0.901243775113085,0.720210618507317,0.1835734966975026,0.12648979506983749,0.15777122642881844,0.21657467373729852,0.5091456175885989,0.901243775113085,0.720210618507317
0.09142388685692572,0.13896266150899741,0.16965198772843376,0.24532253233703238,0.6253448754275702,1.4064493520219787,0.5667916199709478,0.09142388685692572,0.13896266150899741,0.16965198772843376,0.24532253233703238,0.6253448754275702,1.4064493520219787,0.5667916199709478
0.1430779864779502,0.10729049620668966,0.14662942490278308,0.18249937184762627,0.626930311180539,1.4627596217664247,0.7599461338496605,0.1430779864779502,0.10729049620668966,0.14662942490278308,0.18249937184762627,0.626930311180539,1.4627596217664247,0.7599461338496605
0.06977911308635333,0.09146006235834768,0.18986668359467432,0.22730290146106996,0.6116209977875253,1.3268236394941266,0.6735648022898969,0.06977911308635333,0.09146006235834768,0.18986668359467432,0.22730290146106996,0.6116209977875253,1.3268236394941266,0.6735648022898969
0.08273893716432407,0.1399510761759309,0.1674935877761692,0.23307941106822774,0.5806854936759352,1.2026437085238937,0.7139923727158749,0.08273893716432407,0.1399510761759309,0.1674935877761692,0.23307941106822774,0.5806854936759352,1.2026437085238937,0.7139923727158749
0.06596244024925427,0.045850677409441425,0.1407608406353364,0.3138698327240091,0.6667441720742792,1.4605241016926285,0.11217026636316763,0.06596244024925427,0.045850677409441425,0.1407608406353364,0.3138698327240091,0.6667441720742792,1.4605241016926285,0.11217026636316763
0.09552046035073002,0.1600053767968544,0.09735643096817188,0.21895108846758918,0.6210643375223808,1.413849771295908,0.7127239601720474,0.09552046035073002,0.1600053767968544,0.09735643096817188,0.21895108846758918,0.6210643375223808,1.413849771295908,0.7127239601720474
0.1485290024989281,0.13303509655229961,0.10313326127750232,0.23312536344331242,0.6252902519895909,1.3598844575777425,0.6019034890550976,0.1485290024989281,0.13303509655229961,0.10313326127750232,0.23312536344331242,0.6252902519895909,1.3598844575777425,0.6019034890550976
0.14124336410044872,0.12050155793409041,0.13035268602063968,0.23821188118231737,0.6079170132709961,1.2722807062211317,0.647293840455725,0.14124336410044872,0.12050155793409041,0.13035268602063968,0.23821188118231737,0.6079170132709961,1.2722807062211317,0.647293840455725
0.17388985596655587,0.10341524316677159,0.17613804763393992,0.21893800897983026,0.6414659004564461,1.3503996981406183,0.4036108619958788,0.17388985596655587,0.10341524316677159,0.17613804763393992,0.21893800897983026,0.6414659004564461,1.3503996981406183,0.4036108619958788
0.1488900101383022,0.14810165685020638,0.15559786019268634,0.2194285807090902,0.6089977745737373,1.1879293145445062,0.6825798137101912,0.1488900101383022,0.14810165685020638,0.15559786019268634,0.2194285807090902,0.6089977745737373,1.1879293145445062,0.6825798137101912
0.18961838150698213,0.21294039224337608,0.4105110210376848,0.4035806890793373,0.3919432215644297,1.3587546235505372,0.04994573238822696,0.18961838150698213,0.21294039224337608,0.4105110210376848,0.4035806890793373,0.3919432215644297,1.3587546235505372,0.04994573238822696
0.14152619542756328,0.19136976031251718,0.21953789754813802,0.28914280786249963,0.5947287735777863,1.0326880560702716,0.0,0.14152619542756328,0.19136976031251718,0.21953789754813802,0.28914280786249963,0.5947287735777863,1.0326880560702716,0.0
0.14352655658296484,0.1444754471854196,0.19781489365679772,0.26445175540122856,0.5404523584892816,0.9269174196017421,0.5383448305998503,0.14352655658296484,0.1444754471854196,0.19781489365679772,0.26445175540122856,0.5404523584892816,0.9269174196017421,0.5383448305998503
0.13260607405274652,0.13328656024884034,0.15859384222838482,0.2042062790662977,0.5960578923158332,1.310972212607286,0.7369282355884841,0.13260607405274652,0.13328656024884034,0.15859384222838482,0.2042062790662977,0.5960578923158332,1.310972212607286,0.7369282355884841
0.1443418856849182,0.1423297789074875,0.2059757071415077,0.1941439512870453,0.5774350754128093,1.126802510695103,0.6301291452835452,0.1443418856849182,0.1423297789074875,0.2059757071415077,0.1941439512870453,0.5774350754128093,1.126802510695103,0.6301291452835452
0.20788205106385593,0.1541914034172846,0.24038756886609097,0.2606789588249567,0.5948503918029682,0.959626421634237,0.24224281864588335,0.20788205106385593,0.1541914034172846,0.24038756886609097,0.2606789588249567,0.5948503918029682,0.959626421634237,0.24224281864588335
0.16280224961096618,0.16876142676728453,0.21863335457103147,0.21314474964058924,0.6388045434275016,1.2600661125097425,0.1261741709848232,0.16280224961096618,0.16876142676728453,0.21863335457103147,0.21314474964058924,0.6388045434275016,1.2600661125097425,0.1261741709848232
0.1747854912111222,0.15893945265362916,0.14483674718907355,0.2513748242037623,0.5644100442715603,1.159579777980434,0.6398261152525782,0.1747854912111222,0.15893945265362916,0.14483674718907355,0.2513748242037623,0.5644100442715603,1.159579777980434,0.6398261152525782
0.32263679003014306,0.37102295649659395,0.28431745943001907,0.3051782175293166,0.3165896347000245,1.525386605806257,0.5863371784117414,0.32263679003014306,0.37102295649659395,0.28431745943001907,0.3051782175293166,0.3165896347000245,1.525386605806257,0.5863371784117414
0.360756434377704,0.18708459129413926,0.21782974314495396,0.4600601114185099,0.38571511166478123,1.4567484919276474,0.0,0.360756434377704,0.18708459129413926,0.21782974314495396,0.4600601114185099,0.38571511166478123,1.4567484919276474,0.0
0.06853712440305135,0.1146223833886602,0.21524369897012094,0.171061811034366,0.5316179335482134,1.0672541572946541,0.8702850034262557,0.06853712440305135,0.1146223833886602,0.21524369897012094,0.171061811034366,0.5316179335482134,1.0672541572946541,0.8702850034262557
0.13142110466668946,0.1341296429661987,0.16860325435644558,0.23866526490577203,0.5950642880169612,1.1473070456400827,0.6469743369784013,0.13142110466668946,0.1341296429661987,0.16860325435644558,0.23866526490577203,0.5950642880169612,1.1473070456400827,0.6469743369784013
0.2571985911444344,0.20584057967202454,0.2606151383796448,0.37160786195156525,0.3929895855919823,1.0488410716814864,0.5984122229559866,0.2571985911444344,0.20584057967202454,0.2606151383796448,0.37160786195156525,0.3929895855919823,1.0488410716814864,0.5984122229559866
0.1383706978079215,0.1419173740336374,0.17298740718729336,0.19401713658290223,0.6029198177552495,1.2649746557220172,0.6547016107746553,0.1383706978079215,0.1419173740336374,0.17298740718729336,0.19401713658290223,0.6029198177552495,1.2649746557220172,0.6547016107746553
0.1309367082695906,0.13031888903980562,0.15492736605930785,0.24941999757715066,0.673620489022227,1.5418395718127684,0.07567707638826057,0.1309367082695906,0.13031888903980562,0.15492736605930785,0.24941999757715066,0.673620489022227,1.5418395718127684,0.07567707638826057
0.1318855296848259,0.22763612555475268,0.1716104021262162,0.5611724469913325,0.38874592855019136,1.3548461325743193,0.07128308534357689,0.1318855296848259,0.22763612555475268,0.1716104021262162,0.5611724469913325,0.38874592855019136,1.3548461325743193,0.07128308534357689
0.08646772951482752,0.05163948806921714,0.10252765311850694,0.26911892794618203,0.5987313759802594,1.3186914182595875,0.7661367328077434,0.08646772951482752,0.05163948806921714,0.10252765311850694,0.26911892794618203,0.5987313759802594,1.3186914182595875,0.7661367328077434
0.1831613581974857,0.1576568391236381,0.17152726978196892,0.2125905005861253,0.6581440609088458,1.3567285036141374,0.05091643812115227,0.1831613581974857,0.1576568391236381,0.17152726978196892,0.2125905005861253,0.6581440609088458,1.3567285036141374,0.05091643812115227
0.17179297553864864,0.15296588980228193,0.14497990605174965,0.2265742564545252,0.627179443878839,1.2965420281589837,0.5291288009044468,0.17179297553864864,0.15296588980228193,0.14497990605174965,0.2265742564545252,0.627179443878839,1.2965420281589837,0.5291288009044468
0.15449143870277846,0.12824939270246535,0.18145330442914934,0.21872251502873152,0.6631346281810164,1.4513622197131668,0.2432031038004243,0.15449143870277846,0.12824939270246535,0.18145330442914934,0.21872251502873152,0.6631346281810164,1.4513622197131668,0.2432031038004243
0.13251168480397438,0.14777599402484004,0.10642555759848785,0.23313578769845159,0.6159699887309495,1.320745968028693,0.6332904598409379,0.13251168480397438,0.14777599402484004,0.10642555759848785,0.23313578769845159,0.6159699887309495,1.320745968028693,0.6332904598409379
0.07402471827379235,0.10776703428853705,0.2052318410791786,0.25671593222648453,0.5664475994541674,1.0771680384530182,0.6314443827784925,0.07402471827379235,0.10776703428853705,0.2052318410791786,0.25671593222648453,0.5664475994541674,1.0771680384530182,0.6314443827784925
0.1617044867342412,0.15286291483560704,0.1718480566757612,0.2478402513726111,0.4793923709448035,0.7856892409783978,0.6626200613973506,0.1617044867342412,0.15286291483560704,0.1718480566757612,0.2478402513726111,0.4793923709448035,0.7856892409783978,0.6626200613973506
0.08850483122058533,0.14343995198072848,0.14571603985219594,0.22970544903360912,0.6092385571839691,1.3097451987049153,0.6694432025759484,0.08850483122058533,0.14343995198072848,0.14571603985219594,0.22970544903360912,0.6092385571839691,1.3097451987049153,0.6694432025759484
0.31751749319654,0.16296839429869256,0.3850759330886587,0.43194959082699225,0.33640887083106397,1.5621940943854342,0.08465452100399705,0.31751749319654,0.16296839429869256,0.3850759330886587,0.43194959082699225,0.33640887083106397,1.5621940943854342,0.08465452100399705
0.15337823268135134,0.08812124001559837,0.16033108527144857,0.24368488239475417,0.596869680622004,1.1847783327268955,0.6489052712028046,0.15337823268135134,0.08812124001559837,0.16033108527144857,0.24368488239475417,0.596869680622004,1.1847783327268955,0.6489052712028046
0.14359216541049988,0.1302372888728046,0.1809061862986589,0.22798034906403192,0.5798601893645159,1.1231529294667495,0.6129563087072484,0.14359216541049988,0.1302372888728046,0.1809061862986589,0.22798034906403192,0.5798601893645159,1.1231529294667495,0.6129563087072484
0.14462381461249402,0.12486589867520259,0.1847296784045903,0.22750740942725697,0.5905624991218414,1.1575053129190536,0.588402178736726,0.14462381461249402,0.12486589867520259,0.1847296784045903,0.22750740942725697,0.5905624991218414,1.1575053129190536,0.588402178736726
0.11745259995287563,0.11999284263812914,0.15211035254763847,0.18244657132380843,0.6201496274284424,1.4573175044801971,0.7834752274876607,0.11745259995287563,0.11999284263812914,0.15211035254763847,0.18244657132380843,0.6201496274284424,1.4573175044801971,0.7834752274876607
0.14965777383753248,0.1726948224450053,0.12626322435544907,0.2180855379833489,0.6401069413197708,1.2916405663915462,0.6260079724422013,0.14965777383753248,0.1726948224450053,0.12626322435544907,0.2180855379833489,0.6401069413197708,1.2916405663915462,0.6260079724422013
0.17269502562502187,0.10364000056101853,0.19188961777887376,0.2612242136720045,0.6410606813645676,1.2883899480430205,0.1597095103564177,0.17269502562502187,0.10364000056101853,0.19188961777887376,0.2612242136720045,0.6410606813645676,1.2883899480430205,0.1597095103564177
0.16983494110420685,0.13089135573228602,0.15202141827999024,0.24103535685501493,0.6644414332452604,1.4042315946392088,0.05213487133331085,0.16983494110420685,0.13089135573228602,0.15202141827999024,0.24103535685501493,0.6644414332452604,1.4042315946392088,0.05213487133331085
0.133585155986893,0.065640632471335,0.12700898591186482,0.23356131334685795,0.6200737098475733,1.403827249332765,0.713489811461755,0.133585155986893,0.065640632471335,0.12700898591186482,0.23356131334685795,0.6200737098475733,1.403827249332765,0.713489811461755
0.25750259805631837,0.1541094374284927,0.2844763170979653,0.418052432576559,0.35044130902034076,1.2550148524315485,0.6572533412319904,0.25750259805631837,0.1541094374284927,0.2844763170979653,0.418052432576559,0.35044130902034076,1.2550148524315485,0.6572533412319904
0.14022377701146485,0.117012198500513,0.18543987862195024,0.2180652947916911,0.5856158422615461,1.1664026709352902,0.6445734797893691,0.14022377701146485,0.117012198500513,0.18543987862195024,0.2180652947916911,0.5856158422615461,1.1664026709352902,0.6445734797893691
0.10201680019934152,0.05367414197278842,0.19876651054157465,0.2168672658827181,0.6005298759382697,1.2947668060444542,0.7142680541778368,0.10201680019934152,0.05367414197278842,0.19876651054157465,0.2168672658827181,0.6005298759382697,1.2947668060444542,0.7142680541778368
0.1137721236616508,0.09362201960201995,0.09724013981556466,0.2992341741905365,0.601927701605169,1.1431269816983365,0.6792545010084298,0.1137721236616508,0.09362201960201995,0.09724013981556466,0.2992341741905365,0.601927701605169,1.1431269816983365,0.6792545010084298
0.10039298300060033,0.16011530812363445,0.1929157709974216,0.23682914949225878,0.6621744371770004,1.3886668416316394,0.033726687302768,0.10039298300060033,0.16011530812363445,0.1929157709974216,0.23682914949225878,0.6621744371770004,1.3886668416316394,0.033726687302768
0.16095101394954023,0.10843584827772845,0.15243682668951108,0.26635767471811134,0.5690780180444002,1.0749805790993257,0.5921833498829197,0.16095101394954023,0.10843584827772845,0.15243682668951108,0.26635767471811134,0.5690780180444002,1.0749805790993257,0.5921833498829197
0.1551347414551137,0.14717605233224748,0.1781990476145243,0.1748321519489424,0.6597356305115035,1.4801911446028395,0.41202365299459104,0.1551347414551137,0.14717605233224748,0.1781990476145243,0.1748321519489424,0.6597356305115035,1.4801911446028395,0.41202365299459104
0.13397183098932344,0.13682500529994895,0.14935874533914725,0.22810217118286968,0.6080523684734123,1.2594473620244977,0.653657767731232,0.13397183098932344,0.13682500529994895,0.14935874533914725,0.22810217118286968,0.6080523684734123,1.2594473620244977,0.653657767731232
0.20944756438164686,0.13432747683522686,0.3635332886763088,0.2920723344466899,0.35164914366759875,0.9305107740136324,0.7931686373690926,0.20944756438164686,0.13432747683522686,0.3635332886763088,0.2920723344466899,0.35164914366759875,0.9305107740136324,0.7931686373690926
0.1428587096273696,0.12281697735606438,0.194885911806958,0.18216159760920642,0.5354824720188077,1.0288327761265923,0.7785458490827094,0.1428587096273696,0.12281697735606438,0.194885911806958,0.18216159760920642,0.5354824720188077,1.0288327761265923,0.7785458490827094
0.13767638173005767,0.1348143504688649,0.16312134190322541,0.25010294014215395,0.6682221756732456,1.4537749277200545,0.004122428531731901,0.13767638173005767,0.1348143504688649,0.16312134190322541,0.25010294014215395,0.6682221756732456,1.4537749277200545,0.004122428531731901
0.1424572225952129,0.12395393852729879,0.14323548678031298,0.1984610628866937,0.6123959060851112,1.3582578743968698,0.712232680198132,0.1424572225952129,0.12395393852729879,0.14323548678031298,0.1984610628866937,0.6123959060851112,1.3582578743968698,0.712232680198132
0.0858803203642337,0.15081454671440303,0.1954044513082162,0.195632120986252,0.6861955209713444,1.5984993791645286,0.017270971088200235,0.0858803203642337,0.15081454671440303,0.1954044513082162,0.195632120986252,0.6861955209713444,1.5984993791645286,0.017270971088200235
0.12945640944985715,0.17851805609509766,0.19222409004524454,0.25783843391573585,0.6354530817724656,1.2147337048693705,0.0692651998383562,0.12945640944985715,0.17851805609509766,0.19222409004524454,0.25783843391573585,0.6354530817724656,1.2147337048693705,0.0692651998383562
0.13565100741526526,0.11192243628529815,0.15904985413477588,0.1972499844284791,0.6019645133963669,1.3173026382667414,0.7505833502318152,0.13565100741526526,0.11192243628529815,0.15904985413477588,0.1972499844284791,0.6019645133963669,1.3173026382667414,0.7505833502318152
0.22668815992756672,0.2628238526655462,0.34072568671926684,0.3553981231351913,0.43125789445243473,1.1155077169941243,0.06542766899791427,0.22668815992756672,0.2628238526655462,0.34072568671926684,0.3553981231351913,0.43125789445243473,1.1155077169941243,0.06542766899791427
0.19005040468970877,0.1701823174254284,0.19341612459776517,0.28559494138288727,0.6171969180367262,1.0514752104601754,0.03472506298302394,0.19005040468970877,0.1701823174254284,0.19341612459776517,0.28559494138288727,0.6171969180367262,1.0514752104601754,0.03472506298302394
5.232537735761439e-18,5.889797631516066e-18,8.092880379355324e-18,1.950126882590448e-17,4.0132844767826345e-17,8.200889557094143e-17,1.535828470540113,5.232537735761439e-18,5.889797631516066e-18,8.092880379355324e-18,1.950126882590448e-17,4.0132844767826345e-17,8.200889557094143e-17,1.535828470540113
0.17024567198892412,0.14323151651545443,0.12767576618669613,0.21521125740981212,0.6038075255487398,1.254321044530263,0.6260329372441784,0.17024567198892412,0.14323151651545443,0.12767576618669613,0.21521125740981212,0.6038075255487398,1.254321044530263,0.6260329372441784
0.16154723867914728,0.13927441244903782,0.18131552727550912,0.23518720180764208,0.6570845317178503,1.3491952025965204,0.0816485175025659,0.16154723867914728,0.13927441244903782,0.18131552727550912,0.23518720180764208,0.6570845317178503,1.3491952025965204,0.0816485175025659
0.1422202014328893,0.14864720535398318,0.20875902453921577,0.2038233230139726,0.5689735524579216,1.0721096890636372,0.6071010014630193,0.1422202014328893,0.14864720535398318,0.20875902453921577,0.2038233230139726,0.5689735524579216,1.0721096890636372,0.6071010014630193
0.14571642679568003,0.16835441234570836,0.1563362906100122,0.14841948642001004,0.6142218547039436,1.3406444252108378,0.7510710036162962,0.14571642679568003,0.16835441234570836,0.1563362906100122,0.14841948642001004,0.6142218547039436,1.3406444252108378,0.7510710036162962
0.1700552377383572,0.127849705934743,0.18201651422227483,0.17216837095081994,0.5897406810962551,1.210033370125619,0.6825919325182733,0.1700552377383572,0.127849705934743,0.18201651422227483,0.17216837095081994,0.5897406810962551,1.210033370125619,0.6825919325182733
0.17485582908115188,0.19414295771596576,0.16665763027470762,0.2377759806997881,0.6328332171169474,1.2047392581340146,0.11241613112606662,0.17485582908115188,0.19414295771596576,0.16665763027470762,0.2377759806997881,0.6328332171169474,1.2047392581340146,0.11241613112606662
0.14107009133143408,0.12718019562919275,0.1939975953347046,0.2276532665302869,0.6660020734239736,1.4178378805552212,0.03428600226339857,0.14107009133143408,0.12718019562919275,0.1939975953347046,0.2276532665302869,0.6660020734239736,1.4178378805552212,0.03428600226339857
0.15847016476837325,0.08516307831293932,0.1627972628555893,0.2021970523408876,0.6118640557767141,1.3311935174015215,0.6893277775695005,0.15847016476837325,0.08516307831293932,0.1627972628555893,0.2021970523408876,0.6118640557767141,1.3311935174015215,0.6893277775695005
0.1632806269055757,0.08545255353944835,0.18610953675017158,0.21684783611726222,0.6773631103853676,1.5111029695912959,0.035723196893635935,0.1632806269055757,0.08545255353944835,0.18610953675017158,0.21684783611726222,0.6773631103853676,1.5111029695912959,0.035723196893635935
